task,architecture,anchor_family,treatment,k,metric,n,mean,ci_low,ci_high
single_shape,bn2_w16_gap,not_applicable,release_default,0,centered_logit_fidelity,100,0.0,0.0,0.0
single_shape,bn2_w16_gap,not_applicable,release_default,1,centered_logit_fidelity,100,0.0,0.0,0.0
single_shape,bn2_w16_gap,not_applicable,release_default,2,centered_logit_fidelity,100,0.09744179640339237,0.08178224302042165,0.11377456804395097
single_shape,bn2_w16_gap,not_applicable,release_default,3,centered_logit_fidelity,100,0.2649076587832488,0.2318366832737009,0.29938507903620826
single_shape,bn2_w16_gap,not_applicable,release_default,4,centered_logit_fidelity,100,0.5980581492766169,0.545167148094993,0.6510322288076754
single_shape,bn2_w16_gap,not_applicable,release_default,5,centered_logit_fidelity,100,1.180628364543358,1.0863164919882302,1.2761039805862984
single_shape,bn2_w16_gap,not_applicable,release_default,6,centered_logit_fidelity,100,1.9455569375830644,1.8093298336735797,2.086258642144641
single_shape,bn2_w16_gap,not_applicable,release_default,7,centered_logit_fidelity,100,2.878140269905121,2.688088224211389,3.0704489506809507
single_shape,bn2_w16_gap,not_applicable,release_default,8,centered_logit_fidelity,100,3.979390613639986,3.7232702740568158,4.247278169350712
single_shape,bn2_w16_gap,not_applicable,release_default,9,centered_logit_fidelity,100,5.338782819219488,4.992679180015198,5.701852066634737
single_shape,bn2_w16_gap,not_applicable,release_default,10,centered_logit_fidelity,100,6.895161841465844,6.459137562357346,7.352900953848254
single_shape,bn2_w16_gap,not_applicable,release_default,11,centered_logit_fidelity,100,8.6198177366063,8.092640153071098,9.180530057407378
single_shape,bn2_w16_gap,not_applicable,release_default,12,centered_logit_fidelity,100,10.742071957556345,10.08875179458595,11.438531635282642
single_shape,bn2_w16_gap,not_applicable,release_default,13,centered_logit_fidelity,100,13.327628851308038,12.544025874187312,14.139248121132765
single_shape,bn2_w16_gap,not_applicable,release_default,14,centered_logit_fidelity,100,16.376998347021367,15.439997665050274,17.357225947670443
single_shape,bn2_w16_gap,not_applicable,release_default,15,centered_logit_fidelity,100,19.975196498029533,18.83576260385709,21.142362662349782
single_shape,bn2_w16_gap,not_applicable,release_default,16,centered_logit_fidelity,100,23.837315777006598,22.48763962524918,25.2285757946581
single_shape,bn2_w16_gap,not_applicable,retention_1,0,centered_logit_fidelity,100,0.0,0.0,0.0
single_shape,bn2_w16_gap,not_applicable,retention_1,1,centered_logit_fidelity,100,0.0,0.0,0.0
single_shape,bn2_w16_gap,not_applicable,retention_1,2,centered_logit_fidelity,100,0.49245767205205565,0.45640381432930666,0.5294728663707047
single_shape,bn2_w16_gap,not_applicable,retention_1,3,centered_logit_fidelity,100,0.6682700889441345,0.6172412772592838,0.7205977271340795
single_shape,bn2_w16_gap,not_applicable,retention_1,4,centered_logit_fidelity,100,1.2689500411918484,1.1731547657880248,1.3628930802034642
single_shape,bn2_w16_gap,not_applicable,retention_1,5,centered_logit_fidelity,100,2.173206334027409,2.042972090585304,2.3099596217958704
single_shape,bn2_w16_gap,not_applicable,retention_1,6,centered_logit_fidelity,100,3.1097605077234585,2.9400002500446965,3.290193079418879
single_shape,bn2_w16_gap,not_applicable,retention_1,7,centered_logit_fidelity,100,4.240593504103034,4.0130252705167075,4.475965998833914
single_shape,bn2_w16_gap,not_applicable,retention_1,8,centered_logit_fidelity,100,4.942861225632626,4.650397544071809,5.254635766071609
single_shape,bn2_w16_gap,not_applicable,retention_1,9,centered_logit_fidelity,100,6.824579841613512,6.4128175552931515,7.254576037775952
single_shape,bn2_w16_gap,not_applicable,retention_1,10,centered_logit_fidelity,100,8.871178862775828,8.343383907266826,9.403520826475614
single_shape,bn2_w16_gap,not_applicable,retention_1,11,centered_logit_fidelity,100,11.170943508144216,10.519864210880323,11.869082244901334
single_shape,bn2_w16_gap,not_applicable,retention_1,12,centered_logit_fidelity,100,13.664054640173203,12.837070548659625,14.541297493445477
single_shape,bn2_w16_gap,not_applicable,retention_1,13,centered_logit_fidelity,100,16.6603356826479,15.656764224270496,17.701800962052683
single_shape,bn2_w16_gap,not_applicable,retention_1,14,centered_logit_fidelity,100,20.340240212995074,19.099209263737798,21.63773354958845
single_shape,bn2_w16_gap,not_applicable,retention_1,15,centered_logit_fidelity,100,25.61464413209447,24.100251821709918,27.1842257303121
single_shape,bn2_w16_gap,not_applicable,retention_1,16,centered_logit_fidelity,100,30.917807175614463,29.179031859207583,32.79076149053746
single_shape,bn2_w16_gmp,not_applicable,release_default,0,centered_logit_fidelity,100,0.0,0.0,0.0
single_shape,bn2_w16_gmp,not_applicable,release_default,1,centered_logit_fidelity,100,0.0,0.0,0.0
single_shape,bn2_w16_gmp,not_applicable,release_default,2,centered_logit_fidelity,100,-0.04733707713661145,-0.05186615513517048,-0.042740861033025
single_shape,bn2_w16_gmp,not_applicable,release_default,3,centered_logit_fidelity,100,-0.07095721624741005,-0.077319228893471,-0.0643645380822412
single_shape,bn2_w16_gmp,not_applicable,release_default,4,centered_logit_fidelity,100,-0.04847626798286923,-0.05719855646993316,-0.03955029903196656
single_shape,bn2_w16_gmp,not_applicable,release_default,5,centered_logit_fidelity,100,0.02398137559889777,0.012346575208294469,0.03629999480157819
single_shape,bn2_w16_gmp,not_applicable,release_default,6,centered_logit_fidelity,100,0.14999020745688518,0.1332311065010026,0.16811885741783142
single_shape,bn2_w16_gmp,not_applicable,release_default,7,centered_logit_fidelity,100,0.337643669113578,0.3099896908303338,0.36573294513502064
single_shape,bn2_w16_gmp,not_applicable,release_default,8,centered_logit_fidelity,100,0.5840568419062575,0.5462487900955054,0.6243761453650869
single_shape,bn2_w16_gmp,not_applicable,release_default,9,centered_logit_fidelity,100,0.9181727902616436,0.8677870313764211,0.9712444308100521
single_shape,bn2_w16_gmp,not_applicable,release_default,10,centered_logit_fidelity,100,1.3174313725860205,1.2547115804829876,1.383894127320272
single_shape,bn2_w16_gmp,not_applicable,release_default,11,centered_logit_fidelity,100,1.7859393644150818,1.7070883983634833,1.8662607854435163
single_shape,bn2_w16_gmp,not_applicable,release_default,12,centered_logit_fidelity,100,2.332619743596852,2.2365328703009233,2.4317488808239385
single_shape,bn2_w16_gmp,not_applicable,release_default,13,centered_logit_fidelity,100,2.9570168207111607,2.8433930570958954,3.0765615775943034
single_shape,bn2_w16_gmp,not_applicable,release_default,14,centered_logit_fidelity,100,3.685027003715407,3.5434943730158928,3.8282529030057546
single_shape,bn2_w16_gmp,not_applicable,release_default,15,centered_logit_fidelity,100,4.509664527748563,4.342343346053844,4.6819887598423175
single_shape,bn2_w16_gmp,not_applicable,release_default,16,centered_logit_fidelity,100,5.428181966302277,5.235092215773684,5.624943654953309
single_shape,bn2_w16_gmp,not_applicable,retention_1,0,centered_logit_fidelity,100,0.0,0.0,0.0
single_shape,bn2_w16_gmp,not_applicable,retention_1,1,centered_logit_fidelity,100,0.0,0.0,0.0
single_shape,bn2_w16_gmp,not_applicable,retention_1,2,centered_logit_fidelity,100,-0.04242609015067374,-0.04903683455722241,-0.03553332648353534
single_shape,bn2_w16_gmp,not_applicable,retention_1,3,centered_logit_fidelity,100,-0.024848217951107636,-0.036496453113261086,-0.013199191000515392
single_shape,bn2_w16_gmp,not_applicable,retention_1,4,centered_logit_fidelity,100,0.02396829605373799,0.006580205450765853,0.04266820128811596
single_shape,bn2_w16_gmp,not_applicable,retention_1,5,centered_logit_fidelity,100,0.1707184394197382,0.14573122358220103,0.1970026470489857
single_shape,bn2_w16_gmp,not_applicable,retention_1,6,centered_logit_fidelity,100,0.38404267686823224,0.3481217408452558,0.41946540614088146
single_shape,bn2_w16_gmp,not_applicable,retention_1,7,centered_logit_fidelity,100,0.6860948119338901,0.6385945724904086,0.7357755245000577
single_shape,bn2_w16_gmp,not_applicable,retention_1,8,centered_logit_fidelity,100,1.0702236517982455,1.006022405382174,1.1361498025847316
single_shape,bn2_w16_gmp,not_applicable,retention_1,9,centered_logit_fidelity,100,1.5440671068388894,1.459960851128013,1.6339273136037464
single_shape,bn2_w16_gmp,not_applicable,retention_1,10,centered_logit_fidelity,100,2.181543757949367,2.0729874883757375,2.2940423069924814
single_shape,bn2_w16_gmp,not_applicable,retention_1,11,centered_logit_fidelity,100,2.8914248078771543,2.7546343256587895,3.0328981234423225
single_shape,bn2_w16_gmp,not_applicable,retention_1,12,centered_logit_fidelity,100,3.7057479759695275,3.535567074755236,3.8778075686570284
single_shape,bn2_w16_gmp,not_applicable,retention_1,13,centered_logit_fidelity,100,4.594168627681324,4.3876003377100306,4.8055684650428505
single_shape,bn2_w16_gmp,not_applicable,retention_1,14,centered_logit_fidelity,100,5.634705150804226,5.392295152445667,5.886539596115021
single_shape,bn2_w16_gmp,not_applicable,retention_1,15,centered_logit_fidelity,100,6.815093079820446,6.535628210397734,7.114049920577879
single_shape,bn2_w16_gmp,not_applicable,retention_1,16,centered_logit_fidelity,100,8.304496038213635,7.961994562798039,8.654062286213446
single_shape,bn4_w16_gap,not_applicable,release_default,0,centered_logit_fidelity,100,0.0,0.0,0.0
single_shape,bn4_w16_gap,not_applicable,release_default,1,centered_logit_fidelity,100,0.0,0.0,0.0
single_shape,bn4_w16_gap,not_applicable,release_default,2,centered_logit_fidelity,100,-0.0531362283145855,-0.09081896448075896,-0.014069529305877312
single_shape,bn4_w16_gap,not_applicable,release_default,3,centered_logit_fidelity,100,-0.18265313201468783,-0.2725718916708417,-0.09223468908199178
single_shape,bn4_w16_gap,not_applicable,release_default,4,centered_logit_fidelity,100,0.40163387916339666,0.27939785626375774,0.5235226088246225
single_shape,bn4_w16_gap,not_applicable,release_default,5,centered_logit_fidelity,100,1.606731052937159,1.4282783736520552,1.8022070247691904
single_shape,bn4_w16_gap,not_applicable,release_default,6,centered_logit_fidelity,100,3.0767667567624954,2.8170564815216754,3.362921433011112
single_shape,bn4_w16_gap,not_applicable,release_default,7,centered_logit_fidelity,100,5.070497881057519,4.706311438844695,5.4709448054098315
single_shape,bn4_w16_gap,not_applicable,release_default,8,centered_logit_fidelity,100,7.734212337520602,7.189055156643653,8.329179203068275
single_shape,bn4_w16_gap,not_applicable,release_default,9,centered_logit_fidelity,100,10.590893410570994,9.87128966095153,11.376249150122007
single_shape,bn4_w16_gap,not_applicable,release_default,10,centered_logit_fidelity,100,13.934332136838153,12.999751982105046,14.928062619002713
single_shape,bn4_w16_gap,not_applicable,release_default,11,centered_logit_fidelity,100,17.69215295998889,16.55396455224434,18.9382952275928
single_shape,bn4_w16_gap,not_applicable,release_default,12,centered_logit_fidelity,100,21.98035454083596,20.60073125020773,23.451640331713808
single_shape,bn4_w16_gap,not_applicable,release_default,13,centered_logit_fidelity,100,26.70508648153735,24.97130636341568,28.60467747260876
single_shape,bn4_w16_gap,not_applicable,release_default,14,centered_logit_fidelity,100,31.822598249160155,29.731564643715917,34.02265717228302
single_shape,bn4_w16_gap,not_applicable,release_default,15,centered_logit_fidelity,100,37.53873430304489,35.11636491734449,40.20147203995735
single_shape,bn4_w16_gap,not_applicable,release_default,16,centered_logit_fidelity,100,43.480382520349934,40.673678269587214,46.45429542845028
single_shape,bn4_w16_gap,not_applicable,retention_1,0,centered_logit_fidelity,100,0.0,0.0,0.0
single_shape,bn4_w16_gap,not_applicable,retention_1,1,centered_logit_fidelity,100,0.0,0.0,0.0
single_shape,bn4_w16_gap,not_applicable,retention_1,2,centered_logit_fidelity,100,0.0008860517349379587,-0.05325419917339634,0.053872189599567036
single_shape,bn4_w16_gap,not_applicable,retention_1,3,centered_logit_fidelity,100,-0.1520159208451048,-0.2670638289923885,-0.030590567835302708
single_shape,bn4_w16_gap,not_applicable,retention_1,4,centered_logit_fidelity,100,-0.00036429022455110706,-0.16989783024198832,0.17271990140038276
single_shape,bn4_w16_gap,not_applicable,retention_1,5,centered_logit_fidelity,100,1.7714244442499705,1.5571279868049002,1.991614854556254
single_shape,bn4_w16_gap,not_applicable,retention_1,6,centered_logit_fidelity,100,4.143768144800626,3.8073006605456436,4.499711876758621
single_shape,bn4_w16_gap,not_applicable,retention_1,7,centered_logit_fidelity,100,6.7353579424287275,6.309446227449504,7.1730435650404445
single_shape,bn4_w16_gap,not_applicable,retention_1,8,centered_logit_fidelity,100,10.733920394865251,10.086939731357475,11.415552596988842
single_shape,bn4_w16_gap,not_applicable,retention_1,9,centered_logit_fidelity,100,13.919959494753998,13.065973812108313,14.816827683969176
single_shape,bn4_w16_gap,not_applicable,retention_1,10,centered_logit_fidelity,100,18.00572042015913,16.904500447417135,19.19793551555228
single_shape,bn4_w16_gap,not_applicable,retention_1,11,centered_logit_fidelity,100,22.788077787652156,21.400111877358665,24.2737142791058
single_shape,bn4_w16_gap,not_applicable,retention_1,12,centered_logit_fidelity,100,27.70705657009054,26.00678240712668,29.58443660175104
single_shape,bn4_w16_gap,not_applicable,retention_1,13,centered_logit_fidelity,100,33.1414801852642,31.07866108270618,35.26471666077978
single_shape,bn4_w16_gap,not_applicable,retention_1,14,centered_logit_fidelity,100,39.1752495964322,36.85268247379321,41.63216181240975
single_shape,bn4_w16_gap,not_applicable,retention_1,15,centered_logit_fidelity,100,45.414207853473414,42.68941419725353,48.267185671401045
single_shape,bn4_w16_gap,not_applicable,retention_1,16,centered_logit_fidelity,100,52.65709556068691,49.436579833931454,56.2095383410317
single_shape,bn4_w16_gmp,not_applicable,release_default,0,centered_logit_fidelity,100,0.0,0.0,0.0
single_shape,bn4_w16_gmp,not_applicable,release_default,1,centered_logit_fidelity,100,0.0,0.0,0.0
single_shape,bn4_w16_gmp,not_applicable,release_default,2,centered_logit_fidelity,100,-0.03346132720610369,-0.038018554346963294,-0.029031723699738755
single_shape,bn4_w16_gmp,not_applicable,release_default,3,centered_logit_fidelity,100,-0.046729217727220614,-0.05276166939505277,-0.04074457910619325
single_shape,bn4_w16_gmp,not_applicable,release_default,4,centered_logit_fidelity,100,-0.033897500062489705,-0.0424148528897202,-0.025245988286314004
single_shape,bn4_w16_gmp,not_applicable,release_default,5,centered_logit_fidelity,100,0.02674171147977925,0.010195856761195566,0.046684762648774455
single_shape,bn4_w16_gmp,not_applicable,release_default,6,centered_logit_fidelity,100,0.13620122977489013,0.11204237137948973,0.1640349996009367
single_shape,bn4_w16_gmp,not_applicable,release_default,7,centered_logit_fidelity,100,0.3140745706791832,0.28168592071806187,0.35020514430915395
single_shape,bn4_w16_gmp,not_applicable,release_default,8,centered_logit_fidelity,100,0.5560583433230406,0.49998724767204034,0.6248066418740932
single_shape,bn4_w16_gmp,not_applicable,release_default,9,centered_logit_fidelity,100,0.8654763886375015,0.7821127843607575,0.9708341424667447
single_shape,bn4_w16_gmp,not_applicable,release_default,10,centered_logit_fidelity,100,1.237714735087116,1.1371880835551311,1.3651562965386719
single_shape,bn4_w16_gmp,not_applicable,release_default,11,centered_logit_fidelity,100,1.6656988514350854,1.546013172309372,1.8125473401410805
single_shape,bn4_w16_gmp,not_applicable,release_default,12,centered_logit_fidelity,100,2.156954323381441,2.0224121065332366,2.3147926211157634
single_shape,bn4_w16_gmp,not_applicable,release_default,13,centered_logit_fidelity,100,2.7047915308267894,2.5495095131287884,2.89429006280002
single_shape,bn4_w16_gmp,not_applicable,release_default,14,centered_logit_fidelity,100,3.30829171515946,3.130266119145421,3.527541484278348
single_shape,bn4_w16_gmp,not_applicable,release_default,15,centered_logit_fidelity,100,4.015971270447631,3.8110901092984983,4.255065845777901
single_shape,bn4_w16_gmp,not_applicable,release_default,16,centered_logit_fidelity,100,4.791895879315328,4.55456783874534,5.0654020912122855
single_shape,bn4_w16_gmp,not_applicable,retention_1,0,centered_logit_fidelity,100,0.0,0.0,0.0
single_shape,bn4_w16_gmp,not_applicable,retention_1,1,centered_logit_fidelity,100,0.0,0.0,0.0
single_shape,bn4_w16_gmp,not_applicable,retention_1,2,centered_logit_fidelity,100,-0.03169961937208024,-0.036809267748283435,-0.02634275166498161
single_shape,bn4_w16_gmp,not_applicable,retention_1,3,centered_logit_fidelity,100,-0.043114884839673594,-0.050009761646879404,-0.03628846050698482
single_shape,bn4_w16_gmp,not_applicable,retention_1,4,centered_logit_fidelity,100,-0.026424877125563125,-0.03671465877329133,-0.015503950995747808
single_shape,bn4_w16_gmp,not_applicable,retention_1,5,centered_logit_fidelity,100,0.04179786566428567,0.026499673427312763,0.05856367172458446
single_shape,bn4_w16_gmp,not_applicable,retention_1,6,centered_logit_fidelity,100,0.15186812412520617,0.12881551979845263,0.17855050758477536
single_shape,bn4_w16_gmp,not_applicable,retention_1,7,centered_logit_fidelity,100,0.333400559451946,0.3018812568032642,0.3684312710461476
single_shape,bn4_w16_gmp,not_applicable,retention_1,8,centered_logit_fidelity,100,0.5931299708494352,0.5399293803800234,0.6584517116588386
single_shape,bn4_w16_gmp,not_applicable,retention_1,9,centered_logit_fidelity,100,0.9175332288005309,0.8434765251231894,1.007831637367415
single_shape,bn4_w16_gmp,not_applicable,retention_1,10,centered_logit_fidelity,100,1.3019053298309702,1.2051555014781474,1.4235694628167257
single_shape,bn4_w16_gmp,not_applicable,retention_1,11,centered_logit_fidelity,100,1.7776667152952148,1.66037208996678,1.92058221071937
single_shape,bn4_w16_gmp,not_applicable,retention_1,12,centered_logit_fidelity,100,2.293377438520291,2.15235151444004,2.459382660285569
single_shape,bn4_w16_gmp,not_applicable,retention_1,13,centered_logit_fidelity,100,2.8342457708396567,2.6769418666687623,3.021540091657235
single_shape,bn4_w16_gmp,not_applicable,retention_1,14,centered_logit_fidelity,100,3.4764681025536732,3.2926241521171287,3.6854591231425506
single_shape,bn4_w16_gmp,not_applicable,retention_1,15,centered_logit_fidelity,100,4.191976126818378,3.9886148121509963,4.435365898889862
single_shape,bn4_w16_gmp,not_applicable,retention_1,16,centered_logit_fidelity,100,5.0049961016965625,4.7691124544721495,5.269900826529656
single_shape,plain2_w16_gap,not_applicable,release_default,0,centered_logit_fidelity,100,0.0,0.0,0.0
single_shape,plain2_w16_gap,not_applicable,release_default,1,centered_logit_fidelity,100,0.0,0.0,0.0
single_shape,plain2_w16_gap,not_applicable,release_default,2,centered_logit_fidelity,100,0.0027106191973576,0.0018564407628896037,0.0035751276011801525
single_shape,plain2_w16_gap,not_applicable,release_default,3,centered_logit_fidelity,100,0.003554928957540041,0.002205555462176002,0.00493579320161853
single_shape,plain2_w16_gap,not_applicable,release_default,4,centered_logit_fidelity,100,0.00022724215897164667,-0.002133790101021537,0.002532044674614308
single_shape,plain2_w16_gap,not_applicable,release_default,5,centered_logit_fidelity,100,-0.019726343350348025,-0.02637912383632582,-0.013405353455811292
single_shape,plain2_w16_gap,not_applicable,release_default,6,centered_logit_fidelity,100,-0.04970760770059604,-0.05935081060621367,-0.040508417739720685
single_shape,plain2_w16_gap,not_applicable,release_default,7,centered_logit_fidelity,100,-0.06318419211296791,-0.0737592029943021,-0.052468702439608855
single_shape,plain2_w16_gap,not_applicable,release_default,8,centered_logit_fidelity,100,-0.028571754201190628,-0.0388500642742103,-0.018347302935369944
single_shape,plain2_w16_gap,not_applicable,release_default,9,centered_logit_fidelity,100,0.005887866367134668,-0.0028420374256712157,0.014570751404108549
single_shape,plain2_w16_gap,not_applicable,release_default,10,centered_logit_fidelity,100,0.031009328556570556,0.022204609965122066,0.03963917710996999
single_shape,plain2_w16_gap,not_applicable,release_default,11,centered_logit_fidelity,100,0.05484014221702339,0.04641023182814951,0.06345925086013283
single_shape,plain2_w16_gap,not_applicable,release_default,12,centered_logit_fidelity,100,0.06988389451945728,0.06111579127060985,0.07880917134834718
single_shape,plain2_w16_gap,not_applicable,release_default,13,centered_logit_fidelity,100,0.0908458717908507,0.0817193216648311,0.099991939195985
single_shape,plain2_w16_gap,not_applicable,release_default,14,centered_logit_fidelity,100,0.11129312275885812,0.10066217243220434,0.12257696082891019
single_shape,plain2_w16_gap,not_applicable,release_default,15,centered_logit_fidelity,100,0.13644072607701943,0.12535646733228967,0.14808775850646108
single_shape,plain2_w16_gap,not_applicable,release_default,16,centered_logit_fidelity,100,0.16505556664857415,0.15237887679165762,0.17830243326737416
single_shape,plain2_w16_gap,not_applicable,retention_1,0,centered_logit_fidelity,100,0.0,0.0,0.0
single_shape,plain2_w16_gap,not_applicable,retention_1,1,centered_logit_fidelity,100,0.0,0.0,0.0
single_shape,plain2_w16_gap,not_applicable,retention_1,2,centered_logit_fidelity,100,0.001815886612811919,0.0006348276145058255,0.002949728922474048
single_shape,plain2_w16_gap,not_applicable,retention_1,3,centered_logit_fidelity,100,-0.006771036169410968,-0.00857201116387424,-0.004968501390587477
single_shape,plain2_w16_gap,not_applicable,retention_1,4,centered_logit_fidelity,100,-0.020741980499724276,-0.02475881994901754,-0.01675712226694562
single_shape,plain2_w16_gap,not_applicable,retention_1,5,centered_logit_fidelity,100,-0.03266512856946869,-0.039446456972194045,-0.02591561110726177
single_shape,plain2_w16_gap,not_applicable,retention_1,6,centered_logit_fidelity,100,-0.03471644898419482,-0.04374421244193049,-0.025910570540901432
single_shape,plain2_w16_gap,not_applicable,retention_1,7,centered_logit_fidelity,100,-0.017271739929334902,-0.027323748965368537,-0.0073749799523631105
single_shape,plain2_w16_gap,not_applicable,retention_1,8,centered_logit_fidelity,100,0.01662479761717006,0.008629985118083154,0.024638299544043514
single_shape,plain2_w16_gap,not_applicable,retention_1,9,centered_logit_fidelity,100,0.0382761368109289,0.03114387506651805,0.0456704910343455
single_shape,plain2_w16_gap,not_applicable,retention_1,10,centered_logit_fidelity,100,0.05581320164878225,0.04947762084459989,0.06245410113311026
single_shape,plain2_w16_gap,not_applicable,retention_1,11,centered_logit_fidelity,100,0.06618668871728756,0.05893090300679875,0.07374532825776652
single_shape,plain2_w16_gap,not_applicable,retention_1,12,centered_logit_fidelity,100,0.08212246194812943,0.0738812011450483,0.0908158381928746
single_shape,plain2_w16_gap,not_applicable,retention_1,13,centered_logit_fidelity,100,0.10677085047469084,0.09760544092687294,0.11599357185708992
single_shape,plain2_w16_gap,not_applicable,retention_1,14,centered_logit_fidelity,100,0.1509668881241141,0.14055741219061307,0.1618938852822785
single_shape,plain2_w16_gap,not_applicable,retention_1,15,centered_logit_fidelity,100,0.19588944450702706,0.18399175095080308,0.20850330567461067
single_shape,plain2_w16_gap,not_applicable,retention_1,16,centered_logit_fidelity,100,0.2291243963513816,0.21634875527792252,0.2426725986770514
single_shape,plain2_w16_gmp,not_applicable,release_default,0,centered_logit_fidelity,100,0.0,0.0,0.0
single_shape,plain2_w16_gmp,not_applicable,release_default,1,centered_logit_fidelity,100,0.0,0.0,0.0
single_shape,plain2_w16_gmp,not_applicable,release_default,2,centered_logit_fidelity,100,0.008036460146952966,0.006996049624181386,0.009109015362033011
single_shape,plain2_w16_gmp,not_applicable,release_default,3,centered_logit_fidelity,100,0.016274197329346023,0.014618662688756816,0.017979911973032277
single_shape,plain2_w16_gmp,not_applicable,release_default,4,centered_logit_fidelity,100,0.024743869977710223,0.022464352400823655,0.02708746590653167
single_shape,plain2_w16_gmp,not_applicable,release_default,5,centered_logit_fidelity,100,0.03412979455077569,0.031346960289431694,0.036865114351129685
single_shape,plain2_w16_gmp,not_applicable,release_default,6,centered_logit_fidelity,100,0.050096259646112744,0.0467812515323778,0.053557123700399126
single_shape,plain2_w16_gmp,not_applicable,release_default,7,centered_logit_fidelity,100,0.0724034983207613,0.06837824185397441,0.07658330588755428
single_shape,plain2_w16_gmp,not_applicable,release_default,8,centered_logit_fidelity,100,0.1019902599126778,0.09703104346636535,0.10681705940377381
single_shape,plain2_w16_gmp,not_applicable,release_default,9,centered_logit_fidelity,100,0.14089472806073275,0.13529405551854595,0.14642248641652122
single_shape,plain2_w16_gmp,not_applicable,release_default,10,centered_logit_fidelity,100,0.19111376754512194,0.18478430752697506,0.19760826286125238
single_shape,plain2_w16_gmp,not_applicable,release_default,11,centered_logit_fidelity,100,0.2505240224461638,0.24390761238293449,0.257351290928146
single_shape,plain2_w16_gmp,not_applicable,release_default,12,centered_logit_fidelity,100,0.3195459439174371,0.31231949992126146,0.3267911078641462
single_shape,plain2_w16_gmp,not_applicable,release_default,13,centered_logit_fidelity,100,0.39651357306997825,0.3884796516921817,0.4048565542676286
single_shape,plain2_w16_gmp,not_applicable,release_default,14,centered_logit_fidelity,100,0.4810469342880797,0.4721978221598602,0.4898473986923022
single_shape,plain2_w16_gmp,not_applicable,release_default,15,centered_logit_fidelity,100,0.569942405498709,0.5600120940258813,0.5801001939995231
single_shape,plain2_w16_gmp,not_applicable,release_default,16,centered_logit_fidelity,100,0.6663561463798231,0.6547958025654609,0.6785783778530838
single_shape,plain2_w16_gmp,not_applicable,retention_1,0,centered_logit_fidelity,100,0.0,0.0,0.0
single_shape,plain2_w16_gmp,not_applicable,retention_1,1,centered_logit_fidelity,100,0.0,0.0,0.0
single_shape,plain2_w16_gmp,not_applicable,retention_1,2,centered_logit_fidelity,100,0.008612910326085622,0.007281867094683795,0.00996532359098239
single_shape,plain2_w16_gmp,not_applicable,retention_1,3,centered_logit_fidelity,100,0.0152943173418615,0.013189714631033796,0.017426382266784772
single_shape,plain2_w16_gmp,not_applicable,retention_1,4,centered_logit_fidelity,100,0.013714566281335622,0.011086825759235194,0.0163850499877872
single_shape,plain2_w16_gmp,not_applicable,retention_1,5,centered_logit_fidelity,100,0.007643701474150143,0.004436054942684583,0.010832452682233167
single_shape,plain2_w16_gmp,not_applicable,retention_1,6,centered_logit_fidelity,100,0.008541776478090502,0.0047396637383397165,0.01235533933303302
single_shape,plain2_w16_gmp,not_applicable,retention_1,7,centered_logit_fidelity,100,0.032036055618104096,0.02798680930233878,0.036101503627026535
single_shape,plain2_w16_gmp,not_applicable,retention_1,8,centered_logit_fidelity,100,0.06460533885762176,0.06021005212319065,0.06886398238375563
single_shape,plain2_w16_gmp,not_applicable,retention_1,9,centered_logit_fidelity,100,0.10173802156701164,0.09659124238957201,0.1066970962389107
single_shape,plain2_w16_gmp,not_applicable,retention_1,10,centered_logit_fidelity,100,0.15719282568240078,0.15116873131800979,0.1632877681483857
single_shape,plain2_w16_gmp,not_applicable,retention_1,11,centered_logit_fidelity,100,0.242461949728182,0.23562979790495145,0.24925997861352836
single_shape,plain2_w16_gmp,not_applicable,retention_1,12,centered_logit_fidelity,100,0.3427538903917727,0.33512756822288475,0.35051945022017944
single_shape,plain2_w16_gmp,not_applicable,retention_1,13,centered_logit_fidelity,100,0.43492180219863263,0.4259710931471605,0.4441294383979849
single_shape,plain2_w16_gmp,not_applicable,retention_1,14,centered_logit_fidelity,100,0.5426744322038847,0.5325138402316615,0.5530984734768692
single_shape,plain2_w16_gmp,not_applicable,retention_1,15,centered_logit_fidelity,100,0.6666781244371977,0.6549944309661376,0.6789271237959313
single_shape,plain2_w16_gmp,not_applicable,retention_1,16,centered_logit_fidelity,100,0.7891874644275915,0.7752807613278854,0.8032394203008812
single_shape,plain2_w64_gap,not_applicable,release_default,0,centered_logit_fidelity,100,0.0,0.0,0.0
single_shape,plain2_w64_gap,not_applicable,release_default,1,centered_logit_fidelity,100,0.0,0.0,0.0
single_shape,plain2_w64_gap,not_applicable,release_default,2,centered_logit_fidelity,100,0.00011956351482197953,-0.0005666940644425565,0.0008365247597177363
single_shape,plain2_w64_gap,not_applicable,release_default,3,centered_logit_fidelity,100,-0.0018095045939296895,-0.0029653975034003538,-0.0006479384799816167
single_shape,plain2_w64_gap,not_applicable,release_default,4,centered_logit_fidelity,100,-0.0045306829954971225,-0.006379955148774928,-0.0028284383253484075
single_shape,plain2_w64_gap,not_applicable,release_default,5,centered_logit_fidelity,100,-0.018895354558573923,-0.02248969929880426,-0.015384186566554697
single_shape,plain2_w64_gap,not_applicable,release_default,6,centered_logit_fidelity,100,-0.054154530766331435,-0.06256395447491582,-0.04599943406088608
single_shape,plain2_w64_gap,not_applicable,release_default,7,centered_logit_fidelity,100,-0.07078148598455151,-0.0804157998405198,-0.061540592299107306
single_shape,plain2_w64_gap,not_applicable,release_default,8,centered_logit_fidelity,100,-0.035832218098218564,-0.04392705806093561,-0.027996101852187885
single_shape,plain2_w64_gap,not_applicable,release_default,9,centered_logit_fidelity,100,-0.004011824072522327,-0.011409104762810266,0.003247114569403344
single_shape,plain2_w64_gap,not_applicable,release_default,10,centered_logit_fidelity,100,0.018366816278224393,0.011677383609645346,0.025092001353163466
single_shape,plain2_w64_gap,not_applicable,release_default,11,centered_logit_fidelity,100,0.035305706743858044,0.028058445046243666,0.04275088104097834
single_shape,plain2_w64_gap,not_applicable,release_default,12,centered_logit_fidelity,100,0.05941663525773827,0.051763180672386416,0.06735868926508798
single_shape,plain2_w64_gap,not_applicable,release_default,13,centered_logit_fidelity,100,0.08326069962754769,0.07562640160257221,0.09122506722904523
single_shape,plain2_w64_gap,not_applicable,release_default,14,centered_logit_fidelity,100,0.11082793839666301,0.10293795946511677,0.11896160029472383
single_shape,plain2_w64_gap,not_applicable,release_default,15,centered_logit_fidelity,100,0.1374629717365875,0.12857947584099497,0.14644322899258855
single_shape,plain2_w64_gap,not_applicable,release_default,16,centered_logit_fidelity,100,0.1638550127647702,0.154078476796308,0.17407829560796315
single_shape,plain2_w64_gap,not_applicable,retention_1,0,centered_logit_fidelity,100,0.0,0.0,0.0
single_shape,plain2_w64_gap,not_applicable,retention_1,1,centered_logit_fidelity,100,0.0,0.0,0.0
single_shape,plain2_w64_gap,not_applicable,retention_1,2,centered_logit_fidelity,100,-0.006342240564124271,-0.007268947488125437,-0.005422152785528849
single_shape,plain2_w64_gap,not_applicable,retention_1,3,centered_logit_fidelity,100,-0.01999779785145116,-0.02190298654303342,-0.01817819197998903
single_shape,plain2_w64_gap,not_applicable,retention_1,4,centered_logit_fidelity,100,-0.02375365541506782,-0.027326740913371214,-0.020325870564009595
single_shape,plain2_w64_gap,not_applicable,retention_1,5,centered_logit_fidelity,100,-0.025737526525847425,-0.030886897878437406,-0.02060892056955782
single_shape,plain2_w64_gap,not_applicable,retention_1,6,centered_logit_fidelity,100,-0.0228331373487883,-0.030156848563913326,-0.01578109299796896
single_shape,plain2_w64_gap,not_applicable,retention_1,7,centered_logit_fidelity,100,-0.024442378613349858,-0.03183499390734164,-0.017108566712364597
single_shape,plain2_w64_gap,not_applicable,retention_1,8,centered_logit_fidelity,100,-0.020278052679587683,-0.02707289133011369,-0.013490591121820411
single_shape,plain2_w64_gap,not_applicable,retention_1,9,centered_logit_fidelity,100,-0.005527954415703567,-0.013967089962953642,0.00289273767944145
single_shape,plain2_w64_gap,not_applicable,retention_1,10,centered_logit_fidelity,100,0.017489858599480164,0.012724682923732758,0.02252393083390049
single_shape,plain2_w64_gap,not_applicable,retention_1,11,centered_logit_fidelity,100,0.0261062942197296,0.021273714870542623,0.030876936536235335
single_shape,plain2_w64_gap,not_applicable,retention_1,12,centered_logit_fidelity,100,0.03874663014127039,0.03342099725359177,0.043969602561026916
single_shape,plain2_w64_gap,not_applicable,retention_1,13,centered_logit_fidelity,100,0.06729614695896419,0.06125166202537059,0.07327607456147558
single_shape,plain2_w64_gap,not_applicable,retention_1,14,centered_logit_fidelity,100,0.11062375681673073,0.1042105152102865,0.11718808924497119
single_shape,plain2_w64_gap,not_applicable,retention_1,15,centered_logit_fidelity,100,0.15151844147811075,0.14359679357670882,0.15949781409865021
single_shape,plain2_w64_gap,not_applicable,retention_1,16,centered_logit_fidelity,100,0.1929368472895151,0.1825745574922404,0.2032125681130676
single_shape,plain2_w64_gmp,not_applicable,release_default,0,centered_logit_fidelity,100,0.0,0.0,0.0
single_shape,plain2_w64_gmp,not_applicable,release_default,1,centered_logit_fidelity,100,0.0,0.0,0.0
single_shape,plain2_w64_gmp,not_applicable,release_default,2,centered_logit_fidelity,100,0.007517566820864321,0.006734947563934147,0.00827274557338998
single_shape,plain2_w64_gmp,not_applicable,release_default,3,centered_logit_fidelity,100,0.00962385333577251,0.008667461882066626,0.010606650272576195
single_shape,plain2_w64_gmp,not_applicable,release_default,4,centered_logit_fidelity,100,0.007311571846218501,0.006178338498002416,0.008448090151753903
single_shape,plain2_w64_gmp,not_applicable,release_default,5,centered_logit_fidelity,100,0.0069083286953642055,0.00521024285988378,0.008672241015179863
single_shape,plain2_w64_gmp,not_applicable,release_default,6,centered_logit_fidelity,100,0.011936570549309284,0.00990924534699504,0.014019039878768446
single_shape,plain2_w64_gmp,not_applicable,release_default,7,centered_logit_fidelity,100,0.0264856541462085,0.02419427780420708,0.02885585299901515
single_shape,plain2_w64_gmp,not_applicable,release_default,8,centered_logit_fidelity,100,0.048333436074964924,0.04589574754342263,0.05087181466698056
single_shape,plain2_w64_gmp,not_applicable,release_default,9,centered_logit_fidelity,100,0.07705130945727101,0.07449209960638946,0.07969738921734573
single_shape,plain2_w64_gmp,not_applicable,release_default,10,centered_logit_fidelity,100,0.12126248315832772,0.11825009840476705,0.12427946733550004
single_shape,plain2_w64_gmp,not_applicable,release_default,11,centered_logit_fidelity,100,0.18185902641938376,0.17843477245304756,0.18529076993745763
single_shape,plain2_w64_gmp,not_applicable,release_default,12,centered_logit_fidelity,100,0.255921121987742,0.25180227500594293,0.25997718975918405
single_shape,plain2_w64_gmp,not_applicable,release_default,13,centered_logit_fidelity,100,0.3396043236200869,0.3352363181934853,0.34407114210210665
single_shape,plain2_w64_gmp,not_applicable,release_default,14,centered_logit_fidelity,100,0.42333024996180696,0.41856867511370405,0.42808171537547157
single_shape,plain2_w64_gmp,not_applicable,release_default,15,centered_logit_fidelity,100,0.5116327042852399,0.5064606546919582,0.5167242032008792
single_shape,plain2_w64_gmp,not_applicable,release_default,16,centered_logit_fidelity,100,0.6108609733363165,0.6049213132681012,0.6171613582387541
single_shape,plain2_w64_gmp,not_applicable,retention_1,0,centered_logit_fidelity,100,0.0,0.0,0.0
single_shape,plain2_w64_gmp,not_applicable,retention_1,1,centered_logit_fidelity,100,0.0,0.0,0.0
single_shape,plain2_w64_gmp,not_applicable,retention_1,2,centered_logit_fidelity,100,0.007210836802423958,0.006455257511163544,0.007938854132904535
single_shape,plain2_w64_gmp,not_applicable,retention_1,3,centered_logit_fidelity,100,0.011488446762404776,0.01024747102086829,0.012771332331072891
single_shape,plain2_w64_gmp,not_applicable,retention_1,4,centered_logit_fidelity,100,0.005772521496076512,0.004221642697579322,0.0072903972645059455
single_shape,plain2_w64_gmp,not_applicable,retention_1,5,centered_logit_fidelity,100,-0.0023200339451464602,-0.004394081282104102,-0.00017926924816499544
single_shape,plain2_w64_gmp,not_applicable,retention_1,6,centered_logit_fidelity,100,-0.0054415246056551915,-0.007983085507570938,-0.0029135512924613883
single_shape,plain2_w64_gmp,not_applicable,retention_1,7,centered_logit_fidelity,100,0.011248367592998378,0.008528676741711426,0.01405277984750225
single_shape,plain2_w64_gmp,not_applicable,retention_1,8,centered_logit_fidelity,100,0.038272048345347455,0.035763867209367896,0.04082073829358253
single_shape,plain2_w64_gmp,not_applicable,retention_1,9,centered_logit_fidelity,100,0.06998405627288577,0.06695334450047481,0.07301685030640652
single_shape,plain2_w64_gmp,not_applicable,retention_1,10,centered_logit_fidelity,100,0.11744862393594062,0.11383078701496124,0.12101357610428666
single_shape,plain2_w64_gmp,not_applicable,retention_1,11,centered_logit_fidelity,100,0.19450811559992842,0.19019380786520107,0.1986585874654057
single_shape,plain2_w64_gmp,not_applicable,retention_1,12,centered_logit_fidelity,100,0.2825658676116417,0.2776086089339635,0.2874533948491511
single_shape,plain2_w64_gmp,not_applicable,retention_1,13,centered_logit_fidelity,100,0.36220686245077777,0.35694571753438586,0.3674932864386443
single_shape,plain2_w64_gmp,not_applicable,retention_1,14,centered_logit_fidelity,100,0.4606188757110992,0.4539250853331129,0.4673841194723011
single_shape,plain2_w64_gmp,not_applicable,retention_1,15,centered_logit_fidelity,100,0.5672723896160957,0.5602297904486763,0.5742625536787056
single_shape,plain2_w64_gmp,not_applicable,retention_1,16,centered_logit_fidelity,100,0.670294680586659,0.6624757257701741,0.6783311989898585
single_shape,plain4_w16_gap,not_applicable,release_default,0,centered_logit_fidelity,100,0.0,0.0,0.0
single_shape,plain4_w16_gap,not_applicable,release_default,1,centered_logit_fidelity,100,0.0,0.0,0.0
single_shape,plain4_w16_gap,not_applicable,release_default,2,centered_logit_fidelity,100,-0.006727054506796777,-0.010958814213011602,-0.0028910660694106837
single_shape,plain4_w16_gap,not_applicable,release_default,3,centered_logit_fidelity,100,-0.023126803975709636,-0.03406323278818514,-0.014204344744479317
single_shape,plain4_w16_gap,not_applicable,release_default,4,centered_logit_fidelity,100,-0.05182862827561739,-0.06431637523709524,-0.04014933539089626
single_shape,plain4_w16_gap,not_applicable,release_default,5,centered_logit_fidelity,100,-0.09311155077978832,-0.1116109810027924,-0.07584786972734849
single_shape,plain4_w16_gap,not_applicable,release_default,6,centered_logit_fidelity,100,-0.11954244407052339,-0.14112399155899266,-0.09864286317198734
single_shape,plain4_w16_gap,not_applicable,release_default,7,centered_logit_fidelity,100,-0.10668928751853908,-0.13016308891785142,-0.08456295315450339
single_shape,plain4_w16_gap,not_applicable,release_default,8,centered_logit_fidelity,100,-0.07114546843113576,-0.09370747104705862,-0.04958094628713401
single_shape,plain4_w16_gap,not_applicable,release_default,9,centered_logit_fidelity,100,-0.024181893887340027,-0.047969988896699275,-0.0019745771228764277
single_shape,plain4_w16_gap,not_applicable,release_default,10,centered_logit_fidelity,100,0.0491861693940547,0.02411039508833318,0.07498172384719097
single_shape,plain4_w16_gap,not_applicable,release_default,11,centered_logit_fidelity,100,0.14641016207318416,0.12106209625890399,0.17350585548507427
single_shape,plain4_w16_gap,not_applicable,release_default,12,centered_logit_fidelity,100,0.25124963491815466,0.2212915716952159,0.282369715050303
single_shape,plain4_w16_gap,not_applicable,release_default,13,centered_logit_fidelity,100,0.34306737857277075,0.3092981102988817,0.37921529048207486
single_shape,plain4_w16_gap,not_applicable,release_default,14,centered_logit_fidelity,100,0.44596207965968515,0.40427305849147943,0.4908769463804264
single_shape,plain4_w16_gap,not_applicable,release_default,15,centered_logit_fidelity,100,0.538357312531258,0.4904286598381223,0.5895952676748931
single_shape,plain4_w16_gap,not_applicable,release_default,16,centered_logit_fidelity,100,0.6161155578837472,0.5619065647992019,0.6757697383753444
single_shape,plain4_w16_gap,not_applicable,retention_1,0,centered_logit_fidelity,100,0.0,0.0,0.0
single_shape,plain4_w16_gap,not_applicable,retention_1,1,centered_logit_fidelity,100,0.0,0.0,0.0
single_shape,plain4_w16_gap,not_applicable,retention_1,2,centered_logit_fidelity,100,0.007067639173519475,0.0029689024311492754,0.010716434030591396
single_shape,plain4_w16_gap,not_applicable,retention_1,3,centered_logit_fidelity,100,-0.03781714924577588,-0.047812575167223204,-0.0285418819458313
single_shape,plain4_w16_gap,not_applicable,retention_1,4,centered_logit_fidelity,100,-0.08128254930807906,-0.09688806662078557,-0.06631502881320404
single_shape,plain4_w16_gap,not_applicable,retention_1,5,centered_logit_fidelity,100,-0.12584229829400953,-0.14353073838847993,-0.10886393586917599
single_shape,plain4_w16_gap,not_applicable,retention_1,6,centered_logit_fidelity,100,-0.144954540801472,-0.1673377420650812,-0.12292750587359592
single_shape,plain4_w16_gap,not_applicable,retention_1,7,centered_logit_fidelity,100,-0.13124957438758622,-0.15466156572715165,-0.1085643351640275
single_shape,plain4_w16_gap,not_applicable,retention_1,8,centered_logit_fidelity,100,-0.10301873192646646,-0.12754869939028768,-0.07957009019261395
single_shape,plain4_w16_gap,not_applicable,retention_1,9,centered_logit_fidelity,100,0.026889985829939417,0.0030060757878556635,0.050366158869052685
single_shape,plain4_w16_gap,not_applicable,retention_1,10,centered_logit_fidelity,100,0.12098658510523239,0.09706490156317547,0.14680412293623005
single_shape,plain4_w16_gap,not_applicable,retention_1,11,centered_logit_fidelity,100,0.23192779853965267,0.1964164312739444,0.26958294315385956
single_shape,plain4_w16_gap,not_applicable,retention_1,12,centered_logit_fidelity,100,0.35167896914653324,0.30517402813072636,0.40005970399064356
single_shape,plain4_w16_gap,not_applicable,retention_1,13,centered_logit_fidelity,100,0.48566426793542855,0.42392576480985195,0.5526156492942105
single_shape,plain4_w16_gap,not_applicable,retention_1,14,centered_logit_fidelity,100,0.6752782087792794,0.5949194383977462,0.7622629711280147
single_shape,plain4_w16_gap,not_applicable,retention_1,15,centered_logit_fidelity,100,0.8275866272167037,0.7312157143560358,0.9297240747655832
single_shape,plain4_w16_gap,not_applicable,retention_1,16,centered_logit_fidelity,100,0.9730332823080655,0.8639939510924725,1.0878002893051302
single_shape,plain4_w16_gmp,not_applicable,release_default,0,centered_logit_fidelity,100,0.0,0.0,0.0
single_shape,plain4_w16_gmp,not_applicable,release_default,1,centered_logit_fidelity,100,0.0,0.0,0.0
single_shape,plain4_w16_gmp,not_applicable,release_default,2,centered_logit_fidelity,100,0.012407790412724376,0.011261723123525526,0.013558052771574654
single_shape,plain4_w16_gmp,not_applicable,release_default,3,centered_logit_fidelity,100,0.024876425715142977,0.022624998218592773,0.027115213922883262
single_shape,plain4_w16_gmp,not_applicable,release_default,4,centered_logit_fidelity,100,0.035221696345464376,0.032046265156173745,0.03840758771833249
single_shape,plain4_w16_gmp,not_applicable,release_default,5,centered_logit_fidelity,100,0.050326541837516524,0.0461765112653348,0.05451267386978436
single_shape,plain4_w16_gmp,not_applicable,release_default,6,centered_logit_fidelity,100,0.0702445188648525,0.06507170741044271,0.07545551622737255
single_shape,plain4_w16_gmp,not_applicable,release_default,7,centered_logit_fidelity,100,0.10961384266556871,0.10389871498501034,0.11516212296153217
single_shape,plain4_w16_gmp,not_applicable,release_default,8,centered_logit_fidelity,100,0.15404790306519234,0.14719235773144268,0.16074470379670336
single_shape,plain4_w16_gmp,not_applicable,release_default,9,centered_logit_fidelity,100,0.20189613443495558,0.1933325405350292,0.21079543967987752
single_shape,plain4_w16_gmp,not_applicable,release_default,10,centered_logit_fidelity,100,0.2583319638252832,0.2482793977682314,0.26878786663777854
single_shape,plain4_w16_gmp,not_applicable,release_default,11,centered_logit_fidelity,100,0.32949955712219764,0.3189567208426527,0.3404963772509086
single_shape,plain4_w16_gmp,not_applicable,release_default,12,centered_logit_fidelity,100,0.40973957387648663,0.39784447044591864,0.42220554600639787
single_shape,plain4_w16_gmp,not_applicable,release_default,13,centered_logit_fidelity,100,0.49543852470954663,0.4826594622273503,0.5085444456161115
single_shape,plain4_w16_gmp,not_applicable,release_default,14,centered_logit_fidelity,100,0.5889751068231406,0.5744220671132615,0.6042990673630575
single_shape,plain4_w16_gmp,not_applicable,release_default,15,centered_logit_fidelity,100,0.6837360225678859,0.6677651020840711,0.7006736441991239
single_shape,plain4_w16_gmp,not_applicable,release_default,16,centered_logit_fidelity,100,0.7936129516530654,0.7748638555573218,0.812923059105322
single_shape,plain4_w16_gmp,not_applicable,retention_1,0,centered_logit_fidelity,100,0.0,0.0,0.0
single_shape,plain4_w16_gmp,not_applicable,retention_1,1,centered_logit_fidelity,100,0.0,0.0,0.0
single_shape,plain4_w16_gmp,not_applicable,retention_1,2,centered_logit_fidelity,100,0.012404621601028263,0.011265183633898978,0.013547073682417473
single_shape,plain4_w16_gmp,not_applicable,retention_1,3,centered_logit_fidelity,100,0.02555930471148958,0.02320321717480198,0.027927454171413728
single_shape,plain4_w16_gmp,not_applicable,retention_1,4,centered_logit_fidelity,100,0.03523281701409193,0.0320212963287596,0.03856108371015615
single_shape,plain4_w16_gmp,not_applicable,retention_1,5,centered_logit_fidelity,100,0.049186645719624104,0.04479765775621495,0.05353838791435875
single_shape,plain4_w16_gmp,not_applicable,retention_1,6,centered_logit_fidelity,100,0.06195814075382851,0.0563045368515295,0.06763106803118141
single_shape,plain4_w16_gmp,not_applicable,retention_1,7,centered_logit_fidelity,100,0.09508102722723039,0.0881989665422546,0.10204869854470906
single_shape,plain4_w16_gmp,not_applicable,retention_1,8,centered_logit_fidelity,100,0.13880201651902135,0.1320893578934997,0.14543733201781098
single_shape,plain4_w16_gmp,not_applicable,retention_1,9,centered_logit_fidelity,100,0.1818970949643189,0.17423751379020935,0.1897999442658402
single_shape,plain4_w16_gmp,not_applicable,retention_1,10,centered_logit_fidelity,100,0.24263597872910125,0.23402647814996702,0.2514506694475631
single_shape,plain4_w16_gmp,not_applicable,retention_1,11,centered_logit_fidelity,100,0.3300190959151068,0.319795318095239,0.34037091528300834
single_shape,plain4_w16_gmp,not_applicable,retention_1,12,centered_logit_fidelity,100,0.42518514602504176,0.4139526468213808,0.43694279247942863
single_shape,plain4_w16_gmp,not_applicable,retention_1,13,centered_logit_fidelity,100,0.5098011254060423,0.49722246759636207,0.5222745612442967
single_shape,plain4_w16_gmp,not_applicable,retention_1,14,centered_logit_fidelity,100,0.6038395954450971,0.5897997264072763,0.6180002389129955
single_shape,plain4_w16_gmp,not_applicable,retention_1,15,centered_logit_fidelity,100,0.7083376143786763,0.6923206314139239,0.7248367617815259
single_shape,plain4_w16_gmp,not_applicable,retention_1,16,centered_logit_fidelity,100,0.8076092186076675,0.7898076031093586,0.8261645754788307
single_shape,plain4_w64_gap,not_applicable,release_default,0,centered_logit_fidelity,100,0.0,0.0,0.0
single_shape,plain4_w64_gap,not_applicable,release_default,1,centered_logit_fidelity,100,0.0,0.0,0.0
single_shape,plain4_w64_gap,not_applicable,release_default,2,centered_logit_fidelity,100,0.002243217496976148,9.997537629200254e-05,0.0043922393775143636
single_shape,plain4_w64_gap,not_applicable,release_default,3,centered_logit_fidelity,100,-0.016475085842148508,-0.02105131419930288,-0.011935372665729421
single_shape,plain4_w64_gap,not_applicable,release_default,4,centered_logit_fidelity,100,-0.046193286063212484,-0.05167437502647448,-0.040857707974633034
single_shape,plain4_w64_gap,not_applicable,release_default,5,centered_logit_fidelity,100,-0.05783506353742449,-0.06539024845570836,-0.050705494392926535
single_shape,plain4_w64_gap,not_applicable,release_default,6,centered_logit_fidelity,100,-0.0580023674499523,-0.06680334079759684,-0.04915991326233369
single_shape,plain4_w64_gap,not_applicable,release_default,7,centered_logit_fidelity,100,-0.024260086320255617,-0.03452430512005681,-0.01420593160239478
single_shape,plain4_w64_gap,not_applicable,release_default,8,centered_logit_fidelity,100,0.04009349362219531,0.026139365874604793,0.05456075129364821
single_shape,plain4_w64_gap,not_applicable,release_default,9,centered_logit_fidelity,100,0.13201119714767617,0.11244710119427498,0.1522506855949091
single_shape,plain4_w64_gap,not_applicable,release_default,10,centered_logit_fidelity,100,0.26683654740661494,0.23883658452747394,0.2964451906433
single_shape,plain4_w64_gap,not_applicable,release_default,11,centered_logit_fidelity,100,0.4177646255392463,0.37933042083345814,0.4596086867822596
single_shape,plain4_w64_gap,not_applicable,release_default,12,centered_logit_fidelity,100,0.6000637483172588,0.5496440125974158,0.6513113657950305
single_shape,plain4_w64_gap,not_applicable,release_default,13,centered_logit_fidelity,100,0.7680420855742928,0.7100174984219281,0.8294420848235194
single_shape,plain4_w64_gap,not_applicable,release_default,14,centered_logit_fidelity,100,0.964250795977148,0.8931231584380337,1.0369453538126705
single_shape,plain4_w64_gap,not_applicable,release_default,15,centered_logit_fidelity,100,1.143479170945403,1.0626404632989321,1.2266575888711906
single_shape,plain4_w64_gap,not_applicable,release_default,16,centered_logit_fidelity,100,1.2826395223734435,1.1985397712723058,1.3673534532327338
single_shape,plain4_w64_gap,not_applicable,retention_1,0,centered_logit_fidelity,100,0.0,0.0,0.0
single_shape,plain4_w64_gap,not_applicable,retention_1,1,centered_logit_fidelity,100,0.0,0.0,0.0
single_shape,plain4_w64_gap,not_applicable,retention_1,2,centered_logit_fidelity,100,0.007373639537069867,0.005310183080409227,0.009399523618353181
single_shape,plain4_w64_gap,not_applicable,retention_1,3,centered_logit_fidelity,100,-0.0009413212906634616,-0.0068657169305173385,0.0046357972007881176
single_shape,plain4_w64_gap,not_applicable,retention_1,4,centered_logit_fidelity,100,-0.039085253976620195,-0.056417857304592825,-0.02355864605982831
single_shape,plain4_w64_gap,not_applicable,retention_1,5,centered_logit_fidelity,100,-0.03512727008826958,-0.0434935728505828,-0.027072712526322394
single_shape,plain4_w64_gap,not_applicable,retention_1,6,centered_logit_fidelity,100,-0.06612184994202358,-0.07804141772442569,-0.05471275083293796
single_shape,plain4_w64_gap,not_applicable,retention_1,7,centered_logit_fidelity,100,-0.014661956200192935,-0.030532084281821133,0.0016277488606007437
single_shape,plain4_w64_gap,not_applicable,retention_1,8,centered_logit_fidelity,100,0.10179862364322849,0.07710934952169478,0.1276037348328448
single_shape,plain4_w64_gap,not_applicable,retention_1,9,centered_logit_fidelity,100,0.2171531389326061,0.18603812520491225,0.2496288754797639
single_shape,plain4_w64_gap,not_applicable,retention_1,10,centered_logit_fidelity,100,0.3128660010437938,0.2737138859555942,0.35379526419115154
single_shape,plain4_w64_gap,not_applicable,retention_1,11,centered_logit_fidelity,100,0.4883343073965137,0.4359348149809143,0.5449456006298523
single_shape,plain4_w64_gap,not_applicable,retention_1,12,centered_logit_fidelity,100,0.6801796429670414,0.6157879650989585,0.7499136983652218
single_shape,plain4_w64_gap,not_applicable,retention_1,13,centered_logit_fidelity,100,0.8718339951439354,0.7978950941652218,0.9495470277061092
single_shape,plain4_w64_gap,not_applicable,retention_1,14,centered_logit_fidelity,100,1.1265033714860988,1.0416915334053685,1.2137060637358088
single_shape,plain4_w64_gap,not_applicable,retention_1,15,centered_logit_fidelity,100,1.4370724169394316,1.3295867371642265,1.5513977120527016
single_shape,plain4_w64_gap,not_applicable,retention_1,16,centered_logit_fidelity,100,1.5274647354638222,1.4186408817229201,1.6383653279667656
single_shape,plain4_w64_gmp,not_applicable,release_default,0,centered_logit_fidelity,100,0.0,0.0,0.0
single_shape,plain4_w64_gmp,not_applicable,release_default,1,centered_logit_fidelity,100,0.0,0.0,0.0
single_shape,plain4_w64_gmp,not_applicable,release_default,2,centered_logit_fidelity,100,0.009734226217680235,0.009036470895150575,0.010431922043113372
single_shape,plain4_w64_gmp,not_applicable,release_default,3,centered_logit_fidelity,100,0.01715019484515128,0.015853717206400428,0.01849033279245565
single_shape,plain4_w64_gmp,not_applicable,release_default,4,centered_logit_fidelity,100,0.025714420273853733,0.024049013829645104,0.02735633348148878
single_shape,plain4_w64_gmp,not_applicable,release_default,5,centered_logit_fidelity,100,0.04089978353371313,0.038561781543802305,0.04316525586035195
single_shape,plain4_w64_gmp,not_applicable,release_default,6,centered_logit_fidelity,100,0.05512035775179964,0.05179475678705104,0.05840907754391422
single_shape,plain4_w64_gmp,not_applicable,release_default,7,centered_logit_fidelity,100,0.08821198604487143,0.08371347658956498,0.09261378383219761
single_shape,plain4_w64_gmp,not_applicable,release_default,8,centered_logit_fidelity,100,0.12370328836776372,0.11961193836854025,0.12788593991508002
single_shape,plain4_w64_gmp,not_applicable,release_default,9,centered_logit_fidelity,100,0.16640985677300435,0.16167991767407935,0.17105064421170124
single_shape,plain4_w64_gmp,not_applicable,release_default,10,centered_logit_fidelity,100,0.22342753586752717,0.21663876256354336,0.23038774058451383
single_shape,plain4_w64_gmp,not_applicable,release_default,11,centered_logit_fidelity,100,0.29123643316435216,0.2849095342212115,0.297543476101217
single_shape,plain4_w64_gmp,not_applicable,release_default,12,centered_logit_fidelity,100,0.3563932005030788,0.34929646702753714,0.36376680106489845
single_shape,plain4_w64_gmp,not_applicable,release_default,13,centered_logit_fidelity,100,0.42036440272411973,0.4126304620129199,0.4285198504845505
single_shape,plain4_w64_gmp,not_applicable,release_default,14,centered_logit_fidelity,100,0.4916032649667027,0.4830885580773405,0.5004016710395137
single_shape,plain4_w64_gmp,not_applicable,release_default,15,centered_logit_fidelity,100,0.5668943301165712,0.5575137082749331,0.5766768671794629
single_shape,plain4_w64_gmp,not_applicable,release_default,16,centered_logit_fidelity,100,0.6155677413425439,0.6061584080041816,0.625136120276106
single_shape,plain4_w64_gmp,not_applicable,retention_1,0,centered_logit_fidelity,100,0.0,0.0,0.0
single_shape,plain4_w64_gmp,not_applicable,retention_1,1,centered_logit_fidelity,100,0.0,0.0,0.0
single_shape,plain4_w64_gmp,not_applicable,retention_1,2,centered_logit_fidelity,100,0.009851988573482401,0.009140433800452678,0.010563230293892225
single_shape,plain4_w64_gmp,not_applicable,retention_1,3,centered_logit_fidelity,100,0.017690093072188294,0.016439486685624782,0.018967061113412412
single_shape,plain4_w64_gmp,not_applicable,retention_1,4,centered_logit_fidelity,100,0.025792434745373353,0.024091800234222853,0.02746013459119331
single_shape,plain4_w64_gmp,not_applicable,retention_1,5,centered_logit_fidelity,100,0.040669401442101974,0.03823566253452294,0.0431226202787054
single_shape,plain4_w64_gmp,not_applicable,retention_1,6,centered_logit_fidelity,100,0.053142479902703786,0.04988676191772102,0.0563926888751307
single_shape,plain4_w64_gmp,not_applicable,retention_1,7,centered_logit_fidelity,100,0.0803534331060406,0.0756368315157486,0.08505482258975304
single_shape,plain4_w64_gmp,not_applicable,retention_1,8,centered_logit_fidelity,100,0.12169547521342906,0.11727032966567806,0.1261157432103622
single_shape,plain4_w64_gmp,not_applicable,retention_1,9,centered_logit_fidelity,100,0.16362265771485895,0.15898419432536767,0.16822923603314022
single_shape,plain4_w64_gmp,not_applicable,retention_1,10,centered_logit_fidelity,100,0.21204547782987077,0.20592086472382162,0.21806150350440498
single_shape,plain4_w64_gmp,not_applicable,retention_1,11,centered_logit_fidelity,100,0.28378793458648877,0.2765169947438371,0.29129063021581153
single_shape,plain4_w64_gmp,not_applicable,retention_1,12,centered_logit_fidelity,100,0.3582795331795705,0.3503924227855895,0.3664747316215018
single_shape,plain4_w64_gmp,not_applicable,retention_1,13,centered_logit_fidelity,100,0.42300816504683425,0.4143410007188491,0.4318660752391133
single_shape,plain4_w64_gmp,not_applicable,retention_1,14,centered_logit_fidelity,100,0.4924977610073181,0.48349333025248764,0.5014773477667201
single_shape,plain4_w64_gmp,not_applicable,retention_1,15,centered_logit_fidelity,100,0.5673640961107739,0.5573803573177836,0.5776116452476404
single_shape,plain4_w64_gmp,not_applicable,retention_1,16,centered_logit_fidelity,100,0.6123291469881478,0.602540217506182,0.6225547116195866
single_shape,res4_w16_gap,not_applicable,release_default,0,centered_logit_fidelity,100,0.0,0.0,0.0
single_shape,res4_w16_gap,not_applicable,release_default,1,centered_logit_fidelity,100,0.0,0.0,0.0
single_shape,res4_w16_gap,not_applicable,release_default,2,centered_logit_fidelity,100,-5.653470031595192e-05,-0.0027007208246992583,0.0026186945144498464
single_shape,res4_w16_gap,not_applicable,release_default,3,centered_logit_fidelity,100,-0.011619798247809086,-0.015962939517280138,-0.0074382862987235985
single_shape,res4_w16_gap,not_applicable,release_default,4,centered_logit_fidelity,100,-0.02428834983311718,-0.031215748478269505,-0.017725935447444698
single_shape,res4_w16_gap,not_applicable,release_default,5,centered_logit_fidelity,100,-0.039010114851510506,-0.050879444800587745,-0.02711372867323109
single_shape,res4_w16_gap,not_applicable,release_default,6,centered_logit_fidelity,100,-0.04011290946550198,-0.05610323261741173,-0.024552064994613477
single_shape,res4_w16_gap,not_applicable,release_default,7,centered_logit_fidelity,100,-0.021110634227263697,-0.036562784848791385,-0.005559771651182332
single_shape,res4_w16_gap,not_applicable,release_default,8,centered_logit_fidelity,100,0.007398374338212317,-0.00792579527172515,0.022772720592463516
single_shape,res4_w16_gap,not_applicable,release_default,9,centered_logit_fidelity,100,0.0589816892856364,0.04366412053225084,0.07474423977799578
single_shape,res4_w16_gap,not_applicable,release_default,10,centered_logit_fidelity,100,0.12123400566248695,0.10309861380659596,0.13876059414068856
single_shape,res4_w16_gap,not_applicable,release_default,11,centered_logit_fidelity,100,0.19332119055591718,0.17446439516990567,0.213103423708833
single_shape,res4_w16_gap,not_applicable,release_default,12,centered_logit_fidelity,100,0.2937767737818465,0.2681656015973258,0.32044227198271696
single_shape,res4_w16_gap,not_applicable,release_default,13,centered_logit_fidelity,100,0.39279671269941685,0.3620011539054313,0.42578086878332533
single_shape,res4_w16_gap,not_applicable,release_default,14,centered_logit_fidelity,100,0.518503620671692,0.47793262258523117,0.5609571562523695
single_shape,res4_w16_gap,not_applicable,release_default,15,centered_logit_fidelity,100,0.6241862240154009,0.5753766838583575,0.6740224737507511
single_shape,res4_w16_gap,not_applicable,release_default,16,centered_logit_fidelity,100,0.7209843261630113,0.668438966853951,0.7751137583816868
single_shape,res4_w16_gap,not_applicable,retention_1,0,centered_logit_fidelity,100,0.0,0.0,0.0
single_shape,res4_w16_gap,not_applicable,retention_1,1,centered_logit_fidelity,100,0.0,0.0,0.0
single_shape,res4_w16_gap,not_applicable,retention_1,2,centered_logit_fidelity,100,0.006045003578103971,0.00292881677665213,0.010002037646642922
single_shape,res4_w16_gap,not_applicable,retention_1,3,centered_logit_fidelity,100,-0.018081302937446288,-0.02694181961899638,-0.009518117231067196
single_shape,res4_w16_gap,not_applicable,retention_1,4,centered_logit_fidelity,100,-0.04465953975391551,-0.05718188239551611,-0.032530033461231025
single_shape,res4_w16_gap,not_applicable,retention_1,5,centered_logit_fidelity,100,-0.07638677855031847,-0.09393699498417613,-0.0595934967009752
single_shape,res4_w16_gap,not_applicable,retention_1,6,centered_logit_fidelity,100,-0.08016143152354278,-0.10094399153688433,-0.060349684078910594
single_shape,res4_w16_gap,not_applicable,retention_1,7,centered_logit_fidelity,100,-0.03869208606454866,-0.06087766999363316,-0.016968493138262965
single_shape,res4_w16_gap,not_applicable,retention_1,8,centered_logit_fidelity,100,-0.0024861090518211947,-0.022347262468563642,0.01718496008435743
single_shape,res4_w16_gap,not_applicable,retention_1,9,centered_logit_fidelity,100,0.09250953893813593,0.07111150353833183,0.11398684292055032
single_shape,res4_w16_gap,not_applicable,retention_1,10,centered_logit_fidelity,100,0.14618532046534752,0.1188205534165317,0.17572103415344867
single_shape,res4_w16_gap,not_applicable,retention_1,11,centered_logit_fidelity,100,0.21198502001033628,0.17557993569977556,0.25107414796576194
single_shape,res4_w16_gap,not_applicable,retention_1,12,centered_logit_fidelity,100,0.3326129208003905,0.2857648211236962,0.38335748038297696
single_shape,res4_w16_gap,not_applicable,retention_1,13,centered_logit_fidelity,100,0.48616497981502604,0.4267697265913267,0.5494477228814078
single_shape,res4_w16_gap,not_applicable,retention_1,14,centered_logit_fidelity,100,0.6915361082540578,0.6179634178401112,0.771608904020978
single_shape,res4_w16_gap,not_applicable,retention_1,15,centered_logit_fidelity,100,0.8726728883950563,0.789953451097467,0.9579119927790707
single_shape,res4_w16_gap,not_applicable,retention_1,16,centered_logit_fidelity,100,1.0486758304146027,0.9558324157080272,1.1460480247769769
single_shape,res4_w16_gmp,not_applicable,release_default,0,centered_logit_fidelity,100,0.0,0.0,0.0
single_shape,res4_w16_gmp,not_applicable,release_default,1,centered_logit_fidelity,100,0.0,0.0,0.0
single_shape,res4_w16_gmp,not_applicable,release_default,2,centered_logit_fidelity,100,0.011149061593210649,0.009965053801517793,0.012346997049740967
single_shape,res4_w16_gmp,not_applicable,release_default,3,centered_logit_fidelity,100,0.021928132860508605,0.019768953324274852,0.02408184426127126
single_shape,res4_w16_gmp,not_applicable,release_default,4,centered_logit_fidelity,100,0.03333972144406925,0.030506482340857725,0.03612862132787645
single_shape,res4_w16_gmp,not_applicable,release_default,5,centered_logit_fidelity,100,0.05538919973139196,0.0516370742366718,0.0593124585598489
single_shape,res4_w16_gmp,not_applicable,release_default,6,centered_logit_fidelity,100,0.07506997593158517,0.07006593399698711,0.0803337413024309
single_shape,res4_w16_gmp,not_applicable,release_default,7,centered_logit_fidelity,100,0.11441781417246291,0.10798733249038105,0.1209443522170092
single_shape,res4_w16_gmp,not_applicable,release_default,8,centered_logit_fidelity,100,0.1521444510123012,0.14691311232594723,0.15750088998704595
single_shape,res4_w16_gmp,not_applicable,release_default,9,centered_logit_fidelity,100,0.19006940586373497,0.18377263583402664,0.1965508776065419
single_shape,res4_w16_gmp,not_applicable,release_default,10,centered_logit_fidelity,100,0.23519756514648604,0.2284525493873911,0.24184495391962862
single_shape,res4_w16_gmp,not_applicable,release_default,11,centered_logit_fidelity,100,0.29348312941411303,0.28592480225030553,0.30121490165371934
single_shape,res4_w16_gmp,not_applicable,release_default,12,centered_logit_fidelity,100,0.3638479346433276,0.3565342856431148,0.37117528447024706
single_shape,res4_w16_gmp,not_applicable,release_default,13,centered_logit_fidelity,100,0.43731173784062966,0.4288794794644318,0.44584207567128975
single_shape,res4_w16_gmp,not_applicable,release_default,14,centered_logit_fidelity,100,0.5186176687787483,0.5099317577851818,0.5274986431057761
single_shape,res4_w16_gmp,not_applicable,release_default,15,centered_logit_fidelity,100,0.6055393559352196,0.5963138676887695,0.6146741997733985
single_shape,res4_w16_gmp,not_applicable,release_default,16,centered_logit_fidelity,100,0.7111456577198331,0.7007456609072755,0.7217119777652492
single_shape,res4_w16_gmp,not_applicable,retention_1,0,centered_logit_fidelity,100,0.0,0.0,0.0
single_shape,res4_w16_gmp,not_applicable,retention_1,1,centered_logit_fidelity,100,0.0,0.0,0.0
single_shape,res4_w16_gmp,not_applicable,retention_1,2,centered_logit_fidelity,100,0.010790953046139487,0.009628177194678322,0.011959356400405267
single_shape,res4_w16_gmp,not_applicable,retention_1,3,centered_logit_fidelity,100,0.020093101295531598,0.018035560197441534,0.022169182139096775
single_shape,res4_w16_gmp,not_applicable,retention_1,4,centered_logit_fidelity,100,0.03314903672176733,0.030333194776752302,0.03596345458640326
single_shape,res4_w16_gmp,not_applicable,retention_1,5,centered_logit_fidelity,100,0.054002157221602724,0.049936966302287264,0.05808470250382016
single_shape,res4_w16_gmp,not_applicable,retention_1,6,centered_logit_fidelity,100,0.0660713377636994,0.06047070307758062,0.0717091523988206
single_shape,res4_w16_gmp,not_applicable,retention_1,7,centered_logit_fidelity,100,0.10258058053611194,0.09525237697354315,0.11004815037924955
single_shape,res4_w16_gmp,not_applicable,retention_1,8,centered_logit_fidelity,100,0.1432116591944241,0.1374249452050238,0.1490050801234934
single_shape,res4_w16_gmp,not_applicable,retention_1,9,centered_logit_fidelity,100,0.17620460504739355,0.1705072599788014,0.18186705409229148
single_shape,res4_w16_gmp,not_applicable,retention_1,10,centered_logit_fidelity,100,0.22423731520329537,0.21763626543913786,0.2306822058244188
single_shape,res4_w16_gmp,not_applicable,retention_1,11,centered_logit_fidelity,100,0.2961993307914164,0.28822286681797804,0.3040395413212681
single_shape,res4_w16_gmp,not_applicable,retention_1,12,centered_logit_fidelity,100,0.3814110918984457,0.37305288427539307,0.3899431700301228
single_shape,res4_w16_gmp,not_applicable,retention_1,13,centered_logit_fidelity,100,0.4505423124734258,0.44125497884425907,0.459861784785274
single_shape,res4_w16_gmp,not_applicable,retention_1,14,centered_logit_fidelity,100,0.5338203748162865,0.5230757906370412,0.5443570015363748
single_shape,res4_w16_gmp,not_applicable,retention_1,15,centered_logit_fidelity,100,0.6336140817503564,0.6229990174015783,0.6440472171556162
single_shape,res4_w16_gmp,not_applicable,retention_1,16,centered_logit_fidelity,100,0.7274622183728923,0.7162732154742226,0.7387245318862365
single_shape,tiny_gap,not_applicable,release_default,0,centered_logit_fidelity,100,0.0,0.0,0.0
single_shape,tiny_gap,not_applicable,release_default,1,centered_logit_fidelity,100,0.0,0.0,0.0
single_shape,tiny_gap,not_applicable,release_default,2,centered_logit_fidelity,100,1.0392976507178631e-10,-1.6786383813527374e-10,3.7119618020997604e-10
single_shape,tiny_gap,not_applicable,release_default,3,centered_logit_fidelity,100,1.2481318145685095e-10,-2.9501520192043436e-10,5.29271208263293e-10
single_shape,tiny_gap,not_applicable,release_default,4,centered_logit_fidelity,100,-1.7067406044013467e-10,-7.148567711806608e-10,3.69841405986615e-10
single_shape,tiny_gap,not_applicable,release_default,5,centered_logit_fidelity,100,-9.094907937878815e-11,-6.663205016077534e-10,4.857850972039831e-10
single_shape,tiny_gap,not_applicable,release_default,6,centered_logit_fidelity,100,-2.388244424444963e-10,-8.799446844232061e-10,3.8522500431237277e-10
single_shape,tiny_gap,not_applicable,release_default,7,centered_logit_fidelity,100,-1.703075258596698e-10,-8.386368840485047e-10,4.899448367567948e-10
single_shape,tiny_gap,not_applicable,release_default,8,centered_logit_fidelity,100,-1.586239928297317e-10,-8.37521390517626e-10,5.319262733061158e-10
single_shape,tiny_gap,not_applicable,release_default,9,centered_logit_fidelity,100,1.661959680987479e-11,-6.501823263949102e-10,6.918722218474113e-10
single_shape,tiny_gap,not_applicable,release_default,10,centered_logit_fidelity,100,9.197365202773256e-11,-5.199373087350079e-10,6.954919680723924e-10
single_shape,tiny_gap,not_applicable,release_default,11,centered_logit_fidelity,100,1.2875822519298197e-10,-3.78009035767457e-10,6.272652545158405e-10
single_shape,tiny_gap,not_applicable,release_default,12,centered_logit_fidelity,100,6.186324119639153e-11,-4.4008647767657116e-10,5.66387272804558e-10
single_shape,tiny_gap,not_applicable,release_default,13,centered_logit_fidelity,100,9.046937421430812e-11,-3.7737941210869147e-10,5.51771505652443e-10
single_shape,tiny_gap,not_applicable,release_default,14,centered_logit_fidelity,100,5.561781257767961e-11,-3.9081763361648036e-10,5.266917782187352e-10
single_shape,tiny_gap,not_applicable,release_default,15,centered_logit_fidelity,100,-1.569205854146105e-10,-5.091807984136665e-10,1.941344403288969e-10
single_shape,tiny_gap,not_applicable,release_default,16,centered_logit_fidelity,100,2.3712698471456405e-13,2.3356538925156656e-13,2.406808363719648e-13
single_shape,tiny_gap,not_applicable,retention_1,0,centered_logit_fidelity,100,0.0,0.0,0.0
single_shape,tiny_gap,not_applicable,retention_1,1,centered_logit_fidelity,100,0.0,0.0,0.0
single_shape,tiny_gap,not_applicable,retention_1,2,centered_logit_fidelity,100,2.0841039616303903e-10,-2.190875370428058e-10,6.309509336943629e-10
single_shape,tiny_gap,not_applicable,retention_1,3,centered_logit_fidelity,100,3.369538814634865e-10,-2.612860573597553e-10,9.287742919750207e-10
single_shape,tiny_gap,not_applicable,retention_1,4,centered_logit_fidelity,100,4.1122448724006944e-10,-2.978819322180248e-10,1.1133273308122637e-09
single_shape,tiny_gap,not_applicable,retention_1,5,centered_logit_fidelity,100,4.344008253109877e-10,-3.2919894826788363e-10,1.2135521324230236e-09
single_shape,tiny_gap,not_applicable,retention_1,6,centered_logit_fidelity,100,3.8743202535052037e-10,-4.1277519416405003e-10,1.1840625860903833e-09
single_shape,tiny_gap,not_applicable,retention_1,7,centered_logit_fidelity,100,5.34118476114287e-10,-3.6856074120406034e-10,1.4424970919968415e-09
single_shape,tiny_gap,not_applicable,retention_1,8,centered_logit_fidelity,100,2.017159339562369e-10,-6.161960858508398e-10,1.030681550051593e-09
single_shape,tiny_gap,not_applicable,retention_1,9,centered_logit_fidelity,100,3.0413508489424146e-10,-4.632173626895053e-10,1.1196740756502787e-09
single_shape,tiny_gap,not_applicable,retention_1,10,centered_logit_fidelity,100,1.2922776182477946e-10,-5.815179442147933e-10,8.467450597626768e-10
single_shape,tiny_gap,not_applicable,retention_1,11,centered_logit_fidelity,100,5.087028687178474e-11,-5.56272340135333e-10,6.727675777307149e-10
single_shape,tiny_gap,not_applicable,retention_1,12,centered_logit_fidelity,100,-6.3840122077607475e-12,-5.110591402845977e-10,4.94829123232065e-10
single_shape,tiny_gap,not_applicable,retention_1,13,centered_logit_fidelity,100,2.0424770763582957e-11,-3.3993084533334714e-10,3.8014441602896007e-10
single_shape,tiny_gap,not_applicable,retention_1,14,centered_logit_fidelity,100,7.62566565448708e-12,-2.3146308686383677e-10,2.449045999886044e-10
single_shape,tiny_gap,not_applicable,retention_1,15,centered_logit_fidelity,100,-1.8388457423412772e-12,-1.175711928369516e-10,1.136831681847194e-10
single_shape,tiny_gap,not_applicable,retention_1,16,centered_logit_fidelity,100,4.839517675492289e-13,4.796918418037422e-13,4.880962856113058e-13
single_shape,tiny_gmp,not_applicable,release_default,0,centered_logit_fidelity,100,0.0,0.0,0.0
single_shape,tiny_gmp,not_applicable,release_default,1,centered_logit_fidelity,100,0.0,0.0,0.0
single_shape,tiny_gmp,not_applicable,release_default,2,centered_logit_fidelity,100,-5.452610640777067e-11,-3.4577899558907444e-10,2.3432342986795514e-10
single_shape,tiny_gmp,not_applicable,release_default,3,centered_logit_fidelity,100,-2.1354256973804554e-10,-6.755050672435647e-10,2.491182432423632e-10
single_shape,tiny_gmp,not_applicable,release_default,4,centered_logit_fidelity,100,-2.394627540702743e-10,-7.951321786547894e-10,3.130056417666171e-10
single_shape,tiny_gmp,not_applicable,release_default,5,centered_logit_fidelity,100,-1.391186399413158e-10,-7.993399397110412e-10,5.08076845290306e-10
single_shape,tiny_gmp,not_applicable,release_default,6,centered_logit_fidelity,100,-1.2194020904132685e-10,-8.350528168665772e-10,5.867165039641345e-10
single_shape,tiny_gmp,not_applicable,release_default,7,centered_logit_fidelity,100,-9.778474030497364e-11,-8.468557616270189e-10,6.647882173638207e-10
single_shape,tiny_gmp,not_applicable,release_default,8,centered_logit_fidelity,100,-7.369498344900194e-11,-8.471831403622509e-10,6.718825393547953e-10
single_shape,tiny_gmp,not_applicable,release_default,9,centered_logit_fidelity,100,4.735235203945365e-11,-6.98545317673327e-10,7.990140866442893e-10
single_shape,tiny_gmp,not_applicable,release_default,10,centered_logit_fidelity,100,-1.5133960751256837e-11,-7.178475647795501e-10,6.809268911500681e-10
single_shape,tiny_gmp,not_applicable,release_default,11,centered_logit_fidelity,100,-6.513661388041214e-11,-7.456247396453453e-10,6.223769818403108e-10
single_shape,tiny_gmp,not_applicable,release_default,12,centered_logit_fidelity,100,1.9848254151355604e-11,-5.6841888704251e-10,6.248538560738034e-10
single_shape,tiny_gmp,not_applicable,release_default,13,centered_logit_fidelity,100,5.060141305968102e-11,-4.681588903765466e-10,5.698999400727267e-10
single_shape,tiny_gmp,not_applicable,release_default,14,centered_logit_fidelity,100,1.0001334760367797e-10,-3.1662568047985395e-10,5.159066304716297e-10
single_shape,tiny_gmp,not_applicable,release_default,15,centered_logit_fidelity,100,5.637860955864937e-11,-2.0141380518978734e-10,3.095591008528409e-10
single_shape,tiny_gmp,not_applicable,release_default,16,centered_logit_fidelity,100,1.2082113087785728e-13,1.1874276562018337e-13,1.228950552434327e-13
single_shape,tiny_gmp,not_applicable,retention_1,0,centered_logit_fidelity,100,0.0,0.0,0.0
single_shape,tiny_gmp,not_applicable,retention_1,1,centered_logit_fidelity,100,0.0,0.0,0.0
single_shape,tiny_gmp,not_applicable,retention_1,2,centered_logit_fidelity,100,-1.9485556779219593e-10,-4.859054668349127e-10,1.140569593910401e-10
single_shape,tiny_gmp,not_applicable,retention_1,3,centered_logit_fidelity,100,-2.385575481600455e-10,-7.728016891278554e-10,2.985351854195572e-10
single_shape,tiny_gmp,not_applicable,retention_1,4,centered_logit_fidelity,100,-1.2130579207791924e-10,-7.800527342394225e-10,5.496925178927186e-10
single_shape,tiny_gmp,not_applicable,retention_1,5,centered_logit_fidelity,100,2.807546328753574e-10,-4.779328602877441e-10,1.0739465195475082e-09
single_shape,tiny_gmp,not_applicable,retention_1,6,centered_logit_fidelity,100,3.831472039639294e-10,-4.4721300690442335e-10,1.22014632475409e-09
single_shape,tiny_gmp,not_applicable,retention_1,7,centered_logit_fidelity,100,6.37733341690705e-10,-1.9926228392308507e-10,1.5094529629278148e-09
single_shape,tiny_gmp,not_applicable,retention_1,8,centered_logit_fidelity,100,4.1862403543646566e-10,-3.3733344273478844e-10,1.2113395217172584e-09
single_shape,tiny_gmp,not_applicable,retention_1,9,centered_logit_fidelity,100,3.5940404430334637e-10,-3.8081993833372073e-10,1.1046356718225067e-09
single_shape,tiny_gmp,not_applicable,retention_1,10,centered_logit_fidelity,100,4.9491773346233e-10,-1.882433030009345e-10,1.1913645437400255e-09
single_shape,tiny_gmp,not_applicable,retention_1,11,centered_logit_fidelity,100,3.992570829502995e-10,-2.2154235734817007e-10,1.024624310091981e-09
single_shape,tiny_gmp,not_applicable,retention_1,12,centered_logit_fidelity,100,3.2060359589358713e-10,-2.25834853262441e-10,8.683471733883505e-10
single_shape,tiny_gmp,not_applicable,retention_1,13,centered_logit_fidelity,100,3.1740420070036633e-10,-1.401287247904115e-10,7.698561603208807e-10
single_shape,tiny_gmp,not_applicable,retention_1,14,centered_logit_fidelity,100,3.469990395021938e-10,-6.830340543162448e-12,7.134939553343766e-10
single_shape,tiny_gmp,not_applicable,retention_1,15,centered_logit_fidelity,100,2.8589161371606053e-10,5.7172164280583376e-11,5.143650897709849e-10
single_shape,tiny_gmp,not_applicable,retention_1,16,centered_logit_fidelity,100,1.8106738330914141e-13,1.7732229573574898e-13,1.8496987275185007e-13
two_concepts,bn2_w16_gap,not_applicable,release_default,0,centered_logit_fidelity,100,0.0,0.0,0.0
two_concepts,bn2_w16_gap,not_applicable,release_default,1,centered_logit_fidelity,100,0.0,0.0,0.0
two_concepts,bn2_w16_gap,not_applicable,release_default,2,centered_logit_fidelity,100,-0.022980536403960805,-0.02501562752663541,-0.020955356894258776
two_concepts,bn2_w16_gap,not_applicable,release_default,3,centered_logit_fidelity,100,-0.0552985280454692,-0.058992093275372005,-0.051555761532955
two_concepts,bn2_w16_gap,not_applicable,release_default,4,centered_logit_fidelity,100,-0.08607938141476247,-0.09199941273972245,-0.07964207988070676
two_concepts,bn2_w16_gap,not_applicable,release_default,5,centered_logit_fidelity,100,-0.11383634045126541,-0.12275261427368715,-0.10473109226889155
two_concepts,bn2_w16_gap,not_applicable,release_default,6,centered_logit_fidelity,100,-0.11800228987400248,-0.1316537882708925,-0.10388272521854733
two_concepts,bn2_w16_gap,not_applicable,release_default,7,centered_logit_fidelity,100,-0.10713403913995108,-0.1267118967240554,-0.086738623956869
two_concepts,bn2_w16_gap,not_applicable,release_default,8,centered_logit_fidelity,100,-0.07082567237879973,-0.09639358844886448,-0.04446235392821591
two_concepts,bn2_w16_gap,not_applicable,release_default,9,centered_logit_fidelity,100,-0.021574732264402176,-0.054028140013910465,0.011673613354489496
two_concepts,bn2_w16_gap,not_applicable,release_default,10,centered_logit_fidelity,100,0.06587332808152951,0.02722413077114445,0.10722506904390046
two_concepts,bn2_w16_gap,not_applicable,release_default,11,centered_logit_fidelity,100,0.16801912886888115,0.11943556688761109,0.21616532282776915
two_concepts,bn2_w16_gap,not_applicable,release_default,12,centered_logit_fidelity,100,0.27562875470902065,0.21904977399109282,0.33439149979622157
two_concepts,bn2_w16_gap,not_applicable,release_default,13,centered_logit_fidelity,100,0.4587489824184599,0.3926255401407367,0.5276523035693368
two_concepts,bn2_w16_gap,not_applicable,release_default,14,centered_logit_fidelity,100,0.7254970004543803,0.6492027268809265,0.8026850281958877
two_concepts,bn2_w16_gap,not_applicable,release_default,15,centered_logit_fidelity,100,1.0141982034232602,0.9291805248213608,1.1010491207785165
two_concepts,bn2_w16_gap,not_applicable,release_default,16,centered_logit_fidelity,100,1.3150498677138842,1.2284509203610368,1.4033801006431703
two_concepts,bn2_w16_gap,not_applicable,retention_1,0,centered_logit_fidelity,100,0.0,0.0,0.0
two_concepts,bn2_w16_gap,not_applicable,retention_1,1,centered_logit_fidelity,100,0.0,0.0,0.0
two_concepts,bn2_w16_gap,not_applicable,retention_1,2,centered_logit_fidelity,100,-0.027619794031505638,-0.031022054749396597,-0.024269302696356753
two_concepts,bn2_w16_gap,not_applicable,retention_1,3,centered_logit_fidelity,100,-0.05860102356744762,-0.06387409960558432,-0.05332551335988741
two_concepts,bn2_w16_gap,not_applicable,retention_1,4,centered_logit_fidelity,100,-0.09851312011705467,-0.10678286555360156,-0.09027443358188597
two_concepts,bn2_w16_gap,not_applicable,retention_1,5,centered_logit_fidelity,100,-0.08465247068635279,-0.09860454859309788,-0.068914692514437
two_concepts,bn2_w16_gap,not_applicable,retention_1,6,centered_logit_fidelity,100,-0.023803228861234507,-0.0456923406447083,-0.00036803252646082525
two_concepts,bn2_w16_gap,not_applicable,retention_1,7,centered_logit_fidelity,100,0.09417840167329244,0.06047260718809622,0.1277370683650303
two_concepts,bn2_w16_gap,not_applicable,retention_1,8,centered_logit_fidelity,100,0.2968519129208995,0.25046645000110845,0.34497360972045704
two_concepts,bn2_w16_gap,not_applicable,retention_1,9,centered_logit_fidelity,100,0.5933052773174092,0.5315497149818638,0.6577757009987593
two_concepts,bn2_w16_gap,not_applicable,retention_1,10,centered_logit_fidelity,100,0.880287527406594,0.7965237680938787,0.9661566051637782
two_concepts,bn2_w16_gap,not_applicable,retention_1,11,centered_logit_fidelity,100,1.0822329546652032,0.9902139312132312,1.1767523180103043
two_concepts,bn2_w16_gap,not_applicable,retention_1,12,centered_logit_fidelity,100,1.2258638070001329,1.1219783210587977,1.3326897973871987
two_concepts,bn2_w16_gap,not_applicable,retention_1,13,centered_logit_fidelity,100,1.3465198545195076,1.2319734750232023,1.460608183042961
two_concepts,bn2_w16_gap,not_applicable,retention_1,14,centered_logit_fidelity,100,1.7071416963465387,1.5785629218285222,1.8366719548534587
two_concepts,bn2_w16_gap,not_applicable,retention_1,15,centered_logit_fidelity,100,2.1728713433046707,2.031061020031935,2.318397243886362
two_concepts,bn2_w16_gap,not_applicable,retention_1,16,centered_logit_fidelity,100,2.3531884336396303,2.1937965339719985,2.5151232235254124
two_concepts,bn2_w16_gmp,not_applicable,release_default,0,centered_logit_fidelity,100,0.0,0.0,0.0
two_concepts,bn2_w16_gmp,not_applicable,release_default,1,centered_logit_fidelity,100,0.0,0.0,0.0
two_concepts,bn2_w16_gmp,not_applicable,release_default,2,centered_logit_fidelity,100,-0.008909756099375768,-0.011483660997207313,-0.006492678393123629
two_concepts,bn2_w16_gmp,not_applicable,release_default,3,centered_logit_fidelity,100,-0.01775053246508031,-0.022375834136795756,-0.013196698360974002
two_concepts,bn2_w16_gmp,not_applicable,release_default,4,centered_logit_fidelity,100,-0.00931015167688653,-0.016799487397141735,-0.001724334462486076
two_concepts,bn2_w16_gmp,not_applicable,release_default,5,centered_logit_fidelity,100,0.01331279399285193,0.0024504923677997137,0.024290462912300727
two_concepts,bn2_w16_gmp,not_applicable,release_default,6,centered_logit_fidelity,100,0.076030461749286,0.059998191968489156,0.09263603225259034
two_concepts,bn2_w16_gmp,not_applicable,release_default,7,centered_logit_fidelity,100,0.16193917788593098,0.14251789302109613,0.182744650359268
two_concepts,bn2_w16_gmp,not_applicable,release_default,8,centered_logit_fidelity,100,0.29533491623575137,0.2598599029477414,0.3382242195563976
two_concepts,bn2_w16_gmp,not_applicable,release_default,9,centered_logit_fidelity,100,0.44770902660751205,0.40385934369991483,0.49626541346131753
two_concepts,bn2_w16_gmp,not_applicable,release_default,10,centered_logit_fidelity,100,0.6194859808252172,0.5672754440184155,0.6780020051502968
two_concepts,bn2_w16_gmp,not_applicable,release_default,11,centered_logit_fidelity,100,0.8276341481408798,0.7691534355152712,0.8931099976661071
two_concepts,bn2_w16_gmp,not_applicable,release_default,12,centered_logit_fidelity,100,1.0782027307611697,1.0096942442119483,1.1532181691138905
two_concepts,bn2_w16_gmp,not_applicable,release_default,13,centered_logit_fidelity,100,1.3425060708796068,1.2679885002879163,1.4230125505916356
two_concepts,bn2_w16_gmp,not_applicable,release_default,14,centered_logit_fidelity,100,1.6265793168608706,1.543519340899674,1.7171152811033097
two_concepts,bn2_w16_gmp,not_applicable,release_default,15,centered_logit_fidelity,100,1.9265671737039627,1.8403560001427806,2.019871414462455
two_concepts,bn2_w16_gmp,not_applicable,release_default,16,centered_logit_fidelity,100,2.3254463531949976,2.2265271623775593,2.4276598079496137
two_concepts,bn2_w16_gmp,not_applicable,retention_1,0,centered_logit_fidelity,100,0.0,0.0,0.0
two_concepts,bn2_w16_gmp,not_applicable,retention_1,1,centered_logit_fidelity,100,0.0,0.0,0.0
two_concepts,bn2_w16_gmp,not_applicable,retention_1,2,centered_logit_fidelity,100,0.0028522478717035145,-0.0005701306927165152,0.006178520958684514
two_concepts,bn2_w16_gmp,not_applicable,retention_1,3,centered_logit_fidelity,100,0.0017082011760903096,-0.00530688644154428,0.009616922460215088
two_concepts,bn2_w16_gmp,not_applicable,retention_1,4,centered_logit_fidelity,100,0.038017334566982044,0.021159749717613665,0.056807957511165734
two_concepts,bn2_w16_gmp,not_applicable,retention_1,5,centered_logit_fidelity,100,0.08914813638378426,0.06867933737999918,0.11164144979567718
two_concepts,bn2_w16_gmp,not_applicable,retention_1,6,centered_logit_fidelity,100,0.17312541301341572,0.14488551605436323,0.20406728958830825
two_concepts,bn2_w16_gmp,not_applicable,retention_1,7,centered_logit_fidelity,100,0.3236686730804194,0.28025611292728025,0.37011559557905893
two_concepts,bn2_w16_gmp,not_applicable,retention_1,8,centered_logit_fidelity,100,0.5324089484965014,0.48019848626680106,0.589998168884537
two_concepts,bn2_w16_gmp,not_applicable,retention_1,9,centered_logit_fidelity,100,0.7395348845166921,0.6752974392133879,0.8086620563996123
two_concepts,bn2_w16_gmp,not_applicable,retention_1,10,centered_logit_fidelity,100,0.957337989167699,0.884641606809711,1.0409186293831674
two_concepts,bn2_w16_gmp,not_applicable,retention_1,11,centered_logit_fidelity,100,1.244584098054933,1.1558897663517986,1.341899597454134
two_concepts,bn2_w16_gmp,not_applicable,retention_1,12,centered_logit_fidelity,100,1.5871871413345113,1.4852318553588912,1.7000061841389824
two_concepts,bn2_w16_gmp,not_applicable,retention_1,13,centered_logit_fidelity,100,1.9186381146078038,1.8015095284051819,2.0424587785466946
two_concepts,bn2_w16_gmp,not_applicable,retention_1,14,centered_logit_fidelity,100,2.347857662487459,2.204678013220852,2.4946737641499435
two_concepts,bn2_w16_gmp,not_applicable,retention_1,15,centered_logit_fidelity,100,2.745883574148085,2.5843506582907683,2.913338833667703
two_concepts,bn2_w16_gmp,not_applicable,retention_1,16,centered_logit_fidelity,100,3.4187875345092085,3.2212759244898317,3.625999570405955
two_concepts,bn4_w16_gap,not_applicable,release_default,0,centered_logit_fidelity,100,0.0,0.0,0.0
two_concepts,bn4_w16_gap,not_applicable,release_default,1,centered_logit_fidelity,100,0.0,0.0,0.0
two_concepts,bn4_w16_gap,not_applicable,release_default,2,centered_logit_fidelity,100,-0.03624450039019404,-0.040479728156409156,-0.032128804767342686
two_concepts,bn4_w16_gap,not_applicable,release_default,3,centered_logit_fidelity,100,-0.09966143906055346,-0.10972206239797072,-0.0901201172641468
two_concepts,bn4_w16_gap,not_applicable,release_default,4,centered_logit_fidelity,100,-0.15103556166181115,-0.1659771997914061,-0.13686810410214315
two_concepts,bn4_w16_gap,not_applicable,release_default,5,centered_logit_fidelity,100,-0.1431984840481817,-0.16104140434638747,-0.12556354862187039
two_concepts,bn4_w16_gap,not_applicable,release_default,6,centered_logit_fidelity,100,-0.0871533679249347,-0.1070831145416414,-0.06627122778432656
two_concepts,bn4_w16_gap,not_applicable,release_default,7,centered_logit_fidelity,100,0.042918417596032266,0.005914660982294543,0.08305090241296732
two_concepts,bn4_w16_gap,not_applicable,release_default,8,centered_logit_fidelity,100,0.1814475723306097,0.13331731759905718,0.23402459725620656
two_concepts,bn4_w16_gap,not_applicable,release_default,9,centered_logit_fidelity,100,0.3772851768758507,0.3180271436762229,0.44076071962321245
two_concepts,bn4_w16_gap,not_applicable,release_default,10,centered_logit_fidelity,100,0.6476623121937755,0.573290575761518,0.7284463856838996
two_concepts,bn4_w16_gap,not_applicable,release_default,11,centered_logit_fidelity,100,0.9434263171314083,0.8562351938252466,1.0336403512866081
two_concepts,bn4_w16_gap,not_applicable,release_default,12,centered_logit_fidelity,100,1.2544595027472698,1.150932368172244,1.3622769238459016
two_concepts,bn4_w16_gap,not_applicable,release_default,13,centered_logit_fidelity,100,1.60138783980305,1.4824559226706533,1.7240059680401827
two_concepts,bn4_w16_gap,not_applicable,release_default,14,centered_logit_fidelity,100,1.9610889823130284,1.8300298304230056,2.1014644287540674
two_concepts,bn4_w16_gap,not_applicable,release_default,15,centered_logit_fidelity,100,2.4701745189404094,2.32313510196348,2.6249041992070192
two_concepts,bn4_w16_gap,not_applicable,release_default,16,centered_logit_fidelity,100,2.810199072234927,2.648840998802809,2.9837798373578024
two_concepts,bn4_w16_gap,not_applicable,retention_1,0,centered_logit_fidelity,100,0.0,0.0,0.0
two_concepts,bn4_w16_gap,not_applicable,retention_1,1,centered_logit_fidelity,100,0.0,0.0,0.0
two_concepts,bn4_w16_gap,not_applicable,retention_1,2,centered_logit_fidelity,100,-0.05499503975757358,-0.06428930454706423,-0.04658513367464211
two_concepts,bn4_w16_gap,not_applicable,retention_1,3,centered_logit_fidelity,100,-0.17400147042781267,-0.19062722279324074,-0.15811683842516147
two_concepts,bn4_w16_gap,not_applicable,retention_1,4,centered_logit_fidelity,100,-0.34525346780998345,-0.37776904807293227,-0.31481649897973357
two_concepts,bn4_w16_gap,not_applicable,retention_1,5,centered_logit_fidelity,100,-0.2969490635105179,-0.32563178415263055,-0.26992729214900824
two_concepts,bn4_w16_gap,not_applicable,retention_1,6,centered_logit_fidelity,100,-0.19893319305660814,-0.22759599901907265,-0.1708843331735807
two_concepts,bn4_w16_gap,not_applicable,retention_1,7,centered_logit_fidelity,100,-0.018878127923625823,-0.056774995350875775,0.02259734083314039
two_concepts,bn4_w16_gap,not_applicable,retention_1,8,centered_logit_fidelity,100,0.26138627222820615,0.2010352394045288,0.32887778869449996
two_concepts,bn4_w16_gap,not_applicable,retention_1,9,centered_logit_fidelity,100,0.4827589947360667,0.4128562561537334,0.5596127642051875
two_concepts,bn4_w16_gap,not_applicable,retention_1,10,centered_logit_fidelity,100,0.8012537705021129,0.7155877751900361,0.8947023636633702
two_concepts,bn4_w16_gap,not_applicable,retention_1,11,centered_logit_fidelity,100,1.147023650164397,1.0384102043552987,1.259112551815556
two_concepts,bn4_w16_gap,not_applicable,retention_1,12,centered_logit_fidelity,100,1.4498754300727312,1.3267839733422968,1.5838719910837644
two_concepts,bn4_w16_gap,not_applicable,retention_1,13,centered_logit_fidelity,100,1.9323354584565249,1.7855795884084331,2.093866717381876
two_concepts,bn4_w16_gap,not_applicable,retention_1,14,centered_logit_fidelity,100,2.4185632995867463,2.2542443803405092,2.598714475120557
two_concepts,bn4_w16_gap,not_applicable,retention_1,15,centered_logit_fidelity,100,3.1772140286340895,2.9808212974322084,3.388804919634356
two_concepts,bn4_w16_gap,not_applicable,retention_1,16,centered_logit_fidelity,100,3.6806686351434887,3.462873758241712,3.913918591882108
two_concepts,bn4_w16_gmp,not_applicable,release_default,0,centered_logit_fidelity,100,0.0,0.0,0.0
two_concepts,bn4_w16_gmp,not_applicable,release_default,1,centered_logit_fidelity,100,0.0,0.0,0.0
two_concepts,bn4_w16_gmp,not_applicable,release_default,2,centered_logit_fidelity,100,0.0025749911621209456,-1.539924138356787e-05,0.005279123979504569
two_concepts,bn4_w16_gmp,not_applicable,release_default,3,centered_logit_fidelity,100,0.00017414694176831115,-0.007797636703974913,0.006648524572337538
two_concepts,bn4_w16_gmp,not_applicable,release_default,4,centered_logit_fidelity,100,-0.0056147698704908265,-0.012200625937465527,0.0009035564916642101
two_concepts,bn4_w16_gmp,not_applicable,release_default,5,centered_logit_fidelity,100,-0.008391087768452415,-0.015119216432065558,-0.0018388280906428086
two_concepts,bn4_w16_gmp,not_applicable,release_default,6,centered_logit_fidelity,100,0.005526686444845922,-0.003279847941938622,0.014449627327920973
two_concepts,bn4_w16_gmp,not_applicable,release_default,7,centered_logit_fidelity,100,0.032992905700536077,0.021722562725645423,0.04437392692689822
two_concepts,bn4_w16_gmp,not_applicable,release_default,8,centered_logit_fidelity,100,0.0754731263453272,0.06173057441035328,0.09027076055683557
two_concepts,bn4_w16_gmp,not_applicable,release_default,9,centered_logit_fidelity,100,0.12496033073258088,0.10902365931142438,0.141747424451036
two_concepts,bn4_w16_gmp,not_applicable,release_default,10,centered_logit_fidelity,100,0.18378330418536937,0.1642869177018536,0.20370671209538416
two_concepts,bn4_w16_gmp,not_applicable,release_default,11,centered_logit_fidelity,100,0.24992724041451467,0.22719129353117498,0.27502433890008243
two_concepts,bn4_w16_gmp,not_applicable,release_default,12,centered_logit_fidelity,100,0.3399126888307213,0.31284168534638085,0.3706952895106932
two_concepts,bn4_w16_gmp,not_applicable,release_default,13,centered_logit_fidelity,100,0.46066171007111967,0.4276579288389743,0.49572581984113306
two_concepts,bn4_w16_gmp,not_applicable,release_default,14,centered_logit_fidelity,100,0.6016789164968107,0.5647704987058982,0.6393631269467354
two_concepts,bn4_w16_gmp,not_applicable,release_default,15,centered_logit_fidelity,100,0.7142190706000136,0.6727849598279685,0.7585454656048024
two_concepts,bn4_w16_gmp,not_applicable,release_default,16,centered_logit_fidelity,100,0.9200222912330065,0.8727508367168219,0.9715070158071876
two_concepts,bn4_w16_gmp,not_applicable,retention_1,0,centered_logit_fidelity,100,0.0,0.0,0.0
two_concepts,bn4_w16_gmp,not_applicable,retention_1,1,centered_logit_fidelity,100,0.0,0.0,0.0
two_concepts,bn4_w16_gmp,not_applicable,retention_1,2,centered_logit_fidelity,100,0.0065927871066427165,0.003603117920078077,0.009586904964822885
two_concepts,bn4_w16_gmp,not_applicable,retention_1,3,centered_logit_fidelity,100,0.0002107734278142137,-0.0040944784474565635,0.0046155759046560725
two_concepts,bn4_w16_gmp,not_applicable,retention_1,4,centered_logit_fidelity,100,-0.016147374737025513,-0.023971858458630223,-0.008272514556312935
two_concepts,bn4_w16_gmp,not_applicable,retention_1,5,centered_logit_fidelity,100,-0.01357773792865332,-0.021710043773101272,-0.004987893611262272
two_concepts,bn4_w16_gmp,not_applicable,retention_1,6,centered_logit_fidelity,100,0.0005532380862111441,-0.009668962481186049,0.010881097509224944
two_concepts,bn4_w16_gmp,not_applicable,retention_1,7,centered_logit_fidelity,100,0.04149726720990239,0.028496741942086425,0.056184410984960416
two_concepts,bn4_w16_gmp,not_applicable,retention_1,8,centered_logit_fidelity,100,0.08708095971218262,0.07033143551959117,0.10567709238268598
two_concepts,bn4_w16_gmp,not_applicable,retention_1,9,centered_logit_fidelity,100,0.1371191615467139,0.11820907562509567,0.15782950940838378
two_concepts,bn4_w16_gmp,not_applicable,retention_1,10,centered_logit_fidelity,100,0.19355980597356215,0.17044595094477497,0.22032438535940777
two_concepts,bn4_w16_gmp,not_applicable,retention_1,11,centered_logit_fidelity,100,0.2645825795384471,0.24126172047165004,0.29135489423307526
two_concepts,bn4_w16_gmp,not_applicable,retention_1,12,centered_logit_fidelity,100,0.3581714930466658,0.32913042832729256,0.3905160303900067
two_concepts,bn4_w16_gmp,not_applicable,retention_1,13,centered_logit_fidelity,100,0.46691125651972576,0.4324780546640078,0.5053079482672073
two_concepts,bn4_w16_gmp,not_applicable,retention_1,14,centered_logit_fidelity,100,0.6520357296217152,0.6099357656078052,0.6968598961628617
two_concepts,bn4_w16_gmp,not_applicable,retention_1,15,centered_logit_fidelity,100,0.7722582351601085,0.7265051381052764,0.8205510239966485
two_concepts,bn4_w16_gmp,not_applicable,retention_1,16,centered_logit_fidelity,100,1.0048573195272017,0.9514309259857919,1.0603936799070433
two_concepts,plain2_w16_gap,not_applicable,release_default,0,centered_logit_fidelity,100,0.0,0.0,0.0
two_concepts,plain2_w16_gap,not_applicable,release_default,1,centered_logit_fidelity,100,0.0,0.0,0.0
two_concepts,plain2_w16_gap,not_applicable,release_default,2,centered_logit_fidelity,100,0.0011456835255273246,0.0007500722163825853,0.0015630634700008813
two_concepts,plain2_w16_gap,not_applicable,release_default,3,centered_logit_fidelity,100,0.0033434272517829876,0.0025315490573340903,0.004164565023679799
two_concepts,plain2_w16_gap,not_applicable,release_default,4,centered_logit_fidelity,100,0.006942737783869845,0.005843842924302871,0.008066128601972916
two_concepts,plain2_w16_gap,not_applicable,release_default,5,centered_logit_fidelity,100,0.010154001471172815,0.008762699881864764,0.011492953140222329
two_concepts,plain2_w16_gap,not_applicable,release_default,6,centered_logit_fidelity,100,0.013529196140310219,0.012161522432526575,0.01488811863271995
two_concepts,plain2_w16_gap,not_applicable,release_default,7,centered_logit_fidelity,100,0.016002773423343667,0.014561438265231137,0.01738568031935251
two_concepts,plain2_w16_gap,not_applicable,release_default,8,centered_logit_fidelity,100,0.017378969212870146,0.015903262342976496,0.018827286497250986
two_concepts,plain2_w16_gap,not_applicable,release_default,9,centered_logit_fidelity,100,0.019202557396729866,0.01784126555124685,0.020514911510065598
two_concepts,plain2_w16_gap,not_applicable,release_default,10,centered_logit_fidelity,100,0.020357485644705898,0.019153364687450308,0.02151475947505521
two_concepts,plain2_w16_gap,not_applicable,release_default,11,centered_logit_fidelity,100,0.020959324283649813,0.01984492125875478,0.022070813508152234
two_concepts,plain2_w16_gap,not_applicable,release_default,12,centered_logit_fidelity,100,0.02045394708983361,0.019522415885922653,0.021457994556299858
two_concepts,plain2_w16_gap,not_applicable,release_default,13,centered_logit_fidelity,100,0.01918177189196054,0.018308348949705518,0.02015155057107397
two_concepts,plain2_w16_gap,not_applicable,release_default,14,centered_logit_fidelity,100,0.017263730964563316,0.016348562222748487,0.018217888980078395
two_concepts,plain2_w16_gap,not_applicable,release_default,15,centered_logit_fidelity,100,0.015015087156013044,0.014030420838728852,0.016105666391746383
two_concepts,plain2_w16_gap,not_applicable,release_default,16,centered_logit_fidelity,100,0.012733210428907116,0.011614686234882323,0.013947755461254912
two_concepts,plain2_w16_gap,not_applicable,retention_1,0,centered_logit_fidelity,100,0.0,0.0,0.0
two_concepts,plain2_w16_gap,not_applicable,retention_1,1,centered_logit_fidelity,100,0.0,0.0,0.0
two_concepts,plain2_w16_gap,not_applicable,retention_1,2,centered_logit_fidelity,100,0.002169405907322092,0.0018693548649546608,0.0024887548943138154
two_concepts,plain2_w16_gap,not_applicable,retention_1,3,centered_logit_fidelity,100,0.008876767102103894,0.007881259292829745,0.009866625205833705
two_concepts,plain2_w16_gap,not_applicable,retention_1,4,centered_logit_fidelity,100,0.011908693595927031,0.009990841196741979,0.013901530661630739
two_concepts,plain2_w16_gap,not_applicable,retention_1,5,centered_logit_fidelity,100,0.010220124960680905,0.008591927685928575,0.011904432463269929
two_concepts,plain2_w16_gap,not_applicable,retention_1,6,centered_logit_fidelity,100,0.005804863771112821,0.004090861452061148,0.007536255343844527
two_concepts,plain2_w16_gap,not_applicable,retention_1,7,centered_logit_fidelity,100,0.006416622200572985,0.004468895195135732,0.008378198913188448
two_concepts,plain2_w16_gap,not_applicable,retention_1,8,centered_logit_fidelity,100,0.006847983826058075,0.004757521501030284,0.008899142111288783
two_concepts,plain2_w16_gap,not_applicable,retention_1,9,centered_logit_fidelity,100,0.007804566791926807,0.00544952810595832,0.010086018605238141
two_concepts,plain2_w16_gap,not_applicable,retention_1,10,centered_logit_fidelity,100,0.0073745085813009086,0.005176874883754916,0.009564013842013643
two_concepts,plain2_w16_gap,not_applicable,retention_1,11,centered_logit_fidelity,100,0.006560538455197652,0.004469606818927364,0.008679690597192652
two_concepts,plain2_w16_gap,not_applicable,retention_1,12,centered_logit_fidelity,100,0.008705626281863499,0.007126948908251698,0.010301839608894593
two_concepts,plain2_w16_gap,not_applicable,retention_1,13,centered_logit_fidelity,100,0.008057011338304882,0.006870890987748763,0.009258683943421522
two_concepts,plain2_w16_gap,not_applicable,retention_1,14,centered_logit_fidelity,100,0.007202671482294421,0.006374768046880517,0.008009631773190204
two_concepts,plain2_w16_gap,not_applicable,retention_1,15,centered_logit_fidelity,100,0.007182198885441834,0.006581927504047955,0.007803789809363565
two_concepts,plain2_w16_gap,not_applicable,retention_1,16,centered_logit_fidelity,100,0.006637261065020119,0.006042360693738705,0.007292414017815493
two_concepts,plain2_w16_gmp,not_applicable,release_default,0,centered_logit_fidelity,100,0.0,0.0,0.0
two_concepts,plain2_w16_gmp,not_applicable,release_default,1,centered_logit_fidelity,100,0.0,0.0,0.0
two_concepts,plain2_w16_gmp,not_applicable,release_default,2,centered_logit_fidelity,100,0.0157019722298581,0.014519081620807625,0.01690271826788196
two_concepts,plain2_w16_gmp,not_applicable,release_default,3,centered_logit_fidelity,100,0.027529065505112974,0.025814525559472352,0.029259738372867782
two_concepts,plain2_w16_gmp,not_applicable,release_default,4,centered_logit_fidelity,100,0.04187319424976301,0.039626666567192395,0.04423633417758781
two_concepts,plain2_w16_gmp,not_applicable,release_default,5,centered_logit_fidelity,100,0.05607565372726286,0.053344835172611405,0.05886585420732268
two_concepts,plain2_w16_gmp,not_applicable,release_default,6,centered_logit_fidelity,100,0.06963888799065453,0.06660422021657461,0.072659925935957
two_concepts,plain2_w16_gmp,not_applicable,release_default,7,centered_logit_fidelity,100,0.08138164565335834,0.07784000919488974,0.08489665673444143
two_concepts,plain2_w16_gmp,not_applicable,release_default,8,centered_logit_fidelity,100,0.09491579061848157,0.09100448429890289,0.09886954877559591
two_concepts,plain2_w16_gmp,not_applicable,release_default,9,centered_logit_fidelity,100,0.10954571806796862,0.10519280017603709,0.11398979714958721
two_concepts,plain2_w16_gmp,not_applicable,release_default,10,centered_logit_fidelity,100,0.12495634236450823,0.12021074373410622,0.12972308957893
two_concepts,plain2_w16_gmp,not_applicable,release_default,11,centered_logit_fidelity,100,0.14271427672621018,0.13792389105929212,0.14743252614139862
two_concepts,plain2_w16_gmp,not_applicable,release_default,12,centered_logit_fidelity,100,0.15867738394790712,0.15346656061471778,0.16386919694470328
two_concepts,plain2_w16_gmp,not_applicable,release_default,13,centered_logit_fidelity,100,0.17731534531808457,0.171834080333837,0.18279737628069123
two_concepts,plain2_w16_gmp,not_applicable,release_default,14,centered_logit_fidelity,100,0.19890879654639496,0.19294378635122506,0.2049787693398149
two_concepts,plain2_w16_gmp,not_applicable,release_default,15,centered_logit_fidelity,100,0.22256901412515542,0.21592565979636277,0.22909147696522933
two_concepts,plain2_w16_gmp,not_applicable,release_default,16,centered_logit_fidelity,100,0.2566173799071323,0.24905762636305173,0.26401286411900166
two_concepts,plain2_w16_gmp,not_applicable,retention_1,0,centered_logit_fidelity,100,0.0,0.0,0.0
two_concepts,plain2_w16_gmp,not_applicable,retention_1,1,centered_logit_fidelity,100,0.0,0.0,0.0
two_concepts,plain2_w16_gmp,not_applicable,retention_1,2,centered_logit_fidelity,100,0.018481377109715535,0.017229465424969427,0.019726775443273243
two_concepts,plain2_w16_gmp,not_applicable,retention_1,3,centered_logit_fidelity,100,0.02355719121382214,0.021566524174682345,0.025576733185841086
two_concepts,plain2_w16_gmp,not_applicable,retention_1,4,centered_logit_fidelity,100,0.030180855158482102,0.027002466744238833,0.03331292911173114
two_concepts,plain2_w16_gmp,not_applicable,retention_1,5,centered_logit_fidelity,100,0.039940345610000934,0.03657140287977274,0.04324286992960857
two_concepts,plain2_w16_gmp,not_applicable,retention_1,6,centered_logit_fidelity,100,0.05082390416774482,0.04735972294215671,0.05431468616415447
two_concepts,plain2_w16_gmp,not_applicable,retention_1,7,centered_logit_fidelity,100,0.06427517911057815,0.060374560004754385,0.0682507540199714
two_concepts,plain2_w16_gmp,not_applicable,retention_1,8,centered_logit_fidelity,100,0.07434663626400768,0.07025691843232636,0.0785445792649691
two_concepts,plain2_w16_gmp,not_applicable,retention_1,9,centered_logit_fidelity,100,0.08781482646478887,0.08320589933147929,0.09259332441251227
two_concepts,plain2_w16_gmp,not_applicable,retention_1,10,centered_logit_fidelity,100,0.1065420881103962,0.10181480622494188,0.11136855721592567
two_concepts,plain2_w16_gmp,not_applicable,retention_1,11,centered_logit_fidelity,100,0.12045161717952206,0.11544611710344527,0.12563420982545806
two_concepts,plain2_w16_gmp,not_applicable,retention_1,12,centered_logit_fidelity,100,0.14472588856782245,0.13919891835016426,0.15043857108875855
two_concepts,plain2_w16_gmp,not_applicable,retention_1,13,centered_logit_fidelity,100,0.16982838408144085,0.1636078714190318,0.17634504053470365
two_concepts,plain2_w16_gmp,not_applicable,retention_1,14,centered_logit_fidelity,100,0.20842791272753192,0.201559749968108,0.21544922068812955
two_concepts,plain2_w16_gmp,not_applicable,retention_1,15,centered_logit_fidelity,100,0.24960952788445398,0.24134986537853637,0.2578685529023924
two_concepts,plain2_w16_gmp,not_applicable,retention_1,16,centered_logit_fidelity,100,0.3047986234551403,0.29518615096561995,0.31480609183247577
two_concepts,plain2_w64_gap,not_applicable,release_default,0,centered_logit_fidelity,100,0.0,0.0,0.0
two_concepts,plain2_w64_gap,not_applicable,release_default,1,centered_logit_fidelity,100,0.0,0.0,0.0
two_concepts,plain2_w64_gap,not_applicable,release_default,2,centered_logit_fidelity,100,0.00042647569764983406,0.0002627467556531872,0.0005915167509749534
two_concepts,plain2_w64_gap,not_applicable,release_default,3,centered_logit_fidelity,100,-0.00011506433781013153,-0.0007013773425923124,0.00044439090086413244
two_concepts,plain2_w64_gap,not_applicable,release_default,4,centered_logit_fidelity,100,-0.0008424018404411984,-0.0016319740595998069,-5.9978185712411114e-05
two_concepts,plain2_w64_gap,not_applicable,release_default,5,centered_logit_fidelity,100,-0.0013806773804759056,-0.002503028617873132,-0.0002981984476628241
two_concepts,plain2_w64_gap,not_applicable,release_default,6,centered_logit_fidelity,100,-0.0006948962158352057,-0.0020414302867002147,0.0006716479633898148
two_concepts,plain2_w64_gap,not_applicable,release_default,7,centered_logit_fidelity,100,0.001823624738031953,0.0005994543152935391,0.003034363118042878
two_concepts,plain2_w64_gap,not_applicable,release_default,8,centered_logit_fidelity,100,0.004509782299328989,0.003321870760002466,0.005668807536533682
two_concepts,plain2_w64_gap,not_applicable,release_default,9,centered_logit_fidelity,100,0.007359019415052648,0.006206076318542105,0.008511348880886147
two_concepts,plain2_w64_gap,not_applicable,release_default,10,centered_logit_fidelity,100,0.00970288523752639,0.008595375221316192,0.010830807459472493
two_concepts,plain2_w64_gap,not_applicable,release_default,11,centered_logit_fidelity,100,0.011212530331967728,0.010151854599218144,0.0122367731851402
two_concepts,plain2_w64_gap,not_applicable,release_default,12,centered_logit_fidelity,100,0.01168505045997792,0.010798503559207615,0.01260996762308034
two_concepts,plain2_w64_gap,not_applicable,release_default,13,centered_logit_fidelity,100,0.010880809206352003,0.010202531403465104,0.011552644052244813
two_concepts,plain2_w64_gap,not_applicable,release_default,14,centered_logit_fidelity,100,0.009196213339172223,0.008701776998791311,0.009727590937506627
two_concepts,plain2_w64_gap,not_applicable,release_default,15,centered_logit_fidelity,100,0.007165065416455467,0.006808589528969018,0.007562371484254481
two_concepts,plain2_w64_gap,not_applicable,release_default,16,centered_logit_fidelity,100,0.004853420553504677,0.0045396888759375266,0.005225745126818981
two_concepts,plain2_w64_gap,not_applicable,retention_1,0,centered_logit_fidelity,100,0.0,0.0,0.0
two_concepts,plain2_w64_gap,not_applicable,retention_1,1,centered_logit_fidelity,100,0.0,0.0,0.0
two_concepts,plain2_w64_gap,not_applicable,retention_1,2,centered_logit_fidelity,100,0.005081353537733746,0.004486671809221911,0.005715729445998189
two_concepts,plain2_w64_gap,not_applicable,retention_1,3,centered_logit_fidelity,100,0.019208532526995475,0.018034128694558765,0.020387166678655002
two_concepts,plain2_w64_gap,not_applicable,retention_1,4,centered_logit_fidelity,100,0.03548079987708039,0.032815992041021216,0.03803150536480092
two_concepts,plain2_w64_gap,not_applicable,retention_1,5,centered_logit_fidelity,100,0.025503289677831584,0.023305727248347,0.0277053554482151
two_concepts,plain2_w64_gap,not_applicable,retention_1,6,centered_logit_fidelity,100,0.009910554167508804,0.008400264175916586,0.011357822462743396
two_concepts,plain2_w64_gap,not_applicable,retention_1,7,centered_logit_fidelity,100,0.004223669866314033,0.002599759957919308,0.005866852396494096
two_concepts,plain2_w64_gap,not_applicable,retention_1,8,centered_logit_fidelity,100,0.004027370902791087,0.002585058890873042,0.005487049251354986
two_concepts,plain2_w64_gap,not_applicable,retention_1,9,centered_logit_fidelity,100,0.006392497257631787,0.005094609045661834,0.007731524662735137
two_concepts,plain2_w64_gap,not_applicable,retention_1,10,centered_logit_fidelity,100,0.005513126965658567,0.00399835906979768,0.007091980911000408
two_concepts,plain2_w64_gap,not_applicable,retention_1,11,centered_logit_fidelity,100,0.004694482540897631,0.0031334268578008064,0.006303442545982536
two_concepts,plain2_w64_gap,not_applicable,retention_1,12,centered_logit_fidelity,100,0.0071948771956464605,0.005893492692263123,0.008510074650799556
two_concepts,plain2_w64_gap,not_applicable,retention_1,13,centered_logit_fidelity,100,0.007998997665031767,0.006972681621649917,0.009077386253074912
two_concepts,plain2_w64_gap,not_applicable,retention_1,14,centered_logit_fidelity,100,0.007264541602877784,0.006686022300810499,0.007878153860517418
two_concepts,plain2_w64_gap,not_applicable,retention_1,15,centered_logit_fidelity,100,0.008310867360477979,0.007857939013842064,0.008773288165822879
two_concepts,plain2_w64_gap,not_applicable,retention_1,16,centered_logit_fidelity,100,0.009356420070751707,0.008726319698778458,0.009982448508531716
two_concepts,plain2_w64_gmp,not_applicable,release_default,0,centered_logit_fidelity,100,0.0,0.0,0.0
two_concepts,plain2_w64_gmp,not_applicable,release_default,1,centered_logit_fidelity,100,0.0,0.0,0.0
two_concepts,plain2_w64_gmp,not_applicable,release_default,2,centered_logit_fidelity,100,0.018835208657389094,0.01790171183945064,0.019748187018296157
two_concepts,plain2_w64_gmp,not_applicable,release_default,3,centered_logit_fidelity,100,0.02908581631254568,0.02791133147651576,0.03025877739273206
two_concepts,plain2_w64_gmp,not_applicable,release_default,4,centered_logit_fidelity,100,0.041241891052825504,0.03935576719444122,0.043128890945524946
two_concepts,plain2_w64_gmp,not_applicable,release_default,5,centered_logit_fidelity,100,0.04954106688378115,0.04728869165632727,0.051740139590393315
two_concepts,plain2_w64_gmp,not_applicable,release_default,6,centered_logit_fidelity,100,0.05696116568406202,0.05474946339389953,0.05920138250561655
two_concepts,plain2_w64_gmp,not_applicable,release_default,7,centered_logit_fidelity,100,0.06289398825109872,0.06052396516010058,0.06528903669371783
two_concepts,plain2_w64_gmp,not_applicable,release_default,8,centered_logit_fidelity,100,0.06883205949683742,0.06644697679429083,0.07122346650831682
two_concepts,plain2_w64_gmp,not_applicable,release_default,9,centered_logit_fidelity,100,0.07541339602358439,0.07301370555966102,0.07785546688833726
two_concepts,plain2_w64_gmp,not_applicable,release_default,10,centered_logit_fidelity,100,0.08230144804451729,0.07974517192975467,0.08489287597064017
two_concepts,plain2_w64_gmp,not_applicable,release_default,11,centered_logit_fidelity,100,0.0929355990628568,0.09002831698495091,0.09590644943357944
two_concepts,plain2_w64_gmp,not_applicable,release_default,12,centered_logit_fidelity,100,0.10545464507343567,0.10226195276069217,0.10868293949329641
two_concepts,plain2_w64_gmp,not_applicable,release_default,13,centered_logit_fidelity,100,0.12311671722140544,0.11972641699557335,0.12648115728552023
two_concepts,plain2_w64_gmp,not_applicable,release_default,14,centered_logit_fidelity,100,0.14561853457616855,0.1418134685024813,0.14936025361854305
two_concepts,plain2_w64_gmp,not_applicable,release_default,15,centered_logit_fidelity,100,0.17480533701755455,0.17047426779121155,0.17916784556260967
two_concepts,plain2_w64_gmp,not_applicable,release_default,16,centered_logit_fidelity,100,0.2165457128159258,0.21121999949774942,0.22199885802868732
two_concepts,plain2_w64_gmp,not_applicable,retention_1,0,centered_logit_fidelity,100,0.0,0.0,0.0
two_concepts,plain2_w64_gmp,not_applicable,retention_1,1,centered_logit_fidelity,100,0.0,0.0,0.0
two_concepts,plain2_w64_gmp,not_applicable,retention_1,2,centered_logit_fidelity,100,0.01723362196520955,0.01632313546114276,0.01811761017123035
two_concepts,plain2_w64_gmp,not_applicable,retention_1,3,centered_logit_fidelity,100,0.021098565246873983,0.01977583168552477,0.02243284375387395
two_concepts,plain2_w64_gmp,not_applicable,retention_1,4,centered_logit_fidelity,100,0.02444971589448284,0.022528090256825707,0.026358147087542142
two_concepts,plain2_w64_gmp,not_applicable,retention_1,5,centered_logit_fidelity,100,0.027898994377978083,0.025802145989103516,0.030023997430635243
two_concepts,plain2_w64_gmp,not_applicable,retention_1,6,centered_logit_fidelity,100,0.032458023209710966,0.03025333347739266,0.034712807539612395
two_concepts,plain2_w64_gmp,not_applicable,retention_1,7,centered_logit_fidelity,100,0.04223484155060926,0.03974814655426777,0.044792928326489775
two_concepts,plain2_w64_gmp,not_applicable,retention_1,8,centered_logit_fidelity,100,0.048424386129443935,0.046098046415285476,0.05074351858727106
two_concepts,plain2_w64_gmp,not_applicable,retention_1,9,centered_logit_fidelity,100,0.05727349859699819,0.05483435625992202,0.05975469637746444
two_concepts,plain2_w64_gmp,not_applicable,retention_1,10,centered_logit_fidelity,100,0.07261598399691574,0.06986214550266065,0.07532028674239057
two_concepts,plain2_w64_gmp,not_applicable,retention_1,11,centered_logit_fidelity,100,0.08434358098720876,0.08109177421465118,0.08764920466110494
two_concepts,plain2_w64_gmp,not_applicable,retention_1,12,centered_logit_fidelity,100,0.10444062420552354,0.10097641532952233,0.10797077963580558
two_concepts,plain2_w64_gmp,not_applicable,retention_1,13,centered_logit_fidelity,100,0.12463315458846959,0.1199995051381923,0.12955384285443652
two_concepts,plain2_w64_gmp,not_applicable,retention_1,14,centered_logit_fidelity,100,0.1592556537842828,0.15483692289787804,0.1638812160826444
two_concepts,plain2_w64_gmp,not_applicable,retention_1,15,centered_logit_fidelity,100,0.1967631049532733,0.19119520522608274,0.20216720749053751
two_concepts,plain2_w64_gmp,not_applicable,retention_1,16,centered_logit_fidelity,100,0.24850279482035773,0.24173740905869956,0.2556540590504167
two_concepts,plain4_w16_gap,not_applicable,release_default,0,centered_logit_fidelity,100,0.0,0.0,0.0
two_concepts,plain4_w16_gap,not_applicable,release_default,1,centered_logit_fidelity,100,0.0,0.0,0.0
two_concepts,plain4_w16_gap,not_applicable,release_default,2,centered_logit_fidelity,100,0.0006120623658440846,-0.00020146543253802922,0.0014272604757044425
two_concepts,plain4_w16_gap,not_applicable,release_default,3,centered_logit_fidelity,100,0.0006234750168371534,-0.0023018315272678946,0.0032942244790818806
two_concepts,plain4_w16_gap,not_applicable,release_default,4,centered_logit_fidelity,100,0.0013071735188499808,-0.002834143409741571,0.005305091982261366
two_concepts,plain4_w16_gap,not_applicable,release_default,5,centered_logit_fidelity,100,-0.0010530096301964642,-0.0069312976878193105,0.004690800856968661
two_concepts,plain4_w16_gap,not_applicable,release_default,6,centered_logit_fidelity,100,0.0061236597621542955,-0.0007861029517474904,0.012777197266717888
two_concepts,plain4_w16_gap,not_applicable,release_default,7,centered_logit_fidelity,100,0.016875807861053145,0.010096223222107478,0.023452998495852067
two_concepts,plain4_w16_gap,not_applicable,release_default,8,centered_logit_fidelity,100,0.031138023954386043,0.024671571674996395,0.037606765252201815
two_concepts,plain4_w16_gap,not_applicable,release_default,9,centered_logit_fidelity,100,0.04749213736225763,0.04088881287719096,0.05403364395379304
two_concepts,plain4_w16_gap,not_applicable,release_default,10,centered_logit_fidelity,100,0.06356681519587909,0.05636449327287831,0.07072836225261829
two_concepts,plain4_w16_gap,not_applicable,release_default,11,centered_logit_fidelity,100,0.08480870715955574,0.07779851938629886,0.0920644188705485
two_concepts,plain4_w16_gap,not_applicable,release_default,12,centered_logit_fidelity,100,0.10762099544374024,0.09969120759021578,0.11561184040300404
two_concepts,plain4_w16_gap,not_applicable,release_default,13,centered_logit_fidelity,100,0.1305696102967392,0.12273752911585138,0.13836417184322503
two_concepts,plain4_w16_gap,not_applicable,release_default,14,centered_logit_fidelity,100,0.15687759634363194,0.14771283830876433,0.16635417372674008
two_concepts,plain4_w16_gap,not_applicable,release_default,15,centered_logit_fidelity,100,0.1802608059336094,0.16898581342483732,0.19171335227654213
two_concepts,plain4_w16_gap,not_applicable,release_default,16,centered_logit_fidelity,100,0.20301136744050832,0.19005866945521976,0.21670939125482394
two_concepts,plain4_w16_gap,not_applicable,retention_1,0,centered_logit_fidelity,100,0.0,0.0,0.0
two_concepts,plain4_w16_gap,not_applicable,retention_1,1,centered_logit_fidelity,100,0.0,0.0,0.0
two_concepts,plain4_w16_gap,not_applicable,retention_1,2,centered_logit_fidelity,100,0.0018484703680011847,0.001149222374848021,0.0025524066198314385
two_concepts,plain4_w16_gap,not_applicable,retention_1,3,centered_logit_fidelity,100,0.0030572055204984637,0.0016688244846365236,0.004444408683611658
two_concepts,plain4_w16_gap,not_applicable,retention_1,4,centered_logit_fidelity,100,0.007096138329578387,0.003716748602393365,0.010323954919371513
two_concepts,plain4_w16_gap,not_applicable,retention_1,5,centered_logit_fidelity,100,-0.0007201376640700843,-0.004783891813290886,0.0030435700283960167
two_concepts,plain4_w16_gap,not_applicable,retention_1,6,centered_logit_fidelity,100,-0.005898115428436872,-0.010725940468976658,-0.001088369734130069
two_concepts,plain4_w16_gap,not_applicable,retention_1,7,centered_logit_fidelity,100,-0.003647140439847556,-0.011022305139661093,0.0032636624073728855
two_concepts,plain4_w16_gap,not_applicable,retention_1,8,centered_logit_fidelity,100,0.008496958139683493,0.0015606478971770925,0.01550380631479472
two_concepts,plain4_w16_gap,not_applicable,retention_1,9,centered_logit_fidelity,100,0.029329178911257213,0.022141322248166506,0.03646883909394325
two_concepts,plain4_w16_gap,not_applicable,retention_1,10,centered_logit_fidelity,100,0.046070735173851095,0.037967165778240504,0.05429406270438424
two_concepts,plain4_w16_gap,not_applicable,retention_1,11,centered_logit_fidelity,100,0.061270349536033795,0.05389938288675024,0.0687397897206765
two_concepts,plain4_w16_gap,not_applicable,retention_1,12,centered_logit_fidelity,100,0.08036845926944525,0.07273634692249689,0.08796886401258028
two_concepts,plain4_w16_gap,not_applicable,retention_1,13,centered_logit_fidelity,100,0.10749152238203347,0.09948511718783298,0.1158067065953122
two_concepts,plain4_w16_gap,not_applicable,retention_1,14,centered_logit_fidelity,100,0.1360895357917907,0.1274956595915211,0.14482430624066417
two_concepts,plain4_w16_gap,not_applicable,retention_1,15,centered_logit_fidelity,100,0.17651021893263433,0.16512875477527947,0.18859251584062886
two_concepts,plain4_w16_gap,not_applicable,retention_1,16,centered_logit_fidelity,100,0.21119578220868426,0.19809518150270122,0.22476035103408606
two_concepts,plain4_w16_gmp,not_applicable,release_default,0,centered_logit_fidelity,100,0.0,0.0,0.0
two_concepts,plain4_w16_gmp,not_applicable,release_default,1,centered_logit_fidelity,100,0.0,0.0,0.0
two_concepts,plain4_w16_gmp,not_applicable,release_default,2,centered_logit_fidelity,100,0.017844658055550622,0.016601882562490244,0.019115618511440093
two_concepts,plain4_w16_gmp,not_applicable,release_default,3,centered_logit_fidelity,100,0.03693558976801302,0.03491393933349347,0.03901545756835422
two_concepts,plain4_w16_gmp,not_applicable,release_default,4,centered_logit_fidelity,100,0.05838267156435737,0.05468383632242087,0.06213030550506894
two_concepts,plain4_w16_gmp,not_applicable,release_default,5,centered_logit_fidelity,100,0.07168978276631463,0.06650941671519614,0.07681156858705443
two_concepts,plain4_w16_gmp,not_applicable,release_default,6,centered_logit_fidelity,100,0.08953881508495062,0.08331880625968897,0.09570154122894792
two_concepts,plain4_w16_gmp,not_applicable,release_default,7,centered_logit_fidelity,100,0.11115714524115759,0.10450875118177162,0.1177967140269311
two_concepts,plain4_w16_gmp,not_applicable,release_default,8,centered_logit_fidelity,100,0.13686981304386936,0.12954669708834232,0.14416876936463316
two_concepts,plain4_w16_gmp,not_applicable,release_default,9,centered_logit_fidelity,100,0.16258810382946695,0.15420227693133837,0.1713256293719012
two_concepts,plain4_w16_gmp,not_applicable,release_default,10,centered_logit_fidelity,100,0.18901003675477518,0.18033278677298792,0.19771619482438796
two_concepts,plain4_w16_gmp,not_applicable,release_default,11,centered_logit_fidelity,100,0.21980715028295095,0.21041841674673076,0.22917253127332077
two_concepts,plain4_w16_gmp,not_applicable,release_default,12,centered_logit_fidelity,100,0.25299457777627976,0.24360652704234673,0.26258481208470297
two_concepts,plain4_w16_gmp,not_applicable,release_default,13,centered_logit_fidelity,100,0.28964114887498704,0.27903848027933853,0.30065686395487273
two_concepts,plain4_w16_gmp,not_applicable,release_default,14,centered_logit_fidelity,100,0.32834685432699223,0.3160496309084146,0.3409689308896936
two_concepts,plain4_w16_gmp,not_applicable,release_default,15,centered_logit_fidelity,100,0.36446067476548416,0.3507964769795021,0.3783271038274715
two_concepts,plain4_w16_gmp,not_applicable,release_default,16,centered_logit_fidelity,100,0.41535531216275956,0.3977058512075053,0.4342392888687087
two_concepts,plain4_w16_gmp,not_applicable,retention_1,0,centered_logit_fidelity,100,0.0,0.0,0.0
two_concepts,plain4_w16_gmp,not_applicable,retention_1,1,centered_logit_fidelity,100,0.0,0.0,0.0
two_concepts,plain4_w16_gmp,not_applicable,retention_1,2,centered_logit_fidelity,100,0.016775374194427376,0.01560291656729737,0.017999656668301205
two_concepts,plain4_w16_gmp,not_applicable,retention_1,3,centered_logit_fidelity,100,0.03548258259150468,0.033603316335651084,0.03734756368266086
two_concepts,plain4_w16_gmp,not_applicable,retention_1,4,centered_logit_fidelity,100,0.05921722504533591,0.055371422460824556,0.06297591201986827
two_concepts,plain4_w16_gmp,not_applicable,retention_1,5,centered_logit_fidelity,100,0.06823523038554134,0.0631718003563036,0.07337174251735612
two_concepts,plain4_w16_gmp,not_applicable,retention_1,6,centered_logit_fidelity,100,0.07962915587748834,0.07343361428195176,0.08551702868474201
two_concepts,plain4_w16_gmp,not_applicable,retention_1,7,centered_logit_fidelity,100,0.10361422098785651,0.09715201821052974,0.11009611011545609
two_concepts,plain4_w16_gmp,not_applicable,retention_1,8,centered_logit_fidelity,100,0.12818840312869717,0.12125972414287013,0.1351606454718718
two_concepts,plain4_w16_gmp,not_applicable,retention_1,9,centered_logit_fidelity,100,0.14950474659825244,0.1415977004836447,0.15753653662521122
two_concepts,plain4_w16_gmp,not_applicable,retention_1,10,centered_logit_fidelity,100,0.18133840849857893,0.1717915764626284,0.19114355926770027
two_concepts,plain4_w16_gmp,not_applicable,retention_1,11,centered_logit_fidelity,100,0.20301545879674798,0.19225522723687677,0.21407661676915943
two_concepts,plain4_w16_gmp,not_applicable,retention_1,12,centered_logit_fidelity,100,0.24174626329006565,0.23159561365650905,0.25240847099169356
two_concepts,plain4_w16_gmp,not_applicable,retention_1,13,centered_logit_fidelity,100,0.28334915660932175,0.2718859837436826,0.2950113988830486
two_concepts,plain4_w16_gmp,not_applicable,retention_1,14,centered_logit_fidelity,100,0.3310278805328967,0.31747519624419984,0.345149429972379
two_concepts,plain4_w16_gmp,not_applicable,retention_1,15,centered_logit_fidelity,100,0.36954082616651696,0.35407022140178906,0.38497045745693226
two_concepts,plain4_w16_gmp,not_applicable,retention_1,16,centered_logit_fidelity,100,0.42904151327064904,0.40964906172384663,0.4492128534962742
two_concepts,plain4_w64_gap,not_applicable,release_default,0,centered_logit_fidelity,100,0.0,0.0,0.0
two_concepts,plain4_w64_gap,not_applicable,release_default,1,centered_logit_fidelity,100,0.0,0.0,0.0
two_concepts,plain4_w64_gap,not_applicable,release_default,2,centered_logit_fidelity,100,0.004005619181692575,0.003252310883056582,0.004791182185936718
two_concepts,plain4_w64_gap,not_applicable,release_default,3,centered_logit_fidelity,100,0.006521526847878467,0.004640876870706785,0.008390041665745926
two_concepts,plain4_w64_gap,not_applicable,release_default,4,centered_logit_fidelity,100,0.006364787357280413,0.002707179708049451,0.009690420776692599
two_concepts,plain4_w64_gap,not_applicable,release_default,5,centered_logit_fidelity,100,0.004846555307756076,0.00043940793671404043,0.009072984489121477
two_concepts,plain4_w64_gap,not_applicable,release_default,6,centered_logit_fidelity,100,0.004192854783343537,-0.0012980109759570457,0.00947394752361093
two_concepts,plain4_w64_gap,not_applicable,release_default,7,centered_logit_fidelity,100,0.01591383255051762,0.009288414783877015,0.022406584613755807
two_concepts,plain4_w64_gap,not_applicable,release_default,8,centered_logit_fidelity,100,0.03483765576341935,0.02765372058891051,0.041777637921148525
two_concepts,plain4_w64_gap,not_applicable,release_default,9,centered_logit_fidelity,100,0.054697461135259265,0.047760005302045834,0.061824626571055474
two_concepts,plain4_w64_gap,not_applicable,release_default,10,centered_logit_fidelity,100,0.0730512042211069,0.06587841126060481,0.0800838269860362
two_concepts,plain4_w64_gap,not_applicable,release_default,11,centered_logit_fidelity,100,0.09219386964248198,0.08485144823234587,0.09949312232563272
two_concepts,plain4_w64_gap,not_applicable,release_default,12,centered_logit_fidelity,100,0.11273072767680732,0.10509167405920548,0.12039522486201212
two_concepts,plain4_w64_gap,not_applicable,release_default,13,centered_logit_fidelity,100,0.1411362967856304,0.13273009106146083,0.14959126451084634
two_concepts,plain4_w64_gap,not_applicable,release_default,14,centered_logit_fidelity,100,0.177661941015006,0.16855055857928983,0.1865975435701695
two_concepts,plain4_w64_gap,not_applicable,release_default,15,centered_logit_fidelity,100,0.21599824558775635,0.20604706816174118,0.2260782527642492
two_concepts,plain4_w64_gap,not_applicable,release_default,16,centered_logit_fidelity,100,0.2513670650658324,0.2389285323389432,0.26391027359873365
two_concepts,plain4_w64_gap,not_applicable,retention_1,0,centered_logit_fidelity,100,0.0,0.0,0.0
two_concepts,plain4_w64_gap,not_applicable,retention_1,1,centered_logit_fidelity,100,0.0,0.0,0.0
two_concepts,plain4_w64_gap,not_applicable,retention_1,2,centered_logit_fidelity,100,0.008102518915733582,0.007150269406231044,0.009044538380225751
two_concepts,plain4_w64_gap,not_applicable,retention_1,3,centered_logit_fidelity,100,0.0162452980574574,0.014476887311689493,0.01808699355096472
two_concepts,plain4_w64_gap,not_applicable,retention_1,4,centered_logit_fidelity,100,0.037892984973909055,0.03403894494438082,0.04196675601750871
two_concepts,plain4_w64_gap,not_applicable,retention_1,5,centered_logit_fidelity,100,0.039802129614917366,0.03505064108097901,0.04450498753317147
two_concepts,plain4_w64_gap,not_applicable,retention_1,6,centered_logit_fidelity,100,0.025504955418192705,0.020678604204300267,0.030221958184794964
two_concepts,plain4_w64_gap,not_applicable,retention_1,7,centered_logit_fidelity,100,0.022411184097459888,0.016905872003451734,0.02788812067994431
two_concepts,plain4_w64_gap,not_applicable,retention_1,8,centered_logit_fidelity,100,0.03264567820232161,0.026400049409944146,0.03898819286467708
two_concepts,plain4_w64_gap,not_applicable,retention_1,9,centered_logit_fidelity,100,0.054016104281883026,0.04643635221009886,0.06158928031491346
two_concepts,plain4_w64_gap,not_applicable,retention_1,10,centered_logit_fidelity,100,0.07379439828992701,0.0651482106746638,0.08271012868315225
two_concepts,plain4_w64_gap,not_applicable,retention_1,11,centered_logit_fidelity,100,0.08532393883713844,0.07576358925957911,0.09462672221466005
two_concepts,plain4_w64_gap,not_applicable,retention_1,12,centered_logit_fidelity,100,0.10336223436767793,0.09285347424625627,0.11427646014279295
two_concepts,plain4_w64_gap,not_applicable,retention_1,13,centered_logit_fidelity,100,0.1324928442970592,0.121115408712003,0.14415770091243602
two_concepts,plain4_w64_gap,not_applicable,retention_1,14,centered_logit_fidelity,100,0.17472396170163979,0.16236476473836164,0.1869921685232766
two_concepts,plain4_w64_gap,not_applicable,retention_1,15,centered_logit_fidelity,100,0.239380761856719,0.2268043806550989,0.25244842992238303
two_concepts,plain4_w64_gap,not_applicable,retention_1,16,centered_logit_fidelity,100,0.2832889018051717,0.26894922596424,0.2983404342858356
two_concepts,plain4_w64_gmp,not_applicable,release_default,0,centered_logit_fidelity,100,0.0,0.0,0.0
two_concepts,plain4_w64_gmp,not_applicable,release_default,1,centered_logit_fidelity,100,0.0,0.0,0.0
two_concepts,plain4_w64_gmp,not_applicable,release_default,2,centered_logit_fidelity,100,0.01762552576071698,0.01692446379677857,0.018362586635625705
two_concepts,plain4_w64_gmp,not_applicable,release_default,3,centered_logit_fidelity,100,0.03955405650785972,0.038369662951009506,0.040754827768665805
two_concepts,plain4_w64_gmp,not_applicable,release_default,4,centered_logit_fidelity,100,0.06873480010693946,0.06647611207553342,0.07090834180045817
two_concepts,plain4_w64_gmp,not_applicable,release_default,5,centered_logit_fidelity,100,0.07363357533753674,0.06982534357903926,0.07718164389984666
two_concepts,plain4_w64_gmp,not_applicable,release_default,6,centered_logit_fidelity,100,0.08216619150461059,0.07752473721709423,0.08670073875313845
two_concepts,plain4_w64_gmp,not_applicable,release_default,7,centered_logit_fidelity,100,0.0987564899254586,0.09327721751959325,0.10409670734456788
two_concepts,plain4_w64_gmp,not_applicable,release_default,8,centered_logit_fidelity,100,0.11759128222863564,0.11190281132827233,0.12326016519894495
two_concepts,plain4_w64_gmp,not_applicable,release_default,9,centered_logit_fidelity,100,0.1334640525368559,0.1274450477153916,0.13954437615132795
two_concepts,plain4_w64_gmp,not_applicable,release_default,10,centered_logit_fidelity,100,0.1567030952768014,0.1505662581730567,0.16281238216335547
two_concepts,plain4_w64_gmp,not_applicable,release_default,11,centered_logit_fidelity,100,0.1748367896713712,0.16839715058237206,0.18125149529821033
two_concepts,plain4_w64_gmp,not_applicable,release_default,12,centered_logit_fidelity,100,0.21455819567832216,0.20863663647988798,0.2204376447268024
two_concepts,plain4_w64_gmp,not_applicable,release_default,13,centered_logit_fidelity,100,0.2492351785783991,0.24260539740807596,0.2560838806814277
two_concepts,plain4_w64_gmp,not_applicable,release_default,14,centered_logit_fidelity,100,0.28383040198310144,0.2757391252667616,0.2920829346450865
two_concepts,plain4_w64_gmp,not_applicable,release_default,15,centered_logit_fidelity,100,0.31477454037550817,0.30458880101086366,0.3249669622625793
two_concepts,plain4_w64_gmp,not_applicable,release_default,16,centered_logit_fidelity,100,0.36040012012481276,0.3455288039463704,0.37563250154391176
two_concepts,plain4_w64_gmp,not_applicable,retention_1,0,centered_logit_fidelity,100,0.0,0.0,0.0
two_concepts,plain4_w64_gmp,not_applicable,retention_1,1,centered_logit_fidelity,100,0.0,0.0,0.0
two_concepts,plain4_w64_gmp,not_applicable,retention_1,2,centered_logit_fidelity,100,0.017149568103540694,0.016399398385365558,0.017901609440596048
two_concepts,plain4_w64_gmp,not_applicable,retention_1,3,centered_logit_fidelity,100,0.0393488989775881,0.038183598902820595,0.04049552791379466
two_concepts,plain4_w64_gmp,not_applicable,retention_1,4,centered_logit_fidelity,100,0.06722465328500114,0.0648988519062431,0.06951150436900191
two_concepts,plain4_w64_gmp,not_applicable,retention_1,5,centered_logit_fidelity,100,0.07298068768092567,0.06949490878586886,0.07634854678951135
two_concepts,plain4_w64_gmp,not_applicable,retention_1,6,centered_logit_fidelity,100,0.0772135061531345,0.07250833473855424,0.08180145914845098
two_concepts,plain4_w64_gmp,not_applicable,retention_1,7,centered_logit_fidelity,100,0.09279829841263952,0.08731508293934875,0.09812345104203123
two_concepts,plain4_w64_gmp,not_applicable,retention_1,8,centered_logit_fidelity,100,0.11209412656002254,0.10654599187962151,0.11769169723047497
two_concepts,plain4_w64_gmp,not_applicable,retention_1,9,centered_logit_fidelity,100,0.1247039447455428,0.11863435141465109,0.13064509003885486
two_concepts,plain4_w64_gmp,not_applicable,retention_1,10,centered_logit_fidelity,100,0.14845907725702548,0.14254799982272492,0.15444488984469876
two_concepts,plain4_w64_gmp,not_applicable,retention_1,11,centered_logit_fidelity,100,0.16937504772270684,0.16286273614313015,0.1757404894759404
two_concepts,plain4_w64_gmp,not_applicable,retention_1,12,centered_logit_fidelity,100,0.20857549579395776,0.20277713886628085,0.2143709727326253
two_concepts,plain4_w64_gmp,not_applicable,retention_1,13,centered_logit_fidelity,100,0.24345722504617343,0.23678675480080402,0.2500752301129525
two_concepts,plain4_w64_gmp,not_applicable,retention_1,14,centered_logit_fidelity,100,0.27887500618630356,0.2708672184261168,0.28715665419488123
two_concepts,plain4_w64_gmp,not_applicable,retention_1,15,centered_logit_fidelity,100,0.3101960645049462,0.29983334781891646,0.3206374158345241
two_concepts,plain4_w64_gmp,not_applicable,retention_1,16,centered_logit_fidelity,100,0.3576365610709662,0.342596886566919,0.3730669002055352
two_concepts,res4_w16_gap,not_applicable,release_default,0,centered_logit_fidelity,100,0.0,0.0,0.0
two_concepts,res4_w16_gap,not_applicable,release_default,1,centered_logit_fidelity,100,0.0,0.0,0.0
two_concepts,res4_w16_gap,not_applicable,release_default,2,centered_logit_fidelity,100,0.00091743249132545,2.300103473908502e-06,0.001840537033301083
two_concepts,res4_w16_gap,not_applicable,release_default,3,centered_logit_fidelity,100,0.004550849220011865,0.002284962562358125,0.006783564733839124
two_concepts,res4_w16_gap,not_applicable,release_default,4,centered_logit_fidelity,100,0.004684685382779603,0.001696917887032496,0.007710023865464577
two_concepts,res4_w16_gap,not_applicable,release_default,5,centered_logit_fidelity,100,0.002907420802369704,-0.0018296756383487903,0.007303977302139723
two_concepts,res4_w16_gap,not_applicable,release_default,6,centered_logit_fidelity,100,0.008268478793295748,0.0027005998165785918,0.013512939165692836
two_concepts,res4_w16_gap,not_applicable,release_default,7,centered_logit_fidelity,100,0.017472817878129755,0.011196199461241204,0.023585979601890017
two_concepts,res4_w16_gap,not_applicable,release_default,8,centered_logit_fidelity,100,0.03163974576538051,0.025119432871744687,0.03812119635468177
two_concepts,res4_w16_gap,not_applicable,release_default,9,centered_logit_fidelity,100,0.050612544520804284,0.043713395461083174,0.05762644331759222
two_concepts,res4_w16_gap,not_applicable,release_default,10,centered_logit_fidelity,100,0.06877031498273889,0.061580155569825414,0.07594235544015478
two_concepts,res4_w16_gap,not_applicable,release_default,11,centered_logit_fidelity,100,0.08852288393795109,0.08126328785928781,0.09592296592971472
two_concepts,res4_w16_gap,not_applicable,release_default,12,centered_logit_fidelity,100,0.11193534885824981,0.10432996322558967,0.12004214761741426
two_concepts,res4_w16_gap,not_applicable,release_default,13,centered_logit_fidelity,100,0.13594708448492154,0.12717110239064053,0.14477193008094655
two_concepts,res4_w16_gap,not_applicable,release_default,14,centered_logit_fidelity,100,0.16314926782574926,0.15333670961848359,0.17286718733869555
two_concepts,res4_w16_gap,not_applicable,release_default,15,centered_logit_fidelity,100,0.19184479774717508,0.1804919633804758,0.20378028325764502
two_concepts,res4_w16_gap,not_applicable,release_default,16,centered_logit_fidelity,100,0.22128649182948248,0.20861588302841894,0.23483295664911102
two_concepts,res4_w16_gap,not_applicable,retention_1,0,centered_logit_fidelity,100,0.0,0.0,0.0
two_concepts,res4_w16_gap,not_applicable,retention_1,1,centered_logit_fidelity,100,0.0,0.0,0.0
two_concepts,res4_w16_gap,not_applicable,retention_1,2,centered_logit_fidelity,100,0.0020779316172476157,0.0012910517717639068,0.0028965372788277233
two_concepts,res4_w16_gap,not_applicable,retention_1,3,centered_logit_fidelity,100,0.0026252935251124716,0.0010825112752404845,0.004040051795885228
two_concepts,res4_w16_gap,not_applicable,retention_1,4,centered_logit_fidelity,100,0.006709881785243793,0.003644329951034311,0.00970390375920062
two_concepts,res4_w16_gap,not_applicable,retention_1,5,centered_logit_fidelity,100,0.0008258953439165903,-0.003112596994288933,0.004653160600021573
two_concepts,res4_w16_gap,not_applicable,retention_1,6,centered_logit_fidelity,100,-0.004638389329290508,-0.009119874980744687,-0.00021763422470974606
two_concepts,res4_w16_gap,not_applicable,retention_1,7,centered_logit_fidelity,100,-0.00044411453914225407,-0.0065314553687032305,0.005246158725168624
two_concepts,res4_w16_gap,not_applicable,retention_1,8,centered_logit_fidelity,100,0.010098126465774949,0.0024655207434016234,0.017383583114130588
two_concepts,res4_w16_gap,not_applicable,retention_1,9,centered_logit_fidelity,100,0.02968218751637168,0.02195883975565675,0.03763699328853905
two_concepts,res4_w16_gap,not_applicable,retention_1,10,centered_logit_fidelity,100,0.04984962476395118,0.04119685683682337,0.058434018957359134
two_concepts,res4_w16_gap,not_applicable,retention_1,11,centered_logit_fidelity,100,0.06303423639173764,0.054597973786261196,0.07157518249544671
two_concepts,res4_w16_gap,not_applicable,retention_1,12,centered_logit_fidelity,100,0.08613922223877277,0.0771477301203192,0.09512842458853409
two_concepts,res4_w16_gap,not_applicable,retention_1,13,centered_logit_fidelity,100,0.11556094044487399,0.10526683678510886,0.12668568672756553
two_concepts,res4_w16_gap,not_applicable,retention_1,14,centered_logit_fidelity,100,0.15335166016272647,0.142762297380719,0.16456495043058605
two_concepts,res4_w16_gap,not_applicable,retention_1,15,centered_logit_fidelity,100,0.20633648820018208,0.19320587823595067,0.21952898342980254
two_concepts,res4_w16_gap,not_applicable,retention_1,16,centered_logit_fidelity,100,0.2590848054222883,0.24319010143964395,0.2751361850729819
two_concepts,res4_w16_gmp,not_applicable,release_default,0,centered_logit_fidelity,100,0.0,0.0,0.0
two_concepts,res4_w16_gmp,not_applicable,release_default,1,centered_logit_fidelity,100,0.0,0.0,0.0
two_concepts,res4_w16_gmp,not_applicable,release_default,2,centered_logit_fidelity,100,0.020634731403214198,0.019337467726731918,0.02196018747387342
two_concepts,res4_w16_gmp,not_applicable,release_default,3,centered_logit_fidelity,100,0.04278999080175444,0.04053262846519655,0.045107557345860735
two_concepts,res4_w16_gmp,not_applicable,release_default,4,centered_logit_fidelity,100,0.06616954172346495,0.06283778967635785,0.06946645737139065
two_concepts,res4_w16_gmp,not_applicable,release_default,5,centered_logit_fidelity,100,0.0805958751433176,0.0765205767766043,0.08472445138839012
two_concepts,res4_w16_gmp,not_applicable,release_default,6,centered_logit_fidelity,100,0.099124073110258,0.09435286354356051,0.10403364659135746
two_concepts,res4_w16_gmp,not_applicable,release_default,7,centered_logit_fidelity,100,0.1208437735184165,0.11490238618646997,0.126969397192151
two_concepts,res4_w16_gmp,not_applicable,release_default,8,centered_logit_fidelity,100,0.14422303821660026,0.1376861975889878,0.15089098206647564
two_concepts,res4_w16_gmp,not_applicable,release_default,9,centered_logit_fidelity,100,0.1688902360806073,0.16162087984203813,0.17600686538230736
two_concepts,res4_w16_gmp,not_applicable,release_default,10,centered_logit_fidelity,100,0.19176362170166608,0.18449915540315548,0.19921983428609577
two_concepts,res4_w16_gmp,not_applicable,release_default,11,centered_logit_fidelity,100,0.21815441408249817,0.21038483135025185,0.22578095878975626
two_concepts,res4_w16_gmp,not_applicable,release_default,12,centered_logit_fidelity,100,0.25020023711401523,0.24268026861665595,0.25779920632869535
two_concepts,res4_w16_gmp,not_applicable,release_default,13,centered_logit_fidelity,100,0.28313953846827566,0.27506345926971926,0.29091108271852834
two_concepts,res4_w16_gmp,not_applicable,release_default,14,centered_logit_fidelity,100,0.31251403170973935,0.30374049897443844,0.3211619200503405
two_concepts,res4_w16_gmp,not_applicable,release_default,15,centered_logit_fidelity,100,0.33785883781398307,0.32765443920224796,0.34795842039333347
two_concepts,res4_w16_gmp,not_applicable,release_default,16,centered_logit_fidelity,100,0.3773273588520996,0.36438538358679823,0.3904573237114247
two_concepts,res4_w16_gmp,not_applicable,retention_1,0,centered_logit_fidelity,100,0.0,0.0,0.0
two_concepts,res4_w16_gmp,not_applicable,retention_1,1,centered_logit_fidelity,100,0.0,0.0,0.0
two_concepts,res4_w16_gmp,not_applicable,retention_1,2,centered_logit_fidelity,100,0.019672419639457008,0.01853107956470347,0.020774343359527297
two_concepts,res4_w16_gmp,not_applicable,retention_1,3,centered_logit_fidelity,100,0.04203815440707177,0.04009999332546384,0.043893335232008585
two_concepts,res4_w16_gmp,not_applicable,retention_1,4,centered_logit_fidelity,100,0.07309855062522555,0.07012095296362372,0.07602752043355011
two_concepts,res4_w16_gmp,not_applicable,retention_1,5,centered_logit_fidelity,100,0.08188199224437649,0.07822043240511764,0.08558329761631342
two_concepts,res4_w16_gmp,not_applicable,retention_1,6,centered_logit_fidelity,100,0.09083765600058054,0.08579263774371614,0.09578998888118265
two_concepts,res4_w16_gmp,not_applicable,retention_1,7,centered_logit_fidelity,100,0.11396944437270692,0.10807172410489486,0.11995489907334214
two_concepts,res4_w16_gmp,not_applicable,retention_1,8,centered_logit_fidelity,100,0.13694773544857658,0.13042886722765193,0.14335887297583877
two_concepts,res4_w16_gmp,not_applicable,retention_1,9,centered_logit_fidelity,100,0.15233013862068343,0.1457025339682047,0.15903342076946683
two_concepts,res4_w16_gmp,not_applicable,retention_1,10,centered_logit_fidelity,100,0.1787659516811169,0.17124744362998687,0.18613235642261008
two_concepts,res4_w16_gmp,not_applicable,retention_1,11,centered_logit_fidelity,100,0.19836751915376413,0.19051217244138147,0.2063515051221505
two_concepts,res4_w16_gmp,not_applicable,retention_1,12,centered_logit_fidelity,100,0.23494481855983015,0.2273715218535621,0.2423571775675867
two_concepts,res4_w16_gmp,not_applicable,retention_1,13,centered_logit_fidelity,100,0.27518201316268043,0.266794681892528,0.28325927238788196
two_concepts,res4_w16_gmp,not_applicable,retention_1,14,centered_logit_fidelity,100,0.311534708564804,0.30180548882729114,0.32137712569272664
two_concepts,res4_w16_gmp,not_applicable,retention_1,15,centered_logit_fidelity,100,0.33433913265295573,0.3237340083037615,0.3454645340972351
two_concepts,res4_w16_gmp,not_applicable,retention_1,16,centered_logit_fidelity,100,0.38056843726434564,0.36664180020187376,0.3952693053912028
two_concepts,tiny_gap,not_applicable,release_default,0,centered_logit_fidelity,100,0.0,0.0,0.0
two_concepts,tiny_gap,not_applicable,release_default,1,centered_logit_fidelity,100,0.0,0.0,0.0
two_concepts,tiny_gap,not_applicable,release_default,2,centered_logit_fidelity,100,-3.696384187623636e-10,-9.81308086789312e-10,2.398177531420795e-10
two_concepts,tiny_gap,not_applicable,release_default,3,centered_logit_fidelity,100,-5.989015616769678e-10,-1.3752272313982683e-09,2.1265469590803195e-10
two_concepts,tiny_gap,not_applicable,release_default,4,centered_logit_fidelity,100,-4.571967593403059e-10,-1.2733143692489345e-09,3.7408662334481574e-10
two_concepts,tiny_gap,not_applicable,release_default,5,centered_logit_fidelity,100,-5.111457246353978e-10,-1.3742531689286964e-09,3.586692875479078e-10
two_concepts,tiny_gap,not_applicable,release_default,6,centered_logit_fidelity,100,-2.475683069658174e-10,-1.136789888916967e-09,6.117320319187764e-10
two_concepts,tiny_gap,not_applicable,release_default,7,centered_logit_fidelity,100,-3.694213313032435e-10,-1.1907605470817816e-09,4.6393132188682333e-10
two_concepts,tiny_gap,not_applicable,release_default,8,centered_logit_fidelity,100,-5.969017202733796e-10,-1.4104375661572188e-09,2.1929336144199586e-10
two_concepts,tiny_gap,not_applicable,release_default,9,centered_logit_fidelity,100,-6.051894663183788e-10,-1.3204138959443945e-09,1.0679149881065422e-10
two_concepts,tiny_gap,not_applicable,release_default,10,centered_logit_fidelity,100,-6.287543308225452e-10,-1.2652519297828846e-09,1.3801501386190187e-11
two_concepts,tiny_gap,not_applicable,release_default,11,centered_logit_fidelity,100,-5.667844071854944e-10,-1.1219739938228557e-09,-1.0075875245263552e-11
two_concepts,tiny_gap,not_applicable,release_default,12,centered_logit_fidelity,100,-5.182169138251425e-10,-1.0355762147251645e-09,-3.924719660375469e-12
two_concepts,tiny_gap,not_applicable,release_default,13,centered_logit_fidelity,100,-3.8824090609068664e-10,-8.235394781674898e-10,4.606964001951881e-11
two_concepts,tiny_gap,not_applicable,release_default,14,centered_logit_fidelity,100,-2.710413438133941e-10,-6.364383918489035e-10,9.215508933735346e-11
two_concepts,tiny_gap,not_applicable,release_default,15,centered_logit_fidelity,100,-2.447959313034431e-10,-4.799443747149911e-10,-1.746890010423393e-11
two_concepts,tiny_gap,not_applicable,release_default,16,centered_logit_fidelity,100,5.259992441608574e-13,5.064677011112905e-13,5.456670670866971e-13
two_concepts,tiny_gap,not_applicable,retention_1,0,centered_logit_fidelity,100,0.0,0.0,0.0
two_concepts,tiny_gap,not_applicable,retention_1,1,centered_logit_fidelity,100,0.0,0.0,0.0
two_concepts,tiny_gap,not_applicable,retention_1,2,centered_logit_fidelity,100,6.43026842606087e-10,-2.9319341836309134e-10,1.5942301444318848e-09
two_concepts,tiny_gap,not_applicable,retention_1,3,centered_logit_fidelity,100,6.909217364903242e-10,-4.6529169270281837e-10,1.8509130908506143e-09
two_concepts,tiny_gap,not_applicable,retention_1,4,centered_logit_fidelity,100,4.124727054355404e-10,-1.2263016456320886e-09,2.038065947757017e-09
two_concepts,tiny_gap,not_applicable,retention_1,5,centered_logit_fidelity,100,6.681967165689251e-10,-1.0722737241938842e-09,2.369285467818116e-09
two_concepts,tiny_gap,not_applicable,retention_1,6,centered_logit_fidelity,100,1.16473752920232e-09,-7.718038131654391e-10,3.1522076844314735e-09
two_concepts,tiny_gap,not_applicable,retention_1,7,centered_logit_fidelity,100,2.4180663293904557e-09,2.340750220458654e-10,4.589841703664385e-09
two_concepts,tiny_gap,not_applicable,retention_1,8,centered_logit_fidelity,100,3.568178613688744e-09,1.1675062992211326e-09,5.893273697460399e-09
two_concepts,tiny_gap,not_applicable,retention_1,9,centered_logit_fidelity,100,3.3125658860377883e-09,8.588923108288071e-10,5.672065595430098e-09
two_concepts,tiny_gap,not_applicable,retention_1,10,centered_logit_fidelity,100,3.1305047176743985e-09,7.944515039159939e-10,5.425104903644671e-09
two_concepts,tiny_gap,not_applicable,retention_1,11,centered_logit_fidelity,100,2.5029773720319783e-09,2.8622096262531654e-10,4.681745697232564e-09
two_concepts,tiny_gap,not_applicable,retention_1,12,centered_logit_fidelity,100,2.3322679143511494e-09,2.198083081661473e-10,4.442275573279808e-09
two_concepts,tiny_gap,not_applicable,retention_1,13,centered_logit_fidelity,100,1.2613240052417041e-09,-6.617998998814652e-11,2.5535807245402605e-09
two_concepts,tiny_gap,not_applicable,retention_1,14,centered_logit_fidelity,100,8.344920199299111e-10,-7.945333052594702e-11,1.7122612721021111e-09
two_concepts,tiny_gap,not_applicable,retention_1,15,centered_logit_fidelity,100,4.846033452299281e-10,5.790192739163481e-11,8.906287574661495e-10
two_concepts,tiny_gap,not_applicable,retention_1,16,centered_logit_fidelity,100,2.674376275990653e-12,2.6485934001563295e-12,2.700615425732522e-12
two_concepts,tiny_gmp,not_applicable,release_default,0,centered_logit_fidelity,100,0.0,0.0,0.0
two_concepts,tiny_gmp,not_applicable,release_default,1,centered_logit_fidelity,100,0.0,0.0,0.0
two_concepts,tiny_gmp,not_applicable,release_default,2,centered_logit_fidelity,100,2.2545126876494238e-11,-1.9921141922174536e-10,2.437793679421762e-10
two_concepts,tiny_gmp,not_applicable,release_default,3,centered_logit_fidelity,100,-2.542083210599344e-11,-3.1282980278435346e-10,2.7525305651421286e-10
two_concepts,tiny_gmp,not_applicable,release_default,4,centered_logit_fidelity,100,1.533267179887332e-11,-2.489489341894746e-10,2.861084977545669e-10
two_concepts,tiny_gmp,not_applicable,release_default,5,centered_logit_fidelity,100,6.427084531246408e-11,-1.6986097234328312e-10,2.960728856804539e-10
two_concepts,tiny_gmp,not_applicable,release_default,6,centered_logit_fidelity,100,3.458777819709269e-11,-1.8201734322542683e-10,2.4537012671688154e-10
two_concepts,tiny_gmp,not_applicable,release_default,7,centered_logit_fidelity,100,5.5205985338702135e-11,-1.3864418668685374e-10,2.4130832559920984e-10
two_concepts,tiny_gmp,not_applicable,release_default,8,centered_logit_fidelity,100,7.062332385565639e-11,-9.08494857398967e-11,2.326412112119147e-10
two_concepts,tiny_gmp,not_applicable,release_default,9,centered_logit_fidelity,100,-7.333650353658072e-12,-1.5906775474583413e-10,1.410400234935771e-10
two_concepts,tiny_gmp,not_applicable,release_default,10,centered_logit_fidelity,100,1.0080569712300758e-12,-1.3111120378273e-10,1.3035395099447734e-10
two_concepts,tiny_gmp,not_applicable,release_default,11,centered_logit_fidelity,100,2.0361355934639392e-11,-9.229804878718716e-11,1.289064909260062e-10
two_concepts,tiny_gmp,not_applicable,release_default,12,centered_logit_fidelity,100,1.9689539998424264e-11,-8.457467060019041e-11,1.2362891255168752e-10
two_concepts,tiny_gmp,not_applicable,release_default,13,centered_logit_fidelity,100,-1.0285740037474512e-11,-9.806829773251202e-11,7.500260137960345e-11
two_concepts,tiny_gmp,not_applicable,release_default,14,centered_logit_fidelity,100,-8.6065610194197e-12,-6.951754111250708e-11,5.0834124992737985e-11
two_concepts,tiny_gmp,not_applicable,release_default,15,centered_logit_fidelity,100,2.1069246347593664e-12,-4.217001448036939e-11,4.5398990261569236e-11
two_concepts,tiny_gmp,not_applicable,release_default,16,centered_logit_fidelity,100,8.412381902189736e-14,8.237849291603539e-14,8.587575095475586e-14
two_concepts,tiny_gmp,not_applicable,retention_1,0,centered_logit_fidelity,100,0.0,0.0,0.0
two_concepts,tiny_gmp,not_applicable,retention_1,1,centered_logit_fidelity,100,0.0,0.0,0.0
two_concepts,tiny_gmp,not_applicable,retention_1,2,centered_logit_fidelity,100,-6.97183299980253e-11,-2.1369048661123991e-10,7.929505688175626e-11
two_concepts,tiny_gmp,not_applicable,retention_1,3,centered_logit_fidelity,100,-8.578556753846556e-12,-1.984264515475509e-10,1.8253655417743708e-10
two_concepts,tiny_gmp,not_applicable,retention_1,4,centered_logit_fidelity,100,-4.903144001922044e-11,-2.557239946743284e-10,1.513783808027024e-10
two_concepts,tiny_gmp,not_applicable,retention_1,5,centered_logit_fidelity,100,3.440202123172753e-11,-1.8806702292706311e-10,2.511637271218614e-10
two_concepts,tiny_gmp,not_applicable,retention_1,6,centered_logit_fidelity,100,1.6148682724370645e-10,-5.245432288525363e-11,3.746979082286383e-10
two_concepts,tiny_gmp,not_applicable,retention_1,7,centered_logit_fidelity,100,1.474416755353758e-10,-5.7329598790456506e-11,3.4700829465439394e-10
two_concepts,tiny_gmp,not_applicable,retention_1,8,centered_logit_fidelity,100,1.7498063664689311e-10,-2.672150503646442e-11,3.739171704486565e-10
two_concepts,tiny_gmp,not_applicable,retention_1,9,centered_logit_fidelity,100,1.2230780832567235e-10,-6.145418743330743e-11,3.0978917264778973e-10
two_concepts,tiny_gmp,not_applicable,retention_1,10,centered_logit_fidelity,100,1.2348157052421983e-10,-5.752435638939346e-11,3.073794517249872e-10
two_concepts,tiny_gmp,not_applicable,retention_1,11,centered_logit_fidelity,100,1.5723747859297533e-10,-2.0029055664005922e-11,3.4305654164623603e-10
two_concepts,tiny_gmp,not_applicable,retention_1,12,centered_logit_fidelity,100,1.1107587183367684e-10,-5.1544883028498135e-11,2.7934465712808885e-10
two_concepts,tiny_gmp,not_applicable,retention_1,13,centered_logit_fidelity,100,1.1543054734275415e-10,-9.266330619484009e-12,2.4487579733389875e-10
two_concepts,tiny_gmp,not_applicable,retention_1,14,centered_logit_fidelity,100,8.384528737970242e-11,-2.6594265567503323e-11,1.9688662841743636e-10
two_concepts,tiny_gmp,not_applicable,retention_1,15,centered_logit_fidelity,100,2.706749269165698e-11,-5.373542943942766e-11,1.0761217417165625e-10
two_concepts,tiny_gmp,not_applicable,retention_1,16,centered_logit_fidelity,100,1.4516388091578847e-13,1.409326544354883e-13,1.4945389370524254e-13
single_shape,bn2_w16_gap,not_applicable,release_default,0,prob_error_reduction,100,0.0,0.0,0.0
single_shape,bn2_w16_gap,not_applicable,release_default,1,prob_error_reduction,100,0.0,0.0,0.0
single_shape,bn2_w16_gap,not_applicable,release_default,2,prob_error_reduction,100,-0.031154481263436232,-0.04123747926207519,-0.02154790645312393
single_shape,bn2_w16_gap,not_applicable,release_default,3,prob_error_reduction,100,-0.07585018990443192,-0.08979304429998451,-0.06209964230346766
single_shape,bn2_w16_gap,not_applicable,release_default,4,prob_error_reduction,100,-0.12080842572397263,-0.13925669653788997,-0.10297732405549641
single_shape,bn2_w16_gap,not_applicable,release_default,5,prob_error_reduction,100,-0.1243291044325324,-0.14341939036414847,-0.10550060070132118
single_shape,bn2_w16_gap,not_applicable,release_default,6,prob_error_reduction,100,-0.1123160434346348,-0.13275001228139727,-0.0919583196629125
single_shape,bn2_w16_gap,not_applicable,release_default,7,prob_error_reduction,100,-0.07693319516032154,-0.09813495409043517,-0.05539823292258012
single_shape,bn2_w16_gap,not_applicable,release_default,8,prob_error_reduction,100,-0.018104100029680707,-0.043585565793413356,0.007839787429358978
single_shape,bn2_w16_gap,not_applicable,release_default,9,prob_error_reduction,100,0.03373442869503373,0.00832969195035206,0.059398130762020926
single_shape,bn2_w16_gap,not_applicable,release_default,10,prob_error_reduction,100,0.11064923821372365,0.07785046633787508,0.14202359956814542
single_shape,bn2_w16_gap,not_applicable,release_default,11,prob_error_reduction,100,0.18093071454801124,0.14972607179547393,0.21251258292907743
single_shape,bn2_w16_gap,not_applicable,release_default,12,prob_error_reduction,100,0.21187670099318295,0.17985292567113667,0.2434258427670788
single_shape,bn2_w16_gap,not_applicable,release_default,13,prob_error_reduction,100,0.29297326603416657,0.2643791889583093,0.3218294356110082
single_shape,bn2_w16_gap,not_applicable,release_default,14,prob_error_reduction,100,0.41646423166342017,0.38904188757133146,0.4447788327811285
single_shape,bn2_w16_gap,not_applicable,release_default,15,prob_error_reduction,100,0.6767340383063062,0.6471286135082037,0.706524064473068
single_shape,bn2_w16_gap,not_applicable,release_default,16,prob_error_reduction,100,1.1531020326366523,1.1349020485024308,1.1717744083907837
single_shape,bn2_w16_gap,not_applicable,retention_1,0,prob_error_reduction,100,0.0,0.0,0.0
single_shape,bn2_w16_gap,not_applicable,retention_1,1,prob_error_reduction,100,0.0,0.0,0.0
single_shape,bn2_w16_gap,not_applicable,retention_1,2,prob_error_reduction,100,-0.10803492627243941,-0.12100944132218501,-0.09498441161956737
single_shape,bn2_w16_gap,not_applicable,retention_1,3,prob_error_reduction,100,-0.09190005599734455,-0.10467401301990216,-0.07895023906082578
single_shape,bn2_w16_gap,not_applicable,retention_1,4,prob_error_reduction,100,-0.10057225282227922,-0.12041381701724614,-0.08041411679057997
single_shape,bn2_w16_gap,not_applicable,retention_1,5,prob_error_reduction,100,-0.04071806166533481,-0.058279842154358566,-0.022831630494028636
single_shape,bn2_w16_gap,not_applicable,retention_1,6,prob_error_reduction,100,-0.011107447916332992,-0.02924350661966709,0.00729806326509373
single_shape,bn2_w16_gap,not_applicable,retention_1,7,prob_error_reduction,100,0.004999693450421669,-0.015698522174283015,0.025596012771929976
single_shape,bn2_w16_gap,not_applicable,retention_1,8,prob_error_reduction,100,0.05093960450971471,0.028071635421900623,0.07394389872401555
single_shape,bn2_w16_gap,not_applicable,retention_1,9,prob_error_reduction,100,0.1250120034543986,0.09945466437669453,0.15033489352429993
single_shape,bn2_w16_gap,not_applicable,retention_1,10,prob_error_reduction,100,0.2000205846557481,0.17710791963817626,0.22350189385542069
single_shape,bn2_w16_gap,not_applicable,retention_1,11,prob_error_reduction,100,0.245885051934929,0.2231137075284375,0.2684209475451643
single_shape,bn2_w16_gap,not_applicable,retention_1,12,prob_error_reduction,100,0.23702686288561658,0.20970250907056204,0.26480269957661845
single_shape,bn2_w16_gap,not_applicable,retention_1,13,prob_error_reduction,100,0.2863586035773051,0.25852338631500527,0.3132103542616508
single_shape,bn2_w16_gap,not_applicable,retention_1,14,prob_error_reduction,100,0.3832648911951056,0.35106995923744,0.41508451797763934
single_shape,bn2_w16_gap,not_applicable,retention_1,15,prob_error_reduction,100,0.7338245183358232,0.7029771010981881,0.76486971267989
single_shape,bn2_w16_gap,not_applicable,retention_1,16,prob_error_reduction,100,1.291293189366987,1.2714779503423552,1.3111771514825765
single_shape,bn2_w16_gmp,not_applicable,release_default,0,prob_error_reduction,100,0.0,0.0,0.0
single_shape,bn2_w16_gmp,not_applicable,release_default,1,prob_error_reduction,100,0.0,0.0,0.0
single_shape,bn2_w16_gmp,not_applicable,release_default,2,prob_error_reduction,100,-0.142981945117788,-0.15364924214652095,-0.13252512236646405
single_shape,bn2_w16_gmp,not_applicable,release_default,3,prob_error_reduction,100,-0.2801992804071948,-0.2970663035117975,-0.2636294253920451
single_shape,bn2_w16_gmp,not_applicable,release_default,4,prob_error_reduction,100,-0.28707321440777006,-0.3092079236443736,-0.26565783445481317
single_shape,bn2_w16_gmp,not_applicable,release_default,5,prob_error_reduction,100,-0.20227550333996838,-0.22575461684056716,-0.18098156553533112
single_shape,bn2_w16_gmp,not_applicable,release_default,6,prob_error_reduction,100,-0.09581168858775806,-0.11560610323320475,-0.07662412333215742
single_shape,bn2_w16_gmp,not_applicable,release_default,7,prob_error_reduction,100,0.0001829139573611327,-0.020062273425653157,0.019689944501877287
single_shape,bn2_w16_gmp,not_applicable,release_default,8,prob_error_reduction,100,0.09865105234271584,0.0771446081695233,0.11979776731161387
single_shape,bn2_w16_gmp,not_applicable,release_default,9,prob_error_reduction,100,0.22946085233472982,0.206586236220357,0.25263011596236706
single_shape,bn2_w16_gmp,not_applicable,release_default,10,prob_error_reduction,100,0.3562897684850181,0.33101189910138057,0.3806160927189236
single_shape,bn2_w16_gmp,not_applicable,release_default,11,prob_error_reduction,100,0.4909970011221673,0.46542744009335413,0.5165180920642518
single_shape,bn2_w16_gmp,not_applicable,release_default,12,prob_error_reduction,100,0.6378604828533,0.6122368372571553,0.6632061319290099
single_shape,bn2_w16_gmp,not_applicable,release_default,13,prob_error_reduction,100,0.8261237019566859,0.803011718260417,0.8486724436463023
single_shape,bn2_w16_gmp,not_applicable,release_default,14,prob_error_reduction,100,1.0264050271169785,1.0089585557695024,1.0437347861966841
single_shape,bn2_w16_gmp,not_applicable,release_default,15,prob_error_reduction,100,1.1749615669040856,1.1641299640195395,1.185562593022613
single_shape,bn2_w16_gmp,not_applicable,release_default,16,prob_error_reduction,100,1.2292096714665528,1.2228533799391301,1.2354969799716278
single_shape,bn2_w16_gmp,not_applicable,retention_1,0,prob_error_reduction,100,0.0,0.0,0.0
single_shape,bn2_w16_gmp,not_applicable,retention_1,1,prob_error_reduction,100,0.0,0.0,0.0
single_shape,bn2_w16_gmp,not_applicable,retention_1,2,prob_error_reduction,100,-0.17581293680637344,-0.1898651494700767,-0.16163055403488566
single_shape,bn2_w16_gmp,not_applicable,retention_1,3,prob_error_reduction,100,-0.25829609909308615,-0.280489691875822,-0.2360586741569557
single_shape,bn2_w16_gmp,not_applicable,retention_1,4,prob_error_reduction,100,-0.2744515477156032,-0.2992953196420699,-0.24992447016683011
single_shape,bn2_w16_gmp,not_applicable,retention_1,5,prob_error_reduction,100,-0.162902191921261,-0.18637993790310373,-0.13917151062511626
single_shape,bn2_w16_gmp,not_applicable,retention_1,6,prob_error_reduction,100,-0.08602365512992018,-0.11136557963834234,-0.060065996189989396
single_shape,bn2_w16_gmp,not_applicable,retention_1,7,prob_error_reduction,100,0.0063101158447619885,-0.01931136712125974,0.03125902227351688
single_shape,bn2_w16_gmp,not_applicable,retention_1,8,prob_error_reduction,100,0.08653716342140658,0.06162030930792158,0.11131607032553426
single_shape,bn2_w16_gmp,not_applicable,retention_1,9,prob_error_reduction,100,0.157305335314325,0.12867154799408062,0.18529855468151718
single_shape,bn2_w16_gmp,not_applicable,retention_1,10,prob_error_reduction,100,0.2593182276493503,0.22826132534524313,0.2900470464371088
single_shape,bn2_w16_gmp,not_applicable,retention_1,11,prob_error_reduction,100,0.3884103095960464,0.3570463248154068,0.4193490463411277
single_shape,bn2_w16_gmp,not_applicable,retention_1,12,prob_error_reduction,100,0.520446893298108,0.487506598613763,0.5532227757897031
single_shape,bn2_w16_gmp,not_applicable,retention_1,13,prob_error_reduction,100,0.6651125500122798,0.6337919818100444,0.6957228460263872
single_shape,bn2_w16_gmp,not_applicable,retention_1,14,prob_error_reduction,100,0.880335615101169,0.85306992478279,0.9082457333045993
single_shape,bn2_w16_gmp,not_applicable,retention_1,15,prob_error_reduction,100,1.1169231963626212,1.09647855288519,1.1362602621071387
single_shape,bn2_w16_gmp,not_applicable,retention_1,16,prob_error_reduction,100,1.2550990030830367,1.2485000636629464,1.2615195220608908
single_shape,bn4_w16_gap,not_applicable,release_default,0,prob_error_reduction,100,0.0,0.0,0.0
single_shape,bn4_w16_gap,not_applicable,release_default,1,prob_error_reduction,100,0.0,0.0,0.0
single_shape,bn4_w16_gap,not_applicable,release_default,2,prob_error_reduction,100,-0.0710882074356595,-0.08783437225611825,-0.05455617995093561
single_shape,bn4_w16_gap,not_applicable,release_default,3,prob_error_reduction,100,-0.06296105604373539,-0.08276334804337329,-0.04317416320691211
single_shape,bn4_w16_gap,not_applicable,release_default,4,prob_error_reduction,100,0.0025936740497082065,-0.018236624565859467,0.02334585551098328
single_shape,bn4_w16_gap,not_applicable,release_default,5,prob_error_reduction,100,0.0311215632272111,0.008282426756966131,0.05327284600333596
single_shape,bn4_w16_gap,not_applicable,release_default,6,prob_error_reduction,100,0.055519897766129894,0.03450705143280201,0.07592911028122752
single_shape,bn4_w16_gap,not_applicable,release_default,7,prob_error_reduction,100,0.08446567717975371,0.06002863464604386,0.10811653049673982
single_shape,bn4_w16_gap,not_applicable,release_default,8,prob_error_reduction,100,0.12386676856717255,0.09837324018785021,0.14943702765288358
single_shape,bn4_w16_gap,not_applicable,release_default,9,prob_error_reduction,100,0.17512073147307064,0.14809110757019806,0.20243382431610804
single_shape,bn4_w16_gap,not_applicable,release_default,10,prob_error_reduction,100,0.21481321375577575,0.1881154639702933,0.24254415131825308
single_shape,bn4_w16_gap,not_applicable,release_default,11,prob_error_reduction,100,0.2716985890470645,0.24569279823481177,0.2982140518360335
single_shape,bn4_w16_gap,not_applicable,release_default,12,prob_error_reduction,100,0.3090349475754283,0.28272951964389387,0.33578623521930767
single_shape,bn4_w16_gap,not_applicable,release_default,13,prob_error_reduction,100,0.4200524072901552,0.39364925796422284,0.4472634491798063
single_shape,bn4_w16_gap,not_applicable,release_default,14,prob_error_reduction,100,0.5558458040376987,0.529504733328478,0.5819256414524548
single_shape,bn4_w16_gap,not_applicable,release_default,15,prob_error_reduction,100,0.9152877401672699,0.8850113971638064,0.9448556370725517
single_shape,bn4_w16_gap,not_applicable,release_default,16,prob_error_reduction,100,1.3689184995244588,1.3572300398463488,1.3809005298494732
single_shape,bn4_w16_gap,not_applicable,retention_1,0,prob_error_reduction,100,0.0,0.0,0.0
single_shape,bn4_w16_gap,not_applicable,retention_1,1,prob_error_reduction,100,0.0,0.0,0.0
single_shape,bn4_w16_gap,not_applicable,retention_1,2,prob_error_reduction,100,-0.04420641168951761,-0.06169994025714766,-0.026609511892557405
single_shape,bn4_w16_gap,not_applicable,retention_1,3,prob_error_reduction,100,0.07626746851800215,0.05671100674677017,0.09614300732888335
single_shape,bn4_w16_gap,not_applicable,retention_1,4,prob_error_reduction,100,-0.010426148982685138,-0.02987513222400224,0.009283711576290817
single_shape,bn4_w16_gap,not_applicable,retention_1,5,prob_error_reduction,100,0.027123354331688873,0.003423220987729754,0.05006931566959532
single_shape,bn4_w16_gap,not_applicable,retention_1,6,prob_error_reduction,100,0.08296996151606867,0.06028878784045511,0.10508091779612694
single_shape,bn4_w16_gap,not_applicable,retention_1,7,prob_error_reduction,100,0.10875755611852231,0.08219857642264589,0.13522165756124677
single_shape,bn4_w16_gap,not_applicable,retention_1,8,prob_error_reduction,100,0.1935946699716099,0.16941508265542599,0.21801919869386271
single_shape,bn4_w16_gap,not_applicable,retention_1,9,prob_error_reduction,100,0.16852369558232208,0.14447786188644357,0.19300229854913523
single_shape,bn4_w16_gap,not_applicable,retention_1,10,prob_error_reduction,100,0.20476860432095476,0.17879734799795416,0.23143347258732463
single_shape,bn4_w16_gap,not_applicable,retention_1,11,prob_error_reduction,100,0.19509699586072007,0.1679900299745757,0.22260264703488414
single_shape,bn4_w16_gap,not_applicable,retention_1,12,prob_error_reduction,100,0.2496194692932774,0.2244647783981912,0.27506435303441734
single_shape,bn4_w16_gap,not_applicable,retention_1,13,prob_error_reduction,100,0.3387078392935691,0.3135889453190874,0.364556624960715
single_shape,bn4_w16_gap,not_applicable,retention_1,14,prob_error_reduction,100,0.5248620053198938,0.491060365363697,0.5590619978231367
single_shape,bn4_w16_gap,not_applicable,retention_1,15,prob_error_reduction,100,0.831339528263018,0.7963709138795091,0.8662986401609152
single_shape,bn4_w16_gap,not_applicable,retention_1,16,prob_error_reduction,100,1.3903947871197402,1.3787805239169961,1.4014646604455718
single_shape,bn4_w16_gmp,not_applicable,release_default,0,prob_error_reduction,100,0.0,0.0,0.0
single_shape,bn4_w16_gmp,not_applicable,release_default,1,prob_error_reduction,100,0.0,0.0,0.0
single_shape,bn4_w16_gmp,not_applicable,release_default,2,prob_error_reduction,100,-0.11043860009873993,-0.1192099939358739,-0.1019514266590775
single_shape,bn4_w16_gmp,not_applicable,release_default,3,prob_error_reduction,100,-0.19925006464717657,-0.2126694849384096,-0.18636370097848787
single_shape,bn4_w16_gmp,not_applicable,release_default,4,prob_error_reduction,100,-0.21775230257307296,-0.23460164142808843,-0.20101235764253655
single_shape,bn4_w16_gmp,not_applicable,release_default,5,prob_error_reduction,100,-0.19559516311895014,-0.21431546613645722,-0.17739122264204932
single_shape,bn4_w16_gmp,not_applicable,release_default,6,prob_error_reduction,100,-0.13534419333734435,-0.15569903552986877,-0.11506726032086548
single_shape,bn4_w16_gmp,not_applicable,release_default,7,prob_error_reduction,100,-0.051187611303152955,-0.07319831773715928,-0.0295221643851417
single_shape,bn4_w16_gmp,not_applicable,release_default,8,prob_error_reduction,100,0.05464461873757543,0.031605459993731114,0.07672164163067327
single_shape,bn4_w16_gmp,not_applicable,release_default,9,prob_error_reduction,100,0.16828974913579625,0.14569788500957237,0.19129835589123195
single_shape,bn4_w16_gmp,not_applicable,release_default,10,prob_error_reduction,100,0.29679336249297644,0.2709968196805502,0.32248056704112493
single_shape,bn4_w16_gmp,not_applicable,release_default,11,prob_error_reduction,100,0.4143906960736839,0.38855507985986165,0.43956457106143976
single_shape,bn4_w16_gmp,not_applicable,release_default,12,prob_error_reduction,100,0.5836929624893585,0.5553206144246668,0.6112300750088184
single_shape,bn4_w16_gmp,not_applicable,release_default,13,prob_error_reduction,100,0.7812701097149608,0.755941164023478,0.8060556561454748
single_shape,bn4_w16_gmp,not_applicable,release_default,14,prob_error_reduction,100,0.9482563657968512,0.92946933805901,0.9673194081700599
single_shape,bn4_w16_gmp,not_applicable,release_default,15,prob_error_reduction,100,1.0830619300348814,1.0711164067548582,1.0951951076084427
single_shape,bn4_w16_gmp,not_applicable,release_default,16,prob_error_reduction,100,1.1256994102820796,1.1146234162980602,1.1366481686701586
single_shape,bn4_w16_gmp,not_applicable,retention_1,0,prob_error_reduction,100,0.0,0.0,0.0
single_shape,bn4_w16_gmp,not_applicable,retention_1,1,prob_error_reduction,100,0.0,0.0,0.0
single_shape,bn4_w16_gmp,not_applicable,retention_1,2,prob_error_reduction,100,-0.11259366914480086,-0.12181667538552672,-0.10325167993412067
single_shape,bn4_w16_gmp,not_applicable,retention_1,3,prob_error_reduction,100,-0.19935384478576104,-0.21244812377345265,-0.1859454923742995
single_shape,bn4_w16_gmp,not_applicable,retention_1,4,prob_error_reduction,100,-0.21240919090286084,-0.2298480541695753,-0.19520547624367146
single_shape,bn4_w16_gmp,not_applicable,retention_1,5,prob_error_reduction,100,-0.18459536322363568,-0.20219488253057433,-0.1666289150829807
single_shape,bn4_w16_gmp,not_applicable,retention_1,6,prob_error_reduction,100,-0.13054543560848075,-0.1491591964852328,-0.11232561328500391
single_shape,bn4_w16_gmp,not_applicable,retention_1,7,prob_error_reduction,100,-0.06277444186112362,-0.08442233707564546,-0.041268920860676
single_shape,bn4_w16_gmp,not_applicable,retention_1,8,prob_error_reduction,100,0.046415209193163776,0.02290952265813545,0.07036625913512598
single_shape,bn4_w16_gmp,not_applicable,retention_1,9,prob_error_reduction,100,0.16542410341519015,0.1415631001997233,0.18954359886689984
single_shape,bn4_w16_gmp,not_applicable,retention_1,10,prob_error_reduction,100,0.2760165968011935,0.24759887529355198,0.30379747315532
single_shape,bn4_w16_gmp,not_applicable,retention_1,11,prob_error_reduction,100,0.42581424985022975,0.40023999028085244,0.4513215851339833
single_shape,bn4_w16_gmp,not_applicable,retention_1,12,prob_error_reduction,100,0.5846126955975469,0.5580995396012262,0.6104949603315071
single_shape,bn4_w16_gmp,not_applicable,retention_1,13,prob_error_reduction,100,0.7619304498029927,0.739286405583538,0.7835021640780419
single_shape,bn4_w16_gmp,not_applicable,retention_1,14,prob_error_reduction,100,0.9476489445661094,0.927234776176257,0.9680258591051044
single_shape,bn4_w16_gmp,not_applicable,retention_1,15,prob_error_reduction,100,1.0890069140220018,1.0756699343047786,1.1016109642638021
single_shape,bn4_w16_gmp,not_applicable,retention_1,16,prob_error_reduction,100,1.1284626148615011,1.1171153082455343,1.1397337385473614
single_shape,plain2_w16_gap,not_applicable,release_default,0,prob_error_reduction,100,0.0,0.0,0.0
single_shape,plain2_w16_gap,not_applicable,release_default,1,prob_error_reduction,100,0.0,0.0,0.0
single_shape,plain2_w16_gap,not_applicable,release_default,2,prob_error_reduction,100,0.0019462898124316414,0.00045873862731609494,0.0033779537131381344
single_shape,plain2_w16_gap,not_applicable,release_default,3,prob_error_reduction,100,0.004080992694632347,0.0008084661359863734,0.0073270656305216165
single_shape,plain2_w16_gap,not_applicable,release_default,4,prob_error_reduction,100,0.007721686204146958,0.0030761318523571516,0.012398999886742281
single_shape,plain2_w16_gap,not_applicable,release_default,5,prob_error_reduction,100,0.012816356352136815,0.007062727215606351,0.0186614306039603
single_shape,plain2_w16_gap,not_applicable,release_default,6,prob_error_reduction,100,0.030487975273732433,0.021712221926910164,0.03911766255487418
single_shape,plain2_w16_gap,not_applicable,release_default,7,prob_error_reduction,100,0.05672164646752426,0.0463662658750952,0.0673835564516238
single_shape,plain2_w16_gap,not_applicable,release_default,8,prob_error_reduction,100,0.08664958727140583,0.07559551393134646,0.09761810585097058
single_shape,plain2_w16_gap,not_applicable,release_default,9,prob_error_reduction,100,0.11971464862170791,0.1070467807569629,0.13231862898972716
single_shape,plain2_w16_gap,not_applicable,release_default,10,prob_error_reduction,100,0.15223475588460927,0.13711296827064592,0.16799080914665196
single_shape,plain2_w16_gap,not_applicable,release_default,11,prob_error_reduction,100,0.1812029469304707,0.16429751212520596,0.19851623870591434
single_shape,plain2_w16_gap,not_applicable,release_default,12,prob_error_reduction,100,0.19347443188557864,0.1769892523384442,0.21026168225085284
single_shape,plain2_w16_gap,not_applicable,release_default,13,prob_error_reduction,100,0.2180586941908719,0.20178934622831535,0.23433818726733913
single_shape,plain2_w16_gap,not_applicable,release_default,14,prob_error_reduction,100,0.24013038377758927,0.22568565856476297,0.2553414007452965
single_shape,plain2_w16_gap,not_applicable,release_default,15,prob_error_reduction,100,0.27375740648377833,0.2594191051044256,0.2889877816829244
single_shape,plain2_w16_gap,not_applicable,release_default,16,prob_error_reduction,100,0.303159660628933,0.28932788001144877,0.31725707981846357
single_shape,plain2_w16_gap,not_applicable,retention_1,0,prob_error_reduction,100,0.0,0.0,0.0
single_shape,plain2_w16_gap,not_applicable,retention_1,1,prob_error_reduction,100,0.0,0.0,0.0
single_shape,plain2_w16_gap,not_applicable,retention_1,2,prob_error_reduction,100,0.0053525381328790814,0.0032048593014294465,0.007593819361232545
single_shape,plain2_w16_gap,not_applicable,retention_1,3,prob_error_reduction,100,-0.005112000244915571,-0.009035434925394365,-0.001271929858465035
single_shape,plain2_w16_gap,not_applicable,retention_1,4,prob_error_reduction,100,-0.012848169846924684,-0.01715399185942609,-0.008529888232467248
single_shape,plain2_w16_gap,not_applicable,retention_1,5,prob_error_reduction,100,-0.0012152119063170608,-0.00600710726661943,0.0035934170942453422
single_shape,plain2_w16_gap,not_applicable,retention_1,6,prob_error_reduction,100,0.02072455320663152,0.01406839491880923,0.027397625553772762
single_shape,plain2_w16_gap,not_applicable,retention_1,7,prob_error_reduction,100,0.037729935009257726,0.028922714909475452,0.046793931056421094
single_shape,plain2_w16_gap,not_applicable,retention_1,8,prob_error_reduction,100,0.057614526223491946,0.048243871658439234,0.06708785004083982
single_shape,plain2_w16_gap,not_applicable,retention_1,9,prob_error_reduction,100,0.09708621814766484,0.08680936144083637,0.10736712294709601
single_shape,plain2_w16_gap,not_applicable,retention_1,10,prob_error_reduction,100,0.11586838826804366,0.10451821065175607,0.12788220737247824
single_shape,plain2_w16_gap,not_applicable,retention_1,11,prob_error_reduction,100,0.11233471283567159,0.09964208438582535,0.12518727853807807
single_shape,plain2_w16_gap,not_applicable,retention_1,12,prob_error_reduction,100,0.13797704731660196,0.12398995504857885,0.15249954462950152
single_shape,plain2_w16_gap,not_applicable,retention_1,13,prob_error_reduction,100,0.17716011887186905,0.16226747033588107,0.19199137284003587
single_shape,plain2_w16_gap,not_applicable,retention_1,14,prob_error_reduction,100,0.24888645539926213,0.23534931007151524,0.2622803553572872
single_shape,plain2_w16_gap,not_applicable,retention_1,15,prob_error_reduction,100,0.310101804348762,0.2970771317291328,0.3232440769150216
single_shape,plain2_w16_gap,not_applicable,retention_1,16,prob_error_reduction,100,0.3291388169096728,0.316063268672453,0.342009070606654
single_shape,plain2_w16_gmp,not_applicable,release_default,0,prob_error_reduction,100,0.0,0.0,0.0
single_shape,plain2_w16_gmp,not_applicable,release_default,1,prob_error_reduction,100,0.0,0.0,0.0
single_shape,plain2_w16_gmp,not_applicable,release_default,2,prob_error_reduction,100,-0.0006074767240333874,-0.00135587798504536,0.00020579039133126854
single_shape,plain2_w16_gmp,not_applicable,release_default,3,prob_error_reduction,100,-0.007463964059077562,-0.009714031923494125,-0.005159689322018632
single_shape,plain2_w16_gmp,not_applicable,release_default,4,prob_error_reduction,100,-0.021051907616680042,-0.025811195168366222,-0.016327454745231253
single_shape,plain2_w16_gmp,not_applicable,release_default,5,prob_error_reduction,100,-0.01714692786689123,-0.025877704102202127,-0.008314144519036061
single_shape,plain2_w16_gmp,not_applicable,release_default,6,prob_error_reduction,100,0.048187049352299366,0.036729543084589214,0.05976217627291395
single_shape,plain2_w16_gmp,not_applicable,release_default,7,prob_error_reduction,100,0.15324765459843204,0.13906248718305206,0.1680487132889
single_shape,plain2_w16_gmp,not_applicable,release_default,8,prob_error_reduction,100,0.2843810823643678,0.2679266010084319,0.300908067257565
single_shape,plain2_w16_gmp,not_applicable,release_default,9,prob_error_reduction,100,0.428153111198415,0.4104735153478205,0.4467237711219758
single_shape,plain2_w16_gmp,not_applicable,release_default,10,prob_error_reduction,100,0.5804939276947045,0.5607032001936456,0.6003123863997932
single_shape,plain2_w16_gmp,not_applicable,release_default,11,prob_error_reduction,100,0.7270039636771912,0.7084576703550693,0.7460334547637305
single_shape,plain2_w16_gmp,not_applicable,release_default,12,prob_error_reduction,100,0.8559079068393944,0.8380781783526895,0.8735537474975908
single_shape,plain2_w16_gmp,not_applicable,release_default,13,prob_error_reduction,100,0.9394214334381118,0.9226184851097091,0.9564691131557467
single_shape,plain2_w16_gmp,not_applicable,release_default,14,prob_error_reduction,100,0.9969098082558295,0.9816577203239392,1.0123663956377
single_shape,plain2_w16_gmp,not_applicable,release_default,15,prob_error_reduction,100,1.0400928811749197,1.0261496101471135,1.0537133838022803
single_shape,plain2_w16_gmp,not_applicable,release_default,16,prob_error_reduction,100,1.081161180134047,1.0677836795578552,1.0940274186914052
single_shape,plain2_w16_gmp,not_applicable,retention_1,0,prob_error_reduction,100,0.0,0.0,0.0
single_shape,plain2_w16_gmp,not_applicable,retention_1,1,prob_error_reduction,100,0.0,0.0,0.0
single_shape,plain2_w16_gmp,not_applicable,retention_1,2,prob_error_reduction,100,-0.002259005205959179,-0.0040273732686620335,-0.00047982167183635154
single_shape,plain2_w16_gmp,not_applicable,retention_1,3,prob_error_reduction,100,-0.0005836477597411923,-0.004894468683915601,0.0037414855018304003
single_shape,plain2_w16_gmp,not_applicable,retention_1,4,prob_error_reduction,100,-0.00022759811327897618,-0.007955039780373053,0.00764396479240741
single_shape,plain2_w16_gmp,not_applicable,retention_1,5,prob_error_reduction,100,0.004051425634190859,-0.005816625076003191,0.013783509920546616
single_shape,plain2_w16_gmp,not_applicable,retention_1,6,prob_error_reduction,100,0.023282081454186913,0.01017421657319843,0.03618287548021948
single_shape,plain2_w16_gmp,not_applicable,retention_1,7,prob_error_reduction,100,0.10632577169062124,0.09103264912258426,0.12186728864201486
single_shape,plain2_w16_gmp,not_applicable,retention_1,8,prob_error_reduction,100,0.19454476118071437,0.17914652466213707,0.20942929796139337
single_shape,plain2_w16_gmp,not_applicable,retention_1,9,prob_error_reduction,100,0.27257652634950646,0.2556449619591961,0.2894480914352533
single_shape,plain2_w16_gmp,not_applicable,retention_1,10,prob_error_reduction,100,0.40344153529337845,0.3859944839752714,0.4219527536737027
single_shape,plain2_w16_gmp,not_applicable,retention_1,11,prob_error_reduction,100,0.6008544686051287,0.5830005109989015,0.618738676461144
single_shape,plain2_w16_gmp,not_applicable,retention_1,12,prob_error_reduction,100,0.7938807407825653,0.7774556213497762,0.8103596594821723
single_shape,plain2_w16_gmp,not_applicable,retention_1,13,prob_error_reduction,100,0.9043517170183486,0.889333474940772,0.9190723001119876
single_shape,plain2_w16_gmp,not_applicable,retention_1,14,prob_error_reduction,100,0.9753291987047645,0.9607381115945595,0.9899663183125074
single_shape,plain2_w16_gmp,not_applicable,retention_1,15,prob_error_reduction,100,1.0201282767127746,1.0059271322452021,1.0340123306739304
single_shape,plain2_w16_gmp,not_applicable,retention_1,16,prob_error_reduction,100,1.0551942575161484,1.0423294663157605,1.0680074337023737
single_shape,plain2_w64_gap,not_applicable,release_default,0,prob_error_reduction,100,0.0,0.0,0.0
single_shape,plain2_w64_gap,not_applicable,release_default,1,prob_error_reduction,100,0.0,0.0,0.0
single_shape,plain2_w64_gap,not_applicable,release_default,2,prob_error_reduction,100,0.004152009689942895,0.0029176601049047584,0.005386395393835624
single_shape,plain2_w64_gap,not_applicable,release_default,3,prob_error_reduction,100,-0.0024696134393499963,-0.005564997642708186,0.0006152784026281362
single_shape,plain2_w64_gap,not_applicable,release_default,4,prob_error_reduction,100,-0.007186338925737397,-0.012077477487338367,-0.002187756668708335
single_shape,plain2_w64_gap,not_applicable,release_default,5,prob_error_reduction,100,0.010773770243493073,0.005141421232374439,0.016387140448560433
single_shape,plain2_w64_gap,not_applicable,release_default,6,prob_error_reduction,100,0.03469174345951743,0.027127245329624933,0.04227365955866594
single_shape,plain2_w64_gap,not_applicable,release_default,7,prob_error_reduction,100,0.05712000954127414,0.04833503872014976,0.06608611252050685
single_shape,plain2_w64_gap,not_applicable,release_default,8,prob_error_reduction,100,0.11227733976628067,0.10128798749357219,0.12314294116593039
single_shape,plain2_w64_gap,not_applicable,release_default,9,prob_error_reduction,100,0.18303527226560168,0.1685230260614941,0.19794903036733705
single_shape,plain2_w64_gap,not_applicable,release_default,10,prob_error_reduction,100,0.22166424052513956,0.20664088743378486,0.23669202719105026
single_shape,plain2_w64_gap,not_applicable,release_default,11,prob_error_reduction,100,0.2497289667441997,0.2345695748314794,0.2654525774005566
single_shape,plain2_w64_gap,not_applicable,release_default,12,prob_error_reduction,100,0.27290647120587214,0.2556742086351915,0.29041135903322274
single_shape,plain2_w64_gap,not_applicable,release_default,13,prob_error_reduction,100,0.29839937300493957,0.2828042336628851,0.31408220248205737
single_shape,plain2_w64_gap,not_applicable,release_default,14,prob_error_reduction,100,0.31794267109410457,0.30342635382258654,0.3326660141652037
single_shape,plain2_w64_gap,not_applicable,release_default,15,prob_error_reduction,100,0.3268302713644261,0.3128462019853909,0.34051952523231643
single_shape,plain2_w64_gap,not_applicable,release_default,16,prob_error_reduction,100,0.3427522734224629,0.32912505154552213,0.35664272995573293
single_shape,plain2_w64_gap,not_applicable,retention_1,0,prob_error_reduction,100,0.0,0.0,0.0
single_shape,plain2_w64_gap,not_applicable,retention_1,1,prob_error_reduction,100,0.0,0.0,0.0
single_shape,plain2_w64_gap,not_applicable,retention_1,2,prob_error_reduction,100,0.002014584363199444,-0.000646010364910414,0.004642524151354079
single_shape,plain2_w64_gap,not_applicable,retention_1,3,prob_error_reduction,100,-0.039422947784913176,-0.044120886350150705,-0.03470877076123432
single_shape,plain2_w64_gap,not_applicable,retention_1,4,prob_error_reduction,100,-0.030271689263273505,-0.03761545229038681,-0.023052445811393443
single_shape,plain2_w64_gap,not_applicable,retention_1,5,prob_error_reduction,100,0.006383664571777336,-0.0006528850874360359,0.013466178017335732
single_shape,plain2_w64_gap,not_applicable,retention_1,6,prob_error_reduction,100,0.04749927084265197,0.039241083733125244,0.05566693951016894
single_shape,plain2_w64_gap,not_applicable,retention_1,7,prob_error_reduction,100,0.06300124678013017,0.05443378683624038,0.07205514992235991
single_shape,plain2_w64_gap,not_applicable,retention_1,8,prob_error_reduction,100,0.12928307058384447,0.11809207564354585,0.14022858598137558
single_shape,plain2_w64_gap,not_applicable,retention_1,9,prob_error_reduction,100,0.18767444374301115,0.17388178904587392,0.20218272686218564
single_shape,plain2_w64_gap,not_applicable,retention_1,10,prob_error_reduction,100,0.16756196845814295,0.15398988398389926,0.18097406609928704
single_shape,plain2_w64_gap,not_applicable,retention_1,11,prob_error_reduction,100,0.14026304897369413,0.12659733957378863,0.15409680743478257
single_shape,plain2_w64_gap,not_applicable,retention_1,12,prob_error_reduction,100,0.15956729833438843,0.14582598232231853,0.17363379504336954
single_shape,plain2_w64_gap,not_applicable,retention_1,13,prob_error_reduction,100,0.22215076457916183,0.20828411779977182,0.2360553602962276
single_shape,plain2_w64_gap,not_applicable,retention_1,14,prob_error_reduction,100,0.31047084299373884,0.2984540449597667,0.3230332707252495
single_shape,plain2_w64_gap,not_applicable,retention_1,15,prob_error_reduction,100,0.3638160883240021,0.35154776606933985,0.37586720044748556
single_shape,plain2_w64_gap,not_applicable,retention_1,16,prob_error_reduction,100,0.3817490115780604,0.36924114222300636,0.39444154188657515
single_shape,plain2_w64_gmp,not_applicable,release_default,0,prob_error_reduction,100,0.0,0.0,0.0
single_shape,plain2_w64_gmp,not_applicable,release_default,1,prob_error_reduction,100,0.0,0.0,0.0
single_shape,plain2_w64_gmp,not_applicable,release_default,2,prob_error_reduction,100,-0.0008711662063515381,-0.0011913886701850286,-0.0005707041496447432
single_shape,plain2_w64_gmp,not_applicable,release_default,3,prob_error_reduction,100,-0.0080100468213287,-0.009685755262938639,-0.006353009092922924
single_shape,plain2_w64_gmp,not_applicable,release_default,4,prob_error_reduction,100,-0.03467239235128358,-0.03809778084059865,-0.031199576539120685
single_shape,plain2_w64_gmp,not_applicable,release_default,5,prob_error_reduction,100,-0.053305913981698545,-0.05980467364512779,-0.046792564509880515
single_shape,plain2_w64_gmp,not_applicable,release_default,6,prob_error_reduction,100,-0.016657111528525323,-0.025152289887780864,-0.007993513689316877
single_shape,plain2_w64_gmp,not_applicable,release_default,7,prob_error_reduction,100,0.09424858393243268,0.08205179282770861,0.1062753036540631
single_shape,plain2_w64_gmp,not_applicable,release_default,8,prob_error_reduction,100,0.1964082222114844,0.18384437444001628,0.20896662710398214
single_shape,plain2_w64_gmp,not_applicable,release_default,9,prob_error_reduction,100,0.2665496471071515,0.2559840297508298,0.2773021280433159
single_shape,plain2_w64_gmp,not_applicable,release_default,10,prob_error_reduction,100,0.37868333043268626,0.3661293820179682,0.3903442010641515
single_shape,plain2_w64_gmp,not_applicable,release_default,11,prob_error_reduction,100,0.5479346391794784,0.5352698094520478,0.5612550538684139
single_shape,plain2_w64_gmp,not_applicable,release_default,12,prob_error_reduction,100,0.7227184944923899,0.7091013155853455,0.7365603154150465
single_shape,plain2_w64_gmp,not_applicable,release_default,13,prob_error_reduction,100,0.8290721185992906,0.8172305317782849,0.8411256399482604
single_shape,plain2_w64_gmp,not_applicable,release_default,14,prob_error_reduction,100,0.8928734709035023,0.8819063099388073,0.9040661121237442
single_shape,plain2_w64_gmp,not_applicable,release_default,15,prob_error_reduction,100,0.9525617548595765,0.9429984365213298,0.9620558048085782
single_shape,plain2_w64_gmp,not_applicable,release_default,16,prob_error_reduction,100,1.0179900665049373,1.0083459197660773,1.0273579316337094
single_shape,plain2_w64_gmp,not_applicable,retention_1,0,prob_error_reduction,100,0.0,0.0,0.0
single_shape,plain2_w64_gmp,not_applicable,retention_1,1,prob_error_reduction,100,0.0,0.0,0.0
single_shape,plain2_w64_gmp,not_applicable,retention_1,2,prob_error_reduction,100,-0.0013959234909254148,-0.002106197637446543,-0.0007009959444734523
single_shape,plain2_w64_gmp,not_applicable,retention_1,3,prob_error_reduction,100,-0.007793079387440389,-0.010468038758567784,-0.005125629531015099
single_shape,plain2_w64_gmp,not_applicable,retention_1,4,prob_error_reduction,100,-0.023075461537074515,-0.027840453785986777,-0.018145619076511233
single_shape,plain2_w64_gmp,not_applicable,retention_1,5,prob_error_reduction,100,-0.012039959892302332,-0.01969780634270932,-0.004295046590697626
single_shape,plain2_w64_gmp,not_applicable,retention_1,6,prob_error_reduction,100,0.006234208169643335,-0.005093019540821958,0.018191446062832916
single_shape,plain2_w64_gmp,not_applicable,retention_1,7,prob_error_reduction,100,0.09708732622853906,0.08242178984985338,0.11140451993120262
single_shape,plain2_w64_gmp,not_applicable,retention_1,8,prob_error_reduction,100,0.18499372342371548,0.17408713101591763,0.1957901833707573
single_shape,plain2_w64_gmp,not_applicable,retention_1,9,prob_error_reduction,100,0.2324253129127744,0.2202023400634189,0.2446856411414674
single_shape,plain2_w64_gmp,not_applicable,retention_1,10,prob_error_reduction,100,0.3528495217808663,0.33915974457015474,0.36694387424284775
single_shape,plain2_w64_gmp,not_applicable,retention_1,11,prob_error_reduction,100,0.5565433030117033,0.5400360386459973,0.5724202334326414
single_shape,plain2_w64_gmp,not_applicable,retention_1,12,prob_error_reduction,100,0.7524578377120424,0.7388955838664953,0.7664359936118804
single_shape,plain2_w64_gmp,not_applicable,retention_1,13,prob_error_reduction,100,0.8545337269465879,0.8420715272569044,0.8671372232041783
single_shape,plain2_w64_gmp,not_applicable,retention_1,14,prob_error_reduction,100,0.9072986758221905,0.8948830685287472,0.9194705721771766
single_shape,plain2_w64_gmp,not_applicable,retention_1,15,prob_error_reduction,100,0.9520599028118663,0.9415069903988013,0.9626071383276499
single_shape,plain2_w64_gmp,not_applicable,retention_1,16,prob_error_reduction,100,1.0014449981648144,0.9916665925904087,1.0111235012199984
single_shape,plain4_w16_gap,not_applicable,release_default,0,prob_error_reduction,100,0.0,0.0,0.0
single_shape,plain4_w16_gap,not_applicable,release_default,1,prob_error_reduction,100,0.0,0.0,0.0
single_shape,plain4_w16_gap,not_applicable,release_default,2,prob_error_reduction,100,0.001020879946338376,-0.0034174729375665786,0.005451162604782443
single_shape,plain4_w16_gap,not_applicable,release_default,3,prob_error_reduction,100,0.002614820839230158,-0.006105100651747428,0.01134269393115051
single_shape,plain4_w16_gap,not_applicable,release_default,4,prob_error_reduction,100,0.005891067303001168,-0.0059907508925520275,0.017818791024107654
single_shape,plain4_w16_gap,not_applicable,release_default,5,prob_error_reduction,100,0.016477223588287834,0.0012770941477239304,0.03233605671319572
single_shape,plain4_w16_gap,not_applicable,release_default,6,prob_error_reduction,100,0.023575695177398274,0.005875706871320513,0.04181786954074321
single_shape,plain4_w16_gap,not_applicable,release_default,7,prob_error_reduction,100,0.040188447011242696,0.022288582055981967,0.05786258050262573
single_shape,plain4_w16_gap,not_applicable,release_default,8,prob_error_reduction,100,0.07594332931109057,0.05584930285678609,0.09626449313255121
single_shape,plain4_w16_gap,not_applicable,release_default,9,prob_error_reduction,100,0.11340235620394207,0.09019804479419163,0.13564406006046145
single_shape,plain4_w16_gap,not_applicable,release_default,10,prob_error_reduction,100,0.17034450294078396,0.14448661305888383,0.19663300434516917
single_shape,plain4_w16_gap,not_applicable,release_default,11,prob_error_reduction,100,0.22142993989251358,0.19706767625326482,0.2462639846458755
single_shape,plain4_w16_gap,not_applicable,release_default,12,prob_error_reduction,100,0.30143905938703797,0.27746749997230763,0.32447485505520507
single_shape,plain4_w16_gap,not_applicable,release_default,13,prob_error_reduction,100,0.3797498920088895,0.35524481349123793,0.4046399432361964
single_shape,plain4_w16_gap,not_applicable,release_default,14,prob_error_reduction,100,0.50392463696398,0.4803049716568507,0.5274403160435892
single_shape,plain4_w16_gap,not_applicable,release_default,15,prob_error_reduction,100,0.6375645883847494,0.6147410778670296,0.6610628942863377
single_shape,plain4_w16_gap,not_applicable,release_default,16,prob_error_reduction,100,0.7392910786193906,0.7185517352677636,0.760660466497715
single_shape,plain4_w16_gap,not_applicable,retention_1,0,prob_error_reduction,100,0.0,0.0,0.0
single_shape,plain4_w16_gap,not_applicable,retention_1,1,prob_error_reduction,100,0.0,0.0,0.0
single_shape,plain4_w16_gap,not_applicable,retention_1,2,prob_error_reduction,100,0.008823486551148573,0.003547612242749126,0.014133943553233635
single_shape,plain4_w16_gap,not_applicable,retention_1,3,prob_error_reduction,100,0.0002044871508197449,-0.006249349252476975,0.006463791122843256
single_shape,plain4_w16_gap,not_applicable,retention_1,4,prob_error_reduction,100,-0.008596563760198928,-0.018085467818174616,0.0009184854344932276
single_shape,plain4_w16_gap,not_applicable,retention_1,5,prob_error_reduction,100,-0.02991908009519712,-0.045355257578388826,-0.014338510860161517
single_shape,plain4_w16_gap,not_applicable,retention_1,6,prob_error_reduction,100,-0.035240368624923676,-0.053877905524088256,-0.01655130595229747
single_shape,plain4_w16_gap,not_applicable,retention_1,7,prob_error_reduction,100,0.02332196493397714,0.0027079786707823058,0.043880667435345334
single_shape,plain4_w16_gap,not_applicable,retention_1,8,prob_error_reduction,100,0.029303388189236106,0.005475587875573018,0.05359353485187967
single_shape,plain4_w16_gap,not_applicable,retention_1,9,prob_error_reduction,100,0.11356437948485962,0.08852148726609942,0.13888052871345338
single_shape,plain4_w16_gap,not_applicable,retention_1,10,prob_error_reduction,100,0.12159888670057355,0.09397323369166606,0.14853031844140244
single_shape,plain4_w16_gap,not_applicable,retention_1,11,prob_error_reduction,100,0.19092411760280634,0.16362107038232174,0.2187111389557368
single_shape,plain4_w16_gap,not_applicable,retention_1,12,prob_error_reduction,100,0.29272409086822077,0.26894269387916725,0.31778594244794944
single_shape,plain4_w16_gap,not_applicable,retention_1,13,prob_error_reduction,100,0.3787573789448783,0.35367835865289976,0.4039425529316169
single_shape,plain4_w16_gap,not_applicable,retention_1,14,prob_error_reduction,100,0.5178532284905976,0.49466733310962674,0.5410989703642388
single_shape,plain4_w16_gap,not_applicable,retention_1,15,prob_error_reduction,100,0.6488856439525336,0.6253188950521493,0.6723912447931104
single_shape,plain4_w16_gap,not_applicable,retention_1,16,prob_error_reduction,100,0.7676057720781112,0.74580397238713,0.7892537297831553
single_shape,plain4_w16_gmp,not_applicable,release_default,0,prob_error_reduction,100,0.0,0.0,0.0
single_shape,plain4_w16_gmp,not_applicable,release_default,1,prob_error_reduction,100,0.0,0.0,0.0
single_shape,plain4_w16_gmp,not_applicable,release_default,2,prob_error_reduction,100,0.0011412004629403484,-0.00044814108110684665,0.002649650570014389
single_shape,plain4_w16_gmp,not_applicable,release_default,3,prob_error_reduction,100,0.0008099284388996984,-0.0031482692086504784,0.004675151740680818
single_shape,plain4_w16_gmp,not_applicable,release_default,4,prob_error_reduction,100,0.011037057120348158,0.005220069128526957,0.01689437415976446
single_shape,plain4_w16_gmp,not_applicable,release_default,5,prob_error_reduction,100,0.03943168724322154,0.031360735375309014,0.04750350739503698
single_shape,plain4_w16_gmp,not_applicable,release_default,6,prob_error_reduction,100,0.09739876547393862,0.08527475362261629,0.10969152705515145
single_shape,plain4_w16_gmp,not_applicable,release_default,7,prob_error_reduction,100,0.18994804085959988,0.17367708010181193,0.20617555348924765
single_shape,plain4_w16_gmp,not_applicable,release_default,8,prob_error_reduction,100,0.2830939601024634,0.26694714463918845,0.29874425785085024
single_shape,plain4_w16_gmp,not_applicable,release_default,9,prob_error_reduction,100,0.38901343591627174,0.3711225726058756,0.40659957455870244
single_shape,plain4_w16_gmp,not_applicable,release_default,10,prob_error_reduction,100,0.5226500639811603,0.5036411506054247,0.5422272638664521
single_shape,plain4_w16_gmp,not_applicable,release_default,11,prob_error_reduction,100,0.7074201031790968,0.6867125781165474,0.7283702145692474
single_shape,plain4_w16_gmp,not_applicable,release_default,12,prob_error_reduction,100,0.900238617426817,0.8817025914119736,0.9188149875192724
single_shape,plain4_w16_gmp,not_applicable,release_default,13,prob_error_reduction,100,1.0447473231651165,1.0285137115545149,1.0613377035696059
single_shape,plain4_w16_gmp,not_applicable,release_default,14,prob_error_reduction,100,1.1237275922196723,1.1092761960963435,1.1376541522661583
single_shape,plain4_w16_gmp,not_applicable,release_default,15,prob_error_reduction,100,1.153760190695254,1.1398810156280115,1.167431134812928
single_shape,plain4_w16_gmp,not_applicable,release_default,16,prob_error_reduction,100,1.1967333112007799,1.1821803211675104,1.2112098626676722
single_shape,plain4_w16_gmp,not_applicable,retention_1,0,prob_error_reduction,100,0.0,0.0,0.0
single_shape,plain4_w16_gmp,not_applicable,retention_1,1,prob_error_reduction,100,0.0,0.0,0.0
single_shape,plain4_w16_gmp,not_applicable,retention_1,2,prob_error_reduction,100,-0.0004888664461602655,-0.0022404735012989305,0.001258908993054957
single_shape,plain4_w16_gmp,not_applicable,retention_1,3,prob_error_reduction,100,-0.0040203949497498535,-0.00825304560961988,0.00021176449406307442
single_shape,plain4_w16_gmp,not_applicable,retention_1,4,prob_error_reduction,100,0.00468220643660967,-0.0014345378991018228,0.010932375415926282
single_shape,plain4_w16_gmp,not_applicable,retention_1,5,prob_error_reduction,100,0.03752608698198803,0.029146024991435038,0.04598924515024316
single_shape,plain4_w16_gmp,not_applicable,retention_1,6,prob_error_reduction,100,0.08284395060454035,0.07172086640117396,0.0942486849969307
single_shape,plain4_w16_gmp,not_applicable,retention_1,7,prob_error_reduction,100,0.16447110950534982,0.14736231634379104,0.18143860021100225
single_shape,plain4_w16_gmp,not_applicable,retention_1,8,prob_error_reduction,100,0.25560683990939015,0.2384769307721897,0.2729557523468604
single_shape,plain4_w16_gmp,not_applicable,retention_1,9,prob_error_reduction,100,0.35443588596518005,0.33635878594745017,0.3730407901285407
single_shape,plain4_w16_gmp,not_applicable,retention_1,10,prob_error_reduction,100,0.49095936424048003,0.472217389497567,0.5095632250088034
single_shape,plain4_w16_gmp,not_applicable,retention_1,11,prob_error_reduction,100,0.6775597770450374,0.6572259578438081,0.696938990157723
single_shape,plain4_w16_gmp,not_applicable,retention_1,12,prob_error_reduction,100,0.8788729634512157,0.8586891304823188,0.8997060039403878
single_shape,plain4_w16_gmp,not_applicable,retention_1,13,prob_error_reduction,100,1.01348681343967,0.9966139217120237,1.0308575566336742
single_shape,plain4_w16_gmp,not_applicable,retention_1,14,prob_error_reduction,100,1.1100260536318292,1.0952538593330223,1.1252488142026589
single_shape,plain4_w16_gmp,not_applicable,retention_1,15,prob_error_reduction,100,1.1578162529409683,1.1437578523924787,1.1715437455071793
single_shape,plain4_w16_gmp,not_applicable,retention_1,16,prob_error_reduction,100,1.188510724093587,1.174067295471173,1.202802821689884
single_shape,plain4_w64_gap,not_applicable,release_default,0,prob_error_reduction,100,0.0,0.0,0.0
single_shape,plain4_w64_gap,not_applicable,release_default,1,prob_error_reduction,100,0.0,0.0,0.0
single_shape,plain4_w64_gap,not_applicable,release_default,2,prob_error_reduction,100,0.0256736803459529,0.02041723545817399,0.03110083897053715
single_shape,plain4_w64_gap,not_applicable,release_default,3,prob_error_reduction,100,0.01976213136357301,0.010147107401035816,0.02907219872569031
single_shape,plain4_w64_gap,not_applicable,release_default,4,prob_error_reduction,100,-0.019317374666031416,-0.02992026778961156,-0.008575191529752061
single_shape,plain4_w64_gap,not_applicable,release_default,5,prob_error_reduction,100,-0.04917640605504906,-0.06503977363456409,-0.03372656810571404
single_shape,plain4_w64_gap,not_applicable,release_default,6,prob_error_reduction,100,-0.08033408340800312,-0.09818797807818722,-0.06260341725682149
single_shape,plain4_w64_gap,not_applicable,release_default,7,prob_error_reduction,100,-0.026071840467552163,-0.0458873124785311,-0.006468359146739971
single_shape,plain4_w64_gap,not_applicable,release_default,8,prob_error_reduction,100,0.020242995422700936,-0.002817870008731071,0.04338489212683003
single_shape,plain4_w64_gap,not_applicable,release_default,9,prob_error_reduction,100,0.0737243673934962,0.050167683323230294,0.09796913402471058
single_shape,plain4_w64_gap,not_applicable,release_default,10,prob_error_reduction,100,0.1341599734056019,0.10988556082370457,0.15729086706651924
single_shape,plain4_w64_gap,not_applicable,release_default,11,prob_error_reduction,100,0.23233065703658415,0.2097092693253689,0.2542868069180996
single_shape,plain4_w64_gap,not_applicable,release_default,12,prob_error_reduction,100,0.3511448815642701,0.32980632855565395,0.3734318410017294
single_shape,plain4_w64_gap,not_applicable,release_default,13,prob_error_reduction,100,0.4849070242483601,0.46288802571800025,0.506876385278947
single_shape,plain4_w64_gap,not_applicable,release_default,14,prob_error_reduction,100,0.7151505198971926,0.694056503199109,0.7375490270042409
single_shape,plain4_w64_gap,not_applicable,release_default,15,prob_error_reduction,100,0.8431859806333112,0.8219805158579028,0.8642532397848762
single_shape,plain4_w64_gap,not_applicable,release_default,16,prob_error_reduction,100,0.9392127042942059,0.9193293569242258,0.9589039713950374
single_shape,plain4_w64_gap,not_applicable,retention_1,0,prob_error_reduction,100,0.0,0.0,0.0
single_shape,plain4_w64_gap,not_applicable,retention_1,1,prob_error_reduction,100,0.0,0.0,0.0
single_shape,plain4_w64_gap,not_applicable,retention_1,2,prob_error_reduction,100,0.01516536560040979,0.010680204287548779,0.019795426370465212
single_shape,plain4_w64_gap,not_applicable,retention_1,3,prob_error_reduction,100,0.0008237640417691083,-0.008012013018733406,0.009838973292191784
single_shape,plain4_w64_gap,not_applicable,retention_1,4,prob_error_reduction,100,-0.01630111664408868,-0.028196464114701794,-0.0043106044138710616
single_shape,plain4_w64_gap,not_applicable,retention_1,5,prob_error_reduction,100,-0.11487061110779767,-0.12991306191287152,-0.09938661309762299
single_shape,plain4_w64_gap,not_applicable,retention_1,6,prob_error_reduction,100,-0.18780391211972958,-0.20812279910609463,-0.16727665082293927
single_shape,plain4_w64_gap,not_applicable,retention_1,7,prob_error_reduction,100,-0.1505178336079936,-0.17022612287291602,-0.13071752145066684
single_shape,plain4_w64_gap,not_applicable,retention_1,8,prob_error_reduction,100,-0.14220424141783455,-0.16352149716276115,-0.12056640822140513
single_shape,plain4_w64_gap,not_applicable,retention_1,9,prob_error_reduction,100,0.038014164064614796,0.016099656668815472,0.0597681354013071
single_shape,plain4_w64_gap,not_applicable,retention_1,10,prob_error_reduction,100,0.10149468247134172,0.07831904280358631,0.12447916517062188
single_shape,plain4_w64_gap,not_applicable,retention_1,11,prob_error_reduction,100,0.23004817992125287,0.2088885936329199,0.25178110282532873
single_shape,plain4_w64_gap,not_applicable,retention_1,12,prob_error_reduction,100,0.41513995058254627,0.3921462449370425,0.438673155604227
single_shape,plain4_w64_gap,not_applicable,retention_1,13,prob_error_reduction,100,0.5075755172011855,0.4833796562449902,0.5320176389383579
single_shape,plain4_w64_gap,not_applicable,retention_1,14,prob_error_reduction,100,0.6598570657320856,0.6392833852907635,0.6811846912939447
single_shape,plain4_w64_gap,not_applicable,retention_1,15,prob_error_reduction,100,0.8034036401815703,0.786592005656336,0.819943250021168
single_shape,plain4_w64_gap,not_applicable,retention_1,16,prob_error_reduction,100,0.912257034298687,0.8931852619131339,0.930826348033928
single_shape,plain4_w64_gmp,not_applicable,release_default,0,prob_error_reduction,100,0.0,0.0,0.0
single_shape,plain4_w64_gmp,not_applicable,release_default,1,prob_error_reduction,100,0.0,0.0,0.0
single_shape,plain4_w64_gmp,not_applicable,release_default,2,prob_error_reduction,100,0.003398006729291511,0.0022121206133808966,0.004685881629265127
single_shape,plain4_w64_gmp,not_applicable,release_default,3,prob_error_reduction,100,0.005470871620146913,0.003064023671165681,0.007969329781536277
single_shape,plain4_w64_gmp,not_applicable,release_default,4,prob_error_reduction,100,0.02207181361904674,0.01791766507427217,0.026465771671710603
single_shape,plain4_w64_gmp,not_applicable,release_default,5,prob_error_reduction,100,0.07122508309975151,0.06625601900625738,0.07634866303388835
single_shape,plain4_w64_gmp,not_applicable,release_default,6,prob_error_reduction,100,0.14515143318018,0.13709306499270926,0.1531742187504043
single_shape,plain4_w64_gmp,not_applicable,release_default,7,prob_error_reduction,100,0.2467436998114998,0.2336690350100633,0.2602220571430171
single_shape,plain4_w64_gmp,not_applicable,release_default,8,prob_error_reduction,100,0.3626210773972477,0.35140268338298797,0.374088040630788
single_shape,plain4_w64_gmp,not_applicable,release_default,9,prob_error_reduction,100,0.4559171307145723,0.44304563415610987,0.46896266164799866
single_shape,plain4_w64_gmp,not_applicable,release_default,10,prob_error_reduction,100,0.5737204397246163,0.5576260626157483,0.5895433920801666
single_shape,plain4_w64_gmp,not_applicable,release_default,11,prob_error_reduction,100,0.7289500273807553,0.7111495710797311,0.7459650626155692
single_shape,plain4_w64_gmp,not_applicable,release_default,12,prob_error_reduction,100,0.9148528479168465,0.8991428188848049,0.930923198657929
single_shape,plain4_w64_gmp,not_applicable,release_default,13,prob_error_reduction,100,1.0130049199972462,0.9983431108972011,1.0278793765577126
single_shape,plain4_w64_gmp,not_applicable,release_default,14,prob_error_reduction,100,1.0429251354377402,1.029082492152555,1.0564918954213924
single_shape,plain4_w64_gmp,not_applicable,release_default,15,prob_error_reduction,100,1.05968509722307,1.0472556376424704,1.0727150471119569
single_shape,plain4_w64_gmp,not_applicable,release_default,16,prob_error_reduction,100,1.1135594310995254,1.1002929957525356,1.1269708677157129
single_shape,plain4_w64_gmp,not_applicable,retention_1,0,prob_error_reduction,100,0.0,0.0,0.0
single_shape,plain4_w64_gmp,not_applicable,retention_1,1,prob_error_reduction,100,0.0,0.0,0.0
single_shape,plain4_w64_gmp,not_applicable,retention_1,2,prob_error_reduction,100,0.003572707235062002,0.0023397898883470666,0.004824132265214749
single_shape,plain4_w64_gmp,not_applicable,retention_1,3,prob_error_reduction,100,0.005233981797700139,0.0026660985645431652,0.007834407568972324
single_shape,plain4_w64_gmp,not_applicable,retention_1,4,prob_error_reduction,100,0.021597689218973634,0.017044774414767382,0.026276260222529192
single_shape,plain4_w64_gmp,not_applicable,retention_1,5,prob_error_reduction,100,0.06999190966039212,0.06520351435078296,0.07488179525203756
single_shape,plain4_w64_gmp,not_applicable,retention_1,6,prob_error_reduction,100,0.13483465494566726,0.1266773166293618,0.14312336052360533
single_shape,plain4_w64_gmp,not_applicable,retention_1,7,prob_error_reduction,100,0.23231549075650684,0.21830734184574163,0.24589728266653085
single_shape,plain4_w64_gmp,not_applicable,retention_1,8,prob_error_reduction,100,0.3589756332911621,0.3472619912019921,0.3708718218594391
single_shape,plain4_w64_gmp,not_applicable,retention_1,9,prob_error_reduction,100,0.45112778846604457,0.4376415130884,0.4645961835750835
single_shape,plain4_w64_gmp,not_applicable,retention_1,10,prob_error_reduction,100,0.5674510981103912,0.5519663899004457,0.5832688474123168
single_shape,plain4_w64_gmp,not_applicable,retention_1,11,prob_error_reduction,100,0.7170540445751509,0.6993692643577689,0.7351034271458998
single_shape,plain4_w64_gmp,not_applicable,retention_1,12,prob_error_reduction,100,0.898202960891517,0.8824494039031401,0.9138983327436663
single_shape,plain4_w64_gmp,not_applicable,retention_1,13,prob_error_reduction,100,1.0051369205986718,0.9901999196729534,1.0204378919848134
single_shape,plain4_w64_gmp,not_applicable,retention_1,14,prob_error_reduction,100,1.0374472931619296,1.023767334550457,1.051269048143973
single_shape,plain4_w64_gmp,not_applicable,retention_1,15,prob_error_reduction,100,1.0658140282674613,1.0523363410350326,1.0793812574040007
single_shape,plain4_w64_gmp,not_applicable,retention_1,16,prob_error_reduction,100,1.1076914794581385,1.0943338222722157,1.1212173986055083
single_shape,res4_w16_gap,not_applicable,release_default,0,prob_error_reduction,100,0.0,0.0,0.0
single_shape,res4_w16_gap,not_applicable,release_default,1,prob_error_reduction,100,0.0,0.0,0.0
single_shape,res4_w16_gap,not_applicable,release_default,2,prob_error_reduction,100,-0.0041928139572419395,-0.008978728203419191,0.0006569221479894581
single_shape,res4_w16_gap,not_applicable,release_default,3,prob_error_reduction,100,-0.029257987221432084,-0.0382677396308197,-0.020702673232805033
single_shape,res4_w16_gap,not_applicable,release_default,4,prob_error_reduction,100,-0.04511256914723742,-0.05720323710999537,-0.03284098271189939
single_shape,res4_w16_gap,not_applicable,release_default,5,prob_error_reduction,100,-0.054993724312878536,-0.07248810831485238,-0.03795094904080018
single_shape,res4_w16_gap,not_applicable,release_default,6,prob_error_reduction,100,-0.043955739265370095,-0.06173243256702255,-0.026061313566421246
single_shape,res4_w16_gap,not_applicable,release_default,7,prob_error_reduction,100,-0.0027636023936763263,-0.021677543497056445,0.016592444721289096
single_shape,res4_w16_gap,not_applicable,release_default,8,prob_error_reduction,100,0.04865304141669883,0.02748167426002141,0.07001715694737484
single_shape,res4_w16_gap,not_applicable,release_default,9,prob_error_reduction,100,0.09701141670286552,0.07201056919651873,0.121070874846178
single_shape,res4_w16_gap,not_applicable,release_default,10,prob_error_reduction,100,0.1510216152336787,0.1257978638397659,0.1748045328597996
single_shape,res4_w16_gap,not_applicable,release_default,11,prob_error_reduction,100,0.21937451325129134,0.19455496336337383,0.24362161984395195
single_shape,res4_w16_gap,not_applicable,release_default,12,prob_error_reduction,100,0.31126381761080846,0.2879157087677492,0.3342586935179285
single_shape,res4_w16_gap,not_applicable,release_default,13,prob_error_reduction,100,0.4279321945345804,0.4054389884251215,0.4509976923538684
single_shape,res4_w16_gap,not_applicable,release_default,14,prob_error_reduction,100,0.5803404469255603,0.5605395239385158,0.6004165057274816
single_shape,res4_w16_gap,not_applicable,release_default,15,prob_error_reduction,100,0.7154015481827422,0.6957520345442334,0.7346245189008601
single_shape,res4_w16_gap,not_applicable,release_default,16,prob_error_reduction,100,0.810208372169564,0.7916265572159745,0.8284531266935719
single_shape,res4_w16_gap,not_applicable,retention_1,0,prob_error_reduction,100,0.0,0.0,0.0
single_shape,res4_w16_gap,not_applicable,retention_1,1,prob_error_reduction,100,0.0,0.0,0.0
single_shape,res4_w16_gap,not_applicable,retention_1,2,prob_error_reduction,100,0.0009237849289828349,-0.0032606626741665326,0.00519787719703712
single_shape,res4_w16_gap,not_applicable,retention_1,3,prob_error_reduction,100,-0.026716336814504846,-0.03427038360556182,-0.01916400244026852
single_shape,res4_w16_gap,not_applicable,retention_1,4,prob_error_reduction,100,-0.03443004111920325,-0.043550371112637744,-0.02518465956054344
single_shape,res4_w16_gap,not_applicable,retention_1,5,prob_error_reduction,100,-0.0332192417083137,-0.047114889752910984,-0.019238468273448498
single_shape,res4_w16_gap,not_applicable,retention_1,6,prob_error_reduction,100,-0.046344747694547384,-0.06505368010250512,-0.027459197376089314
single_shape,res4_w16_gap,not_applicable,retention_1,7,prob_error_reduction,100,-0.005650376816409373,-0.027213320139107353,0.01598385841788488
single_shape,res4_w16_gap,not_applicable,retention_1,8,prob_error_reduction,100,0.017130216949579075,-0.003896217937834389,0.03935320049042555
single_shape,res4_w16_gap,not_applicable,retention_1,9,prob_error_reduction,100,0.11251418410280206,0.08876705824714985,0.13608930630218793
single_shape,res4_w16_gap,not_applicable,retention_1,10,prob_error_reduction,100,0.12205750572278593,0.09946309849837061,0.14610238031984596
single_shape,res4_w16_gap,not_applicable,retention_1,11,prob_error_reduction,100,0.16362082206280648,0.13879669397542116,0.18829063172296656
single_shape,res4_w16_gap,not_applicable,retention_1,12,prob_error_reduction,100,0.303059865826954,0.27904387090489313,0.32767435003014556
single_shape,res4_w16_gap,not_applicable,retention_1,13,prob_error_reduction,100,0.39155502885080695,0.3682366168104161,0.41468824977555824
single_shape,res4_w16_gap,not_applicable,retention_1,14,prob_error_reduction,100,0.5612682598759785,0.537639709346816,0.585802756104151
single_shape,res4_w16_gap,not_applicable,retention_1,15,prob_error_reduction,100,0.7214284465775778,0.7008529043160452,0.7417304635363534
single_shape,res4_w16_gap,not_applicable,retention_1,16,prob_error_reduction,100,0.8457600236939095,0.8270919825707742,0.8642177410437308
single_shape,res4_w16_gmp,not_applicable,release_default,0,prob_error_reduction,100,0.0,0.0,0.0
single_shape,res4_w16_gmp,not_applicable,release_default,1,prob_error_reduction,100,0.0,0.0,0.0
single_shape,res4_w16_gmp,not_applicable,release_default,2,prob_error_reduction,100,0.0011188394815455415,-0.0005411518424486066,0.002799775937736175
single_shape,res4_w16_gmp,not_applicable,release_default,3,prob_error_reduction,100,0.0015697555698441204,-0.00228046365145643,0.005362609155112042
single_shape,res4_w16_gmp,not_applicable,release_default,4,prob_error_reduction,100,0.01308753404191691,0.007924073650618653,0.018236501911620254
single_shape,res4_w16_gmp,not_applicable,release_default,5,prob_error_reduction,100,0.044698483442152465,0.036971419685139104,0.052320157936865674
single_shape,res4_w16_gmp,not_applicable,release_default,6,prob_error_reduction,100,0.10913270722752365,0.0986674869754583,0.11948653675580356
single_shape,res4_w16_gmp,not_applicable,release_default,7,prob_error_reduction,100,0.20530029132989058,0.1888859776090929,0.22188380348042966
single_shape,res4_w16_gmp,not_applicable,release_default,8,prob_error_reduction,100,0.3165759010015678,0.3011352053280565,0.33234243321035783
single_shape,res4_w16_gmp,not_applicable,release_default,9,prob_error_reduction,100,0.4166032399155348,0.3999423335212141,0.4340669014294937
single_shape,res4_w16_gmp,not_applicable,release_default,10,prob_error_reduction,100,0.5494531776715469,0.531715079213228,0.567640293211347
single_shape,res4_w16_gmp,not_applicable,release_default,11,prob_error_reduction,100,0.7147209523757051,0.695274916295013,0.733617871277635
single_shape,res4_w16_gmp,not_applicable,release_default,12,prob_error_reduction,100,0.9036734419934315,0.8858076257469413,0.9205735004381065
single_shape,res4_w16_gmp,not_applicable,release_default,13,prob_error_reduction,100,1.035519253552911,1.0191815210375375,1.0515476681523688
single_shape,res4_w16_gmp,not_applicable,release_default,14,prob_error_reduction,100,1.1100564552993186,1.0947947102465285,1.1255151032541255
single_shape,res4_w16_gmp,not_applicable,release_default,15,prob_error_reduction,100,1.145017086956084,1.1308873671408046,1.1593048278492957
single_shape,res4_w16_gmp,not_applicable,release_default,16,prob_error_reduction,100,1.200197940015509,1.1867361265429148,1.2134518395068443
single_shape,res4_w16_gmp,not_applicable,retention_1,0,prob_error_reduction,100,0.0,0.0,0.0
single_shape,res4_w16_gmp,not_applicable,retention_1,1,prob_error_reduction,100,0.0,0.0,0.0
single_shape,res4_w16_gmp,not_applicable,retention_1,2,prob_error_reduction,100,0.00027607026640369105,-0.001565961684650317,0.002056770173166157
single_shape,res4_w16_gmp,not_applicable,retention_1,3,prob_error_reduction,100,-0.0015087807392062552,-0.005513033548734569,0.002513816353343187
single_shape,res4_w16_gmp,not_applicable,retention_1,4,prob_error_reduction,100,0.00937110106569571,0.0039559130728405644,0.014890703305137682
single_shape,res4_w16_gmp,not_applicable,retention_1,5,prob_error_reduction,100,0.042483667340259254,0.03503561139720638,0.049721852176900914
single_shape,res4_w16_gmp,not_applicable,retention_1,6,prob_error_reduction,100,0.08692863905836706,0.07656707409967099,0.09775795610150181
single_shape,res4_w16_gmp,not_applicable,retention_1,7,prob_error_reduction,100,0.1778154103646331,0.161615430014846,0.19356678016521475
single_shape,res4_w16_gmp,not_applicable,retention_1,8,prob_error_reduction,100,0.28192203021260076,0.26657863482919764,0.2973627447439877
single_shape,res4_w16_gmp,not_applicable,retention_1,9,prob_error_reduction,100,0.38163033600922647,0.3655964679066837,0.39743068255316344
single_shape,res4_w16_gmp,not_applicable,retention_1,10,prob_error_reduction,100,0.5187696748385511,0.501637987724846,0.5368241199749119
single_shape,res4_w16_gmp,not_applicable,retention_1,11,prob_error_reduction,100,0.6908416742021068,0.6721072382346429,0.7089593649159236
single_shape,res4_w16_gmp,not_applicable,retention_1,12,prob_error_reduction,100,0.8921644717799079,0.8754642480213016,0.9089555459251745
single_shape,res4_w16_gmp,not_applicable,retention_1,13,prob_error_reduction,100,1.0175683623251386,1.0004518387428174,1.034577865889554
single_shape,res4_w16_gmp,not_applicable,retention_1,14,prob_error_reduction,100,1.096790938851099,1.081276089033285,1.1123224100038185
single_shape,res4_w16_gmp,not_applicable,retention_1,15,prob_error_reduction,100,1.1508293133803535,1.1366792582070337,1.1648218619311461
single_shape,res4_w16_gmp,not_applicable,retention_1,16,prob_error_reduction,100,1.1934373382719417,1.180057382693762,1.2065673940094512
single_shape,tiny_gap,not_applicable,release_default,0,prob_error_reduction,100,0.0,0.0,0.0
single_shape,tiny_gap,not_applicable,release_default,1,prob_error_reduction,100,0.0,0.0,0.0
single_shape,tiny_gap,not_applicable,release_default,2,prob_error_reduction,100,-1.2007266639302293e-10,-3.009115651236849e-10,6.125837003281841e-11
single_shape,tiny_gap,not_applicable,release_default,3,prob_error_reduction,100,-3.1586629645197205e-10,-6.262231708464849e-10,-2.643119348389027e-12
single_shape,tiny_gap,not_applicable,release_default,4,prob_error_reduction,100,-4.790917840225006e-10,-9.359310475451356e-10,-2.6658416044100997e-11
single_shape,tiny_gap,not_applicable,release_default,5,prob_error_reduction,100,-4.950177762141905e-10,-1.0704107633596748e-09,8.374814841616238e-11
single_shape,tiny_gap,not_applicable,release_default,6,prob_error_reduction,100,-5.326194391086503e-10,-1.2499029624080116e-09,1.9729456597616896e-10
single_shape,tiny_gap,not_applicable,release_default,7,prob_error_reduction,100,-3.6150971494119945e-10,-1.2358724401501096e-09,4.948041856939199e-10
single_shape,tiny_gap,not_applicable,release_default,8,prob_error_reduction,100,-3.1672783673553083e-10,-1.3041072785130449e-09,6.627823302962629e-10
single_shape,tiny_gap,not_applicable,release_default,9,prob_error_reduction,100,-2.1378765757695817e-10,-1.1762833862782874e-09,7.385557471428765e-10
single_shape,tiny_gap,not_applicable,release_default,10,prob_error_reduction,100,-4.55538630150798e-10,-1.3202969407488664e-09,3.986296628066814e-10
single_shape,tiny_gap,not_applicable,release_default,11,prob_error_reduction,100,-2.0642805464987647e-10,-9.033593736107459e-10,4.995096716253753e-10
single_shape,tiny_gap,not_applicable,release_default,12,prob_error_reduction,100,-3.586808605682279e-10,-9.403512883088273e-10,1.9428217692962739e-10
single_shape,tiny_gap,not_applicable,release_default,13,prob_error_reduction,100,-2.0812661039038006e-10,-6.7123792804602e-10,2.440487620603002e-10
single_shape,tiny_gap,not_applicable,release_default,14,prob_error_reduction,100,1.6327801333204662e-11,-2.989869897218611e-10,3.400794565122654e-10
single_shape,tiny_gap,not_applicable,release_default,15,prob_error_reduction,100,9.671488054863176e-12,-1.735800991553571e-10,1.905845472549572e-10
single_shape,tiny_gap,not_applicable,release_default,16,prob_error_reduction,100,1.4234391443324056e-13,1.386213088760968e-13,1.4599887965260904e-13
single_shape,tiny_gap,not_applicable,retention_1,0,prob_error_reduction,100,0.0,0.0,0.0
single_shape,tiny_gap,not_applicable,retention_1,1,prob_error_reduction,100,0.0,0.0,0.0
single_shape,tiny_gap,not_applicable,retention_1,2,prob_error_reduction,100,4.1771083189590106e-11,-2.375242728891447e-11,1.0361722657843686e-10
single_shape,tiny_gap,not_applicable,retention_1,3,prob_error_reduction,100,6.940182720183153e-11,-3.814864639115068e-11,1.7523920176239214e-10
single_shape,tiny_gap,not_applicable,retention_1,4,prob_error_reduction,100,1.0476765982536662e-10,-3.289103225195821e-11,2.4127490404896033e-10
single_shape,tiny_gap,not_applicable,retention_1,5,prob_error_reduction,100,1.431456925216068e-10,-1.8577755216131468e-11,3.0456829077860065e-10
single_shape,tiny_gap,not_applicable,retention_1,6,prob_error_reduction,100,1.4158399161412481e-10,-4.744824662686331e-11,3.2257502690508086e-10
single_shape,tiny_gap,not_applicable,retention_1,7,prob_error_reduction,100,1.7504295388159895e-10,-3.025124034605753e-11,3.761154994119663e-10
single_shape,tiny_gap,not_applicable,retention_1,8,prob_error_reduction,100,1.1611738098826762e-10,-7.962790558174725e-11,3.1394158250819257e-10
single_shape,tiny_gap,not_applicable,retention_1,9,prob_error_reduction,100,1.2443239105763838e-10,-6.749158371066597e-11,3.1543716840637395e-10
single_shape,tiny_gap,not_applicable,retention_1,10,prob_error_reduction,100,7.254327333283684e-11,-9.471546136979869e-11,2.4660889957894837e-10
single_shape,tiny_gap,not_applicable,retention_1,11,prob_error_reduction,100,5.011311421387887e-11,-9.003431144377627e-11,1.914879250511369e-10
single_shape,tiny_gap,not_applicable,retention_1,12,prob_error_reduction,100,2.3988540043262674e-11,-7.806829805528935e-11,1.291292008320788e-10
single_shape,tiny_gap,not_applicable,retention_1,13,prob_error_reduction,100,1.6083966103419555e-11,-4.9899098963912534e-11,8.329950077629041e-11
single_shape,tiny_gap,not_applicable,retention_1,14,prob_error_reduction,100,1.6982964201606166e-11,-2.229814709958644e-11,5.5735852433347324e-11
single_shape,tiny_gap,not_applicable,retention_1,15,prob_error_reduction,100,7.854644712423919e-13,-1.512459343877559e-11,1.693670230451526e-11
single_shape,tiny_gap,not_applicable,retention_1,16,prob_error_reduction,100,1.004718530595028e-13,9.903185910209445e-14,1.0197093863739681e-13
single_shape,tiny_gmp,not_applicable,release_default,0,prob_error_reduction,100,0.0,0.0,0.0
single_shape,tiny_gmp,not_applicable,release_default,1,prob_error_reduction,100,0.0,0.0,0.0
single_shape,tiny_gmp,not_applicable,release_default,2,prob_error_reduction,100,1.952036088326281e-11,-6.686290322868715e-10,7.186079573270887e-10
single_shape,tiny_gmp,not_applicable,release_default,3,prob_error_reduction,100,-4.097669586977659e-10,-1.8507503094372657e-09,1.019570923327384e-09
single_shape,tiny_gmp,not_applicable,release_default,4,prob_error_reduction,100,6.302249322409637e-10,-1.0201715746338548e-09,2.322198044940604e-09
single_shape,tiny_gmp,not_applicable,release_default,5,prob_error_reduction,100,3.095421519105912e-10,-1.7399793191263946e-09,2.367059291352724e-09
single_shape,tiny_gmp,not_applicable,release_default,6,prob_error_reduction,100,8.999756762051448e-10,-1.2456506401359313e-09,2.986072209887336e-09
single_shape,tiny_gmp,not_applicable,release_default,7,prob_error_reduction,100,7.698174031567362e-10,-1.4679796895844532e-09,2.924873145737637e-09
single_shape,tiny_gmp,not_applicable,release_default,8,prob_error_reduction,100,2.355263140074726e-10,-2.07154709380708e-09,2.476969735321077e-09
single_shape,tiny_gmp,not_applicable,release_default,9,prob_error_reduction,100,3.300486173252182e-10,-1.2203671369004352e-09,1.8525766041777013e-09
single_shape,tiny_gmp,not_applicable,release_default,10,prob_error_reduction,100,2.1140089678794993e-10,-1.0390329584497591e-09,1.4416891624402515e-09
single_shape,tiny_gmp,not_applicable,release_default,11,prob_error_reduction,100,5.342001729857771e-10,-3.9943651647389446e-10,1.4673145047328083e-09
single_shape,tiny_gmp,not_applicable,release_default,12,prob_error_reduction,100,-1.077703659646545e-10,-7.148296016223909e-10,5.010365643487441e-10
single_shape,tiny_gmp,not_applicable,release_default,13,prob_error_reduction,100,-7.225080089767743e-11,-4.63285562579685e-10,3.178613733889612e-10
single_shape,tiny_gmp,not_applicable,release_default,14,prob_error_reduction,100,5.126918223297139e-11,-1.0925239402048704e-10,2.0987798138305532e-10
single_shape,tiny_gmp,not_applicable,release_default,15,prob_error_reduction,100,3.613916721434407e-11,-1.351822459527696e-11,8.756726010972214e-11
single_shape,tiny_gmp,not_applicable,release_default,16,prob_error_reduction,100,1.121325254871408e-15,9.237055564881303e-16,1.3411494137471891e-15
single_shape,tiny_gmp,not_applicable,retention_1,0,prob_error_reduction,100,0.0,0.0,0.0
single_shape,tiny_gmp,not_applicable,retention_1,1,prob_error_reduction,100,0.0,0.0,0.0
single_shape,tiny_gmp,not_applicable,retention_1,2,prob_error_reduction,100,-1.4133722914255741e-10,-6.267546879129559e-10,3.57513339294124e-10
single_shape,tiny_gmp,not_applicable,retention_1,3,prob_error_reduction,100,-3.4152777494966815e-10,-1.2230298543358663e-09,5.249642088811506e-10
single_shape,tiny_gmp,not_applicable,retention_1,4,prob_error_reduction,100,-9.817609725182308e-11,-1.076504046765292e-09,8.754680269895676e-10
single_shape,tiny_gmp,not_applicable,retention_1,5,prob_error_reduction,100,6.182291323320044e-10,-4.434071418368823e-10,1.689920995195937e-09
single_shape,tiny_gmp,not_applicable,retention_1,6,prob_error_reduction,100,9.406445555804054e-10,-1.7143335623304167e-10,2.0199187807934392e-09
single_shape,tiny_gmp,not_applicable,retention_1,7,prob_error_reduction,100,1.080107727702284e-09,5.750668519155511e-11,2.151630419333638e-09
single_shape,tiny_gmp,not_applicable,retention_1,8,prob_error_reduction,100,4.793330377061977e-10,-5.363747401232466e-10,1.5346668637006275e-09
single_shape,tiny_gmp,not_applicable,retention_1,9,prob_error_reduction,100,1.779606217944263e-10,-7.503410945908228e-10,1.1422431339114245e-09
single_shape,tiny_gmp,not_applicable,retention_1,10,prob_error_reduction,100,8.472513357560274e-11,-7.736977593042481e-10,9.405249285499011e-10
single_shape,tiny_gmp,not_applicable,retention_1,11,prob_error_reduction,100,-3.100972367775512e-11,-8.042700374022438e-10,7.343299994744251e-10
single_shape,tiny_gmp,not_applicable,retention_1,12,prob_error_reduction,100,-7.51212159144643e-11,-6.89352152305478e-10,5.538757194001311e-10
single_shape,tiny_gmp,not_applicable,retention_1,13,prob_error_reduction,100,1.4998351671735576e-10,-3.0709002846185383e-10,6.027085005522179e-10
single_shape,tiny_gmp,not_applicable,retention_1,14,prob_error_reduction,100,2.7866140728249887e-10,-4.450305901571022e-12,5.704260608863087e-10
single_shape,tiny_gmp,not_applicable,retention_1,15,prob_error_reduction,100,5.504432909475554e-11,-6.72368045129268e-11,1.750363173846914e-10
single_shape,tiny_gmp,not_applicable,retention_1,16,prob_error_reduction,100,2.3954171979312377e-14,2.306599355961225e-14,2.4860113967406504e-14
two_concepts,bn2_w16_gap,not_applicable,release_default,0,prob_error_reduction,100,0.0,0.0,0.0
two_concepts,bn2_w16_gap,not_applicable,release_default,1,prob_error_reduction,100,0.0,0.0,0.0
two_concepts,bn2_w16_gap,not_applicable,release_default,2,prob_error_reduction,100,-0.015750321448682266,-0.018291887627664496,-0.013395653373582632
two_concepts,bn2_w16_gap,not_applicable,release_default,3,prob_error_reduction,100,-0.0438989915273062,-0.049316904626599774,-0.03865362005388097
two_concepts,bn2_w16_gap,not_applicable,release_default,4,prob_error_reduction,100,-0.08468604029061406,-0.0925121254878042,-0.07708419256439143
two_concepts,bn2_w16_gap,not_applicable,release_default,5,prob_error_reduction,100,-0.14053086240068594,-0.15086206922707013,-0.1305753186117744
two_concepts,bn2_w16_gap,not_applicable,release_default,6,prob_error_reduction,100,-0.21101758161951523,-0.22393120869894578,-0.19868332604885203
two_concepts,bn2_w16_gap,not_applicable,release_default,7,prob_error_reduction,100,-0.27367954403769357,-0.28838199918223106,-0.2587200714748333
two_concepts,bn2_w16_gap,not_applicable,release_default,8,prob_error_reduction,100,-0.3186825393305785,-0.33610598886139864,-0.3015496645725252
two_concepts,bn2_w16_gap,not_applicable,release_default,9,prob_error_reduction,100,-0.3459190089287352,-0.3641494154539827,-0.3277753942091341
two_concepts,bn2_w16_gap,not_applicable,release_default,10,prob_error_reduction,100,-0.3585975641114683,-0.37741259589605375,-0.33965313530664243
two_concepts,bn2_w16_gap,not_applicable,release_default,11,prob_error_reduction,100,-0.33139598656838937,-0.35233942570889215,-0.30983791940138333
two_concepts,bn2_w16_gap,not_applicable,release_default,12,prob_error_reduction,100,-0.29138549192254787,-0.3132352180134653,-0.2695032607456858
two_concepts,bn2_w16_gap,not_applicable,release_default,13,prob_error_reduction,100,-0.1415527626728115,-0.16895764194701157,-0.1146513356023376
two_concepts,bn2_w16_gap,not_applicable,release_default,14,prob_error_reduction,100,0.10474419184736235,0.07317466715106982,0.13606579969783197
two_concepts,bn2_w16_gap,not_applicable,release_default,15,prob_error_reduction,100,0.3108365264501645,0.27913175040210497,0.3426616746762541
two_concepts,bn2_w16_gap,not_applicable,release_default,16,prob_error_reduction,100,0.47318626467330405,0.4463819779751644,0.5006229838560741
two_concepts,bn2_w16_gap,not_applicable,retention_1,0,prob_error_reduction,100,0.0,0.0,0.0
two_concepts,bn2_w16_gap,not_applicable,retention_1,1,prob_error_reduction,100,0.0,0.0,0.0
two_concepts,bn2_w16_gap,not_applicable,retention_1,2,prob_error_reduction,100,-0.0178859403820492,-0.020685502941207357,-0.015196684493859209
two_concepts,bn2_w16_gap,not_applicable,retention_1,3,prob_error_reduction,100,-0.03838760907007463,-0.043350133687555775,-0.03352359964258626
two_concepts,bn2_w16_gap,not_applicable,retention_1,4,prob_error_reduction,100,-0.07793809573782655,-0.08572852701057401,-0.070431993460506
two_concepts,bn2_w16_gap,not_applicable,retention_1,5,prob_error_reduction,100,-0.10603812123090928,-0.11511865746914782,-0.09698156076350226
two_concepts,bn2_w16_gap,not_applicable,retention_1,6,prob_error_reduction,100,-0.12344609411015303,-0.13445417382625363,-0.11274226333040277
two_concepts,bn2_w16_gap,not_applicable,retention_1,7,prob_error_reduction,100,-0.11591006641820087,-0.12817973213582579,-0.10387383192203284
two_concepts,bn2_w16_gap,not_applicable,retention_1,8,prob_error_reduction,100,-0.08114205232238669,-0.09787572393617897,-0.06449997256671121
two_concepts,bn2_w16_gap,not_applicable,retention_1,9,prob_error_reduction,100,-0.04052706139112747,-0.06029449250959283,-0.019433073600171453
two_concepts,bn2_w16_gap,not_applicable,retention_1,10,prob_error_reduction,100,0.007658910837333245,-0.015760497070437945,0.03175942030544241
two_concepts,bn2_w16_gap,not_applicable,retention_1,11,prob_error_reduction,100,0.04400608271564586,0.01962166693510622,0.06906403598607994
two_concepts,bn2_w16_gap,not_applicable,retention_1,12,prob_error_reduction,100,0.03438334756514629,0.011876554092477195,0.05678500862902746
two_concepts,bn2_w16_gap,not_applicable,retention_1,13,prob_error_reduction,100,0.03269679095055694,0.011734311937831522,0.054027155249945884
two_concepts,bn2_w16_gap,not_applicable,retention_1,14,prob_error_reduction,100,0.27758662339585227,0.24782546468050498,0.30689028107302846
two_concepts,bn2_w16_gap,not_applicable,retention_1,15,prob_error_reduction,100,0.4662800025471745,0.43914870400246586,0.49349818738954593
two_concepts,bn2_w16_gap,not_applicable,retention_1,16,prob_error_reduction,100,0.5968119552535671,0.5713991192904012,0.622746455351463
two_concepts,bn2_w16_gmp,not_applicable,release_default,0,prob_error_reduction,100,0.0,0.0,0.0
two_concepts,bn2_w16_gmp,not_applicable,release_default,1,prob_error_reduction,100,0.0,0.0,0.0
two_concepts,bn2_w16_gmp,not_applicable,release_default,2,prob_error_reduction,100,-0.0414419120239637,-0.04662848697863211,-0.036335049969620975
two_concepts,bn2_w16_gmp,not_applicable,release_default,3,prob_error_reduction,100,-0.14183011414128394,-0.1521670698560728,-0.13155420230933262
two_concepts,bn2_w16_gmp,not_applicable,release_default,4,prob_error_reduction,100,-0.20603597640173585,-0.21817356339021574,-0.1932407745088325
two_concepts,bn2_w16_gmp,not_applicable,release_default,5,prob_error_reduction,100,-0.19432676899627535,-0.2118513146958582,-0.17647451269326803
two_concepts,bn2_w16_gmp,not_applicable,release_default,6,prob_error_reduction,100,-0.12781885382398087,-0.14682013320653042,-0.10889898701609059
two_concepts,bn2_w16_gmp,not_applicable,release_default,7,prob_error_reduction,100,-0.019435190789301435,-0.03832737959820238,0.000424130111615337
two_concepts,bn2_w16_gmp,not_applicable,release_default,8,prob_error_reduction,100,0.10389880201004083,0.08327188618798434,0.12443508603209578
two_concepts,bn2_w16_gmp,not_applicable,release_default,9,prob_error_reduction,100,0.22585042747515424,0.20632535251808445,0.24558037609378958
two_concepts,bn2_w16_gmp,not_applicable,release_default,10,prob_error_reduction,100,0.34165615278294653,0.3194533234552979,0.3633013876097222
two_concepts,bn2_w16_gmp,not_applicable,release_default,11,prob_error_reduction,100,0.4825951382598981,0.45838601801535545,0.5060501619312215
two_concepts,bn2_w16_gmp,not_applicable,release_default,12,prob_error_reduction,100,0.62197398381798,0.5988760506991723,0.645022524449203
two_concepts,bn2_w16_gmp,not_applicable,release_default,13,prob_error_reduction,100,0.7647069886615605,0.7446667097737761,0.7851798761106771
two_concepts,bn2_w16_gmp,not_applicable,release_default,14,prob_error_reduction,100,0.885327427329237,0.8664798141311393,0.904058527929485
two_concepts,bn2_w16_gmp,not_applicable,release_default,15,prob_error_reduction,100,0.9596373247294605,0.9415578079555896,0.9778644352795807
two_concepts,bn2_w16_gmp,not_applicable,release_default,16,prob_error_reduction,100,1.0237645142423553,1.0050375843201607,1.0423621785124793
two_concepts,bn2_w16_gmp,not_applicable,retention_1,0,prob_error_reduction,100,0.0,0.0,0.0
two_concepts,bn2_w16_gmp,not_applicable,retention_1,1,prob_error_reduction,100,0.0,0.0,0.0
two_concepts,bn2_w16_gmp,not_applicable,retention_1,2,prob_error_reduction,100,-0.043999031373186163,-0.05111883082444706,-0.03674270964068681
two_concepts,bn2_w16_gmp,not_applicable,retention_1,3,prob_error_reduction,100,-0.11890788615675757,-0.13004257562110824,-0.10788110467734807
two_concepts,bn2_w16_gmp,not_applicable,retention_1,4,prob_error_reduction,100,-0.16048822911357405,-0.17709075492845774,-0.14381845161825246
two_concepts,bn2_w16_gmp,not_applicable,retention_1,5,prob_error_reduction,100,-0.10289413038066315,-0.119614430654369,-0.08546391249430997
two_concepts,bn2_w16_gmp,not_applicable,retention_1,6,prob_error_reduction,100,-0.020915860772065233,-0.03774538233378521,-0.0041715731805467985
two_concepts,bn2_w16_gmp,not_applicable,retention_1,7,prob_error_reduction,100,0.05421983128262538,0.03436662025582271,0.07487344216396823
two_concepts,bn2_w16_gmp,not_applicable,retention_1,8,prob_error_reduction,100,0.15651279453154213,0.13711441404535146,0.17532450471538658
two_concepts,bn2_w16_gmp,not_applicable,retention_1,9,prob_error_reduction,100,0.24529281037013695,0.22629007348522825,0.26508854657049674
two_concepts,bn2_w16_gmp,not_applicable,retention_1,10,prob_error_reduction,100,0.3387808591288788,0.3193469769981929,0.3584129143286398
two_concepts,bn2_w16_gmp,not_applicable,retention_1,11,prob_error_reduction,100,0.43758093681547644,0.4160144232567819,0.45872268391977994
two_concepts,bn2_w16_gmp,not_applicable,retention_1,12,prob_error_reduction,100,0.5295245850720424,0.5085257387339128,0.5508710312968542
two_concepts,bn2_w16_gmp,not_applicable,retention_1,13,prob_error_reduction,100,0.653425115044487,0.6310416088105348,0.6750275847396642
two_concepts,bn2_w16_gmp,not_applicable,retention_1,14,prob_error_reduction,100,0.7964996123015008,0.7742797592561197,0.8180030627657345
two_concepts,bn2_w16_gmp,not_applicable,retention_1,15,prob_error_reduction,100,0.8434437310751874,0.820370532095407,0.8658102869306311
two_concepts,bn2_w16_gmp,not_applicable,retention_1,16,prob_error_reduction,100,0.9796841323877373,0.9559344032316435,1.0031731484489566
two_concepts,bn4_w16_gap,not_applicable,release_default,0,prob_error_reduction,100,0.0,0.0,0.0
two_concepts,bn4_w16_gap,not_applicable,release_default,1,prob_error_reduction,100,0.0,0.0,0.0
two_concepts,bn4_w16_gap,not_applicable,release_default,2,prob_error_reduction,100,-0.038881353757933196,-0.044677631886604154,-0.033394991407339515
two_concepts,bn4_w16_gap,not_applicable,release_default,3,prob_error_reduction,100,-0.12723027745009607,-0.13752667439777172,-0.11728140221884674
two_concepts,bn4_w16_gap,not_applicable,release_default,4,prob_error_reduction,100,-0.2203978403604323,-0.23553144423379946,-0.20575206714350933
two_concepts,bn4_w16_gap,not_applicable,release_default,5,prob_error_reduction,100,-0.29796947485580977,-0.31570091044841775,-0.2813290962561557
two_concepts,bn4_w16_gap,not_applicable,release_default,6,prob_error_reduction,100,-0.3106420179698223,-0.33068211146372134,-0.2904927095648379
two_concepts,bn4_w16_gap,not_applicable,release_default,7,prob_error_reduction,100,-0.2687835776916299,-0.2870758096325902,-0.2509777033563889
two_concepts,bn4_w16_gap,not_applicable,release_default,8,prob_error_reduction,100,-0.21893906445803213,-0.23919620943473305,-0.19859830728081004
two_concepts,bn4_w16_gap,not_applicable,release_default,9,prob_error_reduction,100,-0.14151997002946992,-0.16234209061697788,-0.12028367938084727
two_concepts,bn4_w16_gap,not_applicable,release_default,10,prob_error_reduction,100,-0.0645593676195597,-0.08428621576780197,-0.04497585657775479
two_concepts,bn4_w16_gap,not_applicable,release_default,11,prob_error_reduction,100,0.011414451440917213,-0.008590460300839185,0.03185780585782733
two_concepts,bn4_w16_gap,not_applicable,release_default,12,prob_error_reduction,100,0.10756723172311505,0.08660632352666185,0.12782059537156598
two_concepts,bn4_w16_gap,not_applicable,release_default,13,prob_error_reduction,100,0.2241782363151264,0.20339165496005598,0.2446518243147747
two_concepts,bn4_w16_gap,not_applicable,release_default,14,prob_error_reduction,100,0.35003587883951787,0.33002555622933066,0.36951954793905634
two_concepts,bn4_w16_gap,not_applicable,release_default,15,prob_error_reduction,100,0.48156729920216457,0.4652718770124472,0.49764345982857006
two_concepts,bn4_w16_gap,not_applicable,release_default,16,prob_error_reduction,100,0.5057693801162925,0.4875992692735667,0.5241177423800469
two_concepts,bn4_w16_gap,not_applicable,retention_1,0,prob_error_reduction,100,0.0,0.0,0.0
two_concepts,bn4_w16_gap,not_applicable,retention_1,1,prob_error_reduction,100,0.0,0.0,0.0
two_concepts,bn4_w16_gap,not_applicable,retention_1,2,prob_error_reduction,100,-0.06848417985420556,-0.07745584080289473,-0.059671373693113164
two_concepts,bn4_w16_gap,not_applicable,retention_1,3,prob_error_reduction,100,-0.18237439932031133,-0.19334955553238675,-0.17160306742195758
two_concepts,bn4_w16_gap,not_applicable,retention_1,4,prob_error_reduction,100,-0.2535101785469996,-0.26998806404418046,-0.23721304888699918
two_concepts,bn4_w16_gap,not_applicable,retention_1,5,prob_error_reduction,100,-0.33497059498526416,-0.3541174817873695,-0.3154020917189822
two_concepts,bn4_w16_gap,not_applicable,retention_1,6,prob_error_reduction,100,-0.35527951793610657,-0.3765318532367295,-0.3345786697309969
two_concepts,bn4_w16_gap,not_applicable,retention_1,7,prob_error_reduction,100,-0.33718717772363666,-0.3620157738652648,-0.3125063245618193
two_concepts,bn4_w16_gap,not_applicable,retention_1,8,prob_error_reduction,100,-0.2694249447590054,-0.2945049651963244,-0.24522214588841304
two_concepts,bn4_w16_gap,not_applicable,retention_1,9,prob_error_reduction,100,-0.20313349755982735,-0.23087603505722976,-0.17592390307039155
two_concepts,bn4_w16_gap,not_applicable,retention_1,10,prob_error_reduction,100,-0.11458255237669045,-0.14141960221670669,-0.08770811424933368
two_concepts,bn4_w16_gap,not_applicable,retention_1,11,prob_error_reduction,100,-0.05086262208418458,-0.07251490294680353,-0.02876020552972171
two_concepts,bn4_w16_gap,not_applicable,retention_1,12,prob_error_reduction,100,-0.019883128227071993,-0.04326841251739735,0.0037041483682940146
two_concepts,bn4_w16_gap,not_applicable,retention_1,13,prob_error_reduction,100,0.06765090335282128,0.04581330299844022,0.0889841372901884
two_concepts,bn4_w16_gap,not_applicable,retention_1,14,prob_error_reduction,100,0.2214359831119096,0.20035310064202966,0.24290035558457562
two_concepts,bn4_w16_gap,not_applicable,retention_1,15,prob_error_reduction,100,0.46570526240296956,0.44701759527916374,0.4844616236338074
two_concepts,bn4_w16_gap,not_applicable,retention_1,16,prob_error_reduction,100,0.5185428497102871,0.49920607303923775,0.5378407339659406
two_concepts,bn4_w16_gmp,not_applicable,release_default,0,prob_error_reduction,100,0.0,0.0,0.0
two_concepts,bn4_w16_gmp,not_applicable,release_default,1,prob_error_reduction,100,0.0,0.0,0.0
two_concepts,bn4_w16_gmp,not_applicable,release_default,2,prob_error_reduction,100,-0.007280938243744903,-0.011231641376421929,-0.003250094289993678
two_concepts,bn4_w16_gmp,not_applicable,release_default,3,prob_error_reduction,100,-0.03232279875899638,-0.043911225485197096,-0.020646608386479037
two_concepts,bn4_w16_gmp,not_applicable,release_default,4,prob_error_reduction,100,-0.10296967300078146,-0.12108133135292223,-0.08486272177444307
two_concepts,bn4_w16_gmp,not_applicable,release_default,5,prob_error_reduction,100,-0.11998792802836056,-0.13872581889119556,-0.10126004002008922
two_concepts,bn4_w16_gmp,not_applicable,release_default,6,prob_error_reduction,100,-0.10985377246022965,-0.13100098645078972,-0.088323893384699
two_concepts,bn4_w16_gmp,not_applicable,release_default,7,prob_error_reduction,100,-0.07031292172845094,-0.0938850588724988,-0.04770277847986079
two_concepts,bn4_w16_gmp,not_applicable,release_default,8,prob_error_reduction,100,-0.01519612274853227,-0.040388494123294046,0.009677047460972608
two_concepts,bn4_w16_gmp,not_applicable,release_default,9,prob_error_reduction,100,0.03820648147466807,0.013442715930791844,0.06355394213794027
two_concepts,bn4_w16_gmp,not_applicable,release_default,10,prob_error_reduction,100,0.10416409806954395,0.07917761811447561,0.12776922323093298
two_concepts,bn4_w16_gmp,not_applicable,release_default,11,prob_error_reduction,100,0.16240138371702925,0.13986834899497913,0.18496504850556214
two_concepts,bn4_w16_gmp,not_applicable,release_default,12,prob_error_reduction,100,0.2305629274638051,0.20795775382137308,0.2531953921001617
two_concepts,bn4_w16_gmp,not_applicable,release_default,13,prob_error_reduction,100,0.3147515956937479,0.2932523883290169,0.33423622830834915
two_concepts,bn4_w16_gmp,not_applicable,release_default,14,prob_error_reduction,100,0.4033051835555853,0.38582959129901556,0.4200012410604769
two_concepts,bn4_w16_gmp,not_applicable,release_default,15,prob_error_reduction,100,0.44018977532924985,0.4237210731546731,0.4569632154177126
two_concepts,bn4_w16_gmp,not_applicable,release_default,16,prob_error_reduction,100,0.4877768011726575,0.4734345445513561,0.5027588982243063
two_concepts,bn4_w16_gmp,not_applicable,retention_1,0,prob_error_reduction,100,0.0,0.0,0.0
two_concepts,bn4_w16_gmp,not_applicable,retention_1,1,prob_error_reduction,100,0.0,0.0,0.0
two_concepts,bn4_w16_gmp,not_applicable,retention_1,2,prob_error_reduction,100,-0.00899255499174311,-0.014566128933270684,-0.0036707948503316265
two_concepts,bn4_w16_gmp,not_applicable,retention_1,3,prob_error_reduction,100,-0.04406341504263433,-0.055120487220594,-0.03272992036432252
two_concepts,bn4_w16_gmp,not_applicable,retention_1,4,prob_error_reduction,100,-0.13237238522081246,-0.1499800358333135,-0.115057262922024
two_concepts,bn4_w16_gmp,not_applicable,retention_1,5,prob_error_reduction,100,-0.1463910908093505,-0.16680587216930967,-0.12620810483130948
two_concepts,bn4_w16_gmp,not_applicable,retention_1,6,prob_error_reduction,100,-0.12579518662637373,-0.14798588148003863,-0.10379653575953462
two_concepts,bn4_w16_gmp,not_applicable,retention_1,7,prob_error_reduction,100,-0.06520341011426266,-0.08982617023283367,-0.04061652756945356
two_concepts,bn4_w16_gmp,not_applicable,retention_1,8,prob_error_reduction,100,-0.01782947974119881,-0.04390964705485849,0.007967789152438514
two_concepts,bn4_w16_gmp,not_applicable,retention_1,9,prob_error_reduction,100,0.037818810788143635,0.0124089692261074,0.06315101450931326
two_concepts,bn4_w16_gmp,not_applicable,retention_1,10,prob_error_reduction,100,0.09632887031798962,0.07308757463320603,0.11919840556164284
two_concepts,bn4_w16_gmp,not_applicable,retention_1,11,prob_error_reduction,100,0.15273619209056735,0.12709253435397533,0.17783607938294524
two_concepts,bn4_w16_gmp,not_applicable,retention_1,12,prob_error_reduction,100,0.22452470294973814,0.19962866033968513,0.24953555074317746
two_concepts,bn4_w16_gmp,not_applicable,retention_1,13,prob_error_reduction,100,0.3031591093686317,0.27997743348664733,0.3267720670914754
two_concepts,bn4_w16_gmp,not_applicable,retention_1,14,prob_error_reduction,100,0.4119164848304976,0.3924132059898778,0.4314311127903463
two_concepts,bn4_w16_gmp,not_applicable,retention_1,15,prob_error_reduction,100,0.4463146539840343,0.4275975307661072,0.4644046353464081
two_concepts,bn4_w16_gmp,not_applicable,retention_1,16,prob_error_reduction,100,0.5064525656869536,0.49047888153901037,0.5226002964991254
two_concepts,plain2_w16_gap,not_applicable,release_default,0,prob_error_reduction,100,0.0,0.0,0.0
two_concepts,plain2_w16_gap,not_applicable,release_default,1,prob_error_reduction,100,0.0,0.0,0.0
two_concepts,plain2_w16_gap,not_applicable,release_default,2,prob_error_reduction,100,0.0014052923569162895,0.0011336090770922823,0.0016705811495822164
two_concepts,plain2_w16_gap,not_applicable,release_default,3,prob_error_reduction,100,0.0036369079530870997,0.0030100131761924462,0.00432288201016371
two_concepts,plain2_w16_gap,not_applicable,release_default,4,prob_error_reduction,100,0.0068648730609612895,0.005931573873701047,0.007826389684618126
two_concepts,plain2_w16_gap,not_applicable,release_default,5,prob_error_reduction,100,0.012080434750877358,0.010714853464616914,0.013438086645123732
two_concepts,plain2_w16_gap,not_applicable,release_default,6,prob_error_reduction,100,0.018206321506777888,0.016339081770189112,0.02001620579537854
two_concepts,plain2_w16_gap,not_applicable,release_default,7,prob_error_reduction,100,0.024000243520279407,0.02174014541558953,0.02627192940398147
two_concepts,plain2_w16_gap,not_applicable,release_default,8,prob_error_reduction,100,0.029812226438376655,0.027301832451317357,0.03227605247178962
two_concepts,plain2_w16_gap,not_applicable,release_default,9,prob_error_reduction,100,0.036075225287856096,0.0335379465312687,0.038613740262209435
two_concepts,plain2_w16_gap,not_applicable,release_default,10,prob_error_reduction,100,0.04003233271143131,0.037641680838859035,0.04240992653231542
two_concepts,plain2_w16_gap,not_applicable,release_default,11,prob_error_reduction,100,0.043018129560266474,0.04063655991686246,0.045418415953455846
two_concepts,plain2_w16_gap,not_applicable,release_default,12,prob_error_reduction,100,0.0415540845027774,0.03932312703072917,0.043736311922153326
two_concepts,plain2_w16_gap,not_applicable,release_default,13,prob_error_reduction,100,0.03724928706807276,0.035250998079770696,0.03919862965335056
two_concepts,plain2_w16_gap,not_applicable,release_default,14,prob_error_reduction,100,0.031884795794994966,0.030125605686766387,0.03368849060873393
two_concepts,plain2_w16_gap,not_applicable,release_default,15,prob_error_reduction,100,0.027545329128388064,0.025699063587842477,0.029389585035518927
two_concepts,plain2_w16_gap,not_applicable,release_default,16,prob_error_reduction,100,0.025557021724108644,0.023332271378859865,0.027830236833657526
two_concepts,plain2_w16_gap,not_applicable,retention_1,0,prob_error_reduction,100,0.0,0.0,0.0
two_concepts,plain2_w16_gap,not_applicable,retention_1,1,prob_error_reduction,100,0.0,0.0,0.0
two_concepts,plain2_w16_gap,not_applicable,retention_1,2,prob_error_reduction,100,0.0006646494373893066,0.0005757609612308985,0.000763318577788562
two_concepts,plain2_w16_gap,not_applicable,retention_1,3,prob_error_reduction,100,0.00227840920096828,0.002044079742955283,0.0025170402677876166
two_concepts,plain2_w16_gap,not_applicable,retention_1,4,prob_error_reduction,100,0.0026112870140191187,0.0021725498247413067,0.0030527704173679967
two_concepts,plain2_w16_gap,not_applicable,retention_1,5,prob_error_reduction,100,0.002547106703977663,0.0019606804610100884,0.0031139220995889355
two_concepts,plain2_w16_gap,not_applicable,retention_1,6,prob_error_reduction,100,0.0017000366690471801,0.0007884368878067612,0.002615392018373695
two_concepts,plain2_w16_gap,not_applicable,retention_1,7,prob_error_reduction,100,0.003185453142194943,0.0020841716136296155,0.0042711619141489925
two_concepts,plain2_w16_gap,not_applicable,retention_1,8,prob_error_reduction,100,0.002685954046574136,0.0014533716966965947,0.003913743927960288
two_concepts,plain2_w16_gap,not_applicable,retention_1,9,prob_error_reduction,100,0.0045986489849154065,0.003220969670215564,0.005928487620803647
two_concepts,plain2_w16_gap,not_applicable,retention_1,10,prob_error_reduction,100,0.006189568937586443,0.004791265269016462,0.0075863525825217775
two_concepts,plain2_w16_gap,not_applicable,retention_1,11,prob_error_reduction,100,0.007783388172070964,0.006321638940568041,0.009294716965819542
two_concepts,plain2_w16_gap,not_applicable,retention_1,12,prob_error_reduction,100,0.010522045789755241,0.009225588583283002,0.011845716969442427
two_concepts,plain2_w16_gap,not_applicable,retention_1,13,prob_error_reduction,100,0.009951024371669025,0.008872386660343038,0.011074726996610136
two_concepts,plain2_w16_gap,not_applicable,retention_1,14,prob_error_reduction,100,0.008152335002913163,0.007317724023165459,0.009058936906042675
two_concepts,plain2_w16_gap,not_applicable,retention_1,15,prob_error_reduction,100,0.006313534397406905,0.0056378506658832025,0.0070575441269394084
two_concepts,plain2_w16_gap,not_applicable,retention_1,16,prob_error_reduction,100,0.004894901555289336,0.004316560480169265,0.005587516520916353
two_concepts,plain2_w16_gmp,not_applicable,release_default,0,prob_error_reduction,100,0.0,0.0,0.0
two_concepts,plain2_w16_gmp,not_applicable,release_default,1,prob_error_reduction,100,0.0,0.0,0.0
two_concepts,plain2_w16_gmp,not_applicable,release_default,2,prob_error_reduction,100,0.002639499789359055,0.0016734040534109405,0.0037318955617728212
two_concepts,plain2_w16_gmp,not_applicable,release_default,3,prob_error_reduction,100,0.005735370545484424,0.0034681141809196356,0.008232394415452092
two_concepts,plain2_w16_gmp,not_applicable,release_default,4,prob_error_reduction,100,0.016946671108212685,0.012526416743043719,0.021574534525368238
two_concepts,plain2_w16_gmp,not_applicable,release_default,5,prob_error_reduction,100,0.0493734933726134,0.043198898637633654,0.05580552344640358
two_concepts,plain2_w16_gmp,not_applicable,release_default,6,prob_error_reduction,100,0.10442817660860897,0.09519846700744142,0.11409439365766735
two_concepts,plain2_w16_gmp,not_applicable,release_default,7,prob_error_reduction,100,0.17749881947866036,0.16529852504464407,0.18996147001660607
two_concepts,plain2_w16_gmp,not_applicable,release_default,8,prob_error_reduction,100,0.2564855295899288,0.2429262569119624,0.27000921642287057
two_concepts,plain2_w16_gmp,not_applicable,release_default,9,prob_error_reduction,100,0.342969329903732,0.32915668011173066,0.3567049110675255
two_concepts,plain2_w16_gmp,not_applicable,release_default,10,prob_error_reduction,100,0.40671186731922565,0.3931266968159316,0.4203661928337405
two_concepts,plain2_w16_gmp,not_applicable,release_default,11,prob_error_reduction,100,0.44383276712514447,0.43107555651573565,0.45644401708318455
two_concepts,plain2_w16_gmp,not_applicable,release_default,12,prob_error_reduction,100,0.44951100554304096,0.43645426222875316,0.4622385406899737
two_concepts,plain2_w16_gmp,not_applicable,release_default,13,prob_error_reduction,100,0.43137413962665067,0.41788672422945816,0.4446408271427745
two_concepts,plain2_w16_gmp,not_applicable,release_default,14,prob_error_reduction,100,0.3965083573554024,0.3825374277790234,0.4104898264913288
two_concepts,plain2_w16_gmp,not_applicable,release_default,15,prob_error_reduction,100,0.3576068765760432,0.34353186701058375,0.37226748259296505
two_concepts,plain2_w16_gmp,not_applicable,release_default,16,prob_error_reduction,100,0.323019435877972,0.3097052435322787,0.336468903881364
two_concepts,plain2_w16_gmp,not_applicable,retention_1,0,prob_error_reduction,100,0.0,0.0,0.0
two_concepts,plain2_w16_gmp,not_applicable,retention_1,1,prob_error_reduction,100,0.0,0.0,0.0
two_concepts,plain2_w16_gmp,not_applicable,retention_1,2,prob_error_reduction,100,0.005170128703436849,0.0039036745782276266,0.006591119990009419
two_concepts,plain2_w16_gmp,not_applicable,retention_1,3,prob_error_reduction,100,0.0028889791416823905,-0.000490141614427866,0.006276470414187957
two_concepts,plain2_w16_gmp,not_applicable,retention_1,4,prob_error_reduction,100,-0.028728642898343426,-0.03629324296682243,-0.021212560041357024
two_concepts,plain2_w16_gmp,not_applicable,retention_1,5,prob_error_reduction,100,0.00016681466193007422,-0.007997568098489234,0.008517122682408755
two_concepts,plain2_w16_gmp,not_applicable,retention_1,6,prob_error_reduction,100,0.05233723491229903,0.042903792178394344,0.06154422026150593
two_concepts,plain2_w16_gmp,not_applicable,retention_1,7,prob_error_reduction,100,0.10481403145905714,0.09345250037623674,0.11647431944835107
two_concepts,plain2_w16_gmp,not_applicable,retention_1,8,prob_error_reduction,100,0.15106274906084224,0.13988239390749194,0.16266450653219044
two_concepts,plain2_w16_gmp,not_applicable,retention_1,9,prob_error_reduction,100,0.20542701415286932,0.1934875407008292,0.21771711190337012
two_concepts,plain2_w16_gmp,not_applicable,retention_1,10,prob_error_reduction,100,0.2637093418284047,0.25174144162660544,0.27601449124583677
two_concepts,plain2_w16_gmp,not_applicable,retention_1,11,prob_error_reduction,100,0.3042334271214305,0.2918275803188175,0.3166691104580335
two_concepts,plain2_w16_gmp,not_applicable,retention_1,12,prob_error_reduction,100,0.3548017794032778,0.3432592084673874,0.36631337560287736
two_concepts,plain2_w16_gmp,not_applicable,retention_1,13,prob_error_reduction,100,0.36965223562277716,0.35862969925254545,0.38047440519238235
two_concepts,plain2_w16_gmp,not_applicable,retention_1,14,prob_error_reduction,100,0.3668238163906695,0.3556123347429124,0.3779635978829565
two_concepts,plain2_w16_gmp,not_applicable,retention_1,15,prob_error_reduction,100,0.3288043697730341,0.31771218804446894,0.3397892638671038
two_concepts,plain2_w16_gmp,not_applicable,retention_1,16,prob_error_reduction,100,0.2924476210410284,0.2822647450712157,0.3029038339217874
two_concepts,plain2_w64_gap,not_applicable,release_default,0,prob_error_reduction,100,0.0,0.0,0.0
two_concepts,plain2_w64_gap,not_applicable,release_default,1,prob_error_reduction,100,0.0,0.0,0.0
two_concepts,plain2_w64_gap,not_applicable,release_default,2,prob_error_reduction,100,0.0004917564351788127,0.00036156266119498966,0.000628557058665587
two_concepts,plain2_w64_gap,not_applicable,release_default,3,prob_error_reduction,100,0.0013268562601342713,0.0008722006969824612,0.0018090254559842923
two_concepts,plain2_w64_gap,not_applicable,release_default,4,prob_error_reduction,100,0.0014051034263139611,0.0005671769197039188,0.0022194512303934854
two_concepts,plain2_w64_gap,not_applicable,release_default,5,prob_error_reduction,100,0.0020225968577386954,0.0008766558204557079,0.00316767321086729
two_concepts,plain2_w64_gap,not_applicable,release_default,6,prob_error_reduction,100,0.0033262490182771336,0.001708896442600522,0.0049873844434696005
two_concepts,plain2_w64_gap,not_applicable,release_default,7,prob_error_reduction,100,0.00548126741328041,0.0033271404874932833,0.007626553330927444
two_concepts,plain2_w64_gap,not_applicable,release_default,8,prob_error_reduction,100,0.010252880552126933,0.007877581602415732,0.012670039770831467
two_concepts,plain2_w64_gap,not_applicable,release_default,9,prob_error_reduction,100,0.017425078584590647,0.01500448299427157,0.019736135738402757
two_concepts,plain2_w64_gap,not_applicable,release_default,10,prob_error_reduction,100,0.025116312169882412,0.02275463143620918,0.027443235030916814
two_concepts,plain2_w64_gap,not_applicable,release_default,11,prob_error_reduction,100,0.03193792964877782,0.02951063659107668,0.034338489725149184
two_concepts,plain2_w64_gap,not_applicable,release_default,12,prob_error_reduction,100,0.03407957659557076,0.031756607579150734,0.0364154576301835
two_concepts,plain2_w64_gap,not_applicable,release_default,13,prob_error_reduction,100,0.029761964997582196,0.02770896664012088,0.03181689214692072
two_concepts,plain2_w64_gap,not_applicable,release_default,14,prob_error_reduction,100,0.021565661039506124,0.02002208486961185,0.023144795349348525
two_concepts,plain2_w64_gap,not_applicable,release_default,15,prob_error_reduction,100,0.01388225704313834,0.01285946134369861,0.01498012963525871
two_concepts,plain2_w64_gap,not_applicable,release_default,16,prob_error_reduction,100,0.010147528514575422,0.009278546824613588,0.011116440819059475
two_concepts,plain2_w64_gap,not_applicable,retention_1,0,prob_error_reduction,100,0.0,0.0,0.0
two_concepts,plain2_w64_gap,not_applicable,retention_1,1,prob_error_reduction,100,0.0,0.0,0.0
two_concepts,plain2_w64_gap,not_applicable,retention_1,2,prob_error_reduction,100,0.0014163482593890773,0.0012733807681129783,0.0015651467578776117
two_concepts,plain2_w64_gap,not_applicable,retention_1,3,prob_error_reduction,100,0.003359005047950407,0.0031113851644620754,0.003612344039781951
two_concepts,plain2_w64_gap,not_applicable,retention_1,4,prob_error_reduction,100,0.005535863751837115,0.005093117587701655,0.0059740438953650435
two_concepts,plain2_w64_gap,not_applicable,retention_1,5,prob_error_reduction,100,0.0042309084274508866,0.003609561642755163,0.004856989360439161
two_concepts,plain2_w64_gap,not_applicable,retention_1,6,prob_error_reduction,100,0.0009965859813564832,-2.526663290356928e-05,0.0020442817875874664
two_concepts,plain2_w64_gap,not_applicable,retention_1,7,prob_error_reduction,100,-0.00039587152507651434,-0.002012847787658743,0.00120071447943156
two_concepts,plain2_w64_gap,not_applicable,retention_1,8,prob_error_reduction,100,-0.002278132106821394,-0.004135642490518645,-0.00043002270708821785
two_concepts,plain2_w64_gap,not_applicable,retention_1,9,prob_error_reduction,100,0.0077129288853839024,0.006206569512562186,0.00922643352876481
two_concepts,plain2_w64_gap,not_applicable,retention_1,10,prob_error_reduction,100,0.008723612501353497,0.006977101388375101,0.010480596093753661
two_concepts,plain2_w64_gap,not_applicable,retention_1,11,prob_error_reduction,100,0.011228280531014085,0.009236758813173802,0.013122304386202766
two_concepts,plain2_w64_gap,not_applicable,retention_1,12,prob_error_reduction,100,0.015551419770061399,0.013629988692089498,0.01745999615103973
two_concepts,plain2_w64_gap,not_applicable,retention_1,13,prob_error_reduction,100,0.01758635232575189,0.01571036757848852,0.01951321323440754
two_concepts,plain2_w64_gap,not_applicable,retention_1,14,prob_error_reduction,100,0.012666889978478844,0.011193018075843287,0.014157433592090957
two_concepts,plain2_w64_gap,not_applicable,retention_1,15,prob_error_reduction,100,0.007736765542174732,0.0069234120985631215,0.008576134989293972
two_concepts,plain2_w64_gap,not_applicable,retention_1,16,prob_error_reduction,100,0.007745062286757872,0.007219977679158943,0.008309507751304743
two_concepts,plain2_w64_gmp,not_applicable,release_default,0,prob_error_reduction,100,0.0,0.0,0.0
two_concepts,plain2_w64_gmp,not_applicable,release_default,1,prob_error_reduction,100,0.0,0.0,0.0
two_concepts,plain2_w64_gmp,not_applicable,release_default,2,prob_error_reduction,100,0.0019533999069370465,0.0013578227527573478,0.0025869943388322917
two_concepts,plain2_w64_gmp,not_applicable,release_default,3,prob_error_reduction,100,-0.004173498850124375,-0.006066538737115905,-0.0022756602585386784
two_concepts,plain2_w64_gmp,not_applicable,release_default,4,prob_error_reduction,100,-0.01888079733129277,-0.024320807754338657,-0.013412785944149845
two_concepts,plain2_w64_gmp,not_applicable,release_default,5,prob_error_reduction,100,0.016695227341510785,0.0092437405896612,0.024627113566468503
two_concepts,plain2_w64_gmp,not_applicable,release_default,6,prob_error_reduction,100,0.08125917202022678,0.07072265963087297,0.09160630674754068
two_concepts,plain2_w64_gmp,not_applicable,release_default,7,prob_error_reduction,100,0.15670954943318396,0.1457304184925112,0.16803634764022196
two_concepts,plain2_w64_gmp,not_applicable,release_default,8,prob_error_reduction,100,0.233256855291262,0.22204397845886484,0.2445897992709627
two_concepts,plain2_w64_gmp,not_applicable,release_default,9,prob_error_reduction,100,0.3016077322833407,0.29099597716211745,0.3118368658304883
two_concepts,plain2_w64_gmp,not_applicable,release_default,10,prob_error_reduction,100,0.349783728199327,0.33991332516041545,0.35956983720394564
two_concepts,plain2_w64_gmp,not_applicable,release_default,11,prob_error_reduction,100,0.38172107460845667,0.37197660502580043,0.39142544226618126
two_concepts,plain2_w64_gmp,not_applicable,release_default,12,prob_error_reduction,100,0.3822288996397315,0.3725618222145394,0.3913969628050612
two_concepts,plain2_w64_gmp,not_applicable,release_default,13,prob_error_reduction,100,0.353940637861049,0.3432976616034056,0.3641686332133426
two_concepts,plain2_w64_gmp,not_applicable,release_default,14,prob_error_reduction,100,0.30704275293155825,0.2962613643566742,0.3178010736731077
two_concepts,plain2_w64_gmp,not_applicable,release_default,15,prob_error_reduction,100,0.25165218837937986,0.24123559857131102,0.2619964568693688
two_concepts,plain2_w64_gmp,not_applicable,release_default,16,prob_error_reduction,100,0.2110366191848705,0.20131223613952948,0.22100664743091028
two_concepts,plain2_w64_gmp,not_applicable,retention_1,0,prob_error_reduction,100,0.0,0.0,0.0
two_concepts,plain2_w64_gmp,not_applicable,retention_1,1,prob_error_reduction,100,0.0,0.0,0.0
two_concepts,plain2_w64_gmp,not_applicable,retention_1,2,prob_error_reduction,100,0.0008119206644157735,0.0002011033141999203,0.0014742598003183304
two_concepts,plain2_w64_gmp,not_applicable,retention_1,3,prob_error_reduction,100,-0.0026524385054341798,-0.005573075644789614,0.0002568989433733884
two_concepts,plain2_w64_gmp,not_applicable,retention_1,4,prob_error_reduction,100,-0.08713558100530332,-0.0933712940748473,-0.08078290526684352
two_concepts,plain2_w64_gmp,not_applicable,retention_1,5,prob_error_reduction,100,-0.0634856326318492,-0.07134621998022612,-0.05585179851558503
two_concepts,plain2_w64_gmp,not_applicable,retention_1,6,prob_error_reduction,100,-0.002335642753582293,-0.01003632690672252,0.005177773162109463
two_concepts,plain2_w64_gmp,not_applicable,retention_1,7,prob_error_reduction,100,0.0674162878826836,0.05881520999432744,0.0761094515102737
two_concepts,plain2_w64_gmp,not_applicable,retention_1,8,prob_error_reduction,100,0.11922507141327912,0.11158421645274365,0.126939812348697
two_concepts,plain2_w64_gmp,not_applicable,retention_1,9,prob_error_reduction,100,0.18557901697036264,0.17769398188792243,0.1938349856052589
two_concepts,plain2_w64_gmp,not_applicable,retention_1,10,prob_error_reduction,100,0.2649965387734774,0.2559779880027482,0.27393956965302735
two_concepts,plain2_w64_gmp,not_applicable,retention_1,11,prob_error_reduction,100,0.3142537385912263,0.3055565319362091,0.3229881879145468
two_concepts,plain2_w64_gmp,not_applicable,retention_1,12,prob_error_reduction,100,0.34964122946405196,0.3408257344855139,0.35844387326897303
two_concepts,plain2_w64_gmp,not_applicable,retention_1,13,prob_error_reduction,100,0.337644570497272,0.3284341280112658,0.34675901987743096
two_concepts,plain2_w64_gmp,not_applicable,retention_1,14,prob_error_reduction,100,0.2995395499182075,0.29060864330466374,0.30845685290304936
two_concepts,plain2_w64_gmp,not_applicable,retention_1,15,prob_error_reduction,100,0.24125563864672508,0.23272364643441487,0.2498272482097375
two_concepts,plain2_w64_gmp,not_applicable,retention_1,16,prob_error_reduction,100,0.19357976329863572,0.18626974217525422,0.20096050833162427
two_concepts,plain4_w16_gap,not_applicable,release_default,0,prob_error_reduction,100,0.0,0.0,0.0
two_concepts,plain4_w16_gap,not_applicable,release_default,1,prob_error_reduction,100,0.0,0.0,0.0
two_concepts,plain4_w16_gap,not_applicable,release_default,2,prob_error_reduction,100,0.0006513169055747009,-2.0757976897590746e-05,0.0013937258636946093
two_concepts,plain4_w16_gap,not_applicable,release_default,3,prob_error_reduction,100,0.0026887621355169023,-0.00015811931233577093,0.005400232508151056
two_concepts,plain4_w16_gap,not_applicable,release_default,4,prob_error_reduction,100,0.0005935647633624302,-0.004563466651899001,0.005770002774962043
two_concepts,plain4_w16_gap,not_applicable,release_default,5,prob_error_reduction,100,-0.0012938430933987339,-0.008774173493277165,0.006095005072637225
two_concepts,plain4_w16_gap,not_applicable,release_default,6,prob_error_reduction,100,0.00880978204481488,-0.0012834483497102765,0.018496403674047174
two_concepts,plain4_w16_gap,not_applicable,release_default,7,prob_error_reduction,100,0.034662649882581366,0.022768017397540814,0.046249806164343314
two_concepts,plain4_w16_gap,not_applicable,release_default,8,prob_error_reduction,100,0.06678918677636184,0.05411567457409573,0.07947538701518797
two_concepts,plain4_w16_gap,not_applicable,release_default,9,prob_error_reduction,100,0.11411572503895258,0.09963332507509483,0.12880518598717602
two_concepts,plain4_w16_gap,not_applicable,release_default,10,prob_error_reduction,100,0.1678417245279069,0.15249831206274903,0.18324075606886517
two_concepts,plain4_w16_gap,not_applicable,release_default,11,prob_error_reduction,100,0.23622780371588958,0.22027871603271137,0.25246450893304206
two_concepts,plain4_w16_gap,not_applicable,release_default,12,prob_error_reduction,100,0.3086897321033905,0.2924697444783412,0.3257036534017836
two_concepts,plain4_w16_gap,not_applicable,release_default,13,prob_error_reduction,100,0.36729527679262586,0.35059557912187245,0.3848167763117754
two_concepts,plain4_w16_gap,not_applicable,release_default,14,prob_error_reduction,100,0.4116850562730767,0.39436010447732167,0.4290826245640901
two_concepts,plain4_w16_gap,not_applicable,release_default,15,prob_error_reduction,100,0.43099901891142245,0.4139914562489338,0.44804362894907507
two_concepts,plain4_w16_gap,not_applicable,release_default,16,prob_error_reduction,100,0.43068996672863785,0.4133409593266121,0.4477285841765362
two_concepts,plain4_w16_gap,not_applicable,retention_1,0,prob_error_reduction,100,0.0,0.0,0.0
two_concepts,plain4_w16_gap,not_applicable,retention_1,1,prob_error_reduction,100,0.0,0.0,0.0
two_concepts,plain4_w16_gap,not_applicable,retention_1,2,prob_error_reduction,100,0.0009816176511776092,0.0004954684754214823,0.001443944764038808
two_concepts,plain4_w16_gap,not_applicable,retention_1,3,prob_error_reduction,100,0.00040904708103218015,-0.0005982445225694944,0.0013811033796035078
two_concepts,plain4_w16_gap,not_applicable,retention_1,4,prob_error_reduction,100,0.001076582542782584,-0.0012233780156791162,0.0034155691207144725
two_concepts,plain4_w16_gap,not_applicable,retention_1,5,prob_error_reduction,100,-0.0032377665581009647,-0.007657439868408138,0.0010195865344414458
two_concepts,plain4_w16_gap,not_applicable,retention_1,6,prob_error_reduction,100,-0.004711177133753929,-0.011994695470650355,0.0026512134294095022
two_concepts,plain4_w16_gap,not_applicable,retention_1,7,prob_error_reduction,100,-0.003132927100858591,-0.013053958474879727,0.0069393037254904645
two_concepts,plain4_w16_gap,not_applicable,retention_1,8,prob_error_reduction,100,0.014873857248199627,0.002478952427380143,0.0275915523378759
two_concepts,plain4_w16_gap,not_applicable,retention_1,9,prob_error_reduction,100,0.05050233589931371,0.03519258830942108,0.06579973499878149
two_concepts,plain4_w16_gap,not_applicable,retention_1,10,prob_error_reduction,100,0.10176919216498152,0.0853958386039066,0.11754317490802288
two_concepts,plain4_w16_gap,not_applicable,retention_1,11,prob_error_reduction,100,0.1518169529239054,0.13619374854464786,0.16787763939333292
two_concepts,plain4_w16_gap,not_applicable,retention_1,12,prob_error_reduction,100,0.20806175852544403,0.19202151552267346,0.224436691201246
two_concepts,plain4_w16_gap,not_applicable,retention_1,13,prob_error_reduction,100,0.27848324544816544,0.2618603520965741,0.296124195258239
two_concepts,plain4_w16_gap,not_applicable,retention_1,14,prob_error_reduction,100,0.3271656285399456,0.31073193724931,0.3437099231533193
two_concepts,plain4_w16_gap,not_applicable,retention_1,15,prob_error_reduction,100,0.37004654033730966,0.35486473784535505,0.38525868188984913
two_concepts,plain4_w16_gap,not_applicable,retention_1,16,prob_error_reduction,100,0.3796861335063362,0.365639370151814,0.39356086065056894
two_concepts,plain4_w16_gmp,not_applicable,release_default,0,prob_error_reduction,100,0.0,0.0,0.0
two_concepts,plain4_w16_gmp,not_applicable,release_default,1,prob_error_reduction,100,0.0,0.0,0.0
two_concepts,plain4_w16_gmp,not_applicable,release_default,2,prob_error_reduction,100,0.004379376520195044,0.0034117054891682637,0.005455128083327593
two_concepts,plain4_w16_gmp,not_applicable,release_default,3,prob_error_reduction,100,0.021341259985178895,0.01855067741787113,0.024203326383593238
two_concepts,plain4_w16_gmp,not_applicable,release_default,4,prob_error_reduction,100,0.06125911931929741,0.054280892478531184,0.06809483202797999
two_concepts,plain4_w16_gmp,not_applicable,release_default,5,prob_error_reduction,100,0.12353253917716557,0.11345189874386442,0.13365013038684723
two_concepts,plain4_w16_gmp,not_applicable,release_default,6,prob_error_reduction,100,0.1901151501374229,0.1763319850309532,0.20452206535650408
two_concepts,plain4_w16_gmp,not_applicable,release_default,7,prob_error_reduction,100,0.26091991316842766,0.24430132773822408,0.2779870441415899
two_concepts,plain4_w16_gmp,not_applicable,release_default,8,prob_error_reduction,100,0.33742853091938435,0.3172724690434121,0.35845959365817215
two_concepts,plain4_w16_gmp,not_applicable,release_default,9,prob_error_reduction,100,0.41431382802989,0.39176411022784446,0.437644585348176
two_concepts,plain4_w16_gmp,not_applicable,release_default,10,prob_error_reduction,100,0.48686097396291506,0.46349379760967346,0.5101992380405382
two_concepts,plain4_w16_gmp,not_applicable,release_default,11,prob_error_reduction,100,0.5519716366271583,0.5298324534776174,0.5737219191494153
two_concepts,plain4_w16_gmp,not_applicable,release_default,12,prob_error_reduction,100,0.6066359954590592,0.5873577424698956,0.6251868218563755
two_concepts,plain4_w16_gmp,not_applicable,release_default,13,prob_error_reduction,100,0.6333313521894326,0.6167956835094575,0.6500865727999798
two_concepts,plain4_w16_gmp,not_applicable,release_default,14,prob_error_reduction,100,0.6218580217826535,0.6065142689428317,0.6371267528329604
two_concepts,plain4_w16_gmp,not_applicable,release_default,15,prob_error_reduction,100,0.5869709107366912,0.5710532523691734,0.6026580740357355
two_concepts,plain4_w16_gmp,not_applicable,release_default,16,prob_error_reduction,100,0.5494537781114999,0.5337934952692155,0.5651673808114291
two_concepts,plain4_w16_gmp,not_applicable,retention_1,0,prob_error_reduction,100,0.0,0.0,0.0
two_concepts,plain4_w16_gmp,not_applicable,retention_1,1,prob_error_reduction,100,0.0,0.0,0.0
two_concepts,plain4_w16_gmp,not_applicable,retention_1,2,prob_error_reduction,100,0.0045494094181734055,0.0036328947009600333,0.005581862540036251
two_concepts,plain4_w16_gmp,not_applicable,retention_1,3,prob_error_reduction,100,0.02742080466092822,0.024331873197380605,0.030734256835742546
two_concepts,plain4_w16_gmp,not_applicable,retention_1,4,prob_error_reduction,100,0.06634662434284583,0.057985251606927676,0.07457989700607018
two_concepts,plain4_w16_gmp,not_applicable,retention_1,5,prob_error_reduction,100,0.11955870198736734,0.10715678814778822,0.1317302648284095
two_concepts,plain4_w16_gmp,not_applicable,retention_1,6,prob_error_reduction,100,0.17996557953921935,0.1651513571252508,0.19510291833175444
two_concepts,plain4_w16_gmp,not_applicable,retention_1,7,prob_error_reduction,100,0.24190376334998112,0.22477102572551844,0.25905561719646886
two_concepts,plain4_w16_gmp,not_applicable,retention_1,8,prob_error_reduction,100,0.305218498498682,0.28613775271987824,0.324117023358564
two_concepts,plain4_w16_gmp,not_applicable,retention_1,9,prob_error_reduction,100,0.36335698153531126,0.34172215161635633,0.38593729857724646
two_concepts,plain4_w16_gmp,not_applicable,retention_1,10,prob_error_reduction,100,0.4301802150392647,0.407448469287232,0.45331240385999494
two_concepts,plain4_w16_gmp,not_applicable,retention_1,11,prob_error_reduction,100,0.47386018588760814,0.4497281784115821,0.4979456823667217
two_concepts,plain4_w16_gmp,not_applicable,retention_1,12,prob_error_reduction,100,0.5450637262546474,0.5247939272090243,0.5653906524956349
two_concepts,plain4_w16_gmp,not_applicable,retention_1,13,prob_error_reduction,100,0.585506963263231,0.567886002570159,0.60281113731204
two_concepts,plain4_w16_gmp,not_applicable,retention_1,14,prob_error_reduction,100,0.5857762674097212,0.5695891552856033,0.6019261832629584
two_concepts,plain4_w16_gmp,not_applicable,retention_1,15,prob_error_reduction,100,0.5591378064367466,0.5437264701321043,0.5748537965946461
two_concepts,plain4_w16_gmp,not_applicable,retention_1,16,prob_error_reduction,100,0.5203993936012349,0.5046317997795369,0.5359476595216389
two_concepts,plain4_w64_gap,not_applicable,release_default,0,prob_error_reduction,100,0.0,0.0,0.0
two_concepts,plain4_w64_gap,not_applicable,release_default,1,prob_error_reduction,100,0.0,0.0,0.0
two_concepts,plain4_w64_gap,not_applicable,release_default,2,prob_error_reduction,100,0.0009641750415720077,0.00019570380411418245,0.001698517095584365
two_concepts,plain4_w64_gap,not_applicable,release_default,3,prob_error_reduction,100,0.0010659733655954784,-0.0004226314563569554,0.0026316480187267973
two_concepts,plain4_w64_gap,not_applicable,release_default,4,prob_error_reduction,100,-3.644385284672792e-05,-0.0043253346519298635,0.004144113895079581
two_concepts,plain4_w64_gap,not_applicable,release_default,5,prob_error_reduction,100,0.004074502961430292,-0.00352425714830203,0.011483764118987765
two_concepts,plain4_w64_gap,not_applicable,release_default,6,prob_error_reduction,100,0.007851968810082613,-0.00208482181509782,0.017441708926376327
two_concepts,plain4_w64_gap,not_applicable,release_default,7,prob_error_reduction,100,0.027451545291264905,0.01466662423281323,0.04021762793669482
two_concepts,plain4_w64_gap,not_applicable,release_default,8,prob_error_reduction,100,0.0704274314538528,0.05480180418169747,0.08632296591034129
two_concepts,plain4_w64_gap,not_applicable,release_default,9,prob_error_reduction,100,0.12022974463878594,0.10390180378520718,0.13717293050943108
two_concepts,plain4_w64_gap,not_applicable,release_default,10,prob_error_reduction,100,0.16966334873069105,0.15190267763996865,0.18725794591522646
two_concepts,plain4_w64_gap,not_applicable,release_default,11,prob_error_reduction,100,0.21925871179071144,0.20010375343693185,0.23749493584964249
two_concepts,plain4_w64_gap,not_applicable,release_default,12,prob_error_reduction,100,0.26309896008879086,0.24434822569840522,0.2812152285743292
two_concepts,plain4_w64_gap,not_applicable,release_default,13,prob_error_reduction,100,0.31988814911766,0.30063382095800856,0.33862536858350867
two_concepts,plain4_w64_gap,not_applicable,release_default,14,prob_error_reduction,100,0.3598517024221012,0.3432729683289377,0.37626257592767154
two_concepts,plain4_w64_gap,not_applicable,release_default,15,prob_error_reduction,100,0.3836242571146937,0.3688394437140666,0.3982038345544071
two_concepts,plain4_w64_gap,not_applicable,release_default,16,prob_error_reduction,100,0.38640095720572026,0.3741268793581079,0.3987093874413453
two_concepts,plain4_w64_gap,not_applicable,retention_1,0,prob_error_reduction,100,0.0,0.0,0.0
two_concepts,plain4_w64_gap,not_applicable,retention_1,1,prob_error_reduction,100,0.0,0.0,0.0
two_concepts,plain4_w64_gap,not_applicable,retention_1,2,prob_error_reduction,100,0.003438232352544003,0.002738621693426806,0.004179894564473374
two_concepts,plain4_w64_gap,not_applicable,retention_1,3,prob_error_reduction,100,0.007039251195693713,0.005132984598912103,0.009076294818525144
two_concepts,plain4_w64_gap,not_applicable,retention_1,4,prob_error_reduction,100,0.014008623760889662,0.010920140807231932,0.01732273051285464
two_concepts,plain4_w64_gap,not_applicable,retention_1,5,prob_error_reduction,100,0.028486829035626292,0.02283925515179386,0.03432910608855698
two_concepts,plain4_w64_gap,not_applicable,retention_1,6,prob_error_reduction,100,0.04245190918385112,0.03345801329467241,0.051297151356613495
two_concepts,plain4_w64_gap,not_applicable,retention_1,7,prob_error_reduction,100,0.06156854366487071,0.04925273787709776,0.07378026178750084
two_concepts,plain4_w64_gap,not_applicable,retention_1,8,prob_error_reduction,100,0.08514345539425658,0.07112867452597434,0.09917457277388651
two_concepts,plain4_w64_gap,not_applicable,retention_1,9,prob_error_reduction,100,0.12975882486209367,0.11229277884518558,0.14691013827405677
two_concepts,plain4_w64_gap,not_applicable,retention_1,10,prob_error_reduction,100,0.17029315639601084,0.15060799600072686,0.1891045787413205
two_concepts,plain4_w64_gap,not_applicable,retention_1,11,prob_error_reduction,100,0.2061215372575973,0.1865338420422887,0.22532264566704388
two_concepts,plain4_w64_gap,not_applicable,retention_1,12,prob_error_reduction,100,0.22375846977660788,0.20310127936435066,0.2449677072076687
two_concepts,plain4_w64_gap,not_applicable,retention_1,13,prob_error_reduction,100,0.25751494503246675,0.2369476866252125,0.2781101956437475
two_concepts,plain4_w64_gap,not_applicable,retention_1,14,prob_error_reduction,100,0.3210756813482273,0.30082478825516396,0.3413309251499921
two_concepts,plain4_w64_gap,not_applicable,retention_1,15,prob_error_reduction,100,0.3598293499001759,0.34629936528582167,0.3732519015134858
two_concepts,plain4_w64_gap,not_applicable,retention_1,16,prob_error_reduction,100,0.363130129837705,0.35083456513004385,0.37528222270973566
two_concepts,plain4_w64_gmp,not_applicable,release_default,0,prob_error_reduction,100,0.0,0.0,0.0
two_concepts,plain4_w64_gmp,not_applicable,release_default,1,prob_error_reduction,100,0.0,0.0,0.0
two_concepts,plain4_w64_gmp,not_applicable,release_default,2,prob_error_reduction,100,0.0022491806961165593,0.001924297965067135,0.0025885180197503673
two_concepts,plain4_w64_gmp,not_applicable,release_default,3,prob_error_reduction,100,0.021760066873243066,0.01985460202803803,0.023775413293148556
two_concepts,plain4_w64_gmp,not_applicable,release_default,4,prob_error_reduction,100,0.08587508527500752,0.07988338206497006,0.09203138796649171
two_concepts,plain4_w64_gmp,not_applicable,release_default,5,prob_error_reduction,100,0.15450456998166623,0.14342124464738523,0.1654592777425893
two_concepts,plain4_w64_gmp,not_applicable,release_default,6,prob_error_reduction,100,0.22558689209951496,0.21277586553246328,0.2389651865940901
two_concepts,plain4_w64_gmp,not_applicable,release_default,7,prob_error_reduction,100,0.29580330012641937,0.2804005572261127,0.311779143990522
two_concepts,plain4_w64_gmp,not_applicable,release_default,8,prob_error_reduction,100,0.3624658131319819,0.3446394415417411,0.3803344877780971
two_concepts,plain4_w64_gmp,not_applicable,release_default,9,prob_error_reduction,100,0.4329783317501119,0.414800141958107,0.4520800141646501
two_concepts,plain4_w64_gmp,not_applicable,release_default,10,prob_error_reduction,100,0.5032005397893438,0.4837970355319335,0.523136354242012
two_concepts,plain4_w64_gmp,not_applicable,release_default,11,prob_error_reduction,100,0.5497701390380487,0.528478062993476,0.5701107273802829
two_concepts,plain4_w64_gmp,not_applicable,release_default,12,prob_error_reduction,100,0.6242959206838814,0.6070994999214847,0.6405558705750448
two_concepts,plain4_w64_gmp,not_applicable,release_default,13,prob_error_reduction,100,0.6190355691876583,0.6047015848129405,0.633089686901729
two_concepts,plain4_w64_gmp,not_applicable,release_default,14,prob_error_reduction,100,0.5730390117169119,0.5586328311717149,0.5869721584273634
two_concepts,plain4_w64_gmp,not_applicable,release_default,15,prob_error_reduction,100,0.5171033662396526,0.5026192162813102,0.5318867401771789
two_concepts,plain4_w64_gmp,not_applicable,release_default,16,prob_error_reduction,100,0.4629261533155269,0.4475973802395242,0.4781944107763518
two_concepts,plain4_w64_gmp,not_applicable,retention_1,0,prob_error_reduction,100,0.0,0.0,0.0
two_concepts,plain4_w64_gmp,not_applicable,retention_1,1,prob_error_reduction,100,0.0,0.0,0.0
two_concepts,plain4_w64_gmp,not_applicable,retention_1,2,prob_error_reduction,100,0.002469104410636689,0.002102928811249092,0.0028380701759138788
two_concepts,plain4_w64_gmp,not_applicable,retention_1,3,prob_error_reduction,100,0.02462848886679657,0.02253592989723089,0.02678157360884016
two_concepts,plain4_w64_gmp,not_applicable,retention_1,4,prob_error_reduction,100,0.08981024406167887,0.08312685665346041,0.09650538400679463
two_concepts,plain4_w64_gmp,not_applicable,retention_1,5,prob_error_reduction,100,0.15552687218389402,0.142783936248262,0.16793155061541232
two_concepts,plain4_w64_gmp,not_applicable,retention_1,6,prob_error_reduction,100,0.22676652792296909,0.21371311058646958,0.24013610718101921
two_concepts,plain4_w64_gmp,not_applicable,retention_1,7,prob_error_reduction,100,0.29124274732827715,0.27569464507447644,0.3068975324217243
two_concepts,plain4_w64_gmp,not_applicable,retention_1,8,prob_error_reduction,100,0.35595978916423765,0.3385824878358713,0.3733874529095346
two_concepts,plain4_w64_gmp,not_applicable,retention_1,9,prob_error_reduction,100,0.4188677170484884,0.3997564178171166,0.4384246260839691
two_concepts,plain4_w64_gmp,not_applicable,retention_1,10,prob_error_reduction,100,0.482738375690615,0.4624929951430302,0.502508801103647
two_concepts,plain4_w64_gmp,not_applicable,retention_1,11,prob_error_reduction,100,0.5308748763340998,0.5084712096238068,0.552910291884142
two_concepts,plain4_w64_gmp,not_applicable,retention_1,12,prob_error_reduction,100,0.6030572721664575,0.5858802530819968,0.6196659708256934
two_concepts,plain4_w64_gmp,not_applicable,retention_1,13,prob_error_reduction,100,0.6029782433045126,0.5884713223694137,0.6164870508919016
two_concepts,plain4_w64_gmp,not_applicable,retention_1,14,prob_error_reduction,100,0.5537786844569191,0.5399651565166216,0.5670925255255024
two_concepts,plain4_w64_gmp,not_applicable,retention_1,15,prob_error_reduction,100,0.4996229626154488,0.4851421956259545,0.5140339209773047
two_concepts,plain4_w64_gmp,not_applicable,retention_1,16,prob_error_reduction,100,0.4446940451607461,0.4296421760651654,0.45919675407521365
two_concepts,res4_w16_gap,not_applicable,release_default,0,prob_error_reduction,100,0.0,0.0,0.0
two_concepts,res4_w16_gap,not_applicable,release_default,1,prob_error_reduction,100,0.0,0.0,0.0
two_concepts,res4_w16_gap,not_applicable,release_default,2,prob_error_reduction,100,0.0005322150152744482,-7.733623684326929e-05,0.0010663684676941645
two_concepts,res4_w16_gap,not_applicable,release_default,3,prob_error_reduction,100,0.0045650529327333975,0.0018577367007311437,0.007200750045165763
two_concepts,res4_w16_gap,not_applicable,release_default,4,prob_error_reduction,100,0.003871299277016422,-0.0002749484543411077,0.007921972905040795
two_concepts,res4_w16_gap,not_applicable,release_default,5,prob_error_reduction,100,0.0023828333158571807,-0.003670227478530355,0.0083916916565568
two_concepts,res4_w16_gap,not_applicable,release_default,6,prob_error_reduction,100,0.006692445765768778,-0.0023353614009644554,0.01597776147513079
two_concepts,res4_w16_gap,not_applicable,release_default,7,prob_error_reduction,100,0.03411459815069211,0.02247565701162163,0.04605272078555201
two_concepts,res4_w16_gap,not_applicable,release_default,8,prob_error_reduction,100,0.07334677175558067,0.057938319983976826,0.0891691410278466
two_concepts,res4_w16_gap,not_applicable,release_default,9,prob_error_reduction,100,0.12911227088009575,0.11094670907438346,0.1469282020917718
two_concepts,res4_w16_gap,not_applicable,release_default,10,prob_error_reduction,100,0.1963305665350964,0.1779542185473243,0.2152273121216944
two_concepts,res4_w16_gap,not_applicable,release_default,11,prob_error_reduction,100,0.26523690315269705,0.24578306161735508,0.284577485864936
two_concepts,res4_w16_gap,not_applicable,release_default,12,prob_error_reduction,100,0.3301489900804575,0.31130074708682715,0.3480664740176559
two_concepts,res4_w16_gap,not_applicable,release_default,13,prob_error_reduction,100,0.37882614760561845,0.3616217893266586,0.3961419497552314
two_concepts,res4_w16_gap,not_applicable,release_default,14,prob_error_reduction,100,0.4081797619015303,0.39294156399050306,0.424294681760192
two_concepts,res4_w16_gap,not_applicable,release_default,15,prob_error_reduction,100,0.4242391268442029,0.40948384350083633,0.43879028341542003
two_concepts,res4_w16_gap,not_applicable,release_default,16,prob_error_reduction,100,0.42291376044554724,0.4088870593658372,0.43690006204719534
two_concepts,res4_w16_gap,not_applicable,retention_1,0,prob_error_reduction,100,0.0,0.0,0.0
two_concepts,res4_w16_gap,not_applicable,retention_1,1,prob_error_reduction,100,0.0,0.0,0.0
two_concepts,res4_w16_gap,not_applicable,retention_1,2,prob_error_reduction,100,0.0010589500950783958,0.000571883562492893,0.0015280643675714748
two_concepts,res4_w16_gap,not_applicable,retention_1,3,prob_error_reduction,100,0.0013178558580400482,-0.0001666983564225013,0.0027684074126613748
two_concepts,res4_w16_gap,not_applicable,retention_1,4,prob_error_reduction,100,0.001956004459324276,-0.0007566176817312551,0.004762891605821971
two_concepts,res4_w16_gap,not_applicable,retention_1,5,prob_error_reduction,100,0.0018369823945839912,-0.003304082710670993,0.007187538123979243
two_concepts,res4_w16_gap,not_applicable,retention_1,6,prob_error_reduction,100,-0.006340594905402348,-0.01405076849685374,0.0012158130175590105
two_concepts,res4_w16_gap,not_applicable,retention_1,7,prob_error_reduction,100,-0.0014103635528617015,-0.011931980503248313,0.009418461421836052
two_concepts,res4_w16_gap,not_applicable,retention_1,8,prob_error_reduction,100,0.018082988948665713,0.0036838948086614556,0.03266148945759963
two_concepts,res4_w16_gap,not_applicable,retention_1,9,prob_error_reduction,100,0.05526553917576434,0.03856163485799008,0.07225079724841521
two_concepts,res4_w16_gap,not_applicable,retention_1,10,prob_error_reduction,100,0.11027134069842516,0.09126425007696427,0.13004787532213893
two_concepts,res4_w16_gap,not_applicable,retention_1,11,prob_error_reduction,100,0.15877420821507837,0.1399272792173718,0.1778334535031886
two_concepts,res4_w16_gap,not_applicable,retention_1,12,prob_error_reduction,100,0.2152490552778981,0.196179804599688,0.23484024845375295
two_concepts,res4_w16_gap,not_applicable,retention_1,13,prob_error_reduction,100,0.2771209732203042,0.2594349684544896,0.29535345829262716
two_concepts,res4_w16_gap,not_applicable,retention_1,14,prob_error_reduction,100,0.3322998256419798,0.3163821973776336,0.3480736946270512
two_concepts,res4_w16_gap,not_applicable,retention_1,15,prob_error_reduction,100,0.3761678025231408,0.3628973863612751,0.3898427871613897
two_concepts,res4_w16_gap,not_applicable,retention_1,16,prob_error_reduction,100,0.38498595969385496,0.37339094622345037,0.39691955547003566
two_concepts,res4_w16_gmp,not_applicable,release_default,0,prob_error_reduction,100,0.0,0.0,0.0
two_concepts,res4_w16_gmp,not_applicable,release_default,1,prob_error_reduction,100,0.0,0.0,0.0
two_concepts,res4_w16_gmp,not_applicable,release_default,2,prob_error_reduction,100,0.005702784052123322,0.004483370210561776,0.007074704511972708
two_concepts,res4_w16_gmp,not_applicable,release_default,3,prob_error_reduction,100,0.027944919472025317,0.024407578589965923,0.0315882293208126
two_concepts,res4_w16_gmp,not_applicable,release_default,4,prob_error_reduction,100,0.08436959103167256,0.07634994083850528,0.09251263920418225
two_concepts,res4_w16_gmp,not_applicable,release_default,5,prob_error_reduction,100,0.16230431523999045,0.15000495333723105,0.1748555124174134
two_concepts,res4_w16_gmp,not_applicable,release_default,6,prob_error_reduction,100,0.24158346228983416,0.22755289133463977,0.2555376031297004
two_concepts,res4_w16_gmp,not_applicable,release_default,7,prob_error_reduction,100,0.3193937067392589,0.3025416506341093,0.33658714385839433
two_concepts,res4_w16_gmp,not_applicable,release_default,8,prob_error_reduction,100,0.3886684352519469,0.3688841170538561,0.40817899392793155
two_concepts,res4_w16_gmp,not_applicable,release_default,9,prob_error_reduction,100,0.4644167486729282,0.4444324084750877,0.4843788086264683
two_concepts,res4_w16_gmp,not_applicable,release_default,10,prob_error_reduction,100,0.5276364103786337,0.508137744889431,0.5476308562390547
two_concepts,res4_w16_gmp,not_applicable,release_default,11,prob_error_reduction,100,0.5866541826070568,0.5679845345368082,0.6051164188387935
two_concepts,res4_w16_gmp,not_applicable,release_default,12,prob_error_reduction,100,0.6349274779246599,0.6177026055783966,0.6523548436637855
two_concepts,res4_w16_gmp,not_applicable,release_default,13,prob_error_reduction,100,0.6410318310718427,0.6263316901302827,0.6558510718173189
two_concepts,res4_w16_gmp,not_applicable,release_default,14,prob_error_reduction,100,0.618117340179319,0.6046206978340583,0.6315213590862674
two_concepts,res4_w16_gmp,not_applicable,release_default,15,prob_error_reduction,100,0.577047545433861,0.5634267831305099,0.5902018438819745
two_concepts,res4_w16_gmp,not_applicable,release_default,16,prob_error_reduction,100,0.5344006359935602,0.5205887270581472,0.5478566529745831
two_concepts,res4_w16_gmp,not_applicable,retention_1,0,prob_error_reduction,100,0.0,0.0,0.0
two_concepts,res4_w16_gmp,not_applicable,retention_1,1,prob_error_reduction,100,0.0,0.0,0.0
two_concepts,res4_w16_gmp,not_applicable,retention_1,2,prob_error_reduction,100,0.005823242444332336,0.004894040789424071,0.006818224601833398
two_concepts,res4_w16_gmp,not_applicable,retention_1,3,prob_error_reduction,100,0.03529067521075501,0.03178170091264242,0.03881176973283572
two_concepts,res4_w16_gmp,not_applicable,retention_1,4,prob_error_reduction,100,0.09940928038344697,0.09154275451623677,0.1077618580949544
two_concepts,res4_w16_gmp,not_applicable,retention_1,5,prob_error_reduction,100,0.17405037862334471,0.16122198202664456,0.1868604274897542
two_concepts,res4_w16_gmp,not_applicable,retention_1,6,prob_error_reduction,100,0.23845788913717378,0.22488454574681047,0.2517372836924577
two_concepts,res4_w16_gmp,not_applicable,retention_1,7,prob_error_reduction,100,0.3028084738944516,0.2873515290057407,0.31837303176373605
two_concepts,res4_w16_gmp,not_applicable,retention_1,8,prob_error_reduction,100,0.3591450372733436,0.34176768222937576,0.3771494690998873
two_concepts,res4_w16_gmp,not_applicable,retention_1,9,prob_error_reduction,100,0.4123564268217128,0.3936403673118012,0.43139994988524155
two_concepts,res4_w16_gmp,not_applicable,retention_1,10,prob_error_reduction,100,0.4647487670111425,0.4455261663968226,0.48390850276628805
two_concepts,res4_w16_gmp,not_applicable,retention_1,11,prob_error_reduction,100,0.504596682069734,0.4841290491647984,0.5256774865812119
two_concepts,res4_w16_gmp,not_applicable,retention_1,12,prob_error_reduction,100,0.5748886650173541,0.5567160551845269,0.5929210490977451
two_concepts,res4_w16_gmp,not_applicable,retention_1,13,prob_error_reduction,100,0.6043073881684581,0.589633770241945,0.6185741962158152
two_concepts,res4_w16_gmp,not_applicable,retention_1,14,prob_error_reduction,100,0.5885642657077356,0.5747037020535967,0.6022906102987131
two_concepts,res4_w16_gmp,not_applicable,retention_1,15,prob_error_reduction,100,0.5513017421486487,0.5375874424160305,0.565197267841106
two_concepts,res4_w16_gmp,not_applicable,retention_1,16,prob_error_reduction,100,0.5074552683658109,0.493762275033204,0.5211784925571369
two_concepts,tiny_gap,not_applicable,release_default,0,prob_error_reduction,100,0.0,0.0,0.0
two_concepts,tiny_gap,not_applicable,release_default,1,prob_error_reduction,100,0.0,0.0,0.0
two_concepts,tiny_gap,not_applicable,release_default,2,prob_error_reduction,100,-1.1399027867453614e-10,-2.7491425931731873e-10,4.566542457194726e-11
two_concepts,tiny_gap,not_applicable,release_default,3,prob_error_reduction,100,-1.679973274382185e-10,-3.9251936539974606e-10,5.646065865533285e-11
two_concepts,tiny_gap,not_applicable,release_default,4,prob_error_reduction,100,-1.1817025108440405e-10,-3.5842435182689697e-10,1.1392967418089012e-10
two_concepts,tiny_gap,not_applicable,release_default,5,prob_error_reduction,100,-1.1630512886107169e-10,-3.717337720768321e-10,1.4125915341958711e-10
two_concepts,tiny_gap,not_applicable,release_default,6,prob_error_reduction,100,-6.885950698531928e-12,-2.6126972059448143e-10,2.43615480257503e-10
two_concepts,tiny_gap,not_applicable,release_default,7,prob_error_reduction,100,1.522866013847768e-11,-2.2944239878863737e-10,2.594465670219258e-10
two_concepts,tiny_gap,not_applicable,release_default,8,prob_error_reduction,100,-3.3135579002863126e-12,-2.2955488972187245e-10,2.170392013473021e-10
two_concepts,tiny_gap,not_applicable,release_default,9,prob_error_reduction,100,-1.0985167914201455e-11,-1.9220831370264645e-10,1.689715974848016e-10
two_concepts,tiny_gap,not_applicable,release_default,10,prob_error_reduction,100,-1.5823530680192378e-11,-1.811617491818962e-10,1.5307458425123376e-10
two_concepts,tiny_gap,not_applicable,release_default,11,prob_error_reduction,100,-3.8484427172802426e-11,-1.89973656566228e-10,1.1600466235522905e-10
two_concepts,tiny_gap,not_applicable,release_default,12,prob_error_reduction,100,-2.933021880924258e-11,-1.7173138057782754e-10,1.1359029442048459e-10
two_concepts,tiny_gap,not_applicable,release_default,13,prob_error_reduction,100,1.8446422167528455e-12,-1.262417270858629e-10,1.3046443306241605e-10
two_concepts,tiny_gap,not_applicable,release_default,14,prob_error_reduction,100,8.543689783424568e-12,-8.573869268030388e-11,1.0391048825553193e-10
two_concepts,tiny_gap,not_applicable,release_default,15,prob_error_reduction,100,-2.4153567479423543e-11,-7.982535266126689e-11,3.006401334826325e-11
two_concepts,tiny_gap,not_applicable,release_default,16,prob_error_reduction,100,1.6459347773611909e-13,1.5841809114514048e-13,1.7077679548282986e-13
two_concepts,tiny_gap,not_applicable,retention_1,0,prob_error_reduction,100,0.0,0.0,0.0
two_concepts,tiny_gap,not_applicable,retention_1,1,prob_error_reduction,100,0.0,0.0,0.0
two_concepts,tiny_gap,not_applicable,retention_1,2,prob_error_reduction,100,5.107764903850183e-12,-3.3236557897298745e-12,1.354174859529919e-11
two_concepts,tiny_gap,not_applicable,retention_1,3,prob_error_reduction,100,5.626220089859426e-12,-4.23385452673515e-12,1.5694279157106628e-11
two_concepts,tiny_gap,not_applicable,retention_1,4,prob_error_reduction,100,3.783394863675002e-12,-1.1010684600296257e-11,1.8488010947257518e-11
two_concepts,tiny_gap,not_applicable,retention_1,5,prob_error_reduction,100,6.546033843018301e-12,-9.29692801774273e-12,2.2193588878835218e-11
two_concepts,tiny_gap,not_applicable,retention_1,6,prob_error_reduction,100,1.0699483742569737e-11,-7.608992756182041e-12,2.853629992949445e-11
two_concepts,tiny_gap,not_applicable,retention_1,7,prob_error_reduction,100,2.1219602967109673e-11,7.263386356129791e-13,4.1546215298030216e-11
two_concepts,tiny_gap,not_applicable,retention_1,8,prob_error_reduction,100,3.219301460827273e-11,1.050896353792241e-11,5.318047636309643e-11
two_concepts,tiny_gap,not_applicable,retention_1,9,prob_error_reduction,100,2.8510032451176116e-11,6.45347702403834e-12,5.017973165222406e-11
two_concepts,tiny_gap,not_applicable,retention_1,10,prob_error_reduction,100,2.7209550801723936e-11,5.8841161799765015e-12,4.786346959962176e-11
two_concepts,tiny_gap,not_applicable,retention_1,11,prob_error_reduction,100,2.2100296445323743e-11,1.9041848666433166e-12,4.19423144995372e-11
two_concepts,tiny_gap,not_applicable,retention_1,12,prob_error_reduction,100,2.0411881317128346e-11,7.249608977369374e-13,3.97075590415942e-11
two_concepts,tiny_gap,not_applicable,retention_1,13,prob_error_reduction,100,1.0418864182862309e-11,-1.80011682057897e-12,2.304940959168936e-11
two_concepts,tiny_gap,not_applicable,retention_1,14,prob_error_reduction,100,6.565372759337329e-12,-2.0653244151794953e-12,1.51306802397607e-11
two_concepts,tiny_gap,not_applicable,retention_1,15,prob_error_reduction,100,3.948720439170272e-12,1.983095935728652e-14,7.837203985392934e-12
two_concepts,tiny_gap,not_applicable,retention_1,16,prob_error_reduction,100,2.583144635692758e-14,2.5384077869186616e-14,2.6263785850993982e-14
two_concepts,tiny_gmp,not_applicable,release_default,0,prob_error_reduction,100,0.0,0.0,0.0
two_concepts,tiny_gmp,not_applicable,release_default,1,prob_error_reduction,100,0.0,0.0,0.0
two_concepts,tiny_gmp,not_applicable,release_default,2,prob_error_reduction,100,1.4028320283188123e-10,-1.070472507386233e-09,1.330998787213433e-09
two_concepts,tiny_gmp,not_applicable,release_default,3,prob_error_reduction,100,5.365257682576896e-10,-9.515613751398533e-10,2.014869692090748e-09
two_concepts,tiny_gmp,not_applicable,release_default,4,prob_error_reduction,100,2.2988586145800127e-10,-9.543873891737498e-10,1.434303432967798e-09
two_concepts,tiny_gmp,not_applicable,release_default,5,prob_error_reduction,100,-5.0928554706786146e-11,-1.1503077060881494e-09,1.0084010624300524e-09
two_concepts,tiny_gmp,not_applicable,release_default,6,prob_error_reduction,100,2.135312793249966e-10,-6.922925227526022e-10,1.1345891630099017e-09
two_concepts,tiny_gmp,not_applicable,release_default,7,prob_error_reduction,100,-5.238979472466099e-11,-8.829332465709605e-10,7.91619329809645e-10
two_concepts,tiny_gmp,not_applicable,release_default,8,prob_error_reduction,100,-3.581146712505756e-11,-5.978201719214482e-10,5.151103568690196e-10
two_concepts,tiny_gmp,not_applicable,release_default,9,prob_error_reduction,100,-3.24731159739855e-10,-6.975695023836436e-10,5.2348459511630784e-11
two_concepts,tiny_gmp,not_applicable,release_default,10,prob_error_reduction,100,-1.0478279799386315e-10,-4.07242980948741e-10,2.033883054197716e-10
two_concepts,tiny_gmp,not_applicable,release_default,11,prob_error_reduction,100,2.9081819175047484e-11,-2.6642781486563295e-10,3.1684517343144564e-10
two_concepts,tiny_gmp,not_applicable,release_default,12,prob_error_reduction,100,-2.1940433914124922e-11,-2.846901797082246e-10,2.34909615870471e-10
two_concepts,tiny_gmp,not_applicable,release_default,13,prob_error_reduction,100,6.031667831862819e-11,-9.453339328002741e-11,2.2210459915683596e-10
two_concepts,tiny_gmp,not_applicable,release_default,14,prob_error_reduction,100,6.400183272248228e-11,-4.51036880622091e-11,1.711259005054976e-10
two_concepts,tiny_gmp,not_applicable,release_default,15,prob_error_reduction,100,1.951941275279978e-11,-2.694193651509025e-11,6.809666647233924e-11
two_concepts,tiny_gmp,not_applicable,release_default,16,prob_error_reduction,100,1.6220358389773536e-14,1.4794832026154835e-14,1.7690349185528475e-14
two_concepts,tiny_gmp,not_applicable,retention_1,0,prob_error_reduction,100,0.0,0.0,0.0
two_concepts,tiny_gmp,not_applicable,retention_1,1,prob_error_reduction,100,0.0,0.0,0.0
two_concepts,tiny_gmp,not_applicable,retention_1,2,prob_error_reduction,100,-1.6160584315194626e-10,-4.729082073162694e-10,1.577434464716808e-10
two_concepts,tiny_gmp,not_applicable,retention_1,3,prob_error_reduction,100,-1.389215786851139e-10,-5.097816944965582e-10,2.366698342859405e-10
two_concepts,tiny_gmp,not_applicable,retention_1,4,prob_error_reduction,100,-2.468238713415616e-10,-6.11828439911477e-10,1.180498548358776e-10
two_concepts,tiny_gmp,not_applicable,retention_1,5,prob_error_reduction,100,-1.365406543385461e-10,-4.843332891135699e-10,2.107620989399983e-10
two_concepts,tiny_gmp,not_applicable,retention_1,6,prob_error_reduction,100,2.4571286116881197e-11,-2.886352627740063e-10,3.338083175430383e-10
two_concepts,tiny_gmp,not_applicable,retention_1,7,prob_error_reduction,100,-7.669706314494817e-11,-3.1968661723391635e-10,1.6973846045376106e-10
two_concepts,tiny_gmp,not_applicable,retention_1,8,prob_error_reduction,100,-5.789583146231791e-11,-2.8720316319619245e-10,1.6767710095400006e-10
two_concepts,tiny_gmp,not_applicable,retention_1,9,prob_error_reduction,100,-1.0459227373083024e-10,-3.1322885857276717e-10,1.0784989651346769e-10
two_concepts,tiny_gmp,not_applicable,retention_1,10,prob_error_reduction,100,-1.1208506678350716e-10,-3.126426257049619e-10,9.516345295113025e-11
two_concepts,tiny_gmp,not_applicable,retention_1,11,prob_error_reduction,100,-8.196327838660977e-11,-2.6353816384716567e-10,1.0134729711008811e-10
two_concepts,tiny_gmp,not_applicable,retention_1,12,prob_error_reduction,100,-1.6163648752787197e-10,-3.302336256949534e-10,9.219161878348786e-12
two_concepts,tiny_gmp,not_applicable,retention_1,13,prob_error_reduction,100,-1.2699524098991332e-10,-2.8310365243755523e-10,3.608984294745099e-11
two_concepts,tiny_gmp,not_applicable,retention_1,14,prob_error_reduction,100,-1.036451324765153e-10,-2.2368578023179707e-10,1.692900952754427e-11
two_concepts,tiny_gmp,not_applicable,retention_1,15,prob_error_reduction,100,-6.245193917564507e-11,-1.5498218947085365e-10,2.5136410036763437e-11
two_concepts,tiny_gmp,not_applicable,retention_1,16,prob_error_reduction,100,7.208122987378829e-14,6.961317633447094e-14,7.450151606747112e-14
