task,architecture,block,metric,delta
single_shape,bn2_w16_gap,6000,prob_input_effect_mpp,0.06019607186317444
single_shape,bn2_w16_gap,6001,prob_input_effect_mpp,0.2767521142959595
single_shape,bn2_w16_gap,6002,prob_input_effect_mpp,0.2676113247871399
single_shape,bn2_w16_gap,6003,prob_input_effect_mpp,0.24703893065452576
single_shape,bn2_w16_gap,6004,prob_input_effect_mpp,0.2187415361404419
single_shape,bn2_w16_gap,6005,prob_input_effect_mpp,0.2947803735733032
single_shape,bn2_w16_gap,6006,prob_input_effect_mpp,0.12624767422676086
single_shape,bn2_w16_gap,6007,prob_input_effect_mpp,0.16006115078926086
single_shape,bn2_w16_gap,6008,prob_input_effect_mpp,0.16975903511047363
single_shape,bn2_w16_gap,6009,prob_input_effect_mpp,0.10002052783966064
single_shape,bn2_w16_gap,6010,prob_input_effect_mpp,0.49569523334503174
single_shape,bn2_w16_gap,6011,prob_input_effect_mpp,0.4085647761821747
single_shape,bn2_w16_gap,6012,prob_input_effect_mpp,0.24540504813194275
single_shape,bn2_w16_gap,6013,prob_input_effect_mpp,0.275104820728302
single_shape,bn2_w16_gap,6014,prob_input_effect_mpp,0.3455628454685211
single_shape,bn2_w16_gap,6015,prob_input_effect_mpp,0.05914124846458435
single_shape,bn2_w16_gap,6016,prob_input_effect_mpp,0.36748918890953064
single_shape,bn2_w16_gap,6017,prob_input_effect_mpp,0.47109663486480713
single_shape,bn2_w16_gap,6018,prob_input_effect_mpp,0.18847590684890747
single_shape,bn2_w16_gap,6019,prob_input_effect_mpp,0.3000216782093048
single_shape,bn2_w16_gap,6020,prob_input_effect_mpp,0.2904406189918518
single_shape,bn2_w16_gap,6021,prob_input_effect_mpp,0.09936296939849854
single_shape,bn2_w16_gap,6022,prob_input_effect_mpp,0.11341369152069092
single_shape,bn2_w16_gap,6023,prob_input_effect_mpp,0.4215862900018692
single_shape,bn2_w16_gap,6024,prob_input_effect_mpp,0.5193479061126709
single_shape,bn2_w16_gap,6025,prob_input_effect_mpp,0.16572362184524536
single_shape,bn2_w16_gap,6026,prob_input_effect_mpp,0.20644700527191162
single_shape,bn2_w16_gap,6027,prob_input_effect_mpp,0.1991422474384308
single_shape,bn2_w16_gap,6028,prob_input_effect_mpp,0.18619975447654724
single_shape,bn2_w16_gap,6029,prob_input_effect_mpp,0.07635867595672607
single_shape,bn2_w16_gap,6030,prob_input_effect_mpp,0.13625884056091309
single_shape,bn2_w16_gap,6031,prob_input_effect_mpp,0.23532485961914062
single_shape,bn2_w16_gap,6032,prob_input_effect_mpp,0.14503252506256104
single_shape,bn2_w16_gap,6033,prob_input_effect_mpp,0.26948970556259155
single_shape,bn2_w16_gap,6034,prob_input_effect_mpp,0.23481348156929016
single_shape,bn2_w16_gap,6035,prob_input_effect_mpp,0.2553710341453552
single_shape,bn2_w16_gap,6036,prob_input_effect_mpp,0.12829864025115967
single_shape,bn2_w16_gap,6037,prob_input_effect_mpp,0.30270564556121826
single_shape,bn2_w16_gap,6038,prob_input_effect_mpp,0.3003179132938385
single_shape,bn2_w16_gap,6039,prob_input_effect_mpp,0.19387197494506836
single_shape,bn2_w16_gap,6040,prob_input_effect_mpp,0.00041200965642929077
single_shape,bn2_w16_gap,6041,prob_input_effect_mpp,-0.059464216232299805
single_shape,bn2_w16_gap,6042,prob_input_effect_mpp,0.2204558551311493
single_shape,bn2_w16_gap,6043,prob_input_effect_mpp,0.06928086280822754
single_shape,bn2_w16_gap,6044,prob_input_effect_mpp,0.1898905336856842
single_shape,bn2_w16_gap,6045,prob_input_effect_mpp,0.15664711594581604
single_shape,bn2_w16_gap,6046,prob_input_effect_mpp,0.1881810426712036
single_shape,bn2_w16_gap,6047,prob_input_effect_mpp,0.16461271047592163
single_shape,bn2_w16_gap,6048,prob_input_effect_mpp,0.1556350588798523
single_shape,bn2_w16_gap,6049,prob_input_effect_mpp,0.3998528718948364
single_shape,bn2_w16_gap,6050,prob_input_effect_mpp,0.10920020937919617
single_shape,bn2_w16_gap,6051,prob_input_effect_mpp,0.2248554825782776
single_shape,bn2_w16_gap,6052,prob_input_effect_mpp,0.2652997672557831
single_shape,bn2_w16_gap,6053,prob_input_effect_mpp,0.0864117443561554
single_shape,bn2_w16_gap,6054,prob_input_effect_mpp,0.07073420286178589
single_shape,bn2_w16_gap,6055,prob_input_effect_mpp,0.1700778603553772
single_shape,bn2_w16_gap,6056,prob_input_effect_mpp,0.18738985061645508
single_shape,bn2_w16_gap,6057,prob_input_effect_mpp,0.2465551495552063
single_shape,bn2_w16_gap,6058,prob_input_effect_mpp,0.34394532442092896
single_shape,bn2_w16_gap,6059,prob_input_effect_mpp,0.17739301919937134
single_shape,bn2_w16_gap,6060,prob_input_effect_mpp,0.09630006551742554
single_shape,bn2_w16_gap,6061,prob_input_effect_mpp,0.35610273480415344
single_shape,bn2_w16_gap,6062,prob_input_effect_mpp,0.565583810210228
single_shape,bn2_w16_gap,6063,prob_input_effect_mpp,0.3936331123113632
single_shape,bn2_w16_gap,6064,prob_input_effect_mpp,0.12213796377182007
single_shape,bn2_w16_gap,6065,prob_input_effect_mpp,0.07866930961608887
single_shape,bn2_w16_gap,6066,prob_input_effect_mpp,0.18298965692520142
single_shape,bn2_w16_gap,6067,prob_input_effect_mpp,0.1654103696346283
single_shape,bn2_w16_gap,6068,prob_input_effect_mpp,0.10736674070358276
single_shape,bn2_w16_gap,6069,prob_input_effect_mpp,0.2981264293193817
single_shape,bn2_w16_gap,6070,prob_input_effect_mpp,0.15277522802352905
single_shape,bn2_w16_gap,6071,prob_input_effect_mpp,0.16705742478370667
single_shape,bn2_w16_gap,6072,prob_input_effect_mpp,0.25752806663513184
single_shape,bn2_w16_gap,6073,prob_input_effect_mpp,0.4140273332595825
single_shape,bn2_w16_gap,6074,prob_input_effect_mpp,0.14346545934677124
single_shape,bn2_w16_gap,6075,prob_input_effect_mpp,0.2280481457710266
single_shape,bn2_w16_gap,6076,prob_input_effect_mpp,0.07593593001365662
single_shape,bn2_w16_gap,6077,prob_input_effect_mpp,0.33935895562171936
single_shape,bn2_w16_gap,6078,prob_input_effect_mpp,0.37096214294433594
single_shape,bn2_w16_gap,6079,prob_input_effect_mpp,0.2620690166950226
single_shape,bn2_w16_gap,6080,prob_input_effect_mpp,0.07781600952148438
single_shape,bn2_w16_gap,6081,prob_input_effect_mpp,0.2055664360523224
single_shape,bn2_w16_gap,6082,prob_input_effect_mpp,0.10106858611106873
single_shape,bn2_w16_gap,6083,prob_input_effect_mpp,0.0788322389125824
single_shape,bn2_w16_gap,6084,prob_input_effect_mpp,0.16695773601531982
single_shape,bn2_w16_gap,6085,prob_input_effect_mpp,0.146112322807312
single_shape,bn2_w16_gap,6086,prob_input_effect_mpp,0.20796087384223938
single_shape,bn2_w16_gap,6087,prob_input_effect_mpp,0.3572368323802948
single_shape,bn2_w16_gap,6088,prob_input_effect_mpp,0.07499313354492188
single_shape,bn2_w16_gap,6089,prob_input_effect_mpp,0.0983712375164032
single_shape,bn2_w16_gap,6090,prob_input_effect_mpp,0.1686922013759613
single_shape,bn2_w16_gap,6091,prob_input_effect_mpp,0.09741416573524475
single_shape,bn2_w16_gap,6092,prob_input_effect_mpp,0.1464356780052185
single_shape,bn2_w16_gap,6093,prob_input_effect_mpp,0.1353270411491394
single_shape,bn2_w16_gap,6094,prob_input_effect_mpp,0.258421927690506
single_shape,bn2_w16_gap,6095,prob_input_effect_mpp,0.3830946683883667
single_shape,bn2_w16_gap,6096,prob_input_effect_mpp,0.12086910009384155
single_shape,bn2_w16_gap,6097,prob_input_effect_mpp,0.19120606780052185
single_shape,bn2_w16_gap,6098,prob_input_effect_mpp,0.12971779704093933
single_shape,bn2_w16_gap,6099,prob_input_effect_mpp,0.3077533543109894
single_shape,bn2_w16_gmp,6000,prob_input_effect_mpp,0.0017236769199371338
single_shape,bn2_w16_gmp,6001,prob_input_effect_mpp,-0.0014186501502990723
single_shape,bn2_w16_gmp,6002,prob_input_effect_mpp,0.0042397379875183105
single_shape,bn2_w16_gmp,6003,prob_input_effect_mpp,0.003151148557662964
single_shape,bn2_w16_gmp,6004,prob_input_effect_mpp,0.0032219290733337402
single_shape,bn2_w16_gmp,6005,prob_input_effect_mpp,0.0013762116432189941
single_shape,bn2_w16_gmp,6006,prob_input_effect_mpp,0.00040403008460998535
single_shape,bn2_w16_gmp,6007,prob_input_effect_mpp,0.0026627182960510254
single_shape,bn2_w16_gmp,6008,prob_input_effect_mpp,0.0022391676902770996
single_shape,bn2_w16_gmp,6009,prob_input_effect_mpp,0.004898339509963989
single_shape,bn2_w16_gmp,6010,prob_input_effect_mpp,0.002739846706390381
single_shape,bn2_w16_gmp,6011,prob_input_effect_mpp,0.003665447235107422
single_shape,bn2_w16_gmp,6012,prob_input_effect_mpp,0.001871556043624878
single_shape,bn2_w16_gmp,6013,prob_input_effect_mpp,0.0035431981086730957
single_shape,bn2_w16_gmp,6014,prob_input_effect_mpp,0.005972117185592651
single_shape,bn2_w16_gmp,6015,prob_input_effect_mpp,0.0025734901428222656
single_shape,bn2_w16_gmp,6016,prob_input_effect_mpp,0.002787381410598755
single_shape,bn2_w16_gmp,6017,prob_input_effect_mpp,0.002336829900741577
single_shape,bn2_w16_gmp,6018,prob_input_effect_mpp,0.00352400541305542
single_shape,bn2_w16_gmp,6019,prob_input_effect_mpp,-0.0005193054676055908
single_shape,bn2_w16_gmp,6020,prob_input_effect_mpp,0.0023971498012542725
single_shape,bn2_w16_gmp,6021,prob_input_effect_mpp,0.003325045108795166
single_shape,bn2_w16_gmp,6022,prob_input_effect_mpp,0.0035243630409240723
single_shape,bn2_w16_gmp,6023,prob_input_effect_mpp,0.002173691987991333
single_shape,bn2_w16_gmp,6024,prob_input_effect_mpp,0.0009362399578094482
single_shape,bn2_w16_gmp,6025,prob_input_effect_mpp,0.0034548044204711914
single_shape,bn2_w16_gmp,6026,prob_input_effect_mpp,0.0021840333938598633
single_shape,bn2_w16_gmp,6027,prob_input_effect_mpp,0.00015059113502502441
single_shape,bn2_w16_gmp,6028,prob_input_effect_mpp,0.0031420886516571045
single_shape,bn2_w16_gmp,6029,prob_input_effect_mpp,0.00314292311668396
single_shape,bn2_w16_gmp,6030,prob_input_effect_mpp,0.0023183226585388184
single_shape,bn2_w16_gmp,6031,prob_input_effect_mpp,0.004684627056121826
single_shape,bn2_w16_gmp,6032,prob_input_effect_mpp,0.0030246078968048096
single_shape,bn2_w16_gmp,6033,prob_input_effect_mpp,0.002628922462463379
single_shape,bn2_w16_gmp,6034,prob_input_effect_mpp,0.0033077001571655273
single_shape,bn2_w16_gmp,6035,prob_input_effect_mpp,0.0029442906379699707
single_shape,bn2_w16_gmp,6036,prob_input_effect_mpp,0.005301773548126221
single_shape,bn2_w16_gmp,6037,prob_input_effect_mpp,0.005073368549346924
single_shape,bn2_w16_gmp,6038,prob_input_effect_mpp,0.002812296152114868
single_shape,bn2_w16_gmp,6039,prob_input_effect_mpp,0.004030495882034302
single_shape,bn2_w16_gmp,6040,prob_input_effect_mpp,0.0035881400108337402
single_shape,bn2_w16_gmp,6041,prob_input_effect_mpp,0.0015833079814910889
single_shape,bn2_w16_gmp,6042,prob_input_effect_mpp,0.0024244189262390137
single_shape,bn2_w16_gmp,6043,prob_input_effect_mpp,0.002410322427749634
single_shape,bn2_w16_gmp,6044,prob_input_effect_mpp,0.0032397210597991943
single_shape,bn2_w16_gmp,6045,prob_input_effect_mpp,0.0027787089347839355
single_shape,bn2_w16_gmp,6046,prob_input_effect_mpp,0.004024118185043335
single_shape,bn2_w16_gmp,6047,prob_input_effect_mpp,0.0008234679698944092
single_shape,bn2_w16_gmp,6048,prob_input_effect_mpp,0.00423857569694519
single_shape,bn2_w16_gmp,6049,prob_input_effect_mpp,6.556510925292969e-06
single_shape,bn2_w16_gmp,6050,prob_input_effect_mpp,0.003413170576095581
single_shape,bn2_w16_gmp,6051,prob_input_effect_mpp,0.001586318016052246
single_shape,bn2_w16_gmp,6052,prob_input_effect_mpp,0.003998816013336182
single_shape,bn2_w16_gmp,6053,prob_input_effect_mpp,0.00490155816078186
single_shape,bn2_w16_gmp,6054,prob_input_effect_mpp,0.00415194034576416
single_shape,bn2_w16_gmp,6055,prob_input_effect_mpp,0.00458177924156189
single_shape,bn2_w16_gmp,6056,prob_input_effect_mpp,0.004200011491775513
single_shape,bn2_w16_gmp,6057,prob_input_effect_mpp,0.0030524730682373047
single_shape,bn2_w16_gmp,6058,prob_input_effect_mpp,0.003031820058822632
single_shape,bn2_w16_gmp,6059,prob_input_effect_mpp,0.002092421054840088
single_shape,bn2_w16_gmp,6060,prob_input_effect_mpp,0.0041709840297698975
single_shape,bn2_w16_gmp,6061,prob_input_effect_mpp,0.0020402073860168457
single_shape,bn2_w16_gmp,6062,prob_input_effect_mpp,0.0024605095386505127
single_shape,bn2_w16_gmp,6063,prob_input_effect_mpp,0.0013240575790405273
single_shape,bn2_w16_gmp,6064,prob_input_effect_mpp,0.0023155510425567627
single_shape,bn2_w16_gmp,6065,prob_input_effect_mpp,0.00457608699798584
single_shape,bn2_w16_gmp,6066,prob_input_effect_mpp,0.00208282470703125
single_shape,bn2_w16_gmp,6067,prob_input_effect_mpp,0.003521949052810669
single_shape,bn2_w16_gmp,6068,prob_input_effect_mpp,0.0029726624488830566
single_shape,bn2_w16_gmp,6069,prob_input_effect_mpp,0.0026331543922424316
single_shape,bn2_w16_gmp,6070,prob_input_effect_mpp,0.002403169870376587
single_shape,bn2_w16_gmp,6071,prob_input_effect_mpp,0.004757434129714966
single_shape,bn2_w16_gmp,6072,prob_input_effect_mpp,0.002009361982345581
single_shape,bn2_w16_gmp,6073,prob_input_effect_mpp,0.00289800763130188
single_shape,bn2_w16_gmp,6074,prob_input_effect_mpp,0.0017714202404022217
single_shape,bn2_w16_gmp,6075,prob_input_effect_mpp,-0.0012450218200683594
single_shape,bn2_w16_gmp,6076,prob_input_effect_mpp,0.0034748315811157227
single_shape,bn2_w16_gmp,6077,prob_input_effect_mpp,0.00394865870475769
single_shape,bn2_w16_gmp,6078,prob_input_effect_mpp,0.0008930563926696777
single_shape,bn2_w16_gmp,6079,prob_input_effect_mpp,0.0061550140380859375
single_shape,bn2_w16_gmp,6080,prob_input_effect_mpp,0.0022523999214172363
single_shape,bn2_w16_gmp,6081,prob_input_effect_mpp,0.0071475207805633545
single_shape,bn2_w16_gmp,6082,prob_input_effect_mpp,0.0032432079315185547
single_shape,bn2_w16_gmp,6083,prob_input_effect_mpp,0.0026332736015319824
single_shape,bn2_w16_gmp,6084,prob_input_effect_mpp,0.001771003007888794
single_shape,bn2_w16_gmp,6085,prob_input_effect_mpp,0.0018653273582458496
single_shape,bn2_w16_gmp,6086,prob_input_effect_mpp,0.0017069876194000244
single_shape,bn2_w16_gmp,6087,prob_input_effect_mpp,0.0037764906883239746
single_shape,bn2_w16_gmp,6088,prob_input_effect_mpp,0.0013602674007415771
single_shape,bn2_w16_gmp,6089,prob_input_effect_mpp,0.0053986310958862305
single_shape,bn2_w16_gmp,6090,prob_input_effect_mpp,0.003901153802871704
single_shape,bn2_w16_gmp,6091,prob_input_effect_mpp,0.0013312697410583496
single_shape,bn2_w16_gmp,6092,prob_input_effect_mpp,0.002763420343399048
single_shape,bn2_w16_gmp,6093,prob_input_effect_mpp,0.0038046836853027344
single_shape,bn2_w16_gmp,6094,prob_input_effect_mpp,0.005500733852386475
single_shape,bn2_w16_gmp,6095,prob_input_effect_mpp,0.0029382407665252686
single_shape,bn2_w16_gmp,6096,prob_input_effect_mpp,0.0026318132877349854
single_shape,bn2_w16_gmp,6097,prob_input_effect_mpp,0.005077362060546875
single_shape,bn2_w16_gmp,6098,prob_input_effect_mpp,0.0016055107116699219
single_shape,bn2_w16_gmp,6099,prob_input_effect_mpp,0.0017221570014953613
single_shape,bn4_w16_gap,6000,prob_input_effect_mpp,0.0023140907287597656
single_shape,bn4_w16_gap,6001,prob_input_effect_mpp,0.0020031630992889404
single_shape,bn4_w16_gap,6002,prob_input_effect_mpp,0.003623783588409424
single_shape,bn4_w16_gap,6003,prob_input_effect_mpp,0.002055615186691284
single_shape,bn4_w16_gap,6004,prob_input_effect_mpp,0.0015468299388885498
single_shape,bn4_w16_gap,6005,prob_input_effect_mpp,0.0010475218296051025
single_shape,bn4_w16_gap,6006,prob_input_effect_mpp,0.001936107873916626
single_shape,bn4_w16_gap,6007,prob_input_effect_mpp,0.002226501703262329
single_shape,bn4_w16_gap,6008,prob_input_effect_mpp,0.00522807240486145
single_shape,bn4_w16_gap,6009,prob_input_effect_mpp,0.00395473837852478
single_shape,bn4_w16_gap,6010,prob_input_effect_mpp,0.003324568271636963
single_shape,bn4_w16_gap,6011,prob_input_effect_mpp,0.002382338047027588
single_shape,bn4_w16_gap,6012,prob_input_effect_mpp,0.0029482245445251465
single_shape,bn4_w16_gap,6013,prob_input_effect_mpp,0.005063772201538086
single_shape,bn4_w16_gap,6014,prob_input_effect_mpp,0.003295421600341797
single_shape,bn4_w16_gap,6015,prob_input_effect_mpp,0.0016039609909057617
single_shape,bn4_w16_gap,6016,prob_input_effect_mpp,0.003502488136291504
single_shape,bn4_w16_gap,6017,prob_input_effect_mpp,0.0018669962882995605
single_shape,bn4_w16_gap,6018,prob_input_effect_mpp,0.002871572971343994
single_shape,bn4_w16_gap,6019,prob_input_effect_mpp,0.0006432533264160156
single_shape,bn4_w16_gap,6020,prob_input_effect_mpp,0.0013045072555541992
single_shape,bn4_w16_gap,6021,prob_input_effect_mpp,0.002268582582473755
single_shape,bn4_w16_gap,6022,prob_input_effect_mpp,0.002005279064178467
single_shape,bn4_w16_gap,6023,prob_input_effect_mpp,0.0021663308143615723
single_shape,bn4_w16_gap,6024,prob_input_effect_mpp,0.001273125410079956
single_shape,bn4_w16_gap,6025,prob_input_effect_mpp,0.0020767152309417725
single_shape,bn4_w16_gap,6026,prob_input_effect_mpp,0.0021331608295440674
single_shape,bn4_w16_gap,6027,prob_input_effect_mpp,0.003294646739959717
single_shape,bn4_w16_gap,6028,prob_input_effect_mpp,0.001499950885772705
single_shape,bn4_w16_gap,6029,prob_input_effect_mpp,0.001471191644668579
single_shape,bn4_w16_gap,6030,prob_input_effect_mpp,0.005805224180221558
single_shape,bn4_w16_gap,6031,prob_input_effect_mpp,0.002104461193084717
single_shape,bn4_w16_gap,6032,prob_input_effect_mpp,0.0027210116386413574
single_shape,bn4_w16_gap,6033,prob_input_effect_mpp,0.0014240741729736328
single_shape,bn4_w16_gap,6034,prob_input_effect_mpp,0.0038588643074035645
single_shape,bn4_w16_gap,6035,prob_input_effect_mpp,0.0015020668506622314
single_shape,bn4_w16_gap,6036,prob_input_effect_mpp,0.0010959804058074951
single_shape,bn4_w16_gap,6037,prob_input_effect_mpp,0.0030111074447631836
single_shape,bn4_w16_gap,6038,prob_input_effect_mpp,0.001582026481628418
single_shape,bn4_w16_gap,6039,prob_input_effect_mpp,0.002366960048675537
single_shape,bn4_w16_gap,6040,prob_input_effect_mpp,0.007130533456802368
single_shape,bn4_w16_gap,6041,prob_input_effect_mpp,0.0036145448684692383
single_shape,bn4_w16_gap,6042,prob_input_effect_mpp,0.003117859363555908
single_shape,bn4_w16_gap,6043,prob_input_effect_mpp,0.002221435308456421
single_shape,bn4_w16_gap,6044,prob_input_effect_mpp,0.0010461211204528809
single_shape,bn4_w16_gap,6045,prob_input_effect_mpp,0.006494194269180298
single_shape,bn4_w16_gap,6046,prob_input_effect_mpp,0.0019396543502807617
single_shape,bn4_w16_gap,6047,prob_input_effect_mpp,0.00160139799118042
single_shape,bn4_w16_gap,6048,prob_input_effect_mpp,0.0028413236141204834
single_shape,bn4_w16_gap,6049,prob_input_effect_mpp,0.0020663440227508545
single_shape,bn4_w16_gap,6050,prob_input_effect_mpp,0.0026213526725769043
single_shape,bn4_w16_gap,6051,prob_input_effect_mpp,0.0014029443264007568
single_shape,bn4_w16_gap,6052,prob_input_effect_mpp,0.0021125376224517822
single_shape,bn4_w16_gap,6053,prob_input_effect_mpp,0.0027344822883605957
single_shape,bn4_w16_gap,6054,prob_input_effect_mpp,0.0034852027893066406
single_shape,bn4_w16_gap,6055,prob_input_effect_mpp,0.0015786588191986084
single_shape,bn4_w16_gap,6056,prob_input_effect_mpp,0.0017571449279785156
single_shape,bn4_w16_gap,6057,prob_input_effect_mpp,0.0018448233604431152
single_shape,bn4_w16_gap,6058,prob_input_effect_mpp,0.0037399232387542725
single_shape,bn4_w16_gap,6059,prob_input_effect_mpp,0.0020112991333007812
single_shape,bn4_w16_gap,6060,prob_input_effect_mpp,0.0030700862407684326
single_shape,bn4_w16_gap,6061,prob_input_effect_mpp,0.001346677541732788
single_shape,bn4_w16_gap,6062,prob_input_effect_mpp,0.0017482936382293701
single_shape,bn4_w16_gap,6063,prob_input_effect_mpp,0.002126634120941162
single_shape,bn4_w16_gap,6064,prob_input_effect_mpp,0.002424865961074829
single_shape,bn4_w16_gap,6065,prob_input_effect_mpp,0.0008352398872375488
single_shape,bn4_w16_gap,6066,prob_input_effect_mpp,0.002920180559158325
single_shape,bn4_w16_gap,6067,prob_input_effect_mpp,0.001801222562789917
single_shape,bn4_w16_gap,6068,prob_input_effect_mpp,0.04190954566001892
single_shape,bn4_w16_gap,6069,prob_input_effect_mpp,0.0027873218059539795
single_shape,bn4_w16_gap,6070,prob_input_effect_mpp,0.0029431581497192383
single_shape,bn4_w16_gap,6071,prob_input_effect_mpp,0.001618415117263794
single_shape,bn4_w16_gap,6072,prob_input_effect_mpp,0.0035419464111328125
single_shape,bn4_w16_gap,6073,prob_input_effect_mpp,0.002248048782348633
single_shape,bn4_w16_gap,6074,prob_input_effect_mpp,0.0020210742950439453
single_shape,bn4_w16_gap,6075,prob_input_effect_mpp,0.002707183361053467
single_shape,bn4_w16_gap,6076,prob_input_effect_mpp,0.00443229079246521
single_shape,bn4_w16_gap,6077,prob_input_effect_mpp,0.002919912338256836
single_shape,bn4_w16_gap,6078,prob_input_effect_mpp,0.0018062889575958252
single_shape,bn4_w16_gap,6079,prob_input_effect_mpp,0.0048857033252716064
single_shape,bn4_w16_gap,6080,prob_input_effect_mpp,0.0017774701118469238
single_shape,bn4_w16_gap,6081,prob_input_effect_mpp,0.003009110689163208
single_shape,bn4_w16_gap,6082,prob_input_effect_mpp,0.0009388327598571777
single_shape,bn4_w16_gap,6083,prob_input_effect_mpp,0.0024364590644836426
single_shape,bn4_w16_gap,6084,prob_input_effect_mpp,0.0016897022724151611
single_shape,bn4_w16_gap,6085,prob_input_effect_mpp,0.0011988580226898193
single_shape,bn4_w16_gap,6086,prob_input_effect_mpp,0.002227574586868286
single_shape,bn4_w16_gap,6087,prob_input_effect_mpp,0.0018460452556610107
single_shape,bn4_w16_gap,6088,prob_input_effect_mpp,0.0025769472122192383
single_shape,bn4_w16_gap,6089,prob_input_effect_mpp,0.0015529096126556396
single_shape,bn4_w16_gap,6090,prob_input_effect_mpp,0.000524371862411499
single_shape,bn4_w16_gap,6091,prob_input_effect_mpp,0.0030409693717956543
single_shape,bn4_w16_gap,6092,prob_input_effect_mpp,0.0013387203216552734
single_shape,bn4_w16_gap,6093,prob_input_effect_mpp,0.004944592714309692
single_shape,bn4_w16_gap,6094,prob_input_effect_mpp,0.0021290183067321777
single_shape,bn4_w16_gap,6095,prob_input_effect_mpp,0.0032292306423187256
single_shape,bn4_w16_gap,6096,prob_input_effect_mpp,0.002396702766418457
single_shape,bn4_w16_gap,6097,prob_input_effect_mpp,0.002829611301422119
single_shape,bn4_w16_gap,6098,prob_input_effect_mpp,0.0029481351375579834
single_shape,bn4_w16_gap,6099,prob_input_effect_mpp,0.0035484731197357178
single_shape,bn4_w16_gmp,6000,prob_input_effect_mpp,0.001477956771850586
single_shape,bn4_w16_gmp,6001,prob_input_effect_mpp,0.002166926860809326
single_shape,bn4_w16_gmp,6002,prob_input_effect_mpp,0.0007756650447845459
single_shape,bn4_w16_gmp,6003,prob_input_effect_mpp,-9.587407112121582e-05
single_shape,bn4_w16_gmp,6004,prob_input_effect_mpp,0.0006898343563079834
single_shape,bn4_w16_gmp,6005,prob_input_effect_mpp,-0.0003515183925628662
single_shape,bn4_w16_gmp,6006,prob_input_effect_mpp,2.5570392608642578e-05
single_shape,bn4_w16_gmp,6007,prob_input_effect_mpp,0.0002983510494232178
single_shape,bn4_w16_gmp,6008,prob_input_effect_mpp,0.0008750259876251221
single_shape,bn4_w16_gmp,6009,prob_input_effect_mpp,0.00025472044944763184
single_shape,bn4_w16_gmp,6010,prob_input_effect_mpp,0.00023064017295837402
single_shape,bn4_w16_gmp,6011,prob_input_effect_mpp,0.0004163384437561035
single_shape,bn4_w16_gmp,6012,prob_input_effect_mpp,0.0017912983894348145
single_shape,bn4_w16_gmp,6013,prob_input_effect_mpp,0.00031760334968566895
single_shape,bn4_w16_gmp,6014,prob_input_effect_mpp,1.3709068298339844e-06
single_shape,bn4_w16_gmp,6015,prob_input_effect_mpp,0.0010648667812347412
single_shape,bn4_w16_gmp,6016,prob_input_effect_mpp,0.000695347785949707
single_shape,bn4_w16_gmp,6017,prob_input_effect_mpp,0.00030812621116638184
single_shape,bn4_w16_gmp,6018,prob_input_effect_mpp,0.0005550384521484375
single_shape,bn4_w16_gmp,6019,prob_input_effect_mpp,0.00043210387229919434
single_shape,bn4_w16_gmp,6020,prob_input_effect_mpp,-0.0008038878440856934
single_shape,bn4_w16_gmp,6021,prob_input_effect_mpp,0.0006421506404876709
single_shape,bn4_w16_gmp,6022,prob_input_effect_mpp,-2.4497509002685547e-05
single_shape,bn4_w16_gmp,6023,prob_input_effect_mpp,0.00028255581855773926
single_shape,bn4_w16_gmp,6024,prob_input_effect_mpp,0.0007392764091491699
single_shape,bn4_w16_gmp,6025,prob_input_effect_mpp,0.00033402442932128906
single_shape,bn4_w16_gmp,6026,prob_input_effect_mpp,0.0005772113800048828
single_shape,bn4_w16_gmp,6027,prob_input_effect_mpp,0.0007279515266418457
single_shape,bn4_w16_gmp,6028,prob_input_effect_mpp,0.0002168118953704834
single_shape,bn4_w16_gmp,6029,prob_input_effect_mpp,0.0004195272922515869
single_shape,bn4_w16_gmp,6030,prob_input_effect_mpp,0.0006673634052276611
single_shape,bn4_w16_gmp,6031,prob_input_effect_mpp,0.0013445019721984863
single_shape,bn4_w16_gmp,6032,prob_input_effect_mpp,0.0004451870918273926
single_shape,bn4_w16_gmp,6033,prob_input_effect_mpp,0.0004203319549560547
single_shape,bn4_w16_gmp,6034,prob_input_effect_mpp,0.0009158849716186523
single_shape,bn4_w16_gmp,6035,prob_input_effect_mpp,0.0009150207042694092
single_shape,bn4_w16_gmp,6036,prob_input_effect_mpp,0.00018420815467834473
single_shape,bn4_w16_gmp,6037,prob_input_effect_mpp,0.0004577934741973877
single_shape,bn4_w16_gmp,6038,prob_input_effect_mpp,7.236003875732422e-05
single_shape,bn4_w16_gmp,6039,prob_input_effect_mpp,0.0004499852657318115
single_shape,bn4_w16_gmp,6040,prob_input_effect_mpp,0.0007311403751373291
single_shape,bn4_w16_gmp,6041,prob_input_effect_mpp,0.0001182258129119873
single_shape,bn4_w16_gmp,6042,prob_input_effect_mpp,-0.00030928850173950195
single_shape,bn4_w16_gmp,6043,prob_input_effect_mpp,0.0004988610744476318
single_shape,bn4_w16_gmp,6044,prob_input_effect_mpp,-0.000514686107635498
single_shape,bn4_w16_gmp,6045,prob_input_effect_mpp,0.0002843141555786133
single_shape,bn4_w16_gmp,6046,prob_input_effect_mpp,0.0006095170974731445
single_shape,bn4_w16_gmp,6047,prob_input_effect_mpp,0.0007666349411010742
single_shape,bn4_w16_gmp,6048,prob_input_effect_mpp,-0.0002225935459136963
single_shape,bn4_w16_gmp,6049,prob_input_effect_mpp,-0.00014889240264892578
single_shape,bn4_w16_gmp,6050,prob_input_effect_mpp,-0.0005301535129547119
single_shape,bn4_w16_gmp,6051,prob_input_effect_mpp,0.00013780593872070312
single_shape,bn4_w16_gmp,6052,prob_input_effect_mpp,0.0009387731552124023
single_shape,bn4_w16_gmp,6053,prob_input_effect_mpp,0.001579582691192627
single_shape,bn4_w16_gmp,6054,prob_input_effect_mpp,0.0013564229011535645
single_shape,bn4_w16_gmp,6055,prob_input_effect_mpp,7.152557373046875e-07
single_shape,bn4_w16_gmp,6056,prob_input_effect_mpp,0.0005749762058258057
single_shape,bn4_w16_gmp,6057,prob_input_effect_mpp,-0.00011673569679260254
single_shape,bn4_w16_gmp,6058,prob_input_effect_mpp,0.00024214386940002441
single_shape,bn4_w16_gmp,6059,prob_input_effect_mpp,0.001915276050567627
single_shape,bn4_w16_gmp,6060,prob_input_effect_mpp,0.0008027255535125732
single_shape,bn4_w16_gmp,6061,prob_input_effect_mpp,0.00014385581016540527
single_shape,bn4_w16_gmp,6062,prob_input_effect_mpp,0.00011113286018371582
single_shape,bn4_w16_gmp,6063,prob_input_effect_mpp,9.328126907348633e-05
single_shape,bn4_w16_gmp,6064,prob_input_effect_mpp,0.0005236268043518066
single_shape,bn4_w16_gmp,6065,prob_input_effect_mpp,0.0002830326557159424
single_shape,bn4_w16_gmp,6066,prob_input_effect_mpp,0.00012448430061340332
single_shape,bn4_w16_gmp,6067,prob_input_effect_mpp,2.2351741790771484e-05
single_shape,bn4_w16_gmp,6068,prob_input_effect_mpp,0.0004157423973083496
single_shape,bn4_w16_gmp,6069,prob_input_effect_mpp,0.00021025538444519043
single_shape,bn4_w16_gmp,6070,prob_input_effect_mpp,7.56382942199707e-05
single_shape,bn4_w16_gmp,6071,prob_input_effect_mpp,0.000483095645904541
single_shape,bn4_w16_gmp,6072,prob_input_effect_mpp,6.0498714447021484e-05
single_shape,bn4_w16_gmp,6073,prob_input_effect_mpp,0.0006001293659210205
single_shape,bn4_w16_gmp,6074,prob_input_effect_mpp,-0.0004571974277496338
single_shape,bn4_w16_gmp,6075,prob_input_effect_mpp,-3.153085708618164e-05
single_shape,bn4_w16_gmp,6076,prob_input_effect_mpp,8.96155834197998e-05
single_shape,bn4_w16_gmp,6077,prob_input_effect_mpp,0.0004907548427581787
single_shape,bn4_w16_gmp,6078,prob_input_effect_mpp,0.0009940862655639648
single_shape,bn4_w16_gmp,6079,prob_input_effect_mpp,0.0008735060691833496
single_shape,bn4_w16_gmp,6080,prob_input_effect_mpp,0.0004926323890686035
single_shape,bn4_w16_gmp,6081,prob_input_effect_mpp,0.00011309981346130371
single_shape,bn4_w16_gmp,6082,prob_input_effect_mpp,0.0009965002536773682
single_shape,bn4_w16_gmp,6083,prob_input_effect_mpp,-0.00011420249938964844
single_shape,bn4_w16_gmp,6084,prob_input_effect_mpp,9.882450103759766e-05
single_shape,bn4_w16_gmp,6085,prob_input_effect_mpp,0.0005402266979217529
single_shape,bn4_w16_gmp,6086,prob_input_effect_mpp,0.0015027821063995361
single_shape,bn4_w16_gmp,6087,prob_input_effect_mpp,0.0007414817810058594
single_shape,bn4_w16_gmp,6088,prob_input_effect_mpp,0.0004424154758453369
single_shape,bn4_w16_gmp,6089,prob_input_effect_mpp,0.0012036561965942383
single_shape,bn4_w16_gmp,6090,prob_input_effect_mpp,0.0003712475299835205
single_shape,bn4_w16_gmp,6091,prob_input_effect_mpp,0.0005114078521728516
single_shape,bn4_w16_gmp,6092,prob_input_effect_mpp,-0.0004094243049621582
single_shape,bn4_w16_gmp,6093,prob_input_effect_mpp,0.00040328502655029297
single_shape,bn4_w16_gmp,6094,prob_input_effect_mpp,-0.00012362003326416016
single_shape,bn4_w16_gmp,6095,prob_input_effect_mpp,0.0010034441947937012
single_shape,bn4_w16_gmp,6096,prob_input_effect_mpp,0.00038433074951171875
single_shape,bn4_w16_gmp,6097,prob_input_effect_mpp,0.0016858875751495361
single_shape,bn4_w16_gmp,6098,prob_input_effect_mpp,0.0009307265281677246
single_shape,bn4_w16_gmp,6099,prob_input_effect_mpp,0.00021845102310180664
single_shape,plain2_w16_gap,6000,prob_input_effect_mpp,0.3959794044494629
single_shape,plain2_w16_gap,6001,prob_input_effect_mpp,0.4208313524723053
single_shape,plain2_w16_gap,6002,prob_input_effect_mpp,0.42426344752311707
single_shape,plain2_w16_gap,6003,prob_input_effect_mpp,0.4369718134403229
single_shape,plain2_w16_gap,6004,prob_input_effect_mpp,0.4301547706127167
single_shape,plain2_w16_gap,6005,prob_input_effect_mpp,0.4689808189868927
single_shape,plain2_w16_gap,6006,prob_input_effect_mpp,0.4524928033351898
single_shape,plain2_w16_gap,6007,prob_input_effect_mpp,0.4167609214782715
single_shape,plain2_w16_gap,6008,prob_input_effect_mpp,0.45728111267089844
single_shape,plain2_w16_gap,6009,prob_input_effect_mpp,0.4671594500541687
single_shape,plain2_w16_gap,6010,prob_input_effect_mpp,0.43838274478912354
single_shape,plain2_w16_gap,6011,prob_input_effect_mpp,0.49558860063552856
single_shape,plain2_w16_gap,6012,prob_input_effect_mpp,0.4531869888305664
single_shape,plain2_w16_gap,6013,prob_input_effect_mpp,0.4271193742752075
single_shape,plain2_w16_gap,6014,prob_input_effect_mpp,0.44790762662887573
single_shape,plain2_w16_gap,6015,prob_input_effect_mpp,0.4210416376590729
single_shape,plain2_w16_gap,6016,prob_input_effect_mpp,0.4673190116882324
single_shape,plain2_w16_gap,6017,prob_input_effect_mpp,0.4286233186721802
single_shape,plain2_w16_gap,6018,prob_input_effect_mpp,0.4513711631298065
single_shape,plain2_w16_gap,6019,prob_input_effect_mpp,0.4544752538204193
single_shape,plain2_w16_gap,6020,prob_input_effect_mpp,0.5405828356742859
single_shape,plain2_w16_gap,6021,prob_input_effect_mpp,0.44294583797454834
single_shape,plain2_w16_gap,6022,prob_input_effect_mpp,0.4726197421550751
single_shape,plain2_w16_gap,6023,prob_input_effect_mpp,0.43584099411964417
single_shape,plain2_w16_gap,6024,prob_input_effect_mpp,0.49990689754486084
single_shape,plain2_w16_gap,6025,prob_input_effect_mpp,0.5124248266220093
single_shape,plain2_w16_gap,6026,prob_input_effect_mpp,0.4849919378757477
single_shape,plain2_w16_gap,6027,prob_input_effect_mpp,0.40990468859672546
single_shape,plain2_w16_gap,6028,prob_input_effect_mpp,0.3787246346473694
single_shape,plain2_w16_gap,6029,prob_input_effect_mpp,0.42755958437919617
single_shape,plain2_w16_gap,6030,prob_input_effect_mpp,0.4123145341873169
single_shape,plain2_w16_gap,6031,prob_input_effect_mpp,0.49631860852241516
single_shape,plain2_w16_gap,6032,prob_input_effect_mpp,0.37693271040916443
single_shape,plain2_w16_gap,6033,prob_input_effect_mpp,0.47391417622566223
single_shape,plain2_w16_gap,6034,prob_input_effect_mpp,0.4721105098724365
single_shape,plain2_w16_gap,6035,prob_input_effect_mpp,0.48604410886764526
single_shape,plain2_w16_gap,6036,prob_input_effect_mpp,0.4764198362827301
single_shape,plain2_w16_gap,6037,prob_input_effect_mpp,0.4564090967178345
single_shape,plain2_w16_gap,6038,prob_input_effect_mpp,0.3959876596927643
single_shape,plain2_w16_gap,6039,prob_input_effect_mpp,0.42174193263053894
single_shape,plain2_w16_gap,6040,prob_input_effect_mpp,0.467195063829422
single_shape,plain2_w16_gap,6041,prob_input_effect_mpp,0.36576348543167114
single_shape,plain2_w16_gap,6042,prob_input_effect_mpp,0.4553218483924866
single_shape,plain2_w16_gap,6043,prob_input_effect_mpp,0.4100809395313263
single_shape,plain2_w16_gap,6044,prob_input_effect_mpp,0.49368852376937866
single_shape,plain2_w16_gap,6045,prob_input_effect_mpp,0.46213674545288086
single_shape,plain2_w16_gap,6046,prob_input_effect_mpp,0.44291824102401733
single_shape,plain2_w16_gap,6047,prob_input_effect_mpp,0.38126057386398315
single_shape,plain2_w16_gap,6048,prob_input_effect_mpp,0.46906837821006775
single_shape,plain2_w16_gap,6049,prob_input_effect_mpp,0.38915207982063293
single_shape,plain2_w16_gap,6050,prob_input_effect_mpp,0.4463217854499817
single_shape,plain2_w16_gap,6051,prob_input_effect_mpp,0.38142719864845276
single_shape,plain2_w16_gap,6052,prob_input_effect_mpp,0.46941643953323364
single_shape,plain2_w16_gap,6053,prob_input_effect_mpp,0.3994610011577606
single_shape,plain2_w16_gap,6054,prob_input_effect_mpp,0.46088284254074097
single_shape,plain2_w16_gap,6055,prob_input_effect_mpp,0.4571126103401184
single_shape,plain2_w16_gap,6056,prob_input_effect_mpp,0.4253336191177368
single_shape,plain2_w16_gap,6057,prob_input_effect_mpp,0.4825654625892639
single_shape,plain2_w16_gap,6058,prob_input_effect_mpp,0.42608752846717834
single_shape,plain2_w16_gap,6059,prob_input_effect_mpp,0.48689764738082886
single_shape,plain2_w16_gap,6060,prob_input_effect_mpp,0.4681701958179474
single_shape,plain2_w16_gap,6061,prob_input_effect_mpp,0.4629642367362976
single_shape,plain2_w16_gap,6062,prob_input_effect_mpp,0.4320053458213806
single_shape,plain2_w16_gap,6063,prob_input_effect_mpp,0.4823402762413025
single_shape,plain2_w16_gap,6064,prob_input_effect_mpp,0.58054518699646
single_shape,plain2_w16_gap,6065,prob_input_effect_mpp,0.43994253873825073
single_shape,plain2_w16_gap,6066,prob_input_effect_mpp,0.4446372091770172
single_shape,plain2_w16_gap,6067,prob_input_effect_mpp,0.51384237408638
single_shape,plain2_w16_gap,6068,prob_input_effect_mpp,0.45100441575050354
single_shape,plain2_w16_gap,6069,prob_input_effect_mpp,0.4504912197589874
single_shape,plain2_w16_gap,6070,prob_input_effect_mpp,0.4231630563735962
single_shape,plain2_w16_gap,6071,prob_input_effect_mpp,0.45278143882751465
single_shape,plain2_w16_gap,6072,prob_input_effect_mpp,0.4624690115451813
single_shape,plain2_w16_gap,6073,prob_input_effect_mpp,0.4724268615245819
single_shape,plain2_w16_gap,6074,prob_input_effect_mpp,0.42462581396102905
single_shape,plain2_w16_gap,6075,prob_input_effect_mpp,0.3739891052246094
single_shape,plain2_w16_gap,6076,prob_input_effect_mpp,0.5256832540035248
single_shape,plain2_w16_gap,6077,prob_input_effect_mpp,0.46140769124031067
single_shape,plain2_w16_gap,6078,prob_input_effect_mpp,0.5248318016529083
single_shape,plain2_w16_gap,6079,prob_input_effect_mpp,0.37563320994377136
single_shape,plain2_w16_gap,6080,prob_input_effect_mpp,0.43035364151000977
single_shape,plain2_w16_gap,6081,prob_input_effect_mpp,0.5178316533565521
single_shape,plain2_w16_gap,6082,prob_input_effect_mpp,0.5194441974163055
single_shape,plain2_w16_gap,6083,prob_input_effect_mpp,0.5013535618782043
single_shape,plain2_w16_gap,6084,prob_input_effect_mpp,0.49518299102783203
single_shape,plain2_w16_gap,6085,prob_input_effect_mpp,0.45110538601875305
single_shape,plain2_w16_gap,6086,prob_input_effect_mpp,0.48559078574180603
single_shape,plain2_w16_gap,6087,prob_input_effect_mpp,0.5116856098175049
single_shape,plain2_w16_gap,6088,prob_input_effect_mpp,0.4646798074245453
single_shape,plain2_w16_gap,6089,prob_input_effect_mpp,0.44433483481407166
single_shape,plain2_w16_gap,6090,prob_input_effect_mpp,0.48331552743911743
single_shape,plain2_w16_gap,6091,prob_input_effect_mpp,0.43011051416397095
single_shape,plain2_w16_gap,6092,prob_input_effect_mpp,0.46991145610809326
single_shape,plain2_w16_gap,6093,prob_input_effect_mpp,0.48145031929016113
single_shape,plain2_w16_gap,6094,prob_input_effect_mpp,0.46523424983024597
single_shape,plain2_w16_gap,6095,prob_input_effect_mpp,0.47531643509864807
single_shape,plain2_w16_gap,6096,prob_input_effect_mpp,0.5003744065761566
single_shape,plain2_w16_gap,6097,prob_input_effect_mpp,0.4791872203350067
single_shape,plain2_w16_gap,6098,prob_input_effect_mpp,0.4288438856601715
single_shape,plain2_w16_gap,6099,prob_input_effect_mpp,0.4868009090423584
single_shape,plain2_w16_gmp,6000,prob_input_effect_mpp,0.013188570737838745
single_shape,plain2_w16_gmp,6001,prob_input_effect_mpp,0.00748443603515625
single_shape,plain2_w16_gmp,6002,prob_input_effect_mpp,0.011860132217407227
single_shape,plain2_w16_gmp,6003,prob_input_effect_mpp,0.011322736740112305
single_shape,plain2_w16_gmp,6004,prob_input_effect_mpp,0.013649821281433105
single_shape,plain2_w16_gmp,6005,prob_input_effect_mpp,0.004590630531311035
single_shape,plain2_w16_gmp,6006,prob_input_effect_mpp,0.008226901292800903
single_shape,plain2_w16_gmp,6007,prob_input_effect_mpp,0.008208304643630981
single_shape,plain2_w16_gmp,6008,prob_input_effect_mpp,0.012520968914031982
single_shape,plain2_w16_gmp,6009,prob_input_effect_mpp,0.013216942548751831
single_shape,plain2_w16_gmp,6010,prob_input_effect_mpp,0.01118004322052002
single_shape,plain2_w16_gmp,6011,prob_input_effect_mpp,0.007099658250808716
single_shape,plain2_w16_gmp,6012,prob_input_effect_mpp,0.012003839015960693
single_shape,plain2_w16_gmp,6013,prob_input_effect_mpp,0.010103851556777954
single_shape,plain2_w16_gmp,6014,prob_input_effect_mpp,0.016602754592895508
single_shape,plain2_w16_gmp,6015,prob_input_effect_mpp,0.00957190990447998
single_shape,plain2_w16_gmp,6016,prob_input_effect_mpp,0.010705679655075073
single_shape,plain2_w16_gmp,6017,prob_input_effect_mpp,0.009535521268844604
single_shape,plain2_w16_gmp,6018,prob_input_effect_mpp,0.016732364892959595
single_shape,plain2_w16_gmp,6019,prob_input_effect_mpp,0.011221826076507568
single_shape,plain2_w16_gmp,6020,prob_input_effect_mpp,0.008304595947265625
single_shape,plain2_w16_gmp,6021,prob_input_effect_mpp,0.013375908136367798
single_shape,plain2_w16_gmp,6022,prob_input_effect_mpp,0.011679589748382568
single_shape,plain2_w16_gmp,6023,prob_input_effect_mpp,0.011355996131896973
single_shape,plain2_w16_gmp,6024,prob_input_effect_mpp,0.00937575101852417
single_shape,plain2_w16_gmp,6025,prob_input_effect_mpp,0.011397629976272583
single_shape,plain2_w16_gmp,6026,prob_input_effect_mpp,0.007954984903335571
single_shape,plain2_w16_gmp,6027,prob_input_effect_mpp,0.012961357831954956
single_shape,plain2_w16_gmp,6028,prob_input_effect_mpp,0.009605467319488525
single_shape,plain2_w16_gmp,6029,prob_input_effect_mpp,0.0075584352016448975
single_shape,plain2_w16_gmp,6030,prob_input_effect_mpp,0.010889708995819092
single_shape,plain2_w16_gmp,6031,prob_input_effect_mpp,0.010836631059646606
single_shape,plain2_w16_gmp,6032,prob_input_effect_mpp,0.010164141654968262
single_shape,plain2_w16_gmp,6033,prob_input_effect_mpp,0.00965145230293274
single_shape,plain2_w16_gmp,6034,prob_input_effect_mpp,0.013517528772354126
single_shape,plain2_w16_gmp,6035,prob_input_effect_mpp,0.009971261024475098
single_shape,plain2_w16_gmp,6036,prob_input_effect_mpp,0.010751187801361084
single_shape,plain2_w16_gmp,6037,prob_input_effect_mpp,0.014348894357681274
single_shape,plain2_w16_gmp,6038,prob_input_effect_mpp,0.009478181600570679
single_shape,plain2_w16_gmp,6039,prob_input_effect_mpp,0.010759890079498291
single_shape,plain2_w16_gmp,6040,prob_input_effect_mpp,0.010145902633666992
single_shape,plain2_w16_gmp,6041,prob_input_effect_mpp,0.005929797887802124
single_shape,plain2_w16_gmp,6042,prob_input_effect_mpp,0.009147346019744873
single_shape,plain2_w16_gmp,6043,prob_input_effect_mpp,0.006339013576507568
single_shape,plain2_w16_gmp,6044,prob_input_effect_mpp,0.010848283767700195
single_shape,plain2_w16_gmp,6045,prob_input_effect_mpp,0.006101727485656738
single_shape,plain2_w16_gmp,6046,prob_input_effect_mpp,0.008695930242538452
single_shape,plain2_w16_gmp,6047,prob_input_effect_mpp,0.01084059476852417
single_shape,plain2_w16_gmp,6048,prob_input_effect_mpp,0.010877281427383423
single_shape,plain2_w16_gmp,6049,prob_input_effect_mpp,0.006815612316131592
single_shape,plain2_w16_gmp,6050,prob_input_effect_mpp,0.01587536931037903
single_shape,plain2_w16_gmp,6051,prob_input_effect_mpp,0.005437791347503662
single_shape,plain2_w16_gmp,6052,prob_input_effect_mpp,0.014088273048400879
single_shape,plain2_w16_gmp,6053,prob_input_effect_mpp,0.009485334157943726
single_shape,plain2_w16_gmp,6054,prob_input_effect_mpp,0.012070268392562866
single_shape,plain2_w16_gmp,6055,prob_input_effect_mpp,0.012718141078948975
single_shape,plain2_w16_gmp,6056,prob_input_effect_mpp,0.00866439938545227
single_shape,plain2_w16_gmp,6057,prob_input_effect_mpp,0.006775379180908203
single_shape,plain2_w16_gmp,6058,prob_input_effect_mpp,0.011588305234909058
single_shape,plain2_w16_gmp,6059,prob_input_effect_mpp,0.010277211666107178
single_shape,plain2_w16_gmp,6060,prob_input_effect_mpp,0.010430246591567993
single_shape,plain2_w16_gmp,6061,prob_input_effect_mpp,0.009057104587554932
single_shape,plain2_w16_gmp,6062,prob_input_effect_mpp,0.009297549724578857
single_shape,plain2_w16_gmp,6063,prob_input_effect_mpp,0.00543057918548584
single_shape,plain2_w16_gmp,6064,prob_input_effect_mpp,0.012378811836242676
single_shape,plain2_w16_gmp,6065,prob_input_effect_mpp,0.0065975189208984375
single_shape,plain2_w16_gmp,6066,prob_input_effect_mpp,0.005493640899658203
single_shape,plain2_w16_gmp,6067,prob_input_effect_mpp,0.010649532079696655
single_shape,plain2_w16_gmp,6068,prob_input_effect_mpp,0.00811031460762024
single_shape,plain2_w16_gmp,6069,prob_input_effect_mpp,0.008354365825653076
single_shape,plain2_w16_gmp,6070,prob_input_effect_mpp,0.008066296577453613
single_shape,plain2_w16_gmp,6071,prob_input_effect_mpp,0.00788232684135437
single_shape,plain2_w16_gmp,6072,prob_input_effect_mpp,0.008793562650680542
single_shape,plain2_w16_gmp,6073,prob_input_effect_mpp,0.008094698190689087
single_shape,plain2_w16_gmp,6074,prob_input_effect_mpp,0.009378641843795776
single_shape,plain2_w16_gmp,6075,prob_input_effect_mpp,0.006662130355834961
single_shape,plain2_w16_gmp,6076,prob_input_effect_mpp,0.008601158857345581
single_shape,plain2_w16_gmp,6077,prob_input_effect_mpp,0.009789079427719116
single_shape,plain2_w16_gmp,6078,prob_input_effect_mpp,0.007655709981918335
single_shape,plain2_w16_gmp,6079,prob_input_effect_mpp,0.01521211862564087
single_shape,plain2_w16_gmp,6080,prob_input_effect_mpp,0.011117607355117798
single_shape,plain2_w16_gmp,6081,prob_input_effect_mpp,0.011349409818649292
single_shape,plain2_w16_gmp,6082,prob_input_effect_mpp,0.008476465940475464
single_shape,plain2_w16_gmp,6083,prob_input_effect_mpp,0.008972734212875366
single_shape,plain2_w16_gmp,6084,prob_input_effect_mpp,0.005234360694885254
single_shape,plain2_w16_gmp,6085,prob_input_effect_mpp,0.010549545288085938
single_shape,plain2_w16_gmp,6086,prob_input_effect_mpp,0.00954332947731018
single_shape,plain2_w16_gmp,6087,prob_input_effect_mpp,0.013386845588684082
single_shape,plain2_w16_gmp,6088,prob_input_effect_mpp,0.00707283616065979
single_shape,plain2_w16_gmp,6089,prob_input_effect_mpp,0.016726315021514893
single_shape,plain2_w16_gmp,6090,prob_input_effect_mpp,0.008932501077651978
single_shape,plain2_w16_gmp,6091,prob_input_effect_mpp,0.008310705423355103
single_shape,plain2_w16_gmp,6092,prob_input_effect_mpp,0.008830815553665161
single_shape,plain2_w16_gmp,6093,prob_input_effect_mpp,0.009483128786087036
single_shape,plain2_w16_gmp,6094,prob_input_effect_mpp,0.013513684272766113
single_shape,plain2_w16_gmp,6095,prob_input_effect_mpp,0.011510252952575684
single_shape,plain2_w16_gmp,6096,prob_input_effect_mpp,0.0077858567237854
single_shape,plain2_w16_gmp,6097,prob_input_effect_mpp,0.01613461971282959
single_shape,plain2_w16_gmp,6098,prob_input_effect_mpp,0.0076558589935302734
single_shape,plain2_w16_gmp,6099,prob_input_effect_mpp,0.005547583103179932
single_shape,plain2_w64_gap,6000,prob_input_effect_mpp,0.22156289219856262
single_shape,plain2_w64_gap,6001,prob_input_effect_mpp,0.21378207206726074
single_shape,plain2_w64_gap,6002,prob_input_effect_mpp,0.26757553219795227
single_shape,plain2_w64_gap,6003,prob_input_effect_mpp,0.2623937129974365
single_shape,plain2_w64_gap,6004,prob_input_effect_mpp,0.2086675763130188
single_shape,plain2_w64_gap,6005,prob_input_effect_mpp,0.23189598321914673
single_shape,plain2_w64_gap,6006,prob_input_effect_mpp,0.24318045377731323
single_shape,plain2_w64_gap,6007,prob_input_effect_mpp,0.2596428692340851
single_shape,plain2_w64_gap,6008,prob_input_effect_mpp,0.2820519506931305
single_shape,plain2_w64_gap,6009,prob_input_effect_mpp,0.2196386754512787
single_shape,plain2_w64_gap,6010,prob_input_effect_mpp,0.23404166102409363
single_shape,plain2_w64_gap,6011,prob_input_effect_mpp,0.2358928620815277
single_shape,plain2_w64_gap,6012,prob_input_effect_mpp,0.23612281680107117
single_shape,plain2_w64_gap,6013,prob_input_effect_mpp,0.2655198574066162
single_shape,plain2_w64_gap,6014,prob_input_effect_mpp,0.26401934027671814
single_shape,plain2_w64_gap,6015,prob_input_effect_mpp,0.25816357135772705
single_shape,plain2_w64_gap,6016,prob_input_effect_mpp,0.22236889600753784
single_shape,plain2_w64_gap,6017,prob_input_effect_mpp,0.22227564454078674
single_shape,plain2_w64_gap,6018,prob_input_effect_mpp,0.23909223079681396
single_shape,plain2_w64_gap,6019,prob_input_effect_mpp,0.2656683325767517
single_shape,plain2_w64_gap,6020,prob_input_effect_mpp,0.2434268295764923
single_shape,plain2_w64_gap,6021,prob_input_effect_mpp,0.22423583269119263
single_shape,plain2_w64_gap,6022,prob_input_effect_mpp,0.2638515830039978
single_shape,plain2_w64_gap,6023,prob_input_effect_mpp,0.23774343729019165
single_shape,plain2_w64_gap,6024,prob_input_effect_mpp,0.29149720072746277
single_shape,plain2_w64_gap,6025,prob_input_effect_mpp,0.2720051109790802
single_shape,plain2_w64_gap,6026,prob_input_effect_mpp,0.2657686471939087
single_shape,plain2_w64_gap,6027,prob_input_effect_mpp,0.2489807903766632
single_shape,plain2_w64_gap,6028,prob_input_effect_mpp,0.22626271843910217
single_shape,plain2_w64_gap,6029,prob_input_effect_mpp,0.21859332919120789
single_shape,plain2_w64_gap,6030,prob_input_effect_mpp,0.21783295273780823
single_shape,plain2_w64_gap,6031,prob_input_effect_mpp,0.3087400496006012
single_shape,plain2_w64_gap,6032,prob_input_effect_mpp,0.2206452488899231
single_shape,plain2_w64_gap,6033,prob_input_effect_mpp,0.24845927953720093
single_shape,plain2_w64_gap,6034,prob_input_effect_mpp,0.25963154435157776
single_shape,plain2_w64_gap,6035,prob_input_effect_mpp,0.24395403265953064
single_shape,plain2_w64_gap,6036,prob_input_effect_mpp,0.2623196840286255
single_shape,plain2_w64_gap,6037,prob_input_effect_mpp,0.28428444266319275
single_shape,plain2_w64_gap,6038,prob_input_effect_mpp,0.22903111577033997
single_shape,plain2_w64_gap,6039,prob_input_effect_mpp,0.24758780002593994
single_shape,plain2_w64_gap,6040,prob_input_effect_mpp,0.2626153528690338
single_shape,plain2_w64_gap,6041,prob_input_effect_mpp,0.24453634023666382
single_shape,plain2_w64_gap,6042,prob_input_effect_mpp,0.2575959861278534
single_shape,plain2_w64_gap,6043,prob_input_effect_mpp,0.2318488359451294
single_shape,plain2_w64_gap,6044,prob_input_effect_mpp,0.27277442812919617
single_shape,plain2_w64_gap,6045,prob_input_effect_mpp,0.22609642148017883
single_shape,plain2_w64_gap,6046,prob_input_effect_mpp,0.2504079341888428
single_shape,plain2_w64_gap,6047,prob_input_effect_mpp,0.23440703749656677
single_shape,plain2_w64_gap,6048,prob_input_effect_mpp,0.242731511592865
single_shape,plain2_w64_gap,6049,prob_input_effect_mpp,0.22658386826515198
single_shape,plain2_w64_gap,6050,prob_input_effect_mpp,0.24107041954994202
single_shape,plain2_w64_gap,6051,prob_input_effect_mpp,0.2229936122894287
single_shape,plain2_w64_gap,6052,prob_input_effect_mpp,0.23191776871681213
single_shape,plain2_w64_gap,6053,prob_input_effect_mpp,0.2509303390979767
single_shape,plain2_w64_gap,6054,prob_input_effect_mpp,0.256182461977005
single_shape,plain2_w64_gap,6055,prob_input_effect_mpp,0.2600878179073334
single_shape,plain2_w64_gap,6056,prob_input_effect_mpp,0.22845277190208435
single_shape,plain2_w64_gap,6057,prob_input_effect_mpp,0.26954856514930725
single_shape,plain2_w64_gap,6058,prob_input_effect_mpp,0.2691739797592163
single_shape,plain2_w64_gap,6059,prob_input_effect_mpp,0.25813573598861694
single_shape,plain2_w64_gap,6060,prob_input_effect_mpp,0.268536776304245
single_shape,plain2_w64_gap,6061,prob_input_effect_mpp,0.28683868050575256
single_shape,plain2_w64_gap,6062,prob_input_effect_mpp,0.23538058996200562
single_shape,plain2_w64_gap,6063,prob_input_effect_mpp,0.23162639141082764
single_shape,plain2_w64_gap,6064,prob_input_effect_mpp,0.2887358069419861
single_shape,plain2_w64_gap,6065,prob_input_effect_mpp,0.2201753854751587
single_shape,plain2_w64_gap,6066,prob_input_effect_mpp,0.2199975550174713
single_shape,plain2_w64_gap,6067,prob_input_effect_mpp,0.23789700865745544
single_shape,plain2_w64_gap,6068,prob_input_effect_mpp,0.23315197229385376
single_shape,plain2_w64_gap,6069,prob_input_effect_mpp,0.23706644773483276
single_shape,plain2_w64_gap,6070,prob_input_effect_mpp,0.23731771111488342
single_shape,plain2_w64_gap,6071,prob_input_effect_mpp,0.2503678500652313
single_shape,plain2_w64_gap,6072,prob_input_effect_mpp,0.30156004428863525
single_shape,plain2_w64_gap,6073,prob_input_effect_mpp,0.25704145431518555
single_shape,plain2_w64_gap,6074,prob_input_effect_mpp,0.2335449755191803
single_shape,plain2_w64_gap,6075,prob_input_effect_mpp,0.21583545207977295
single_shape,plain2_w64_gap,6076,prob_input_effect_mpp,0.2615164816379547
single_shape,plain2_w64_gap,6077,prob_input_effect_mpp,0.25723159313201904
single_shape,plain2_w64_gap,6078,prob_input_effect_mpp,0.2577166259288788
single_shape,plain2_w64_gap,6079,prob_input_effect_mpp,0.1964574158191681
single_shape,plain2_w64_gap,6080,prob_input_effect_mpp,0.20664212107658386
single_shape,plain2_w64_gap,6081,prob_input_effect_mpp,0.30140647292137146
single_shape,plain2_w64_gap,6082,prob_input_effect_mpp,0.2798770070075989
single_shape,plain2_w64_gap,6083,prob_input_effect_mpp,0.2531246542930603
single_shape,plain2_w64_gap,6084,prob_input_effect_mpp,0.24023079872131348
single_shape,plain2_w64_gap,6085,prob_input_effect_mpp,0.2734242081642151
single_shape,plain2_w64_gap,6086,prob_input_effect_mpp,0.23813629150390625
single_shape,plain2_w64_gap,6087,prob_input_effect_mpp,0.26350176334381104
single_shape,plain2_w64_gap,6088,prob_input_effect_mpp,0.24780815839767456
single_shape,plain2_w64_gap,6089,prob_input_effect_mpp,0.2665724456310272
single_shape,plain2_w64_gap,6090,prob_input_effect_mpp,0.225529283285141
single_shape,plain2_w64_gap,6091,prob_input_effect_mpp,0.26616010069847107
single_shape,plain2_w64_gap,6092,prob_input_effect_mpp,0.23118501901626587
single_shape,plain2_w64_gap,6093,prob_input_effect_mpp,0.2781534492969513
single_shape,plain2_w64_gap,6094,prob_input_effect_mpp,0.28953084349632263
single_shape,plain2_w64_gap,6095,prob_input_effect_mpp,0.28389567136764526
single_shape,plain2_w64_gap,6096,prob_input_effect_mpp,0.24545684456825256
single_shape,plain2_w64_gap,6097,prob_input_effect_mpp,0.27153778076171875
single_shape,plain2_w64_gap,6098,prob_input_effect_mpp,0.2267049252986908
single_shape,plain2_w64_gap,6099,prob_input_effect_mpp,0.23670387268066406
single_shape,plain2_w64_gmp,6000,prob_input_effect_mpp,0.0039182305335998535
single_shape,plain2_w64_gmp,6001,prob_input_effect_mpp,0.0019704699516296387
single_shape,plain2_w64_gmp,6002,prob_input_effect_mpp,0.002665698528289795
single_shape,plain2_w64_gmp,6003,prob_input_effect_mpp,0.0037750601768493652
single_shape,plain2_w64_gmp,6004,prob_input_effect_mpp,0.004530668258666992
single_shape,plain2_w64_gmp,6005,prob_input_effect_mpp,0.00141066312789917
single_shape,plain2_w64_gmp,6006,prob_input_effect_mpp,0.00299951434135437
single_shape,plain2_w64_gmp,6007,prob_input_effect_mpp,0.003675311803817749
single_shape,plain2_w64_gmp,6008,prob_input_effect_mpp,0.003978908061981201
single_shape,plain2_w64_gmp,6009,prob_input_effect_mpp,0.0055145323276519775
single_shape,plain2_w64_gmp,6010,prob_input_effect_mpp,0.003882378339767456
single_shape,plain2_w64_gmp,6011,prob_input_effect_mpp,0.0018863081932067871
single_shape,plain2_w64_gmp,6012,prob_input_effect_mpp,0.002227693796157837
single_shape,plain2_w64_gmp,6013,prob_input_effect_mpp,0.001999199390411377
single_shape,plain2_w64_gmp,6014,prob_input_effect_mpp,0.005568474531173706
single_shape,plain2_w64_gmp,6015,prob_input_effect_mpp,0.0024465620517730713
single_shape,plain2_w64_gmp,6016,prob_input_effect_mpp,0.004022568464279175
single_shape,plain2_w64_gmp,6017,prob_input_effect_mpp,0.0030631422996520996
single_shape,plain2_w64_gmp,6018,prob_input_effect_mpp,0.0069904327392578125
single_shape,plain2_w64_gmp,6019,prob_input_effect_mpp,0.005095005035400391
single_shape,plain2_w64_gmp,6020,prob_input_effect_mpp,0.0026477277278900146
single_shape,plain2_w64_gmp,6021,prob_input_effect_mpp,0.0049836039543151855
single_shape,plain2_w64_gmp,6022,prob_input_effect_mpp,0.0033910274505615234
single_shape,plain2_w64_gmp,6023,prob_input_effect_mpp,0.0055509209632873535
single_shape,plain2_w64_gmp,6024,prob_input_effect_mpp,0.0025753378868103027
single_shape,plain2_w64_gmp,6025,prob_input_effect_mpp,0.0031739473342895508
single_shape,plain2_w64_gmp,6026,prob_input_effect_mpp,0.0033730268478393555
single_shape,plain2_w64_gmp,6027,prob_input_effect_mpp,0.005791217088699341
single_shape,plain2_w64_gmp,6028,prob_input_effect_mpp,0.0028074979782104492
single_shape,plain2_w64_gmp,6029,prob_input_effect_mpp,0.002836853265762329
single_shape,plain2_w64_gmp,6030,prob_input_effect_mpp,0.003669828176498413
single_shape,plain2_w64_gmp,6031,prob_input_effect_mpp,0.005228489637374878
single_shape,plain2_w64_gmp,6032,prob_input_effect_mpp,0.0024093687534332275
single_shape,plain2_w64_gmp,6033,prob_input_effect_mpp,0.0030606091022491455
single_shape,plain2_w64_gmp,6034,prob_input_effect_mpp,0.0058848559856414795
single_shape,plain2_w64_gmp,6035,prob_input_effect_mpp,0.004499107599258423
single_shape,plain2_w64_gmp,6036,prob_input_effect_mpp,0.004119873046875
single_shape,plain2_w64_gmp,6037,prob_input_effect_mpp,0.004803895950317383
single_shape,plain2_w64_gmp,6038,prob_input_effect_mpp,0.0036740899085998535
single_shape,plain2_w64_gmp,6039,prob_input_effect_mpp,0.003338843584060669
single_shape,plain2_w64_gmp,6040,prob_input_effect_mpp,0.002349287271499634
single_shape,plain2_w64_gmp,6041,prob_input_effect_mpp,0.002587258815765381
single_shape,plain2_w64_gmp,6042,prob_input_effect_mpp,0.0029585659503936768
single_shape,plain2_w64_gmp,6043,prob_input_effect_mpp,0.0027577877044677734
single_shape,plain2_w64_gmp,6044,prob_input_effect_mpp,0.004517644643783569
single_shape,plain2_w64_gmp,6045,prob_input_effect_mpp,0.0018956959247589111
single_shape,plain2_w64_gmp,6046,prob_input_effect_mpp,0.002692610025405884
single_shape,plain2_w64_gmp,6047,prob_input_effect_mpp,0.0026617050170898438
single_shape,plain2_w64_gmp,6048,prob_input_effect_mpp,0.004570990800857544
single_shape,plain2_w64_gmp,6049,prob_input_effect_mpp,0.0015846788883209229
single_shape,plain2_w64_gmp,6050,prob_input_effect_mpp,0.004366070032119751
single_shape,plain2_w64_gmp,6051,prob_input_effect_mpp,0.001576244831085205
single_shape,plain2_w64_gmp,6052,prob_input_effect_mpp,0.0032843351364135742
single_shape,plain2_w64_gmp,6053,prob_input_effect_mpp,0.003817617893218994
single_shape,plain2_w64_gmp,6054,prob_input_effect_mpp,0.004530906677246094
single_shape,plain2_w64_gmp,6055,prob_input_effect_mpp,0.005248606204986572
single_shape,plain2_w64_gmp,6056,prob_input_effect_mpp,0.002253621816635132
single_shape,plain2_w64_gmp,6057,prob_input_effect_mpp,0.0020554065704345703
single_shape,plain2_w64_gmp,6058,prob_input_effect_mpp,0.003314077854156494
single_shape,plain2_w64_gmp,6059,prob_input_effect_mpp,0.001898050308227539
single_shape,plain2_w64_gmp,6060,prob_input_effect_mpp,0.0043309032917022705
single_shape,plain2_w64_gmp,6061,prob_input_effect_mpp,0.0035850703716278076
single_shape,plain2_w64_gmp,6062,prob_input_effect_mpp,0.0029970109462738037
single_shape,plain2_w64_gmp,6063,prob_input_effect_mpp,0.0016653835773468018
single_shape,plain2_w64_gmp,6064,prob_input_effect_mpp,0.004014462232589722
single_shape,plain2_w64_gmp,6065,prob_input_effect_mpp,0.0033617615699768066
single_shape,plain2_w64_gmp,6066,prob_input_effect_mpp,0.0017715990543365479
single_shape,plain2_w64_gmp,6067,prob_input_effect_mpp,0.004520714282989502
single_shape,plain2_w64_gmp,6068,prob_input_effect_mpp,0.004589825868606567
single_shape,plain2_w64_gmp,6069,prob_input_effect_mpp,0.0027646124362945557
single_shape,plain2_w64_gmp,6070,prob_input_effect_mpp,0.002886354923248291
single_shape,plain2_w64_gmp,6071,prob_input_effect_mpp,0.0016823112964630127
single_shape,plain2_w64_gmp,6072,prob_input_effect_mpp,0.00340995192527771
single_shape,plain2_w64_gmp,6073,prob_input_effect_mpp,0.004550576210021973
single_shape,plain2_w64_gmp,6074,prob_input_effect_mpp,0.002589285373687744
single_shape,plain2_w64_gmp,6075,prob_input_effect_mpp,0.002423614263534546
single_shape,plain2_w64_gmp,6076,prob_input_effect_mpp,0.0023210644721984863
single_shape,plain2_w64_gmp,6077,prob_input_effect_mpp,0.004963725805282593
single_shape,plain2_w64_gmp,6078,prob_input_effect_mpp,0.0023415982723236084
single_shape,plain2_w64_gmp,6079,prob_input_effect_mpp,0.005193144083023071
single_shape,plain2_w64_gmp,6080,prob_input_effect_mpp,0.0036277174949645996
single_shape,plain2_w64_gmp,6081,prob_input_effect_mpp,0.005213290452957153
single_shape,plain2_w64_gmp,6082,prob_input_effect_mpp,0.002452641725540161
single_shape,plain2_w64_gmp,6083,prob_input_effect_mpp,0.0022578537464141846
single_shape,plain2_w64_gmp,6084,prob_input_effect_mpp,0.0013459622859954834
single_shape,plain2_w64_gmp,6085,prob_input_effect_mpp,0.001561671495437622
single_shape,plain2_w64_gmp,6086,prob_input_effect_mpp,0.004481881856918335
single_shape,plain2_w64_gmp,6087,prob_input_effect_mpp,0.003281116485595703
single_shape,plain2_w64_gmp,6088,prob_input_effect_mpp,0.002246081829071045
single_shape,plain2_w64_gmp,6089,prob_input_effect_mpp,0.004926055669784546
single_shape,plain2_w64_gmp,6090,prob_input_effect_mpp,0.003034055233001709
single_shape,plain2_w64_gmp,6091,prob_input_effect_mpp,0.002298414707183838
single_shape,plain2_w64_gmp,6092,prob_input_effect_mpp,0.0025991201400756836
single_shape,plain2_w64_gmp,6093,prob_input_effect_mpp,0.0028041303157806396
single_shape,plain2_w64_gmp,6094,prob_input_effect_mpp,0.004172682762145996
single_shape,plain2_w64_gmp,6095,prob_input_effect_mpp,0.004002600908279419
single_shape,plain2_w64_gmp,6096,prob_input_effect_mpp,0.0023278892040252686
single_shape,plain2_w64_gmp,6097,prob_input_effect_mpp,0.004294723272323608
single_shape,plain2_w64_gmp,6098,prob_input_effect_mpp,0.0029975175857543945
single_shape,plain2_w64_gmp,6099,prob_input_effect_mpp,0.0018653273582458496
single_shape,plain4_w16_gap,6000,prob_input_effect_mpp,0.03397005796432495
single_shape,plain4_w16_gap,6001,prob_input_effect_mpp,0.05098286271095276
single_shape,plain4_w16_gap,6002,prob_input_effect_mpp,0.2660270035266876
single_shape,plain4_w16_gap,6003,prob_input_effect_mpp,0.04001373052597046
single_shape,plain4_w16_gap,6004,prob_input_effect_mpp,0.03201836347579956
single_shape,plain4_w16_gap,6005,prob_input_effect_mpp,0.036928802728652954
single_shape,plain4_w16_gap,6006,prob_input_effect_mpp,0.05783572793006897
single_shape,plain4_w16_gap,6007,prob_input_effect_mpp,0.040895670652389526
single_shape,plain4_w16_gap,6008,prob_input_effect_mpp,0.02722606062889099
single_shape,plain4_w16_gap,6009,prob_input_effect_mpp,0.04209476709365845
single_shape,plain4_w16_gap,6010,prob_input_effect_mpp,0.22927120327949524
single_shape,plain4_w16_gap,6011,prob_input_effect_mpp,0.09562808275222778
single_shape,plain4_w16_gap,6012,prob_input_effect_mpp,0.19761744141578674
single_shape,plain4_w16_gap,6013,prob_input_effect_mpp,0.017975807189941406
single_shape,plain4_w16_gap,6014,prob_input_effect_mpp,0.05507013201713562
single_shape,plain4_w16_gap,6015,prob_input_effect_mpp,0.05312293767929077
single_shape,plain4_w16_gap,6016,prob_input_effect_mpp,0.03339359164237976
single_shape,plain4_w16_gap,6017,prob_input_effect_mpp,0.06369292736053467
single_shape,plain4_w16_gap,6018,prob_input_effect_mpp,0.05945613980293274
single_shape,plain4_w16_gap,6019,prob_input_effect_mpp,0.05028504133224487
single_shape,plain4_w16_gap,6020,prob_input_effect_mpp,0.15418332815170288
single_shape,plain4_w16_gap,6021,prob_input_effect_mpp,0.047917306423187256
single_shape,plain4_w16_gap,6022,prob_input_effect_mpp,0.05380368232727051
single_shape,plain4_w16_gap,6023,prob_input_effect_mpp,0.034330815076828
single_shape,plain4_w16_gap,6024,prob_input_effect_mpp,0.1369207799434662
single_shape,plain4_w16_gap,6025,prob_input_effect_mpp,0.05634567141532898
single_shape,plain4_w16_gap,6026,prob_input_effect_mpp,-0.18272022902965546
single_shape,plain4_w16_gap,6027,prob_input_effect_mpp,0.037751197814941406
single_shape,plain4_w16_gap,6028,prob_input_effect_mpp,0.01840972900390625
single_shape,plain4_w16_gap,6029,prob_input_effect_mpp,0.024972617626190186
single_shape,plain4_w16_gap,6030,prob_input_effect_mpp,0.01799720525741577
single_shape,plain4_w16_gap,6031,prob_input_effect_mpp,0.0724535584449768
single_shape,plain4_w16_gap,6032,prob_input_effect_mpp,-0.028255045413970947
single_shape,plain4_w16_gap,6033,prob_input_effect_mpp,0.03057768940925598
single_shape,plain4_w16_gap,6034,prob_input_effect_mpp,0.3152698874473572
single_shape,plain4_w16_gap,6035,prob_input_effect_mpp,0.04183122515678406
single_shape,plain4_w16_gap,6036,prob_input_effect_mpp,0.06499689817428589
single_shape,plain4_w16_gap,6037,prob_input_effect_mpp,0.03703835606575012
single_shape,plain4_w16_gap,6038,prob_input_effect_mpp,0.02377074956893921
single_shape,plain4_w16_gap,6039,prob_input_effect_mpp,0.20822089910507202
single_shape,plain4_w16_gap,6040,prob_input_effect_mpp,0.03377673029899597
single_shape,plain4_w16_gap,6041,prob_input_effect_mpp,0.014106959104537964
single_shape,plain4_w16_gap,6042,prob_input_effect_mpp,0.04794415831565857
single_shape,plain4_w16_gap,6043,prob_input_effect_mpp,0.3658323884010315
single_shape,plain4_w16_gap,6044,prob_input_effect_mpp,0.22340035438537598
single_shape,plain4_w16_gap,6045,prob_input_effect_mpp,0.045051634311676025
single_shape,plain4_w16_gap,6046,prob_input_effect_mpp,0.03871887922286987
single_shape,plain4_w16_gap,6047,prob_input_effect_mpp,0.032269805669784546
single_shape,plain4_w16_gap,6048,prob_input_effect_mpp,0.14295700192451477
single_shape,plain4_w16_gap,6049,prob_input_effect_mpp,0.06164050102233887
single_shape,plain4_w16_gap,6050,prob_input_effect_mpp,0.07846444845199585
single_shape,plain4_w16_gap,6051,prob_input_effect_mpp,0.006702214479446411
single_shape,plain4_w16_gap,6052,prob_input_effect_mpp,0.06012040376663208
single_shape,plain4_w16_gap,6053,prob_input_effect_mpp,0.04728400707244873
single_shape,plain4_w16_gap,6054,prob_input_effect_mpp,0.07294514775276184
single_shape,plain4_w16_gap,6055,prob_input_effect_mpp,0.047111958265304565
single_shape,plain4_w16_gap,6056,prob_input_effect_mpp,0.24057814478874207
single_shape,plain4_w16_gap,6057,prob_input_effect_mpp,0.04400250315666199
single_shape,plain4_w16_gap,6058,prob_input_effect_mpp,0.0515722930431366
single_shape,plain4_w16_gap,6059,prob_input_effect_mpp,0.13586023449897766
single_shape,plain4_w16_gap,6060,prob_input_effect_mpp,0.03659656643867493
single_shape,plain4_w16_gap,6061,prob_input_effect_mpp,0.030368447303771973
single_shape,plain4_w16_gap,6062,prob_input_effect_mpp,0.09295839071273804
single_shape,plain4_w16_gap,6063,prob_input_effect_mpp,0.05176424980163574
single_shape,plain4_w16_gap,6064,prob_input_effect_mpp,0.03099241852760315
single_shape,plain4_w16_gap,6065,prob_input_effect_mpp,0.013560712337493896
single_shape,plain4_w16_gap,6066,prob_input_effect_mpp,0.2775780111551285
single_shape,plain4_w16_gap,6067,prob_input_effect_mpp,0.0853424072265625
single_shape,plain4_w16_gap,6068,prob_input_effect_mpp,0.07249200344085693
single_shape,plain4_w16_gap,6069,prob_input_effect_mpp,0.04727634787559509
single_shape,plain4_w16_gap,6070,prob_input_effect_mpp,0.18905451893806458
single_shape,plain4_w16_gap,6071,prob_input_effect_mpp,0.03175613284111023
single_shape,plain4_w16_gap,6072,prob_input_effect_mpp,0.22592055797576904
single_shape,plain4_w16_gap,6073,prob_input_effect_mpp,0.03870460391044617
single_shape,plain4_w16_gap,6074,prob_input_effect_mpp,0.06256824731826782
single_shape,plain4_w16_gap,6075,prob_input_effect_mpp,0.04865217208862305
single_shape,plain4_w16_gap,6076,prob_input_effect_mpp,0.08324480056762695
single_shape,plain4_w16_gap,6077,prob_input_effect_mpp,0.061969608068466187
single_shape,plain4_w16_gap,6078,prob_input_effect_mpp,0.0431973934173584
single_shape,plain4_w16_gap,6079,prob_input_effect_mpp,0.036866694688797
single_shape,plain4_w16_gap,6080,prob_input_effect_mpp,0.0996713936328888
single_shape,plain4_w16_gap,6081,prob_input_effect_mpp,0.0379067063331604
single_shape,plain4_w16_gap,6082,prob_input_effect_mpp,0.018815070390701294
single_shape,plain4_w16_gap,6083,prob_input_effect_mpp,0.02445685863494873
single_shape,plain4_w16_gap,6084,prob_input_effect_mpp,0.034341633319854736
single_shape,plain4_w16_gap,6085,prob_input_effect_mpp,0.0355759859085083
single_shape,plain4_w16_gap,6086,prob_input_effect_mpp,0.060925960540771484
single_shape,plain4_w16_gap,6087,prob_input_effect_mpp,0.0366654098033905
single_shape,plain4_w16_gap,6088,prob_input_effect_mpp,0.028929173946380615
single_shape,plain4_w16_gap,6089,prob_input_effect_mpp,0.029953569173812866
single_shape,plain4_w16_gap,6090,prob_input_effect_mpp,0.024696946144104004
single_shape,plain4_w16_gap,6091,prob_input_effect_mpp,0.029843240976333618
single_shape,plain4_w16_gap,6092,prob_input_effect_mpp,0.021991968154907227
single_shape,plain4_w16_gap,6093,prob_input_effect_mpp,0.09017741680145264
single_shape,plain4_w16_gap,6094,prob_input_effect_mpp,0.10975447297096252
single_shape,plain4_w16_gap,6095,prob_input_effect_mpp,0.06860116124153137
single_shape,plain4_w16_gap,6096,prob_input_effect_mpp,0.0344356894493103
single_shape,plain4_w16_gap,6097,prob_input_effect_mpp,0.06514886021614075
single_shape,plain4_w16_gap,6098,prob_input_effect_mpp,0.30747708678245544
single_shape,plain4_w16_gap,6099,prob_input_effect_mpp,0.13602972030639648
single_shape,plain4_w16_gmp,6000,prob_input_effect_mpp,0.001792609691619873
single_shape,plain4_w16_gmp,6001,prob_input_effect_mpp,0.0018922388553619385
single_shape,plain4_w16_gmp,6002,prob_input_effect_mpp,0.0007364451885223389
single_shape,plain4_w16_gmp,6003,prob_input_effect_mpp,0.0018243789672851562
single_shape,plain4_w16_gmp,6004,prob_input_effect_mpp,0.0011380314826965332
single_shape,plain4_w16_gmp,6005,prob_input_effect_mpp,0.0011234581470489502
single_shape,plain4_w16_gmp,6006,prob_input_effect_mpp,0.0002200305461883545
single_shape,plain4_w16_gmp,6007,prob_input_effect_mpp,-0.00023984909057617188
single_shape,plain4_w16_gmp,6008,prob_input_effect_mpp,0.004275232553482056
single_shape,plain4_w16_gmp,6009,prob_input_effect_mpp,0.000831305980682373
single_shape,plain4_w16_gmp,6010,prob_input_effect_mpp,0.0007758438587188721
single_shape,plain4_w16_gmp,6011,prob_input_effect_mpp,0.002957642078399658
single_shape,plain4_w16_gmp,6012,prob_input_effect_mpp,0.0009175240993499756
single_shape,plain4_w16_gmp,6013,prob_input_effect_mpp,0.0002815723419189453
single_shape,plain4_w16_gmp,6014,prob_input_effect_mpp,1.5795230865478516e-05
single_shape,plain4_w16_gmp,6015,prob_input_effect_mpp,-0.0006449520587921143
single_shape,plain4_w16_gmp,6016,prob_input_effect_mpp,0.0015468001365661621
single_shape,plain4_w16_gmp,6017,prob_input_effect_mpp,0.00017505884170532227
single_shape,plain4_w16_gmp,6018,prob_input_effect_mpp,0.0020827949047088623
single_shape,plain4_w16_gmp,6019,prob_input_effect_mpp,0.003260493278503418
single_shape,plain4_w16_gmp,6020,prob_input_effect_mpp,0.0008008480072021484
single_shape,plain4_w16_gmp,6021,prob_input_effect_mpp,0.0010266602039337158
single_shape,plain4_w16_gmp,6022,prob_input_effect_mpp,0.0003535151481628418
single_shape,plain4_w16_gmp,6023,prob_input_effect_mpp,0.0026680827140808105
single_shape,plain4_w16_gmp,6024,prob_input_effect_mpp,0.0007666945457458496
single_shape,plain4_w16_gmp,6025,prob_input_effect_mpp,-6.327033042907715e-05
single_shape,plain4_w16_gmp,6026,prob_input_effect_mpp,0.0001761317253112793
single_shape,plain4_w16_gmp,6027,prob_input_effect_mpp,0.0017808079719543457
single_shape,plain4_w16_gmp,6028,prob_input_effect_mpp,0.0009414255619049072
single_shape,plain4_w16_gmp,6029,prob_input_effect_mpp,0.0009556412696838379
single_shape,plain4_w16_gmp,6030,prob_input_effect_mpp,0.0010318458080291748
single_shape,plain4_w16_gmp,6031,prob_input_effect_mpp,0.0018367171287536621
single_shape,plain4_w16_gmp,6032,prob_input_effect_mpp,0.0010968148708343506
single_shape,plain4_w16_gmp,6033,prob_input_effect_mpp,0.0008776485919952393
single_shape,plain4_w16_gmp,6034,prob_input_effect_mpp,0.0023055970668792725
single_shape,plain4_w16_gmp,6035,prob_input_effect_mpp,0.0004774034023284912
single_shape,plain4_w16_gmp,6036,prob_input_effect_mpp,0.0002752244472503662
single_shape,plain4_w16_gmp,6037,prob_input_effect_mpp,0.0017789602279663086
single_shape,plain4_w16_gmp,6038,prob_input_effect_mpp,-0.0004449784755706787
single_shape,plain4_w16_gmp,6039,prob_input_effect_mpp,0.0008220672607421875
single_shape,plain4_w16_gmp,6040,prob_input_effect_mpp,0.0014754831790924072
single_shape,plain4_w16_gmp,6041,prob_input_effect_mpp,0.0005945265293121338
single_shape,plain4_w16_gmp,6042,prob_input_effect_mpp,0.0032778680324554443
single_shape,plain4_w16_gmp,6043,prob_input_effect_mpp,0.0006941854953765869
single_shape,plain4_w16_gmp,6044,prob_input_effect_mpp,0.00019231438636779785
single_shape,plain4_w16_gmp,6045,prob_input_effect_mpp,7.769465446472168e-05
single_shape,plain4_w16_gmp,6046,prob_input_effect_mpp,-3.063678741455078e-05
single_shape,plain4_w16_gmp,6047,prob_input_effect_mpp,0.00031071901321411133
single_shape,plain4_w16_gmp,6048,prob_input_effect_mpp,0.00222662091255188
single_shape,plain4_w16_gmp,6049,prob_input_effect_mpp,0.0004138946533203125
single_shape,plain4_w16_gmp,6050,prob_input_effect_mpp,0.0006833970546722412
single_shape,plain4_w16_gmp,6051,prob_input_effect_mpp,0.0009978711605072021
single_shape,plain4_w16_gmp,6052,prob_input_effect_mpp,0.00018650293350219727
single_shape,plain4_w16_gmp,6053,prob_input_effect_mpp,0.000588834285736084
single_shape,plain4_w16_gmp,6054,prob_input_effect_mpp,-0.0006062090396881104
single_shape,plain4_w16_gmp,6055,prob_input_effect_mpp,0.0018024146556854248
single_shape,plain4_w16_gmp,6056,prob_input_effect_mpp,-0.0008838772773742676
single_shape,plain4_w16_gmp,6057,prob_input_effect_mpp,0.00020629167556762695
single_shape,plain4_w16_gmp,6058,prob_input_effect_mpp,0.003004223108291626
single_shape,plain4_w16_gmp,6059,prob_input_effect_mpp,0.0006181001663208008
single_shape,plain4_w16_gmp,6060,prob_input_effect_mpp,0.0006239414215087891
single_shape,plain4_w16_gmp,6061,prob_input_effect_mpp,0.0007980465888977051
single_shape,plain4_w16_gmp,6062,prob_input_effect_mpp,5.5342912673950195e-05
single_shape,plain4_w16_gmp,6063,prob_input_effect_mpp,0.00016096234321594238
single_shape,plain4_w16_gmp,6064,prob_input_effect_mpp,0.0004328787326812744
single_shape,plain4_w16_gmp,6065,prob_input_effect_mpp,0.001032322645187378
single_shape,plain4_w16_gmp,6066,prob_input_effect_mpp,0.0015274584293365479
single_shape,plain4_w16_gmp,6067,prob_input_effect_mpp,0.0007897019386291504
single_shape,plain4_w16_gmp,6068,prob_input_effect_mpp,-0.0003834962844848633
single_shape,plain4_w16_gmp,6069,prob_input_effect_mpp,0.00016108155250549316
single_shape,plain4_w16_gmp,6070,prob_input_effect_mpp,0.0005289018154144287
single_shape,plain4_w16_gmp,6071,prob_input_effect_mpp,-0.00033989548683166504
single_shape,plain4_w16_gmp,6072,prob_input_effect_mpp,0.0006053745746612549
single_shape,plain4_w16_gmp,6073,prob_input_effect_mpp,0.002000778913497925
single_shape,plain4_w16_gmp,6074,prob_input_effect_mpp,0.00028207898139953613
single_shape,plain4_w16_gmp,6075,prob_input_effect_mpp,0.0006785392761230469
single_shape,plain4_w16_gmp,6076,prob_input_effect_mpp,0.0008695721626281738
single_shape,plain4_w16_gmp,6077,prob_input_effect_mpp,0.0008456707000732422
single_shape,plain4_w16_gmp,6078,prob_input_effect_mpp,0.0005490779876708984
single_shape,plain4_w16_gmp,6079,prob_input_effect_mpp,0.00030559301376342773
single_shape,plain4_w16_gmp,6080,prob_input_effect_mpp,0.0015480220317840576
single_shape,plain4_w16_gmp,6081,prob_input_effect_mpp,0.0011020898818969727
single_shape,plain4_w16_gmp,6082,prob_input_effect_mpp,0.0005072057247161865
single_shape,plain4_w16_gmp,6083,prob_input_effect_mpp,0.0007153451442718506
single_shape,plain4_w16_gmp,6084,prob_input_effect_mpp,0.0005800724029541016
single_shape,plain4_w16_gmp,6085,prob_input_effect_mpp,-6.884336471557617e-05
single_shape,plain4_w16_gmp,6086,prob_input_effect_mpp,0.0026046931743621826
single_shape,plain4_w16_gmp,6087,prob_input_effect_mpp,0.0007040798664093018
single_shape,plain4_w16_gmp,6088,prob_input_effect_mpp,0.0001347064971923828
single_shape,plain4_w16_gmp,6089,prob_input_effect_mpp,0.00215032696723938
single_shape,plain4_w16_gmp,6090,prob_input_effect_mpp,0.00029596686363220215
single_shape,plain4_w16_gmp,6091,prob_input_effect_mpp,0.00029012560844421387
single_shape,plain4_w16_gmp,6092,prob_input_effect_mpp,0.001082390546798706
single_shape,plain4_w16_gmp,6093,prob_input_effect_mpp,0.00017717480659484863
single_shape,plain4_w16_gmp,6094,prob_input_effect_mpp,0.0005034208297729492
single_shape,plain4_w16_gmp,6095,prob_input_effect_mpp,0.00021013617515563965
single_shape,plain4_w16_gmp,6096,prob_input_effect_mpp,7.152557373046875e-05
single_shape,plain4_w16_gmp,6097,prob_input_effect_mpp,0.0010993480682373047
single_shape,plain4_w16_gmp,6098,prob_input_effect_mpp,0.0002517402172088623
single_shape,plain4_w16_gmp,6099,prob_input_effect_mpp,0.0013061761856079102
single_shape,plain4_w64_gap,6000,prob_input_effect_mpp,0.015345752239227295
single_shape,plain4_w64_gap,6001,prob_input_effect_mpp,0.007110714912414551
single_shape,plain4_w64_gap,6002,prob_input_effect_mpp,0.008535891771316528
single_shape,plain4_w64_gap,6003,prob_input_effect_mpp,0.02844640612602234
single_shape,plain4_w64_gap,6004,prob_input_effect_mpp,0.009127646684646606
single_shape,plain4_w64_gap,6005,prob_input_effect_mpp,0.0027591586112976074
single_shape,plain4_w64_gap,6006,prob_input_effect_mpp,0.041534483432769775
single_shape,plain4_w64_gap,6007,prob_input_effect_mpp,0.007392704486846924
single_shape,plain4_w64_gap,6008,prob_input_effect_mpp,0.014929115772247314
single_shape,plain4_w64_gap,6009,prob_input_effect_mpp,0.005739003419876099
single_shape,plain4_w64_gap,6010,prob_input_effect_mpp,0.011103451251983643
single_shape,plain4_w64_gap,6011,prob_input_effect_mpp,0.007898837327957153
single_shape,plain4_w64_gap,6012,prob_input_effect_mpp,0.02462005615234375
single_shape,plain4_w64_gap,6013,prob_input_effect_mpp,0.0035365521907806396
single_shape,plain4_w64_gap,6014,prob_input_effect_mpp,0.02913019061088562
single_shape,plain4_w64_gap,6015,prob_input_effect_mpp,0.029264837503433228
single_shape,plain4_w64_gap,6016,prob_input_effect_mpp,0.0034617185592651367
single_shape,plain4_w64_gap,6017,prob_input_effect_mpp,0.008621543645858765
single_shape,plain4_w64_gap,6018,prob_input_effect_mpp,0.007660210132598877
single_shape,plain4_w64_gap,6019,prob_input_effect_mpp,0.008722454309463501
single_shape,plain4_w64_gap,6020,prob_input_effect_mpp,0.0024409890174865723
single_shape,plain4_w64_gap,6021,prob_input_effect_mpp,0.010741263628005981
single_shape,plain4_w64_gap,6022,prob_input_effect_mpp,0.00784921646118164
single_shape,plain4_w64_gap,6023,prob_input_effect_mpp,0.018478304147720337
single_shape,plain4_w64_gap,6024,prob_input_effect_mpp,0.007699877023696899
single_shape,plain4_w64_gap,6025,prob_input_effect_mpp,0.21314755082130432
single_shape,plain4_w64_gap,6026,prob_input_effect_mpp,0.0055914223194122314
single_shape,plain4_w64_gap,6027,prob_input_effect_mpp,0.005781769752502441
single_shape,plain4_w64_gap,6028,prob_input_effect_mpp,0.02519586682319641
single_shape,plain4_w64_gap,6029,prob_input_effect_mpp,0.01572003960609436
single_shape,plain4_w64_gap,6030,prob_input_effect_mpp,0.010495811700820923
single_shape,plain4_w64_gap,6031,prob_input_effect_mpp,0.013607800006866455
single_shape,plain4_w64_gap,6032,prob_input_effect_mpp,0.030762851238250732
single_shape,plain4_w64_gap,6033,prob_input_effect_mpp,0.020438671112060547
single_shape,plain4_w64_gap,6034,prob_input_effect_mpp,0.015188395977020264
single_shape,plain4_w64_gap,6035,prob_input_effect_mpp,0.004580587148666382
single_shape,plain4_w64_gap,6036,prob_input_effect_mpp,0.0036114752292633057
single_shape,plain4_w64_gap,6037,prob_input_effect_mpp,0.010151088237762451
single_shape,plain4_w64_gap,6038,prob_input_effect_mpp,0.013643324375152588
single_shape,plain4_w64_gap,6039,prob_input_effect_mpp,0.0065042078495025635
single_shape,plain4_w64_gap,6040,prob_input_effect_mpp,0.014900952577590942
single_shape,plain4_w64_gap,6041,prob_input_effect_mpp,0.00610584020614624
single_shape,plain4_w64_gap,6042,prob_input_effect_mpp,0.003316730260848999
single_shape,plain4_w64_gap,6043,prob_input_effect_mpp,0.005505770444869995
single_shape,plain4_w64_gap,6044,prob_input_effect_mpp,0.011685341596603394
single_shape,plain4_w64_gap,6045,prob_input_effect_mpp,0.011886924505233765
single_shape,plain4_w64_gap,6046,prob_input_effect_mpp,0.010162591934204102
single_shape,plain4_w64_gap,6047,prob_input_effect_mpp,0.011629223823547363
single_shape,plain4_w64_gap,6048,prob_input_effect_mpp,0.05292540788650513
single_shape,plain4_w64_gap,6049,prob_input_effect_mpp,0.006372213363647461
single_shape,plain4_w64_gap,6050,prob_input_effect_mpp,-0.0023778676986694336
single_shape,plain4_w64_gap,6051,prob_input_effect_mpp,0.005241960287094116
single_shape,plain4_w64_gap,6052,prob_input_effect_mpp,0.020102500915527344
single_shape,plain4_w64_gap,6053,prob_input_effect_mpp,0.012970685958862305
single_shape,plain4_w64_gap,6054,prob_input_effect_mpp,0.008498936891555786
single_shape,plain4_w64_gap,6055,prob_input_effect_mpp,0.0025496482849121094
single_shape,plain4_w64_gap,6056,prob_input_effect_mpp,0.008175700902938843
single_shape,plain4_w64_gap,6057,prob_input_effect_mpp,0.01552554965019226
single_shape,plain4_w64_gap,6058,prob_input_effect_mpp,0.006732374429702759
single_shape,plain4_w64_gap,6059,prob_input_effect_mpp,0.19643384218215942
single_shape,plain4_w64_gap,6060,prob_input_effect_mpp,0.009317010641098022
single_shape,plain4_w64_gap,6061,prob_input_effect_mpp,0.005774080753326416
single_shape,plain4_w64_gap,6062,prob_input_effect_mpp,0.01958531141281128
single_shape,plain4_w64_gap,6063,prob_input_effect_mpp,0.002100527286529541
single_shape,plain4_w64_gap,6064,prob_input_effect_mpp,0.059684932231903076
single_shape,plain4_w64_gap,6065,prob_input_effect_mpp,0.018356353044509888
single_shape,plain4_w64_gap,6066,prob_input_effect_mpp,0.03849184513092041
single_shape,plain4_w64_gap,6067,prob_input_effect_mpp,0.005875527858734131
single_shape,plain4_w64_gap,6068,prob_input_effect_mpp,0.0028808414936065674
single_shape,plain4_w64_gap,6069,prob_input_effect_mpp,0.00236588716506958
single_shape,plain4_w64_gap,6070,prob_input_effect_mpp,0.0032788515090942383
single_shape,plain4_w64_gap,6071,prob_input_effect_mpp,0.00504690408706665
single_shape,plain4_w64_gap,6072,prob_input_effect_mpp,0.3060591220855713
single_shape,plain4_w64_gap,6073,prob_input_effect_mpp,0.007779300212860107
single_shape,plain4_w64_gap,6074,prob_input_effect_mpp,0.0018215179443359375
single_shape,plain4_w64_gap,6075,prob_input_effect_mpp,0.008684128522872925
single_shape,plain4_w64_gap,6076,prob_input_effect_mpp,0.0063544511795043945
single_shape,plain4_w64_gap,6077,prob_input_effect_mpp,0.011136144399642944
single_shape,plain4_w64_gap,6078,prob_input_effect_mpp,0.005644559860229492
single_shape,plain4_w64_gap,6079,prob_input_effect_mpp,0.019314348697662354
single_shape,plain4_w64_gap,6080,prob_input_effect_mpp,0.00995415449142456
single_shape,plain4_w64_gap,6081,prob_input_effect_mpp,0.01334044337272644
single_shape,plain4_w64_gap,6082,prob_input_effect_mpp,0.016816020011901855
single_shape,plain4_w64_gap,6083,prob_input_effect_mpp,0.010904759168624878
single_shape,plain4_w64_gap,6084,prob_input_effect_mpp,0.0035351812839508057
single_shape,plain4_w64_gap,6085,prob_input_effect_mpp,0.0061668455600738525
single_shape,plain4_w64_gap,6086,prob_input_effect_mpp,0.004970043897628784
single_shape,plain4_w64_gap,6087,prob_input_effect_mpp,0.20862585306167603
single_shape,plain4_w64_gap,6088,prob_input_effect_mpp,0.011757969856262207
single_shape,plain4_w64_gap,6089,prob_input_effect_mpp,0.022750437259674072
single_shape,plain4_w64_gap,6090,prob_input_effect_mpp,0.010304659605026245
single_shape,plain4_w64_gap,6091,prob_input_effect_mpp,0.013086825609207153
single_shape,plain4_w64_gap,6092,prob_input_effect_mpp,0.008302450180053711
single_shape,plain4_w64_gap,6093,prob_input_effect_mpp,0.0046062171459198
single_shape,plain4_w64_gap,6094,prob_input_effect_mpp,0.0011074542999267578
single_shape,plain4_w64_gap,6095,prob_input_effect_mpp,0.01230400800704956
single_shape,plain4_w64_gap,6096,prob_input_effect_mpp,0.0031703412532806396
single_shape,plain4_w64_gap,6097,prob_input_effect_mpp,0.006850093603134155
single_shape,plain4_w64_gap,6098,prob_input_effect_mpp,0.007707715034484863
single_shape,plain4_w64_gap,6099,prob_input_effect_mpp,0.17123878002166748
single_shape,plain4_w64_gmp,6000,prob_input_effect_mpp,0.00021257996559143066
single_shape,plain4_w64_gmp,6001,prob_input_effect_mpp,6.681680679321289e-05
single_shape,plain4_w64_gmp,6002,prob_input_effect_mpp,0.0003949403762817383
single_shape,plain4_w64_gmp,6003,prob_input_effect_mpp,0.00010839104652404785
single_shape,plain4_w64_gmp,6004,prob_input_effect_mpp,0.00010880827903747559
single_shape,plain4_w64_gmp,6005,prob_input_effect_mpp,-0.00012025237083435059
single_shape,plain4_w64_gmp,6006,prob_input_effect_mpp,1.71661376953125e-05
single_shape,plain4_w64_gmp,6007,prob_input_effect_mpp,-1.996755599975586e-05
single_shape,plain4_w64_gmp,6008,prob_input_effect_mpp,7.069110870361328e-05
single_shape,plain4_w64_gmp,6009,prob_input_effect_mpp,0.00011017918586730957
single_shape,plain4_w64_gmp,6010,prob_input_effect_mpp,0.00030988454818725586
single_shape,plain4_w64_gmp,6011,prob_input_effect_mpp,-2.1576881408691406e-05
single_shape,plain4_w64_gmp,6012,prob_input_effect_mpp,0.00012007355690002441
single_shape,plain4_w64_gmp,6013,prob_input_effect_mpp,3.460049629211426e-05
single_shape,plain4_w64_gmp,6014,prob_input_effect_mpp,0.0001061856746673584
single_shape,plain4_w64_gmp,6015,prob_input_effect_mpp,2.3126602172851562e-05
single_shape,plain4_w64_gmp,6016,prob_input_effect_mpp,0.00013247132301330566
single_shape,plain4_w64_gmp,6017,prob_input_effect_mpp,-4.947185516357422e-06
single_shape,plain4_w64_gmp,6018,prob_input_effect_mpp,0.00022220611572265625
single_shape,plain4_w64_gmp,6019,prob_input_effect_mpp,0.00022405385971069336
single_shape,plain4_w64_gmp,6020,prob_input_effect_mpp,-0.0002397596836090088
single_shape,plain4_w64_gmp,6021,prob_input_effect_mpp,6.490945816040039e-05
single_shape,plain4_w64_gmp,6022,prob_input_effect_mpp,7.960200309753418e-05
single_shape,plain4_w64_gmp,6023,prob_input_effect_mpp,0.0001417398452758789
single_shape,plain4_w64_gmp,6024,prob_input_effect_mpp,6.604194641113281e-05
single_shape,plain4_w64_gmp,6025,prob_input_effect_mpp,5.2094459533691406e-05
single_shape,plain4_w64_gmp,6026,prob_input_effect_mpp,-6.774067878723145e-05
single_shape,plain4_w64_gmp,6027,prob_input_effect_mpp,0.0009564459323883057
single_shape,plain4_w64_gmp,6028,prob_input_effect_mpp,6.559491157531738e-05
single_shape,plain4_w64_gmp,6029,prob_input_effect_mpp,8.597970008850098e-05
single_shape,plain4_w64_gmp,6030,prob_input_effect_mpp,6.29723072052002e-05
single_shape,plain4_w64_gmp,6031,prob_input_effect_mpp,0.00031429529190063477
single_shape,plain4_w64_gmp,6032,prob_input_effect_mpp,1.138448715209961e-05
single_shape,plain4_w64_gmp,6033,prob_input_effect_mpp,3.790855407714844e-05
single_shape,plain4_w64_gmp,6034,prob_input_effect_mpp,0.00022992491722106934
single_shape,plain4_w64_gmp,6035,prob_input_effect_mpp,0.00012108683586120605
single_shape,plain4_w64_gmp,6036,prob_input_effect_mpp,3.463029861450195e-05
single_shape,plain4_w64_gmp,6037,prob_input_effect_mpp,0.00014033913612365723
single_shape,plain4_w64_gmp,6038,prob_input_effect_mpp,-0.00012734532356262207
single_shape,plain4_w64_gmp,6039,prob_input_effect_mpp,0.00016671419143676758
single_shape,plain4_w64_gmp,6040,prob_input_effect_mpp,4.214048385620117e-05
single_shape,plain4_w64_gmp,6041,prob_input_effect_mpp,8.979439735412598e-05
single_shape,plain4_w64_gmp,6042,prob_input_effect_mpp,1.0251998901367188e-05
single_shape,plain4_w64_gmp,6043,prob_input_effect_mpp,-0.0001627802848815918
single_shape,plain4_w64_gmp,6044,prob_input_effect_mpp,0.0002231001853942871
single_shape,plain4_w64_gmp,6045,prob_input_effect_mpp,2.154707908630371e-05
single_shape,plain4_w64_gmp,6046,prob_input_effect_mpp,5.835294723510742e-05
single_shape,plain4_w64_gmp,6047,prob_input_effect_mpp,-0.0007400810718536377
single_shape,plain4_w64_gmp,6048,prob_input_effect_mpp,0.0006950497627258301
single_shape,plain4_w64_gmp,6049,prob_input_effect_mpp,6.80685043334961e-05
single_shape,plain4_w64_gmp,6050,prob_input_effect_mpp,4.798173904418945e-05
single_shape,plain4_w64_gmp,6051,prob_input_effect_mpp,2.682209014892578e-07
single_shape,plain4_w64_gmp,6052,prob_input_effect_mpp,0.00028592348098754883
single_shape,plain4_w64_gmp,6053,prob_input_effect_mpp,7.304549217224121e-05
single_shape,plain4_w64_gmp,6054,prob_input_effect_mpp,0.000213623046875
single_shape,plain4_w64_gmp,6055,prob_input_effect_mpp,0.00010317564010620117
single_shape,plain4_w64_gmp,6056,prob_input_effect_mpp,-3.018975257873535e-05
single_shape,plain4_w64_gmp,6057,prob_input_effect_mpp,1.5676021575927734e-05
single_shape,plain4_w64_gmp,6058,prob_input_effect_mpp,0.00011795759201049805
single_shape,plain4_w64_gmp,6059,prob_input_effect_mpp,1.996755599975586e-05
single_shape,plain4_w64_gmp,6060,prob_input_effect_mpp,0.00011432170867919922
single_shape,plain4_w64_gmp,6061,prob_input_effect_mpp,2.956390380859375e-05
single_shape,plain4_w64_gmp,6062,prob_input_effect_mpp,1.424551010131836e-05
single_shape,plain4_w64_gmp,6063,prob_input_effect_mpp,4.410743713378906e-06
single_shape,plain4_w64_gmp,6064,prob_input_effect_mpp,-4.1961669921875e-05
single_shape,plain4_w64_gmp,6065,prob_input_effect_mpp,0.0004149973392486572
single_shape,plain4_w64_gmp,6066,prob_input_effect_mpp,1.189112663269043e-05
single_shape,plain4_w64_gmp,6067,prob_input_effect_mpp,0.00025665760040283203
single_shape,plain4_w64_gmp,6068,prob_input_effect_mpp,0.00012630224227905273
single_shape,plain4_w64_gmp,6069,prob_input_effect_mpp,3.5822391510009766e-05
single_shape,plain4_w64_gmp,6070,prob_input_effect_mpp,0.000261455774307251
single_shape,plain4_w64_gmp,6071,prob_input_effect_mpp,-3.299117088317871e-05
single_shape,plain4_w64_gmp,6072,prob_input_effect_mpp,7.50422477722168e-05
single_shape,plain4_w64_gmp,6073,prob_input_effect_mpp,0.0003046989440917969
single_shape,plain4_w64_gmp,6074,prob_input_effect_mpp,3.275275230407715e-05
single_shape,plain4_w64_gmp,6075,prob_input_effect_mpp,7.465481758117676e-05
single_shape,plain4_w64_gmp,6076,prob_input_effect_mpp,-0.00018483400344848633
single_shape,plain4_w64_gmp,6077,prob_input_effect_mpp,0.00016760826110839844
single_shape,plain4_w64_gmp,6078,prob_input_effect_mpp,9.617209434509277e-05
single_shape,plain4_w64_gmp,6079,prob_input_effect_mpp,0.00024324655532836914
single_shape,plain4_w64_gmp,6080,prob_input_effect_mpp,0.00011131167411804199
single_shape,plain4_w64_gmp,6081,prob_input_effect_mpp,0.0002245008945465088
single_shape,plain4_w64_gmp,6082,prob_input_effect_mpp,1.6450881958007812e-05
single_shape,plain4_w64_gmp,6083,prob_input_effect_mpp,0.00018846988677978516
single_shape,plain4_w64_gmp,6084,prob_input_effect_mpp,1.4513731002807617e-05
single_shape,plain4_w64_gmp,6085,prob_input_effect_mpp,7.62939453125e-06
single_shape,plain4_w64_gmp,6086,prob_input_effect_mpp,0.0008237659931182861
single_shape,plain4_w64_gmp,6087,prob_input_effect_mpp,1.940131187438965e-05
single_shape,plain4_w64_gmp,6088,prob_input_effect_mpp,6.747245788574219e-05
single_shape,plain4_w64_gmp,6089,prob_input_effect_mpp,3.713369369506836e-05
single_shape,plain4_w64_gmp,6090,prob_input_effect_mpp,1.5407800674438477e-05
single_shape,plain4_w64_gmp,6091,prob_input_effect_mpp,2.6494264602661133e-05
single_shape,plain4_w64_gmp,6092,prob_input_effect_mpp,7.450580596923828e-05
single_shape,plain4_w64_gmp,6093,prob_input_effect_mpp,3.3348798751831055e-05
single_shape,plain4_w64_gmp,6094,prob_input_effect_mpp,0.00013566017150878906
single_shape,plain4_w64_gmp,6095,prob_input_effect_mpp,6.479024887084961e-05
single_shape,plain4_w64_gmp,6096,prob_input_effect_mpp,1.0162591934204102e-05
single_shape,plain4_w64_gmp,6097,prob_input_effect_mpp,0.00011393427848815918
single_shape,plain4_w64_gmp,6098,prob_input_effect_mpp,1.3828277587890625e-05
single_shape,plain4_w64_gmp,6099,prob_input_effect_mpp,0.00026863813400268555
single_shape,res4_w16_gap,6000,prob_input_effect_mpp,0.011164695024490356
single_shape,res4_w16_gap,6001,prob_input_effect_mpp,0.016728758811950684
single_shape,res4_w16_gap,6002,prob_input_effect_mpp,0.019337505102157593
single_shape,res4_w16_gap,6003,prob_input_effect_mpp,0.03395110368728638
single_shape,res4_w16_gap,6004,prob_input_effect_mpp,0.037877440452575684
single_shape,res4_w16_gap,6005,prob_input_effect_mpp,0.023540973663330078
single_shape,res4_w16_gap,6006,prob_input_effect_mpp,0.01821574568748474
single_shape,res4_w16_gap,6007,prob_input_effect_mpp,0.04887765645980835
single_shape,res4_w16_gap,6008,prob_input_effect_mpp,0.08805486559867859
single_shape,res4_w16_gap,6009,prob_input_effect_mpp,0.05434870719909668
single_shape,res4_w16_gap,6010,prob_input_effect_mpp,0.04207727313041687
single_shape,res4_w16_gap,6011,prob_input_effect_mpp,0.04085162281990051
single_shape,res4_w16_gap,6012,prob_input_effect_mpp,0.03466305136680603
single_shape,res4_w16_gap,6013,prob_input_effect_mpp,0.02689528465270996
single_shape,res4_w16_gap,6014,prob_input_effect_mpp,0.047447770833969116
single_shape,res4_w16_gap,6015,prob_input_effect_mpp,0.03159886598587036
single_shape,res4_w16_gap,6016,prob_input_effect_mpp,0.1296100616455078
single_shape,res4_w16_gap,6017,prob_input_effect_mpp,0.04555004835128784
single_shape,res4_w16_gap,6018,prob_input_effect_mpp,0.05987927317619324
single_shape,res4_w16_gap,6019,prob_input_effect_mpp,0.027551084756851196
single_shape,res4_w16_gap,6020,prob_input_effect_mpp,0.0270097553730011
single_shape,res4_w16_gap,6021,prob_input_effect_mpp,0.03698191046714783
single_shape,res4_w16_gap,6022,prob_input_effect_mpp,0.051969170570373535
single_shape,res4_w16_gap,6023,prob_input_effect_mpp,0.03696081042289734
single_shape,res4_w16_gap,6024,prob_input_effect_mpp,0.018397599458694458
single_shape,res4_w16_gap,6025,prob_input_effect_mpp,0.03477361798286438
single_shape,res4_w16_gap,6026,prob_input_effect_mpp,0.040951043367385864
single_shape,res4_w16_gap,6027,prob_input_effect_mpp,0.09835168719291687
single_shape,res4_w16_gap,6028,prob_input_effect_mpp,0.03263920545578003
single_shape,res4_w16_gap,6029,prob_input_effect_mpp,0.025933921337127686
single_shape,res4_w16_gap,6030,prob_input_effect_mpp,0.016117781400680542
single_shape,res4_w16_gap,6031,prob_input_effect_mpp,0.05458274483680725
single_shape,res4_w16_gap,6032,prob_input_effect_mpp,0.026154547929763794
single_shape,res4_w16_gap,6033,prob_input_effect_mpp,0.08399936556816101
single_shape,res4_w16_gap,6034,prob_input_effect_mpp,0.0431155264377594
single_shape,res4_w16_gap,6035,prob_input_effect_mpp,0.07137987017631531
single_shape,res4_w16_gap,6036,prob_input_effect_mpp,0.04153212904930115
single_shape,res4_w16_gap,6037,prob_input_effect_mpp,0.07767051458358765
single_shape,res4_w16_gap,6038,prob_input_effect_mpp,0.04794260859489441
single_shape,res4_w16_gap,6039,prob_input_effect_mpp,0.07119095325469971
single_shape,res4_w16_gap,6040,prob_input_effect_mpp,0.09284448623657227
single_shape,res4_w16_gap,6041,prob_input_effect_mpp,0.030567139387130737
single_shape,res4_w16_gap,6042,prob_input_effect_mpp,0.05905526876449585
single_shape,res4_w16_gap,6043,prob_input_effect_mpp,0.025686532258987427
single_shape,res4_w16_gap,6044,prob_input_effect_mpp,0.23368299007415771
single_shape,res4_w16_gap,6045,prob_input_effect_mpp,0.021886736154556274
single_shape,res4_w16_gap,6046,prob_input_effect_mpp,0.03405123949050903
single_shape,res4_w16_gap,6047,prob_input_effect_mpp,0.038783520460128784
single_shape,res4_w16_gap,6048,prob_input_effect_mpp,0.107392817735672
single_shape,res4_w16_gap,6049,prob_input_effect_mpp,0.02247491478919983
single_shape,res4_w16_gap,6050,prob_input_effect_mpp,0.0422673225402832
single_shape,res4_w16_gap,6051,prob_input_effect_mpp,0.044969916343688965
single_shape,res4_w16_gap,6052,prob_input_effect_mpp,0.055684566497802734
single_shape,res4_w16_gap,6053,prob_input_effect_mpp,0.034736961126327515
single_shape,res4_w16_gap,6054,prob_input_effect_mpp,0.034812092781066895
single_shape,res4_w16_gap,6055,prob_input_effect_mpp,0.024948835372924805
single_shape,res4_w16_gap,6056,prob_input_effect_mpp,0.019782960414886475
single_shape,res4_w16_gap,6057,prob_input_effect_mpp,0.17079225182533264
single_shape,res4_w16_gap,6058,prob_input_effect_mpp,0.02220889925956726
single_shape,res4_w16_gap,6059,prob_input_effect_mpp,0.0623757541179657
single_shape,res4_w16_gap,6060,prob_input_effect_mpp,0.06787261366844177
single_shape,res4_w16_gap,6061,prob_input_effect_mpp,0.030556201934814453
single_shape,res4_w16_gap,6062,prob_input_effect_mpp,0.05831274390220642
single_shape,res4_w16_gap,6063,prob_input_effect_mpp,0.0133209228515625
single_shape,res4_w16_gap,6064,prob_input_effect_mpp,0.02946913242340088
single_shape,res4_w16_gap,6065,prob_input_effect_mpp,0.041959017515182495
single_shape,res4_w16_gap,6066,prob_input_effect_mpp,0.006473064422607422
single_shape,res4_w16_gap,6067,prob_input_effect_mpp,0.06011572480201721
single_shape,res4_w16_gap,6068,prob_input_effect_mpp,0.026840507984161377
single_shape,res4_w16_gap,6069,prob_input_effect_mpp,0.031239479780197144
single_shape,res4_w16_gap,6070,prob_input_effect_mpp,0.038023442029953
single_shape,res4_w16_gap,6071,prob_input_effect_mpp,0.016277670860290527
single_shape,res4_w16_gap,6072,prob_input_effect_mpp,0.11973488330841064
single_shape,res4_w16_gap,6073,prob_input_effect_mpp,0.03329122066497803
single_shape,res4_w16_gap,6074,prob_input_effect_mpp,0.23560881614685059
single_shape,res4_w16_gap,6075,prob_input_effect_mpp,0.02651888132095337
single_shape,res4_w16_gap,6076,prob_input_effect_mpp,0.13289135694503784
single_shape,res4_w16_gap,6077,prob_input_effect_mpp,0.04183247685432434
single_shape,res4_w16_gap,6078,prob_input_effect_mpp,0.1350904107093811
single_shape,res4_w16_gap,6079,prob_input_effect_mpp,0.06417101621627808
single_shape,res4_w16_gap,6080,prob_input_effect_mpp,0.03614881634712219
single_shape,res4_w16_gap,6081,prob_input_effect_mpp,-0.03731822967529297
single_shape,res4_w16_gap,6082,prob_input_effect_mpp,0.030783921480178833
single_shape,res4_w16_gap,6083,prob_input_effect_mpp,-0.07912859320640564
single_shape,res4_w16_gap,6084,prob_input_effect_mpp,0.022656500339508057
single_shape,res4_w16_gap,6085,prob_input_effect_mpp,0.024796128273010254
single_shape,res4_w16_gap,6086,prob_input_effect_mpp,0.03998023271560669
single_shape,res4_w16_gap,6087,prob_input_effect_mpp,0.04887598752975464
single_shape,res4_w16_gap,6088,prob_input_effect_mpp,0.018823742866516113
single_shape,res4_w16_gap,6089,prob_input_effect_mpp,0.03405332565307617
single_shape,res4_w16_gap,6090,prob_input_effect_mpp,0.04686275124549866
single_shape,res4_w16_gap,6091,prob_input_effect_mpp,-0.22251778841018677
single_shape,res4_w16_gap,6092,prob_input_effect_mpp,0.010580211877822876
single_shape,res4_w16_gap,6093,prob_input_effect_mpp,-0.029414445161819458
single_shape,res4_w16_gap,6094,prob_input_effect_mpp,0.02059885859489441
single_shape,res4_w16_gap,6095,prob_input_effect_mpp,0.06048458814620972
single_shape,res4_w16_gap,6096,prob_input_effect_mpp,0.015566319227218628
single_shape,res4_w16_gap,6097,prob_input_effect_mpp,0.039962053298950195
single_shape,res4_w16_gap,6098,prob_input_effect_mpp,0.02875557541847229
single_shape,res4_w16_gap,6099,prob_input_effect_mpp,0.04069247841835022
single_shape,res4_w16_gmp,6000,prob_input_effect_mpp,0.0014724135398864746
single_shape,res4_w16_gmp,6001,prob_input_effect_mpp,0.0006578564643859863
single_shape,res4_w16_gmp,6002,prob_input_effect_mpp,-3.427267074584961e-06
single_shape,res4_w16_gmp,6003,prob_input_effect_mpp,0.0004782378673553467
single_shape,res4_w16_gmp,6004,prob_input_effect_mpp,0.0008285045623779297
single_shape,res4_w16_gmp,6005,prob_input_effect_mpp,0.00011739134788513184
single_shape,res4_w16_gmp,6006,prob_input_effect_mpp,0.0005458295345306396
single_shape,res4_w16_gmp,6007,prob_input_effect_mpp,-0.000314563512802124
single_shape,res4_w16_gmp,6008,prob_input_effect_mpp,-0.00025588274002075195
single_shape,res4_w16_gmp,6009,prob_input_effect_mpp,0.0003731250762939453
single_shape,res4_w16_gmp,6010,prob_input_effect_mpp,0.00023928284645080566
single_shape,res4_w16_gmp,6011,prob_input_effect_mpp,0.0007946491241455078
single_shape,res4_w16_gmp,6012,prob_input_effect_mpp,0.00030416250228881836
single_shape,res4_w16_gmp,6013,prob_input_effect_mpp,0.00018519163131713867
single_shape,res4_w16_gmp,6014,prob_input_effect_mpp,0.000620037317276001
single_shape,res4_w16_gmp,6015,prob_input_effect_mpp,0.00014215707778930664
single_shape,res4_w16_gmp,6016,prob_input_effect_mpp,0.0006679296493530273
single_shape,res4_w16_gmp,6017,prob_input_effect_mpp,1.773238182067871e-05
single_shape,res4_w16_gmp,6018,prob_input_effect_mpp,0.000698089599609375
single_shape,res4_w16_gmp,6019,prob_input_effect_mpp,0.0004431307315826416
single_shape,res4_w16_gmp,6020,prob_input_effect_mpp,0.0010193288326263428
single_shape,res4_w16_gmp,6021,prob_input_effect_mpp,0.0013080239295959473
single_shape,res4_w16_gmp,6022,prob_input_effect_mpp,0.0006005167961120605
single_shape,res4_w16_gmp,6023,prob_input_effect_mpp,-4.5925378799438477e-05
single_shape,res4_w16_gmp,6024,prob_input_effect_mpp,0.0008860230445861816
single_shape,res4_w16_gmp,6025,prob_input_effect_mpp,1.9162893295288086e-05
single_shape,res4_w16_gmp,6026,prob_input_effect_mpp,0.0015773773193359375
single_shape,res4_w16_gmp,6027,prob_input_effect_mpp,0.0018769800662994385
single_shape,res4_w16_gmp,6028,prob_input_effect_mpp,0.001070857048034668
single_shape,res4_w16_gmp,6029,prob_input_effect_mpp,0.0005428194999694824
single_shape,res4_w16_gmp,6030,prob_input_effect_mpp,0.0008222460746765137
single_shape,res4_w16_gmp,6031,prob_input_effect_mpp,0.001225203275680542
single_shape,res4_w16_gmp,6032,prob_input_effect_mpp,8.991360664367676e-05
single_shape,res4_w16_gmp,6033,prob_input_effect_mpp,0.0005972385406494141
single_shape,res4_w16_gmp,6034,prob_input_effect_mpp,0.000418245792388916
single_shape,res4_w16_gmp,6035,prob_input_effect_mpp,0.0007311999797821045
single_shape,res4_w16_gmp,6036,prob_input_effect_mpp,0.0007843077182769775
single_shape,res4_w16_gmp,6037,prob_input_effect_mpp,0.0004044771194458008
single_shape,res4_w16_gmp,6038,prob_input_effect_mpp,0.0010505914688110352
single_shape,res4_w16_gmp,6039,prob_input_effect_mpp,0.000646442174911499
single_shape,res4_w16_gmp,6040,prob_input_effect_mpp,0.0009344518184661865
single_shape,res4_w16_gmp,6041,prob_input_effect_mpp,0.0003745555877685547
single_shape,res4_w16_gmp,6042,prob_input_effect_mpp,0.0006972253322601318
single_shape,res4_w16_gmp,6043,prob_input_effect_mpp,-0.0003896355628967285
single_shape,res4_w16_gmp,6044,prob_input_effect_mpp,0.000612795352935791
single_shape,res4_w16_gmp,6045,prob_input_effect_mpp,1.1026859283447266e-05
single_shape,res4_w16_gmp,6046,prob_input_effect_mpp,0.00018352270126342773
single_shape,res4_w16_gmp,6047,prob_input_effect_mpp,0.0012052357196807861
single_shape,res4_w16_gmp,6048,prob_input_effect_mpp,0.0009531378746032715
single_shape,res4_w16_gmp,6049,prob_input_effect_mpp,6.574392318725586e-05
single_shape,res4_w16_gmp,6050,prob_input_effect_mpp,0.0005336999893188477
single_shape,res4_w16_gmp,6051,prob_input_effect_mpp,9.268522262573242e-06
single_shape,res4_w16_gmp,6052,prob_input_effect_mpp,0.0012756586074829102
single_shape,res4_w16_gmp,6053,prob_input_effect_mpp,-0.0004400908946990967
single_shape,res4_w16_gmp,6054,prob_input_effect_mpp,0.0006654262542724609
single_shape,res4_w16_gmp,6055,prob_input_effect_mpp,0.0006726682186126709
single_shape,res4_w16_gmp,6056,prob_input_effect_mpp,0.0003039836883544922
single_shape,res4_w16_gmp,6057,prob_input_effect_mpp,0.00019404292106628418
single_shape,res4_w16_gmp,6058,prob_input_effect_mpp,0.0008237957954406738
single_shape,res4_w16_gmp,6059,prob_input_effect_mpp,0.0003858506679534912
single_shape,res4_w16_gmp,6060,prob_input_effect_mpp,0.0009769201278686523
single_shape,res4_w16_gmp,6061,prob_input_effect_mpp,-0.00011628866195678711
single_shape,res4_w16_gmp,6062,prob_input_effect_mpp,0.0006861686706542969
single_shape,res4_w16_gmp,6063,prob_input_effect_mpp,0.00010839104652404785
single_shape,res4_w16_gmp,6064,prob_input_effect_mpp,0.0008807480335235596
single_shape,res4_w16_gmp,6065,prob_input_effect_mpp,0.0006393492221832275
single_shape,res4_w16_gmp,6066,prob_input_effect_mpp,0.0004366934299468994
single_shape,res4_w16_gmp,6067,prob_input_effect_mpp,0.0002707540988922119
single_shape,res4_w16_gmp,6068,prob_input_effect_mpp,0.0013347864151000977
single_shape,res4_w16_gmp,6069,prob_input_effect_mpp,0.00028383731842041016
single_shape,res4_w16_gmp,6070,prob_input_effect_mpp,0.0005441904067993164
single_shape,res4_w16_gmp,6071,prob_input_effect_mpp,-0.0008086860179901123
single_shape,res4_w16_gmp,6072,prob_input_effect_mpp,0.00015601515769958496
single_shape,res4_w16_gmp,6073,prob_input_effect_mpp,0.0006915926933288574
single_shape,res4_w16_gmp,6074,prob_input_effect_mpp,3.2961368560791016e-05
single_shape,res4_w16_gmp,6075,prob_input_effect_mpp,-0.00023666024208068848
single_shape,res4_w16_gmp,6076,prob_input_effect_mpp,0.0002898871898651123
single_shape,res4_w16_gmp,6077,prob_input_effect_mpp,0.0005818605422973633
single_shape,res4_w16_gmp,6078,prob_input_effect_mpp,0.0005894005298614502
single_shape,res4_w16_gmp,6079,prob_input_effect_mpp,0.0011564195156097412
single_shape,res4_w16_gmp,6080,prob_input_effect_mpp,0.0008048713207244873
single_shape,res4_w16_gmp,6081,prob_input_effect_mpp,0.000628352165222168
single_shape,res4_w16_gmp,6082,prob_input_effect_mpp,0.0004477202892303467
single_shape,res4_w16_gmp,6083,prob_input_effect_mpp,-0.00037533044815063477
single_shape,res4_w16_gmp,6084,prob_input_effect_mpp,-0.00018739700317382812
single_shape,res4_w16_gmp,6085,prob_input_effect_mpp,0.00010001659393310547
single_shape,res4_w16_gmp,6086,prob_input_effect_mpp,0.0015361309051513672
single_shape,res4_w16_gmp,6087,prob_input_effect_mpp,0.0004678666591644287
single_shape,res4_w16_gmp,6088,prob_input_effect_mpp,0.00016835331916809082
single_shape,res4_w16_gmp,6089,prob_input_effect_mpp,0.0003567934036254883
single_shape,res4_w16_gmp,6090,prob_input_effect_mpp,0.0002155601978302002
single_shape,res4_w16_gmp,6091,prob_input_effect_mpp,-0.00027120113372802734
single_shape,res4_w16_gmp,6092,prob_input_effect_mpp,0.0006209015846252441
single_shape,res4_w16_gmp,6093,prob_input_effect_mpp,0.0005888044834136963
single_shape,res4_w16_gmp,6094,prob_input_effect_mpp,0.00029024481773376465
single_shape,res4_w16_gmp,6095,prob_input_effect_mpp,0.0011564195156097412
single_shape,res4_w16_gmp,6096,prob_input_effect_mpp,0.0002900660037994385
single_shape,res4_w16_gmp,6097,prob_input_effect_mpp,-0.00023567676544189453
single_shape,res4_w16_gmp,6098,prob_input_effect_mpp,0.0007482469081878662
single_shape,res4_w16_gmp,6099,prob_input_effect_mpp,8.919835090637207e-05
single_shape,tiny_gap,6000,prob_input_effect_mpp,0.6350376568734646
single_shape,tiny_gap,6001,prob_input_effect_mpp,0.5545205846428871
single_shape,tiny_gap,6002,prob_input_effect_mpp,0.6535751223564148
single_shape,tiny_gap,6003,prob_input_effect_mpp,0.5983826965093613
single_shape,tiny_gap,6004,prob_input_effect_mpp,0.7433228455483913
single_shape,tiny_gap,6005,prob_input_effect_mpp,0.588467676192522
single_shape,tiny_gap,6006,prob_input_effect_mpp,0.6665759570896626
single_shape,tiny_gap,6007,prob_input_effect_mpp,0.659693107008934
single_shape,tiny_gap,6008,prob_input_effect_mpp,0.6191398575901985
single_shape,tiny_gap,6009,prob_input_effect_mpp,0.6530095487833023
single_shape,tiny_gap,6010,prob_input_effect_mpp,0.6553528904914856
single_shape,tiny_gap,6011,prob_input_effect_mpp,0.6140845082700253
single_shape,tiny_gap,6012,prob_input_effect_mpp,0.597172312438488
single_shape,tiny_gap,6013,prob_input_effect_mpp,0.7306707128882408
single_shape,tiny_gap,6014,prob_input_effect_mpp,0.5966372117400169
single_shape,tiny_gap,6015,prob_input_effect_mpp,0.6633201837539673
single_shape,tiny_gap,6016,prob_input_effect_mpp,0.6229627914726734
single_shape,tiny_gap,6017,prob_input_effect_mpp,0.6622055247426033
single_shape,tiny_gap,6018,prob_input_effect_mpp,0.691795326769352
single_shape,tiny_gap,6019,prob_input_effect_mpp,0.6627617292106152
single_shape,tiny_gap,6020,prob_input_effect_mpp,0.5387614779174328
single_shape,tiny_gap,6021,prob_input_effect_mpp,0.6729814074933529
single_shape,tiny_gap,6022,prob_input_effect_mpp,0.6632583476603031
single_shape,tiny_gap,6023,prob_input_effect_mpp,0.6567928306758404
single_shape,tiny_gap,6024,prob_input_effect_mpp,0.6789250448346138
single_shape,tiny_gap,6025,prob_input_effect_mpp,0.6724068894982338
single_shape,tiny_gap,6026,prob_input_effect_mpp,0.6476378813385963
single_shape,tiny_gap,6027,prob_input_effect_mpp,0.7171828374266624
single_shape,tiny_gap,6028,prob_input_effect_mpp,0.6485017798841
single_shape,tiny_gap,6029,prob_input_effect_mpp,0.7072562724351883
single_shape,tiny_gap,6030,prob_input_effect_mpp,0.7187884338200092
single_shape,tiny_gap,6031,prob_input_effect_mpp,0.5596317015588284
single_shape,tiny_gap,6032,prob_input_effect_mpp,0.6848208829760551
single_shape,tiny_gap,6033,prob_input_effect_mpp,0.6773405000567436
single_shape,tiny_gap,6034,prob_input_effect_mpp,0.6278531700372696
single_shape,tiny_gap,6035,prob_input_effect_mpp,0.6269560530781746
single_shape,tiny_gap,6036,prob_input_effect_mpp,0.6474646627902985
single_shape,tiny_gap,6037,prob_input_effect_mpp,0.6769887842237949
single_shape,tiny_gap,6038,prob_input_effect_mpp,0.6268919631838799
single_shape,tiny_gap,6039,prob_input_effect_mpp,0.7191227376461029
single_shape,tiny_gap,6040,prob_input_effect_mpp,0.6696043163537979
single_shape,tiny_gap,6041,prob_input_effect_mpp,0.7614317536354065
single_shape,tiny_gap,6042,prob_input_effect_mpp,0.6840389668941498
single_shape,tiny_gap,6043,prob_input_effect_mpp,0.7199305556714535
single_shape,tiny_gap,6044,prob_input_effect_mpp,0.6106453351676464
single_shape,tiny_gap,6045,prob_input_effect_mpp,0.7114330716431141
single_shape,tiny_gap,6046,prob_input_effect_mpp,0.6753330528736115
single_shape,tiny_gap,6047,prob_input_effect_mpp,0.7483452744781971
single_shape,tiny_gap,6048,prob_input_effect_mpp,0.6198455803096294
single_shape,tiny_gap,6049,prob_input_effect_mpp,0.6667060367763042
single_shape,tiny_gap,6050,prob_input_effect_mpp,0.7280836291611195
single_shape,tiny_gap,6051,prob_input_effect_mpp,0.7149681486189365
single_shape,tiny_gap,6052,prob_input_effect_mpp,0.7204925492405891
single_shape,tiny_gap,6053,prob_input_effect_mpp,0.7164187431335449
single_shape,tiny_gap,6054,prob_input_effect_mpp,0.6372937858104706
single_shape,tiny_gap,6055,prob_input_effect_mpp,0.6332222409546375
single_shape,tiny_gap,6056,prob_input_effect_mpp,0.8041434213519096
single_shape,tiny_gap,6057,prob_input_effect_mpp,0.6729766763746738
single_shape,tiny_gap,6058,prob_input_effect_mpp,0.7581171207129955
single_shape,tiny_gap,6059,prob_input_effect_mpp,0.5975919179618359
single_shape,tiny_gap,6060,prob_input_effect_mpp,0.6416757665574551
single_shape,tiny_gap,6061,prob_input_effect_mpp,0.5932617895305157
single_shape,tiny_gap,6062,prob_input_effect_mpp,0.5391507670283318
single_shape,tiny_gap,6063,prob_input_effect_mpp,0.6777039766311646
single_shape,tiny_gap,6064,prob_input_effect_mpp,0.7248539291322231
single_shape,tiny_gap,6065,prob_input_effect_mpp,0.6663973890244961
single_shape,tiny_gap,6066,prob_input_effect_mpp,0.6771499663591385
single_shape,tiny_gap,6067,prob_input_effect_mpp,0.736313208937645
single_shape,tiny_gap,6068,prob_input_effect_mpp,0.6060758046805859
single_shape,tiny_gap,6069,prob_input_effect_mpp,0.735847570002079
single_shape,tiny_gap,6070,prob_input_effect_mpp,0.7674630358815193
single_shape,tiny_gap,6071,prob_input_effect_mpp,0.6702476069331169
single_shape,tiny_gap,6072,prob_input_effect_mpp,0.6035206690430641
single_shape,tiny_gap,6073,prob_input_effect_mpp,0.7191364765167236
single_shape,tiny_gap,6074,prob_input_effect_mpp,0.6963111236691475
single_shape,tiny_gap,6075,prob_input_effect_mpp,0.6512773893773556
single_shape,tiny_gap,6076,prob_input_effect_mpp,0.6127379685640335
single_shape,tiny_gap,6077,prob_input_effect_mpp,0.7134635858237743
single_shape,tiny_gap,6078,prob_input_effect_mpp,0.6054419204592705
single_shape,tiny_gap,6079,prob_input_effect_mpp,0.6545031070709229
single_shape,tiny_gap,6080,prob_input_effect_mpp,0.7495512999594212
single_shape,tiny_gap,6081,prob_input_effect_mpp,0.5984579659998417
single_shape,tiny_gap,6082,prob_input_effect_mpp,0.564816702157259
single_shape,tiny_gap,6083,prob_input_effect_mpp,0.7190952226519585
single_shape,tiny_gap,6084,prob_input_effect_mpp,0.6048601269721985
single_shape,tiny_gap,6085,prob_input_effect_mpp,0.6499006673693657
single_shape,tiny_gap,6086,prob_input_effect_mpp,0.5947152599692345
single_shape,tiny_gap,6087,prob_input_effect_mpp,0.6419932506978512
single_shape,tiny_gap,6088,prob_input_effect_mpp,0.6272654943168163
single_shape,tiny_gap,6089,prob_input_effect_mpp,0.615705743432045
single_shape,tiny_gap,6090,prob_input_effect_mpp,0.6142913475632668
single_shape,tiny_gap,6091,prob_input_effect_mpp,0.7248477265238762
single_shape,tiny_gap,6092,prob_input_effect_mpp,0.6711853705346584
single_shape,tiny_gap,6093,prob_input_effect_mpp,0.620748870074749
single_shape,tiny_gap,6094,prob_input_effect_mpp,0.6843301169574261
single_shape,tiny_gap,6095,prob_input_effect_mpp,0.6139150783419609
single_shape,tiny_gap,6096,prob_input_effect_mpp,0.7177056521177292
single_shape,tiny_gap,6097,prob_input_effect_mpp,0.6688875891268253
single_shape,tiny_gap,6098,prob_input_effect_mpp,0.6797491312026978
single_shape,tiny_gap,6099,prob_input_effect_mpp,0.7164657972753048
single_shape,tiny_gmp,6000,prob_input_effect_mpp,0.3284994661808014
single_shape,tiny_gmp,6001,prob_input_effect_mpp,0.30520960688591003
single_shape,tiny_gmp,6002,prob_input_effect_mpp,0.35630080103874207
single_shape,tiny_gmp,6003,prob_input_effect_mpp,0.36955106258392334
single_shape,tiny_gmp,6004,prob_input_effect_mpp,0.31832727789878845
single_shape,tiny_gmp,6005,prob_input_effect_mpp,0.356564998626709
single_shape,tiny_gmp,6006,prob_input_effect_mpp,0.3353900611400604
single_shape,tiny_gmp,6007,prob_input_effect_mpp,0.3490552008152008
single_shape,tiny_gmp,6008,prob_input_effect_mpp,0.41255897283554077
single_shape,tiny_gmp,6009,prob_input_effect_mpp,0.321973592042923
single_shape,tiny_gmp,6010,prob_input_effect_mpp,0.3681600093841553
single_shape,tiny_gmp,6011,prob_input_effect_mpp,0.31436046957969666
single_shape,tiny_gmp,6012,prob_input_effect_mpp,0.3751143217086792
single_shape,tiny_gmp,6013,prob_input_effect_mpp,0.3857020437717438
single_shape,tiny_gmp,6014,prob_input_effect_mpp,0.3927062451839447
single_shape,tiny_gmp,6015,prob_input_effect_mpp,0.367845356464386
single_shape,tiny_gmp,6016,prob_input_effect_mpp,0.3633638620376587
single_shape,tiny_gmp,6017,prob_input_effect_mpp,0.3295132517814636
single_shape,tiny_gmp,6018,prob_input_effect_mpp,0.39623814821243286
single_shape,tiny_gmp,6019,prob_input_effect_mpp,0.4101249873638153
single_shape,tiny_gmp,6020,prob_input_effect_mpp,0.3776271343231201
single_shape,tiny_gmp,6021,prob_input_effect_mpp,0.34412088990211487
single_shape,tiny_gmp,6022,prob_input_effect_mpp,0.3641957640647888
single_shape,tiny_gmp,6023,prob_input_effect_mpp,0.35004571080207825
single_shape,tiny_gmp,6024,prob_input_effect_mpp,0.37080904841423035
single_shape,tiny_gmp,6025,prob_input_effect_mpp,0.37057438492774963
single_shape,tiny_gmp,6026,prob_input_effect_mpp,0.3799634873867035
single_shape,tiny_gmp,6027,prob_input_effect_mpp,0.34211069345474243
single_shape,tiny_gmp,6028,prob_input_effect_mpp,0.3602534234523773
single_shape,tiny_gmp,6029,prob_input_effect_mpp,0.34288284182548523
single_shape,tiny_gmp,6030,prob_input_effect_mpp,0.36077171564102173
single_shape,tiny_gmp,6031,prob_input_effect_mpp,0.38297951221466064
single_shape,tiny_gmp,6032,prob_input_effect_mpp,0.32396572828292847
single_shape,tiny_gmp,6033,prob_input_effect_mpp,0.3408237397670746
single_shape,tiny_gmp,6034,prob_input_effect_mpp,0.36975011229515076
single_shape,tiny_gmp,6035,prob_input_effect_mpp,0.35429245233535767
single_shape,tiny_gmp,6036,prob_input_effect_mpp,0.37872835993766785
single_shape,tiny_gmp,6037,prob_input_effect_mpp,0.41521504521369934
single_shape,tiny_gmp,6038,prob_input_effect_mpp,0.3494904041290283
single_shape,tiny_gmp,6039,prob_input_effect_mpp,0.32307055592536926
single_shape,tiny_gmp,6040,prob_input_effect_mpp,0.40984389185905457
single_shape,tiny_gmp,6041,prob_input_effect_mpp,0.34332171082496643
single_shape,tiny_gmp,6042,prob_input_effect_mpp,0.37243813276290894
single_shape,tiny_gmp,6043,prob_input_effect_mpp,0.33519265055656433
single_shape,tiny_gmp,6044,prob_input_effect_mpp,0.34709686040878296
single_shape,tiny_gmp,6045,prob_input_effect_mpp,0.3695668876171112
single_shape,tiny_gmp,6046,prob_input_effect_mpp,0.3771442472934723
single_shape,tiny_gmp,6047,prob_input_effect_mpp,0.3500685691833496
single_shape,tiny_gmp,6048,prob_input_effect_mpp,0.3415660560131073
single_shape,tiny_gmp,6049,prob_input_effect_mpp,0.3271488845348358
single_shape,tiny_gmp,6050,prob_input_effect_mpp,0.38203132152557373
single_shape,tiny_gmp,6051,prob_input_effect_mpp,0.33209630846977234
single_shape,tiny_gmp,6052,prob_input_effect_mpp,0.367305725812912
single_shape,tiny_gmp,6053,prob_input_effect_mpp,0.3577151894569397
single_shape,tiny_gmp,6054,prob_input_effect_mpp,0.3656599521636963
single_shape,tiny_gmp,6055,prob_input_effect_mpp,0.37599849700927734
single_shape,tiny_gmp,6056,prob_input_effect_mpp,0.3038438856601715
single_shape,tiny_gmp,6057,prob_input_effect_mpp,0.3355008065700531
single_shape,tiny_gmp,6058,prob_input_effect_mpp,0.3613060414791107
single_shape,tiny_gmp,6059,prob_input_effect_mpp,0.36258038878440857
single_shape,tiny_gmp,6060,prob_input_effect_mpp,0.36255770921707153
single_shape,tiny_gmp,6061,prob_input_effect_mpp,0.3880932331085205
single_shape,tiny_gmp,6062,prob_input_effect_mpp,0.37060004472732544
single_shape,tiny_gmp,6063,prob_input_effect_mpp,0.30777251720428467
single_shape,tiny_gmp,6064,prob_input_effect_mpp,0.39124807715415955
single_shape,tiny_gmp,6065,prob_input_effect_mpp,0.3361121118068695
single_shape,tiny_gmp,6066,prob_input_effect_mpp,0.3282936215400696
single_shape,tiny_gmp,6067,prob_input_effect_mpp,0.3874925673007965
single_shape,tiny_gmp,6068,prob_input_effect_mpp,0.3467220067977905
single_shape,tiny_gmp,6069,prob_input_effect_mpp,0.3381742238998413
single_shape,tiny_gmp,6070,prob_input_effect_mpp,0.3810269832611084
single_shape,tiny_gmp,6071,prob_input_effect_mpp,0.34999099373817444
single_shape,tiny_gmp,6072,prob_input_effect_mpp,0.3793318271636963
single_shape,tiny_gmp,6073,prob_input_effect_mpp,0.31527194380760193
single_shape,tiny_gmp,6074,prob_input_effect_mpp,0.3087863624095917
single_shape,tiny_gmp,6075,prob_input_effect_mpp,0.34024909138679504
single_shape,tiny_gmp,6076,prob_input_effect_mpp,0.3394969701766968
single_shape,tiny_gmp,6077,prob_input_effect_mpp,0.3511563241481781
single_shape,tiny_gmp,6078,prob_input_effect_mpp,0.36153644323349
single_shape,tiny_gmp,6079,prob_input_effect_mpp,0.37717580795288086
single_shape,tiny_gmp,6080,prob_input_effect_mpp,0.39258116483688354
single_shape,tiny_gmp,6081,prob_input_effect_mpp,0.4285483956336975
single_shape,tiny_gmp,6082,prob_input_effect_mpp,0.3849599361419678
single_shape,tiny_gmp,6083,prob_input_effect_mpp,0.3260807693004608
single_shape,tiny_gmp,6084,prob_input_effect_mpp,0.33300766348838806
single_shape,tiny_gmp,6085,prob_input_effect_mpp,0.33715274930000305
single_shape,tiny_gmp,6086,prob_input_effect_mpp,0.3724285960197449
single_shape,tiny_gmp,6087,prob_input_effect_mpp,0.3708857595920563
single_shape,tiny_gmp,6088,prob_input_effect_mpp,0.30806300044059753
single_shape,tiny_gmp,6089,prob_input_effect_mpp,0.3664747178554535
single_shape,tiny_gmp,6090,prob_input_effect_mpp,0.3534387946128845
single_shape,tiny_gmp,6091,prob_input_effect_mpp,0.4031473398208618
single_shape,tiny_gmp,6092,prob_input_effect_mpp,0.32418543100357056
single_shape,tiny_gmp,6093,prob_input_effect_mpp,0.4050576388835907
single_shape,tiny_gmp,6094,prob_input_effect_mpp,0.40720173716545105
single_shape,tiny_gmp,6095,prob_input_effect_mpp,0.37495946884155273
single_shape,tiny_gmp,6096,prob_input_effect_mpp,0.3020465672016144
single_shape,tiny_gmp,6097,prob_input_effect_mpp,0.3950428366661072
single_shape,tiny_gmp,6098,prob_input_effect_mpp,0.34515172243118286
single_shape,tiny_gmp,6099,prob_input_effect_mpp,0.3203039765357971
two_concepts,bn2_w16_gap,6000,prob_input_effect_mpp,0.6710043624043465
two_concepts,bn2_w16_gap,6001,prob_input_effect_mpp,0.4031962603330612
two_concepts,bn2_w16_gap,6002,prob_input_effect_mpp,1.2210766449570656
two_concepts,bn2_w16_gap,6003,prob_input_effect_mpp,0.2464662492275238
two_concepts,bn2_w16_gap,6004,prob_input_effect_mpp,0.525867223739624
two_concepts,bn2_w16_gap,6005,prob_input_effect_mpp,0.32911908626556396
two_concepts,bn2_w16_gap,6006,prob_input_effect_mpp,0.13940221071243286
two_concepts,bn2_w16_gap,6007,prob_input_effect_mpp,0.44324174523353577
two_concepts,bn2_w16_gap,6008,prob_input_effect_mpp,0.5078241527080536
two_concepts,bn2_w16_gap,6009,prob_input_effect_mpp,0.4660318195819855
two_concepts,bn2_w16_gap,6010,prob_input_effect_mpp,0.5598835647106171
two_concepts,bn2_w16_gap,6011,prob_input_effect_mpp,0.41820046305656433
two_concepts,bn2_w16_gap,6012,prob_input_effect_mpp,0.6246558129787445
two_concepts,bn2_w16_gap,6013,prob_input_effect_mpp,0.3471880555152893
two_concepts,bn2_w16_gap,6014,prob_input_effect_mpp,0.47190161049366
two_concepts,bn2_w16_gap,6015,prob_input_effect_mpp,0.5407219529151917
two_concepts,bn2_w16_gap,6016,prob_input_effect_mpp,0.5618742406368256
two_concepts,bn2_w16_gap,6017,prob_input_effect_mpp,0.34729424118995667
two_concepts,bn2_w16_gap,6018,prob_input_effect_mpp,0.562653198838234
two_concepts,bn2_w16_gap,6019,prob_input_effect_mpp,0.2488565444946289
two_concepts,bn2_w16_gap,6020,prob_input_effect_mpp,0.7138418555259705
two_concepts,bn2_w16_gap,6021,prob_input_effect_mpp,0.39437463879585266
two_concepts,bn2_w16_gap,6022,prob_input_effect_mpp,0.7720803469419479
two_concepts,bn2_w16_gap,6023,prob_input_effect_mpp,0.8694686442613602
two_concepts,bn2_w16_gap,6024,prob_input_effect_mpp,0.4452066719532013
two_concepts,bn2_w16_gap,6025,prob_input_effect_mpp,0.5416591614484787
two_concepts,bn2_w16_gap,6026,prob_input_effect_mpp,0.6153738051652908
two_concepts,bn2_w16_gap,6027,prob_input_effect_mpp,0.4695415794849396
two_concepts,bn2_w16_gap,6028,prob_input_effect_mpp,0.6063143014907837
two_concepts,bn2_w16_gap,6029,prob_input_effect_mpp,0.37478992342948914
two_concepts,bn2_w16_gap,6030,prob_input_effect_mpp,0.6135650724172592
two_concepts,bn2_w16_gap,6031,prob_input_effect_mpp,0.4973585903644562
two_concepts,bn2_w16_gap,6032,prob_input_effect_mpp,0.5483316779136658
two_concepts,bn2_w16_gap,6033,prob_input_effect_mpp,0.4956672787666321
two_concepts,bn2_w16_gap,6034,prob_input_effect_mpp,0.7230216264724731
two_concepts,bn2_w16_gap,6035,prob_input_effect_mpp,0.6142953736707568
two_concepts,bn2_w16_gap,6036,prob_input_effect_mpp,0.16383102536201477
two_concepts,bn2_w16_gap,6037,prob_input_effect_mpp,0.5410507917404175
two_concepts,bn2_w16_gap,6038,prob_input_effect_mpp,0.7031171917915344
two_concepts,bn2_w16_gap,6039,prob_input_effect_mpp,0.5805334150791168
two_concepts,bn2_w16_gap,6040,prob_input_effect_mpp,0.7494459003210068
two_concepts,bn2_w16_gap,6041,prob_input_effect_mpp,0.23411285877227783
two_concepts,bn2_w16_gap,6042,prob_input_effect_mpp,0.2628575265407562
two_concepts,bn2_w16_gap,6043,prob_input_effect_mpp,-0.1733284890651703
two_concepts,bn2_w16_gap,6044,prob_input_effect_mpp,0.2808162271976471
two_concepts,bn2_w16_gap,6045,prob_input_effect_mpp,0.36255255341529846
two_concepts,bn2_w16_gap,6046,prob_input_effect_mpp,0.41467633843421936
two_concepts,bn2_w16_gap,6047,prob_input_effect_mpp,0.45309966802597046
two_concepts,bn2_w16_gap,6048,prob_input_effect_mpp,0.6764299869537354
two_concepts,bn2_w16_gap,6049,prob_input_effect_mpp,0.4818628430366516
two_concepts,bn2_w16_gap,6050,prob_input_effect_mpp,0.7292117923498154
two_concepts,bn2_w16_gap,6051,prob_input_effect_mpp,0.48097696900367737
two_concepts,bn2_w16_gap,6052,prob_input_effect_mpp,0.44636070728302
two_concepts,bn2_w16_gap,6053,prob_input_effect_mpp,0.6081552058458328
two_concepts,bn2_w16_gap,6054,prob_input_effect_mpp,0.20482277870178223
two_concepts,bn2_w16_gap,6055,prob_input_effect_mpp,0.3509809672832489
two_concepts,bn2_w16_gap,6056,prob_input_effect_mpp,0.31714728474617004
two_concepts,bn2_w16_gap,6057,prob_input_effect_mpp,0.5072921216487885
two_concepts,bn2_w16_gap,6058,prob_input_effect_mpp,0.3980085402727127
two_concepts,bn2_w16_gap,6059,prob_input_effect_mpp,0.3392239511013031
two_concepts,bn2_w16_gap,6060,prob_input_effect_mpp,0.5456084311008453
two_concepts,bn2_w16_gap,6061,prob_input_effect_mpp,0.6027094274759293
two_concepts,bn2_w16_gap,6062,prob_input_effect_mpp,0.3601996600627899
two_concepts,bn2_w16_gap,6063,prob_input_effect_mpp,0.6614690572023392
two_concepts,bn2_w16_gap,6064,prob_input_effect_mpp,0.648497074842453
two_concepts,bn2_w16_gap,6065,prob_input_effect_mpp,0.6192270666360855
two_concepts,bn2_w16_gap,6066,prob_input_effect_mpp,0.8784923851490021
two_concepts,bn2_w16_gap,6067,prob_input_effect_mpp,0.4204310178756714
two_concepts,bn2_w16_gap,6068,prob_input_effect_mpp,0.7116862758994102
two_concepts,bn2_w16_gap,6069,prob_input_effect_mpp,0.6721140146255493
two_concepts,bn2_w16_gap,6070,prob_input_effect_mpp,0.25756844878196716
two_concepts,bn2_w16_gap,6071,prob_input_effect_mpp,0.4516085982322693
two_concepts,bn2_w16_gap,6072,prob_input_effect_mpp,0.34609296917915344
two_concepts,bn2_w16_gap,6073,prob_input_effect_mpp,0.45700138807296753
two_concepts,bn2_w16_gap,6074,prob_input_effect_mpp,0.2776355445384979
two_concepts,bn2_w16_gap,6075,prob_input_effect_mpp,0.5143108814954758
two_concepts,bn2_w16_gap,6076,prob_input_effect_mpp,0.5541619807481766
two_concepts,bn2_w16_gap,6077,prob_input_effect_mpp,0.5868203639984131
two_concepts,bn2_w16_gap,6078,prob_input_effect_mpp,0.37305969558656216
two_concepts,bn2_w16_gap,6079,prob_input_effect_mpp,0.4074345529079437
two_concepts,bn2_w16_gap,6080,prob_input_effect_mpp,0.8374494910240173
two_concepts,bn2_w16_gap,6081,prob_input_effect_mpp,0.37078914046287537
two_concepts,bn2_w16_gap,6082,prob_input_effect_mpp,0.4818737804889679
two_concepts,bn2_w16_gap,6083,prob_input_effect_mpp,0.42457038164138794
two_concepts,bn2_w16_gap,6084,prob_input_effect_mpp,0.08981528878211975
two_concepts,bn2_w16_gap,6085,prob_input_effect_mpp,0.6254631606861949
two_concepts,bn2_w16_gap,6086,prob_input_effect_mpp,0.5015438944101334
two_concepts,bn2_w16_gap,6087,prob_input_effect_mpp,0.6130886226892471
two_concepts,bn2_w16_gap,6088,prob_input_effect_mpp,0.4154626131057739
two_concepts,bn2_w16_gap,6089,prob_input_effect_mpp,0.4624965786933899
two_concepts,bn2_w16_gap,6090,prob_input_effect_mpp,0.38081467151641846
two_concepts,bn2_w16_gap,6091,prob_input_effect_mpp,0.41926783323287964
two_concepts,bn2_w16_gap,6092,prob_input_effect_mpp,0.3478216826915741
two_concepts,bn2_w16_gap,6093,prob_input_effect_mpp,0.5068050771951675
two_concepts,bn2_w16_gap,6094,prob_input_effect_mpp,0.41211971640586853
two_concepts,bn2_w16_gap,6095,prob_input_effect_mpp,0.5543196201324463
two_concepts,bn2_w16_gap,6096,prob_input_effect_mpp,0.7362622916698456
two_concepts,bn2_w16_gap,6097,prob_input_effect_mpp,0.8155566155910492
two_concepts,bn2_w16_gap,6098,prob_input_effect_mpp,0.6820206344127655
two_concepts,bn2_w16_gap,6099,prob_input_effect_mpp,0.6125404238700867
two_concepts,bn2_w16_gmp,6000,prob_input_effect_mpp,0.1440824270248413
two_concepts,bn2_w16_gmp,6001,prob_input_effect_mpp,0.026895463466644287
two_concepts,bn2_w16_gmp,6002,prob_input_effect_mpp,0.014061033725738525
two_concepts,bn2_w16_gmp,6003,prob_input_effect_mpp,0.0651179850101471
two_concepts,bn2_w16_gmp,6004,prob_input_effect_mpp,0.025065839290618896
two_concepts,bn2_w16_gmp,6005,prob_input_effect_mpp,0.1968916952610016
two_concepts,bn2_w16_gmp,6006,prob_input_effect_mpp,0.5169430319219828
two_concepts,bn2_w16_gmp,6007,prob_input_effect_mpp,0.05170083045959473
two_concepts,bn2_w16_gmp,6008,prob_input_effect_mpp,0.0747399628162384
two_concepts,bn2_w16_gmp,6009,prob_input_effect_mpp,0.05350753664970398
two_concepts,bn2_w16_gmp,6010,prob_input_effect_mpp,0.11698207259178162
two_concepts,bn2_w16_gmp,6011,prob_input_effect_mpp,0.06474000215530396
two_concepts,bn2_w16_gmp,6012,prob_input_effect_mpp,0.05483663082122803
two_concepts,bn2_w16_gmp,6013,prob_input_effect_mpp,0.020366042852401733
two_concepts,bn2_w16_gmp,6014,prob_input_effect_mpp,0.020496606826782227
two_concepts,bn2_w16_gmp,6015,prob_input_effect_mpp,0.048792630434036255
two_concepts,bn2_w16_gmp,6016,prob_input_effect_mpp,0.17448952794075012
two_concepts,bn2_w16_gmp,6017,prob_input_effect_mpp,0.03253564238548279
two_concepts,bn2_w16_gmp,6018,prob_input_effect_mpp,0.03562536835670471
two_concepts,bn2_w16_gmp,6019,prob_input_effect_mpp,0.04625344276428223
two_concepts,bn2_w16_gmp,6020,prob_input_effect_mpp,0.37116876244544983
two_concepts,bn2_w16_gmp,6021,prob_input_effect_mpp,0.04319301247596741
two_concepts,bn2_w16_gmp,6022,prob_input_effect_mpp,0.06440210342407227
two_concepts,bn2_w16_gmp,6023,prob_input_effect_mpp,0.036106258630752563
two_concepts,bn2_w16_gmp,6024,prob_input_effect_mpp,0.02321690320968628
two_concepts,bn2_w16_gmp,6025,prob_input_effect_mpp,0.01893758773803711
two_concepts,bn2_w16_gmp,6026,prob_input_effect_mpp,0.030915886163711548
two_concepts,bn2_w16_gmp,6027,prob_input_effect_mpp,0.03614246845245361
two_concepts,bn2_w16_gmp,6028,prob_input_effect_mpp,0.02970784902572632
two_concepts,bn2_w16_gmp,6029,prob_input_effect_mpp,0.03535759449005127
two_concepts,bn2_w16_gmp,6030,prob_input_effect_mpp,0.07235699892044067
two_concepts,bn2_w16_gmp,6031,prob_input_effect_mpp,0.057367295026779175
two_concepts,bn2_w16_gmp,6032,prob_input_effect_mpp,0.028383344411849976
two_concepts,bn2_w16_gmp,6033,prob_input_effect_mpp,0.08679091930389404
two_concepts,bn2_w16_gmp,6034,prob_input_effect_mpp,0.10202908515930176
two_concepts,bn2_w16_gmp,6035,prob_input_effect_mpp,0.049025118350982666
two_concepts,bn2_w16_gmp,6036,prob_input_effect_mpp,0.057627469301223755
two_concepts,bn2_w16_gmp,6037,prob_input_effect_mpp,0.039899349212646484
two_concepts,bn2_w16_gmp,6038,prob_input_effect_mpp,0.04146715998649597
two_concepts,bn2_w16_gmp,6039,prob_input_effect_mpp,0.05832105875015259
two_concepts,bn2_w16_gmp,6040,prob_input_effect_mpp,0.33898986876010895
two_concepts,bn2_w16_gmp,6041,prob_input_effect_mpp,0.43715983629226685
two_concepts,bn2_w16_gmp,6042,prob_input_effect_mpp,0.03781476616859436
two_concepts,bn2_w16_gmp,6043,prob_input_effect_mpp,0.04594683647155762
two_concepts,bn2_w16_gmp,6044,prob_input_effect_mpp,0.0208665132522583
two_concepts,bn2_w16_gmp,6045,prob_input_effect_mpp,0.03853321075439453
two_concepts,bn2_w16_gmp,6046,prob_input_effect_mpp,0.08462896943092346
two_concepts,bn2_w16_gmp,6047,prob_input_effect_mpp,0.035000741481781006
two_concepts,bn2_w16_gmp,6048,prob_input_effect_mpp,0.028652310371398926
two_concepts,bn2_w16_gmp,6049,prob_input_effect_mpp,0.01845279335975647
two_concepts,bn2_w16_gmp,6050,prob_input_effect_mpp,0.04468381404876709
two_concepts,bn2_w16_gmp,6051,prob_input_effect_mpp,0.10707324743270874
two_concepts,bn2_w16_gmp,6052,prob_input_effect_mpp,0.03618493676185608
two_concepts,bn2_w16_gmp,6053,prob_input_effect_mpp,0.03612455725669861
two_concepts,bn2_w16_gmp,6054,prob_input_effect_mpp,0.03224506974220276
two_concepts,bn2_w16_gmp,6055,prob_input_effect_mpp,0.02883008122444153
two_concepts,bn2_w16_gmp,6056,prob_input_effect_mpp,0.05498087406158447
two_concepts,bn2_w16_gmp,6057,prob_input_effect_mpp,0.03506946563720703
two_concepts,bn2_w16_gmp,6058,prob_input_effect_mpp,0.03895926475524902
two_concepts,bn2_w16_gmp,6059,prob_input_effect_mpp,0.04576730728149414
two_concepts,bn2_w16_gmp,6060,prob_input_effect_mpp,0.05135050415992737
two_concepts,bn2_w16_gmp,6061,prob_input_effect_mpp,0.09681546688079834
two_concepts,bn2_w16_gmp,6062,prob_input_effect_mpp,0.06014227867126465
two_concepts,bn2_w16_gmp,6063,prob_input_effect_mpp,0.13758453726768494
two_concepts,bn2_w16_gmp,6064,prob_input_effect_mpp,0.22077924013137817
two_concepts,bn2_w16_gmp,6065,prob_input_effect_mpp,0.29702886939048767
two_concepts,bn2_w16_gmp,6066,prob_input_effect_mpp,0.07948291301727295
two_concepts,bn2_w16_gmp,6067,prob_input_effect_mpp,0.12902262806892395
two_concepts,bn2_w16_gmp,6068,prob_input_effect_mpp,0.054393112659454346
two_concepts,bn2_w16_gmp,6069,prob_input_effect_mpp,0.06455209851264954
two_concepts,bn2_w16_gmp,6070,prob_input_effect_mpp,0.029309630393981934
two_concepts,bn2_w16_gmp,6071,prob_input_effect_mpp,0.026251792907714844
two_concepts,bn2_w16_gmp,6072,prob_input_effect_mpp,0.06046745181083679
two_concepts,bn2_w16_gmp,6073,prob_input_effect_mpp,0.13512548804283142
two_concepts,bn2_w16_gmp,6074,prob_input_effect_mpp,0.08400976657867432
two_concepts,bn2_w16_gmp,6075,prob_input_effect_mpp,0.025717735290527344
two_concepts,bn2_w16_gmp,6076,prob_input_effect_mpp,0.036174505949020386
two_concepts,bn2_w16_gmp,6077,prob_input_effect_mpp,0.13791105151176453
two_concepts,bn2_w16_gmp,6078,prob_input_effect_mpp,0.05223926901817322
two_concepts,bn2_w16_gmp,6079,prob_input_effect_mpp,0.03469035029411316
two_concepts,bn2_w16_gmp,6080,prob_input_effect_mpp,0.22277754545211792
two_concepts,bn2_w16_gmp,6081,prob_input_effect_mpp,0.05154648423194885
two_concepts,bn2_w16_gmp,6082,prob_input_effect_mpp,0.030226081609725952
two_concepts,bn2_w16_gmp,6083,prob_input_effect_mpp,0.1989843249320984
two_concepts,bn2_w16_gmp,6084,prob_input_effect_mpp,0.4219571426510811
two_concepts,bn2_w16_gmp,6085,prob_input_effect_mpp,0.04342961311340332
two_concepts,bn2_w16_gmp,6086,prob_input_effect_mpp,0.017264217138290405
two_concepts,bn2_w16_gmp,6087,prob_input_effect_mpp,0.15164977312088013
two_concepts,bn2_w16_gmp,6088,prob_input_effect_mpp,0.0256081223487854
two_concepts,bn2_w16_gmp,6089,prob_input_effect_mpp,0.05511698126792908
two_concepts,bn2_w16_gmp,6090,prob_input_effect_mpp,0.014552891254425049
two_concepts,bn2_w16_gmp,6091,prob_input_effect_mpp,0.061736494302749634
two_concepts,bn2_w16_gmp,6092,prob_input_effect_mpp,0.3267567455768585
two_concepts,bn2_w16_gmp,6093,prob_input_effect_mpp,0.03332546353340149
two_concepts,bn2_w16_gmp,6094,prob_input_effect_mpp,0.056090712547302246
two_concepts,bn2_w16_gmp,6095,prob_input_effect_mpp,0.036988914012908936
two_concepts,bn2_w16_gmp,6096,prob_input_effect_mpp,0.07607117295265198
two_concepts,bn2_w16_gmp,6097,prob_input_effect_mpp,0.027945637702941895
two_concepts,bn2_w16_gmp,6098,prob_input_effect_mpp,0.03478395938873291
two_concepts,bn2_w16_gmp,6099,prob_input_effect_mpp,0.04442024230957031
two_concepts,bn4_w16_gap,6000,prob_input_effect_mpp,0.010622382164001465
two_concepts,bn4_w16_gap,6001,prob_input_effect_mpp,0.006408393383026123
two_concepts,bn4_w16_gap,6002,prob_input_effect_mpp,0.2574303299188614
two_concepts,bn4_w16_gap,6003,prob_input_effect_mpp,0.010298013687133789
two_concepts,bn4_w16_gap,6004,prob_input_effect_mpp,0.007189691066741943
two_concepts,bn4_w16_gap,6005,prob_input_effect_mpp,0.02523157000541687
two_concepts,bn4_w16_gap,6006,prob_input_effect_mpp,0.00793805718421936
two_concepts,bn4_w16_gap,6007,prob_input_effect_mpp,0.008973926305770874
two_concepts,bn4_w16_gap,6008,prob_input_effect_mpp,0.18647029995918274
two_concepts,bn4_w16_gap,6009,prob_input_effect_mpp,0.022145390510559082
two_concepts,bn4_w16_gap,6010,prob_input_effect_mpp,0.01616537570953369
two_concepts,bn4_w16_gap,6011,prob_input_effect_mpp,0.02923920750617981
two_concepts,bn4_w16_gap,6012,prob_input_effect_mpp,0.15713447332382202
two_concepts,bn4_w16_gap,6013,prob_input_effect_mpp,0.005148977041244507
two_concepts,bn4_w16_gap,6014,prob_input_effect_mpp,0.002652674913406372
two_concepts,bn4_w16_gap,6015,prob_input_effect_mpp,0.08338797092437744
two_concepts,bn4_w16_gap,6016,prob_input_effect_mpp,-0.004987090826034546
two_concepts,bn4_w16_gap,6017,prob_input_effect_mpp,0.018610328435897827
two_concepts,bn4_w16_gap,6018,prob_input_effect_mpp,0.029801219701766968
two_concepts,bn4_w16_gap,6019,prob_input_effect_mpp,0.009269475936889648
two_concepts,bn4_w16_gap,6020,prob_input_effect_mpp,0.010600179433822632
two_concepts,bn4_w16_gap,6021,prob_input_effect_mpp,0.03123059868812561
two_concepts,bn4_w16_gap,6022,prob_input_effect_mpp,0.03121080994606018
two_concepts,bn4_w16_gap,6023,prob_input_effect_mpp,0.019423216581344604
two_concepts,bn4_w16_gap,6024,prob_input_effect_mpp,0.028025656938552856
two_concepts,bn4_w16_gap,6025,prob_input_effect_mpp,0.006781071424484253
two_concepts,bn4_w16_gap,6026,prob_input_effect_mpp,0.024960607290267944
two_concepts,bn4_w16_gap,6027,prob_input_effect_mpp,0.012560009956359863
two_concepts,bn4_w16_gap,6028,prob_input_effect_mpp,0.06793442368507385
two_concepts,bn4_w16_gap,6029,prob_input_effect_mpp,0.01848578453063965
two_concepts,bn4_w16_gap,6030,prob_input_effect_mpp,0.016087740659713745
two_concepts,bn4_w16_gap,6031,prob_input_effect_mpp,0.04251950979232788
two_concepts,bn4_w16_gap,6032,prob_input_effect_mpp,0.010400086641311646
two_concepts,bn4_w16_gap,6033,prob_input_effect_mpp,0.01366397738456726
two_concepts,bn4_w16_gap,6034,prob_input_effect_mpp,0.007817089557647705
two_concepts,bn4_w16_gap,6035,prob_input_effect_mpp,0.017074525356292725
two_concepts,bn4_w16_gap,6036,prob_input_effect_mpp,0.01598319411277771
two_concepts,bn4_w16_gap,6037,prob_input_effect_mpp,0.014297902584075928
two_concepts,bn4_w16_gap,6038,prob_input_effect_mpp,0.010543107986450195
two_concepts,bn4_w16_gap,6039,prob_input_effect_mpp,0.022465437650680542
two_concepts,bn4_w16_gap,6040,prob_input_effect_mpp,0.01982775330543518
two_concepts,bn4_w16_gap,6041,prob_input_effect_mpp,0.03287762403488159
two_concepts,bn4_w16_gap,6042,prob_input_effect_mpp,0.010036706924438477
two_concepts,bn4_w16_gap,6043,prob_input_effect_mpp,0.011640340089797974
two_concepts,bn4_w16_gap,6044,prob_input_effect_mpp,0.014669448137283325
two_concepts,bn4_w16_gap,6045,prob_input_effect_mpp,0.012435346841812134
two_concepts,bn4_w16_gap,6046,prob_input_effect_mpp,0.01849687099456787
two_concepts,bn4_w16_gap,6047,prob_input_effect_mpp,0.002981245517730713
two_concepts,bn4_w16_gap,6048,prob_input_effect_mpp,0.013981908559799194
two_concepts,bn4_w16_gap,6049,prob_input_effect_mpp,0.010804891586303711
two_concepts,bn4_w16_gap,6050,prob_input_effect_mpp,0.006075739860534668
two_concepts,bn4_w16_gap,6051,prob_input_effect_mpp,0.005140632390975952
two_concepts,bn4_w16_gap,6052,prob_input_effect_mpp,0.028146326541900635
two_concepts,bn4_w16_gap,6053,prob_input_effect_mpp,0.02999451756477356
two_concepts,bn4_w16_gap,6054,prob_input_effect_mpp,0.024382859468460083
two_concepts,bn4_w16_gap,6055,prob_input_effect_mpp,0.005590289831161499
two_concepts,bn4_w16_gap,6056,prob_input_effect_mpp,0.016327887773513794
two_concepts,bn4_w16_gap,6057,prob_input_effect_mpp,0.03473222255706787
two_concepts,bn4_w16_gap,6058,prob_input_effect_mpp,0.02806606888771057
two_concepts,bn4_w16_gap,6059,prob_input_effect_mpp,0.012115627527236938
two_concepts,bn4_w16_gap,6060,prob_input_effect_mpp,0.010647475719451904
two_concepts,bn4_w16_gap,6061,prob_input_effect_mpp,0.009574085474014282
two_concepts,bn4_w16_gap,6062,prob_input_effect_mpp,0.02978438138961792
two_concepts,bn4_w16_gap,6063,prob_input_effect_mpp,0.027222901582717896
two_concepts,bn4_w16_gap,6064,prob_input_effect_mpp,0.006590604782104492
two_concepts,bn4_w16_gap,6065,prob_input_effect_mpp,0.01779419183731079
two_concepts,bn4_w16_gap,6066,prob_input_effect_mpp,0.03608766198158264
two_concepts,bn4_w16_gap,6067,prob_input_effect_mpp,0.006013065576553345
two_concepts,bn4_w16_gap,6068,prob_input_effect_mpp,0.04020372033119202
two_concepts,bn4_w16_gap,6069,prob_input_effect_mpp,0.0013734400272369385
two_concepts,bn4_w16_gap,6070,prob_input_effect_mpp,-0.0018606781959533691
two_concepts,bn4_w16_gap,6071,prob_input_effect_mpp,0.009270668029785156
two_concepts,bn4_w16_gap,6072,prob_input_effect_mpp,0.016008764505386353
two_concepts,bn4_w16_gap,6073,prob_input_effect_mpp,0.019044548273086548
two_concepts,bn4_w16_gap,6074,prob_input_effect_mpp,0.02522382140159607
two_concepts,bn4_w16_gap,6075,prob_input_effect_mpp,0.011476635932922363
two_concepts,bn4_w16_gap,6076,prob_input_effect_mpp,0.019413858652114868
two_concepts,bn4_w16_gap,6077,prob_input_effect_mpp,0.013372033834457397
two_concepts,bn4_w16_gap,6078,prob_input_effect_mpp,0.016750991344451904
two_concepts,bn4_w16_gap,6079,prob_input_effect_mpp,0.017995178699493408
two_concepts,bn4_w16_gap,6080,prob_input_effect_mpp,0.015281260013580322
two_concepts,bn4_w16_gap,6081,prob_input_effect_mpp,0.042757242918014526
two_concepts,bn4_w16_gap,6082,prob_input_effect_mpp,0.08300349116325378
two_concepts,bn4_w16_gap,6083,prob_input_effect_mpp,0.01995590329170227
two_concepts,bn4_w16_gap,6084,prob_input_effect_mpp,0.007238805294036865
two_concepts,bn4_w16_gap,6085,prob_input_effect_mpp,0.01226547360420227
two_concepts,bn4_w16_gap,6086,prob_input_effect_mpp,0.02006635069847107
two_concepts,bn4_w16_gap,6087,prob_input_effect_mpp,0.025044411420822144
two_concepts,bn4_w16_gap,6088,prob_input_effect_mpp,0.01686275005340576
two_concepts,bn4_w16_gap,6089,prob_input_effect_mpp,0.013051629066467285
two_concepts,bn4_w16_gap,6090,prob_input_effect_mpp,0.056880801916122437
two_concepts,bn4_w16_gap,6091,prob_input_effect_mpp,0.007364422082901001
two_concepts,bn4_w16_gap,6092,prob_input_effect_mpp,0.03205430507659912
two_concepts,bn4_w16_gap,6093,prob_input_effect_mpp,0.027996867895126343
two_concepts,bn4_w16_gap,6094,prob_input_effect_mpp,0.005402892827987671
two_concepts,bn4_w16_gap,6095,prob_input_effect_mpp,0.015428423881530762
two_concepts,bn4_w16_gap,6096,prob_input_effect_mpp,0.00820508599281311
two_concepts,bn4_w16_gap,6097,prob_input_effect_mpp,0.08433377742767334
two_concepts,bn4_w16_gap,6098,prob_input_effect_mpp,0.03532573580741882
two_concepts,bn4_w16_gap,6099,prob_input_effect_mpp,0.025034725666046143
two_concepts,bn4_w16_gmp,6000,prob_input_effect_mpp,0.005094200372695923
two_concepts,bn4_w16_gmp,6001,prob_input_effect_mpp,0.0036641955375671387
two_concepts,bn4_w16_gmp,6002,prob_input_effect_mpp,0.0008014142513275146
two_concepts,bn4_w16_gmp,6003,prob_input_effect_mpp,0.005295008420944214
two_concepts,bn4_w16_gmp,6004,prob_input_effect_mpp,0.000845789909362793
two_concepts,bn4_w16_gmp,6005,prob_input_effect_mpp,0.0016582012176513672
two_concepts,bn4_w16_gmp,6006,prob_input_effect_mpp,0.005155652761459351
two_concepts,bn4_w16_gmp,6007,prob_input_effect_mpp,0.0024280846118927
two_concepts,bn4_w16_gmp,6008,prob_input_effect_mpp,0.0029293596744537354
two_concepts,bn4_w16_gmp,6009,prob_input_effect_mpp,0.0021647214889526367
two_concepts,bn4_w16_gmp,6010,prob_input_effect_mpp,0.00010094046592712402
two_concepts,bn4_w16_gmp,6011,prob_input_effect_mpp,0.002383202314376831
two_concepts,bn4_w16_gmp,6012,prob_input_effect_mpp,0.0004801154136657715
two_concepts,bn4_w16_gmp,6013,prob_input_effect_mpp,0.0039505064487457275
two_concepts,bn4_w16_gmp,6014,prob_input_effect_mpp,0.0005061328411102295
two_concepts,bn4_w16_gmp,6015,prob_input_effect_mpp,0.009552687406539917
two_concepts,bn4_w16_gmp,6016,prob_input_effect_mpp,0.0007146894931793213
two_concepts,bn4_w16_gmp,6017,prob_input_effect_mpp,0.0038129091262817383
two_concepts,bn4_w16_gmp,6018,prob_input_effect_mpp,0.0030776262283325195
two_concepts,bn4_w16_gmp,6019,prob_input_effect_mpp,-0.001230090856552124
two_concepts,bn4_w16_gmp,6020,prob_input_effect_mpp,0.0025469064712524414
two_concepts,bn4_w16_gmp,6021,prob_input_effect_mpp,0.006180137395858765
two_concepts,bn4_w16_gmp,6022,prob_input_effect_mpp,0.0014058053493499756
two_concepts,bn4_w16_gmp,6023,prob_input_effect_mpp,0.0028908252716064453
two_concepts,bn4_w16_gmp,6024,prob_input_effect_mpp,0.006845653057098389
two_concepts,bn4_w16_gmp,6025,prob_input_effect_mpp,0.003394573926925659
two_concepts,bn4_w16_gmp,6026,prob_input_effect_mpp,0.0031422078609466553
two_concepts,bn4_w16_gmp,6027,prob_input_effect_mpp,0.0013297498226165771
two_concepts,bn4_w16_gmp,6028,prob_input_effect_mpp,0.0028346478939056396
two_concepts,bn4_w16_gmp,6029,prob_input_effect_mpp,0.001871258020401001
two_concepts,bn4_w16_gmp,6030,prob_input_effect_mpp,0.009006738662719727
two_concepts,bn4_w16_gmp,6031,prob_input_effect_mpp,0.007756263017654419
two_concepts,bn4_w16_gmp,6032,prob_input_effect_mpp,0.0029774904251098633
two_concepts,bn4_w16_gmp,6033,prob_input_effect_mpp,0.0045087337493896484
two_concepts,bn4_w16_gmp,6034,prob_input_effect_mpp,0.0046308934688568115
two_concepts,bn4_w16_gmp,6035,prob_input_effect_mpp,0.002425968647003174
two_concepts,bn4_w16_gmp,6036,prob_input_effect_mpp,0.005669713020324707
two_concepts,bn4_w16_gmp,6037,prob_input_effect_mpp,0.0024702250957489014
two_concepts,bn4_w16_gmp,6038,prob_input_effect_mpp,0.005711913108825684
two_concepts,bn4_w16_gmp,6039,prob_input_effect_mpp,9.918212890625e-05
two_concepts,bn4_w16_gmp,6040,prob_input_effect_mpp,0.0011128485202789307
two_concepts,bn4_w16_gmp,6041,prob_input_effect_mpp,0.0025564730167388916
two_concepts,bn4_w16_gmp,6042,prob_input_effect_mpp,0.0013632774353027344
two_concepts,bn4_w16_gmp,6043,prob_input_effect_mpp,0.0038129091262817383
two_concepts,bn4_w16_gmp,6044,prob_input_effect_mpp,0.0010227560997009277
two_concepts,bn4_w16_gmp,6045,prob_input_effect_mpp,0.004683166742324829
two_concepts,bn4_w16_gmp,6046,prob_input_effect_mpp,0.002058476209640503
two_concepts,bn4_w16_gmp,6047,prob_input_effect_mpp,0.004985630512237549
two_concepts,bn4_w16_gmp,6048,prob_input_effect_mpp,-0.0030741989612579346
two_concepts,bn4_w16_gmp,6049,prob_input_effect_mpp,0.0005983114242553711
two_concepts,bn4_w16_gmp,6050,prob_input_effect_mpp,0.0012521743774414062
two_concepts,bn4_w16_gmp,6051,prob_input_effect_mpp,0.002485215663909912
two_concepts,bn4_w16_gmp,6052,prob_input_effect_mpp,0.0033097565174102783
two_concepts,bn4_w16_gmp,6053,prob_input_effect_mpp,-0.0021247267723083496
two_concepts,bn4_w16_gmp,6054,prob_input_effect_mpp,0.002286761999130249
two_concepts,bn4_w16_gmp,6055,prob_input_effect_mpp,0.0013531148433685303
two_concepts,bn4_w16_gmp,6056,prob_input_effect_mpp,0.006020247936248779
two_concepts,bn4_w16_gmp,6057,prob_input_effect_mpp,-0.0010619759559631348
two_concepts,bn4_w16_gmp,6058,prob_input_effect_mpp,0.0036894679069519043
two_concepts,bn4_w16_gmp,6059,prob_input_effect_mpp,0.003581404685974121
two_concepts,bn4_w16_gmp,6060,prob_input_effect_mpp,0.009225934743881226
two_concepts,bn4_w16_gmp,6061,prob_input_effect_mpp,-0.002137690782546997
two_concepts,bn4_w16_gmp,6062,prob_input_effect_mpp,0.005951434373855591
two_concepts,bn4_w16_gmp,6063,prob_input_effect_mpp,0.004141181707382202
two_concepts,bn4_w16_gmp,6064,prob_input_effect_mpp,0.0023384690284729004
two_concepts,bn4_w16_gmp,6065,prob_input_effect_mpp,0.00660473108291626
two_concepts,bn4_w16_gmp,6066,prob_input_effect_mpp,0.006181299686431885
two_concepts,bn4_w16_gmp,6067,prob_input_effect_mpp,0.00221213698387146
two_concepts,bn4_w16_gmp,6068,prob_input_effect_mpp,-0.002076774835586548
two_concepts,bn4_w16_gmp,6069,prob_input_effect_mpp,0.0012253522872924805
two_concepts,bn4_w16_gmp,6070,prob_input_effect_mpp,0.006164103746414185
two_concepts,bn4_w16_gmp,6071,prob_input_effect_mpp,0.00014829635620117188
two_concepts,bn4_w16_gmp,6072,prob_input_effect_mpp,0.002288609743118286
two_concepts,bn4_w16_gmp,6073,prob_input_effect_mpp,0.0017940402030944824
two_concepts,bn4_w16_gmp,6074,prob_input_effect_mpp,-0.0008405447006225586
two_concepts,bn4_w16_gmp,6075,prob_input_effect_mpp,0.0032459795475006104
two_concepts,bn4_w16_gmp,6076,prob_input_effect_mpp,0.0008259117603302002
two_concepts,bn4_w16_gmp,6077,prob_input_effect_mpp,0.008823484182357788
two_concepts,bn4_w16_gmp,6078,prob_input_effect_mpp,0.0035661160945892334
two_concepts,bn4_w16_gmp,6079,prob_input_effect_mpp,0.0026350021362304688
two_concepts,bn4_w16_gmp,6080,prob_input_effect_mpp,0.0021628737449645996
two_concepts,bn4_w16_gmp,6081,prob_input_effect_mpp,0.006290227174758911
two_concepts,bn4_w16_gmp,6082,prob_input_effect_mpp,0.0030293166637420654
two_concepts,bn4_w16_gmp,6083,prob_input_effect_mpp,0.0052120983600616455
two_concepts,bn4_w16_gmp,6084,prob_input_effect_mpp,0.0012957453727722168
two_concepts,bn4_w16_gmp,6085,prob_input_effect_mpp,-0.0005280375480651855
two_concepts,bn4_w16_gmp,6086,prob_input_effect_mpp,0.002121657133102417
two_concepts,bn4_w16_gmp,6087,prob_input_effect_mpp,0.0073320865631103516
two_concepts,bn4_w16_gmp,6088,prob_input_effect_mpp,-0.0015561878681182861
two_concepts,bn4_w16_gmp,6089,prob_input_effect_mpp,0.0042022764682769775
two_concepts,bn4_w16_gmp,6090,prob_input_effect_mpp,-0.0012184977531433105
two_concepts,bn4_w16_gmp,6091,prob_input_effect_mpp,0.0031086504459381104
two_concepts,bn4_w16_gmp,6092,prob_input_effect_mpp,0.0014535784721374512
two_concepts,bn4_w16_gmp,6093,prob_input_effect_mpp,0.0067327022552490234
two_concepts,bn4_w16_gmp,6094,prob_input_effect_mpp,0.003330707550048828
two_concepts,bn4_w16_gmp,6095,prob_input_effect_mpp,0.004069030284881592
two_concepts,bn4_w16_gmp,6096,prob_input_effect_mpp,0.0013734400272369385
two_concepts,bn4_w16_gmp,6097,prob_input_effect_mpp,0.0015332400798797607
two_concepts,bn4_w16_gmp,6098,prob_input_effect_mpp,0.0029058456420898438
two_concepts,bn4_w16_gmp,6099,prob_input_effect_mpp,0.0036330223083496094
two_concepts,plain2_w16_gap,6000,prob_input_effect_mpp,0.6558812484145164
two_concepts,plain2_w16_gap,6001,prob_input_effect_mpp,0.7682060152292252
two_concepts,plain2_w16_gap,6002,prob_input_effect_mpp,0.7977951020002365
two_concepts,plain2_w16_gap,6003,prob_input_effect_mpp,0.8204759359359741
two_concepts,plain2_w16_gap,6004,prob_input_effect_mpp,0.8186902403831482
two_concepts,plain2_w16_gap,6005,prob_input_effect_mpp,0.7424952685832977
two_concepts,plain2_w16_gap,6006,prob_input_effect_mpp,0.788736566901207
two_concepts,plain2_w16_gap,6007,prob_input_effect_mpp,0.7073308527469635
two_concepts,plain2_w16_gap,6008,prob_input_effect_mpp,0.7666873037815094
two_concepts,plain2_w16_gap,6009,prob_input_effect_mpp,0.7390843629837036
two_concepts,plain2_w16_gap,6010,prob_input_effect_mpp,0.6894014850258827
two_concepts,plain2_w16_gap,6011,prob_input_effect_mpp,0.7318412512540817
two_concepts,plain2_w16_gap,6012,prob_input_effect_mpp,0.7918263673782349
two_concepts,plain2_w16_gap,6013,prob_input_effect_mpp,0.7706010490655899
two_concepts,plain2_w16_gap,6014,prob_input_effect_mpp,0.7112527266144753
two_concepts,plain2_w16_gap,6015,prob_input_effect_mpp,0.7177031561732292
two_concepts,plain2_w16_gap,6016,prob_input_effect_mpp,0.6848656833171844
two_concepts,plain2_w16_gap,6017,prob_input_effect_mpp,0.6929503977298737
two_concepts,plain2_w16_gap,6018,prob_input_effect_mpp,0.7247257307171822
two_concepts,plain2_w16_gap,6019,prob_input_effect_mpp,0.7699001282453537
two_concepts,plain2_w16_gap,6020,prob_input_effect_mpp,0.6907731294631958
two_concepts,plain2_w16_gap,6021,prob_input_effect_mpp,0.6068479120731354
two_concepts,plain2_w16_gap,6022,prob_input_effect_mpp,0.6342153549194336
two_concepts,plain2_w16_gap,6023,prob_input_effect_mpp,0.7670736163854599
two_concepts,plain2_w16_gap,6024,prob_input_effect_mpp,0.6965517103672028
two_concepts,plain2_w16_gap,6025,prob_input_effect_mpp,0.7105861306190491
two_concepts,plain2_w16_gap,6026,prob_input_effect_mpp,0.7652222961187363
two_concepts,plain2_w16_gap,6027,prob_input_effect_mpp,0.8160977736115456
two_concepts,plain2_w16_gap,6028,prob_input_effect_mpp,0.7405104041099548
two_concepts,plain2_w16_gap,6029,prob_input_effect_mpp,0.6432218551635742
two_concepts,plain2_w16_gap,6030,prob_input_effect_mpp,0.7934577167034149
two_concepts,plain2_w16_gap,6031,prob_input_effect_mpp,0.7697998881340027
two_concepts,plain2_w16_gap,6032,prob_input_effect_mpp,0.7428207024931908
two_concepts,plain2_w16_gap,6033,prob_input_effect_mpp,0.7068037539720535
two_concepts,plain2_w16_gap,6034,prob_input_effect_mpp,0.771626204252243
two_concepts,plain2_w16_gap,6035,prob_input_effect_mpp,0.6697789207100868
two_concepts,plain2_w16_gap,6036,prob_input_effect_mpp,0.7082788497209549
two_concepts,plain2_w16_gap,6037,prob_input_effect_mpp,0.855090007185936
two_concepts,plain2_w16_gap,6038,prob_input_effect_mpp,0.7464437037706375
two_concepts,plain2_w16_gap,6039,prob_input_effect_mpp,0.6993754059076309
two_concepts,plain2_w16_gap,6040,prob_input_effect_mpp,0.7056196331977844
two_concepts,plain2_w16_gap,6041,prob_input_effect_mpp,0.7104537338018417
two_concepts,plain2_w16_gap,6042,prob_input_effect_mpp,0.7146950215101242
two_concepts,plain2_w16_gap,6043,prob_input_effect_mpp,0.7773163020610809
two_concepts,plain2_w16_gap,6044,prob_input_effect_mpp,0.7591093927621841
two_concepts,plain2_w16_gap,6045,prob_input_effect_mpp,0.7490179613232613
two_concepts,plain2_w16_gap,6046,prob_input_effect_mpp,0.7378908693790436
two_concepts,plain2_w16_gap,6047,prob_input_effect_mpp,0.7044554352760315
two_concepts,plain2_w16_gap,6048,prob_input_effect_mpp,0.7922459989786148
two_concepts,plain2_w16_gap,6049,prob_input_effect_mpp,0.8376702219247818
two_concepts,plain2_w16_gap,6050,prob_input_effect_mpp,0.8489632904529572
two_concepts,plain2_w16_gap,6051,prob_input_effect_mpp,0.8110024929046631
two_concepts,plain2_w16_gap,6052,prob_input_effect_mpp,0.8002067357301712
two_concepts,plain2_w16_gap,6053,prob_input_effect_mpp,0.6309449821710587
two_concepts,plain2_w16_gap,6054,prob_input_effect_mpp,0.8196583688259125
two_concepts,plain2_w16_gap,6055,prob_input_effect_mpp,0.7636474221944809
two_concepts,plain2_w16_gap,6056,prob_input_effect_mpp,0.7431364953517914
two_concepts,plain2_w16_gap,6057,prob_input_effect_mpp,0.8133424073457718
two_concepts,plain2_w16_gap,6058,prob_input_effect_mpp,0.7464375644922256
two_concepts,plain2_w16_gap,6059,prob_input_effect_mpp,0.6501349210739136
two_concepts,plain2_w16_gap,6060,prob_input_effect_mpp,0.8686651140451431
two_concepts,plain2_w16_gap,6061,prob_input_effect_mpp,0.7198693752288818
two_concepts,plain2_w16_gap,6062,prob_input_effect_mpp,0.6553258299827576
two_concepts,plain2_w16_gap,6063,prob_input_effect_mpp,0.7684038579463959
two_concepts,plain2_w16_gap,6064,prob_input_effect_mpp,0.6652444675564766
two_concepts,plain2_w16_gap,6065,prob_input_effect_mpp,0.6930878981947899
two_concepts,plain2_w16_gap,6066,prob_input_effect_mpp,0.7338826209306717
two_concepts,plain2_w16_gap,6067,prob_input_effect_mpp,0.6982231885194778
two_concepts,plain2_w16_gap,6068,prob_input_effect_mpp,0.8063163608312607
two_concepts,plain2_w16_gap,6069,prob_input_effect_mpp,0.7948100343346596
two_concepts,plain2_w16_gap,6070,prob_input_effect_mpp,0.783069521188736
two_concepts,plain2_w16_gap,6071,prob_input_effect_mpp,0.6988575011491776
two_concepts,plain2_w16_gap,6072,prob_input_effect_mpp,0.7580178678035736
two_concepts,plain2_w16_gap,6073,prob_input_effect_mpp,0.6943046897649765
two_concepts,plain2_w16_gap,6074,prob_input_effect_mpp,0.705248162150383
two_concepts,plain2_w16_gap,6075,prob_input_effect_mpp,0.7534029185771942
two_concepts,plain2_w16_gap,6076,prob_input_effect_mpp,0.7817123085260391
two_concepts,plain2_w16_gap,6077,prob_input_effect_mpp,0.7211587429046631
two_concepts,plain2_w16_gap,6078,prob_input_effect_mpp,0.712539404630661
two_concepts,plain2_w16_gap,6079,prob_input_effect_mpp,0.7812461256980896
two_concepts,plain2_w16_gap,6080,prob_input_effect_mpp,0.6449760496616364
two_concepts,plain2_w16_gap,6081,prob_input_effect_mpp,0.6721287369728088
two_concepts,plain2_w16_gap,6082,prob_input_effect_mpp,0.7309677600860596
two_concepts,plain2_w16_gap,6083,prob_input_effect_mpp,0.6449344679713249
two_concepts,plain2_w16_gap,6084,prob_input_effect_mpp,0.7057819217443466
two_concepts,plain2_w16_gap,6085,prob_input_effect_mpp,0.7212745547294617
two_concepts,plain2_w16_gap,6086,prob_input_effect_mpp,0.8934800028800964
two_concepts,plain2_w16_gap,6087,prob_input_effect_mpp,0.7202687859535217
two_concepts,plain2_w16_gap,6088,prob_input_effect_mpp,0.7448212951421738
two_concepts,plain2_w16_gap,6089,prob_input_effect_mpp,0.7687396556138992
two_concepts,plain2_w16_gap,6090,prob_input_effect_mpp,0.8056264519691467
two_concepts,plain2_w16_gap,6091,prob_input_effect_mpp,0.7927257120609283
two_concepts,plain2_w16_gap,6092,prob_input_effect_mpp,0.7493607103824615
two_concepts,plain2_w16_gap,6093,prob_input_effect_mpp,0.7807135730981827
two_concepts,plain2_w16_gap,6094,prob_input_effect_mpp,0.7811092138290405
two_concepts,plain2_w16_gap,6095,prob_input_effect_mpp,0.7533977776765823
two_concepts,plain2_w16_gap,6096,prob_input_effect_mpp,0.778637245297432
two_concepts,plain2_w16_gap,6097,prob_input_effect_mpp,0.6631956249475479
two_concepts,plain2_w16_gap,6098,prob_input_effect_mpp,0.7344266921281815
two_concepts,plain2_w16_gap,6099,prob_input_effect_mpp,0.7795133963227272
two_concepts,plain2_w16_gmp,6000,prob_input_effect_mpp,0.05952709913253784
two_concepts,plain2_w16_gmp,6001,prob_input_effect_mpp,0.040661901235580444
two_concepts,plain2_w16_gmp,6002,prob_input_effect_mpp,0.055632442235946655
two_concepts,plain2_w16_gmp,6003,prob_input_effect_mpp,0.04710540175437927
two_concepts,plain2_w16_gmp,6004,prob_input_effect_mpp,0.04444688558578491
two_concepts,plain2_w16_gmp,6005,prob_input_effect_mpp,0.04357793927192688
two_concepts,plain2_w16_gmp,6006,prob_input_effect_mpp,0.07470878958702087
two_concepts,plain2_w16_gmp,6007,prob_input_effect_mpp,0.07116621732711792
two_concepts,plain2_w16_gmp,6008,prob_input_effect_mpp,0.06009572744369507
two_concepts,plain2_w16_gmp,6009,prob_input_effect_mpp,0.05578351020812988
two_concepts,plain2_w16_gmp,6010,prob_input_effect_mpp,0.047343701124191284
two_concepts,plain2_w16_gmp,6011,prob_input_effect_mpp,0.051290303468704224
two_concepts,plain2_w16_gmp,6012,prob_input_effect_mpp,0.05447947978973389
two_concepts,plain2_w16_gmp,6013,prob_input_effect_mpp,0.06598499417304993
two_concepts,plain2_w16_gmp,6014,prob_input_effect_mpp,0.058323025703430176
two_concepts,plain2_w16_gmp,6015,prob_input_effect_mpp,0.0653347373008728
two_concepts,plain2_w16_gmp,6016,prob_input_effect_mpp,0.052526623010635376
two_concepts,plain2_w16_gmp,6017,prob_input_effect_mpp,0.05819588899612427
two_concepts,plain2_w16_gmp,6018,prob_input_effect_mpp,0.05205318331718445
two_concepts,plain2_w16_gmp,6019,prob_input_effect_mpp,0.04920119047164917
two_concepts,plain2_w16_gmp,6020,prob_input_effect_mpp,0.0793125331401825
two_concepts,plain2_w16_gmp,6021,prob_input_effect_mpp,0.07109564542770386
two_concepts,plain2_w16_gmp,6022,prob_input_effect_mpp,0.08131071925163269
two_concepts,plain2_w16_gmp,6023,prob_input_effect_mpp,0.07488462328910828
two_concepts,plain2_w16_gmp,6024,prob_input_effect_mpp,0.0625830590724945
two_concepts,plain2_w16_gmp,6025,prob_input_effect_mpp,0.04828381538391113
two_concepts,plain2_w16_gmp,6026,prob_input_effect_mpp,0.05429533123970032
two_concepts,plain2_w16_gmp,6027,prob_input_effect_mpp,0.07371866703033447
two_concepts,plain2_w16_gmp,6028,prob_input_effect_mpp,0.03352123498916626
two_concepts,plain2_w16_gmp,6029,prob_input_effect_mpp,0.054441750049591064
two_concepts,plain2_w16_gmp,6030,prob_input_effect_mpp,0.08087685704231262
two_concepts,plain2_w16_gmp,6031,prob_input_effect_mpp,0.07948422431945801
two_concepts,plain2_w16_gmp,6032,prob_input_effect_mpp,0.06456539034843445
two_concepts,plain2_w16_gmp,6033,prob_input_effect_mpp,0.07003161311149597
two_concepts,plain2_w16_gmp,6034,prob_input_effect_mpp,0.06322211027145386
two_concepts,plain2_w16_gmp,6035,prob_input_effect_mpp,0.08814692497253418
two_concepts,plain2_w16_gmp,6036,prob_input_effect_mpp,0.07882195711135864
two_concepts,plain2_w16_gmp,6037,prob_input_effect_mpp,0.03757971525192261
two_concepts,plain2_w16_gmp,6038,prob_input_effect_mpp,0.0556207001209259
two_concepts,plain2_w16_gmp,6039,prob_input_effect_mpp,0.0718306303024292
two_concepts,plain2_w16_gmp,6040,prob_input_effect_mpp,0.05325397849082947
two_concepts,plain2_w16_gmp,6041,prob_input_effect_mpp,0.05630156397819519
two_concepts,plain2_w16_gmp,6042,prob_input_effect_mpp,0.07206332683563232
two_concepts,plain2_w16_gmp,6043,prob_input_effect_mpp,0.04930824041366577
two_concepts,plain2_w16_gmp,6044,prob_input_effect_mpp,0.05204707384109497
two_concepts,plain2_w16_gmp,6045,prob_input_effect_mpp,0.06387624144554138
two_concepts,plain2_w16_gmp,6046,prob_input_effect_mpp,0.060959070920944214
two_concepts,plain2_w16_gmp,6047,prob_input_effect_mpp,0.06545987725257874
two_concepts,plain2_w16_gmp,6048,prob_input_effect_mpp,0.06205642223358154
two_concepts,plain2_w16_gmp,6049,prob_input_effect_mpp,0.039882004261016846
two_concepts,plain2_w16_gmp,6050,prob_input_effect_mpp,0.053954899311065674
two_concepts,plain2_w16_gmp,6051,prob_input_effect_mpp,0.04816564917564392
two_concepts,plain2_w16_gmp,6052,prob_input_effect_mpp,0.06110447645187378
two_concepts,plain2_w16_gmp,6053,prob_input_effect_mpp,0.07417303323745728
two_concepts,plain2_w16_gmp,6054,prob_input_effect_mpp,0.048127681016922
two_concepts,plain2_w16_gmp,6055,prob_input_effect_mpp,0.04906633496284485
two_concepts,plain2_w16_gmp,6056,prob_input_effect_mpp,0.06977707147598267
two_concepts,plain2_w16_gmp,6057,prob_input_effect_mpp,0.05215933918952942
two_concepts,plain2_w16_gmp,6058,prob_input_effect_mpp,0.0798390805721283
two_concepts,plain2_w16_gmp,6059,prob_input_effect_mpp,0.04806038737297058
two_concepts,plain2_w16_gmp,6060,prob_input_effect_mpp,0.045185238122940063
two_concepts,plain2_w16_gmp,6061,prob_input_effect_mpp,0.08398839831352234
two_concepts,plain2_w16_gmp,6062,prob_input_effect_mpp,0.07330906391143799
two_concepts,plain2_w16_gmp,6063,prob_input_effect_mpp,0.06005778908729553
two_concepts,plain2_w16_gmp,6064,prob_input_effect_mpp,0.05360403656959534
two_concepts,plain2_w16_gmp,6065,prob_input_effect_mpp,0.07150205969810486
two_concepts,plain2_w16_gmp,6066,prob_input_effect_mpp,0.05584600567817688
two_concepts,plain2_w16_gmp,6067,prob_input_effect_mpp,0.06228750944137573
two_concepts,plain2_w16_gmp,6068,prob_input_effect_mpp,0.0707564651966095
two_concepts,plain2_w16_gmp,6069,prob_input_effect_mpp,0.04953470826148987
two_concepts,plain2_w16_gmp,6070,prob_input_effect_mpp,0.07517632842063904
two_concepts,plain2_w16_gmp,6071,prob_input_effect_mpp,0.060193270444869995
two_concepts,plain2_w16_gmp,6072,prob_input_effect_mpp,0.07298040390014648
two_concepts,plain2_w16_gmp,6073,prob_input_effect_mpp,0.0790683925151825
two_concepts,plain2_w16_gmp,6074,prob_input_effect_mpp,0.0492977499961853
two_concepts,plain2_w16_gmp,6075,prob_input_effect_mpp,0.04476875066757202
two_concepts,plain2_w16_gmp,6076,prob_input_effect_mpp,0.07019731402397156
two_concepts,plain2_w16_gmp,6077,prob_input_effect_mpp,0.07167711853981018
two_concepts,plain2_w16_gmp,6078,prob_input_effect_mpp,0.05266439914703369
two_concepts,plain2_w16_gmp,6079,prob_input_effect_mpp,0.06023874878883362
two_concepts,plain2_w16_gmp,6080,prob_input_effect_mpp,0.06838694214820862
two_concepts,plain2_w16_gmp,6081,prob_input_effect_mpp,0.06107813119888306
two_concepts,plain2_w16_gmp,6082,prob_input_effect_mpp,0.04880315065383911
two_concepts,plain2_w16_gmp,6083,prob_input_effect_mpp,0.06609407067298889
two_concepts,plain2_w16_gmp,6084,prob_input_effect_mpp,0.05258437991142273
two_concepts,plain2_w16_gmp,6085,prob_input_effect_mpp,0.06398633122444153
two_concepts,plain2_w16_gmp,6086,prob_input_effect_mpp,0.05644121766090393
two_concepts,plain2_w16_gmp,6087,prob_input_effect_mpp,0.10420507192611694
two_concepts,plain2_w16_gmp,6088,prob_input_effect_mpp,0.061525195837020874
two_concepts,plain2_w16_gmp,6089,prob_input_effect_mpp,0.06009146571159363
two_concepts,plain2_w16_gmp,6090,prob_input_effect_mpp,0.05254122614860535
two_concepts,plain2_w16_gmp,6091,prob_input_effect_mpp,0.0740441083908081
two_concepts,plain2_w16_gmp,6092,prob_input_effect_mpp,0.05570727586746216
two_concepts,plain2_w16_gmp,6093,prob_input_effect_mpp,0.068695068359375
two_concepts,plain2_w16_gmp,6094,prob_input_effect_mpp,0.0569990873336792
two_concepts,plain2_w16_gmp,6095,prob_input_effect_mpp,0.06970971822738647
two_concepts,plain2_w16_gmp,6096,prob_input_effect_mpp,0.05329090356826782
two_concepts,plain2_w16_gmp,6097,prob_input_effect_mpp,0.05310523509979248
two_concepts,plain2_w16_gmp,6098,prob_input_effect_mpp,0.06256648898124695
two_concepts,plain2_w16_gmp,6099,prob_input_effect_mpp,0.06478321552276611
two_concepts,plain2_w64_gap,6000,prob_input_effect_mpp,0.5949759632349014
two_concepts,plain2_w64_gap,6001,prob_input_effect_mpp,0.5775995254516602
two_concepts,plain2_w64_gap,6002,prob_input_effect_mpp,0.6041224598884583
two_concepts,plain2_w64_gap,6003,prob_input_effect_mpp,0.5724337995052338
two_concepts,plain2_w64_gap,6004,prob_input_effect_mpp,0.5871968120336533
two_concepts,plain2_w64_gap,6005,prob_input_effect_mpp,0.5839897096157074
two_concepts,plain2_w64_gap,6006,prob_input_effect_mpp,0.6048145443201065
two_concepts,plain2_w64_gap,6007,prob_input_effect_mpp,0.508224368095398
two_concepts,plain2_w64_gap,6008,prob_input_effect_mpp,0.629040852189064
two_concepts,plain2_w64_gap,6009,prob_input_effect_mpp,0.5137360095977783
two_concepts,plain2_w64_gap,6010,prob_input_effect_mpp,0.5975398570299149
two_concepts,plain2_w64_gap,6011,prob_input_effect_mpp,0.5716450065374374
two_concepts,plain2_w64_gap,6012,prob_input_effect_mpp,0.6366976052522659
two_concepts,plain2_w64_gap,6013,prob_input_effect_mpp,0.6439781934022903
two_concepts,plain2_w64_gap,6014,prob_input_effect_mpp,0.6491192132234573
two_concepts,plain2_w64_gap,6015,prob_input_effect_mpp,0.6073049306869507
two_concepts,plain2_w64_gap,6016,prob_input_effect_mpp,0.6498364508152008
two_concepts,plain2_w64_gap,6017,prob_input_effect_mpp,0.6688313782215118
two_concepts,plain2_w64_gap,6018,prob_input_effect_mpp,0.5312792956829071
two_concepts,plain2_w64_gap,6019,prob_input_effect_mpp,0.5828459560871124
two_concepts,plain2_w64_gap,6020,prob_input_effect_mpp,0.5169196575880051
two_concepts,plain2_w64_gap,6021,prob_input_effect_mpp,0.5708324760198593
two_concepts,plain2_w64_gap,6022,prob_input_effect_mpp,0.5230665653944016
two_concepts,plain2_w64_gap,6023,prob_input_effect_mpp,0.5883559584617615
two_concepts,plain2_w64_gap,6024,prob_input_effect_mpp,0.580192044377327
two_concepts,plain2_w64_gap,6025,prob_input_effect_mpp,0.5366998016834259
two_concepts,plain2_w64_gap,6026,prob_input_effect_mpp,0.49650488793849945
two_concepts,plain2_w64_gap,6027,prob_input_effect_mpp,0.5590929985046387
two_concepts,plain2_w64_gap,6028,prob_input_effect_mpp,0.6095184981822968
two_concepts,plain2_w64_gap,6029,prob_input_effect_mpp,0.5624768435955048
two_concepts,plain2_w64_gap,6030,prob_input_effect_mpp,0.5514224022626877
two_concepts,plain2_w64_gap,6031,prob_input_effect_mpp,0.5674718022346497
two_concepts,plain2_w64_gap,6032,prob_input_effect_mpp,0.5881787985563278
two_concepts,plain2_w64_gap,6033,prob_input_effect_mpp,0.5316601991653442
two_concepts,plain2_w64_gap,6034,prob_input_effect_mpp,0.6250250190496445
two_concepts,plain2_w64_gap,6035,prob_input_effect_mpp,0.6197875440120697
two_concepts,plain2_w64_gap,6036,prob_input_effect_mpp,0.5944345444440842
two_concepts,plain2_w64_gap,6037,prob_input_effect_mpp,0.6760243624448776
two_concepts,plain2_w64_gap,6038,prob_input_effect_mpp,0.5630602985620499
two_concepts,plain2_w64_gap,6039,prob_input_effect_mpp,0.5494420528411865
two_concepts,plain2_w64_gap,6040,prob_input_effect_mpp,0.5739762485027313
two_concepts,plain2_w64_gap,6041,prob_input_effect_mpp,0.5944867134094238
two_concepts,plain2_w64_gap,6042,prob_input_effect_mpp,0.5498748570680618
two_concepts,plain2_w64_gap,6043,prob_input_effect_mpp,0.5407443642616272
two_concepts,plain2_w64_gap,6044,prob_input_effect_mpp,0.6076136827468872
two_concepts,plain2_w64_gap,6045,prob_input_effect_mpp,0.5486150979995728
two_concepts,plain2_w64_gap,6046,prob_input_effect_mpp,0.6104847490787506
two_concepts,plain2_w64_gap,6047,prob_input_effect_mpp,0.5473830699920654
two_concepts,plain2_w64_gap,6048,prob_input_effect_mpp,0.5567429810762405
two_concepts,plain2_w64_gap,6049,prob_input_effect_mpp,0.5794033855199814
two_concepts,plain2_w64_gap,6050,prob_input_effect_mpp,0.5972380489110947
two_concepts,plain2_w64_gap,6051,prob_input_effect_mpp,0.630451962351799
two_concepts,plain2_w64_gap,6052,prob_input_effect_mpp,0.6589121520519257
two_concepts,plain2_w64_gap,6053,prob_input_effect_mpp,0.5118174254894257
two_concepts,plain2_w64_gap,6054,prob_input_effect_mpp,0.6300675421953201
two_concepts,plain2_w64_gap,6055,prob_input_effect_mpp,0.5622496604919434
two_concepts,plain2_w64_gap,6056,prob_input_effect_mpp,0.5368092060089111
two_concepts,plain2_w64_gap,6057,prob_input_effect_mpp,0.6359146237373352
two_concepts,plain2_w64_gap,6058,prob_input_effect_mpp,0.5857494324445724
two_concepts,plain2_w64_gap,6059,prob_input_effect_mpp,0.6160190999507904
two_concepts,plain2_w64_gap,6060,prob_input_effect_mpp,0.6047802716493607
two_concepts,plain2_w64_gap,6061,prob_input_effect_mpp,0.5839982330799103
two_concepts,plain2_w64_gap,6062,prob_input_effect_mpp,0.5829633623361588
two_concepts,plain2_w64_gap,6063,prob_input_effect_mpp,0.5593206584453583
two_concepts,plain2_w64_gap,6064,prob_input_effect_mpp,0.5230974704027176
two_concepts,plain2_w64_gap,6065,prob_input_effect_mpp,0.586492583155632
two_concepts,plain2_w64_gap,6066,prob_input_effect_mpp,0.5582307875156403
two_concepts,plain2_w64_gap,6067,prob_input_effect_mpp,0.6157981306314468
two_concepts,plain2_w64_gap,6068,prob_input_effect_mpp,0.5848561525344849
two_concepts,plain2_w64_gap,6069,prob_input_effect_mpp,0.6297169774770737
two_concepts,plain2_w64_gap,6070,prob_input_effect_mpp,0.5516978949308395
two_concepts,plain2_w64_gap,6071,prob_input_effect_mpp,0.5784925818443298
two_concepts,plain2_w64_gap,6072,prob_input_effect_mpp,0.47811485826969147
two_concepts,plain2_w64_gap,6073,prob_input_effect_mpp,0.5540632158517838
two_concepts,plain2_w64_gap,6074,prob_input_effect_mpp,0.5446769446134567
two_concepts,plain2_w64_gap,6075,prob_input_effect_mpp,0.6394356489181519
two_concepts,plain2_w64_gap,6076,prob_input_effect_mpp,0.6002526730298996
two_concepts,plain2_w64_gap,6077,prob_input_effect_mpp,0.5480907261371613
two_concepts,plain2_w64_gap,6078,prob_input_effect_mpp,0.5820696651935577
two_concepts,plain2_w64_gap,6079,prob_input_effect_mpp,0.5629872381687164
two_concepts,plain2_w64_gap,6080,prob_input_effect_mpp,0.5422080904245377
two_concepts,plain2_w64_gap,6081,prob_input_effect_mpp,0.5425991415977478
two_concepts,plain2_w64_gap,6082,prob_input_effect_mpp,0.5633348375558853
two_concepts,plain2_w64_gap,6083,prob_input_effect_mpp,0.6101249009370804
two_concepts,plain2_w64_gap,6084,prob_input_effect_mpp,0.5839641690254211
two_concepts,plain2_w64_gap,6085,prob_input_effect_mpp,0.622797816991806
two_concepts,plain2_w64_gap,6086,prob_input_effect_mpp,0.5583134144544601
two_concepts,plain2_w64_gap,6087,prob_input_effect_mpp,0.540372684597969
two_concepts,plain2_w64_gap,6088,prob_input_effect_mpp,0.6414054185152054
two_concepts,plain2_w64_gap,6089,prob_input_effect_mpp,0.5940827429294586
two_concepts,plain2_w64_gap,6090,prob_input_effect_mpp,0.6489794254302979
two_concepts,plain2_w64_gap,6091,prob_input_effect_mpp,0.5786156952381134
two_concepts,plain2_w64_gap,6092,prob_input_effect_mpp,0.6212056130170822
two_concepts,plain2_w64_gap,6093,prob_input_effect_mpp,0.513506680727005
two_concepts,plain2_w64_gap,6094,prob_input_effect_mpp,0.5658197402954102
two_concepts,plain2_w64_gap,6095,prob_input_effect_mpp,0.5734707713127136
two_concepts,plain2_w64_gap,6096,prob_input_effect_mpp,0.605005145072937
two_concepts,plain2_w64_gap,6097,prob_input_effect_mpp,0.5234194695949554
two_concepts,plain2_w64_gap,6098,prob_input_effect_mpp,0.5988739281892776
two_concepts,plain2_w64_gap,6099,prob_input_effect_mpp,0.609875351190567
two_concepts,plain2_w64_gmp,6000,prob_input_effect_mpp,0.027397602796554565
two_concepts,plain2_w64_gmp,6001,prob_input_effect_mpp,0.01700732111930847
two_concepts,plain2_w64_gmp,6002,prob_input_effect_mpp,0.025408774614334106
two_concepts,plain2_w64_gmp,6003,prob_input_effect_mpp,0.016386061906814575
two_concepts,plain2_w64_gmp,6004,prob_input_effect_mpp,0.016865819692611694
two_concepts,plain2_w64_gmp,6005,prob_input_effect_mpp,0.02318534255027771
two_concepts,plain2_w64_gmp,6006,prob_input_effect_mpp,0.02694806456565857
two_concepts,plain2_w64_gmp,6007,prob_input_effect_mpp,0.028590857982635498
two_concepts,plain2_w64_gmp,6008,prob_input_effect_mpp,0.021728873252868652
two_concepts,plain2_w64_gmp,6009,prob_input_effect_mpp,0.025795578956604004
two_concepts,plain2_w64_gmp,6010,prob_input_effect_mpp,0.01746690273284912
two_concepts,plain2_w64_gmp,6011,prob_input_effect_mpp,0.021196871995925903
two_concepts,plain2_w64_gmp,6012,prob_input_effect_mpp,0.020234793424606323
two_concepts,plain2_w64_gmp,6013,prob_input_effect_mpp,0.02820366621017456
two_concepts,plain2_w64_gmp,6014,prob_input_effect_mpp,0.0172082781791687
two_concepts,plain2_w64_gmp,6015,prob_input_effect_mpp,0.026102811098098755
two_concepts,plain2_w64_gmp,6016,prob_input_effect_mpp,0.018512070178985596
two_concepts,plain2_w64_gmp,6017,prob_input_effect_mpp,0.021762311458587646
two_concepts,plain2_w64_gmp,6018,prob_input_effect_mpp,0.020389914512634277
two_concepts,plain2_w64_gmp,6019,prob_input_effect_mpp,0.024617403745651245
two_concepts,plain2_w64_gmp,6020,prob_input_effect_mpp,0.024356156587600708
two_concepts,plain2_w64_gmp,6021,prob_input_effect_mpp,0.03129526972770691
two_concepts,plain2_w64_gmp,6022,prob_input_effect_mpp,0.021437078714370728
two_concepts,plain2_w64_gmp,6023,prob_input_effect_mpp,0.04619985818862915
two_concepts,plain2_w64_gmp,6024,prob_input_effect_mpp,0.0286293625831604
two_concepts,plain2_w64_gmp,6025,prob_input_effect_mpp,0.021004557609558105
two_concepts,plain2_w64_gmp,6026,prob_input_effect_mpp,0.017037153244018555
two_concepts,plain2_w64_gmp,6027,prob_input_effect_mpp,0.0318988561630249
two_concepts,plain2_w64_gmp,6028,prob_input_effect_mpp,0.01615920662879944
two_concepts,plain2_w64_gmp,6029,prob_input_effect_mpp,0.024022281169891357
two_concepts,plain2_w64_gmp,6030,prob_input_effect_mpp,0.03154110908508301
two_concepts,plain2_w64_gmp,6031,prob_input_effect_mpp,0.024803847074508667
two_concepts,plain2_w64_gmp,6032,prob_input_effect_mpp,0.022856861352920532
two_concepts,plain2_w64_gmp,6033,prob_input_effect_mpp,0.031783342361450195
two_concepts,plain2_w64_gmp,6034,prob_input_effect_mpp,0.026773065328598022
two_concepts,plain2_w64_gmp,6035,prob_input_effect_mpp,0.04460832476615906
two_concepts,plain2_w64_gmp,6036,prob_input_effect_mpp,0.04218649864196777
two_concepts,plain2_w64_gmp,6037,prob_input_effect_mpp,0.012306541204452515
two_concepts,plain2_w64_gmp,6038,prob_input_effect_mpp,0.01846829056739807
two_concepts,plain2_w64_gmp,6039,prob_input_effect_mpp,0.03140416741371155
two_concepts,plain2_w64_gmp,6040,prob_input_effect_mpp,0.021683931350708008
two_concepts,plain2_w64_gmp,6041,prob_input_effect_mpp,0.02470684051513672
two_concepts,plain2_w64_gmp,6042,prob_input_effect_mpp,0.025654345750808716
two_concepts,plain2_w64_gmp,6043,prob_input_effect_mpp,0.016283035278320312
two_concepts,plain2_w64_gmp,6044,prob_input_effect_mpp,0.028692692518234253
two_concepts,plain2_w64_gmp,6045,prob_input_effect_mpp,0.022203952074050903
two_concepts,plain2_w64_gmp,6046,prob_input_effect_mpp,0.022190630435943604
two_concepts,plain2_w64_gmp,6047,prob_input_effect_mpp,0.02251318097114563
two_concepts,plain2_w64_gmp,6048,prob_input_effect_mpp,0.026001304388046265
two_concepts,plain2_w64_gmp,6049,prob_input_effect_mpp,0.014948934316635132
two_concepts,plain2_w64_gmp,6050,prob_input_effect_mpp,0.018424779176712036
two_concepts,plain2_w64_gmp,6051,prob_input_effect_mpp,0.018216371536254883
two_concepts,plain2_w64_gmp,6052,prob_input_effect_mpp,0.029683172702789307
two_concepts,plain2_w64_gmp,6053,prob_input_effect_mpp,0.03422161936759949
two_concepts,plain2_w64_gmp,6054,prob_input_effect_mpp,0.02038627862930298
two_concepts,plain2_w64_gmp,6055,prob_input_effect_mpp,0.020223677158355713
two_concepts,plain2_w64_gmp,6056,prob_input_effect_mpp,0.03202041983604431
two_concepts,plain2_w64_gmp,6057,prob_input_effect_mpp,0.013990253210067749
two_concepts,plain2_w64_gmp,6058,prob_input_effect_mpp,0.043453216552734375
two_concepts,plain2_w64_gmp,6059,prob_input_effect_mpp,0.02131393551826477
two_concepts,plain2_w64_gmp,6060,prob_input_effect_mpp,0.01816388964653015
two_concepts,plain2_w64_gmp,6061,prob_input_effect_mpp,0.044300079345703125
two_concepts,plain2_w64_gmp,6062,prob_input_effect_mpp,0.03126215934753418
two_concepts,plain2_w64_gmp,6063,prob_input_effect_mpp,0.030772000551223755
two_concepts,plain2_w64_gmp,6064,prob_input_effect_mpp,0.021327614784240723
two_concepts,plain2_w64_gmp,6065,prob_input_effect_mpp,0.0291861891746521
two_concepts,plain2_w64_gmp,6066,prob_input_effect_mpp,0.029625356197357178
two_concepts,plain2_w64_gmp,6067,prob_input_effect_mpp,0.02748456597328186
two_concepts,plain2_w64_gmp,6068,prob_input_effect_mpp,0.015110909938812256
two_concepts,plain2_w64_gmp,6069,prob_input_effect_mpp,0.02644246816635132
two_concepts,plain2_w64_gmp,6070,prob_input_effect_mpp,0.03606992959976196
two_concepts,plain2_w64_gmp,6071,prob_input_effect_mpp,0.02663898468017578
two_concepts,plain2_w64_gmp,6072,prob_input_effect_mpp,0.01875212788581848
two_concepts,plain2_w64_gmp,6073,prob_input_effect_mpp,0.0402560830116272
two_concepts,plain2_w64_gmp,6074,prob_input_effect_mpp,0.022753000259399414
two_concepts,plain2_w64_gmp,6075,prob_input_effect_mpp,0.021115869283676147
two_concepts,plain2_w64_gmp,6076,prob_input_effect_mpp,0.04122379422187805
two_concepts,plain2_w64_gmp,6077,prob_input_effect_mpp,0.03305932879447937
two_concepts,plain2_w64_gmp,6078,prob_input_effect_mpp,0.017283529043197632
two_concepts,plain2_w64_gmp,6079,prob_input_effect_mpp,0.03339749574661255
two_concepts,plain2_w64_gmp,6080,prob_input_effect_mpp,0.029536008834838867
two_concepts,plain2_w64_gmp,6081,prob_input_effect_mpp,0.02726614475250244
two_concepts,plain2_w64_gmp,6082,prob_input_effect_mpp,0.020896703004837036
two_concepts,plain2_w64_gmp,6083,prob_input_effect_mpp,0.026487886905670166
two_concepts,plain2_w64_gmp,6084,prob_input_effect_mpp,0.017224520444869995
two_concepts,plain2_w64_gmp,6085,prob_input_effect_mpp,0.015861719846725464
two_concepts,plain2_w64_gmp,6086,prob_input_effect_mpp,0.01897871494293213
two_concepts,plain2_w64_gmp,6087,prob_input_effect_mpp,0.042093515396118164
two_concepts,plain2_w64_gmp,6088,prob_input_effect_mpp,0.022050321102142334
two_concepts,plain2_w64_gmp,6089,prob_input_effect_mpp,0.036759138107299805
two_concepts,plain2_w64_gmp,6090,prob_input_effect_mpp,0.014074265956878662
two_concepts,plain2_w64_gmp,6091,prob_input_effect_mpp,0.030900180339813232
two_concepts,plain2_w64_gmp,6092,prob_input_effect_mpp,0.026012182235717773
two_concepts,plain2_w64_gmp,6093,prob_input_effect_mpp,0.0228579044342041
two_concepts,plain2_w64_gmp,6094,prob_input_effect_mpp,0.01768311858177185
two_concepts,plain2_w64_gmp,6095,prob_input_effect_mpp,0.0320223867893219
two_concepts,plain2_w64_gmp,6096,prob_input_effect_mpp,0.024265587329864502
two_concepts,plain2_w64_gmp,6097,prob_input_effect_mpp,0.018542498350143433
two_concepts,plain2_w64_gmp,6098,prob_input_effect_mpp,0.02387028932571411
two_concepts,plain2_w64_gmp,6099,prob_input_effect_mpp,0.03233402967453003
two_concepts,plain4_w16_gap,6000,prob_input_effect_mpp,0.15226459503173828
two_concepts,plain4_w16_gap,6001,prob_input_effect_mpp,0.05999353528022766
two_concepts,plain4_w16_gap,6002,prob_input_effect_mpp,0.034654974937438965
two_concepts,plain4_w16_gap,6003,prob_input_effect_mpp,0.09214937686920166
two_concepts,plain4_w16_gap,6004,prob_input_effect_mpp,0.07345882058143616
two_concepts,plain4_w16_gap,6005,prob_input_effect_mpp,0.10019594430923462
two_concepts,plain4_w16_gap,6006,prob_input_effect_mpp,0.12012487649917603
two_concepts,plain4_w16_gap,6007,prob_input_effect_mpp,0.20617768168449402
two_concepts,plain4_w16_gap,6008,prob_input_effect_mpp,0.5361697729676962
two_concepts,plain4_w16_gap,6009,prob_input_effect_mpp,0.10283175110816956
two_concepts,plain4_w16_gap,6010,prob_input_effect_mpp,0.20056703686714172
two_concepts,plain4_w16_gap,6011,prob_input_effect_mpp,0.29853010177612305
two_concepts,plain4_w16_gap,6012,prob_input_effect_mpp,0.14476481080055237
two_concepts,plain4_w16_gap,6013,prob_input_effect_mpp,0.26606321334838867
two_concepts,plain4_w16_gap,6014,prob_input_effect_mpp,0.14449596405029297
two_concepts,plain4_w16_gap,6015,prob_input_effect_mpp,0.19833487272262573
two_concepts,plain4_w16_gap,6016,prob_input_effect_mpp,0.14760035276412964
two_concepts,plain4_w16_gap,6017,prob_input_effect_mpp,0.08973097801208496
two_concepts,plain4_w16_gap,6018,prob_input_effect_mpp,0.07457321882247925
two_concepts,plain4_w16_gap,6019,prob_input_effect_mpp,0.10764089226722717
two_concepts,plain4_w16_gap,6020,prob_input_effect_mpp,0.11960327625274658
two_concepts,plain4_w16_gap,6021,prob_input_effect_mpp,0.0551295280456543
two_concepts,plain4_w16_gap,6022,prob_input_effect_mpp,0.16882413625717163
two_concepts,plain4_w16_gap,6023,prob_input_effect_mpp,0.08561185002326965
two_concepts,plain4_w16_gap,6024,prob_input_effect_mpp,0.11272811889648438
two_concepts,plain4_w16_gap,6025,prob_input_effect_mpp,0.09702238440513611
two_concepts,plain4_w16_gap,6026,prob_input_effect_mpp,0.1389811933040619
two_concepts,plain4_w16_gap,6027,prob_input_effect_mpp,0.13273677229881287
two_concepts,plain4_w16_gap,6028,prob_input_effect_mpp,0.07923915982246399
two_concepts,plain4_w16_gap,6029,prob_input_effect_mpp,0.14783728122711182
two_concepts,plain4_w16_gap,6030,prob_input_effect_mpp,0.11301296949386597
two_concepts,plain4_w16_gap,6031,prob_input_effect_mpp,0.15199026465415955
two_concepts,plain4_w16_gap,6032,prob_input_effect_mpp,0.14783430099487305
two_concepts,plain4_w16_gap,6033,prob_input_effect_mpp,0.10038453340530396
two_concepts,plain4_w16_gap,6034,prob_input_effect_mpp,0.11281284689903259
two_concepts,plain4_w16_gap,6035,prob_input_effect_mpp,0.03966820240020752
two_concepts,plain4_w16_gap,6036,prob_input_effect_mpp,0.16915714740753174
two_concepts,plain4_w16_gap,6037,prob_input_effect_mpp,0.14216569066047668
two_concepts,plain4_w16_gap,6038,prob_input_effect_mpp,0.054680079221725464
two_concepts,plain4_w16_gap,6039,prob_input_effect_mpp,0.17052027583122253
two_concepts,plain4_w16_gap,6040,prob_input_effect_mpp,0.1391463279724121
two_concepts,plain4_w16_gap,6041,prob_input_effect_mpp,0.10859638452529907
two_concepts,plain4_w16_gap,6042,prob_input_effect_mpp,0.4505024701356888
two_concepts,plain4_w16_gap,6043,prob_input_effect_mpp,0.14724522829055786
two_concepts,plain4_w16_gap,6044,prob_input_effect_mpp,0.15059766173362732
two_concepts,plain4_w16_gap,6045,prob_input_effect_mpp,0.1848282814025879
two_concepts,plain4_w16_gap,6046,prob_input_effect_mpp,0.13317808508872986
two_concepts,plain4_w16_gap,6047,prob_input_effect_mpp,0.06592833995819092
two_concepts,plain4_w16_gap,6048,prob_input_effect_mpp,0.051356613636016846
two_concepts,plain4_w16_gap,6049,prob_input_effect_mpp,0.18267133831977844
two_concepts,plain4_w16_gap,6050,prob_input_effect_mpp,0.07278415560722351
two_concepts,plain4_w16_gap,6051,prob_input_effect_mpp,0.1286105215549469
two_concepts,plain4_w16_gap,6052,prob_input_effect_mpp,0.1218792200088501
two_concepts,plain4_w16_gap,6053,prob_input_effect_mpp,0.0870572030544281
two_concepts,plain4_w16_gap,6054,prob_input_effect_mpp,0.30837272107601166
two_concepts,plain4_w16_gap,6055,prob_input_effect_mpp,0.09796345233917236
two_concepts,plain4_w16_gap,6056,prob_input_effect_mpp,0.08862242102622986
two_concepts,plain4_w16_gap,6057,prob_input_effect_mpp,0.13217693567276
two_concepts,plain4_w16_gap,6058,prob_input_effect_mpp,0.13840049505233765
two_concepts,plain4_w16_gap,6059,prob_input_effect_mpp,0.13267886638641357
two_concepts,plain4_w16_gap,6060,prob_input_effect_mpp,0.05271267890930176
two_concepts,plain4_w16_gap,6061,prob_input_effect_mpp,0.09824413061141968
two_concepts,plain4_w16_gap,6062,prob_input_effect_mpp,0.09935218095779419
two_concepts,plain4_w16_gap,6063,prob_input_effect_mpp,0.29701077938079834
two_concepts,plain4_w16_gap,6064,prob_input_effect_mpp,0.14165931940078735
two_concepts,plain4_w16_gap,6065,prob_input_effect_mpp,0.23147955536842346
two_concepts,plain4_w16_gap,6066,prob_input_effect_mpp,0.15994375944137573
two_concepts,plain4_w16_gap,6067,prob_input_effect_mpp,0.36456139385700226
two_concepts,plain4_w16_gap,6068,prob_input_effect_mpp,0.1022023856639862
two_concepts,plain4_w16_gap,6069,prob_input_effect_mpp,0.33038297295570374
two_concepts,plain4_w16_gap,6070,prob_input_effect_mpp,0.058096081018447876
two_concepts,plain4_w16_gap,6071,prob_input_effect_mpp,0.1368127167224884
two_concepts,plain4_w16_gap,6072,prob_input_effect_mpp,0.1539492905139923
two_concepts,plain4_w16_gap,6073,prob_input_effect_mpp,0.00146561861038208
two_concepts,plain4_w16_gap,6074,prob_input_effect_mpp,0.12161889672279358
two_concepts,plain4_w16_gap,6075,prob_input_effect_mpp,-0.02236202359199524
two_concepts,plain4_w16_gap,6076,prob_input_effect_mpp,0.05597987771034241
two_concepts,plain4_w16_gap,6077,prob_input_effect_mpp,0.16227346658706665
two_concepts,plain4_w16_gap,6078,prob_input_effect_mpp,0.12043863534927368
two_concepts,plain4_w16_gap,6079,prob_input_effect_mpp,0.10664895176887512
two_concepts,plain4_w16_gap,6080,prob_input_effect_mpp,0.1374748945236206
two_concepts,plain4_w16_gap,6081,prob_input_effect_mpp,0.05663830041885376
two_concepts,plain4_w16_gap,6082,prob_input_effect_mpp,0.1253083050251007
two_concepts,plain4_w16_gap,6083,prob_input_effect_mpp,0.15231984853744507
two_concepts,plain4_w16_gap,6084,prob_input_effect_mpp,0.10989311337471008
two_concepts,plain4_w16_gap,6085,prob_input_effect_mpp,0.1762174665927887
two_concepts,plain4_w16_gap,6086,prob_input_effect_mpp,0.05273720622062683
two_concepts,plain4_w16_gap,6087,prob_input_effect_mpp,0.26703429222106934
two_concepts,plain4_w16_gap,6088,prob_input_effect_mpp,0.1092810332775116
two_concepts,plain4_w16_gap,6089,prob_input_effect_mpp,0.12461626529693604
two_concepts,plain4_w16_gap,6090,prob_input_effect_mpp,0.07881417870521545
two_concepts,plain4_w16_gap,6091,prob_input_effect_mpp,0.09475433826446533
two_concepts,plain4_w16_gap,6092,prob_input_effect_mpp,0.4640856683254242
two_concepts,plain4_w16_gap,6093,prob_input_effect_mpp,0.0978042483329773
two_concepts,plain4_w16_gap,6094,prob_input_effect_mpp,0.11893582344055176
two_concepts,plain4_w16_gap,6095,prob_input_effect_mpp,0.05589720606803894
two_concepts,plain4_w16_gap,6096,prob_input_effect_mpp,0.09623414278030396
two_concepts,plain4_w16_gap,6097,prob_input_effect_mpp,0.11345216631889343
two_concepts,plain4_w16_gap,6098,prob_input_effect_mpp,0.1313168704509735
two_concepts,plain4_w16_gap,6099,prob_input_effect_mpp,0.10220316052436829
two_concepts,plain4_w16_gmp,6000,prob_input_effect_mpp,-0.0005181431770324707
two_concepts,plain4_w16_gmp,6001,prob_input_effect_mpp,0.0008233785629272461
two_concepts,plain4_w16_gmp,6002,prob_input_effect_mpp,0.0028007030487060547
two_concepts,plain4_w16_gmp,6003,prob_input_effect_mpp,0.005225181579589844
two_concepts,plain4_w16_gmp,6004,prob_input_effect_mpp,0.0019037425518035889
two_concepts,plain4_w16_gmp,6005,prob_input_effect_mpp,0.01103365421295166
two_concepts,plain4_w16_gmp,6006,prob_input_effect_mpp,0.00437280535697937
two_concepts,plain4_w16_gmp,6007,prob_input_effect_mpp,0.0025616586208343506
two_concepts,plain4_w16_gmp,6008,prob_input_effect_mpp,0.005320608615875244
two_concepts,plain4_w16_gmp,6009,prob_input_effect_mpp,0.005538463592529297
two_concepts,plain4_w16_gmp,6010,prob_input_effect_mpp,0.005462616682052612
two_concepts,plain4_w16_gmp,6011,prob_input_effect_mpp,0.002670794725418091
two_concepts,plain4_w16_gmp,6012,prob_input_effect_mpp,0.0076790452003479
two_concepts,plain4_w16_gmp,6013,prob_input_effect_mpp,0.000428617000579834
two_concepts,plain4_w16_gmp,6014,prob_input_effect_mpp,0.00606989860534668
two_concepts,plain4_w16_gmp,6015,prob_input_effect_mpp,0.009865909814834595
two_concepts,plain4_w16_gmp,6016,prob_input_effect_mpp,0.006079614162445068
two_concepts,plain4_w16_gmp,6017,prob_input_effect_mpp,0.010905057191848755
two_concepts,plain4_w16_gmp,6018,prob_input_effect_mpp,0.004943639039993286
two_concepts,plain4_w16_gmp,6019,prob_input_effect_mpp,0.0023553073406219482
two_concepts,plain4_w16_gmp,6020,prob_input_effect_mpp,0.006122380495071411
two_concepts,plain4_w16_gmp,6021,prob_input_effect_mpp,-0.011194705963134766
two_concepts,plain4_w16_gmp,6022,prob_input_effect_mpp,0.009795606136322021
two_concepts,plain4_w16_gmp,6023,prob_input_effect_mpp,0.0065193772315979
two_concepts,plain4_w16_gmp,6024,prob_input_effect_mpp,0.006041586399078369
two_concepts,plain4_w16_gmp,6025,prob_input_effect_mpp,0.007677346467971802
two_concepts,plain4_w16_gmp,6026,prob_input_effect_mpp,0.0038971304893493652
two_concepts,plain4_w16_gmp,6027,prob_input_effect_mpp,0.0037870407104492188
two_concepts,plain4_w16_gmp,6028,prob_input_effect_mpp,0.0003610551357269287
two_concepts,plain4_w16_gmp,6029,prob_input_effect_mpp,0.0034368038177490234
two_concepts,plain4_w16_gmp,6030,prob_input_effect_mpp,0.011083632707595825
two_concepts,plain4_w16_gmp,6031,prob_input_effect_mpp,-0.0009378790855407715
two_concepts,plain4_w16_gmp,6032,prob_input_effect_mpp,0.002473801374435425
two_concepts,plain4_w16_gmp,6033,prob_input_effect_mpp,0.01170310378074646
two_concepts,plain4_w16_gmp,6034,prob_input_effect_mpp,0.006700575351715088
two_concepts,plain4_w16_gmp,6035,prob_input_effect_mpp,0.01325717568397522
two_concepts,plain4_w16_gmp,6036,prob_input_effect_mpp,0.004690676927566528
two_concepts,plain4_w16_gmp,6037,prob_input_effect_mpp,-5.745887756347656e-05
two_concepts,plain4_w16_gmp,6038,prob_input_effect_mpp,4.416704177856445e-05
two_concepts,plain4_w16_gmp,6039,prob_input_effect_mpp,0.008759081363677979
two_concepts,plain4_w16_gmp,6040,prob_input_effect_mpp,0.004584580659866333
two_concepts,plain4_w16_gmp,6041,prob_input_effect_mpp,0.004027456045150757
two_concepts,plain4_w16_gmp,6042,prob_input_effect_mpp,0.004033416509628296
two_concepts,plain4_w16_gmp,6043,prob_input_effect_mpp,0.0071125030517578125
two_concepts,plain4_w16_gmp,6044,prob_input_effect_mpp,0.000652313232421875
two_concepts,plain4_w16_gmp,6045,prob_input_effect_mpp,-0.0029475390911102295
two_concepts,plain4_w16_gmp,6046,prob_input_effect_mpp,0.0048178136348724365
two_concepts,plain4_w16_gmp,6047,prob_input_effect_mpp,0.00019565224647521973
two_concepts,plain4_w16_gmp,6048,prob_input_effect_mpp,0.014759689569473267
two_concepts,plain4_w16_gmp,6049,prob_input_effect_mpp,0.0015073716640472412
two_concepts,plain4_w16_gmp,6050,prob_input_effect_mpp,0.003243356943130493
two_concepts,plain4_w16_gmp,6051,prob_input_effect_mpp,-0.0024858713150024414
two_concepts,plain4_w16_gmp,6052,prob_input_effect_mpp,0.005518227815628052
two_concepts,plain4_w16_gmp,6053,prob_input_effect_mpp,0.004890114068984985
two_concepts,plain4_w16_gmp,6054,prob_input_effect_mpp,0.00427091121673584
two_concepts,plain4_w16_gmp,6055,prob_input_effect_mpp,0.003038465976715088
two_concepts,plain4_w16_gmp,6056,prob_input_effect_mpp,0.007173985242843628
two_concepts,plain4_w16_gmp,6057,prob_input_effect_mpp,0.0015097260475158691
two_concepts,plain4_w16_gmp,6058,prob_input_effect_mpp,-0.0034353137016296387
two_concepts,plain4_w16_gmp,6059,prob_input_effect_mpp,0.008973419666290283
two_concepts,plain4_w16_gmp,6060,prob_input_effect_mpp,0.0018589794635772705
two_concepts,plain4_w16_gmp,6061,prob_input_effect_mpp,0.008428841829299927
two_concepts,plain4_w16_gmp,6062,prob_input_effect_mpp,0.022658616304397583
two_concepts,plain4_w16_gmp,6063,prob_input_effect_mpp,0.004618048667907715
two_concepts,plain4_w16_gmp,6064,prob_input_effect_mpp,-0.001955687999725342
two_concepts,plain4_w16_gmp,6065,prob_input_effect_mpp,0.004566401243209839
two_concepts,plain4_w16_gmp,6066,prob_input_effect_mpp,0.001360386610031128
two_concepts,plain4_w16_gmp,6067,prob_input_effect_mpp,0.014588475227355957
two_concepts,plain4_w16_gmp,6068,prob_input_effect_mpp,0.004969745874404907
two_concepts,plain4_w16_gmp,6069,prob_input_effect_mpp,-0.0011955797672271729
two_concepts,plain4_w16_gmp,6070,prob_input_effect_mpp,0.0034492909908294678
two_concepts,plain4_w16_gmp,6071,prob_input_effect_mpp,0.008114516735076904
two_concepts,plain4_w16_gmp,6072,prob_input_effect_mpp,0.01503974199295044
two_concepts,plain4_w16_gmp,6073,prob_input_effect_mpp,0.004106342792510986
two_concepts,plain4_w16_gmp,6074,prob_input_effect_mpp,0.0030621886253356934
two_concepts,plain4_w16_gmp,6075,prob_input_effect_mpp,0.006121605634689331
two_concepts,plain4_w16_gmp,6076,prob_input_effect_mpp,0.005925923585891724
two_concepts,plain4_w16_gmp,6077,prob_input_effect_mpp,0.007876873016357422
two_concepts,plain4_w16_gmp,6078,prob_input_effect_mpp,0.003992557525634766
two_concepts,plain4_w16_gmp,6079,prob_input_effect_mpp,0.014011085033416748
two_concepts,plain4_w16_gmp,6080,prob_input_effect_mpp,-0.0019638538360595703
two_concepts,plain4_w16_gmp,6081,prob_input_effect_mpp,0.0022720694541931152
two_concepts,plain4_w16_gmp,6082,prob_input_effect_mpp,0.005554139614105225
two_concepts,plain4_w16_gmp,6083,prob_input_effect_mpp,0.0018106400966644287
two_concepts,plain4_w16_gmp,6084,prob_input_effect_mpp,0.0014149844646453857
two_concepts,plain4_w16_gmp,6085,prob_input_effect_mpp,0.005961328744888306
two_concepts,plain4_w16_gmp,6086,prob_input_effect_mpp,0.0029937028884887695
two_concepts,plain4_w16_gmp,6087,prob_input_effect_mpp,0.0007171034812927246
two_concepts,plain4_w16_gmp,6088,prob_input_effect_mpp,0.0018824636936187744
two_concepts,plain4_w16_gmp,6089,prob_input_effect_mpp,0.011651456356048584
two_concepts,plain4_w16_gmp,6090,prob_input_effect_mpp,0.0024092793464660645
two_concepts,plain4_w16_gmp,6091,prob_input_effect_mpp,0.0029148459434509277
two_concepts,plain4_w16_gmp,6092,prob_input_effect_mpp,0.005521953105926514
two_concepts,plain4_w16_gmp,6093,prob_input_effect_mpp,-0.0014521479606628418
two_concepts,plain4_w16_gmp,6094,prob_input_effect_mpp,0.0031725168228149414
two_concepts,plain4_w16_gmp,6095,prob_input_effect_mpp,0.002705812454223633
two_concepts,plain4_w16_gmp,6096,prob_input_effect_mpp,0.0011107325553894043
two_concepts,plain4_w16_gmp,6097,prob_input_effect_mpp,0.024952471256256104
two_concepts,plain4_w16_gmp,6098,prob_input_effect_mpp,0.0017840564250946045
two_concepts,plain4_w16_gmp,6099,prob_input_effect_mpp,0.003971487283706665
two_concepts,plain4_w64_gap,6000,prob_input_effect_mpp,0.015315443277359009
two_concepts,plain4_w64_gap,6001,prob_input_effect_mpp,0.3521259129047394
two_concepts,plain4_w64_gap,6002,prob_input_effect_mpp,0.024283915758132935
two_concepts,plain4_w64_gap,6003,prob_input_effect_mpp,0.10953530669212341
two_concepts,plain4_w64_gap,6004,prob_input_effect_mpp,0.2072431445121765
two_concepts,plain4_w64_gap,6005,prob_input_effect_mpp,0.012543261051177979
two_concepts,plain4_w64_gap,6006,prob_input_effect_mpp,-0.002079188823699951
two_concepts,plain4_w64_gap,6007,prob_input_effect_mpp,0.05686289072036743
two_concepts,plain4_w64_gap,6008,prob_input_effect_mpp,0.031578779220581055
two_concepts,plain4_w64_gap,6009,prob_input_effect_mpp,0.1467524766921997
two_concepts,plain4_w64_gap,6010,prob_input_effect_mpp,0.011118263006210327
two_concepts,plain4_w64_gap,6011,prob_input_effect_mpp,0.012343287467956543
two_concepts,plain4_w64_gap,6012,prob_input_effect_mpp,0.02339857816696167
two_concepts,plain4_w64_gap,6013,prob_input_effect_mpp,0.027713894844055176
two_concepts,plain4_w64_gap,6014,prob_input_effect_mpp,0.02387484908103943
two_concepts,plain4_w64_gap,6015,prob_input_effect_mpp,0.01538228988647461
two_concepts,plain4_w64_gap,6016,prob_input_effect_mpp,0.43976813554763794
two_concepts,plain4_w64_gap,6017,prob_input_effect_mpp,0.023245424032211304
two_concepts,plain4_w64_gap,6018,prob_input_effect_mpp,0.016572952270507812
two_concepts,plain4_w64_gap,6019,prob_input_effect_mpp,0.34589728713035583
two_concepts,plain4_w64_gap,6020,prob_input_effect_mpp,0.08176472783088684
two_concepts,plain4_w64_gap,6021,prob_input_effect_mpp,0.021805375814437866
two_concepts,plain4_w64_gap,6022,prob_input_effect_mpp,0.023445039987564087
two_concepts,plain4_w64_gap,6023,prob_input_effect_mpp,0.034622400999069214
two_concepts,plain4_w64_gap,6024,prob_input_effect_mpp,0.315044105052948
two_concepts,plain4_w64_gap,6025,prob_input_effect_mpp,-0.008648484945297241
two_concepts,plain4_w64_gap,6026,prob_input_effect_mpp,0.014677435159683228
two_concepts,plain4_w64_gap,6027,prob_input_effect_mpp,0.01736164093017578
two_concepts,plain4_w64_gap,6028,prob_input_effect_mpp,0.03273013234138489
two_concepts,plain4_w64_gap,6029,prob_input_effect_mpp,0.020650893449783325
two_concepts,plain4_w64_gap,6030,prob_input_effect_mpp,0.03199467062950134
two_concepts,plain4_w64_gap,6031,prob_input_effect_mpp,0.3071412444114685
two_concepts,plain4_w64_gap,6032,prob_input_effect_mpp,0.03334161639213562
two_concepts,plain4_w64_gap,6033,prob_input_effect_mpp,0.035681337118148804
two_concepts,plain4_w64_gap,6034,prob_input_effect_mpp,0.16498127579689026
two_concepts,plain4_w64_gap,6035,prob_input_effect_mpp,0.046656399965286255
two_concepts,plain4_w64_gap,6036,prob_input_effect_mpp,0.03432619571685791
two_concepts,plain4_w64_gap,6037,prob_input_effect_mpp,0.024154454469680786
two_concepts,plain4_w64_gap,6038,prob_input_effect_mpp,0.024088382720947266
two_concepts,plain4_w64_gap,6039,prob_input_effect_mpp,0.030697554349899292
two_concepts,plain4_w64_gap,6040,prob_input_effect_mpp,0.2518952786922455
two_concepts,plain4_w64_gap,6041,prob_input_effect_mpp,0.02754312753677368
two_concepts,plain4_w64_gap,6042,prob_input_effect_mpp,0.22350215911865234
two_concepts,plain4_w64_gap,6043,prob_input_effect_mpp,0.008319646120071411
two_concepts,plain4_w64_gap,6044,prob_input_effect_mpp,0.029452532529830933
two_concepts,plain4_w64_gap,6045,prob_input_effect_mpp,0.05511191487312317
two_concepts,plain4_w64_gap,6046,prob_input_effect_mpp,0.12548908591270447
two_concepts,plain4_w64_gap,6047,prob_input_effect_mpp,0.02047973871231079
two_concepts,plain4_w64_gap,6048,prob_input_effect_mpp,0.03686928749084473
two_concepts,plain4_w64_gap,6049,prob_input_effect_mpp,0.01626858115196228
two_concepts,plain4_w64_gap,6050,prob_input_effect_mpp,0.05230411887168884
two_concepts,plain4_w64_gap,6051,prob_input_effect_mpp,0.4486108720302582
two_concepts,plain4_w64_gap,6052,prob_input_effect_mpp,0.040973395109176636
two_concepts,plain4_w64_gap,6053,prob_input_effect_mpp,0.012475252151489258
two_concepts,plain4_w64_gap,6054,prob_input_effect_mpp,0.014162808656692505
two_concepts,plain4_w64_gap,6055,prob_input_effect_mpp,0.018631458282470703
two_concepts,plain4_w64_gap,6056,prob_input_effect_mpp,0.01794487237930298
two_concepts,plain4_w64_gap,6057,prob_input_effect_mpp,0.01159965991973877
two_concepts,plain4_w64_gap,6058,prob_input_effect_mpp,0.026508092880249023
two_concepts,plain4_w64_gap,6059,prob_input_effect_mpp,0.017453253269195557
two_concepts,plain4_w64_gap,6060,prob_input_effect_mpp,0.022506296634674072
two_concepts,plain4_w64_gap,6061,prob_input_effect_mpp,0.03907635807991028
two_concepts,plain4_w64_gap,6062,prob_input_effect_mpp,0.03789567947387695
two_concepts,plain4_w64_gap,6063,prob_input_effect_mpp,0.04013162851333618
two_concepts,plain4_w64_gap,6064,prob_input_effect_mpp,0.03494355082511902
two_concepts,plain4_w64_gap,6065,prob_input_effect_mpp,0.01173284649848938
two_concepts,plain4_w64_gap,6066,prob_input_effect_mpp,0.03234657645225525
two_concepts,plain4_w64_gap,6067,prob_input_effect_mpp,0.015107125043869019
two_concepts,plain4_w64_gap,6068,prob_input_effect_mpp,0.06460890173912048
two_concepts,plain4_w64_gap,6069,prob_input_effect_mpp,0.020185887813568115
two_concepts,plain4_w64_gap,6070,prob_input_effect_mpp,0.04574158787727356
two_concepts,plain4_w64_gap,6071,prob_input_effect_mpp,0.047780901193618774
two_concepts,plain4_w64_gap,6072,prob_input_effect_mpp,0.026450037956237793
two_concepts,plain4_w64_gap,6073,prob_input_effect_mpp,0.03681987524032593
two_concepts,plain4_w64_gap,6074,prob_input_effect_mpp,0.06712150573730469
two_concepts,plain4_w64_gap,6075,prob_input_effect_mpp,0.028729170560836792
two_concepts,plain4_w64_gap,6076,prob_input_effect_mpp,0.028384536504745483
two_concepts,plain4_w64_gap,6077,prob_input_effect_mpp,0.021343767642974854
two_concepts,plain4_w64_gap,6078,prob_input_effect_mpp,0.030986040830612183
two_concepts,plain4_w64_gap,6079,prob_input_effect_mpp,0.012394160032272339
two_concepts,plain4_w64_gap,6080,prob_input_effect_mpp,0.37943345308303833
two_concepts,plain4_w64_gap,6081,prob_input_effect_mpp,0.030693024396896362
two_concepts,plain4_w64_gap,6082,prob_input_effect_mpp,0.0204695463180542
two_concepts,plain4_w64_gap,6083,prob_input_effect_mpp,0.044764578342437744
two_concepts,plain4_w64_gap,6084,prob_input_effect_mpp,0.01505964994430542
two_concepts,plain4_w64_gap,6085,prob_input_effect_mpp,0.026139140129089355
two_concepts,plain4_w64_gap,6086,prob_input_effect_mpp,0.03413453698158264
two_concepts,plain4_w64_gap,6087,prob_input_effect_mpp,0.05739784240722656
two_concepts,plain4_w64_gap,6088,prob_input_effect_mpp,0.022075414657592773
two_concepts,plain4_w64_gap,6089,prob_input_effect_mpp,0.01307976245880127
two_concepts,plain4_w64_gap,6090,prob_input_effect_mpp,0.009838640689849854
two_concepts,plain4_w64_gap,6091,prob_input_effect_mpp,0.18570005893707275
two_concepts,plain4_w64_gap,6092,prob_input_effect_mpp,0.043798625469207764
two_concepts,plain4_w64_gap,6093,prob_input_effect_mpp,0.036366939544677734
two_concepts,plain4_w64_gap,6094,prob_input_effect_mpp,0.019407033920288086
two_concepts,plain4_w64_gap,6095,prob_input_effect_mpp,0.033457815647125244
two_concepts,plain4_w64_gap,6096,prob_input_effect_mpp,0.05835947394371033
two_concepts,plain4_w64_gap,6097,prob_input_effect_mpp,0.02468356490135193
two_concepts,plain4_w64_gap,6098,prob_input_effect_mpp,0.014108002185821533
two_concepts,plain4_w64_gap,6099,prob_input_effect_mpp,0.01661163568496704
two_concepts,plain4_w64_gmp,6000,prob_input_effect_mpp,0.0010441839694976807
two_concepts,plain4_w64_gmp,6001,prob_input_effect_mpp,0.0005792081356048584
two_concepts,plain4_w64_gmp,6002,prob_input_effect_mpp,-0.0007643997669219971
two_concepts,plain4_w64_gmp,6003,prob_input_effect_mpp,0.00023743510246276855
two_concepts,plain4_w64_gmp,6004,prob_input_effect_mpp,-0.002195686101913452
two_concepts,plain4_w64_gmp,6005,prob_input_effect_mpp,0.0008733868598937988
two_concepts,plain4_w64_gmp,6006,prob_input_effect_mpp,0.00027054548263549805
two_concepts,plain4_w64_gmp,6007,prob_input_effect_mpp,-0.001121222972869873
two_concepts,plain4_w64_gmp,6008,prob_input_effect_mpp,0.00028058886528015137
two_concepts,plain4_w64_gmp,6009,prob_input_effect_mpp,-0.0010597705841064453
two_concepts,plain4_w64_gmp,6010,prob_input_effect_mpp,0.0008964836597442627
two_concepts,plain4_w64_gmp,6011,prob_input_effect_mpp,-0.0001456141471862793
two_concepts,plain4_w64_gmp,6012,prob_input_effect_mpp,0.00028592348098754883
two_concepts,plain4_w64_gmp,6013,prob_input_effect_mpp,0.0012015700340270996
two_concepts,plain4_w64_gmp,6014,prob_input_effect_mpp,4.0084123611450195e-05
two_concepts,plain4_w64_gmp,6015,prob_input_effect_mpp,-0.0013978183269500732
two_concepts,plain4_w64_gmp,6016,prob_input_effect_mpp,0.000920712947845459
two_concepts,plain4_w64_gmp,6017,prob_input_effect_mpp,0.0002446472644805908
two_concepts,plain4_w64_gmp,6018,prob_input_effect_mpp,-0.003584831953048706
two_concepts,plain4_w64_gmp,6019,prob_input_effect_mpp,-0.00010243058204650879
two_concepts,plain4_w64_gmp,6020,prob_input_effect_mpp,0.0001366734504699707
two_concepts,plain4_w64_gmp,6021,prob_input_effect_mpp,-0.001933276653289795
two_concepts,plain4_w64_gmp,6022,prob_input_effect_mpp,-0.001968085765838623
two_concepts,plain4_w64_gmp,6023,prob_input_effect_mpp,0.0015209019184112549
two_concepts,plain4_w64_gmp,6024,prob_input_effect_mpp,6.288290023803711e-06
two_concepts,plain4_w64_gmp,6025,prob_input_effect_mpp,0.0004970729351043701
two_concepts,plain4_w64_gmp,6026,prob_input_effect_mpp,-0.0008966326713562012
two_concepts,plain4_w64_gmp,6027,prob_input_effect_mpp,8.243322372436523e-05
two_concepts,plain4_w64_gmp,6028,prob_input_effect_mpp,-8.940696716308594e-08
two_concepts,plain4_w64_gmp,6029,prob_input_effect_mpp,-0.000610649585723877
two_concepts,plain4_w64_gmp,6030,prob_input_effect_mpp,-0.0010515153408050537
two_concepts,plain4_w64_gmp,6031,prob_input_effect_mpp,-0.003361523151397705
two_concepts,plain4_w64_gmp,6032,prob_input_effect_mpp,0.000357210636138916
two_concepts,plain4_w64_gmp,6033,prob_input_effect_mpp,0.0006484389305114746
two_concepts,plain4_w64_gmp,6034,prob_input_effect_mpp,-0.001072227954864502
two_concepts,plain4_w64_gmp,6035,prob_input_effect_mpp,0.0007031857967376709
two_concepts,plain4_w64_gmp,6036,prob_input_effect_mpp,0.00029087066650390625
two_concepts,plain4_w64_gmp,6037,prob_input_effect_mpp,0.0002900660037994385
two_concepts,plain4_w64_gmp,6038,prob_input_effect_mpp,-0.002446204423904419
two_concepts,plain4_w64_gmp,6039,prob_input_effect_mpp,-0.0029947757720947266
two_concepts,plain4_w64_gmp,6040,prob_input_effect_mpp,2.1845102310180664e-05
two_concepts,plain4_w64_gmp,6041,prob_input_effect_mpp,-0.003151118755340576
two_concepts,plain4_w64_gmp,6042,prob_input_effect_mpp,-0.00010687112808227539
two_concepts,plain4_w64_gmp,6043,prob_input_effect_mpp,-0.0025120973587036133
two_concepts,plain4_w64_gmp,6044,prob_input_effect_mpp,0.0002957284450531006
two_concepts,plain4_w64_gmp,6045,prob_input_effect_mpp,-0.0014296174049377441
two_concepts,plain4_w64_gmp,6046,prob_input_effect_mpp,-0.0004304945468902588
two_concepts,plain4_w64_gmp,6047,prob_input_effect_mpp,-0.0004948079586029053
two_concepts,plain4_w64_gmp,6048,prob_input_effect_mpp,0.001713782548904419
two_concepts,plain4_w64_gmp,6049,prob_input_effect_mpp,0.00041216611862182617
two_concepts,plain4_w64_gmp,6050,prob_input_effect_mpp,-0.00024643540382385254
two_concepts,plain4_w64_gmp,6051,prob_input_effect_mpp,-0.0005416274070739746
two_concepts,plain4_w64_gmp,6052,prob_input_effect_mpp,0.00048488378524780273
two_concepts,plain4_w64_gmp,6053,prob_input_effect_mpp,0.0026796162128448486
two_concepts,plain4_w64_gmp,6054,prob_input_effect_mpp,0.0014959871768951416
two_concepts,plain4_w64_gmp,6055,prob_input_effect_mpp,0.00014287233352661133
two_concepts,plain4_w64_gmp,6056,prob_input_effect_mpp,-0.000140458345413208
two_concepts,plain4_w64_gmp,6057,prob_input_effect_mpp,0.00029209256172180176
two_concepts,plain4_w64_gmp,6058,prob_input_effect_mpp,-0.003707021474838257
two_concepts,plain4_w64_gmp,6059,prob_input_effect_mpp,-0.0009189248085021973
two_concepts,plain4_w64_gmp,6060,prob_input_effect_mpp,-0.0010862648487091064
two_concepts,plain4_w64_gmp,6061,prob_input_effect_mpp,0.0004232823848724365
two_concepts,plain4_w64_gmp,6062,prob_input_effect_mpp,-0.000851064920425415
two_concepts,plain4_w64_gmp,6063,prob_input_effect_mpp,-0.0003299713134765625
two_concepts,plain4_w64_gmp,6064,prob_input_effect_mpp,-0.0007639527320861816
two_concepts,plain4_w64_gmp,6065,prob_input_effect_mpp,0.00038683414459228516
two_concepts,plain4_w64_gmp,6066,prob_input_effect_mpp,-0.0017369985580444336
two_concepts,plain4_w64_gmp,6067,prob_input_effect_mpp,-0.001955389976501465
two_concepts,plain4_w64_gmp,6068,prob_input_effect_mpp,0.001637488603591919
two_concepts,plain4_w64_gmp,6069,prob_input_effect_mpp,0.00040712952613830566
two_concepts,plain4_w64_gmp,6070,prob_input_effect_mpp,0.00153389573097229
two_concepts,plain4_w64_gmp,6071,prob_input_effect_mpp,0.0011535584926605225
two_concepts,plain4_w64_gmp,6072,prob_input_effect_mpp,0.00010815262794494629
two_concepts,plain4_w64_gmp,6073,prob_input_effect_mpp,0.0007497966289520264
two_concepts,plain4_w64_gmp,6074,prob_input_effect_mpp,-0.0022918283939361572
two_concepts,plain4_w64_gmp,6075,prob_input_effect_mpp,0.00010347366333007812
two_concepts,plain4_w64_gmp,6076,prob_input_effect_mpp,0.00195997953414917
two_concepts,plain4_w64_gmp,6077,prob_input_effect_mpp,-0.0005451440811157227
two_concepts,plain4_w64_gmp,6078,prob_input_effect_mpp,-0.0002601742744445801
two_concepts,plain4_w64_gmp,6079,prob_input_effect_mpp,-0.0017323791980743408
two_concepts,plain4_w64_gmp,6080,prob_input_effect_mpp,0.001763075590133667
two_concepts,plain4_w64_gmp,6081,prob_input_effect_mpp,0.0006514191627502441
two_concepts,plain4_w64_gmp,6082,prob_input_effect_mpp,4.06801700592041e-05
two_concepts,plain4_w64_gmp,6083,prob_input_effect_mpp,0.00011372566223144531
two_concepts,plain4_w64_gmp,6084,prob_input_effect_mpp,-0.0006124675273895264
two_concepts,plain4_w64_gmp,6085,prob_input_effect_mpp,-0.0009726583957672119
two_concepts,plain4_w64_gmp,6086,prob_input_effect_mpp,-0.0009542405605316162
two_concepts,plain4_w64_gmp,6087,prob_input_effect_mpp,-0.001068115234375
two_concepts,plain4_w64_gmp,6088,prob_input_effect_mpp,0.0007162094116210938
two_concepts,plain4_w64_gmp,6089,prob_input_effect_mpp,0.0004886090755462646
two_concepts,plain4_w64_gmp,6090,prob_input_effect_mpp,-0.0013914406299591064
two_concepts,plain4_w64_gmp,6091,prob_input_effect_mpp,0.0012784600257873535
two_concepts,plain4_w64_gmp,6092,prob_input_effect_mpp,-0.0008372366428375244
two_concepts,plain4_w64_gmp,6093,prob_input_effect_mpp,-0.00197640061378479
two_concepts,plain4_w64_gmp,6094,prob_input_effect_mpp,-0.0005015134811401367
two_concepts,plain4_w64_gmp,6095,prob_input_effect_mpp,-0.0015347599983215332
two_concepts,plain4_w64_gmp,6096,prob_input_effect_mpp,-0.00015231966972351074
two_concepts,plain4_w64_gmp,6097,prob_input_effect_mpp,0.00273779034614563
two_concepts,plain4_w64_gmp,6098,prob_input_effect_mpp,-0.00025525689125061035
two_concepts,plain4_w64_gmp,6099,prob_input_effect_mpp,-0.0001766979694366455
two_concepts,res4_w16_gap,6000,prob_input_effect_mpp,0.08624696731567383
two_concepts,res4_w16_gap,6001,prob_input_effect_mpp,0.0949772298336029
two_concepts,res4_w16_gap,6002,prob_input_effect_mpp,0.10208430886268616
two_concepts,res4_w16_gap,6003,prob_input_effect_mpp,0.05428957939147949
two_concepts,res4_w16_gap,6004,prob_input_effect_mpp,0.07532870769500732
two_concepts,res4_w16_gap,6005,prob_input_effect_mpp,0.20488011837005615
two_concepts,res4_w16_gap,6006,prob_input_effect_mpp,0.08047562837600708
two_concepts,res4_w16_gap,6007,prob_input_effect_mpp,0.09120401740074158
two_concepts,res4_w16_gap,6008,prob_input_effect_mpp,0.21149036288261414
two_concepts,res4_w16_gap,6009,prob_input_effect_mpp,0.12247335910797119
two_concepts,res4_w16_gap,6010,prob_input_effect_mpp,0.07579204440116882
two_concepts,res4_w16_gap,6011,prob_input_effect_mpp,0.052345067262649536
two_concepts,res4_w16_gap,6012,prob_input_effect_mpp,0.09576386213302612
two_concepts,res4_w16_gap,6013,prob_input_effect_mpp,0.13785746693611145
two_concepts,res4_w16_gap,6014,prob_input_effect_mpp,0.08767414093017578
two_concepts,res4_w16_gap,6015,prob_input_effect_mpp,0.10371214151382446
two_concepts,res4_w16_gap,6016,prob_input_effect_mpp,0.11172708868980408
two_concepts,res4_w16_gap,6017,prob_input_effect_mpp,0.09869864583015442
two_concepts,res4_w16_gap,6018,prob_input_effect_mpp,0.2915535569190979
two_concepts,res4_w16_gap,6019,prob_input_effect_mpp,0.18799540400505066
two_concepts,res4_w16_gap,6020,prob_input_effect_mpp,0.06490764021873474
two_concepts,res4_w16_gap,6021,prob_input_effect_mpp,0.18804195523262024
two_concepts,res4_w16_gap,6022,prob_input_effect_mpp,-0.23637282848358154
two_concepts,res4_w16_gap,6023,prob_input_effect_mpp,0.11001607775688171
two_concepts,res4_w16_gap,6024,prob_input_effect_mpp,0.29899951815605164
two_concepts,res4_w16_gap,6025,prob_input_effect_mpp,0.06992632150650024
two_concepts,res4_w16_gap,6026,prob_input_effect_mpp,0.22792267799377441
two_concepts,res4_w16_gap,6027,prob_input_effect_mpp,0.24405473470687866
two_concepts,res4_w16_gap,6028,prob_input_effect_mpp,0.08138972520828247
two_concepts,res4_w16_gap,6029,prob_input_effect_mpp,0.07599610090255737
two_concepts,res4_w16_gap,6030,prob_input_effect_mpp,0.09116768836975098
two_concepts,res4_w16_gap,6031,prob_input_effect_mpp,0.10556474328041077
two_concepts,res4_w16_gap,6032,prob_input_effect_mpp,0.14158594608306885
two_concepts,res4_w16_gap,6033,prob_input_effect_mpp,0.24564391374588013
two_concepts,res4_w16_gap,6034,prob_input_effect_mpp,0.1397126019001007
two_concepts,res4_w16_gap,6035,prob_input_effect_mpp,0.11403799057006836
two_concepts,res4_w16_gap,6036,prob_input_effect_mpp,0.108742356300354
two_concepts,res4_w16_gap,6037,prob_input_effect_mpp,0.045593827962875366
two_concepts,res4_w16_gap,6038,prob_input_effect_mpp,0.07026422023773193
two_concepts,res4_w16_gap,6039,prob_input_effect_mpp,0.09749051928520203
two_concepts,res4_w16_gap,6040,prob_input_effect_mpp,0.4262952208518982
two_concepts,res4_w16_gap,6041,prob_input_effect_mpp,0.1059594452381134
two_concepts,res4_w16_gap,6042,prob_input_effect_mpp,0.07079634070396423
two_concepts,res4_w16_gap,6043,prob_input_effect_mpp,0.1607537567615509
two_concepts,res4_w16_gap,6044,prob_input_effect_mpp,0.15406247973442078
two_concepts,res4_w16_gap,6045,prob_input_effect_mpp,0.08021175861358643
two_concepts,res4_w16_gap,6046,prob_input_effect_mpp,0.07019469141960144
two_concepts,res4_w16_gap,6047,prob_input_effect_mpp,0.01633220911026001
two_concepts,res4_w16_gap,6048,prob_input_effect_mpp,0.1428525447845459
two_concepts,res4_w16_gap,6049,prob_input_effect_mpp,0.06449764966964722
two_concepts,res4_w16_gap,6050,prob_input_effect_mpp,0.09627494215965271
two_concepts,res4_w16_gap,6051,prob_input_effect_mpp,0.11482852697372437
two_concepts,res4_w16_gap,6052,prob_input_effect_mpp,0.0883464515209198
two_concepts,res4_w16_gap,6053,prob_input_effect_mpp,0.10633215308189392
two_concepts,res4_w16_gap,6054,prob_input_effect_mpp,0.40705445408821106
two_concepts,res4_w16_gap,6055,prob_input_effect_mpp,0.16317114233970642
two_concepts,res4_w16_gap,6056,prob_input_effect_mpp,0.06291940808296204
two_concepts,res4_w16_gap,6057,prob_input_effect_mpp,0.15531861782073975
two_concepts,res4_w16_gap,6058,prob_input_effect_mpp,0.08667588233947754
two_concepts,res4_w16_gap,6059,prob_input_effect_mpp,0.08586534857749939
two_concepts,res4_w16_gap,6060,prob_input_effect_mpp,0.13979041576385498
two_concepts,res4_w16_gap,6061,prob_input_effect_mpp,0.1332046091556549
two_concepts,res4_w16_gap,6062,prob_input_effect_mpp,0.06756159663200378
two_concepts,res4_w16_gap,6063,prob_input_effect_mpp,0.08634638786315918
two_concepts,res4_w16_gap,6064,prob_input_effect_mpp,0.12965118885040283
two_concepts,res4_w16_gap,6065,prob_input_effect_mpp,0.09324824810028076
two_concepts,res4_w16_gap,6066,prob_input_effect_mpp,0.2115771472454071
two_concepts,res4_w16_gap,6067,prob_input_effect_mpp,0.08044567704200745
two_concepts,res4_w16_gap,6068,prob_input_effect_mpp,0.24460643529891968
two_concepts,res4_w16_gap,6069,prob_input_effect_mpp,0.14882251620292664
two_concepts,res4_w16_gap,6070,prob_input_effect_mpp,0.10392802953720093
two_concepts,res4_w16_gap,6071,prob_input_effect_mpp,0.3681977093219757
two_concepts,res4_w16_gap,6072,prob_input_effect_mpp,0.08439064025878906
two_concepts,res4_w16_gap,6073,prob_input_effect_mpp,0.11156964302062988
two_concepts,res4_w16_gap,6074,prob_input_effect_mpp,0.1475541591644287
two_concepts,res4_w16_gap,6075,prob_input_effect_mpp,0.41457197070121765
two_concepts,res4_w16_gap,6076,prob_input_effect_mpp,0.07387810945510864
two_concepts,res4_w16_gap,6077,prob_input_effect_mpp,0.19732266664505005
two_concepts,res4_w16_gap,6078,prob_input_effect_mpp,0.12144675850868225
two_concepts,res4_w16_gap,6079,prob_input_effect_mpp,0.06551146507263184
two_concepts,res4_w16_gap,6080,prob_input_effect_mpp,0.06613561511039734
two_concepts,res4_w16_gap,6081,prob_input_effect_mpp,0.08802661299705505
two_concepts,res4_w16_gap,6082,prob_input_effect_mpp,0.023796290159225464
two_concepts,res4_w16_gap,6083,prob_input_effect_mpp,0.10801911354064941
two_concepts,res4_w16_gap,6084,prob_input_effect_mpp,0.18503180146217346
two_concepts,res4_w16_gap,6085,prob_input_effect_mpp,0.07701376080513
two_concepts,res4_w16_gap,6086,prob_input_effect_mpp,0.052785784006118774
two_concepts,res4_w16_gap,6087,prob_input_effect_mpp,0.17689567804336548
two_concepts,res4_w16_gap,6088,prob_input_effect_mpp,0.1637890338897705
two_concepts,res4_w16_gap,6089,prob_input_effect_mpp,0.48518963158130646
two_concepts,res4_w16_gap,6090,prob_input_effect_mpp,0.07372438907623291
two_concepts,res4_w16_gap,6091,prob_input_effect_mpp,0.09442287683486938
two_concepts,res4_w16_gap,6092,prob_input_effect_mpp,0.0900234580039978
two_concepts,res4_w16_gap,6093,prob_input_effect_mpp,0.10696491599082947
two_concepts,res4_w16_gap,6094,prob_input_effect_mpp,0.16225695610046387
two_concepts,res4_w16_gap,6095,prob_input_effect_mpp,0.07219681143760681
two_concepts,res4_w16_gap,6096,prob_input_effect_mpp,0.3635600507259369
two_concepts,res4_w16_gap,6097,prob_input_effect_mpp,0.10047665238380432
two_concepts,res4_w16_gap,6098,prob_input_effect_mpp,0.11686009168624878
two_concepts,res4_w16_gap,6099,prob_input_effect_mpp,0.0532853901386261
two_concepts,res4_w16_gmp,6000,prob_input_effect_mpp,0.0031542181968688965
two_concepts,res4_w16_gmp,6001,prob_input_effect_mpp,0.00040152668952941895
two_concepts,res4_w16_gmp,6002,prob_input_effect_mpp,0.0017825067043304443
two_concepts,res4_w16_gmp,6003,prob_input_effect_mpp,0.0015191435813903809
two_concepts,res4_w16_gmp,6004,prob_input_effect_mpp,-0.0009386539459228516
two_concepts,res4_w16_gmp,6005,prob_input_effect_mpp,0.0027539730072021484
two_concepts,res4_w16_gmp,6006,prob_input_effect_mpp,5.549192428588867e-05
two_concepts,res4_w16_gmp,6007,prob_input_effect_mpp,0.00533631443977356
two_concepts,res4_w16_gmp,6008,prob_input_effect_mpp,0.0003852248191833496
two_concepts,res4_w16_gmp,6009,prob_input_effect_mpp,0.0032559335231781006
two_concepts,res4_w16_gmp,6010,prob_input_effect_mpp,-0.001111358404159546
two_concepts,res4_w16_gmp,6011,prob_input_effect_mpp,0.0011282265186309814
two_concepts,res4_w16_gmp,6012,prob_input_effect_mpp,0.0035645365715026855
two_concepts,res4_w16_gmp,6013,prob_input_effect_mpp,0.0016988515853881836
two_concepts,res4_w16_gmp,6014,prob_input_effect_mpp,0.002044767141342163
two_concepts,res4_w16_gmp,6015,prob_input_effect_mpp,0.0001868903636932373
two_concepts,res4_w16_gmp,6016,prob_input_effect_mpp,0.002521216869354248
two_concepts,res4_w16_gmp,6017,prob_input_effect_mpp,0.0036569833755493164
two_concepts,res4_w16_gmp,6018,prob_input_effect_mpp,0.0009448528289794922
two_concepts,res4_w16_gmp,6019,prob_input_effect_mpp,0.004640936851501465
two_concepts,res4_w16_gmp,6020,prob_input_effect_mpp,0.001522064208984375
two_concepts,res4_w16_gmp,6021,prob_input_effect_mpp,0.00866052508354187
two_concepts,res4_w16_gmp,6022,prob_input_effect_mpp,0.0033392906188964844
two_concepts,res4_w16_gmp,6023,prob_input_effect_mpp,0.004336506128311157
two_concepts,res4_w16_gmp,6024,prob_input_effect_mpp,0.0014028847217559814
two_concepts,res4_w16_gmp,6025,prob_input_effect_mpp,0.0025627315044403076
two_concepts,res4_w16_gmp,6026,prob_input_effect_mpp,0.0022574961185455322
two_concepts,res4_w16_gmp,6027,prob_input_effect_mpp,0.005007833242416382
two_concepts,res4_w16_gmp,6028,prob_input_effect_mpp,0.0010928809642791748
two_concepts,res4_w16_gmp,6029,prob_input_effect_mpp,-0.00018340349197387695
two_concepts,res4_w16_gmp,6030,prob_input_effect_mpp,-0.0031187236309051514
two_concepts,res4_w16_gmp,6031,prob_input_effect_mpp,0.010786294937133789
two_concepts,res4_w16_gmp,6032,prob_input_effect_mpp,0.005137622356414795
two_concepts,res4_w16_gmp,6033,prob_input_effect_mpp,0.0026901066303253174
two_concepts,res4_w16_gmp,6034,prob_input_effect_mpp,0.001437842845916748
two_concepts,res4_w16_gmp,6035,prob_input_effect_mpp,0.00950556993484497
two_concepts,res4_w16_gmp,6036,prob_input_effect_mpp,0.00429689884185791
two_concepts,res4_w16_gmp,6037,prob_input_effect_mpp,-0.003370046615600586
two_concepts,res4_w16_gmp,6038,prob_input_effect_mpp,0.005777984857559204
two_concepts,res4_w16_gmp,6039,prob_input_effect_mpp,0.0012970268726348877
two_concepts,res4_w16_gmp,6040,prob_input_effect_mpp,0.0020287036895751953
two_concepts,res4_w16_gmp,6041,prob_input_effect_mpp,0.008259624242782593
two_concepts,res4_w16_gmp,6042,prob_input_effect_mpp,-0.0004470646381378174
two_concepts,res4_w16_gmp,6043,prob_input_effect_mpp,0.0010666847229003906
two_concepts,res4_w16_gmp,6044,prob_input_effect_mpp,0.013247311115264893
two_concepts,res4_w16_gmp,6045,prob_input_effect_mpp,0.0051059722900390625
two_concepts,res4_w16_gmp,6046,prob_input_effect_mpp,0.0032880008220672607
two_concepts,res4_w16_gmp,6047,prob_input_effect_mpp,4.6819448471069336e-05
two_concepts,res4_w16_gmp,6048,prob_input_effect_mpp,0.0010667145252227783
two_concepts,res4_w16_gmp,6049,prob_input_effect_mpp,0.002105802297592163
two_concepts,res4_w16_gmp,6050,prob_input_effect_mpp,0.00579562783241272
two_concepts,res4_w16_gmp,6051,prob_input_effect_mpp,0.004982799291610718
two_concepts,res4_w16_gmp,6052,prob_input_effect_mpp,0.00211256742477417
two_concepts,res4_w16_gmp,6053,prob_input_effect_mpp,0.0009436905384063721
two_concepts,res4_w16_gmp,6054,prob_input_effect_mpp,0.002047806978225708
two_concepts,res4_w16_gmp,6055,prob_input_effect_mpp,0.00017207860946655273
two_concepts,res4_w16_gmp,6056,prob_input_effect_mpp,0.004559248685836792
two_concepts,res4_w16_gmp,6057,prob_input_effect_mpp,0.0012021362781524658
two_concepts,res4_w16_gmp,6058,prob_input_effect_mpp,-0.003267914056777954
two_concepts,res4_w16_gmp,6059,prob_input_effect_mpp,0.004802674055099487
two_concepts,res4_w16_gmp,6060,prob_input_effect_mpp,0.0034666359424591064
two_concepts,res4_w16_gmp,6061,prob_input_effect_mpp,0.010791569948196411
two_concepts,res4_w16_gmp,6062,prob_input_effect_mpp,0.0026111900806427
two_concepts,res4_w16_gmp,6063,prob_input_effect_mpp,0.00011801719665527344
two_concepts,res4_w16_gmp,6064,prob_input_effect_mpp,0.005332052707672119
two_concepts,res4_w16_gmp,6065,prob_input_effect_mpp,0.005082130432128906
two_concepts,res4_w16_gmp,6066,prob_input_effect_mpp,-0.005775094032287598
two_concepts,res4_w16_gmp,6067,prob_input_effect_mpp,0.0026840567588806152
two_concepts,res4_w16_gmp,6068,prob_input_effect_mpp,0.00426599383354187
two_concepts,res4_w16_gmp,6069,prob_input_effect_mpp,0.002924203872680664
two_concepts,res4_w16_gmp,6070,prob_input_effect_mpp,0.006844699382781982
two_concepts,res4_w16_gmp,6071,prob_input_effect_mpp,0.0004061460494995117
two_concepts,res4_w16_gmp,6072,prob_input_effect_mpp,0.00785323977470398
two_concepts,res4_w16_gmp,6073,prob_input_effect_mpp,-0.001045316457748413
two_concepts,res4_w16_gmp,6074,prob_input_effect_mpp,0.003363668918609619
two_concepts,res4_w16_gmp,6075,prob_input_effect_mpp,-9.238719940185547e-06
two_concepts,res4_w16_gmp,6076,prob_input_effect_mpp,0.008921682834625244
two_concepts,res4_w16_gmp,6077,prob_input_effect_mpp,0.00011923909187316895
two_concepts,res4_w16_gmp,6078,prob_input_effect_mpp,0.005316674709320068
two_concepts,res4_w16_gmp,6079,prob_input_effect_mpp,0.0025964081287384033
two_concepts,res4_w16_gmp,6080,prob_input_effect_mpp,0.0028999149799346924
two_concepts,res4_w16_gmp,6081,prob_input_effect_mpp,0.006173491477966309
two_concepts,res4_w16_gmp,6082,prob_input_effect_mpp,0.004881560802459717
two_concepts,res4_w16_gmp,6083,prob_input_effect_mpp,0.006787657737731934
two_concepts,res4_w16_gmp,6084,prob_input_effect_mpp,0.0007221102714538574
two_concepts,res4_w16_gmp,6085,prob_input_effect_mpp,-0.0012527406215667725
two_concepts,res4_w16_gmp,6086,prob_input_effect_mpp,-0.0023849010467529297
two_concepts,res4_w16_gmp,6087,prob_input_effect_mpp,0.013278305530548096
two_concepts,res4_w16_gmp,6088,prob_input_effect_mpp,0.001511901617050171
two_concepts,res4_w16_gmp,6089,prob_input_effect_mpp,0.005239337682723999
two_concepts,res4_w16_gmp,6090,prob_input_effect_mpp,0.0006977617740631104
two_concepts,res4_w16_gmp,6091,prob_input_effect_mpp,0.013051033020019531
two_concepts,res4_w16_gmp,6092,prob_input_effect_mpp,0.00482410192489624
two_concepts,res4_w16_gmp,6093,prob_input_effect_mpp,1.4394521713256836e-05
two_concepts,res4_w16_gmp,6094,prob_input_effect_mpp,0.0010693669319152832
two_concepts,res4_w16_gmp,6095,prob_input_effect_mpp,0.005222588777542114
two_concepts,res4_w16_gmp,6096,prob_input_effect_mpp,0.004524916410446167
two_concepts,res4_w16_gmp,6097,prob_input_effect_mpp,0.00018149614334106445
two_concepts,res4_w16_gmp,6098,prob_input_effect_mpp,0.0021920204162597656
two_concepts,res4_w16_gmp,6099,prob_input_effect_mpp,0.00205114483833313
two_concepts,tiny_gap,6000,prob_input_effect_mpp,0.16521894000470638
two_concepts,tiny_gap,6001,prob_input_effect_mpp,0.18005488393828273
two_concepts,tiny_gap,6002,prob_input_effect_mpp,0.18814143061172217
two_concepts,tiny_gap,6003,prob_input_effect_mpp,0.1965502945240587
two_concepts,tiny_gap,6004,prob_input_effect_mpp,0.22655331576243043
two_concepts,tiny_gap,6005,prob_input_effect_mpp,0.21320040780119598
two_concepts,tiny_gap,6006,prob_input_effect_mpp,0.16113792429678142
two_concepts,tiny_gap,6007,prob_input_effect_mpp,0.1325256205163896
two_concepts,tiny_gap,6008,prob_input_effect_mpp,0.1939802560955286
two_concepts,tiny_gap,6009,prob_input_effect_mpp,0.23557886551134288
two_concepts,tiny_gap,6010,prob_input_effect_mpp,0.22778678662143648
two_concepts,tiny_gap,6011,prob_input_effect_mpp,0.19421088648959994
two_concepts,tiny_gap,6012,prob_input_effect_mpp,0.15024872217327356
two_concepts,tiny_gap,6013,prob_input_effect_mpp,0.13707351149059832
two_concepts,tiny_gap,6014,prob_input_effect_mpp,0.19770124810747802
two_concepts,tiny_gap,6015,prob_input_effect_mpp,0.20347284991294146
two_concepts,tiny_gap,6016,prob_input_effect_mpp,0.16135976649820805
two_concepts,tiny_gap,6017,prob_input_effect_mpp,0.08757194504141808
two_concepts,tiny_gap,6018,prob_input_effect_mpp,0.23427466000430286
two_concepts,tiny_gap,6019,prob_input_effect_mpp,0.12912512896582484
two_concepts,tiny_gap,6020,prob_input_effect_mpp,0.15176536259241402
two_concepts,tiny_gap,6021,prob_input_effect_mpp,0.17935896734707057
two_concepts,tiny_gap,6022,prob_input_effect_mpp,0.15084488224238157
two_concepts,tiny_gap,6023,prob_input_effect_mpp,0.21479193947743624
two_concepts,tiny_gap,6024,prob_input_effect_mpp,0.2079414096660912
two_concepts,tiny_gap,6025,prob_input_effect_mpp,0.20640294975601137
two_concepts,tiny_gap,6026,prob_input_effect_mpp,0.21525343554094434
two_concepts,tiny_gap,6027,prob_input_effect_mpp,0.17563140159472823
two_concepts,tiny_gap,6028,prob_input_effect_mpp,0.23992224619723856
two_concepts,tiny_gap,6029,prob_input_effect_mpp,0.27417082944884896
two_concepts,tiny_gap,6030,prob_input_effect_mpp,0.1394815316889435
two_concepts,tiny_gap,6031,prob_input_effect_mpp,0.15168387163430452
two_concepts,tiny_gap,6032,prob_input_effect_mpp,0.2174367941915989
two_concepts,tiny_gap,6033,prob_input_effect_mpp,0.19415379548445344
two_concepts,tiny_gap,6034,prob_input_effect_mpp,0.20395335159264505
two_concepts,tiny_gap,6035,prob_input_effect_mpp,0.1587592822033912
two_concepts,tiny_gap,6036,prob_input_effect_mpp,0.16171337757259607
two_concepts,tiny_gap,6037,prob_input_effect_mpp,0.2096000809688121
two_concepts,tiny_gap,6038,prob_input_effect_mpp,0.17804547306150198
two_concepts,tiny_gap,6039,prob_input_effect_mpp,0.21212412253953516
two_concepts,tiny_gap,6040,prob_input_effect_mpp,0.23835957259871066
two_concepts,tiny_gap,6041,prob_input_effect_mpp,0.21854772605001926
two_concepts,tiny_gap,6042,prob_input_effect_mpp,0.179208364803344
two_concepts,tiny_gap,6043,prob_input_effect_mpp,0.2520597467664629
two_concepts,tiny_gap,6044,prob_input_effect_mpp,0.17260863177943975
two_concepts,tiny_gap,6045,prob_input_effect_mpp,0.20393332582898438
two_concepts,tiny_gap,6046,prob_input_effect_mpp,0.21015566098503768
two_concepts,tiny_gap,6047,prob_input_effect_mpp,0.27112694759853184
two_concepts,tiny_gap,6048,prob_input_effect_mpp,0.17419206048361957
two_concepts,tiny_gap,6049,prob_input_effect_mpp,0.1693717094603926
two_concepts,tiny_gap,6050,prob_input_effect_mpp,0.2658598667476326
two_concepts,tiny_gap,6051,prob_input_effect_mpp,0.2247671214863658
two_concepts,tiny_gap,6052,prob_input_effect_mpp,0.13256828486919403
two_concepts,tiny_gap,6053,prob_input_effect_mpp,0.12732628197409213
two_concepts,tiny_gap,6054,prob_input_effect_mpp,0.15755721647292376
two_concepts,tiny_gap,6055,prob_input_effect_mpp,0.20539196161553264
two_concepts,tiny_gap,6056,prob_input_effect_mpp,0.16273304307833314
two_concepts,tiny_gap,6057,prob_input_effect_mpp,0.18211161461658776
two_concepts,tiny_gap,6058,prob_input_effect_mpp,0.15044759796001017
two_concepts,tiny_gap,6059,prob_input_effect_mpp,0.1968737046699971
two_concepts,tiny_gap,6060,prob_input_effect_mpp,0.20448336703702807
two_concepts,tiny_gap,6061,prob_input_effect_mpp,0.21923472662456334
two_concepts,tiny_gap,6062,prob_input_effect_mpp,0.21193454321473837
two_concepts,tiny_gap,6063,prob_input_effect_mpp,0.2151066295336932
two_concepts,tiny_gap,6064,prob_input_effect_mpp,0.11175033240579069
two_concepts,tiny_gap,6065,prob_input_effect_mpp,0.20193664520047605
two_concepts,tiny_gap,6066,prob_input_effect_mpp,0.21306823031045496
two_concepts,tiny_gap,6067,prob_input_effect_mpp,0.13285189191810787
two_concepts,tiny_gap,6068,prob_input_effect_mpp,0.160385170718655
two_concepts,tiny_gap,6069,prob_input_effect_mpp,0.19002230348996818
two_concepts,tiny_gap,6070,prob_input_effect_mpp,0.19237460987642407
two_concepts,tiny_gap,6071,prob_input_effect_mpp,0.1625587090384215
two_concepts,tiny_gap,6072,prob_input_effect_mpp,0.23552757548168302
two_concepts,tiny_gap,6073,prob_input_effect_mpp,0.22581050591543317
two_concepts,tiny_gap,6074,prob_input_effect_mpp,0.1463081615511328
two_concepts,tiny_gap,6075,prob_input_effect_mpp,0.20910337334498763
two_concepts,tiny_gap,6076,prob_input_effect_mpp,0.22599713201634586
two_concepts,tiny_gap,6077,prob_input_effect_mpp,0.24919526069425046
two_concepts,tiny_gap,6078,prob_input_effect_mpp,0.17125510645564646
two_concepts,tiny_gap,6079,prob_input_effect_mpp,0.15880990750156343
two_concepts,tiny_gap,6080,prob_input_effect_mpp,0.13995472202077508
two_concepts,tiny_gap,6081,prob_input_effect_mpp,0.18183081317692995
two_concepts,tiny_gap,6082,prob_input_effect_mpp,0.23118590493686497
two_concepts,tiny_gap,6083,prob_input_effect_mpp,0.1834734135773033
two_concepts,tiny_gap,6084,prob_input_effect_mpp,0.16829525050707161
two_concepts,tiny_gap,6085,prob_input_effect_mpp,0.2050073160789907
two_concepts,tiny_gap,6086,prob_input_effect_mpp,0.18541709426790476
two_concepts,tiny_gap,6087,prob_input_effect_mpp,0.2046019220724702
two_concepts,tiny_gap,6088,prob_input_effect_mpp,0.2126263475511223
two_concepts,tiny_gap,6089,prob_input_effect_mpp,0.2477367972023785
two_concepts,tiny_gap,6090,prob_input_effect_mpp,0.19359437399543822
two_concepts,tiny_gap,6091,prob_input_effect_mpp,0.20717296143993735
two_concepts,tiny_gap,6092,prob_input_effect_mpp,0.20863535883836448
two_concepts,tiny_gap,6093,prob_input_effect_mpp,0.14338005403988063
two_concepts,tiny_gap,6094,prob_input_effect_mpp,0.21599088492803276
two_concepts,tiny_gap,6095,prob_input_effect_mpp,0.18575009354390204
two_concepts,tiny_gap,6096,prob_input_effect_mpp,0.1643545967526734
two_concepts,tiny_gap,6097,prob_input_effect_mpp,0.180484049487859
two_concepts,tiny_gap,6098,prob_input_effect_mpp,0.20677210704889148
two_concepts,tiny_gap,6099,prob_input_effect_mpp,0.15166044351644814
two_concepts,tiny_gmp,6000,prob_input_effect_mpp,0.8376451134681702
two_concepts,tiny_gmp,6001,prob_input_effect_mpp,0.7903684675693512
two_concepts,tiny_gmp,6002,prob_input_effect_mpp,0.8858147412538528
two_concepts,tiny_gmp,6003,prob_input_effect_mpp,0.8013012111186981
two_concepts,tiny_gmp,6004,prob_input_effect_mpp,0.8637035191059113
two_concepts,tiny_gmp,6005,prob_input_effect_mpp,0.8426024913787842
two_concepts,tiny_gmp,6006,prob_input_effect_mpp,0.8701000958681107
two_concepts,tiny_gmp,6007,prob_input_effect_mpp,0.8319091498851776
two_concepts,tiny_gmp,6008,prob_input_effect_mpp,0.9007643163204193
two_concepts,tiny_gmp,6009,prob_input_effect_mpp,0.8167043626308441
two_concepts,tiny_gmp,6010,prob_input_effect_mpp,0.8371530175209045
two_concepts,tiny_gmp,6011,prob_input_effect_mpp,0.8348692059516907
two_concepts,tiny_gmp,6012,prob_input_effect_mpp,0.8183753788471222
two_concepts,tiny_gmp,6013,prob_input_effect_mpp,0.8738095760345459
two_concepts,tiny_gmp,6014,prob_input_effect_mpp,0.8488882333040237
two_concepts,tiny_gmp,6015,prob_input_effect_mpp,0.8693680018186569
two_concepts,tiny_gmp,6016,prob_input_effect_mpp,0.9057381302118301
two_concepts,tiny_gmp,6017,prob_input_effect_mpp,0.8388800621032715
two_concepts,tiny_gmp,6018,prob_input_effect_mpp,0.8762075752019882
two_concepts,tiny_gmp,6019,prob_input_effect_mpp,0.8408434092998505
two_concepts,tiny_gmp,6020,prob_input_effect_mpp,0.8426967412233353
two_concepts,tiny_gmp,6021,prob_input_effect_mpp,0.8248913884162903
two_concepts,tiny_gmp,6022,prob_input_effect_mpp,0.8611153960227966
two_concepts,tiny_gmp,6023,prob_input_effect_mpp,0.8753312975168228
two_concepts,tiny_gmp,6024,prob_input_effect_mpp,0.8616741597652435
two_concepts,tiny_gmp,6025,prob_input_effect_mpp,0.7681577205657959
two_concepts,tiny_gmp,6026,prob_input_effect_mpp,0.7739646136760712
two_concepts,tiny_gmp,6027,prob_input_effect_mpp,0.8499264419078827
two_concepts,tiny_gmp,6028,prob_input_effect_mpp,0.7660343945026398
two_concepts,tiny_gmp,6029,prob_input_effect_mpp,0.8484095335006714
two_concepts,tiny_gmp,6030,prob_input_effect_mpp,0.8092708885669708
two_concepts,tiny_gmp,6031,prob_input_effect_mpp,0.8815489113330841
two_concepts,tiny_gmp,6032,prob_input_effect_mpp,0.8597222864627838
two_concepts,tiny_gmp,6033,prob_input_effect_mpp,0.8716292083263397
two_concepts,tiny_gmp,6034,prob_input_effect_mpp,0.8483521044254303
two_concepts,tiny_gmp,6035,prob_input_effect_mpp,0.8287938237190247
two_concepts,tiny_gmp,6036,prob_input_effect_mpp,0.9289796203374863
two_concepts,tiny_gmp,6037,prob_input_effect_mpp,0.8129408955574036
two_concepts,tiny_gmp,6038,prob_input_effect_mpp,0.8022410571575165
two_concepts,tiny_gmp,6039,prob_input_effect_mpp,0.8279128670692444
two_concepts,tiny_gmp,6040,prob_input_effect_mpp,0.7803810238838196
two_concepts,tiny_gmp,6041,prob_input_effect_mpp,0.8392491936683655
two_concepts,tiny_gmp,6042,prob_input_effect_mpp,0.8220735788345337
two_concepts,tiny_gmp,6043,prob_input_effect_mpp,0.7858091592788696
two_concepts,tiny_gmp,6044,prob_input_effect_mpp,0.8300057649612427
two_concepts,tiny_gmp,6045,prob_input_effect_mpp,0.8485189974308014
two_concepts,tiny_gmp,6046,prob_input_effect_mpp,0.8230822682380676
two_concepts,tiny_gmp,6047,prob_input_effect_mpp,0.8400368988513947
two_concepts,tiny_gmp,6048,prob_input_effect_mpp,0.8472474217414856
two_concepts,tiny_gmp,6049,prob_input_effect_mpp,0.7857856452465057
two_concepts,tiny_gmp,6050,prob_input_effect_mpp,0.8324144184589386
two_concepts,tiny_gmp,6051,prob_input_effect_mpp,0.8076826632022858
two_concepts,tiny_gmp,6052,prob_input_effect_mpp,0.8598538339138031
two_concepts,tiny_gmp,6053,prob_input_effect_mpp,0.8513047099113464
two_concepts,tiny_gmp,6054,prob_input_effect_mpp,0.7620445191860199
two_concepts,tiny_gmp,6055,prob_input_effect_mpp,0.8347201943397522
two_concepts,tiny_gmp,6056,prob_input_effect_mpp,0.8430598378181458
two_concepts,tiny_gmp,6057,prob_input_effect_mpp,0.8339225947856903
two_concepts,tiny_gmp,6058,prob_input_effect_mpp,0.9125201404094696
two_concepts,tiny_gmp,6059,prob_input_effect_mpp,0.8405420184135437
two_concepts,tiny_gmp,6060,prob_input_effect_mpp,0.828168123960495
two_concepts,tiny_gmp,6061,prob_input_effect_mpp,0.8331347107887268
two_concepts,tiny_gmp,6062,prob_input_effect_mpp,0.8812123835086823
two_concepts,tiny_gmp,6063,prob_input_effect_mpp,0.8111615777015686
two_concepts,tiny_gmp,6064,prob_input_effect_mpp,0.8459735214710236
two_concepts,tiny_gmp,6065,prob_input_effect_mpp,0.9023366272449493
two_concepts,tiny_gmp,6066,prob_input_effect_mpp,0.8473936021327972
two_concepts,tiny_gmp,6067,prob_input_effect_mpp,0.8064490556716919
two_concepts,tiny_gmp,6068,prob_input_effect_mpp,0.7805862724781036
two_concepts,tiny_gmp,6069,prob_input_effect_mpp,0.8722557574510574
two_concepts,tiny_gmp,6070,prob_input_effect_mpp,0.851418599486351
two_concepts,tiny_gmp,6071,prob_input_effect_mpp,0.8184164464473724
two_concepts,tiny_gmp,6072,prob_input_effect_mpp,0.7842775285243988
two_concepts,tiny_gmp,6073,prob_input_effect_mpp,0.842549592256546
two_concepts,tiny_gmp,6074,prob_input_effect_mpp,0.8808461874723434
two_concepts,tiny_gmp,6075,prob_input_effect_mpp,0.7851066887378693
two_concepts,tiny_gmp,6076,prob_input_effect_mpp,0.8586872220039368
two_concepts,tiny_gmp,6077,prob_input_effect_mpp,0.8409201055765152
two_concepts,tiny_gmp,6078,prob_input_effect_mpp,0.7971051633358002
two_concepts,tiny_gmp,6079,prob_input_effect_mpp,0.7997555732727051
two_concepts,tiny_gmp,6080,prob_input_effect_mpp,0.8491553962230682
two_concepts,tiny_gmp,6081,prob_input_effect_mpp,0.8225164115428925
two_concepts,tiny_gmp,6082,prob_input_effect_mpp,0.8452174365520477
two_concepts,tiny_gmp,6083,prob_input_effect_mpp,0.8761727213859558
two_concepts,tiny_gmp,6084,prob_input_effect_mpp,0.8434743881225586
two_concepts,tiny_gmp,6085,prob_input_effect_mpp,0.9077975749969482
two_concepts,tiny_gmp,6086,prob_input_effect_mpp,0.7947168052196503
two_concepts,tiny_gmp,6087,prob_input_effect_mpp,0.8503611832857132
two_concepts,tiny_gmp,6088,prob_input_effect_mpp,0.8339411318302155
two_concepts,tiny_gmp,6089,prob_input_effect_mpp,0.7965045273303986
two_concepts,tiny_gmp,6090,prob_input_effect_mpp,0.8874334692955017
two_concepts,tiny_gmp,6091,prob_input_effect_mpp,0.7911374568939209
two_concepts,tiny_gmp,6092,prob_input_effect_mpp,0.8402132540941238
two_concepts,tiny_gmp,6093,prob_input_effect_mpp,0.7820371985435486
two_concepts,tiny_gmp,6094,prob_input_effect_mpp,0.8084843158721924
two_concepts,tiny_gmp,6095,prob_input_effect_mpp,0.8369161933660507
two_concepts,tiny_gmp,6096,prob_input_effect_mpp,0.883173331618309
two_concepts,tiny_gmp,6097,prob_input_effect_mpp,0.8583733886480331
two_concepts,tiny_gmp,6098,prob_input_effect_mpp,0.8600744903087616
two_concepts,tiny_gmp,6099,prob_input_effect_mpp,0.8073084503412247
single_shape,bn2_w16_gap,6000,centered_logit_input_effect_mpp,11.884830474853516
single_shape,bn2_w16_gap,6001,centered_logit_input_effect_mpp,32.795494079589844
single_shape,bn2_w16_gap,6002,centered_logit_input_effect_mpp,1.998016357421875
single_shape,bn2_w16_gap,6003,centered_logit_input_effect_mpp,20.440420150756836
single_shape,bn2_w16_gap,6004,centered_logit_input_effect_mpp,8.672630310058594
single_shape,bn2_w16_gap,6005,centered_logit_input_effect_mpp,12.007354736328125
single_shape,bn2_w16_gap,6006,centered_logit_input_effect_mpp,13.298912048339844
single_shape,bn2_w16_gap,6007,centered_logit_input_effect_mpp,39.92997360229492
single_shape,bn2_w16_gap,6008,centered_logit_input_effect_mpp,16.754783630371094
single_shape,bn2_w16_gap,6009,centered_logit_input_effect_mpp,22.38167953491211
single_shape,bn2_w16_gap,6010,centered_logit_input_effect_mpp,24.865215301513672
single_shape,bn2_w16_gap,6011,centered_logit_input_effect_mpp,16.355960845947266
single_shape,bn2_w16_gap,6012,centered_logit_input_effect_mpp,19.90830421447754
single_shape,bn2_w16_gap,6013,centered_logit_input_effect_mpp,-4.128288269042969
single_shape,bn2_w16_gap,6014,centered_logit_input_effect_mpp,20.01579475402832
single_shape,bn2_w16_gap,6015,centered_logit_input_effect_mpp,10.742450714111328
single_shape,bn2_w16_gap,6016,centered_logit_input_effect_mpp,22.77419662475586
single_shape,bn2_w16_gap,6017,centered_logit_input_effect_mpp,-3.820049285888672
single_shape,bn2_w16_gap,6018,centered_logit_input_effect_mpp,23.594938278198242
single_shape,bn2_w16_gap,6019,centered_logit_input_effect_mpp,16.44329261779785
single_shape,bn2_w16_gap,6020,centered_logit_input_effect_mpp,31.581562042236328
single_shape,bn2_w16_gap,6021,centered_logit_input_effect_mpp,17.344470977783203
single_shape,bn2_w16_gap,6022,centered_logit_input_effect_mpp,18.002010345458984
single_shape,bn2_w16_gap,6023,centered_logit_input_effect_mpp,1.499002456665039
single_shape,bn2_w16_gap,6024,centered_logit_input_effect_mpp,26.98579978942871
single_shape,bn2_w16_gap,6025,centered_logit_input_effect_mpp,17.019760131835938
single_shape,bn2_w16_gap,6026,centered_logit_input_effect_mpp,15.081863403320312
single_shape,bn2_w16_gap,6027,centered_logit_input_effect_mpp,21.404151916503906
single_shape,bn2_w16_gap,6028,centered_logit_input_effect_mpp,26.41575813293457
single_shape,bn2_w16_gap,6029,centered_logit_input_effect_mpp,5.382499694824219
single_shape,bn2_w16_gap,6030,centered_logit_input_effect_mpp,25.108497619628906
single_shape,bn2_w16_gap,6031,centered_logit_input_effect_mpp,18.913745880126953
single_shape,bn2_w16_gap,6032,centered_logit_input_effect_mpp,23.3257999420166
single_shape,bn2_w16_gap,6033,centered_logit_input_effect_mpp,22.035690307617188
single_shape,bn2_w16_gap,6034,centered_logit_input_effect_mpp,21.875764846801758
single_shape,bn2_w16_gap,6035,centered_logit_input_effect_mpp,16.38143539428711
single_shape,bn2_w16_gap,6036,centered_logit_input_effect_mpp,8.978885650634766
single_shape,bn2_w16_gap,6037,centered_logit_input_effect_mpp,25.87447738647461
single_shape,bn2_w16_gap,6038,centered_logit_input_effect_mpp,16.325284957885742
single_shape,bn2_w16_gap,6039,centered_logit_input_effect_mpp,34.97687530517578
single_shape,bn2_w16_gap,6040,centered_logit_input_effect_mpp,42.68680953979492
single_shape,bn2_w16_gap,6041,centered_logit_input_effect_mpp,44.08865547180176
single_shape,bn2_w16_gap,6042,centered_logit_input_effect_mpp,21.835094451904297
single_shape,bn2_w16_gap,6043,centered_logit_input_effect_mpp,26.271451950073242
single_shape,bn2_w16_gap,6044,centered_logit_input_effect_mpp,14.041097640991211
single_shape,bn2_w16_gap,6045,centered_logit_input_effect_mpp,33.63705062866211
single_shape,bn2_w16_gap,6046,centered_logit_input_effect_mpp,16.120765686035156
single_shape,bn2_w16_gap,6047,centered_logit_input_effect_mpp,10.927839279174805
single_shape,bn2_w16_gap,6048,centered_logit_input_effect_mpp,12.427040100097656
single_shape,bn2_w16_gap,6049,centered_logit_input_effect_mpp,7.926815032958984
single_shape,bn2_w16_gap,6050,centered_logit_input_effect_mpp,27.173372268676758
single_shape,bn2_w16_gap,6051,centered_logit_input_effect_mpp,4.416168212890625
single_shape,bn2_w16_gap,6052,centered_logit_input_effect_mpp,19.514169692993164
single_shape,bn2_w16_gap,6053,centered_logit_input_effect_mpp,9.872085571289062
single_shape,bn2_w16_gap,6054,centered_logit_input_effect_mpp,22.341289520263672
single_shape,bn2_w16_gap,6055,centered_logit_input_effect_mpp,13.369056701660156
single_shape,bn2_w16_gap,6056,centered_logit_input_effect_mpp,11.259212493896484
single_shape,bn2_w16_gap,6057,centered_logit_input_effect_mpp,22.281356811523438
single_shape,bn2_w16_gap,6058,centered_logit_input_effect_mpp,30.511131286621094
single_shape,bn2_w16_gap,6059,centered_logit_input_effect_mpp,27.2471981048584
single_shape,bn2_w16_gap,6060,centered_logit_input_effect_mpp,16.11514663696289
single_shape,bn2_w16_gap,6061,centered_logit_input_effect_mpp,25.266510009765625
single_shape,bn2_w16_gap,6062,centered_logit_input_effect_mpp,-45.00875282287598
single_shape,bn2_w16_gap,6063,centered_logit_input_effect_mpp,24.340206146240234
single_shape,bn2_w16_gap,6064,centered_logit_input_effect_mpp,22.15937042236328
single_shape,bn2_w16_gap,6065,centered_logit_input_effect_mpp,24.499563217163086
single_shape,bn2_w16_gap,6066,centered_logit_input_effect_mpp,13.904029846191406
single_shape,bn2_w16_gap,6067,centered_logit_input_effect_mpp,18.131370544433594
single_shape,bn2_w16_gap,6068,centered_logit_input_effect_mpp,14.017683029174805
single_shape,bn2_w16_gap,6069,centered_logit_input_effect_mpp,26.582805633544922
single_shape,bn2_w16_gap,6070,centered_logit_input_effect_mpp,13.829704284667969
single_shape,bn2_w16_gap,6071,centered_logit_input_effect_mpp,30.254133224487305
single_shape,bn2_w16_gap,6072,centered_logit_input_effect_mpp,34.535030364990234
single_shape,bn2_w16_gap,6073,centered_logit_input_effect_mpp,32.64383888244629
single_shape,bn2_w16_gap,6074,centered_logit_input_effect_mpp,32.18129348754883
single_shape,bn2_w16_gap,6075,centered_logit_input_effect_mpp,15.473979949951172
single_shape,bn2_w16_gap,6076,centered_logit_input_effect_mpp,24.569427490234375
single_shape,bn2_w16_gap,6077,centered_logit_input_effect_mpp,8.851032257080078
single_shape,bn2_w16_gap,6078,centered_logit_input_effect_mpp,3.9362525939941406
single_shape,bn2_w16_gap,6079,centered_logit_input_effect_mpp,10.39053726196289
single_shape,bn2_w16_gap,6080,centered_logit_input_effect_mpp,19.49407958984375
single_shape,bn2_w16_gap,6081,centered_logit_input_effect_mpp,12.698507308959961
single_shape,bn2_w16_gap,6082,centered_logit_input_effect_mpp,36.064056396484375
single_shape,bn2_w16_gap,6083,centered_logit_input_effect_mpp,27.08047103881836
single_shape,bn2_w16_gap,6084,centered_logit_input_effect_mpp,14.780624389648438
single_shape,bn2_w16_gap,6085,centered_logit_input_effect_mpp,19.392274856567383
single_shape,bn2_w16_gap,6086,centered_logit_input_effect_mpp,15.073110580444336
single_shape,bn2_w16_gap,6087,centered_logit_input_effect_mpp,19.980215072631836
single_shape,bn2_w16_gap,6088,centered_logit_input_effect_mpp,31.54623794555664
single_shape,bn2_w16_gap,6089,centered_logit_input_effect_mpp,4.965324401855469
single_shape,bn2_w16_gap,6090,centered_logit_input_effect_mpp,39.88169479370117
single_shape,bn2_w16_gap,6091,centered_logit_input_effect_mpp,20.395965576171875
single_shape,bn2_w16_gap,6092,centered_logit_input_effect_mpp,30.38141632080078
single_shape,bn2_w16_gap,6093,centered_logit_input_effect_mpp,26.500171661376953
single_shape,bn2_w16_gap,6094,centered_logit_input_effect_mpp,22.565773010253906
single_shape,bn2_w16_gap,6095,centered_logit_input_effect_mpp,11.790014266967773
single_shape,bn2_w16_gap,6096,centered_logit_input_effect_mpp,36.52277183532715
single_shape,bn2_w16_gap,6097,centered_logit_input_effect_mpp,18.320466995239258
single_shape,bn2_w16_gap,6098,centered_logit_input_effect_mpp,12.086662292480469
single_shape,bn2_w16_gap,6099,centered_logit_input_effect_mpp,30.487964630126953
single_shape,bn2_w16_gmp,6000,centered_logit_input_effect_mpp,60.34556198120117
single_shape,bn2_w16_gmp,6001,centered_logit_input_effect_mpp,52.699371337890625
single_shape,bn2_w16_gmp,6002,centered_logit_input_effect_mpp,62.630126953125
single_shape,bn2_w16_gmp,6003,centered_logit_input_effect_mpp,54.23531723022461
single_shape,bn2_w16_gmp,6004,centered_logit_input_effect_mpp,61.96730041503906
single_shape,bn2_w16_gmp,6005,centered_logit_input_effect_mpp,64.80349731445312
single_shape,bn2_w16_gmp,6006,centered_logit_input_effect_mpp,54.6525764465332
single_shape,bn2_w16_gmp,6007,centered_logit_input_effect_mpp,64.4134521484375
single_shape,bn2_w16_gmp,6008,centered_logit_input_effect_mpp,49.45411682128906
single_shape,bn2_w16_gmp,6009,centered_logit_input_effect_mpp,61.47578430175781
single_shape,bn2_w16_gmp,6010,centered_logit_input_effect_mpp,51.539268493652344
single_shape,bn2_w16_gmp,6011,centered_logit_input_effect_mpp,59.527565002441406
single_shape,bn2_w16_gmp,6012,centered_logit_input_effect_mpp,53.925567626953125
single_shape,bn2_w16_gmp,6013,centered_logit_input_effect_mpp,58.62428283691406
single_shape,bn2_w16_gmp,6014,centered_logit_input_effect_mpp,51.74623107910156
single_shape,bn2_w16_gmp,6015,centered_logit_input_effect_mpp,48.50699996948242
single_shape,bn2_w16_gmp,6016,centered_logit_input_effect_mpp,58.160362243652344
single_shape,bn2_w16_gmp,6017,centered_logit_input_effect_mpp,67.66203308105469
single_shape,bn2_w16_gmp,6018,centered_logit_input_effect_mpp,59.351078033447266
single_shape,bn2_w16_gmp,6019,centered_logit_input_effect_mpp,51.48032760620117
single_shape,bn2_w16_gmp,6020,centered_logit_input_effect_mpp,65.19142150878906
single_shape,bn2_w16_gmp,6021,centered_logit_input_effect_mpp,54.75696563720703
single_shape,bn2_w16_gmp,6022,centered_logit_input_effect_mpp,51.775291442871094
single_shape,bn2_w16_gmp,6023,centered_logit_input_effect_mpp,49.14515686035156
single_shape,bn2_w16_gmp,6024,centered_logit_input_effect_mpp,54.21257019042969
single_shape,bn2_w16_gmp,6025,centered_logit_input_effect_mpp,64.97152709960938
single_shape,bn2_w16_gmp,6026,centered_logit_input_effect_mpp,56.2030029296875
single_shape,bn2_w16_gmp,6027,centered_logit_input_effect_mpp,62.794654846191406
single_shape,bn2_w16_gmp,6028,centered_logit_input_effect_mpp,68.05315780639648
single_shape,bn2_w16_gmp,6029,centered_logit_input_effect_mpp,72.43342208862305
single_shape,bn2_w16_gmp,6030,centered_logit_input_effect_mpp,66.35520553588867
single_shape,bn2_w16_gmp,6031,centered_logit_input_effect_mpp,51.06473159790039
single_shape,bn2_w16_gmp,6032,centered_logit_input_effect_mpp,66.78024291992188
single_shape,bn2_w16_gmp,6033,centered_logit_input_effect_mpp,58.30434799194336
single_shape,bn2_w16_gmp,6034,centered_logit_input_effect_mpp,57.52865982055664
single_shape,bn2_w16_gmp,6035,centered_logit_input_effect_mpp,68.05826568603516
single_shape,bn2_w16_gmp,6036,centered_logit_input_effect_mpp,56.007957458496094
single_shape,bn2_w16_gmp,6037,centered_logit_input_effect_mpp,48.85544967651367
single_shape,bn2_w16_gmp,6038,centered_logit_input_effect_mpp,60.40380859375
single_shape,bn2_w16_gmp,6039,centered_logit_input_effect_mpp,55.69590759277344
single_shape,bn2_w16_gmp,6040,centered_logit_input_effect_mpp,52.892791748046875
single_shape,bn2_w16_gmp,6041,centered_logit_input_effect_mpp,51.853965759277344
single_shape,bn2_w16_gmp,6042,centered_logit_input_effect_mpp,59.52171325683594
single_shape,bn2_w16_gmp,6043,centered_logit_input_effect_mpp,73.73756408691406
single_shape,bn2_w16_gmp,6044,centered_logit_input_effect_mpp,72.26508331298828
single_shape,bn2_w16_gmp,6045,centered_logit_input_effect_mpp,64.76560592651367
single_shape,bn2_w16_gmp,6046,centered_logit_input_effect_mpp,54.93266296386719
single_shape,bn2_w16_gmp,6047,centered_logit_input_effect_mpp,49.239105224609375
single_shape,bn2_w16_gmp,6048,centered_logit_input_effect_mpp,48.15464782714844
single_shape,bn2_w16_gmp,6049,centered_logit_input_effect_mpp,74.79447937011719
single_shape,bn2_w16_gmp,6050,centered_logit_input_effect_mpp,50.85645294189453
single_shape,bn2_w16_gmp,6051,centered_logit_input_effect_mpp,60.72491455078125
single_shape,bn2_w16_gmp,6052,centered_logit_input_effect_mpp,59.77271270751953
single_shape,bn2_w16_gmp,6053,centered_logit_input_effect_mpp,56.431339263916016
single_shape,bn2_w16_gmp,6054,centered_logit_input_effect_mpp,51.23111343383789
single_shape,bn2_w16_gmp,6055,centered_logit_input_effect_mpp,58.674095153808594
single_shape,bn2_w16_gmp,6056,centered_logit_input_effect_mpp,50.81252670288086
single_shape,bn2_w16_gmp,6057,centered_logit_input_effect_mpp,57.89852523803711
single_shape,bn2_w16_gmp,6058,centered_logit_input_effect_mpp,62.94097137451172
single_shape,bn2_w16_gmp,6059,centered_logit_input_effect_mpp,58.42587661743164
single_shape,bn2_w16_gmp,6060,centered_logit_input_effect_mpp,55.15210723876953
single_shape,bn2_w16_gmp,6061,centered_logit_input_effect_mpp,52.13227081298828
single_shape,bn2_w16_gmp,6062,centered_logit_input_effect_mpp,60.31254959106445
single_shape,bn2_w16_gmp,6063,centered_logit_input_effect_mpp,64.77714538574219
single_shape,bn2_w16_gmp,6064,centered_logit_input_effect_mpp,56.27375793457031
single_shape,bn2_w16_gmp,6065,centered_logit_input_effect_mpp,61.24089813232422
single_shape,bn2_w16_gmp,6066,centered_logit_input_effect_mpp,58.51051712036133
single_shape,bn2_w16_gmp,6067,centered_logit_input_effect_mpp,45.74979019165039
single_shape,bn2_w16_gmp,6068,centered_logit_input_effect_mpp,50.003353118896484
single_shape,bn2_w16_gmp,6069,centered_logit_input_effect_mpp,53.08344268798828
single_shape,bn2_w16_gmp,6070,centered_logit_input_effect_mpp,63.150672912597656
single_shape,bn2_w16_gmp,6071,centered_logit_input_effect_mpp,64.5689697265625
single_shape,bn2_w16_gmp,6072,centered_logit_input_effect_mpp,60.26006317138672
single_shape,bn2_w16_gmp,6073,centered_logit_input_effect_mpp,61.39970397949219
single_shape,bn2_w16_gmp,6074,centered_logit_input_effect_mpp,60.38774108886719
single_shape,bn2_w16_gmp,6075,centered_logit_input_effect_mpp,70.75099182128906
single_shape,bn2_w16_gmp,6076,centered_logit_input_effect_mpp,63.10966873168945
single_shape,bn2_w16_gmp,6077,centered_logit_input_effect_mpp,57.0617561340332
single_shape,bn2_w16_gmp,6078,centered_logit_input_effect_mpp,43.116615295410156
single_shape,bn2_w16_gmp,6079,centered_logit_input_effect_mpp,85.03104782104492
single_shape,bn2_w16_gmp,6080,centered_logit_input_effect_mpp,61.09820556640625
single_shape,bn2_w16_gmp,6081,centered_logit_input_effect_mpp,57.1322135925293
single_shape,bn2_w16_gmp,6082,centered_logit_input_effect_mpp,67.80981826782227
single_shape,bn2_w16_gmp,6083,centered_logit_input_effect_mpp,56.742706298828125
single_shape,bn2_w16_gmp,6084,centered_logit_input_effect_mpp,50.375244140625
single_shape,bn2_w16_gmp,6085,centered_logit_input_effect_mpp,51.02954864501953
single_shape,bn2_w16_gmp,6086,centered_logit_input_effect_mpp,54.33049774169922
single_shape,bn2_w16_gmp,6087,centered_logit_input_effect_mpp,55.108272552490234
single_shape,bn2_w16_gmp,6088,centered_logit_input_effect_mpp,57.070011138916016
single_shape,bn2_w16_gmp,6089,centered_logit_input_effect_mpp,51.175987243652344
single_shape,bn2_w16_gmp,6090,centered_logit_input_effect_mpp,58.76019287109375
single_shape,bn2_w16_gmp,6091,centered_logit_input_effect_mpp,59.3232421875
single_shape,bn2_w16_gmp,6092,centered_logit_input_effect_mpp,53.12128448486328
single_shape,bn2_w16_gmp,6093,centered_logit_input_effect_mpp,61.61827087402344
single_shape,bn2_w16_gmp,6094,centered_logit_input_effect_mpp,64.0341682434082
single_shape,bn2_w16_gmp,6095,centered_logit_input_effect_mpp,61.08270263671875
single_shape,bn2_w16_gmp,6096,centered_logit_input_effect_mpp,70.2244873046875
single_shape,bn2_w16_gmp,6097,centered_logit_input_effect_mpp,40.84852600097656
single_shape,bn2_w16_gmp,6098,centered_logit_input_effect_mpp,69.39863586425781
single_shape,bn2_w16_gmp,6099,centered_logit_input_effect_mpp,69.48759841918945
single_shape,bn4_w16_gap,6000,centered_logit_input_effect_mpp,7.314117431640625
single_shape,bn4_w16_gap,6001,centered_logit_input_effect_mpp,4.743259429931641
single_shape,bn4_w16_gap,6002,centered_logit_input_effect_mpp,9.487667083740234
single_shape,bn4_w16_gap,6003,centered_logit_input_effect_mpp,3.5240402221679688
single_shape,bn4_w16_gap,6004,centered_logit_input_effect_mpp,5.1057586669921875
single_shape,bn4_w16_gap,6005,centered_logit_input_effect_mpp,5.0742034912109375
single_shape,bn4_w16_gap,6006,centered_logit_input_effect_mpp,5.354362487792969
single_shape,bn4_w16_gap,6007,centered_logit_input_effect_mpp,8.164203643798828
single_shape,bn4_w16_gap,6008,centered_logit_input_effect_mpp,9.95766830444336
single_shape,bn4_w16_gap,6009,centered_logit_input_effect_mpp,8.713653564453125
single_shape,bn4_w16_gap,6010,centered_logit_input_effect_mpp,6.683109283447266
single_shape,bn4_w16_gap,6011,centered_logit_input_effect_mpp,6.369388580322266
single_shape,bn4_w16_gap,6012,centered_logit_input_effect_mpp,5.144222259521484
single_shape,bn4_w16_gap,6013,centered_logit_input_effect_mpp,5.5558624267578125
single_shape,bn4_w16_gap,6014,centered_logit_input_effect_mpp,6.933464050292969
single_shape,bn4_w16_gap,6015,centered_logit_input_effect_mpp,5.370811462402344
single_shape,bn4_w16_gap,6016,centered_logit_input_effect_mpp,4.5358428955078125
single_shape,bn4_w16_gap,6017,centered_logit_input_effect_mpp,5.860771179199219
single_shape,bn4_w16_gap,6018,centered_logit_input_effect_mpp,5.782661437988281
single_shape,bn4_w16_gap,6019,centered_logit_input_effect_mpp,4.8138275146484375
single_shape,bn4_w16_gap,6020,centered_logit_input_effect_mpp,6.841941833496094
single_shape,bn4_w16_gap,6021,centered_logit_input_effect_mpp,4.922935485839844
single_shape,bn4_w16_gap,6022,centered_logit_input_effect_mpp,2.6547088623046875
single_shape,bn4_w16_gap,6023,centered_logit_input_effect_mpp,4.34375
single_shape,bn4_w16_gap,6024,centered_logit_input_effect_mpp,4.22111701965332
single_shape,bn4_w16_gap,6025,centered_logit_input_effect_mpp,5.952178955078125
single_shape,bn4_w16_gap,6026,centered_logit_input_effect_mpp,4.169704437255859
single_shape,bn4_w16_gap,6027,centered_logit_input_effect_mpp,8.187423706054688
single_shape,bn4_w16_gap,6028,centered_logit_input_effect_mpp,4.611579895019531
single_shape,bn4_w16_gap,6029,centered_logit_input_effect_mpp,4.76763916015625
single_shape,bn4_w16_gap,6030,centered_logit_input_effect_mpp,6.139598846435547
single_shape,bn4_w16_gap,6031,centered_logit_input_effect_mpp,3.8761672973632812
single_shape,bn4_w16_gap,6032,centered_logit_input_effect_mpp,6.815807342529297
single_shape,bn4_w16_gap,6033,centered_logit_input_effect_mpp,3.815521240234375
single_shape,bn4_w16_gap,6034,centered_logit_input_effect_mpp,4.646434783935547
single_shape,bn4_w16_gap,6035,centered_logit_input_effect_mpp,3.0042381286621094
single_shape,bn4_w16_gap,6036,centered_logit_input_effect_mpp,3.478771209716797
single_shape,bn4_w16_gap,6037,centered_logit_input_effect_mpp,7.193538665771484
single_shape,bn4_w16_gap,6038,centered_logit_input_effect_mpp,4.823158264160156
single_shape,bn4_w16_gap,6039,centered_logit_input_effect_mpp,3.7448883056640625
single_shape,bn4_w16_gap,6040,centered_logit_input_effect_mpp,8.811824798583984
single_shape,bn4_w16_gap,6041,centered_logit_input_effect_mpp,8.0157470703125
single_shape,bn4_w16_gap,6042,centered_logit_input_effect_mpp,6.021717071533203
single_shape,bn4_w16_gap,6043,centered_logit_input_effect_mpp,2.8301658630371094
single_shape,bn4_w16_gap,6044,centered_logit_input_effect_mpp,5.739017486572266
single_shape,bn4_w16_gap,6045,centered_logit_input_effect_mpp,6.1848602294921875
single_shape,bn4_w16_gap,6046,centered_logit_input_effect_mpp,7.036125183105469
single_shape,bn4_w16_gap,6047,centered_logit_input_effect_mpp,5.484718322753906
single_shape,bn4_w16_gap,6048,centered_logit_input_effect_mpp,4.293186187744141
single_shape,bn4_w16_gap,6049,centered_logit_input_effect_mpp,6.5702667236328125
single_shape,bn4_w16_gap,6050,centered_logit_input_effect_mpp,6.099647521972656
single_shape,bn4_w16_gap,6051,centered_logit_input_effect_mpp,7.077610015869141
single_shape,bn4_w16_gap,6052,centered_logit_input_effect_mpp,6.077060699462891
single_shape,bn4_w16_gap,6053,centered_logit_input_effect_mpp,5.626091003417969
single_shape,bn4_w16_gap,6054,centered_logit_input_effect_mpp,4.598335266113281
single_shape,bn4_w16_gap,6055,centered_logit_input_effect_mpp,2.6918869018554688
single_shape,bn4_w16_gap,6056,centered_logit_input_effect_mpp,6.7287139892578125
single_shape,bn4_w16_gap,6057,centered_logit_input_effect_mpp,6.479911804199219
single_shape,bn4_w16_gap,6058,centered_logit_input_effect_mpp,5.780464172363281
single_shape,bn4_w16_gap,6059,centered_logit_input_effect_mpp,7.133674621582031
single_shape,bn4_w16_gap,6060,centered_logit_input_effect_mpp,4.860389709472656
single_shape,bn4_w16_gap,6061,centered_logit_input_effect_mpp,6.183864593505859
single_shape,bn4_w16_gap,6062,centered_logit_input_effect_mpp,8.32303237915039
single_shape,bn4_w16_gap,6063,centered_logit_input_effect_mpp,8.362264633178711
single_shape,bn4_w16_gap,6064,centered_logit_input_effect_mpp,1.8237380981445312
single_shape,bn4_w16_gap,6065,centered_logit_input_effect_mpp,3.0128021240234375
single_shape,bn4_w16_gap,6066,centered_logit_input_effect_mpp,3.3232383728027344
single_shape,bn4_w16_gap,6067,centered_logit_input_effect_mpp,8.741369247436523
single_shape,bn4_w16_gap,6068,centered_logit_input_effect_mpp,22.565845489501953
single_shape,bn4_w16_gap,6069,centered_logit_input_effect_mpp,7.767070770263672
single_shape,bn4_w16_gap,6070,centered_logit_input_effect_mpp,9.07711410522461
single_shape,bn4_w16_gap,6071,centered_logit_input_effect_mpp,5.688362121582031
single_shape,bn4_w16_gap,6072,centered_logit_input_effect_mpp,6.313346862792969
single_shape,bn4_w16_gap,6073,centered_logit_input_effect_mpp,6.2259063720703125
single_shape,bn4_w16_gap,6074,centered_logit_input_effect_mpp,4.8003387451171875
single_shape,bn4_w16_gap,6075,centered_logit_input_effect_mpp,4.815521240234375
single_shape,bn4_w16_gap,6076,centered_logit_input_effect_mpp,10.580772399902344
single_shape,bn4_w16_gap,6077,centered_logit_input_effect_mpp,6.137489318847656
single_shape,bn4_w16_gap,6078,centered_logit_input_effect_mpp,4.078132629394531
single_shape,bn4_w16_gap,6079,centered_logit_input_effect_mpp,8.111560821533203
single_shape,bn4_w16_gap,6080,centered_logit_input_effect_mpp,5.297420501708984
single_shape,bn4_w16_gap,6081,centered_logit_input_effect_mpp,2.6521148681640625
single_shape,bn4_w16_gap,6082,centered_logit_input_effect_mpp,2.8939056396484375
single_shape,bn4_w16_gap,6083,centered_logit_input_effect_mpp,6.036418914794922
single_shape,bn4_w16_gap,6084,centered_logit_input_effect_mpp,4.695610046386719
single_shape,bn4_w16_gap,6085,centered_logit_input_effect_mpp,6.502910614013672
single_shape,bn4_w16_gap,6086,centered_logit_input_effect_mpp,6.77960205078125
single_shape,bn4_w16_gap,6087,centered_logit_input_effect_mpp,6.342063903808594
single_shape,bn4_w16_gap,6088,centered_logit_input_effect_mpp,6.781669616699219
single_shape,bn4_w16_gap,6089,centered_logit_input_effect_mpp,3.7957992553710938
single_shape,bn4_w16_gap,6090,centered_logit_input_effect_mpp,3.347728729248047
single_shape,bn4_w16_gap,6091,centered_logit_input_effect_mpp,7.6941680908203125
single_shape,bn4_w16_gap,6092,centered_logit_input_effect_mpp,5.437248229980469
single_shape,bn4_w16_gap,6093,centered_logit_input_effect_mpp,13.588203430175781
single_shape,bn4_w16_gap,6094,centered_logit_input_effect_mpp,5.2388458251953125
single_shape,bn4_w16_gap,6095,centered_logit_input_effect_mpp,4.452701568603516
single_shape,bn4_w16_gap,6096,centered_logit_input_effect_mpp,4.612174987792969
single_shape,bn4_w16_gap,6097,centered_logit_input_effect_mpp,6.461647033691406
single_shape,bn4_w16_gap,6098,centered_logit_input_effect_mpp,5.519138336181641
single_shape,bn4_w16_gap,6099,centered_logit_input_effect_mpp,5.1049652099609375
single_shape,bn4_w16_gmp,6000,centered_logit_input_effect_mpp,9.948799133300781
single_shape,bn4_w16_gmp,6001,centered_logit_input_effect_mpp,11.947952270507812
single_shape,bn4_w16_gmp,6002,centered_logit_input_effect_mpp,14.358993530273438
single_shape,bn4_w16_gmp,6003,centered_logit_input_effect_mpp,10.168701171875
single_shape,bn4_w16_gmp,6004,centered_logit_input_effect_mpp,13.455581665039062
single_shape,bn4_w16_gmp,6005,centered_logit_input_effect_mpp,13.121322631835938
single_shape,bn4_w16_gmp,6006,centered_logit_input_effect_mpp,18.619415283203125
single_shape,bn4_w16_gmp,6007,centered_logit_input_effect_mpp,15.883323669433594
single_shape,bn4_w16_gmp,6008,centered_logit_input_effect_mpp,11.689094543457031
single_shape,bn4_w16_gmp,6009,centered_logit_input_effect_mpp,12.792732238769531
single_shape,bn4_w16_gmp,6010,centered_logit_input_effect_mpp,10.818412780761719
single_shape,bn4_w16_gmp,6011,centered_logit_input_effect_mpp,11.190254211425781
single_shape,bn4_w16_gmp,6012,centered_logit_input_effect_mpp,14.173828125
single_shape,bn4_w16_gmp,6013,centered_logit_input_effect_mpp,24.05127716064453
single_shape,bn4_w16_gmp,6014,centered_logit_input_effect_mpp,6.995307922363281
single_shape,bn4_w16_gmp,6015,centered_logit_input_effect_mpp,6.6835784912109375
single_shape,bn4_w16_gmp,6016,centered_logit_input_effect_mpp,16.562667846679688
single_shape,bn4_w16_gmp,6017,centered_logit_input_effect_mpp,11.668724060058594
single_shape,bn4_w16_gmp,6018,centered_logit_input_effect_mpp,10.809822082519531
single_shape,bn4_w16_gmp,6019,centered_logit_input_effect_mpp,18.189537048339844
single_shape,bn4_w16_gmp,6020,centered_logit_input_effect_mpp,11.856986999511719
single_shape,bn4_w16_gmp,6021,centered_logit_input_effect_mpp,16.37787628173828
single_shape,bn4_w16_gmp,6022,centered_logit_input_effect_mpp,9.671272277832031
single_shape,bn4_w16_gmp,6023,centered_logit_input_effect_mpp,12.5894775390625
single_shape,bn4_w16_gmp,6024,centered_logit_input_effect_mpp,12.199455261230469
single_shape,bn4_w16_gmp,6025,centered_logit_input_effect_mpp,13.291351318359375
single_shape,bn4_w16_gmp,6026,centered_logit_input_effect_mpp,14.188888549804688
single_shape,bn4_w16_gmp,6027,centered_logit_input_effect_mpp,13.2418212890625
single_shape,bn4_w16_gmp,6028,centered_logit_input_effect_mpp,19.542953491210938
single_shape,bn4_w16_gmp,6029,centered_logit_input_effect_mpp,14.395454406738281
single_shape,bn4_w16_gmp,6030,centered_logit_input_effect_mpp,9.095710754394531
single_shape,bn4_w16_gmp,6031,centered_logit_input_effect_mpp,15.16070556640625
single_shape,bn4_w16_gmp,6032,centered_logit_input_effect_mpp,19.25257110595703
single_shape,bn4_w16_gmp,6033,centered_logit_input_effect_mpp,16.26221466064453
single_shape,bn4_w16_gmp,6034,centered_logit_input_effect_mpp,11.086212158203125
single_shape,bn4_w16_gmp,6035,centered_logit_input_effect_mpp,10.698677062988281
single_shape,bn4_w16_gmp,6036,centered_logit_input_effect_mpp,15.621109008789062
single_shape,bn4_w16_gmp,6037,centered_logit_input_effect_mpp,16.051132202148438
single_shape,bn4_w16_gmp,6038,centered_logit_input_effect_mpp,13.273773193359375
single_shape,bn4_w16_gmp,6039,centered_logit_input_effect_mpp,3.9041976928710938
single_shape,bn4_w16_gmp,6040,centered_logit_input_effect_mpp,16.921524047851562
single_shape,bn4_w16_gmp,6041,centered_logit_input_effect_mpp,17.496200561523438
single_shape,bn4_w16_gmp,6042,centered_logit_input_effect_mpp,14.119354248046875
single_shape,bn4_w16_gmp,6043,centered_logit_input_effect_mpp,10.383110046386719
single_shape,bn4_w16_gmp,6044,centered_logit_input_effect_mpp,14.084640502929688
single_shape,bn4_w16_gmp,6045,centered_logit_input_effect_mpp,14.021339416503906
single_shape,bn4_w16_gmp,6046,centered_logit_input_effect_mpp,10.890518188476562
single_shape,bn4_w16_gmp,6047,centered_logit_input_effect_mpp,12.033843994140625
single_shape,bn4_w16_gmp,6048,centered_logit_input_effect_mpp,8.889778137207031
single_shape,bn4_w16_gmp,6049,centered_logit_input_effect_mpp,14.318305969238281
single_shape,bn4_w16_gmp,6050,centered_logit_input_effect_mpp,12.548751831054688
single_shape,bn4_w16_gmp,6051,centered_logit_input_effect_mpp,15.752388000488281
single_shape,bn4_w16_gmp,6052,centered_logit_input_effect_mpp,11.39520263671875
single_shape,bn4_w16_gmp,6053,centered_logit_input_effect_mpp,11.379806518554688
single_shape,bn4_w16_gmp,6054,centered_logit_input_effect_mpp,12.583511352539062
single_shape,bn4_w16_gmp,6055,centered_logit_input_effect_mpp,15.876792907714844
single_shape,bn4_w16_gmp,6056,centered_logit_input_effect_mpp,15.864227294921875
single_shape,bn4_w16_gmp,6057,centered_logit_input_effect_mpp,15.021064758300781
single_shape,bn4_w16_gmp,6058,centered_logit_input_effect_mpp,15.416748046875
single_shape,bn4_w16_gmp,6059,centered_logit_input_effect_mpp,11.506576538085938
single_shape,bn4_w16_gmp,6060,centered_logit_input_effect_mpp,14.281929016113281
single_shape,bn4_w16_gmp,6061,centered_logit_input_effect_mpp,10.787498474121094
single_shape,bn4_w16_gmp,6062,centered_logit_input_effect_mpp,9.758834838867188
single_shape,bn4_w16_gmp,6063,centered_logit_input_effect_mpp,10.840545654296875
single_shape,bn4_w16_gmp,6064,centered_logit_input_effect_mpp,11.354316711425781
single_shape,bn4_w16_gmp,6065,centered_logit_input_effect_mpp,11.563148498535156
single_shape,bn4_w16_gmp,6066,centered_logit_input_effect_mpp,19.605491638183594
single_shape,bn4_w16_gmp,6067,centered_logit_input_effect_mpp,10.483421325683594
single_shape,bn4_w16_gmp,6068,centered_logit_input_effect_mpp,9.282821655273438
single_shape,bn4_w16_gmp,6069,centered_logit_input_effect_mpp,9.698432922363281
single_shape,bn4_w16_gmp,6070,centered_logit_input_effect_mpp,14.273353576660156
single_shape,bn4_w16_gmp,6071,centered_logit_input_effect_mpp,16.532073974609375
single_shape,bn4_w16_gmp,6072,centered_logit_input_effect_mpp,12.435295104980469
single_shape,bn4_w16_gmp,6073,centered_logit_input_effect_mpp,13.647430419921875
single_shape,bn4_w16_gmp,6074,centered_logit_input_effect_mpp,19.17089080810547
single_shape,bn4_w16_gmp,6075,centered_logit_input_effect_mpp,11.665962219238281
single_shape,bn4_w16_gmp,6076,centered_logit_input_effect_mpp,13.404159545898438
single_shape,bn4_w16_gmp,6077,centered_logit_input_effect_mpp,10.753181457519531
single_shape,bn4_w16_gmp,6078,centered_logit_input_effect_mpp,19.438072204589844
single_shape,bn4_w16_gmp,6079,centered_logit_input_effect_mpp,10.702621459960938
single_shape,bn4_w16_gmp,6080,centered_logit_input_effect_mpp,9.831901550292969
single_shape,bn4_w16_gmp,6081,centered_logit_input_effect_mpp,20.735122680664062
single_shape,bn4_w16_gmp,6082,centered_logit_input_effect_mpp,12.873992919921875
single_shape,bn4_w16_gmp,6083,centered_logit_input_effect_mpp,15.774131774902344
single_shape,bn4_w16_gmp,6084,centered_logit_input_effect_mpp,8.572013854980469
single_shape,bn4_w16_gmp,6085,centered_logit_input_effect_mpp,12.957252502441406
single_shape,bn4_w16_gmp,6086,centered_logit_input_effect_mpp,19.08361053466797
single_shape,bn4_w16_gmp,6087,centered_logit_input_effect_mpp,12.939506530761719
single_shape,bn4_w16_gmp,6088,centered_logit_input_effect_mpp,15.250740051269531
single_shape,bn4_w16_gmp,6089,centered_logit_input_effect_mpp,18.841384887695312
single_shape,bn4_w16_gmp,6090,centered_logit_input_effect_mpp,15.5797119140625
single_shape,bn4_w16_gmp,6091,centered_logit_input_effect_mpp,12.7606201171875
single_shape,bn4_w16_gmp,6092,centered_logit_input_effect_mpp,22.02783203125
single_shape,bn4_w16_gmp,6093,centered_logit_input_effect_mpp,16.52320098876953
single_shape,bn4_w16_gmp,6094,centered_logit_input_effect_mpp,14.097297668457031
single_shape,bn4_w16_gmp,6095,centered_logit_input_effect_mpp,14.781890869140625
single_shape,bn4_w16_gmp,6096,centered_logit_input_effect_mpp,12.50396728515625
single_shape,bn4_w16_gmp,6097,centered_logit_input_effect_mpp,10.220870971679688
single_shape,bn4_w16_gmp,6098,centered_logit_input_effect_mpp,17.997238159179688
single_shape,bn4_w16_gmp,6099,centered_logit_input_effect_mpp,9.944999694824219
single_shape,plain2_w16_gap,6000,centered_logit_input_effect_mpp,371.1243839263916
single_shape,plain2_w16_gap,6001,centered_logit_input_effect_mpp,497.4848403930664
single_shape,plain2_w16_gap,6002,centered_logit_input_effect_mpp,352.7515754699707
single_shape,plain2_w16_gap,6003,centered_logit_input_effect_mpp,150.87315559387207
single_shape,plain2_w16_gap,6004,centered_logit_input_effect_mpp,295.1449451446533
single_shape,plain2_w16_gap,6005,centered_logit_input_effect_mpp,259.6410026550293
single_shape,plain2_w16_gap,6006,centered_logit_input_effect_mpp,211.569974899292
single_shape,plain2_w16_gap,6007,centered_logit_input_effect_mpp,366.655216217041
single_shape,plain2_w16_gap,6008,centered_logit_input_effect_mpp,381.25236320495605
single_shape,plain2_w16_gap,6009,centered_logit_input_effect_mpp,447.03841400146484
single_shape,plain2_w16_gap,6010,centered_logit_input_effect_mpp,243.6009063720703
single_shape,plain2_w16_gap,6011,centered_logit_input_effect_mpp,271.9583568572998
single_shape,plain2_w16_gap,6012,centered_logit_input_effect_mpp,313.6465702056885
single_shape,plain2_w16_gap,6013,centered_logit_input_effect_mpp,210.2994785308838
single_shape,plain2_w16_gap,6014,centered_logit_input_effect_mpp,281.802095413208
single_shape,plain2_w16_gap,6015,centered_logit_input_effect_mpp,330.6225700378418
single_shape,plain2_w16_gap,6016,centered_logit_input_effect_mpp,357.96130752563477
single_shape,plain2_w16_gap,6017,centered_logit_input_effect_mpp,413.35754776000977
single_shape,plain2_w16_gap,6018,centered_logit_input_effect_mpp,359.37330627441406
single_shape,plain2_w16_gap,6019,centered_logit_input_effect_mpp,241.36198806762695
single_shape,plain2_w16_gap,6020,centered_logit_input_effect_mpp,332.5235843658447
single_shape,plain2_w16_gap,6021,centered_logit_input_effect_mpp,347.8757667541504
single_shape,plain2_w16_gap,6022,centered_logit_input_effect_mpp,336.26619148254395
single_shape,plain2_w16_gap,6023,centered_logit_input_effect_mpp,227.12899017333984
single_shape,plain2_w16_gap,6024,centered_logit_input_effect_mpp,219.95605087280273
single_shape,plain2_w16_gap,6025,centered_logit_input_effect_mpp,254.56926155090332
single_shape,plain2_w16_gap,6026,centered_logit_input_effect_mpp,278.9914722442627
single_shape,plain2_w16_gap,6027,centered_logit_input_effect_mpp,390.5547332763672
single_shape,plain2_w16_gap,6028,centered_logit_input_effect_mpp,195.80093574523926
single_shape,plain2_w16_gap,6029,centered_logit_input_effect_mpp,352.5669822692871
single_shape,plain2_w16_gap,6030,centered_logit_input_effect_mpp,305.99371337890625
single_shape,plain2_w16_gap,6031,centered_logit_input_effect_mpp,241.48795127868652
single_shape,plain2_w16_gap,6032,centered_logit_input_effect_mpp,319.989688873291
single_shape,plain2_w16_gap,6033,centered_logit_input_effect_mpp,365.3969249725342
single_shape,plain2_w16_gap,6034,centered_logit_input_effect_mpp,382.81468772888184
single_shape,plain2_w16_gap,6035,centered_logit_input_effect_mpp,234.2481803894043
single_shape,plain2_w16_gap,6036,centered_logit_input_effect_mpp,279.9147148132324
single_shape,plain2_w16_gap,6037,centered_logit_input_effect_mpp,158.73866653442383
single_shape,plain2_w16_gap,6038,centered_logit_input_effect_mpp,272.9546890258789
single_shape,plain2_w16_gap,6039,centered_logit_input_effect_mpp,218.70891952514648
single_shape,plain2_w16_gap,6040,centered_logit_input_effect_mpp,304.34404945373535
single_shape,plain2_w16_gap,6041,centered_logit_input_effect_mpp,221.88128471374512
single_shape,plain2_w16_gap,6042,centered_logit_input_effect_mpp,291.2992134094238
single_shape,plain2_w16_gap,6043,centered_logit_input_effect_mpp,300.33856773376465
single_shape,plain2_w16_gap,6044,centered_logit_input_effect_mpp,276.97242546081543
single_shape,plain2_w16_gap,6045,centered_logit_input_effect_mpp,298.40127182006836
single_shape,plain2_w16_gap,6046,centered_logit_input_effect_mpp,327.2171630859375
single_shape,plain2_w16_gap,6047,centered_logit_input_effect_mpp,329.45627212524414
single_shape,plain2_w16_gap,6048,centered_logit_input_effect_mpp,255.7864875793457
single_shape,plain2_w16_gap,6049,centered_logit_input_effect_mpp,183.91083145141602
single_shape,plain2_w16_gap,6050,centered_logit_input_effect_mpp,239.84304809570312
single_shape,plain2_w16_gap,6051,centered_logit_input_effect_mpp,351.08713150024414
single_shape,plain2_w16_gap,6052,centered_logit_input_effect_mpp,267.4907817840576
single_shape,plain2_w16_gap,6053,centered_logit_input_effect_mpp,261.5119113922119
single_shape,plain2_w16_gap,6054,centered_logit_input_effect_mpp,265.55938720703125
single_shape,plain2_w16_gap,6055,centered_logit_input_effect_mpp,303.6168746948242
single_shape,plain2_w16_gap,6056,centered_logit_input_effect_mpp,291.4850387573242
single_shape,plain2_w16_gap,6057,centered_logit_input_effect_mpp,208.46864128112793
single_shape,plain2_w16_gap,6058,centered_logit_input_effect_mpp,167.56462287902832
single_shape,plain2_w16_gap,6059,centered_logit_input_effect_mpp,300.9115295410156
single_shape,plain2_w16_gap,6060,centered_logit_input_effect_mpp,242.83931922912598
single_shape,plain2_w16_gap,6061,centered_logit_input_effect_mpp,209.34158325195312
single_shape,plain2_w16_gap,6062,centered_logit_input_effect_mpp,277.6499843597412
single_shape,plain2_w16_gap,6063,centered_logit_input_effect_mpp,333.4242172241211
single_shape,plain2_w16_gap,6064,centered_logit_input_effect_mpp,349.76856994628906
single_shape,plain2_w16_gap,6065,centered_logit_input_effect_mpp,306.67224884033203
single_shape,plain2_w16_gap,6066,centered_logit_input_effect_mpp,474.1842288970947
single_shape,plain2_w16_gap,6067,centered_logit_input_effect_mpp,218.81843376159668
single_shape,plain2_w16_gap,6068,centered_logit_input_effect_mpp,287.22419357299805
single_shape,plain2_w16_gap,6069,centered_logit_input_effect_mpp,248.00440788269043
single_shape,plain2_w16_gap,6070,centered_logit_input_effect_mpp,210.68774604797363
single_shape,plain2_w16_gap,6071,centered_logit_input_effect_mpp,344.7483825683594
single_shape,plain2_w16_gap,6072,centered_logit_input_effect_mpp,274.1643753051758
single_shape,plain2_w16_gap,6073,centered_logit_input_effect_mpp,301.0176258087158
single_shape,plain2_w16_gap,6074,centered_logit_input_effect_mpp,240.27855491638184
single_shape,plain2_w16_gap,6075,centered_logit_input_effect_mpp,329.6059913635254
single_shape,plain2_w16_gap,6076,centered_logit_input_effect_mpp,253.91008377075195
single_shape,plain2_w16_gap,6077,centered_logit_input_effect_mpp,274.70800399780273
single_shape,plain2_w16_gap,6078,centered_logit_input_effect_mpp,262.8338279724121
single_shape,plain2_w16_gap,6079,centered_logit_input_effect_mpp,357.0259475708008
single_shape,plain2_w16_gap,6080,centered_logit_input_effect_mpp,244.10126876831055
single_shape,plain2_w16_gap,6081,centered_logit_input_effect_mpp,202.4631519317627
single_shape,plain2_w16_gap,6082,centered_logit_input_effect_mpp,322.85214614868164
single_shape,plain2_w16_gap,6083,centered_logit_input_effect_mpp,477.5150146484375
single_shape,plain2_w16_gap,6084,centered_logit_input_effect_mpp,299.80871772766113
single_shape,plain2_w16_gap,6085,centered_logit_input_effect_mpp,257.5157775878906
single_shape,plain2_w16_gap,6086,centered_logit_input_effect_mpp,209.58864402770996
single_shape,plain2_w16_gap,6087,centered_logit_input_effect_mpp,234.2668170928955
single_shape,plain2_w16_gap,6088,centered_logit_input_effect_mpp,328.26268005371094
single_shape,plain2_w16_gap,6089,centered_logit_input_effect_mpp,341.3228988647461
single_shape,plain2_w16_gap,6090,centered_logit_input_effect_mpp,193.00795364379883
single_shape,plain2_w16_gap,6091,centered_logit_input_effect_mpp,235.7051773071289
single_shape,plain2_w16_gap,6092,centered_logit_input_effect_mpp,408.74333000183105
single_shape,plain2_w16_gap,6093,centered_logit_input_effect_mpp,260.52855110168457
single_shape,plain2_w16_gap,6094,centered_logit_input_effect_mpp,222.04758071899414
single_shape,plain2_w16_gap,6095,centered_logit_input_effect_mpp,215.2374153137207
single_shape,plain2_w16_gap,6096,centered_logit_input_effect_mpp,370.6713562011719
single_shape,plain2_w16_gap,6097,centered_logit_input_effect_mpp,311.716365814209
single_shape,plain2_w16_gap,6098,centered_logit_input_effect_mpp,282.9560375213623
single_shape,plain2_w16_gap,6099,centered_logit_input_effect_mpp,312.4855842590332
single_shape,plain2_w16_gmp,6000,centered_logit_input_effect_mpp,203.44649505615234
single_shape,plain2_w16_gmp,6001,centered_logit_input_effect_mpp,198.53185272216797
single_shape,plain2_w16_gmp,6002,centered_logit_input_effect_mpp,178.8617401123047
single_shape,plain2_w16_gmp,6003,centered_logit_input_effect_mpp,227.57589721679688
single_shape,plain2_w16_gmp,6004,centered_logit_input_effect_mpp,205.87057876586914
single_shape,plain2_w16_gmp,6005,centered_logit_input_effect_mpp,197.37578582763672
single_shape,plain2_w16_gmp,6006,centered_logit_input_effect_mpp,172.10377883911133
single_shape,plain2_w16_gmp,6007,centered_logit_input_effect_mpp,181.67061233520508
single_shape,plain2_w16_gmp,6008,centered_logit_input_effect_mpp,157.05515670776367
single_shape,plain2_w16_gmp,6009,centered_logit_input_effect_mpp,205.69841766357422
single_shape,plain2_w16_gmp,6010,centered_logit_input_effect_mpp,153.1305389404297
single_shape,plain2_w16_gmp,6011,centered_logit_input_effect_mpp,184.21617889404297
single_shape,plain2_w16_gmp,6012,centered_logit_input_effect_mpp,205.57794570922852
single_shape,plain2_w16_gmp,6013,centered_logit_input_effect_mpp,152.62543106079102
single_shape,plain2_w16_gmp,6014,centered_logit_input_effect_mpp,149.90950775146484
single_shape,plain2_w16_gmp,6015,centered_logit_input_effect_mpp,208.61448287963867
single_shape,plain2_w16_gmp,6016,centered_logit_input_effect_mpp,214.34259414672852
single_shape,plain2_w16_gmp,6017,centered_logit_input_effect_mpp,220.70830917358398
single_shape,plain2_w16_gmp,6018,centered_logit_input_effect_mpp,168.94181442260742
single_shape,plain2_w16_gmp,6019,centered_logit_input_effect_mpp,177.75699996948242
single_shape,plain2_w16_gmp,6020,centered_logit_input_effect_mpp,177.77973175048828
single_shape,plain2_w16_gmp,6021,centered_logit_input_effect_mpp,194.2097511291504
single_shape,plain2_w16_gmp,6022,centered_logit_input_effect_mpp,179.18338012695312
single_shape,plain2_w16_gmp,6023,centered_logit_input_effect_mpp,185.60291290283203
single_shape,plain2_w16_gmp,6024,centered_logit_input_effect_mpp,198.25946426391602
single_shape,plain2_w16_gmp,6025,centered_logit_input_effect_mpp,166.6835174560547
single_shape,plain2_w16_gmp,6026,centered_logit_input_effect_mpp,179.61315155029297
single_shape,plain2_w16_gmp,6027,centered_logit_input_effect_mpp,201.97197723388672
single_shape,plain2_w16_gmp,6028,centered_logit_input_effect_mpp,219.37265014648438
single_shape,plain2_w16_gmp,6029,centered_logit_input_effect_mpp,182.8121566772461
single_shape,plain2_w16_gmp,6030,centered_logit_input_effect_mpp,222.0972442626953
single_shape,plain2_w16_gmp,6031,centered_logit_input_effect_mpp,160.33534240722656
single_shape,plain2_w16_gmp,6032,centered_logit_input_effect_mpp,178.05132293701172
single_shape,plain2_w16_gmp,6033,centered_logit_input_effect_mpp,180.99028396606445
single_shape,plain2_w16_gmp,6034,centered_logit_input_effect_mpp,190.55623626708984
single_shape,plain2_w16_gmp,6035,centered_logit_input_effect_mpp,208.03871154785156
single_shape,plain2_w16_gmp,6036,centered_logit_input_effect_mpp,181.53995895385742
single_shape,plain2_w16_gmp,6037,centered_logit_input_effect_mpp,157.536865234375
single_shape,plain2_w16_gmp,6038,centered_logit_input_effect_mpp,167.87835693359375
single_shape,plain2_w16_gmp,6039,centered_logit_input_effect_mpp,182.9095687866211
single_shape,plain2_w16_gmp,6040,centered_logit_input_effect_mpp,179.39149475097656
single_shape,plain2_w16_gmp,6041,centered_logit_input_effect_mpp,202.60396194458008
single_shape,plain2_w16_gmp,6042,centered_logit_input_effect_mpp,221.31716918945312
single_shape,plain2_w16_gmp,6043,centered_logit_input_effect_mpp,207.0654525756836
single_shape,plain2_w16_gmp,6044,centered_logit_input_effect_mpp,217.0659408569336
single_shape,plain2_w16_gmp,6045,centered_logit_input_effect_mpp,199.32731246948242
single_shape,plain2_w16_gmp,6046,centered_logit_input_effect_mpp,191.75612258911133
single_shape,plain2_w16_gmp,6047,centered_logit_input_effect_mpp,197.7981185913086
single_shape,plain2_w16_gmp,6048,centered_logit_input_effect_mpp,198.02258682250977
single_shape,plain2_w16_gmp,6049,centered_logit_input_effect_mpp,193.2742919921875
single_shape,plain2_w16_gmp,6050,centered_logit_input_effect_mpp,192.59967422485352
single_shape,plain2_w16_gmp,6051,centered_logit_input_effect_mpp,212.16648483276367
single_shape,plain2_w16_gmp,6052,centered_logit_input_effect_mpp,193.20297241210938
single_shape,plain2_w16_gmp,6053,centered_logit_input_effect_mpp,205.01161575317383
single_shape,plain2_w16_gmp,6054,centered_logit_input_effect_mpp,199.40055465698242
single_shape,plain2_w16_gmp,6055,centered_logit_input_effect_mpp,152.4097023010254
single_shape,plain2_w16_gmp,6056,centered_logit_input_effect_mpp,203.3856201171875
single_shape,plain2_w16_gmp,6057,centered_logit_input_effect_mpp,182.27791595458984
single_shape,plain2_w16_gmp,6058,centered_logit_input_effect_mpp,201.80886840820312
single_shape,plain2_w16_gmp,6059,centered_logit_input_effect_mpp,196.33051681518555
single_shape,plain2_w16_gmp,6060,centered_logit_input_effect_mpp,202.9897346496582
single_shape,plain2_w16_gmp,6061,centered_logit_input_effect_mpp,200.5828857421875
single_shape,plain2_w16_gmp,6062,centered_logit_input_effect_mpp,190.34793853759766
single_shape,plain2_w16_gmp,6063,centered_logit_input_effect_mpp,256.49073791503906
single_shape,plain2_w16_gmp,6064,centered_logit_input_effect_mpp,152.81723022460938
single_shape,plain2_w16_gmp,6065,centered_logit_input_effect_mpp,164.13088989257812
single_shape,plain2_w16_gmp,6066,centered_logit_input_effect_mpp,220.13427352905273
single_shape,plain2_w16_gmp,6067,centered_logit_input_effect_mpp,151.51787185668945
single_shape,plain2_w16_gmp,6068,centered_logit_input_effect_mpp,192.3000373840332
single_shape,plain2_w16_gmp,6069,centered_logit_input_effect_mpp,189.09318161010742
single_shape,plain2_w16_gmp,6070,centered_logit_input_effect_mpp,214.75792694091797
single_shape,plain2_w16_gmp,6071,centered_logit_input_effect_mpp,174.29401397705078
single_shape,plain2_w16_gmp,6072,centered_logit_input_effect_mpp,200.8534927368164
single_shape,plain2_w16_gmp,6073,centered_logit_input_effect_mpp,194.40763092041016
single_shape,plain2_w16_gmp,6074,centered_logit_input_effect_mpp,170.3080711364746
single_shape,plain2_w16_gmp,6075,centered_logit_input_effect_mpp,245.1169662475586
single_shape,plain2_w16_gmp,6076,centered_logit_input_effect_mpp,179.20022201538086
single_shape,plain2_w16_gmp,6077,centered_logit_input_effect_mpp,174.7957763671875
single_shape,plain2_w16_gmp,6078,centered_logit_input_effect_mpp,178.3297882080078
single_shape,plain2_w16_gmp,6079,centered_logit_input_effect_mpp,190.49497604370117
single_shape,plain2_w16_gmp,6080,centered_logit_input_effect_mpp,186.78728485107422
single_shape,plain2_w16_gmp,6081,centered_logit_input_effect_mpp,166.5448112487793
single_shape,plain2_w16_gmp,6082,centered_logit_input_effect_mpp,197.93027114868164
single_shape,plain2_w16_gmp,6083,centered_logit_input_effect_mpp,203.8744010925293
single_shape,plain2_w16_gmp,6084,centered_logit_input_effect_mpp,172.29220581054688
single_shape,plain2_w16_gmp,6085,centered_logit_input_effect_mpp,190.76931381225586
single_shape,plain2_w16_gmp,6086,centered_logit_input_effect_mpp,178.8641815185547
single_shape,plain2_w16_gmp,6087,centered_logit_input_effect_mpp,171.0270881652832
single_shape,plain2_w16_gmp,6088,centered_logit_input_effect_mpp,200.81352996826172
single_shape,plain2_w16_gmp,6089,centered_logit_input_effect_mpp,199.13724899291992
single_shape,plain2_w16_gmp,6090,centered_logit_input_effect_mpp,203.2700309753418
single_shape,plain2_w16_gmp,6091,centered_logit_input_effect_mpp,218.93244552612305
single_shape,plain2_w16_gmp,6092,centered_logit_input_effect_mpp,210.2278823852539
single_shape,plain2_w16_gmp,6093,centered_logit_input_effect_mpp,171.69110107421875
single_shape,plain2_w16_gmp,6094,centered_logit_input_effect_mpp,188.9410629272461
single_shape,plain2_w16_gmp,6095,centered_logit_input_effect_mpp,182.84383392333984
single_shape,plain2_w16_gmp,6096,centered_logit_input_effect_mpp,187.67023086547852
single_shape,plain2_w16_gmp,6097,centered_logit_input_effect_mpp,169.79903030395508
single_shape,plain2_w16_gmp,6098,centered_logit_input_effect_mpp,208.4478759765625
single_shape,plain2_w16_gmp,6099,centered_logit_input_effect_mpp,248.99644470214844
single_shape,plain2_w64_gap,6000,centered_logit_input_effect_mpp,198.34650421142578
single_shape,plain2_w64_gap,6001,centered_logit_input_effect_mpp,224.01930236816406
single_shape,plain2_w64_gap,6002,centered_logit_input_effect_mpp,220.70654678344727
single_shape,plain2_w64_gap,6003,centered_logit_input_effect_mpp,199.00762176513672
single_shape,plain2_w64_gap,6004,centered_logit_input_effect_mpp,154.72326278686523
single_shape,plain2_w64_gap,6005,centered_logit_input_effect_mpp,203.67180633544922
single_shape,plain2_w64_gap,6006,centered_logit_input_effect_mpp,191.43668365478516
single_shape,plain2_w64_gap,6007,centered_logit_input_effect_mpp,210.57354354858398
single_shape,plain2_w64_gap,6008,centered_logit_input_effect_mpp,220.44698333740234
single_shape,plain2_w64_gap,6009,centered_logit_input_effect_mpp,193.05029678344727
single_shape,plain2_w64_gap,6010,centered_logit_input_effect_mpp,177.76742553710938
single_shape,plain2_w64_gap,6011,centered_logit_input_effect_mpp,184.93994140625
single_shape,plain2_w64_gap,6012,centered_logit_input_effect_mpp,236.3885040283203
single_shape,plain2_w64_gap,6013,centered_logit_input_effect_mpp,148.7100715637207
single_shape,plain2_w64_gap,6014,centered_logit_input_effect_mpp,165.14591217041016
single_shape,plain2_w64_gap,6015,centered_logit_input_effect_mpp,255.49708938598633
single_shape,plain2_w64_gap,6016,centered_logit_input_effect_mpp,239.93711853027344
single_shape,plain2_w64_gap,6017,centered_logit_input_effect_mpp,223.58600234985352
single_shape,plain2_w64_gap,6018,centered_logit_input_effect_mpp,231.28569793701172
single_shape,plain2_w64_gap,6019,centered_logit_input_effect_mpp,156.10283660888672
single_shape,plain2_w64_gap,6020,centered_logit_input_effect_mpp,220.0382537841797
single_shape,plain2_w64_gap,6021,centered_logit_input_effect_mpp,284.6148262023926
single_shape,plain2_w64_gap,6022,centered_logit_input_effect_mpp,191.34698104858398
single_shape,plain2_w64_gap,6023,centered_logit_input_effect_mpp,174.69549942016602
single_shape,plain2_w64_gap,6024,centered_logit_input_effect_mpp,251.30677795410156
single_shape,plain2_w64_gap,6025,centered_logit_input_effect_mpp,177.95144653320312
single_shape,plain2_w64_gap,6026,centered_logit_input_effect_mpp,167.73089599609375
single_shape,plain2_w64_gap,6027,centered_logit_input_effect_mpp,243.95774459838867
single_shape,plain2_w64_gap,6028,centered_logit_input_effect_mpp,214.20967864990234
single_shape,plain2_w64_gap,6029,centered_logit_input_effect_mpp,138.98245239257812
single_shape,plain2_w64_gap,6030,centered_logit_input_effect_mpp,202.79461669921875
single_shape,plain2_w64_gap,6031,centered_logit_input_effect_mpp,106.0329360961914
single_shape,plain2_w64_gap,6032,centered_logit_input_effect_mpp,207.49495315551758
single_shape,plain2_w64_gap,6033,centered_logit_input_effect_mpp,195.1231346130371
single_shape,plain2_w64_gap,6034,centered_logit_input_effect_mpp,256.94616317749023
single_shape,plain2_w64_gap,6035,centered_logit_input_effect_mpp,278.236328125
single_shape,plain2_w64_gap,6036,centered_logit_input_effect_mpp,157.03193283081055
single_shape,plain2_w64_gap,6037,centered_logit_input_effect_mpp,212.01189041137695
single_shape,plain2_w64_gap,6038,centered_logit_input_effect_mpp,228.11325073242188
single_shape,plain2_w64_gap,6039,centered_logit_input_effect_mpp,149.84259033203125
single_shape,plain2_w64_gap,6040,centered_logit_input_effect_mpp,234.4763298034668
single_shape,plain2_w64_gap,6041,centered_logit_input_effect_mpp,197.84595489501953
single_shape,plain2_w64_gap,6042,centered_logit_input_effect_mpp,257.4032554626465
single_shape,plain2_w64_gap,6043,centered_logit_input_effect_mpp,205.15182495117188
single_shape,plain2_w64_gap,6044,centered_logit_input_effect_mpp,206.08423614501953
single_shape,plain2_w64_gap,6045,centered_logit_input_effect_mpp,214.40277099609375
single_shape,plain2_w64_gap,6046,centered_logit_input_effect_mpp,161.24199676513672
single_shape,plain2_w64_gap,6047,centered_logit_input_effect_mpp,178.70875930786133
single_shape,plain2_w64_gap,6048,centered_logit_input_effect_mpp,251.70329666137695
single_shape,plain2_w64_gap,6049,centered_logit_input_effect_mpp,186.77638244628906
single_shape,plain2_w64_gap,6050,centered_logit_input_effect_mpp,221.9361457824707
single_shape,plain2_w64_gap,6051,centered_logit_input_effect_mpp,221.60164260864258
single_shape,plain2_w64_gap,6052,centered_logit_input_effect_mpp,184.69721221923828
single_shape,plain2_w64_gap,6053,centered_logit_input_effect_mpp,263.46178436279297
single_shape,plain2_w64_gap,6054,centered_logit_input_effect_mpp,219.12131881713867
single_shape,plain2_w64_gap,6055,centered_logit_input_effect_mpp,187.06665420532227
single_shape,plain2_w64_gap,6056,centered_logit_input_effect_mpp,191.82438278198242
single_shape,plain2_w64_gap,6057,centered_logit_input_effect_mpp,138.13978576660156
single_shape,plain2_w64_gap,6058,centered_logit_input_effect_mpp,219.98308944702148
single_shape,plain2_w64_gap,6059,centered_logit_input_effect_mpp,141.1726303100586
single_shape,plain2_w64_gap,6060,centered_logit_input_effect_mpp,236.9787368774414
single_shape,plain2_w64_gap,6061,centered_logit_input_effect_mpp,179.56244277954102
single_shape,plain2_w64_gap,6062,centered_logit_input_effect_mpp,233.74802780151367
single_shape,plain2_w64_gap,6063,centered_logit_input_effect_mpp,180.83415985107422
single_shape,plain2_w64_gap,6064,centered_logit_input_effect_mpp,160.95458984375
single_shape,plain2_w64_gap,6065,centered_logit_input_effect_mpp,183.74219131469727
single_shape,plain2_w64_gap,6066,centered_logit_input_effect_mpp,226.8383560180664
single_shape,plain2_w64_gap,6067,centered_logit_input_effect_mpp,243.46478652954102
single_shape,plain2_w64_gap,6068,centered_logit_input_effect_mpp,216.85759353637695
single_shape,plain2_w64_gap,6069,centered_logit_input_effect_mpp,224.19195175170898
single_shape,plain2_w64_gap,6070,centered_logit_input_effect_mpp,184.20245742797852
single_shape,plain2_w64_gap,6071,centered_logit_input_effect_mpp,244.58351516723633
single_shape,plain2_w64_gap,6072,centered_logit_input_effect_mpp,157.40264511108398
single_shape,plain2_w64_gap,6073,centered_logit_input_effect_mpp,172.24634170532227
single_shape,plain2_w64_gap,6074,centered_logit_input_effect_mpp,319.2744598388672
single_shape,plain2_w64_gap,6075,centered_logit_input_effect_mpp,256.59148025512695
single_shape,plain2_w64_gap,6076,centered_logit_input_effect_mpp,173.75736236572266
single_shape,plain2_w64_gap,6077,centered_logit_input_effect_mpp,168.85142517089844
single_shape,plain2_w64_gap,6078,centered_logit_input_effect_mpp,186.52708053588867
single_shape,plain2_w64_gap,6079,centered_logit_input_effect_mpp,263.38816833496094
single_shape,plain2_w64_gap,6080,centered_logit_input_effect_mpp,200.60585021972656
single_shape,plain2_w64_gap,6081,centered_logit_input_effect_mpp,142.85595321655273
single_shape,plain2_w64_gap,6082,centered_logit_input_effect_mpp,186.58197021484375
single_shape,plain2_w64_gap,6083,centered_logit_input_effect_mpp,192.47372436523438
single_shape,plain2_w64_gap,6084,centered_logit_input_effect_mpp,180.5285415649414
single_shape,plain2_w64_gap,6085,centered_logit_input_effect_mpp,191.8547821044922
single_shape,plain2_w64_gap,6086,centered_logit_input_effect_mpp,250.8671875
single_shape,plain2_w64_gap,6087,centered_logit_input_effect_mpp,204.00333404541016
single_shape,plain2_w64_gap,6088,centered_logit_input_effect_mpp,263.8549499511719
single_shape,plain2_w64_gap,6089,centered_logit_input_effect_mpp,202.5347900390625
single_shape,plain2_w64_gap,6090,centered_logit_input_effect_mpp,190.5562515258789
single_shape,plain2_w64_gap,6091,centered_logit_input_effect_mpp,198.32705688476562
single_shape,plain2_w64_gap,6092,centered_logit_input_effect_mpp,222.39047241210938
single_shape,plain2_w64_gap,6093,centered_logit_input_effect_mpp,181.97172927856445
single_shape,plain2_w64_gap,6094,centered_logit_input_effect_mpp,131.74607467651367
single_shape,plain2_w64_gap,6095,centered_logit_input_effect_mpp,206.40090942382812
single_shape,plain2_w64_gap,6096,centered_logit_input_effect_mpp,233.01776885986328
single_shape,plain2_w64_gap,6097,centered_logit_input_effect_mpp,177.6620864868164
single_shape,plain2_w64_gap,6098,centered_logit_input_effect_mpp,240.7952651977539
single_shape,plain2_w64_gap,6099,centered_logit_input_effect_mpp,191.1873664855957
single_shape,plain2_w64_gmp,6000,centered_logit_input_effect_mpp,170.65802001953125
single_shape,plain2_w64_gmp,6001,centered_logit_input_effect_mpp,187.62789916992188
single_shape,plain2_w64_gmp,6002,centered_logit_input_effect_mpp,173.20169830322266
single_shape,plain2_w64_gmp,6003,centered_logit_input_effect_mpp,145.33989715576172
single_shape,plain2_w64_gmp,6004,centered_logit_input_effect_mpp,151.90021514892578
single_shape,plain2_w64_gmp,6005,centered_logit_input_effect_mpp,145.48867797851562
single_shape,plain2_w64_gmp,6006,centered_logit_input_effect_mpp,137.38288116455078
single_shape,plain2_w64_gmp,6007,centered_logit_input_effect_mpp,155.97501373291016
single_shape,plain2_w64_gmp,6008,centered_logit_input_effect_mpp,132.49977111816406
single_shape,plain2_w64_gmp,6009,centered_logit_input_effect_mpp,173.6591033935547
single_shape,plain2_w64_gmp,6010,centered_logit_input_effect_mpp,140.87506866455078
single_shape,plain2_w64_gmp,6011,centered_logit_input_effect_mpp,159.28194427490234
single_shape,plain2_w64_gmp,6012,centered_logit_input_effect_mpp,148.00015258789062
single_shape,plain2_w64_gmp,6013,centered_logit_input_effect_mpp,132.9886932373047
single_shape,plain2_w64_gmp,6014,centered_logit_input_effect_mpp,132.04511260986328
single_shape,plain2_w64_gmp,6015,centered_logit_input_effect_mpp,173.39529418945312
single_shape,plain2_w64_gmp,6016,centered_logit_input_effect_mpp,155.18932342529297
single_shape,plain2_w64_gmp,6017,centered_logit_input_effect_mpp,177.91116333007812
single_shape,plain2_w64_gmp,6018,centered_logit_input_effect_mpp,134.31639862060547
single_shape,plain2_w64_gmp,6019,centered_logit_input_effect_mpp,145.72010040283203
single_shape,plain2_w64_gmp,6020,centered_logit_input_effect_mpp,160.9316864013672
single_shape,plain2_w64_gmp,6021,centered_logit_input_effect_mpp,151.07530975341797
single_shape,plain2_w64_gmp,6022,centered_logit_input_effect_mpp,116.26964569091797
single_shape,plain2_w64_gmp,6023,centered_logit_input_effect_mpp,153.05770111083984
single_shape,plain2_w64_gmp,6024,centered_logit_input_effect_mpp,161.44236755371094
single_shape,plain2_w64_gmp,6025,centered_logit_input_effect_mpp,135.79227447509766
single_shape,plain2_w64_gmp,6026,centered_logit_input_effect_mpp,167.0484390258789
single_shape,plain2_w64_gmp,6027,centered_logit_input_effect_mpp,176.49739837646484
single_shape,plain2_w64_gmp,6028,centered_logit_input_effect_mpp,178.22975158691406
single_shape,plain2_w64_gmp,6029,centered_logit_input_effect_mpp,146.94908142089844
single_shape,plain2_w64_gmp,6030,centered_logit_input_effect_mpp,190.96365356445312
single_shape,plain2_w64_gmp,6031,centered_logit_input_effect_mpp,144.30879974365234
single_shape,plain2_w64_gmp,6032,centered_logit_input_effect_mpp,145.04299926757812
single_shape,plain2_w64_gmp,6033,centered_logit_input_effect_mpp,153.89749145507812
single_shape,plain2_w64_gmp,6034,centered_logit_input_effect_mpp,161.19654083251953
single_shape,plain2_w64_gmp,6035,centered_logit_input_effect_mpp,177.4352035522461
single_shape,plain2_w64_gmp,6036,centered_logit_input_effect_mpp,148.0440902709961
single_shape,plain2_w64_gmp,6037,centered_logit_input_effect_mpp,126.35555648803711
single_shape,plain2_w64_gmp,6038,centered_logit_input_effect_mpp,160.63152313232422
single_shape,plain2_w64_gmp,6039,centered_logit_input_effect_mpp,162.74966430664062
single_shape,plain2_w64_gmp,6040,centered_logit_input_effect_mpp,139.92009735107422
single_shape,plain2_w64_gmp,6041,centered_logit_input_effect_mpp,173.82323455810547
single_shape,plain2_w64_gmp,6042,centered_logit_input_effect_mpp,174.47486114501953
single_shape,plain2_w64_gmp,6043,centered_logit_input_effect_mpp,165.90977478027344
single_shape,plain2_w64_gmp,6044,centered_logit_input_effect_mpp,155.8556671142578
single_shape,plain2_w64_gmp,6045,centered_logit_input_effect_mpp,190.06470489501953
single_shape,plain2_w64_gmp,6046,centered_logit_input_effect_mpp,133.817626953125
single_shape,plain2_w64_gmp,6047,centered_logit_input_effect_mpp,151.95425415039062
single_shape,plain2_w64_gmp,6048,centered_logit_input_effect_mpp,148.4746322631836
single_shape,plain2_w64_gmp,6049,centered_logit_input_effect_mpp,159.9656524658203
single_shape,plain2_w64_gmp,6050,centered_logit_input_effect_mpp,161.2156524658203
single_shape,plain2_w64_gmp,6051,centered_logit_input_effect_mpp,194.1221160888672
single_shape,plain2_w64_gmp,6052,centered_logit_input_effect_mpp,157.53252410888672
single_shape,plain2_w64_gmp,6053,centered_logit_input_effect_mpp,153.0937957763672
single_shape,plain2_w64_gmp,6054,centered_logit_input_effect_mpp,175.22555541992188
single_shape,plain2_w64_gmp,6055,centered_logit_input_effect_mpp,135.56427764892578
single_shape,plain2_w64_gmp,6056,centered_logit_input_effect_mpp,169.04934692382812
single_shape,plain2_w64_gmp,6057,centered_logit_input_effect_mpp,150.29984283447266
single_shape,plain2_w64_gmp,6058,centered_logit_input_effect_mpp,162.82711029052734
single_shape,plain2_w64_gmp,6059,centered_logit_input_effect_mpp,135.54949951171875
single_shape,plain2_w64_gmp,6060,centered_logit_input_effect_mpp,146.5825424194336
single_shape,plain2_w64_gmp,6061,centered_logit_input_effect_mpp,171.85060119628906
single_shape,plain2_w64_gmp,6062,centered_logit_input_effect_mpp,162.28661346435547
single_shape,plain2_w64_gmp,6063,centered_logit_input_effect_mpp,185.25753021240234
single_shape,plain2_w64_gmp,6064,centered_logit_input_effect_mpp,121.87039184570312
single_shape,plain2_w64_gmp,6065,centered_logit_input_effect_mpp,162.4954376220703
single_shape,plain2_w64_gmp,6066,centered_logit_input_effect_mpp,169.0981674194336
single_shape,plain2_w64_gmp,6067,centered_logit_input_effect_mpp,129.04445266723633
single_shape,plain2_w64_gmp,6068,centered_logit_input_effect_mpp,160.75666046142578
single_shape,plain2_w64_gmp,6069,centered_logit_input_effect_mpp,159.19528198242188
single_shape,plain2_w64_gmp,6070,centered_logit_input_effect_mpp,145.72881317138672
single_shape,plain2_w64_gmp,6071,centered_logit_input_effect_mpp,146.7693862915039
single_shape,plain2_w64_gmp,6072,centered_logit_input_effect_mpp,174.20116424560547
single_shape,plain2_w64_gmp,6073,centered_logit_input_effect_mpp,171.3853530883789
single_shape,plain2_w64_gmp,6074,centered_logit_input_effect_mpp,148.56334686279297
single_shape,plain2_w64_gmp,6075,centered_logit_input_effect_mpp,172.42828369140625
single_shape,plain2_w64_gmp,6076,centered_logit_input_effect_mpp,153.66928100585938
single_shape,plain2_w64_gmp,6077,centered_logit_input_effect_mpp,125.27064514160156
single_shape,plain2_w64_gmp,6078,centered_logit_input_effect_mpp,162.00731658935547
single_shape,plain2_w64_gmp,6079,centered_logit_input_effect_mpp,153.18309020996094
single_shape,plain2_w64_gmp,6080,centered_logit_input_effect_mpp,158.35560607910156
single_shape,plain2_w64_gmp,6081,centered_logit_input_effect_mpp,142.73029327392578
single_shape,plain2_w64_gmp,6082,centered_logit_input_effect_mpp,153.96990966796875
single_shape,plain2_w64_gmp,6083,centered_logit_input_effect_mpp,151.83726501464844
single_shape,plain2_w64_gmp,6084,centered_logit_input_effect_mpp,159.97045135498047
single_shape,plain2_w64_gmp,6085,centered_logit_input_effect_mpp,143.53689575195312
single_shape,plain2_w64_gmp,6086,centered_logit_input_effect_mpp,150.39911651611328
single_shape,plain2_w64_gmp,6087,centered_logit_input_effect_mpp,138.03834533691406
single_shape,plain2_w64_gmp,6088,centered_logit_input_effect_mpp,154.3904800415039
single_shape,plain2_w64_gmp,6089,centered_logit_input_effect_mpp,148.16964721679688
single_shape,plain2_w64_gmp,6090,centered_logit_input_effect_mpp,151.02014923095703
single_shape,plain2_w64_gmp,6091,centered_logit_input_effect_mpp,159.7336654663086
single_shape,plain2_w64_gmp,6092,centered_logit_input_effect_mpp,160.9615020751953
single_shape,plain2_w64_gmp,6093,centered_logit_input_effect_mpp,144.4520721435547
single_shape,plain2_w64_gmp,6094,centered_logit_input_effect_mpp,147.55789184570312
single_shape,plain2_w64_gmp,6095,centered_logit_input_effect_mpp,149.91584014892578
single_shape,plain2_w64_gmp,6096,centered_logit_input_effect_mpp,161.84364318847656
single_shape,plain2_w64_gmp,6097,centered_logit_input_effect_mpp,144.2758560180664
single_shape,plain2_w64_gmp,6098,centered_logit_input_effect_mpp,168.12123107910156
single_shape,plain2_w64_gmp,6099,centered_logit_input_effect_mpp,201.3810272216797
single_shape,plain4_w16_gap,6000,centered_logit_input_effect_mpp,1037.7845764160156
single_shape,plain4_w16_gap,6001,centered_logit_input_effect_mpp,1672.8504638671875
single_shape,plain4_w16_gap,6002,centered_logit_input_effect_mpp,1745.9613342285156
single_shape,plain4_w16_gap,6003,centered_logit_input_effect_mpp,1047.9430236816406
single_shape,plain4_w16_gap,6004,centered_logit_input_effect_mpp,1449.4047546386719
single_shape,plain4_w16_gap,6005,centered_logit_input_effect_mpp,2743.3994140625
single_shape,plain4_w16_gap,6006,centered_logit_input_effect_mpp,1161.2565155029297
single_shape,plain4_w16_gap,6007,centered_logit_input_effect_mpp,1512.6900939941406
single_shape,plain4_w16_gap,6008,centered_logit_input_effect_mpp,1083.8444213867188
single_shape,plain4_w16_gap,6009,centered_logit_input_effect_mpp,2567.1026916503906
single_shape,plain4_w16_gap,6010,centered_logit_input_effect_mpp,1211.5740127563477
single_shape,plain4_w16_gap,6011,centered_logit_input_effect_mpp,633.9050598144531
single_shape,plain4_w16_gap,6012,centered_logit_input_effect_mpp,1725.4336700439453
single_shape,plain4_w16_gap,6013,centered_logit_input_effect_mpp,898.3864135742188
single_shape,plain4_w16_gap,6014,centered_logit_input_effect_mpp,488.2088317871094
single_shape,plain4_w16_gap,6015,centered_logit_input_effect_mpp,1055.4822692871094
single_shape,plain4_w16_gap,6016,centered_logit_input_effect_mpp,960.0648803710938
single_shape,plain4_w16_gap,6017,centered_logit_input_effect_mpp,1354.0350189208984
single_shape,plain4_w16_gap,6018,centered_logit_input_effect_mpp,1039.5977172851562
single_shape,plain4_w16_gap,6019,centered_logit_input_effect_mpp,1276.3132934570312
single_shape,plain4_w16_gap,6020,centered_logit_input_effect_mpp,1192.7069396972656
single_shape,plain4_w16_gap,6021,centered_logit_input_effect_mpp,1061.8639068603516
single_shape,plain4_w16_gap,6022,centered_logit_input_effect_mpp,2035.7873077392578
single_shape,plain4_w16_gap,6023,centered_logit_input_effect_mpp,883.7971496582031
single_shape,plain4_w16_gap,6024,centered_logit_input_effect_mpp,2099.5219116210938
single_shape,plain4_w16_gap,6025,centered_logit_input_effect_mpp,754.7432861328125
single_shape,plain4_w16_gap,6026,centered_logit_input_effect_mpp,663.0804138183594
single_shape,plain4_w16_gap,6027,centered_logit_input_effect_mpp,919.9778137207031
single_shape,plain4_w16_gap,6028,centered_logit_input_effect_mpp,1064.5870666503906
single_shape,plain4_w16_gap,6029,centered_logit_input_effect_mpp,1497.4615478515625
single_shape,plain4_w16_gap,6030,centered_logit_input_effect_mpp,1248.7891235351562
single_shape,plain4_w16_gap,6031,centered_logit_input_effect_mpp,1408.084228515625
single_shape,plain4_w16_gap,6032,centered_logit_input_effect_mpp,345.2625427246094
single_shape,plain4_w16_gap,6033,centered_logit_input_effect_mpp,639.1423034667969
single_shape,plain4_w16_gap,6034,centered_logit_input_effect_mpp,1862.1466064453125
single_shape,plain4_w16_gap,6035,centered_logit_input_effect_mpp,2147.6298217773438
single_shape,plain4_w16_gap,6036,centered_logit_input_effect_mpp,1547.939697265625
single_shape,plain4_w16_gap,6037,centered_logit_input_effect_mpp,1061.4412231445312
single_shape,plain4_w16_gap,6038,centered_logit_input_effect_mpp,1136.9566650390625
single_shape,plain4_w16_gap,6039,centered_logit_input_effect_mpp,1755.4872741699219
single_shape,plain4_w16_gap,6040,centered_logit_input_effect_mpp,2347.1517333984375
single_shape,plain4_w16_gap,6041,centered_logit_input_effect_mpp,755.098876953125
single_shape,plain4_w16_gap,6042,centered_logit_input_effect_mpp,2142.3595581054688
single_shape,plain4_w16_gap,6043,centered_logit_input_effect_mpp,1172.1008911132812
single_shape,plain4_w16_gap,6044,centered_logit_input_effect_mpp,1130.8670654296875
single_shape,plain4_w16_gap,6045,centered_logit_input_effect_mpp,1754.20751953125
single_shape,plain4_w16_gap,6046,centered_logit_input_effect_mpp,1315.954345703125
single_shape,plain4_w16_gap,6047,centered_logit_input_effect_mpp,946.3884887695312
single_shape,plain4_w16_gap,6048,centered_logit_input_effect_mpp,1749.1984252929688
single_shape,plain4_w16_gap,6049,centered_logit_input_effect_mpp,1198.6858825683594
single_shape,plain4_w16_gap,6050,centered_logit_input_effect_mpp,1575.2501983642578
single_shape,plain4_w16_gap,6051,centered_logit_input_effect_mpp,168.2359619140625
single_shape,plain4_w16_gap,6052,centered_logit_input_effect_mpp,1608.4042358398438
single_shape,plain4_w16_gap,6053,centered_logit_input_effect_mpp,1296.7502746582031
single_shape,plain4_w16_gap,6054,centered_logit_input_effect_mpp,2591.9918518066406
single_shape,plain4_w16_gap,6055,centered_logit_input_effect_mpp,1868.5880432128906
single_shape,plain4_w16_gap,6056,centered_logit_input_effect_mpp,9.032012939453125
single_shape,plain4_w16_gap,6057,centered_logit_input_effect_mpp,1351.6879272460938
single_shape,plain4_w16_gap,6058,centered_logit_input_effect_mpp,1314.6665649414062
single_shape,plain4_w16_gap,6059,centered_logit_input_effect_mpp,1981.9630126953125
single_shape,plain4_w16_gap,6060,centered_logit_input_effect_mpp,788.9278869628906
single_shape,plain4_w16_gap,6061,centered_logit_input_effect_mpp,878.5135192871094
single_shape,plain4_w16_gap,6062,centered_logit_input_effect_mpp,1648.429443359375
single_shape,plain4_w16_gap,6063,centered_logit_input_effect_mpp,1013.2736206054688
single_shape,plain4_w16_gap,6064,centered_logit_input_effect_mpp,785.0889282226562
single_shape,plain4_w16_gap,6065,centered_logit_input_effect_mpp,1263.5823669433594
single_shape,plain4_w16_gap,6066,centered_logit_input_effect_mpp,1321.7113952636719
single_shape,plain4_w16_gap,6067,centered_logit_input_effect_mpp,1086.2157897949219
single_shape,plain4_w16_gap,6068,centered_logit_input_effect_mpp,1625.6471862792969
single_shape,plain4_w16_gap,6069,centered_logit_input_effect_mpp,1062.7334289550781
single_shape,plain4_w16_gap,6070,centered_logit_input_effect_mpp,698.1129760742188
single_shape,plain4_w16_gap,6071,centered_logit_input_effect_mpp,1482.3969421386719
single_shape,plain4_w16_gap,6072,centered_logit_input_effect_mpp,1110.7083587646484
single_shape,plain4_w16_gap,6073,centered_logit_input_effect_mpp,1423.7636108398438
single_shape,plain4_w16_gap,6074,centered_logit_input_effect_mpp,1062.7694091796875
single_shape,plain4_w16_gap,6075,centered_logit_input_effect_mpp,1665.2791137695312
single_shape,plain4_w16_gap,6076,centered_logit_input_effect_mpp,1098.38134765625
single_shape,plain4_w16_gap,6077,centered_logit_input_effect_mpp,1894.8598937988281
single_shape,plain4_w16_gap,6078,centered_logit_input_effect_mpp,938.1124267578125
single_shape,plain4_w16_gap,6079,centered_logit_input_effect_mpp,958.07666015625
single_shape,plain4_w16_gap,6080,centered_logit_input_effect_mpp,2102.392120361328
single_shape,plain4_w16_gap,6081,centered_logit_input_effect_mpp,827.4622192382812
single_shape,plain4_w16_gap,6082,centered_logit_input_effect_mpp,1343.9464721679688
single_shape,plain4_w16_gap,6083,centered_logit_input_effect_mpp,1472.6336059570312
single_shape,plain4_w16_gap,6084,centered_logit_input_effect_mpp,2227.0008239746094
single_shape,plain4_w16_gap,6085,centered_logit_input_effect_mpp,1612.9149169921875
single_shape,plain4_w16_gap,6086,centered_logit_input_effect_mpp,840.3968505859375
single_shape,plain4_w16_gap,6087,centered_logit_input_effect_mpp,857.7417297363281
single_shape,plain4_w16_gap,6088,centered_logit_input_effect_mpp,1219.6822814941406
single_shape,plain4_w16_gap,6089,centered_logit_input_effect_mpp,1032.8948364257812
single_shape,plain4_w16_gap,6090,centered_logit_input_effect_mpp,1030.1653747558594
single_shape,plain4_w16_gap,6091,centered_logit_input_effect_mpp,1525.3472595214844
single_shape,plain4_w16_gap,6092,centered_logit_input_effect_mpp,1113.0724487304688
single_shape,plain4_w16_gap,6093,centered_logit_input_effect_mpp,2575.7630920410156
single_shape,plain4_w16_gap,6094,centered_logit_input_effect_mpp,2037.5009765625
single_shape,plain4_w16_gap,6095,centered_logit_input_effect_mpp,1685.7760925292969
single_shape,plain4_w16_gap,6096,centered_logit_input_effect_mpp,999.6893005371094
single_shape,plain4_w16_gap,6097,centered_logit_input_effect_mpp,1240.3102722167969
single_shape,plain4_w16_gap,6098,centered_logit_input_effect_mpp,3272.1236267089844
single_shape,plain4_w16_gap,6099,centered_logit_input_effect_mpp,2181.021026611328
single_shape,plain4_w16_gmp,6000,centered_logit_input_effect_mpp,284.86509704589844
single_shape,plain4_w16_gmp,6001,centered_logit_input_effect_mpp,145.6031951904297
single_shape,plain4_w16_gmp,6002,centered_logit_input_effect_mpp,188.5084991455078
single_shape,plain4_w16_gmp,6003,centered_logit_input_effect_mpp,141.19418334960938
single_shape,plain4_w16_gmp,6004,centered_logit_input_effect_mpp,216.6121368408203
single_shape,plain4_w16_gmp,6005,centered_logit_input_effect_mpp,214.73008728027344
single_shape,plain4_w16_gmp,6006,centered_logit_input_effect_mpp,193.18734741210938
single_shape,plain4_w16_gmp,6007,centered_logit_input_effect_mpp,245.6181640625
single_shape,plain4_w16_gmp,6008,centered_logit_input_effect_mpp,172.20791625976562
single_shape,plain4_w16_gmp,6009,centered_logit_input_effect_mpp,228.1981964111328
single_shape,plain4_w16_gmp,6010,centered_logit_input_effect_mpp,194.97857666015625
single_shape,plain4_w16_gmp,6011,centered_logit_input_effect_mpp,160.90695190429688
single_shape,plain4_w16_gmp,6012,centered_logit_input_effect_mpp,151.3505096435547
single_shape,plain4_w16_gmp,6013,centered_logit_input_effect_mpp,232.3922576904297
single_shape,plain4_w16_gmp,6014,centered_logit_input_effect_mpp,166.42347717285156
single_shape,plain4_w16_gmp,6015,centered_logit_input_effect_mpp,142.7255401611328
single_shape,plain4_w16_gmp,6016,centered_logit_input_effect_mpp,200.4028778076172
single_shape,plain4_w16_gmp,6017,centered_logit_input_effect_mpp,392.189453125
single_shape,plain4_w16_gmp,6018,centered_logit_input_effect_mpp,181.24208068847656
single_shape,plain4_w16_gmp,6019,centered_logit_input_effect_mpp,139.17172241210938
single_shape,plain4_w16_gmp,6020,centered_logit_input_effect_mpp,193.11236572265625
single_shape,plain4_w16_gmp,6021,centered_logit_input_effect_mpp,201.4950408935547
single_shape,plain4_w16_gmp,6022,centered_logit_input_effect_mpp,187.67213439941406
single_shape,plain4_w16_gmp,6023,centered_logit_input_effect_mpp,175.16583251953125
single_shape,plain4_w16_gmp,6024,centered_logit_input_effect_mpp,167.12319946289062
single_shape,plain4_w16_gmp,6025,centered_logit_input_effect_mpp,190.1571807861328
single_shape,plain4_w16_gmp,6026,centered_logit_input_effect_mpp,160.6881866455078
single_shape,plain4_w16_gmp,6027,centered_logit_input_effect_mpp,284.3414306640625
single_shape,plain4_w16_gmp,6028,centered_logit_input_effect_mpp,246.96548461914062
single_shape,plain4_w16_gmp,6029,centered_logit_input_effect_mpp,147.35494995117188
single_shape,plain4_w16_gmp,6030,centered_logit_input_effect_mpp,221.30332946777344
single_shape,plain4_w16_gmp,6031,centered_logit_input_effect_mpp,253.115966796875
single_shape,plain4_w16_gmp,6032,centered_logit_input_effect_mpp,173.48045349121094
single_shape,plain4_w16_gmp,6033,centered_logit_input_effect_mpp,181.9276580810547
single_shape,plain4_w16_gmp,6034,centered_logit_input_effect_mpp,211.6735382080078
single_shape,plain4_w16_gmp,6035,centered_logit_input_effect_mpp,144.79244995117188
single_shape,plain4_w16_gmp,6036,centered_logit_input_effect_mpp,228.835693359375
single_shape,plain4_w16_gmp,6037,centered_logit_input_effect_mpp,203.52484130859375
single_shape,plain4_w16_gmp,6038,centered_logit_input_effect_mpp,142.5632781982422
single_shape,plain4_w16_gmp,6039,centered_logit_input_effect_mpp,186.973388671875
single_shape,plain4_w16_gmp,6040,centered_logit_input_effect_mpp,231.89566040039062
single_shape,plain4_w16_gmp,6041,centered_logit_input_effect_mpp,184.11720275878906
single_shape,plain4_w16_gmp,6042,centered_logit_input_effect_mpp,234.27804565429688
single_shape,plain4_w16_gmp,6043,centered_logit_input_effect_mpp,257.4572448730469
single_shape,plain4_w16_gmp,6044,centered_logit_input_effect_mpp,212.15597534179688
single_shape,plain4_w16_gmp,6045,centered_logit_input_effect_mpp,262.5599365234375
single_shape,plain4_w16_gmp,6046,centered_logit_input_effect_mpp,181.06565856933594
single_shape,plain4_w16_gmp,6047,centered_logit_input_effect_mpp,240.1776885986328
single_shape,plain4_w16_gmp,6048,centered_logit_input_effect_mpp,156.27040100097656
single_shape,plain4_w16_gmp,6049,centered_logit_input_effect_mpp,287.62890625
single_shape,plain4_w16_gmp,6050,centered_logit_input_effect_mpp,172.90074157714844
single_shape,plain4_w16_gmp,6051,centered_logit_input_effect_mpp,179.3485565185547
single_shape,plain4_w16_gmp,6052,centered_logit_input_effect_mpp,155.06968688964844
single_shape,plain4_w16_gmp,6053,centered_logit_input_effect_mpp,255.72567749023438
single_shape,plain4_w16_gmp,6054,centered_logit_input_effect_mpp,134.25845336914062
single_shape,plain4_w16_gmp,6055,centered_logit_input_effect_mpp,162.67330932617188
single_shape,plain4_w16_gmp,6056,centered_logit_input_effect_mpp,232.41519165039062
single_shape,plain4_w16_gmp,6057,centered_logit_input_effect_mpp,323.4532012939453
single_shape,plain4_w16_gmp,6058,centered_logit_input_effect_mpp,496.7550964355469
single_shape,plain4_w16_gmp,6059,centered_logit_input_effect_mpp,173.96987915039062
single_shape,plain4_w16_gmp,6060,centered_logit_input_effect_mpp,225.21710205078125
single_shape,plain4_w16_gmp,6061,centered_logit_input_effect_mpp,176.4505615234375
single_shape,plain4_w16_gmp,6062,centered_logit_input_effect_mpp,299.7955627441406
single_shape,plain4_w16_gmp,6063,centered_logit_input_effect_mpp,235.940185546875
single_shape,plain4_w16_gmp,6064,centered_logit_input_effect_mpp,161.01051330566406
single_shape,plain4_w16_gmp,6065,centered_logit_input_effect_mpp,231.84043884277344
single_shape,plain4_w16_gmp,6066,centered_logit_input_effect_mpp,254.8905487060547
single_shape,plain4_w16_gmp,6067,centered_logit_input_effect_mpp,122.71174621582031
single_shape,plain4_w16_gmp,6068,centered_logit_input_effect_mpp,188.68280029296875
single_shape,plain4_w16_gmp,6069,centered_logit_input_effect_mpp,242.72311401367188
single_shape,plain4_w16_gmp,6070,centered_logit_input_effect_mpp,244.36500549316406
single_shape,plain4_w16_gmp,6071,centered_logit_input_effect_mpp,240.3116455078125
single_shape,plain4_w16_gmp,6072,centered_logit_input_effect_mpp,197.9658203125
single_shape,plain4_w16_gmp,6073,centered_logit_input_effect_mpp,204.34054565429688
single_shape,plain4_w16_gmp,6074,centered_logit_input_effect_mpp,174.53269958496094
single_shape,plain4_w16_gmp,6075,centered_logit_input_effect_mpp,275.6153564453125
single_shape,plain4_w16_gmp,6076,centered_logit_input_effect_mpp,221.33460998535156
single_shape,plain4_w16_gmp,6077,centered_logit_input_effect_mpp,146.98623657226562
single_shape,plain4_w16_gmp,6078,centered_logit_input_effect_mpp,268.82244873046875
single_shape,plain4_w16_gmp,6079,centered_logit_input_effect_mpp,7.7672576904296875
single_shape,plain4_w16_gmp,6080,centered_logit_input_effect_mpp,221.9453582763672
single_shape,plain4_w16_gmp,6081,centered_logit_input_effect_mpp,340.4711608886719
single_shape,plain4_w16_gmp,6082,centered_logit_input_effect_mpp,203.75485229492188
single_shape,plain4_w16_gmp,6083,centered_logit_input_effect_mpp,208.84979248046875
single_shape,plain4_w16_gmp,6084,centered_logit_input_effect_mpp,282.1546936035156
single_shape,plain4_w16_gmp,6085,centered_logit_input_effect_mpp,175.7067108154297
single_shape,plain4_w16_gmp,6086,centered_logit_input_effect_mpp,223.41477966308594
single_shape,plain4_w16_gmp,6087,centered_logit_input_effect_mpp,187.50103759765625
single_shape,plain4_w16_gmp,6088,centered_logit_input_effect_mpp,164.88507080078125
single_shape,plain4_w16_gmp,6089,centered_logit_input_effect_mpp,216.56005859375
single_shape,plain4_w16_gmp,6090,centered_logit_input_effect_mpp,231.86668395996094
single_shape,plain4_w16_gmp,6091,centered_logit_input_effect_mpp,278.2320098876953
single_shape,plain4_w16_gmp,6092,centered_logit_input_effect_mpp,169.58236694335938
single_shape,plain4_w16_gmp,6093,centered_logit_input_effect_mpp,213.952392578125
single_shape,plain4_w16_gmp,6094,centered_logit_input_effect_mpp,164.29905700683594
single_shape,plain4_w16_gmp,6095,centered_logit_input_effect_mpp,184.81240844726562
single_shape,plain4_w16_gmp,6096,centered_logit_input_effect_mpp,176.5767822265625
single_shape,plain4_w16_gmp,6097,centered_logit_input_effect_mpp,219.40533447265625
single_shape,plain4_w16_gmp,6098,centered_logit_input_effect_mpp,100.79061889648438
single_shape,plain4_w16_gmp,6099,centered_logit_input_effect_mpp,233.90640258789062
single_shape,plain4_w64_gap,6000,centered_logit_input_effect_mpp,2146.0150146484375
single_shape,plain4_w64_gap,6001,centered_logit_input_effect_mpp,692.5060424804688
single_shape,plain4_w64_gap,6002,centered_logit_input_effect_mpp,493.1252136230469
single_shape,plain4_w64_gap,6003,centered_logit_input_effect_mpp,775.3518676757812
single_shape,plain4_w64_gap,6004,centered_logit_input_effect_mpp,813.8075256347656
single_shape,plain4_w64_gap,6005,centered_logit_input_effect_mpp,86.97341918945312
single_shape,plain4_w64_gap,6006,centered_logit_input_effect_mpp,2222.6315307617188
single_shape,plain4_w64_gap,6007,centered_logit_input_effect_mpp,248.7320556640625
single_shape,plain4_w64_gap,6008,centered_logit_input_effect_mpp,1085.9151306152344
single_shape,plain4_w64_gap,6009,centered_logit_input_effect_mpp,1006.8428344726562
single_shape,plain4_w64_gap,6010,centered_logit_input_effect_mpp,764.8317260742188
single_shape,plain4_w64_gap,6011,centered_logit_input_effect_mpp,968.5487976074219
single_shape,plain4_w64_gap,6012,centered_logit_input_effect_mpp,1196.7344970703125
single_shape,plain4_w64_gap,6013,centered_logit_input_effect_mpp,680.201904296875
single_shape,plain4_w64_gap,6014,centered_logit_input_effect_mpp,1801.8861389160156
single_shape,plain4_w64_gap,6015,centered_logit_input_effect_mpp,2477.5670166015625
single_shape,plain4_w64_gap,6016,centered_logit_input_effect_mpp,942.0548400878906
single_shape,plain4_w64_gap,6017,centered_logit_input_effect_mpp,1704.2095489501953
single_shape,plain4_w64_gap,6018,centered_logit_input_effect_mpp,361.0416564941406
single_shape,plain4_w64_gap,6019,centered_logit_input_effect_mpp,437.51361083984375
single_shape,plain4_w64_gap,6020,centered_logit_input_effect_mpp,699.9741516113281
single_shape,plain4_w64_gap,6021,centered_logit_input_effect_mpp,1428.1181945800781
single_shape,plain4_w64_gap,6022,centered_logit_input_effect_mpp,943.4503173828125
single_shape,plain4_w64_gap,6023,centered_logit_input_effect_mpp,984.0306701660156
single_shape,plain4_w64_gap,6024,centered_logit_input_effect_mpp,1814.2645263671875
single_shape,plain4_w64_gap,6025,centered_logit_input_effect_mpp,1300.3022422790527
single_shape,plain4_w64_gap,6026,centered_logit_input_effect_mpp,472.403076171875
single_shape,plain4_w64_gap,6027,centered_logit_input_effect_mpp,1330.46728515625
single_shape,plain4_w64_gap,6028,centered_logit_input_effect_mpp,1781.9896850585938
single_shape,plain4_w64_gap,6029,centered_logit_input_effect_mpp,1840.73876953125
single_shape,plain4_w64_gap,6030,centered_logit_input_effect_mpp,2139.3602905273438
single_shape,plain4_w64_gap,6031,centered_logit_input_effect_mpp,843.598388671875
single_shape,plain4_w64_gap,6032,centered_logit_input_effect_mpp,1042.514892578125
single_shape,plain4_w64_gap,6033,centered_logit_input_effect_mpp,1299.9774475097656
single_shape,plain4_w64_gap,6034,centered_logit_input_effect_mpp,2264.1610107421875
single_shape,plain4_w64_gap,6035,centered_logit_input_effect_mpp,1365.6868896484375
single_shape,plain4_w64_gap,6036,centered_logit_input_effect_mpp,1154.1090087890625
single_shape,plain4_w64_gap,6037,centered_logit_input_effect_mpp,1620.7204284667969
single_shape,plain4_w64_gap,6038,centered_logit_input_effect_mpp,1100.3411254882812
single_shape,plain4_w64_gap,6039,centered_logit_input_effect_mpp,1053.7203979492188
single_shape,plain4_w64_gap,6040,centered_logit_input_effect_mpp,1589.6300048828125
single_shape,plain4_w64_gap,6041,centered_logit_input_effect_mpp,703.207275390625
single_shape,plain4_w64_gap,6042,centered_logit_input_effect_mpp,973.7855224609375
single_shape,plain4_w64_gap,6043,centered_logit_input_effect_mpp,977.663818359375
single_shape,plain4_w64_gap,6044,centered_logit_input_effect_mpp,1464.2670440673828
single_shape,plain4_w64_gap,6045,centered_logit_input_effect_mpp,441.9847412109375
single_shape,plain4_w64_gap,6046,centered_logit_input_effect_mpp,1045.5704956054688
single_shape,plain4_w64_gap,6047,centered_logit_input_effect_mpp,1586.5730590820312
single_shape,plain4_w64_gap,6048,centered_logit_input_effect_mpp,625.2039184570312
single_shape,plain4_w64_gap,6049,centered_logit_input_effect_mpp,1480.1046142578125
single_shape,plain4_w64_gap,6050,centered_logit_input_effect_mpp,953.0128173828125
single_shape,plain4_w64_gap,6051,centered_logit_input_effect_mpp,1856.0618896484375
single_shape,plain4_w64_gap,6052,centered_logit_input_effect_mpp,1213.4284057617188
single_shape,plain4_w64_gap,6053,centered_logit_input_effect_mpp,1676.5593566894531
single_shape,plain4_w64_gap,6054,centered_logit_input_effect_mpp,923.4848022460938
single_shape,plain4_w64_gap,6055,centered_logit_input_effect_mpp,646.9059448242188
single_shape,plain4_w64_gap,6056,centered_logit_input_effect_mpp,1060.330078125
single_shape,plain4_w64_gap,6057,centered_logit_input_effect_mpp,1138.9869995117188
single_shape,plain4_w64_gap,6058,centered_logit_input_effect_mpp,707.1838684082031
single_shape,plain4_w64_gap,6059,centered_logit_input_effect_mpp,1412.5230712890625
single_shape,plain4_w64_gap,6060,centered_logit_input_effect_mpp,1780.0542602539062
single_shape,plain4_w64_gap,6061,centered_logit_input_effect_mpp,850.9566650390625
single_shape,plain4_w64_gap,6062,centered_logit_input_effect_mpp,1446.4207153320312
single_shape,plain4_w64_gap,6063,centered_logit_input_effect_mpp,-355.35394287109375
single_shape,plain4_w64_gap,6064,centered_logit_input_effect_mpp,1009.3731079101562
single_shape,plain4_w64_gap,6065,centered_logit_input_effect_mpp,1080.8973693847656
single_shape,plain4_w64_gap,6066,centered_logit_input_effect_mpp,1260.6988220214844
single_shape,plain4_w64_gap,6067,centered_logit_input_effect_mpp,311.9872131347656
single_shape,plain4_w64_gap,6068,centered_logit_input_effect_mpp,644.1417236328125
single_shape,plain4_w64_gap,6069,centered_logit_input_effect_mpp,765.0673217773438
single_shape,plain4_w64_gap,6070,centered_logit_input_effect_mpp,1038.5814514160156
single_shape,plain4_w64_gap,6071,centered_logit_input_effect_mpp,1173.3922424316406
single_shape,plain4_w64_gap,6072,centered_logit_input_effect_mpp,2287.1946563720703
single_shape,plain4_w64_gap,6073,centered_logit_input_effect_mpp,565.8492431640625
single_shape,plain4_w64_gap,6074,centered_logit_input_effect_mpp,795.2239379882812
single_shape,plain4_w64_gap,6075,centered_logit_input_effect_mpp,1581.0637817382812
single_shape,plain4_w64_gap,6076,centered_logit_input_effect_mpp,953.5603637695312
single_shape,plain4_w64_gap,6077,centered_logit_input_effect_mpp,1794.7072448730469
single_shape,plain4_w64_gap,6078,centered_logit_input_effect_mpp,1574.1504516601562
single_shape,plain4_w64_gap,6079,centered_logit_input_effect_mpp,2162.379425048828
single_shape,plain4_w64_gap,6080,centered_logit_input_effect_mpp,1182.69970703125
single_shape,plain4_w64_gap,6081,centered_logit_input_effect_mpp,1855.8689880371094
single_shape,plain4_w64_gap,6082,centered_logit_input_effect_mpp,1379.6039123535156
single_shape,plain4_w64_gap,6083,centered_logit_input_effect_mpp,1645.8232421875
single_shape,plain4_w64_gap,6084,centered_logit_input_effect_mpp,-14.13641357421875
single_shape,plain4_w64_gap,6085,centered_logit_input_effect_mpp,2137.0865478515625
single_shape,plain4_w64_gap,6086,centered_logit_input_effect_mpp,1530.873291015625
single_shape,plain4_w64_gap,6087,centered_logit_input_effect_mpp,1254.1207466125488
single_shape,plain4_w64_gap,6088,centered_logit_input_effect_mpp,2302.224853515625
single_shape,plain4_w64_gap,6089,centered_logit_input_effect_mpp,2646.888702392578
single_shape,plain4_w64_gap,6090,centered_logit_input_effect_mpp,756.7758178710938
single_shape,plain4_w64_gap,6091,centered_logit_input_effect_mpp,1831.3630981445312
single_shape,plain4_w64_gap,6092,centered_logit_input_effect_mpp,1565.0294799804688
single_shape,plain4_w64_gap,6093,centered_logit_input_effect_mpp,807.0950622558594
single_shape,plain4_w64_gap,6094,centered_logit_input_effect_mpp,142.12054443359375
single_shape,plain4_w64_gap,6095,centered_logit_input_effect_mpp,236.23040771484375
single_shape,plain4_w64_gap,6096,centered_logit_input_effect_mpp,680.1680908203125
single_shape,plain4_w64_gap,6097,centered_logit_input_effect_mpp,898.396484375
single_shape,plain4_w64_gap,6098,centered_logit_input_effect_mpp,1203.8537902832031
single_shape,plain4_w64_gap,6099,centered_logit_input_effect_mpp,1850.9177780151367
single_shape,plain4_w64_gmp,6000,centered_logit_input_effect_mpp,78.99700927734375
single_shape,plain4_w64_gmp,6001,centered_logit_input_effect_mpp,102.762451171875
single_shape,plain4_w64_gmp,6002,centered_logit_input_effect_mpp,64.35897827148438
single_shape,plain4_w64_gmp,6003,centered_logit_input_effect_mpp,124.5694580078125
single_shape,plain4_w64_gmp,6004,centered_logit_input_effect_mpp,74.27456665039062
single_shape,plain4_w64_gmp,6005,centered_logit_input_effect_mpp,62.92169189453125
single_shape,plain4_w64_gmp,6006,centered_logit_input_effect_mpp,55.523468017578125
single_shape,plain4_w64_gmp,6007,centered_logit_input_effect_mpp,118.6881103515625
single_shape,plain4_w64_gmp,6008,centered_logit_input_effect_mpp,72.38626098632812
single_shape,plain4_w64_gmp,6009,centered_logit_input_effect_mpp,112.30279541015625
single_shape,plain4_w64_gmp,6010,centered_logit_input_effect_mpp,66.18292236328125
single_shape,plain4_w64_gmp,6011,centered_logit_input_effect_mpp,80.01937866210938
single_shape,plain4_w64_gmp,6012,centered_logit_input_effect_mpp,96.60516357421875
single_shape,plain4_w64_gmp,6013,centered_logit_input_effect_mpp,56.47456359863281
single_shape,plain4_w64_gmp,6014,centered_logit_input_effect_mpp,64.4248046875
single_shape,plain4_w64_gmp,6015,centered_logit_input_effect_mpp,76.34671020507812
single_shape,plain4_w64_gmp,6016,centered_logit_input_effect_mpp,84.90020751953125
single_shape,plain4_w64_gmp,6017,centered_logit_input_effect_mpp,106.80801391601562
single_shape,plain4_w64_gmp,6018,centered_logit_input_effect_mpp,74.74281311035156
single_shape,plain4_w64_gmp,6019,centered_logit_input_effect_mpp,131.40371704101562
single_shape,plain4_w64_gmp,6020,centered_logit_input_effect_mpp,106.39251708984375
single_shape,plain4_w64_gmp,6021,centered_logit_input_effect_mpp,68.7938232421875
single_shape,plain4_w64_gmp,6022,centered_logit_input_effect_mpp,86.08486938476562
single_shape,plain4_w64_gmp,6023,centered_logit_input_effect_mpp,57.479461669921875
single_shape,plain4_w64_gmp,6024,centered_logit_input_effect_mpp,96.7557373046875
single_shape,plain4_w64_gmp,6025,centered_logit_input_effect_mpp,85.1766357421875
single_shape,plain4_w64_gmp,6026,centered_logit_input_effect_mpp,113.15475463867188
single_shape,plain4_w64_gmp,6027,centered_logit_input_effect_mpp,104.37814331054688
single_shape,plain4_w64_gmp,6028,centered_logit_input_effect_mpp,59.309173583984375
single_shape,plain4_w64_gmp,6029,centered_logit_input_effect_mpp,50.92010498046875
single_shape,plain4_w64_gmp,6030,centered_logit_input_effect_mpp,107.37823486328125
single_shape,plain4_w64_gmp,6031,centered_logit_input_effect_mpp,96.12997436523438
single_shape,plain4_w64_gmp,6032,centered_logit_input_effect_mpp,73.331787109375
single_shape,plain4_w64_gmp,6033,centered_logit_input_effect_mpp,58.9227294921875
single_shape,plain4_w64_gmp,6034,centered_logit_input_effect_mpp,99.76107788085938
single_shape,plain4_w64_gmp,6035,centered_logit_input_effect_mpp,66.1214599609375
single_shape,plain4_w64_gmp,6036,centered_logit_input_effect_mpp,77.60214233398438
single_shape,plain4_w64_gmp,6037,centered_logit_input_effect_mpp,85.79414367675781
single_shape,plain4_w64_gmp,6038,centered_logit_input_effect_mpp,126.91793823242188
single_shape,plain4_w64_gmp,6039,centered_logit_input_effect_mpp,96.51962280273438
single_shape,plain4_w64_gmp,6040,centered_logit_input_effect_mpp,105.87934875488281
single_shape,plain4_w64_gmp,6041,centered_logit_input_effect_mpp,193.002197265625
single_shape,plain4_w64_gmp,6042,centered_logit_input_effect_mpp,87.36325073242188
single_shape,plain4_w64_gmp,6043,centered_logit_input_effect_mpp,81.4947509765625
single_shape,plain4_w64_gmp,6044,centered_logit_input_effect_mpp,106.94918823242188
single_shape,plain4_w64_gmp,6045,centered_logit_input_effect_mpp,132.36004638671875
single_shape,plain4_w64_gmp,6046,centered_logit_input_effect_mpp,65.2296142578125
single_shape,plain4_w64_gmp,6047,centered_logit_input_effect_mpp,-21.068878173828125
single_shape,plain4_w64_gmp,6048,centered_logit_input_effect_mpp,116.5430908203125
single_shape,plain4_w64_gmp,6049,centered_logit_input_effect_mpp,97.34051513671875
single_shape,plain4_w64_gmp,6050,centered_logit_input_effect_mpp,118.47930908203125
single_shape,plain4_w64_gmp,6051,centered_logit_input_effect_mpp,47.945068359375
single_shape,plain4_w64_gmp,6052,centered_logit_input_effect_mpp,103.53787231445312
single_shape,plain4_w64_gmp,6053,centered_logit_input_effect_mpp,86.1431884765625
single_shape,plain4_w64_gmp,6054,centered_logit_input_effect_mpp,157.66116333007812
single_shape,plain4_w64_gmp,6055,centered_logit_input_effect_mpp,43.37518310546875
single_shape,plain4_w64_gmp,6056,centered_logit_input_effect_mpp,114.86695861816406
single_shape,plain4_w64_gmp,6057,centered_logit_input_effect_mpp,143.8489990234375
single_shape,plain4_w64_gmp,6058,centered_logit_input_effect_mpp,99.65771484375
single_shape,plain4_w64_gmp,6059,centered_logit_input_effect_mpp,85.70361328125
single_shape,plain4_w64_gmp,6060,centered_logit_input_effect_mpp,100.46157836914062
single_shape,plain4_w64_gmp,6061,centered_logit_input_effect_mpp,84.31314086914062
single_shape,plain4_w64_gmp,6062,centered_logit_input_effect_mpp,55.291168212890625
single_shape,plain4_w64_gmp,6063,centered_logit_input_effect_mpp,41.9674072265625
single_shape,plain4_w64_gmp,6064,centered_logit_input_effect_mpp,70.78656005859375
single_shape,plain4_w64_gmp,6065,centered_logit_input_effect_mpp,100.16677856445312
single_shape,plain4_w64_gmp,6066,centered_logit_input_effect_mpp,89.55792236328125
single_shape,plain4_w64_gmp,6067,centered_logit_input_effect_mpp,72.57818603515625
single_shape,plain4_w64_gmp,6068,centered_logit_input_effect_mpp,108.96011352539062
single_shape,plain4_w64_gmp,6069,centered_logit_input_effect_mpp,71.40219116210938
single_shape,plain4_w64_gmp,6070,centered_logit_input_effect_mpp,96.32852172851562
single_shape,plain4_w64_gmp,6071,centered_logit_input_effect_mpp,112.19415283203125
single_shape,plain4_w64_gmp,6072,centered_logit_input_effect_mpp,59.005340576171875
single_shape,plain4_w64_gmp,6073,centered_logit_input_effect_mpp,71.544677734375
single_shape,plain4_w64_gmp,6074,centered_logit_input_effect_mpp,57.14552307128906
single_shape,plain4_w64_gmp,6075,centered_logit_input_effect_mpp,95.94085693359375
single_shape,plain4_w64_gmp,6076,centered_logit_input_effect_mpp,136.18780517578125
single_shape,plain4_w64_gmp,6077,centered_logit_input_effect_mpp,63.06306457519531
single_shape,plain4_w64_gmp,6078,centered_logit_input_effect_mpp,94.78704833984375
single_shape,plain4_w64_gmp,6079,centered_logit_input_effect_mpp,66.04440307617188
single_shape,plain4_w64_gmp,6080,centered_logit_input_effect_mpp,103.0784912109375
single_shape,plain4_w64_gmp,6081,centered_logit_input_effect_mpp,50.890960693359375
single_shape,plain4_w64_gmp,6082,centered_logit_input_effect_mpp,76.63882446289062
single_shape,plain4_w64_gmp,6083,centered_logit_input_effect_mpp,109.36618041992188
single_shape,plain4_w64_gmp,6084,centered_logit_input_effect_mpp,95.17129516601562
single_shape,plain4_w64_gmp,6085,centered_logit_input_effect_mpp,65.43582153320312
single_shape,plain4_w64_gmp,6086,centered_logit_input_effect_mpp,92.81106567382812
single_shape,plain4_w64_gmp,6087,centered_logit_input_effect_mpp,66.42762756347656
single_shape,plain4_w64_gmp,6088,centered_logit_input_effect_mpp,78.31387329101562
single_shape,plain4_w64_gmp,6089,centered_logit_input_effect_mpp,113.62158203125
single_shape,plain4_w64_gmp,6090,centered_logit_input_effect_mpp,65.5048828125
single_shape,plain4_w64_gmp,6091,centered_logit_input_effect_mpp,108.745849609375
single_shape,plain4_w64_gmp,6092,centered_logit_input_effect_mpp,62.33929443359375
single_shape,plain4_w64_gmp,6093,centered_logit_input_effect_mpp,100.6324462890625
single_shape,plain4_w64_gmp,6094,centered_logit_input_effect_mpp,100.73941040039062
single_shape,plain4_w64_gmp,6095,centered_logit_input_effect_mpp,86.01358032226562
single_shape,plain4_w64_gmp,6096,centered_logit_input_effect_mpp,103.39767456054688
single_shape,plain4_w64_gmp,6097,centered_logit_input_effect_mpp,123.8133544921875
single_shape,plain4_w64_gmp,6098,centered_logit_input_effect_mpp,46.1275634765625
single_shape,plain4_w64_gmp,6099,centered_logit_input_effect_mpp,88.67092895507812
single_shape,res4_w16_gap,6000,centered_logit_input_effect_mpp,901.2235717773438
single_shape,res4_w16_gap,6001,centered_logit_input_effect_mpp,1071.9697265625
single_shape,res4_w16_gap,6002,centered_logit_input_effect_mpp,1160.3002014160156
single_shape,res4_w16_gap,6003,centered_logit_input_effect_mpp,494.2332458496094
single_shape,res4_w16_gap,6004,centered_logit_input_effect_mpp,1351.314453125
single_shape,res4_w16_gap,6005,centered_logit_input_effect_mpp,2253.551513671875
single_shape,res4_w16_gap,6006,centered_logit_input_effect_mpp,951.0733947753906
single_shape,res4_w16_gap,6007,centered_logit_input_effect_mpp,1229.0597534179688
single_shape,res4_w16_gap,6008,centered_logit_input_effect_mpp,830.4986572265625
single_shape,res4_w16_gap,6009,centered_logit_input_effect_mpp,2040.9747924804688
single_shape,res4_w16_gap,6010,centered_logit_input_effect_mpp,795.5143280029297
single_shape,res4_w16_gap,6011,centered_logit_input_effect_mpp,905.5705871582031
single_shape,res4_w16_gap,6012,centered_logit_input_effect_mpp,902.4146728515625
single_shape,res4_w16_gap,6013,centered_logit_input_effect_mpp,890.6896057128906
single_shape,res4_w16_gap,6014,centered_logit_input_effect_mpp,962.9705200195312
single_shape,res4_w16_gap,6015,centered_logit_input_effect_mpp,1309.2415161132812
single_shape,res4_w16_gap,6016,centered_logit_input_effect_mpp,514.6368713378906
single_shape,res4_w16_gap,6017,centered_logit_input_effect_mpp,1679.2354431152344
single_shape,res4_w16_gap,6018,centered_logit_input_effect_mpp,359.4531707763672
single_shape,res4_w16_gap,6019,centered_logit_input_effect_mpp,798.7031402587891
single_shape,res4_w16_gap,6020,centered_logit_input_effect_mpp,1538.3894653320312
single_shape,res4_w16_gap,6021,centered_logit_input_effect_mpp,1118.1171264648438
single_shape,res4_w16_gap,6022,centered_logit_input_effect_mpp,544.6431427001953
single_shape,res4_w16_gap,6023,centered_logit_input_effect_mpp,1002.4537658691406
single_shape,res4_w16_gap,6024,centered_logit_input_effect_mpp,666.6733703613281
single_shape,res4_w16_gap,6025,centered_logit_input_effect_mpp,913.1892700195312
single_shape,res4_w16_gap,6026,centered_logit_input_effect_mpp,913.8445739746094
single_shape,res4_w16_gap,6027,centered_logit_input_effect_mpp,1726.6561584472656
single_shape,res4_w16_gap,6028,centered_logit_input_effect_mpp,948.3013916015625
single_shape,res4_w16_gap,6029,centered_logit_input_effect_mpp,861.8966674804688
single_shape,res4_w16_gap,6030,centered_logit_input_effect_mpp,978.2927551269531
single_shape,res4_w16_gap,6031,centered_logit_input_effect_mpp,1750.5654907226562
single_shape,res4_w16_gap,6032,centered_logit_input_effect_mpp,786.2159118652344
single_shape,res4_w16_gap,6033,centered_logit_input_effect_mpp,1154.5249938964844
single_shape,res4_w16_gap,6034,centered_logit_input_effect_mpp,987.2461547851562
single_shape,res4_w16_gap,6035,centered_logit_input_effect_mpp,1328.69873046875
single_shape,res4_w16_gap,6036,centered_logit_input_effect_mpp,1029.6251220703125
single_shape,res4_w16_gap,6037,centered_logit_input_effect_mpp,1008.7185974121094
single_shape,res4_w16_gap,6038,centered_logit_input_effect_mpp,1082.8768920898438
single_shape,res4_w16_gap,6039,centered_logit_input_effect_mpp,963.2697296142578
single_shape,res4_w16_gap,6040,centered_logit_input_effect_mpp,1049.957260131836
single_shape,res4_w16_gap,6041,centered_logit_input_effect_mpp,1803.601318359375
single_shape,res4_w16_gap,6042,centered_logit_input_effect_mpp,1696.8641357421875
single_shape,res4_w16_gap,6043,centered_logit_input_effect_mpp,1197.5736694335938
single_shape,res4_w16_gap,6044,centered_logit_input_effect_mpp,1562.1768188476562
single_shape,res4_w16_gap,6045,centered_logit_input_effect_mpp,730.4635009765625
single_shape,res4_w16_gap,6046,centered_logit_input_effect_mpp,1879.5047607421875
single_shape,res4_w16_gap,6047,centered_logit_input_effect_mpp,492.6141662597656
single_shape,res4_w16_gap,6048,centered_logit_input_effect_mpp,2635.095977783203
single_shape,res4_w16_gap,6049,centered_logit_input_effect_mpp,721.0935363769531
single_shape,res4_w16_gap,6050,centered_logit_input_effect_mpp,908.479736328125
single_shape,res4_w16_gap,6051,centered_logit_input_effect_mpp,1508.7252807617188
single_shape,res4_w16_gap,6052,centered_logit_input_effect_mpp,1232.665283203125
single_shape,res4_w16_gap,6053,centered_logit_input_effect_mpp,801.8534545898438
single_shape,res4_w16_gap,6054,centered_logit_input_effect_mpp,2149.593231201172
single_shape,res4_w16_gap,6055,centered_logit_input_effect_mpp,2085.7201385498047
single_shape,res4_w16_gap,6056,centered_logit_input_effect_mpp,850.8456420898438
single_shape,res4_w16_gap,6057,centered_logit_input_effect_mpp,1293.7112884521484
single_shape,res4_w16_gap,6058,centered_logit_input_effect_mpp,558.4074401855469
single_shape,res4_w16_gap,6059,centered_logit_input_effect_mpp,1046.6716613769531
single_shape,res4_w16_gap,6060,centered_logit_input_effect_mpp,2229.7381286621094
single_shape,res4_w16_gap,6061,centered_logit_input_effect_mpp,601.6114807128906
single_shape,res4_w16_gap,6062,centered_logit_input_effect_mpp,2036.087646484375
single_shape,res4_w16_gap,6063,centered_logit_input_effect_mpp,1226.2759704589844
single_shape,res4_w16_gap,6064,centered_logit_input_effect_mpp,1670.1595153808594
single_shape,res4_w16_gap,6065,centered_logit_input_effect_mpp,2427.911865234375
single_shape,res4_w16_gap,6066,centered_logit_input_effect_mpp,1125.620361328125
single_shape,res4_w16_gap,6067,centered_logit_input_effect_mpp,1565.9918518066406
single_shape,res4_w16_gap,6068,centered_logit_input_effect_mpp,998.7354431152344
single_shape,res4_w16_gap,6069,centered_logit_input_effect_mpp,1816.75927734375
single_shape,res4_w16_gap,6070,centered_logit_input_effect_mpp,1791.9835205078125
single_shape,res4_w16_gap,6071,centered_logit_input_effect_mpp,726.2793884277344
single_shape,res4_w16_gap,6072,centered_logit_input_effect_mpp,546.6902465820312
single_shape,res4_w16_gap,6073,centered_logit_input_effect_mpp,855.1649780273438
single_shape,res4_w16_gap,6074,centered_logit_input_effect_mpp,1121.0494384765625
single_shape,res4_w16_gap,6075,centered_logit_input_effect_mpp,1984.3721313476562
single_shape,res4_w16_gap,6076,centered_logit_input_effect_mpp,1292.92919921875
single_shape,res4_w16_gap,6077,centered_logit_input_effect_mpp,1756.9815979003906
single_shape,res4_w16_gap,6078,centered_logit_input_effect_mpp,1301.8497924804688
single_shape,res4_w16_gap,6079,centered_logit_input_effect_mpp,1696.0421142578125
single_shape,res4_w16_gap,6080,centered_logit_input_effect_mpp,1355.9710083007812
single_shape,res4_w16_gap,6081,centered_logit_input_effect_mpp,404.44378662109375
single_shape,res4_w16_gap,6082,centered_logit_input_effect_mpp,930.1170196533203
single_shape,res4_w16_gap,6083,centered_logit_input_effect_mpp,944.5703430175781
single_shape,res4_w16_gap,6084,centered_logit_input_effect_mpp,691.8174438476562
single_shape,res4_w16_gap,6085,centered_logit_input_effect_mpp,1173.9257507324219
single_shape,res4_w16_gap,6086,centered_logit_input_effect_mpp,1248.4804992675781
single_shape,res4_w16_gap,6087,centered_logit_input_effect_mpp,1254.0062561035156
single_shape,res4_w16_gap,6088,centered_logit_input_effect_mpp,729.9412384033203
single_shape,res4_w16_gap,6089,centered_logit_input_effect_mpp,2088.849090576172
single_shape,res4_w16_gap,6090,centered_logit_input_effect_mpp,1459.4059143066406
single_shape,res4_w16_gap,6091,centered_logit_input_effect_mpp,514.8045654296875
single_shape,res4_w16_gap,6092,centered_logit_input_effect_mpp,650.8869323730469
single_shape,res4_w16_gap,6093,centered_logit_input_effect_mpp,321.41754150390625
single_shape,res4_w16_gap,6094,centered_logit_input_effect_mpp,1590.3828125
single_shape,res4_w16_gap,6095,centered_logit_input_effect_mpp,1364.6805419921875
single_shape,res4_w16_gap,6096,centered_logit_input_effect_mpp,1059.2607727050781
single_shape,res4_w16_gap,6097,centered_logit_input_effect_mpp,1429.476806640625
single_shape,res4_w16_gap,6098,centered_logit_input_effect_mpp,1700.4210205078125
single_shape,res4_w16_gap,6099,centered_logit_input_effect_mpp,1778.8771667480469
single_shape,res4_w16_gmp,6000,centered_logit_input_effect_mpp,97.02238464355469
single_shape,res4_w16_gmp,6001,centered_logit_input_effect_mpp,130.232666015625
single_shape,res4_w16_gmp,6002,centered_logit_input_effect_mpp,135.81170654296875
single_shape,res4_w16_gmp,6003,centered_logit_input_effect_mpp,98.28901672363281
single_shape,res4_w16_gmp,6004,centered_logit_input_effect_mpp,80.52244567871094
single_shape,res4_w16_gmp,6005,centered_logit_input_effect_mpp,76.77397155761719
single_shape,res4_w16_gmp,6006,centered_logit_input_effect_mpp,116.99870300292969
single_shape,res4_w16_gmp,6007,centered_logit_input_effect_mpp,87.7021484375
single_shape,res4_w16_gmp,6008,centered_logit_input_effect_mpp,87.40437316894531
single_shape,res4_w16_gmp,6009,centered_logit_input_effect_mpp,120.77008056640625
single_shape,res4_w16_gmp,6010,centered_logit_input_effect_mpp,106.00732421875
single_shape,res4_w16_gmp,6011,centered_logit_input_effect_mpp,209.46556091308594
single_shape,res4_w16_gmp,6012,centered_logit_input_effect_mpp,103.99974060058594
single_shape,res4_w16_gmp,6013,centered_logit_input_effect_mpp,78.39166259765625
single_shape,res4_w16_gmp,6014,centered_logit_input_effect_mpp,204.87063598632812
single_shape,res4_w16_gmp,6015,centered_logit_input_effect_mpp,165.29513549804688
single_shape,res4_w16_gmp,6016,centered_logit_input_effect_mpp,168.9210205078125
single_shape,res4_w16_gmp,6017,centered_logit_input_effect_mpp,154.53375244140625
single_shape,res4_w16_gmp,6018,centered_logit_input_effect_mpp,76.41261291503906
single_shape,res4_w16_gmp,6019,centered_logit_input_effect_mpp,55.17039489746094
single_shape,res4_w16_gmp,6020,centered_logit_input_effect_mpp,305.8742218017578
single_shape,res4_w16_gmp,6021,centered_logit_input_effect_mpp,84.11778259277344
single_shape,res4_w16_gmp,6022,centered_logit_input_effect_mpp,103.16448974609375
single_shape,res4_w16_gmp,6023,centered_logit_input_effect_mpp,105.46875
single_shape,res4_w16_gmp,6024,centered_logit_input_effect_mpp,152.9333038330078
single_shape,res4_w16_gmp,6025,centered_logit_input_effect_mpp,96.11322021484375
single_shape,res4_w16_gmp,6026,centered_logit_input_effect_mpp,163.95159912109375
single_shape,res4_w16_gmp,6027,centered_logit_input_effect_mpp,119.47053527832031
single_shape,res4_w16_gmp,6028,centered_logit_input_effect_mpp,199.06784057617188
single_shape,res4_w16_gmp,6029,centered_logit_input_effect_mpp,87.00538635253906
single_shape,res4_w16_gmp,6030,centered_logit_input_effect_mpp,170.39288330078125
single_shape,res4_w16_gmp,6031,centered_logit_input_effect_mpp,98.69223022460938
single_shape,res4_w16_gmp,6032,centered_logit_input_effect_mpp,88.30496215820312
single_shape,res4_w16_gmp,6033,centered_logit_input_effect_mpp,154.1705322265625
single_shape,res4_w16_gmp,6034,centered_logit_input_effect_mpp,163.9258270263672
single_shape,res4_w16_gmp,6035,centered_logit_input_effect_mpp,109.72294616699219
single_shape,res4_w16_gmp,6036,centered_logit_input_effect_mpp,208.08795166015625
single_shape,res4_w16_gmp,6037,centered_logit_input_effect_mpp,100.39729309082031
single_shape,res4_w16_gmp,6038,centered_logit_input_effect_mpp,125.7789306640625
single_shape,res4_w16_gmp,6039,centered_logit_input_effect_mpp,164.84298706054688
single_shape,res4_w16_gmp,6040,centered_logit_input_effect_mpp,97.47700500488281
single_shape,res4_w16_gmp,6041,centered_logit_input_effect_mpp,105.16275024414062
single_shape,res4_w16_gmp,6042,centered_logit_input_effect_mpp,165.81642150878906
single_shape,res4_w16_gmp,6043,centered_logit_input_effect_mpp,104.72642517089844
single_shape,res4_w16_gmp,6044,centered_logit_input_effect_mpp,130.43380737304688
single_shape,res4_w16_gmp,6045,centered_logit_input_effect_mpp,141.34799194335938
single_shape,res4_w16_gmp,6046,centered_logit_input_effect_mpp,89.94711303710938
single_shape,res4_w16_gmp,6047,centered_logit_input_effect_mpp,117.09017944335938
single_shape,res4_w16_gmp,6048,centered_logit_input_effect_mpp,164.69869995117188
single_shape,res4_w16_gmp,6049,centered_logit_input_effect_mpp,166.00083923339844
single_shape,res4_w16_gmp,6050,centered_logit_input_effect_mpp,340.1014099121094
single_shape,res4_w16_gmp,6051,centered_logit_input_effect_mpp,135.44900512695312
single_shape,res4_w16_gmp,6052,centered_logit_input_effect_mpp,118.50401306152344
single_shape,res4_w16_gmp,6053,centered_logit_input_effect_mpp,136.98509216308594
single_shape,res4_w16_gmp,6054,centered_logit_input_effect_mpp,137.5217742919922
single_shape,res4_w16_gmp,6055,centered_logit_input_effect_mpp,119.1495361328125
single_shape,res4_w16_gmp,6056,centered_logit_input_effect_mpp,168.68287658691406
single_shape,res4_w16_gmp,6057,centered_logit_input_effect_mpp,196.46066284179688
single_shape,res4_w16_gmp,6058,centered_logit_input_effect_mpp,113.74812316894531
single_shape,res4_w16_gmp,6059,centered_logit_input_effect_mpp,96.50631713867188
single_shape,res4_w16_gmp,6060,centered_logit_input_effect_mpp,160.0206298828125
single_shape,res4_w16_gmp,6061,centered_logit_input_effect_mpp,109.39312744140625
single_shape,res4_w16_gmp,6062,centered_logit_input_effect_mpp,152.72080993652344
single_shape,res4_w16_gmp,6063,centered_logit_input_effect_mpp,128.97296142578125
single_shape,res4_w16_gmp,6064,centered_logit_input_effect_mpp,97.45893859863281
single_shape,res4_w16_gmp,6065,centered_logit_input_effect_mpp,92.55058288574219
single_shape,res4_w16_gmp,6066,centered_logit_input_effect_mpp,150.382568359375
single_shape,res4_w16_gmp,6067,centered_logit_input_effect_mpp,103.05050659179688
single_shape,res4_w16_gmp,6068,centered_logit_input_effect_mpp,169.09686279296875
single_shape,res4_w16_gmp,6069,centered_logit_input_effect_mpp,118.82296752929688
single_shape,res4_w16_gmp,6070,centered_logit_input_effect_mpp,150.7881622314453
single_shape,res4_w16_gmp,6071,centered_logit_input_effect_mpp,107.51374816894531
single_shape,res4_w16_gmp,6072,centered_logit_input_effect_mpp,131.2956085205078
single_shape,res4_w16_gmp,6073,centered_logit_input_effect_mpp,109.49462890625
single_shape,res4_w16_gmp,6074,centered_logit_input_effect_mpp,118.57955932617188
single_shape,res4_w16_gmp,6075,centered_logit_input_effect_mpp,145.85641479492188
single_shape,res4_w16_gmp,6076,centered_logit_input_effect_mpp,159.06813049316406
single_shape,res4_w16_gmp,6077,centered_logit_input_effect_mpp,97.66001892089844
single_shape,res4_w16_gmp,6078,centered_logit_input_effect_mpp,167.50689697265625
single_shape,res4_w16_gmp,6079,centered_logit_input_effect_mpp,144.3248748779297
single_shape,res4_w16_gmp,6080,centered_logit_input_effect_mpp,155.42799377441406
single_shape,res4_w16_gmp,6081,centered_logit_input_effect_mpp,112.08958435058594
single_shape,res4_w16_gmp,6082,centered_logit_input_effect_mpp,136.85572814941406
single_shape,res4_w16_gmp,6083,centered_logit_input_effect_mpp,94.74505615234375
single_shape,res4_w16_gmp,6084,centered_logit_input_effect_mpp,125.50823974609375
single_shape,res4_w16_gmp,6085,centered_logit_input_effect_mpp,179.70721435546875
single_shape,res4_w16_gmp,6086,centered_logit_input_effect_mpp,101.21858215332031
single_shape,res4_w16_gmp,6087,centered_logit_input_effect_mpp,201.69627380371094
single_shape,res4_w16_gmp,6088,centered_logit_input_effect_mpp,148.83860778808594
single_shape,res4_w16_gmp,6089,centered_logit_input_effect_mpp,183.62599182128906
single_shape,res4_w16_gmp,6090,centered_logit_input_effect_mpp,122.61421203613281
single_shape,res4_w16_gmp,6091,centered_logit_input_effect_mpp,117.38430786132812
single_shape,res4_w16_gmp,6092,centered_logit_input_effect_mpp,118.01028442382812
single_shape,res4_w16_gmp,6093,centered_logit_input_effect_mpp,144.57968139648438
single_shape,res4_w16_gmp,6094,centered_logit_input_effect_mpp,102.97311401367188
single_shape,res4_w16_gmp,6095,centered_logit_input_effect_mpp,122.91542053222656
single_shape,res4_w16_gmp,6096,centered_logit_input_effect_mpp,146.99725341796875
single_shape,res4_w16_gmp,6097,centered_logit_input_effect_mpp,113.05441284179688
single_shape,res4_w16_gmp,6098,centered_logit_input_effect_mpp,150.4821014404297
single_shape,res4_w16_gmp,6099,centered_logit_input_effect_mpp,139.5908203125
single_shape,tiny_gap,6000,centered_logit_input_effect_mpp,21.760036408901215
single_shape,tiny_gap,6001,centered_logit_input_effect_mpp,19.428449869155884
single_shape,tiny_gap,6002,centered_logit_input_effect_mpp,23.66584825515747
single_shape,tiny_gap,6003,centered_logit_input_effect_mpp,18.441588938236237
single_shape,tiny_gap,6004,centered_logit_input_effect_mpp,24.588338911533356
single_shape,tiny_gap,6005,centered_logit_input_effect_mpp,19.811175405979156
single_shape,tiny_gap,6006,centered_logit_input_effect_mpp,21.112094163894653
single_shape,tiny_gap,6007,centered_logit_input_effect_mpp,21.77334487438202
single_shape,tiny_gap,6008,centered_logit_input_effect_mpp,21.24539816379547
single_shape,tiny_gap,6009,centered_logit_input_effect_mpp,20.406157910823822
single_shape,tiny_gap,6010,centered_logit_input_effect_mpp,21.447139620780945
single_shape,tiny_gap,6011,centered_logit_input_effect_mpp,20.66454827785492
single_shape,tiny_gap,6012,centered_logit_input_effect_mpp,18.73889148235321
single_shape,tiny_gap,6013,centered_logit_input_effect_mpp,22.703091204166412
single_shape,tiny_gap,6014,centered_logit_input_effect_mpp,20.106591165065765
single_shape,tiny_gap,6015,centered_logit_input_effect_mpp,21.03798246383667
single_shape,tiny_gap,6016,centered_logit_input_effect_mpp,19.885501444339752
single_shape,tiny_gap,6017,centered_logit_input_effect_mpp,24.150559663772583
single_shape,tiny_gap,6018,centered_logit_input_effect_mpp,22.74959820508957
single_shape,tiny_gap,6019,centered_logit_input_effect_mpp,20.391342341899872
single_shape,tiny_gap,6020,centered_logit_input_effect_mpp,18.559064865112305
single_shape,tiny_gap,6021,centered_logit_input_effect_mpp,22.657982885837555
single_shape,tiny_gap,6022,centered_logit_input_effect_mpp,21.0566263794899
single_shape,tiny_gap,6023,centered_logit_input_effect_mpp,21.92507416009903
single_shape,tiny_gap,6024,centered_logit_input_effect_mpp,24.444592356681824
single_shape,tiny_gap,6025,centered_logit_input_effect_mpp,23.410041987895966
single_shape,tiny_gap,6026,centered_logit_input_effect_mpp,22.87256383895874
single_shape,tiny_gap,6027,centered_logit_input_effect_mpp,23.761190474033356
single_shape,tiny_gap,6028,centered_logit_input_effect_mpp,23.301827907562256
single_shape,tiny_gap,6029,centered_logit_input_effect_mpp,27.752731800079346
single_shape,tiny_gap,6030,centered_logit_input_effect_mpp,25.165691018104553
single_shape,tiny_gap,6031,centered_logit_input_effect_mpp,17.77728909254074
single_shape,tiny_gap,6032,centered_logit_input_effect_mpp,20.8060821890831
single_shape,tiny_gap,6033,centered_logit_input_effect_mpp,22.176729261875153
single_shape,tiny_gap,6034,centered_logit_input_effect_mpp,21.39869326353073
single_shape,tiny_gap,6035,centered_logit_input_effect_mpp,22.862215220928192
single_shape,tiny_gap,6036,centered_logit_input_effect_mpp,21.29793417453766
single_shape,tiny_gap,6037,centered_logit_input_effect_mpp,21.272851407527924
single_shape,tiny_gap,6038,centered_logit_input_effect_mpp,20.814491987228394
single_shape,tiny_gap,6039,centered_logit_input_effect_mpp,23.706902623176575
single_shape,tiny_gap,6040,centered_logit_input_effect_mpp,22.75928044319153
single_shape,tiny_gap,6041,centered_logit_input_effect_mpp,25.583638310432434
single_shape,tiny_gap,6042,centered_logit_input_effect_mpp,25.356449604034424
single_shape,tiny_gap,6043,centered_logit_input_effect_mpp,24.80053836107254
single_shape,tiny_gap,6044,centered_logit_input_effect_mpp,19.89118003845215
single_shape,tiny_gap,6045,centered_logit_input_effect_mpp,24.193628311157227
single_shape,tiny_gap,6046,centered_logit_input_effect_mpp,20.568953573703766
single_shape,tiny_gap,6047,centered_logit_input_effect_mpp,25.984929263591766
single_shape,tiny_gap,6048,centered_logit_input_effect_mpp,19.832237601280212
single_shape,tiny_gap,6049,centered_logit_input_effect_mpp,22.376282513141632
single_shape,tiny_gap,6050,centered_logit_input_effect_mpp,22.916264593601227
single_shape,tiny_gap,6051,centered_logit_input_effect_mpp,24.01127338409424
single_shape,tiny_gap,6052,centered_logit_input_effect_mpp,24.29319339990616
single_shape,tiny_gap,6053,centered_logit_input_effect_mpp,24.96281236410141
single_shape,tiny_gap,6054,centered_logit_input_effect_mpp,21.660846948623657
single_shape,tiny_gap,6055,centered_logit_input_effect_mpp,21.80088061094284
single_shape,tiny_gap,6056,centered_logit_input_effect_mpp,24.719895660877228
single_shape,tiny_gap,6057,centered_logit_input_effect_mpp,22.630248963832855
single_shape,tiny_gap,6058,centered_logit_input_effect_mpp,27.941060423851013
single_shape,tiny_gap,6059,centered_logit_input_effect_mpp,19.740228950977325
single_shape,tiny_gap,6060,centered_logit_input_effect_mpp,21.880041241645813
single_shape,tiny_gap,6061,centered_logit_input_effect_mpp,22.169524252414703
single_shape,tiny_gap,6062,centered_logit_input_effect_mpp,18.90331494808197
single_shape,tiny_gap,6063,centered_logit_input_effect_mpp,23.46628177165985
single_shape,tiny_gap,6064,centered_logit_input_effect_mpp,24.168067932128906
single_shape,tiny_gap,6065,centered_logit_input_effect_mpp,22.170661330223083
single_shape,tiny_gap,6066,centered_logit_input_effect_mpp,24.11632812023163
single_shape,tiny_gap,6067,centered_logit_input_effect_mpp,25.96512269973755
single_shape,tiny_gap,6068,centered_logit_input_effect_mpp,21.843964517116547
single_shape,tiny_gap,6069,centered_logit_input_effect_mpp,25.849938809871674
single_shape,tiny_gap,6070,centered_logit_input_effect_mpp,23.044733941555023
single_shape,tiny_gap,6071,centered_logit_input_effect_mpp,23.331561148166656
single_shape,tiny_gap,6072,centered_logit_input_effect_mpp,21.371853291988373
single_shape,tiny_gap,6073,centered_logit_input_effect_mpp,23.762374758720398
single_shape,tiny_gap,6074,centered_logit_input_effect_mpp,22.13610452413559
single_shape,tiny_gap,6075,centered_logit_input_effect_mpp,24.194770574569702
single_shape,tiny_gap,6076,centered_logit_input_effect_mpp,19.562608122825623
single_shape,tiny_gap,6077,centered_logit_input_effect_mpp,24.215678095817566
single_shape,tiny_gap,6078,centered_logit_input_effect_mpp,22.978253602981567
single_shape,tiny_gap,6079,centered_logit_input_effect_mpp,24.053054869174957
single_shape,tiny_gap,6080,centered_logit_input_effect_mpp,25.718344688415527
single_shape,tiny_gap,6081,centered_logit_input_effect_mpp,19.765382528305054
single_shape,tiny_gap,6082,centered_logit_input_effect_mpp,19.836314141750336
single_shape,tiny_gap,6083,centered_logit_input_effect_mpp,25.475752115249634
single_shape,tiny_gap,6084,centered_logit_input_effect_mpp,19.383488655090332
single_shape,tiny_gap,6085,centered_logit_input_effect_mpp,21.817827343940735
single_shape,tiny_gap,6086,centered_logit_input_effect_mpp,20.39466279745102
single_shape,tiny_gap,6087,centered_logit_input_effect_mpp,22.720541059970856
single_shape,tiny_gap,6088,centered_logit_input_effect_mpp,21.329293072223663
single_shape,tiny_gap,6089,centered_logit_input_effect_mpp,20.67818570137024
single_shape,tiny_gap,6090,centered_logit_input_effect_mpp,20.073399424552917
single_shape,tiny_gap,6091,centered_logit_input_effect_mpp,23.50943672657013
single_shape,tiny_gap,6092,centered_logit_input_effect_mpp,24.054846942424774
single_shape,tiny_gap,6093,centered_logit_input_effect_mpp,19.60340714454651
single_shape,tiny_gap,6094,centered_logit_input_effect_mpp,21.91358596086502
single_shape,tiny_gap,6095,centered_logit_input_effect_mpp,20.026949405670166
single_shape,tiny_gap,6096,centered_logit_input_effect_mpp,25.65329670906067
single_shape,tiny_gap,6097,centered_logit_input_effect_mpp,21.00755023956299
single_shape,tiny_gap,6098,centered_logit_input_effect_mpp,24.241664469242096
single_shape,tiny_gap,6099,centered_logit_input_effect_mpp,25.054645121097565
single_shape,tiny_gmp,6000,centered_logit_input_effect_mpp,140.07397651672363
single_shape,tiny_gmp,6001,centered_logit_input_effect_mpp,144.4149923324585
single_shape,tiny_gmp,6002,centered_logit_input_effect_mpp,134.213942527771
single_shape,tiny_gmp,6003,centered_logit_input_effect_mpp,118.7361650466919
single_shape,tiny_gmp,6004,centered_logit_input_effect_mpp,141.92758655548096
single_shape,tiny_gmp,6005,centered_logit_input_effect_mpp,127.90828704833984
single_shape,tiny_gmp,6006,centered_logit_input_effect_mpp,123.46574783325195
single_shape,tiny_gmp,6007,centered_logit_input_effect_mpp,135.36199855804443
single_shape,tiny_gmp,6008,centered_logit_input_effect_mpp,121.17795276641846
single_shape,tiny_gmp,6009,centered_logit_input_effect_mpp,138.30000495910645
single_shape,tiny_gmp,6010,centered_logit_input_effect_mpp,125.7080020904541
single_shape,tiny_gmp,6011,centered_logit_input_effect_mpp,136.75230503082275
single_shape,tiny_gmp,6012,centered_logit_input_effect_mpp,134.2018928527832
single_shape,tiny_gmp,6013,centered_logit_input_effect_mpp,121.00584697723389
single_shape,tiny_gmp,6014,centered_logit_input_effect_mpp,123.39705562591553
single_shape,tiny_gmp,6015,centered_logit_input_effect_mpp,134.4166431427002
single_shape,tiny_gmp,6016,centered_logit_input_effect_mpp,132.40842247009277
single_shape,tiny_gmp,6017,centered_logit_input_effect_mpp,143.73445892333984
single_shape,tiny_gmp,6018,centered_logit_input_effect_mpp,119.58756828308105
single_shape,tiny_gmp,6019,centered_logit_input_effect_mpp,114.93879890441895
single_shape,tiny_gmp,6020,centered_logit_input_effect_mpp,130.092924118042
single_shape,tiny_gmp,6021,centered_logit_input_effect_mpp,125.69490337371826
single_shape,tiny_gmp,6022,centered_logit_input_effect_mpp,120.96440315246582
single_shape,tiny_gmp,6023,centered_logit_input_effect_mpp,123.39330291748047
single_shape,tiny_gmp,6024,centered_logit_input_effect_mpp,131.49764347076416
single_shape,tiny_gmp,6025,centered_logit_input_effect_mpp,121.21697807312012
single_shape,tiny_gmp,6026,centered_logit_input_effect_mpp,128.51433086395264
single_shape,tiny_gmp,6027,centered_logit_input_effect_mpp,132.49935150146484
single_shape,tiny_gmp,6028,centered_logit_input_effect_mpp,144.00214004516602
single_shape,tiny_gmp,6029,centered_logit_input_effect_mpp,130.7442855834961
single_shape,tiny_gmp,6030,centered_logit_input_effect_mpp,134.78181552886963
single_shape,tiny_gmp,6031,centered_logit_input_effect_mpp,122.34436416625977
single_shape,tiny_gmp,6032,centered_logit_input_effect_mpp,134.16496658325195
single_shape,tiny_gmp,6033,centered_logit_input_effect_mpp,140.2864589691162
single_shape,tiny_gmp,6034,centered_logit_input_effect_mpp,132.3351058959961
single_shape,tiny_gmp,6035,centered_logit_input_effect_mpp,132.13382720947266
single_shape,tiny_gmp,6036,centered_logit_input_effect_mpp,125.145094871521
single_shape,tiny_gmp,6037,centered_logit_input_effect_mpp,111.38737964630127
single_shape,tiny_gmp,6038,centered_logit_input_effect_mpp,130.90797805786133
single_shape,tiny_gmp,6039,centered_logit_input_effect_mpp,140.03624725341797
single_shape,tiny_gmp,6040,centered_logit_input_effect_mpp,124.53023910522461
single_shape,tiny_gmp,6041,centered_logit_input_effect_mpp,132.76083374023438
single_shape,tiny_gmp,6042,centered_logit_input_effect_mpp,138.98206615447998
single_shape,tiny_gmp,6043,centered_logit_input_effect_mpp,138.09294319152832
single_shape,tiny_gmp,6044,centered_logit_input_effect_mpp,130.97451305389404
single_shape,tiny_gmp,6045,centered_logit_input_effect_mpp,139.62868309020996
single_shape,tiny_gmp,6046,centered_logit_input_effect_mpp,122.2824354171753
single_shape,tiny_gmp,6047,centered_logit_input_effect_mpp,140.569109916687
single_shape,tiny_gmp,6048,centered_logit_input_effect_mpp,126.42489719390869
single_shape,tiny_gmp,6049,centered_logit_input_effect_mpp,157.75529956817627
single_shape,tiny_gmp,6050,centered_logit_input_effect_mpp,128.3550887107849
single_shape,tiny_gmp,6051,centered_logit_input_effect_mpp,143.16392040252686
single_shape,tiny_gmp,6052,centered_logit_input_effect_mpp,128.30526161193848
single_shape,tiny_gmp,6053,centered_logit_input_effect_mpp,138.0682725906372
single_shape,tiny_gmp,6054,centered_logit_input_effect_mpp,128.74361276626587
single_shape,tiny_gmp,6055,centered_logit_input_effect_mpp,127.24179363250732
single_shape,tiny_gmp,6056,centered_logit_input_effect_mpp,140.9018611907959
single_shape,tiny_gmp,6057,centered_logit_input_effect_mpp,130.5801124572754
single_shape,tiny_gmp,6058,centered_logit_input_effect_mpp,140.4031343460083
single_shape,tiny_gmp,6059,centered_logit_input_effect_mpp,133.85802936553955
single_shape,tiny_gmp,6060,centered_logit_input_effect_mpp,125.1003360748291
single_shape,tiny_gmp,6061,centered_logit_input_effect_mpp,124.03605461120605
single_shape,tiny_gmp,6062,centered_logit_input_effect_mpp,140.93565559387207
single_shape,tiny_gmp,6063,centered_logit_input_effect_mpp,145.629075050354
single_shape,tiny_gmp,6064,centered_logit_input_effect_mpp,115.76571559906006
single_shape,tiny_gmp,6065,centered_logit_input_effect_mpp,136.73908710479736
single_shape,tiny_gmp,6066,centered_logit_input_effect_mpp,142.25408554077148
single_shape,tiny_gmp,6067,centered_logit_input_effect_mpp,116.94462823867798
single_shape,tiny_gmp,6068,centered_logit_input_effect_mpp,130.9120078086853
single_shape,tiny_gmp,6069,centered_logit_input_effect_mpp,133.4974594116211
single_shape,tiny_gmp,6070,centered_logit_input_effect_mpp,124.69801473617554
single_shape,tiny_gmp,6071,centered_logit_input_effect_mpp,124.62307357788086
single_shape,tiny_gmp,6072,centered_logit_input_effect_mpp,134.51777172088623
single_shape,tiny_gmp,6073,centered_logit_input_effect_mpp,139.88340377807617
single_shape,tiny_gmp,6074,centered_logit_input_effect_mpp,135.4656057357788
single_shape,tiny_gmp,6075,centered_logit_input_effect_mpp,141.82252883911133
single_shape,tiny_gmp,6076,centered_logit_input_effect_mpp,128.54528045654297
single_shape,tiny_gmp,6077,centered_logit_input_effect_mpp,126.45087814331055
single_shape,tiny_gmp,6078,centered_logit_input_effect_mpp,131.08776664733887
single_shape,tiny_gmp,6079,centered_logit_input_effect_mpp,131.49231719970703
single_shape,tiny_gmp,6080,centered_logit_input_effect_mpp,137.2238063812256
single_shape,tiny_gmp,6081,centered_logit_input_effect_mpp,121.70642757415771
single_shape,tiny_gmp,6082,centered_logit_input_effect_mpp,131.31397438049316
single_shape,tiny_gmp,6083,centered_logit_input_effect_mpp,143.9889612197876
single_shape,tiny_gmp,6084,centered_logit_input_effect_mpp,128.5440320968628
single_shape,tiny_gmp,6085,centered_logit_input_effect_mpp,125.24853229522705
single_shape,tiny_gmp,6086,centered_logit_input_effect_mpp,121.38232898712158
single_shape,tiny_gmp,6087,centered_logit_input_effect_mpp,123.39768409729004
single_shape,tiny_gmp,6088,centered_logit_input_effect_mpp,133.2438268661499
single_shape,tiny_gmp,6089,centered_logit_input_effect_mpp,130.9119644165039
single_shape,tiny_gmp,6090,centered_logit_input_effect_mpp,130.47825527191162
single_shape,tiny_gmp,6091,centered_logit_input_effect_mpp,135.65598440170288
single_shape,tiny_gmp,6092,centered_logit_input_effect_mpp,136.98982429504395
single_shape,tiny_gmp,6093,centered_logit_input_effect_mpp,116.25851392745972
single_shape,tiny_gmp,6094,centered_logit_input_effect_mpp,123.52784776687622
single_shape,tiny_gmp,6095,centered_logit_input_effect_mpp,127.69662094116211
single_shape,tiny_gmp,6096,centered_logit_input_effect_mpp,140.50371170043945
single_shape,tiny_gmp,6097,centered_logit_input_effect_mpp,118.68025588989258
single_shape,tiny_gmp,6098,centered_logit_input_effect_mpp,139.1580686569214
single_shape,tiny_gmp,6099,centered_logit_input_effect_mpp,138.6931037902832
two_concepts,bn2_w16_gap,6000,centered_logit_input_effect_mpp,47.57728958129883
two_concepts,bn2_w16_gap,6001,centered_logit_input_effect_mpp,57.63214111328125
two_concepts,bn2_w16_gap,6002,centered_logit_input_effect_mpp,38.68172836303711
two_concepts,bn2_w16_gap,6003,centered_logit_input_effect_mpp,40.513729095458984
two_concepts,bn2_w16_gap,6004,centered_logit_input_effect_mpp,58.287336349487305
two_concepts,bn2_w16_gap,6005,centered_logit_input_effect_mpp,51.12374496459961
two_concepts,bn2_w16_gap,6006,centered_logit_input_effect_mpp,71.2464828491211
two_concepts,bn2_w16_gap,6007,centered_logit_input_effect_mpp,51.69728469848633
two_concepts,bn2_w16_gap,6008,centered_logit_input_effect_mpp,45.79367446899414
two_concepts,bn2_w16_gap,6009,centered_logit_input_effect_mpp,46.54322814941406
two_concepts,bn2_w16_gap,6010,centered_logit_input_effect_mpp,70.9699535369873
two_concepts,bn2_w16_gap,6011,centered_logit_input_effect_mpp,51.0181827545166
two_concepts,bn2_w16_gap,6012,centered_logit_input_effect_mpp,54.046661376953125
two_concepts,bn2_w16_gap,6013,centered_logit_input_effect_mpp,57.69709777832031
two_concepts,bn2_w16_gap,6014,centered_logit_input_effect_mpp,63.53993797302246
two_concepts,bn2_w16_gap,6015,centered_logit_input_effect_mpp,46.945335388183594
two_concepts,bn2_w16_gap,6016,centered_logit_input_effect_mpp,55.24399757385254
two_concepts,bn2_w16_gap,6017,centered_logit_input_effect_mpp,49.93643379211426
two_concepts,bn2_w16_gap,6018,centered_logit_input_effect_mpp,64.46110343933105
two_concepts,bn2_w16_gap,6019,centered_logit_input_effect_mpp,71.15225028991699
two_concepts,bn2_w16_gap,6020,centered_logit_input_effect_mpp,65.7070083618164
two_concepts,bn2_w16_gap,6021,centered_logit_input_effect_mpp,63.477975845336914
two_concepts,bn2_w16_gap,6022,centered_logit_input_effect_mpp,60.109352111816406
two_concepts,bn2_w16_gap,6023,centered_logit_input_effect_mpp,50.07533073425293
two_concepts,bn2_w16_gap,6024,centered_logit_input_effect_mpp,61.44408416748047
two_concepts,bn2_w16_gap,6025,centered_logit_input_effect_mpp,42.987009048461914
two_concepts,bn2_w16_gap,6026,centered_logit_input_effect_mpp,66.76696014404297
two_concepts,bn2_w16_gap,6027,centered_logit_input_effect_mpp,82.0156364440918
two_concepts,bn2_w16_gap,6028,centered_logit_input_effect_mpp,55.55277061462402
two_concepts,bn2_w16_gap,6029,centered_logit_input_effect_mpp,65.55779838562012
two_concepts,bn2_w16_gap,6030,centered_logit_input_effect_mpp,62.44328308105469
two_concepts,bn2_w16_gap,6031,centered_logit_input_effect_mpp,56.97586250305176
two_concepts,bn2_w16_gap,6032,centered_logit_input_effect_mpp,59.56361484527588
two_concepts,bn2_w16_gap,6033,centered_logit_input_effect_mpp,60.58788871765137
two_concepts,bn2_w16_gap,6034,centered_logit_input_effect_mpp,64.15462875366211
two_concepts,bn2_w16_gap,6035,centered_logit_input_effect_mpp,49.16267967224121
two_concepts,bn2_w16_gap,6036,centered_logit_input_effect_mpp,63.53975200653076
two_concepts,bn2_w16_gap,6037,centered_logit_input_effect_mpp,76.34830665588379
two_concepts,bn2_w16_gap,6038,centered_logit_input_effect_mpp,49.30356407165527
two_concepts,bn2_w16_gap,6039,centered_logit_input_effect_mpp,68.3167610168457
two_concepts,bn2_w16_gap,6040,centered_logit_input_effect_mpp,67.54288482666016
two_concepts,bn2_w16_gap,6041,centered_logit_input_effect_mpp,46.525611877441406
two_concepts,bn2_w16_gap,6042,centered_logit_input_effect_mpp,53.40616798400879
two_concepts,bn2_w16_gap,6043,centered_logit_input_effect_mpp,49.12099266052246
two_concepts,bn2_w16_gap,6044,centered_logit_input_effect_mpp,59.60206604003906
two_concepts,bn2_w16_gap,6045,centered_logit_input_effect_mpp,50.48724555969238
two_concepts,bn2_w16_gap,6046,centered_logit_input_effect_mpp,52.59774398803711
two_concepts,bn2_w16_gap,6047,centered_logit_input_effect_mpp,56.500308990478516
two_concepts,bn2_w16_gap,6048,centered_logit_input_effect_mpp,47.2675666809082
two_concepts,bn2_w16_gap,6049,centered_logit_input_effect_mpp,49.83722686767578
two_concepts,bn2_w16_gap,6050,centered_logit_input_effect_mpp,61.87445640563965
two_concepts,bn2_w16_gap,6051,centered_logit_input_effect_mpp,57.03820610046387
two_concepts,bn2_w16_gap,6052,centered_logit_input_effect_mpp,75.22394275665283
two_concepts,bn2_w16_gap,6053,centered_logit_input_effect_mpp,59.81594467163086
two_concepts,bn2_w16_gap,6054,centered_logit_input_effect_mpp,49.88583755493164
two_concepts,bn2_w16_gap,6055,centered_logit_input_effect_mpp,53.32175827026367
two_concepts,bn2_w16_gap,6056,centered_logit_input_effect_mpp,55.1718807220459
two_concepts,bn2_w16_gap,6057,centered_logit_input_effect_mpp,46.26482582092285
two_concepts,bn2_w16_gap,6058,centered_logit_input_effect_mpp,43.328697204589844
two_concepts,bn2_w16_gap,6059,centered_logit_input_effect_mpp,54.172651290893555
two_concepts,bn2_w16_gap,6060,centered_logit_input_effect_mpp,61.532958984375
two_concepts,bn2_w16_gap,6061,centered_logit_input_effect_mpp,57.22513961791992
two_concepts,bn2_w16_gap,6062,centered_logit_input_effect_mpp,36.668508529663086
two_concepts,bn2_w16_gap,6063,centered_logit_input_effect_mpp,53.19252014160156
two_concepts,bn2_w16_gap,6064,centered_logit_input_effect_mpp,59.10786819458008
two_concepts,bn2_w16_gap,6065,centered_logit_input_effect_mpp,56.02130317687988
two_concepts,bn2_w16_gap,6066,centered_logit_input_effect_mpp,64.66059684753418
two_concepts,bn2_w16_gap,6067,centered_logit_input_effect_mpp,31.403091430664062
two_concepts,bn2_w16_gap,6068,centered_logit_input_effect_mpp,70.35001182556152
two_concepts,bn2_w16_gap,6069,centered_logit_input_effect_mpp,52.90816307067871
two_concepts,bn2_w16_gap,6070,centered_logit_input_effect_mpp,58.171831130981445
two_concepts,bn2_w16_gap,6071,centered_logit_input_effect_mpp,65.94265747070312
two_concepts,bn2_w16_gap,6072,centered_logit_input_effect_mpp,50.65679740905762
two_concepts,bn2_w16_gap,6073,centered_logit_input_effect_mpp,58.75959587097168
two_concepts,bn2_w16_gap,6074,centered_logit_input_effect_mpp,42.726152420043945
two_concepts,bn2_w16_gap,6075,centered_logit_input_effect_mpp,78.46671485900879
two_concepts,bn2_w16_gap,6076,centered_logit_input_effect_mpp,48.36836051940918
two_concepts,bn2_w16_gap,6077,centered_logit_input_effect_mpp,68.89555358886719
two_concepts,bn2_w16_gap,6078,centered_logit_input_effect_mpp,54.463491439819336
two_concepts,bn2_w16_gap,6079,centered_logit_input_effect_mpp,55.56282997131348
two_concepts,bn2_w16_gap,6080,centered_logit_input_effect_mpp,59.524484634399414
two_concepts,bn2_w16_gap,6081,centered_logit_input_effect_mpp,61.635690689086914
two_concepts,bn2_w16_gap,6082,centered_logit_input_effect_mpp,56.707651138305664
two_concepts,bn2_w16_gap,6083,centered_logit_input_effect_mpp,49.448734283447266
two_concepts,bn2_w16_gap,6084,centered_logit_input_effect_mpp,63.693159103393555
two_concepts,bn2_w16_gap,6085,centered_logit_input_effect_mpp,33.44379425048828
two_concepts,bn2_w16_gap,6086,centered_logit_input_effect_mpp,66.57022857666016
two_concepts,bn2_w16_gap,6087,centered_logit_input_effect_mpp,50.274118423461914
two_concepts,bn2_w16_gap,6088,centered_logit_input_effect_mpp,58.00344657897949
two_concepts,bn2_w16_gap,6089,centered_logit_input_effect_mpp,67.91013526916504
two_concepts,bn2_w16_gap,6090,centered_logit_input_effect_mpp,67.34150695800781
two_concepts,bn2_w16_gap,6091,centered_logit_input_effect_mpp,58.006736755371094
two_concepts,bn2_w16_gap,6092,centered_logit_input_effect_mpp,62.72172927856445
two_concepts,bn2_w16_gap,6093,centered_logit_input_effect_mpp,43.76262283325195
two_concepts,bn2_w16_gap,6094,centered_logit_input_effect_mpp,77.64174842834473
two_concepts,bn2_w16_gap,6095,centered_logit_input_effect_mpp,53.51301193237305
two_concepts,bn2_w16_gap,6096,centered_logit_input_effect_mpp,72.46228981018066
two_concepts,bn2_w16_gap,6097,centered_logit_input_effect_mpp,63.19738578796387
two_concepts,bn2_w16_gap,6098,centered_logit_input_effect_mpp,57.2884635925293
two_concepts,bn2_w16_gap,6099,centered_logit_input_effect_mpp,47.74313926696777
two_concepts,bn2_w16_gmp,6000,centered_logit_input_effect_mpp,176.79919052124023
two_concepts,bn2_w16_gmp,6001,centered_logit_input_effect_mpp,104.46942901611328
two_concepts,bn2_w16_gmp,6002,centered_logit_input_effect_mpp,89.78478240966797
two_concepts,bn2_w16_gmp,6003,centered_logit_input_effect_mpp,122.28103256225586
two_concepts,bn2_w16_gmp,6004,centered_logit_input_effect_mpp,106.50518798828125
two_concepts,bn2_w16_gmp,6005,centered_logit_input_effect_mpp,134.78657722473145
two_concepts,bn2_w16_gmp,6006,centered_logit_input_effect_mpp,165.44136238098145
two_concepts,bn2_w16_gmp,6007,centered_logit_input_effect_mpp,147.11085510253906
two_concepts,bn2_w16_gmp,6008,centered_logit_input_effect_mpp,122.68246841430664
two_concepts,bn2_w16_gmp,6009,centered_logit_input_effect_mpp,131.47499084472656
two_concepts,bn2_w16_gmp,6010,centered_logit_input_effect_mpp,154.31237411499023
two_concepts,bn2_w16_gmp,6011,centered_logit_input_effect_mpp,141.13786697387695
two_concepts,bn2_w16_gmp,6012,centered_logit_input_effect_mpp,103.61803436279297
two_concepts,bn2_w16_gmp,6013,centered_logit_input_effect_mpp,107.20732116699219
two_concepts,bn2_w16_gmp,6014,centered_logit_input_effect_mpp,93.05715942382812
two_concepts,bn2_w16_gmp,6015,centered_logit_input_effect_mpp,103.15350341796875
two_concepts,bn2_w16_gmp,6016,centered_logit_input_effect_mpp,108.36467742919922
two_concepts,bn2_w16_gmp,6017,centered_logit_input_effect_mpp,88.34312438964844
two_concepts,bn2_w16_gmp,6018,centered_logit_input_effect_mpp,90.44588470458984
two_concepts,bn2_w16_gmp,6019,centered_logit_input_effect_mpp,119.65724563598633
two_concepts,bn2_w16_gmp,6020,centered_logit_input_effect_mpp,175.42744731903076
two_concepts,bn2_w16_gmp,6021,centered_logit_input_effect_mpp,92.58419799804688
two_concepts,bn2_w16_gmp,6022,centered_logit_input_effect_mpp,129.14251708984375
two_concepts,bn2_w16_gmp,6023,centered_logit_input_effect_mpp,108.29246520996094
two_concepts,bn2_w16_gmp,6024,centered_logit_input_effect_mpp,86.33526229858398
two_concepts,bn2_w16_gmp,6025,centered_logit_input_effect_mpp,81.11126327514648
two_concepts,bn2_w16_gmp,6026,centered_logit_input_effect_mpp,101.21244812011719
two_concepts,bn2_w16_gmp,6027,centered_logit_input_effect_mpp,118.74103927612305
two_concepts,bn2_w16_gmp,6028,centered_logit_input_effect_mpp,84.42396926879883
two_concepts,bn2_w16_gmp,6029,centered_logit_input_effect_mpp,142.8941307067871
two_concepts,bn2_w16_gmp,6030,centered_logit_input_effect_mpp,119.42587280273438
two_concepts,bn2_w16_gmp,6031,centered_logit_input_effect_mpp,111.25420379638672
two_concepts,bn2_w16_gmp,6032,centered_logit_input_effect_mpp,103.75960540771484
two_concepts,bn2_w16_gmp,6033,centered_logit_input_effect_mpp,147.61282348632812
two_concepts,bn2_w16_gmp,6034,centered_logit_input_effect_mpp,177.2424545288086
two_concepts,bn2_w16_gmp,6035,centered_logit_input_effect_mpp,100.13780975341797
two_concepts,bn2_w16_gmp,6036,centered_logit_input_effect_mpp,119.12272644042969
two_concepts,bn2_w16_gmp,6037,centered_logit_input_effect_mpp,109.10117721557617
two_concepts,bn2_w16_gmp,6038,centered_logit_input_effect_mpp,153.50747299194336
two_concepts,bn2_w16_gmp,6039,centered_logit_input_effect_mpp,138.4765510559082
two_concepts,bn2_w16_gmp,6040,centered_logit_input_effect_mpp,150.54513359069824
two_concepts,bn2_w16_gmp,6041,centered_logit_input_effect_mpp,185.10484886169434
two_concepts,bn2_w16_gmp,6042,centered_logit_input_effect_mpp,95.51590728759766
two_concepts,bn2_w16_gmp,6043,centered_logit_input_effect_mpp,94.9295425415039
two_concepts,bn2_w16_gmp,6044,centered_logit_input_effect_mpp,94.27484893798828
two_concepts,bn2_w16_gmp,6045,centered_logit_input_effect_mpp,105.40705108642578
two_concepts,bn2_w16_gmp,6046,centered_logit_input_effect_mpp,174.80113983154297
two_concepts,bn2_w16_gmp,6047,centered_logit_input_effect_mpp,119.1069107055664
two_concepts,bn2_w16_gmp,6048,centered_logit_input_effect_mpp,97.10684585571289
two_concepts,bn2_w16_gmp,6049,centered_logit_input_effect_mpp,139.6321563720703
two_concepts,bn2_w16_gmp,6050,centered_logit_input_effect_mpp,116.36911010742188
two_concepts,bn2_w16_gmp,6051,centered_logit_input_effect_mpp,153.98844528198242
two_concepts,bn2_w16_gmp,6052,centered_logit_input_effect_mpp,104.38253784179688
two_concepts,bn2_w16_gmp,6053,centered_logit_input_effect_mpp,100.48721313476562
two_concepts,bn2_w16_gmp,6054,centered_logit_input_effect_mpp,129.93371963500977
two_concepts,bn2_w16_gmp,6055,centered_logit_input_effect_mpp,98.67581558227539
two_concepts,bn2_w16_gmp,6056,centered_logit_input_effect_mpp,103.17409896850586
two_concepts,bn2_w16_gmp,6057,centered_logit_input_effect_mpp,107.71495056152344
two_concepts,bn2_w16_gmp,6058,centered_logit_input_effect_mpp,96.2267951965332
two_concepts,bn2_w16_gmp,6059,centered_logit_input_effect_mpp,97.48128128051758
two_concepts,bn2_w16_gmp,6060,centered_logit_input_effect_mpp,129.4009246826172
two_concepts,bn2_w16_gmp,6061,centered_logit_input_effect_mpp,130.85053634643555
two_concepts,bn2_w16_gmp,6062,centered_logit_input_effect_mpp,103.43495178222656
two_concepts,bn2_w16_gmp,6063,centered_logit_input_effect_mpp,183.44245719909668
two_concepts,bn2_w16_gmp,6064,centered_logit_input_effect_mpp,179.07062149047852
two_concepts,bn2_w16_gmp,6065,centered_logit_input_effect_mpp,152.1723175048828
two_concepts,bn2_w16_gmp,6066,centered_logit_input_effect_mpp,127.23882293701172
two_concepts,bn2_w16_gmp,6067,centered_logit_input_effect_mpp,146.39134979248047
two_concepts,bn2_w16_gmp,6068,centered_logit_input_effect_mpp,133.75268173217773
two_concepts,bn2_w16_gmp,6069,centered_logit_input_effect_mpp,105.03071594238281
two_concepts,bn2_w16_gmp,6070,centered_logit_input_effect_mpp,79.4570426940918
two_concepts,bn2_w16_gmp,6071,centered_logit_input_effect_mpp,96.32986831665039
two_concepts,bn2_w16_gmp,6072,centered_logit_input_effect_mpp,165.52779388427734
two_concepts,bn2_w16_gmp,6073,centered_logit_input_effect_mpp,122.84420585632324
two_concepts,bn2_w16_gmp,6074,centered_logit_input_effect_mpp,103.50551986694336
two_concepts,bn2_w16_gmp,6075,centered_logit_input_effect_mpp,106.12680053710938
two_concepts,bn2_w16_gmp,6076,centered_logit_input_effect_mpp,89.88245391845703
two_concepts,bn2_w16_gmp,6077,centered_logit_input_effect_mpp,141.464506149292
two_concepts,bn2_w16_gmp,6078,centered_logit_input_effect_mpp,145.9292335510254
two_concepts,bn2_w16_gmp,6079,centered_logit_input_effect_mpp,110.07845687866211
two_concepts,bn2_w16_gmp,6080,centered_logit_input_effect_mpp,129.43457794189453
two_concepts,bn2_w16_gmp,6081,centered_logit_input_effect_mpp,94.77890396118164
two_concepts,bn2_w16_gmp,6082,centered_logit_input_effect_mpp,111.34601974487305
two_concepts,bn2_w16_gmp,6083,centered_logit_input_effect_mpp,116.15984344482422
two_concepts,bn2_w16_gmp,6084,centered_logit_input_effect_mpp,158.0335977077484
two_concepts,bn2_w16_gmp,6085,centered_logit_input_effect_mpp,105.58594131469727
two_concepts,bn2_w16_gmp,6086,centered_logit_input_effect_mpp,85.34325790405273
two_concepts,bn2_w16_gmp,6087,centered_logit_input_effect_mpp,115.71648788452148
two_concepts,bn2_w16_gmp,6088,centered_logit_input_effect_mpp,135.40859603881836
two_concepts,bn2_w16_gmp,6089,centered_logit_input_effect_mpp,108.52626037597656
two_concepts,bn2_w16_gmp,6090,centered_logit_input_effect_mpp,83.23637771606445
two_concepts,bn2_w16_gmp,6091,centered_logit_input_effect_mpp,153.13712692260742
two_concepts,bn2_w16_gmp,6092,centered_logit_input_effect_mpp,218.73782587051392
two_concepts,bn2_w16_gmp,6093,centered_logit_input_effect_mpp,131.5618896484375
two_concepts,bn2_w16_gmp,6094,centered_logit_input_effect_mpp,119.29819869995117
two_concepts,bn2_w16_gmp,6095,centered_logit_input_effect_mpp,139.91357803344727
two_concepts,bn2_w16_gmp,6096,centered_logit_input_effect_mpp,132.67124938964844
two_concepts,bn2_w16_gmp,6097,centered_logit_input_effect_mpp,109.11749649047852
two_concepts,bn2_w16_gmp,6098,centered_logit_input_effect_mpp,131.69894790649414
two_concepts,bn2_w16_gmp,6099,centered_logit_input_effect_mpp,111.81089401245117
two_concepts,bn4_w16_gap,6000,centered_logit_input_effect_mpp,8.021499633789062
two_concepts,bn4_w16_gap,6001,centered_logit_input_effect_mpp,10.624065399169922
two_concepts,bn4_w16_gap,6002,centered_logit_input_effect_mpp,10.898078918457031
two_concepts,bn4_w16_gap,6003,centered_logit_input_effect_mpp,3.109161376953125
two_concepts,bn4_w16_gap,6004,centered_logit_input_effect_mpp,9.865558624267578
two_concepts,bn4_w16_gap,6005,centered_logit_input_effect_mpp,9.95120620727539
two_concepts,bn4_w16_gap,6006,centered_logit_input_effect_mpp,10.166927337646484
two_concepts,bn4_w16_gap,6007,centered_logit_input_effect_mpp,3.35302734375
two_concepts,bn4_w16_gap,6008,centered_logit_input_effect_mpp,10.030048370361328
two_concepts,bn4_w16_gap,6009,centered_logit_input_effect_mpp,10.282535552978516
two_concepts,bn4_w16_gap,6010,centered_logit_input_effect_mpp,12.620304107666016
two_concepts,bn4_w16_gap,6011,centered_logit_input_effect_mpp,7.413791656494141
two_concepts,bn4_w16_gap,6012,centered_logit_input_effect_mpp,13.38250732421875
two_concepts,bn4_w16_gap,6013,centered_logit_input_effect_mpp,7.179477691650391
two_concepts,bn4_w16_gap,6014,centered_logit_input_effect_mpp,6.736698150634766
two_concepts,bn4_w16_gap,6015,centered_logit_input_effect_mpp,21.928939819335938
two_concepts,bn4_w16_gap,6016,centered_logit_input_effect_mpp,7.942714691162109
two_concepts,bn4_w16_gap,6017,centered_logit_input_effect_mpp,3.4418296813964844
two_concepts,bn4_w16_gap,6018,centered_logit_input_effect_mpp,10.684932708740234
two_concepts,bn4_w16_gap,6019,centered_logit_input_effect_mpp,5.527309417724609
two_concepts,bn4_w16_gap,6020,centered_logit_input_effect_mpp,8.331233978271484
two_concepts,bn4_w16_gap,6021,centered_logit_input_effect_mpp,2.509613037109375
two_concepts,bn4_w16_gap,6022,centered_logit_input_effect_mpp,5.266815185546875
two_concepts,bn4_w16_gap,6023,centered_logit_input_effect_mpp,8.814529418945312
two_concepts,bn4_w16_gap,6024,centered_logit_input_effect_mpp,14.330181121826172
two_concepts,bn4_w16_gap,6025,centered_logit_input_effect_mpp,6.985748291015625
two_concepts,bn4_w16_gap,6026,centered_logit_input_effect_mpp,9.192855834960938
two_concepts,bn4_w16_gap,6027,centered_logit_input_effect_mpp,8.309001922607422
two_concepts,bn4_w16_gap,6028,centered_logit_input_effect_mpp,-2.6581459045410156
two_concepts,bn4_w16_gap,6029,centered_logit_input_effect_mpp,11.136154174804688
two_concepts,bn4_w16_gap,6030,centered_logit_input_effect_mpp,7.986419677734375
two_concepts,bn4_w16_gap,6031,centered_logit_input_effect_mpp,13.586307525634766
two_concepts,bn4_w16_gap,6032,centered_logit_input_effect_mpp,13.955204010009766
two_concepts,bn4_w16_gap,6033,centered_logit_input_effect_mpp,8.048896789550781
two_concepts,bn4_w16_gap,6034,centered_logit_input_effect_mpp,4.558208465576172
two_concepts,bn4_w16_gap,6035,centered_logit_input_effect_mpp,7.261329650878906
two_concepts,bn4_w16_gap,6036,centered_logit_input_effect_mpp,6.13995361328125
two_concepts,bn4_w16_gap,6037,centered_logit_input_effect_mpp,8.522880554199219
two_concepts,bn4_w16_gap,6038,centered_logit_input_effect_mpp,8.19732666015625
two_concepts,bn4_w16_gap,6039,centered_logit_input_effect_mpp,0.3864288330078125
two_concepts,bn4_w16_gap,6040,centered_logit_input_effect_mpp,3.2599868774414062
two_concepts,bn4_w16_gap,6041,centered_logit_input_effect_mpp,4.354026794433594
two_concepts,bn4_w16_gap,6042,centered_logit_input_effect_mpp,3.359203338623047
two_concepts,bn4_w16_gap,6043,centered_logit_input_effect_mpp,7.130962371826172
two_concepts,bn4_w16_gap,6044,centered_logit_input_effect_mpp,15.346332550048828
two_concepts,bn4_w16_gap,6045,centered_logit_input_effect_mpp,8.474979400634766
two_concepts,bn4_w16_gap,6046,centered_logit_input_effect_mpp,8.461475372314453
two_concepts,bn4_w16_gap,6047,centered_logit_input_effect_mpp,11.062995910644531
two_concepts,bn4_w16_gap,6048,centered_logit_input_effect_mpp,6.837589263916016
two_concepts,bn4_w16_gap,6049,centered_logit_input_effect_mpp,6.438137054443359
two_concepts,bn4_w16_gap,6050,centered_logit_input_effect_mpp,5.526649475097656
two_concepts,bn4_w16_gap,6051,centered_logit_input_effect_mpp,6.845912933349609
two_concepts,bn4_w16_gap,6052,centered_logit_input_effect_mpp,9.505592346191406
two_concepts,bn4_w16_gap,6053,centered_logit_input_effect_mpp,14.545440673828125
two_concepts,bn4_w16_gap,6054,centered_logit_input_effect_mpp,7.360614776611328
two_concepts,bn4_w16_gap,6055,centered_logit_input_effect_mpp,6.972667694091797
two_concepts,bn4_w16_gap,6056,centered_logit_input_effect_mpp,10.142829895019531
two_concepts,bn4_w16_gap,6057,centered_logit_input_effect_mpp,6.534915924072266
two_concepts,bn4_w16_gap,6058,centered_logit_input_effect_mpp,6.862979888916016
two_concepts,bn4_w16_gap,6059,centered_logit_input_effect_mpp,10.700912475585938
two_concepts,bn4_w16_gap,6060,centered_logit_input_effect_mpp,11.375335693359375
two_concepts,bn4_w16_gap,6061,centered_logit_input_effect_mpp,9.060291290283203
two_concepts,bn4_w16_gap,6062,centered_logit_input_effect_mpp,7.5314483642578125
two_concepts,bn4_w16_gap,6063,centered_logit_input_effect_mpp,11.226493835449219
two_concepts,bn4_w16_gap,6064,centered_logit_input_effect_mpp,2.0871620178222656
two_concepts,bn4_w16_gap,6065,centered_logit_input_effect_mpp,7.900920867919922
two_concepts,bn4_w16_gap,6066,centered_logit_input_effect_mpp,9.147956848144531
two_concepts,bn4_w16_gap,6067,centered_logit_input_effect_mpp,4.271759033203125
two_concepts,bn4_w16_gap,6068,centered_logit_input_effect_mpp,9.224540710449219
two_concepts,bn4_w16_gap,6069,centered_logit_input_effect_mpp,4.930446624755859
two_concepts,bn4_w16_gap,6070,centered_logit_input_effect_mpp,9.46938705444336
two_concepts,bn4_w16_gap,6071,centered_logit_input_effect_mpp,7.152271270751953
two_concepts,bn4_w16_gap,6072,centered_logit_input_effect_mpp,4.694053649902344
two_concepts,bn4_w16_gap,6073,centered_logit_input_effect_mpp,8.286323547363281
two_concepts,bn4_w16_gap,6074,centered_logit_input_effect_mpp,9.054222106933594
two_concepts,bn4_w16_gap,6075,centered_logit_input_effect_mpp,9.115459442138672
two_concepts,bn4_w16_gap,6076,centered_logit_input_effect_mpp,9.78414535522461
two_concepts,bn4_w16_gap,6077,centered_logit_input_effect_mpp,6.652187347412109
two_concepts,bn4_w16_gap,6078,centered_logit_input_effect_mpp,4.647411346435547
two_concepts,bn4_w16_gap,6079,centered_logit_input_effect_mpp,8.348865509033203
two_concepts,bn4_w16_gap,6080,centered_logit_input_effect_mpp,10.586193084716797
two_concepts,bn4_w16_gap,6081,centered_logit_input_effect_mpp,13.206626892089844
two_concepts,bn4_w16_gap,6082,centered_logit_input_effect_mpp,-0.6854591369628906
two_concepts,bn4_w16_gap,6083,centered_logit_input_effect_mpp,9.703201293945312
two_concepts,bn4_w16_gap,6084,centered_logit_input_effect_mpp,5.780677795410156
two_concepts,bn4_w16_gap,6085,centered_logit_input_effect_mpp,8.172069549560547
two_concepts,bn4_w16_gap,6086,centered_logit_input_effect_mpp,0.03145599365234375
two_concepts,bn4_w16_gap,6087,centered_logit_input_effect_mpp,10.884796142578125
two_concepts,bn4_w16_gap,6088,centered_logit_input_effect_mpp,9.50927734375
two_concepts,bn4_w16_gap,6089,centered_logit_input_effect_mpp,9.201786041259766
two_concepts,bn4_w16_gap,6090,centered_logit_input_effect_mpp,16.944015502929688
two_concepts,bn4_w16_gap,6091,centered_logit_input_effect_mpp,7.598297119140625
two_concepts,bn4_w16_gap,6092,centered_logit_input_effect_mpp,11.305919647216797
two_concepts,bn4_w16_gap,6093,centered_logit_input_effect_mpp,6.957302093505859
two_concepts,bn4_w16_gap,6094,centered_logit_input_effect_mpp,9.745338439941406
two_concepts,bn4_w16_gap,6095,centered_logit_input_effect_mpp,11.031196594238281
two_concepts,bn4_w16_gap,6096,centered_logit_input_effect_mpp,6.857173919677734
two_concepts,bn4_w16_gap,6097,centered_logit_input_effect_mpp,12.04391860961914
two_concepts,bn4_w16_gap,6098,centered_logit_input_effect_mpp,1.79034423828125
two_concepts,bn4_w16_gap,6099,centered_logit_input_effect_mpp,17.565509796142578
two_concepts,bn4_w16_gmp,6000,centered_logit_input_effect_mpp,3.5171127319335938
two_concepts,bn4_w16_gmp,6001,centered_logit_input_effect_mpp,-8.877426147460938
two_concepts,bn4_w16_gmp,6002,centered_logit_input_effect_mpp,4.531654357910156
two_concepts,bn4_w16_gmp,6003,centered_logit_input_effect_mpp,-5.2354583740234375
two_concepts,bn4_w16_gmp,6004,centered_logit_input_effect_mpp,-6.6025848388671875
two_concepts,bn4_w16_gmp,6005,centered_logit_input_effect_mpp,14.31201171875
two_concepts,bn4_w16_gmp,6006,centered_logit_input_effect_mpp,12.176162719726562
two_concepts,bn4_w16_gmp,6007,centered_logit_input_effect_mpp,9.199272155761719
two_concepts,bn4_w16_gmp,6008,centered_logit_input_effect_mpp,7.2864990234375
two_concepts,bn4_w16_gmp,6009,centered_logit_input_effect_mpp,11.419296264648438
two_concepts,bn4_w16_gmp,6010,centered_logit_input_effect_mpp,10.205123901367188
two_concepts,bn4_w16_gmp,6011,centered_logit_input_effect_mpp,4.8404998779296875
two_concepts,bn4_w16_gmp,6012,centered_logit_input_effect_mpp,4.498138427734375
two_concepts,bn4_w16_gmp,6013,centered_logit_input_effect_mpp,11.544578552246094
two_concepts,bn4_w16_gmp,6014,centered_logit_input_effect_mpp,3.2357635498046875
two_concepts,bn4_w16_gmp,6015,centered_logit_input_effect_mpp,26.262954711914062
two_concepts,bn4_w16_gmp,6016,centered_logit_input_effect_mpp,-3.7101898193359375
two_concepts,bn4_w16_gmp,6017,centered_logit_input_effect_mpp,3.7514495849609375
two_concepts,bn4_w16_gmp,6018,centered_logit_input_effect_mpp,10.763572692871094
two_concepts,bn4_w16_gmp,6019,centered_logit_input_effect_mpp,0.38555908203125
two_concepts,bn4_w16_gmp,6020,centered_logit_input_effect_mpp,-1.6018905639648438
two_concepts,bn4_w16_gmp,6021,centered_logit_input_effect_mpp,6.307609558105469
two_concepts,bn4_w16_gmp,6022,centered_logit_input_effect_mpp,0.04538726806640625
two_concepts,bn4_w16_gmp,6023,centered_logit_input_effect_mpp,8.549415588378906
two_concepts,bn4_w16_gmp,6024,centered_logit_input_effect_mpp,10.950836181640625
two_concepts,bn4_w16_gmp,6025,centered_logit_input_effect_mpp,-8.115547180175781
two_concepts,bn4_w16_gmp,6026,centered_logit_input_effect_mpp,-0.5121688842773438
two_concepts,bn4_w16_gmp,6027,centered_logit_input_effect_mpp,16.793060302734375
two_concepts,bn4_w16_gmp,6028,centered_logit_input_effect_mpp,-6.496429443359375
two_concepts,bn4_w16_gmp,6029,centered_logit_input_effect_mpp,6.58428955078125
two_concepts,bn4_w16_gmp,6030,centered_logit_input_effect_mpp,5.784675598144531
two_concepts,bn4_w16_gmp,6031,centered_logit_input_effect_mpp,13.01177978515625
two_concepts,bn4_w16_gmp,6032,centered_logit_input_effect_mpp,1.5299911499023438
two_concepts,bn4_w16_gmp,6033,centered_logit_input_effect_mpp,7.5406494140625
two_concepts,bn4_w16_gmp,6034,centered_logit_input_effect_mpp,4.0312652587890625
two_concepts,bn4_w16_gmp,6035,centered_logit_input_effect_mpp,2.1085052490234375
two_concepts,bn4_w16_gmp,6036,centered_logit_input_effect_mpp,0.04595947265625
two_concepts,bn4_w16_gmp,6037,centered_logit_input_effect_mpp,9.074302673339844
two_concepts,bn4_w16_gmp,6038,centered_logit_input_effect_mpp,3.8443222045898438
two_concepts,bn4_w16_gmp,6039,centered_logit_input_effect_mpp,8.204833984375
two_concepts,bn4_w16_gmp,6040,centered_logit_input_effect_mpp,9.915756225585938
two_concepts,bn4_w16_gmp,6041,centered_logit_input_effect_mpp,3.7675628662109375
two_concepts,bn4_w16_gmp,6042,centered_logit_input_effect_mpp,4.069160461425781
two_concepts,bn4_w16_gmp,6043,centered_logit_input_effect_mpp,13.856269836425781
two_concepts,bn4_w16_gmp,6044,centered_logit_input_effect_mpp,7.68218994140625
two_concepts,bn4_w16_gmp,6045,centered_logit_input_effect_mpp,3.754730224609375
two_concepts,bn4_w16_gmp,6046,centered_logit_input_effect_mpp,13.878059387207031
two_concepts,bn4_w16_gmp,6047,centered_logit_input_effect_mpp,14.953315734863281
two_concepts,bn4_w16_gmp,6048,centered_logit_input_effect_mpp,11.349456787109375
two_concepts,bn4_w16_gmp,6049,centered_logit_input_effect_mpp,12.990631103515625
two_concepts,bn4_w16_gmp,6050,centered_logit_input_effect_mpp,10.648185729980469
two_concepts,bn4_w16_gmp,6051,centered_logit_input_effect_mpp,1.14862060546875
two_concepts,bn4_w16_gmp,6052,centered_logit_input_effect_mpp,2.6321868896484375
two_concepts,bn4_w16_gmp,6053,centered_logit_input_effect_mpp,6.873680114746094
two_concepts,bn4_w16_gmp,6054,centered_logit_input_effect_mpp,8.280174255371094
two_concepts,bn4_w16_gmp,6055,centered_logit_input_effect_mpp,-0.7140655517578125
two_concepts,bn4_w16_gmp,6056,centered_logit_input_effect_mpp,8.219436645507812
two_concepts,bn4_w16_gmp,6057,centered_logit_input_effect_mpp,8.543067932128906
two_concepts,bn4_w16_gmp,6058,centered_logit_input_effect_mpp,9.129798889160156
two_concepts,bn4_w16_gmp,6059,centered_logit_input_effect_mpp,14.304801940917969
two_concepts,bn4_w16_gmp,6060,centered_logit_input_effect_mpp,4.706214904785156
two_concepts,bn4_w16_gmp,6061,centered_logit_input_effect_mpp,15.924163818359375
two_concepts,bn4_w16_gmp,6062,centered_logit_input_effect_mpp,17.614593505859375
two_concepts,bn4_w16_gmp,6063,centered_logit_input_effect_mpp,6.5743408203125
two_concepts,bn4_w16_gmp,6064,centered_logit_input_effect_mpp,9.208236694335938
two_concepts,bn4_w16_gmp,6065,centered_logit_input_effect_mpp,10.929328918457031
two_concepts,bn4_w16_gmp,6066,centered_logit_input_effect_mpp,0.818511962890625
two_concepts,bn4_w16_gmp,6067,centered_logit_input_effect_mpp,1.3385543823242188
two_concepts,bn4_w16_gmp,6068,centered_logit_input_effect_mpp,8.342872619628906
two_concepts,bn4_w16_gmp,6069,centered_logit_input_effect_mpp,6.144294738769531
two_concepts,bn4_w16_gmp,6070,centered_logit_input_effect_mpp,0.6616134643554688
two_concepts,bn4_w16_gmp,6071,centered_logit_input_effect_mpp,6.037544250488281
two_concepts,bn4_w16_gmp,6072,centered_logit_input_effect_mpp,1.935302734375
two_concepts,bn4_w16_gmp,6073,centered_logit_input_effect_mpp,4.591285705566406
two_concepts,bn4_w16_gmp,6074,centered_logit_input_effect_mpp,5.5875396728515625
two_concepts,bn4_w16_gmp,6075,centered_logit_input_effect_mpp,7.4750823974609375
two_concepts,bn4_w16_gmp,6076,centered_logit_input_effect_mpp,12.283988952636719
two_concepts,bn4_w16_gmp,6077,centered_logit_input_effect_mpp,1.6038284301757812
two_concepts,bn4_w16_gmp,6078,centered_logit_input_effect_mpp,12.316665649414062
two_concepts,bn4_w16_gmp,6079,centered_logit_input_effect_mpp,20.223594665527344
two_concepts,bn4_w16_gmp,6080,centered_logit_input_effect_mpp,9.776535034179688
two_concepts,bn4_w16_gmp,6081,centered_logit_input_effect_mpp,10.205917358398438
two_concepts,bn4_w16_gmp,6082,centered_logit_input_effect_mpp,4.7334747314453125
two_concepts,bn4_w16_gmp,6083,centered_logit_input_effect_mpp,9.766273498535156
two_concepts,bn4_w16_gmp,6084,centered_logit_input_effect_mpp,0.5069961547851562
two_concepts,bn4_w16_gmp,6085,centered_logit_input_effect_mpp,3.3668899536132812
two_concepts,bn4_w16_gmp,6086,centered_logit_input_effect_mpp,7.27752685546875
two_concepts,bn4_w16_gmp,6087,centered_logit_input_effect_mpp,7.866355895996094
two_concepts,bn4_w16_gmp,6088,centered_logit_input_effect_mpp,8.781562805175781
two_concepts,bn4_w16_gmp,6089,centered_logit_input_effect_mpp,2.1539688110351562
two_concepts,bn4_w16_gmp,6090,centered_logit_input_effect_mpp,6.379791259765625
two_concepts,bn4_w16_gmp,6091,centered_logit_input_effect_mpp,-4.49639892578125
two_concepts,bn4_w16_gmp,6092,centered_logit_input_effect_mpp,11.397674560546875
two_concepts,bn4_w16_gmp,6093,centered_logit_input_effect_mpp,10.377029418945312
two_concepts,bn4_w16_gmp,6094,centered_logit_input_effect_mpp,15.517349243164062
two_concepts,bn4_w16_gmp,6095,centered_logit_input_effect_mpp,19.20079803466797
two_concepts,bn4_w16_gmp,6096,centered_logit_input_effect_mpp,2.4657211303710938
two_concepts,bn4_w16_gmp,6097,centered_logit_input_effect_mpp,7.4348297119140625
two_concepts,bn4_w16_gmp,6098,centered_logit_input_effect_mpp,7.492820739746094
two_concepts,bn4_w16_gmp,6099,centered_logit_input_effect_mpp,7.352607727050781
two_concepts,plain2_w16_gap,6000,centered_logit_input_effect_mpp,215.60369300842285
two_concepts,plain2_w16_gap,6001,centered_logit_input_effect_mpp,294.61199951171875
two_concepts,plain2_w16_gap,6002,centered_logit_input_effect_mpp,121.31531047821045
two_concepts,plain2_w16_gap,6003,centered_logit_input_effect_mpp,223.49143171310425
two_concepts,plain2_w16_gap,6004,centered_logit_input_effect_mpp,230.1698055267334
two_concepts,plain2_w16_gap,6005,centered_logit_input_effect_mpp,227.65255641937256
two_concepts,plain2_w16_gap,6006,centered_logit_input_effect_mpp,236.82402515411377
two_concepts,plain2_w16_gap,6007,centered_logit_input_effect_mpp,282.12751293182373
two_concepts,plain2_w16_gap,6008,centered_logit_input_effect_mpp,179.07239246368408
two_concepts,plain2_w16_gap,6009,centered_logit_input_effect_mpp,252.24197006225586
two_concepts,plain2_w16_gap,6010,centered_logit_input_effect_mpp,236.9379186630249
two_concepts,plain2_w16_gap,6011,centered_logit_input_effect_mpp,252.52077388763428
two_concepts,plain2_w16_gap,6012,centered_logit_input_effect_mpp,195.56042671203613
two_concepts,plain2_w16_gap,6013,centered_logit_input_effect_mpp,131.74665641784668
two_concepts,plain2_w16_gap,6014,centered_logit_input_effect_mpp,296.45372200012207
two_concepts,plain2_w16_gap,6015,centered_logit_input_effect_mpp,242.3227834701538
two_concepts,plain2_w16_gap,6016,centered_logit_input_effect_mpp,162.84964084625244
two_concepts,plain2_w16_gap,6017,centered_logit_input_effect_mpp,222.90527534484863
two_concepts,plain2_w16_gap,6018,centered_logit_input_effect_mpp,216.24098300933838
two_concepts,plain2_w16_gap,6019,centered_logit_input_effect_mpp,205.0902862548828
two_concepts,plain2_w16_gap,6020,centered_logit_input_effect_mpp,256.6960210800171
two_concepts,plain2_w16_gap,6021,centered_logit_input_effect_mpp,225.09331464767456
two_concepts,plain2_w16_gap,6022,centered_logit_input_effect_mpp,234.49903011322021
two_concepts,plain2_w16_gap,6023,centered_logit_input_effect_mpp,157.96506643295288
two_concepts,plain2_w16_gap,6024,centered_logit_input_effect_mpp,222.34931659698486
two_concepts,plain2_w16_gap,6025,centered_logit_input_effect_mpp,224.32991218566895
two_concepts,plain2_w16_gap,6026,centered_logit_input_effect_mpp,192.16591835021973
two_concepts,plain2_w16_gap,6027,centered_logit_input_effect_mpp,263.2034158706665
two_concepts,plain2_w16_gap,6028,centered_logit_input_effect_mpp,272.92342948913574
two_concepts,plain2_w16_gap,6029,centered_logit_input_effect_mpp,282.22529125213623
two_concepts,plain2_w16_gap,6030,centered_logit_input_effect_mpp,211.76885795593262
two_concepts,plain2_w16_gap,6031,centered_logit_input_effect_mpp,179.50656032562256
two_concepts,plain2_w16_gap,6032,centered_logit_input_effect_mpp,226.02738285064697
two_concepts,plain2_w16_gap,6033,centered_logit_input_effect_mpp,230.02287578582764
two_concepts,plain2_w16_gap,6034,centered_logit_input_effect_mpp,246.60689449310303
two_concepts,plain2_w16_gap,6035,centered_logit_input_effect_mpp,215.5679006576538
two_concepts,plain2_w16_gap,6036,centered_logit_input_effect_mpp,136.60588455200195
two_concepts,plain2_w16_gap,6037,centered_logit_input_effect_mpp,206.61778450012207
two_concepts,plain2_w16_gap,6038,centered_logit_input_effect_mpp,236.7108850479126
two_concepts,plain2_w16_gap,6039,centered_logit_input_effect_mpp,207.4552812576294
two_concepts,plain2_w16_gap,6040,centered_logit_input_effect_mpp,252.36678981781006
two_concepts,plain2_w16_gap,6041,centered_logit_input_effect_mpp,193.32677936553955
two_concepts,plain2_w16_gap,6042,centered_logit_input_effect_mpp,210.2310276031494
two_concepts,plain2_w16_gap,6043,centered_logit_input_effect_mpp,223.27646350860596
two_concepts,plain2_w16_gap,6044,centered_logit_input_effect_mpp,206.32657146453857
two_concepts,plain2_w16_gap,6045,centered_logit_input_effect_mpp,140.65413093566895
two_concepts,plain2_w16_gap,6046,centered_logit_input_effect_mpp,231.36350059509277
two_concepts,plain2_w16_gap,6047,centered_logit_input_effect_mpp,244.1337776184082
two_concepts,plain2_w16_gap,6048,centered_logit_input_effect_mpp,174.04732036590576
two_concepts,plain2_w16_gap,6049,centered_logit_input_effect_mpp,300.3601818084717
two_concepts,plain2_w16_gap,6050,centered_logit_input_effect_mpp,195.0609483718872
two_concepts,plain2_w16_gap,6051,centered_logit_input_effect_mpp,202.12957096099854
two_concepts,plain2_w16_gap,6052,centered_logit_input_effect_mpp,149.02904081344604
two_concepts,plain2_w16_gap,6053,centered_logit_input_effect_mpp,291.8127632141113
two_concepts,plain2_w16_gap,6054,centered_logit_input_effect_mpp,224.56090450286865
two_concepts,plain2_w16_gap,6055,centered_logit_input_effect_mpp,205.97398567199707
two_concepts,plain2_w16_gap,6056,centered_logit_input_effect_mpp,216.82998085021973
two_concepts,plain2_w16_gap,6057,centered_logit_input_effect_mpp,160.0591320991516
two_concepts,plain2_w16_gap,6058,centered_logit_input_effect_mpp,186.92903804779053
two_concepts,plain2_w16_gap,6059,centered_logit_input_effect_mpp,207.81471061706543
two_concepts,plain2_w16_gap,6060,centered_logit_input_effect_mpp,196.09088516235352
two_concepts,plain2_w16_gap,6061,centered_logit_input_effect_mpp,209.7032880783081
two_concepts,plain2_w16_gap,6062,centered_logit_input_effect_mpp,217.73682594299316
two_concepts,plain2_w16_gap,6063,centered_logit_input_effect_mpp,190.25623846054077
two_concepts,plain2_w16_gap,6064,centered_logit_input_effect_mpp,218.41335010528564
two_concepts,plain2_w16_gap,6065,centered_logit_input_effect_mpp,180.10224962234497
two_concepts,plain2_w16_gap,6066,centered_logit_input_effect_mpp,217.75721740722656
two_concepts,plain2_w16_gap,6067,centered_logit_input_effect_mpp,231.6659049987793
two_concepts,plain2_w16_gap,6068,centered_logit_input_effect_mpp,187.98105907440186
two_concepts,plain2_w16_gap,6069,centered_logit_input_effect_mpp,145.73205995559692
two_concepts,plain2_w16_gap,6070,centered_logit_input_effect_mpp,155.326819896698
two_concepts,plain2_w16_gap,6071,centered_logit_input_effect_mpp,228.12591934204102
two_concepts,plain2_w16_gap,6072,centered_logit_input_effect_mpp,279.75324630737305
two_concepts,plain2_w16_gap,6073,centered_logit_input_effect_mpp,194.2479887008667
two_concepts,plain2_w16_gap,6074,centered_logit_input_effect_mpp,158.77355480194092
two_concepts,plain2_w16_gap,6075,centered_logit_input_effect_mpp,243.92429161071777
two_concepts,plain2_w16_gap,6076,centered_logit_input_effect_mpp,235.38505363464355
two_concepts,plain2_w16_gap,6077,centered_logit_input_effect_mpp,237.22924613952637
two_concepts,plain2_w16_gap,6078,centered_logit_input_effect_mpp,209.5604887008667
two_concepts,plain2_w16_gap,6079,centered_logit_input_effect_mpp,222.2029104232788
two_concepts,plain2_w16_gap,6080,centered_logit_input_effect_mpp,161.75766563415527
two_concepts,plain2_w16_gap,6081,centered_logit_input_effect_mpp,185.06806135177612
two_concepts,plain2_w16_gap,6082,centered_logit_input_effect_mpp,300.4395971298218
two_concepts,plain2_w16_gap,6083,centered_logit_input_effect_mpp,160.22362327575684
two_concepts,plain2_w16_gap,6084,centered_logit_input_effect_mpp,216.89081192016602
two_concepts,plain2_w16_gap,6085,centered_logit_input_effect_mpp,204.3922061920166
two_concepts,plain2_w16_gap,6086,centered_logit_input_effect_mpp,185.41106796264648
two_concepts,plain2_w16_gap,6087,centered_logit_input_effect_mpp,177.28862380981445
two_concepts,plain2_w16_gap,6088,centered_logit_input_effect_mpp,219.67477798461914
two_concepts,plain2_w16_gap,6089,centered_logit_input_effect_mpp,207.75195980072021
two_concepts,plain2_w16_gap,6090,centered_logit_input_effect_mpp,184.55948734283447
two_concepts,plain2_w16_gap,6091,centered_logit_input_effect_mpp,251.10799503326416
two_concepts,plain2_w16_gap,6092,centered_logit_input_effect_mpp,212.73115348815918
two_concepts,plain2_w16_gap,6093,centered_logit_input_effect_mpp,234.75912380218506
two_concepts,plain2_w16_gap,6094,centered_logit_input_effect_mpp,370.0017948150635
two_concepts,plain2_w16_gap,6095,centered_logit_input_effect_mpp,245.5892276763916
two_concepts,plain2_w16_gap,6096,centered_logit_input_effect_mpp,216.51412963867188
two_concepts,plain2_w16_gap,6097,centered_logit_input_effect_mpp,256.1557083129883
two_concepts,plain2_w16_gap,6098,centered_logit_input_effect_mpp,210.95521545410156
two_concepts,plain2_w16_gap,6099,centered_logit_input_effect_mpp,261.6264090538025
two_concepts,plain2_w16_gmp,6000,centered_logit_input_effect_mpp,230.13443756103516
two_concepts,plain2_w16_gmp,6001,centered_logit_input_effect_mpp,218.63837814331055
two_concepts,plain2_w16_gmp,6002,centered_logit_input_effect_mpp,189.52396774291992
two_concepts,plain2_w16_gmp,6003,centered_logit_input_effect_mpp,207.00905990600586
two_concepts,plain2_w16_gmp,6004,centered_logit_input_effect_mpp,219.02474212646484
two_concepts,plain2_w16_gmp,6005,centered_logit_input_effect_mpp,205.53019332885742
two_concepts,plain2_w16_gmp,6006,centered_logit_input_effect_mpp,212.19890213012695
two_concepts,plain2_w16_gmp,6007,centered_logit_input_effect_mpp,208.8911476135254
two_concepts,plain2_w16_gmp,6008,centered_logit_input_effect_mpp,176.1099853515625
two_concepts,plain2_w16_gmp,6009,centered_logit_input_effect_mpp,193.34784698486328
two_concepts,plain2_w16_gmp,6010,centered_logit_input_effect_mpp,209.07260513305664
two_concepts,plain2_w16_gmp,6011,centered_logit_input_effect_mpp,212.47787857055664
two_concepts,plain2_w16_gmp,6012,centered_logit_input_effect_mpp,204.60509490966797
two_concepts,plain2_w16_gmp,6013,centered_logit_input_effect_mpp,209.50627899169922
two_concepts,plain2_w16_gmp,6014,centered_logit_input_effect_mpp,206.390625
two_concepts,plain2_w16_gmp,6015,centered_logit_input_effect_mpp,210.93980407714844
two_concepts,plain2_w16_gmp,6016,centered_logit_input_effect_mpp,214.06298828125
two_concepts,plain2_w16_gmp,6017,centered_logit_input_effect_mpp,209.12715911865234
two_concepts,plain2_w16_gmp,6018,centered_logit_input_effect_mpp,234.2936553955078
two_concepts,plain2_w16_gmp,6019,centered_logit_input_effect_mpp,229.66423416137695
two_concepts,plain2_w16_gmp,6020,centered_logit_input_effect_mpp,213.82881927490234
two_concepts,plain2_w16_gmp,6021,centered_logit_input_effect_mpp,208.57111740112305
two_concepts,plain2_w16_gmp,6022,centered_logit_input_effect_mpp,212.61724853515625
two_concepts,plain2_w16_gmp,6023,centered_logit_input_effect_mpp,209.90500259399414
two_concepts,plain2_w16_gmp,6024,centered_logit_input_effect_mpp,205.32184982299805
two_concepts,plain2_w16_gmp,6025,centered_logit_input_effect_mpp,219.32670211791992
two_concepts,plain2_w16_gmp,6026,centered_logit_input_effect_mpp,218.67047882080078
two_concepts,plain2_w16_gmp,6027,centered_logit_input_effect_mpp,218.8825912475586
two_concepts,plain2_w16_gmp,6028,centered_logit_input_effect_mpp,228.63202667236328
two_concepts,plain2_w16_gmp,6029,centered_logit_input_effect_mpp,193.9507293701172
two_concepts,plain2_w16_gmp,6030,centered_logit_input_effect_mpp,170.77075958251953
two_concepts,plain2_w16_gmp,6031,centered_logit_input_effect_mpp,172.4547576904297
two_concepts,plain2_w16_gmp,6032,centered_logit_input_effect_mpp,211.88995361328125
two_concepts,plain2_w16_gmp,6033,centered_logit_input_effect_mpp,182.7544708251953
two_concepts,plain2_w16_gmp,6034,centered_logit_input_effect_mpp,211.28127670288086
two_concepts,plain2_w16_gmp,6035,centered_logit_input_effect_mpp,199.8089599609375
two_concepts,plain2_w16_gmp,6036,centered_logit_input_effect_mpp,207.6015853881836
two_concepts,plain2_w16_gmp,6037,centered_logit_input_effect_mpp,209.5558204650879
two_concepts,plain2_w16_gmp,6038,centered_logit_input_effect_mpp,259.8237533569336
two_concepts,plain2_w16_gmp,6039,centered_logit_input_effect_mpp,225.9116668701172
two_concepts,plain2_w16_gmp,6040,centered_logit_input_effect_mpp,185.55001831054688
two_concepts,plain2_w16_gmp,6041,centered_logit_input_effect_mpp,192.99608993530273
two_concepts,plain2_w16_gmp,6042,centered_logit_input_effect_mpp,186.82678604125977
two_concepts,plain2_w16_gmp,6043,centered_logit_input_effect_mpp,185.76363372802734
two_concepts,plain2_w16_gmp,6044,centered_logit_input_effect_mpp,216.33656692504883
two_concepts,plain2_w16_gmp,6045,centered_logit_input_effect_mpp,194.9027862548828
two_concepts,plain2_w16_gmp,6046,centered_logit_input_effect_mpp,208.95934677124023
two_concepts,plain2_w16_gmp,6047,centered_logit_input_effect_mpp,194.48959732055664
two_concepts,plain2_w16_gmp,6048,centered_logit_input_effect_mpp,202.23992156982422
two_concepts,plain2_w16_gmp,6049,centered_logit_input_effect_mpp,242.4753303527832
two_concepts,plain2_w16_gmp,6050,centered_logit_input_effect_mpp,201.0008316040039
two_concepts,plain2_w16_gmp,6051,centered_logit_input_effect_mpp,204.5915641784668
two_concepts,plain2_w16_gmp,6052,centered_logit_input_effect_mpp,187.39727783203125
two_concepts,plain2_w16_gmp,6053,centered_logit_input_effect_mpp,208.56246948242188
two_concepts,plain2_w16_gmp,6054,centered_logit_input_effect_mpp,231.72454071044922
two_concepts,plain2_w16_gmp,6055,centered_logit_input_effect_mpp,199.37646484375
two_concepts,plain2_w16_gmp,6056,centered_logit_input_effect_mpp,187.28838729858398
two_concepts,plain2_w16_gmp,6057,centered_logit_input_effect_mpp,192.1449737548828
two_concepts,plain2_w16_gmp,6058,centered_logit_input_effect_mpp,191.42123413085938
two_concepts,plain2_w16_gmp,6059,centered_logit_input_effect_mpp,186.92468643188477
two_concepts,plain2_w16_gmp,6060,centered_logit_input_effect_mpp,211.00516891479492
two_concepts,plain2_w16_gmp,6061,centered_logit_input_effect_mpp,193.54000091552734
two_concepts,plain2_w16_gmp,6062,centered_logit_input_effect_mpp,189.60376358032227
two_concepts,plain2_w16_gmp,6063,centered_logit_input_effect_mpp,222.42209243774414
two_concepts,plain2_w16_gmp,6064,centered_logit_input_effect_mpp,203.7475128173828
two_concepts,plain2_w16_gmp,6065,centered_logit_input_effect_mpp,182.73851013183594
two_concepts,plain2_w16_gmp,6066,centered_logit_input_effect_mpp,197.05848693847656
two_concepts,plain2_w16_gmp,6067,centered_logit_input_effect_mpp,199.81360626220703
two_concepts,plain2_w16_gmp,6068,centered_logit_input_effect_mpp,227.33747100830078
two_concepts,plain2_w16_gmp,6069,centered_logit_input_effect_mpp,202.2235450744629
two_concepts,plain2_w16_gmp,6070,centered_logit_input_effect_mpp,192.81101989746094
two_concepts,plain2_w16_gmp,6071,centered_logit_input_effect_mpp,201.85340881347656
two_concepts,plain2_w16_gmp,6072,centered_logit_input_effect_mpp,226.00990676879883
two_concepts,plain2_w16_gmp,6073,centered_logit_input_effect_mpp,192.70552825927734
two_concepts,plain2_w16_gmp,6074,centered_logit_input_effect_mpp,170.3481788635254
two_concepts,plain2_w16_gmp,6075,centered_logit_input_effect_mpp,215.28285598754883
two_concepts,plain2_w16_gmp,6076,centered_logit_input_effect_mpp,180.72425079345703
two_concepts,plain2_w16_gmp,6077,centered_logit_input_effect_mpp,202.50197219848633
two_concepts,plain2_w16_gmp,6078,centered_logit_input_effect_mpp,208.5165252685547
two_concepts,plain2_w16_gmp,6079,centered_logit_input_effect_mpp,194.86652755737305
two_concepts,plain2_w16_gmp,6080,centered_logit_input_effect_mpp,188.50765228271484
two_concepts,plain2_w16_gmp,6081,centered_logit_input_effect_mpp,181.63463592529297
two_concepts,plain2_w16_gmp,6082,centered_logit_input_effect_mpp,209.81347274780273
two_concepts,plain2_w16_gmp,6083,centered_logit_input_effect_mpp,196.80206298828125
two_concepts,plain2_w16_gmp,6084,centered_logit_input_effect_mpp,212.0087776184082
two_concepts,plain2_w16_gmp,6085,centered_logit_input_effect_mpp,217.57455444335938
two_concepts,plain2_w16_gmp,6086,centered_logit_input_effect_mpp,189.35280227661133
two_concepts,plain2_w16_gmp,6087,centered_logit_input_effect_mpp,170.9873504638672
two_concepts,plain2_w16_gmp,6088,centered_logit_input_effect_mpp,199.3243751525879
two_concepts,plain2_w16_gmp,6089,centered_logit_input_effect_mpp,201.6556625366211
two_concepts,plain2_w16_gmp,6090,centered_logit_input_effect_mpp,205.3374786376953
two_concepts,plain2_w16_gmp,6091,centered_logit_input_effect_mpp,232.5410499572754
two_concepts,plain2_w16_gmp,6092,centered_logit_input_effect_mpp,191.31046295166016
two_concepts,plain2_w16_gmp,6093,centered_logit_input_effect_mpp,216.19712829589844
two_concepts,plain2_w16_gmp,6094,centered_logit_input_effect_mpp,196.44603729248047
two_concepts,plain2_w16_gmp,6095,centered_logit_input_effect_mpp,211.69087982177734
two_concepts,plain2_w16_gmp,6096,centered_logit_input_effect_mpp,205.54955673217773
two_concepts,plain2_w16_gmp,6097,centered_logit_input_effect_mpp,212.55280303955078
two_concepts,plain2_w16_gmp,6098,centered_logit_input_effect_mpp,188.5792236328125
two_concepts,plain2_w16_gmp,6099,centered_logit_input_effect_mpp,215.75103378295898
two_concepts,plain2_w64_gap,6000,centered_logit_input_effect_mpp,154.76763343811035
two_concepts,plain2_w64_gap,6001,centered_logit_input_effect_mpp,228.36552238464355
two_concepts,plain2_w64_gap,6002,centered_logit_input_effect_mpp,143.4153823852539
two_concepts,plain2_w64_gap,6003,centered_logit_input_effect_mpp,196.62298774719238
two_concepts,plain2_w64_gap,6004,centered_logit_input_effect_mpp,223.10299491882324
two_concepts,plain2_w64_gap,6005,centered_logit_input_effect_mpp,227.9722137451172
two_concepts,plain2_w64_gap,6006,centered_logit_input_effect_mpp,168.9054307937622
two_concepts,plain2_w64_gap,6007,centered_logit_input_effect_mpp,221.98512268066406
two_concepts,plain2_w64_gap,6008,centered_logit_input_effect_mpp,163.51354694366455
two_concepts,plain2_w64_gap,6009,centered_logit_input_effect_mpp,127.15553188323975
two_concepts,plain2_w64_gap,6010,centered_logit_input_effect_mpp,205.86858749389648
two_concepts,plain2_w64_gap,6011,centered_logit_input_effect_mpp,248.01411819458008
two_concepts,plain2_w64_gap,6012,centered_logit_input_effect_mpp,149.86498832702637
two_concepts,plain2_w64_gap,6013,centered_logit_input_effect_mpp,149.69947814941406
two_concepts,plain2_w64_gap,6014,centered_logit_input_effect_mpp,252.84780883789062
two_concepts,plain2_w64_gap,6015,centered_logit_input_effect_mpp,205.5206298828125
two_concepts,plain2_w64_gap,6016,centered_logit_input_effect_mpp,153.357666015625
two_concepts,plain2_w64_gap,6017,centered_logit_input_effect_mpp,179.11422729492188
two_concepts,plain2_w64_gap,6018,centered_logit_input_effect_mpp,206.6123275756836
two_concepts,plain2_w64_gap,6019,centered_logit_input_effect_mpp,185.38882637023926
two_concepts,plain2_w64_gap,6020,centered_logit_input_effect_mpp,221.796537399292
two_concepts,plain2_w64_gap,6021,centered_logit_input_effect_mpp,151.94500350952148
two_concepts,plain2_w64_gap,6022,centered_logit_input_effect_mpp,227.57343292236328
two_concepts,plain2_w64_gap,6023,centered_logit_input_effect_mpp,184.14330863952637
two_concepts,plain2_w64_gap,6024,centered_logit_input_effect_mpp,175.37640762329102
two_concepts,plain2_w64_gap,6025,centered_logit_input_effect_mpp,206.9536952972412
two_concepts,plain2_w64_gap,6026,centered_logit_input_effect_mpp,162.27478790283203
two_concepts,plain2_w64_gap,6027,centered_logit_input_effect_mpp,218.24857711791992
two_concepts,plain2_w64_gap,6028,centered_logit_input_effect_mpp,175.5075225830078
two_concepts,plain2_w64_gap,6029,centered_logit_input_effect_mpp,183.9957733154297
two_concepts,plain2_w64_gap,6030,centered_logit_input_effect_mpp,190.41592025756836
two_concepts,plain2_w64_gap,6031,centered_logit_input_effect_mpp,169.50505828857422
two_concepts,plain2_w64_gap,6032,centered_logit_input_effect_mpp,178.76215171813965
two_concepts,plain2_w64_gap,6033,centered_logit_input_effect_mpp,160.1282253265381
two_concepts,plain2_w64_gap,6034,centered_logit_input_effect_mpp,202.46044921875
two_concepts,plain2_w64_gap,6035,centered_logit_input_effect_mpp,155.64382553100586
two_concepts,plain2_w64_gap,6036,centered_logit_input_effect_mpp,146.48457527160645
two_concepts,plain2_w64_gap,6037,centered_logit_input_effect_mpp,173.25586700439453
two_concepts,plain2_w64_gap,6038,centered_logit_input_effect_mpp,197.4953556060791
two_concepts,plain2_w64_gap,6039,centered_logit_input_effect_mpp,214.4021110534668
two_concepts,plain2_w64_gap,6040,centered_logit_input_effect_mpp,197.9197883605957
two_concepts,plain2_w64_gap,6041,centered_logit_input_effect_mpp,150.48847770690918
two_concepts,plain2_w64_gap,6042,centered_logit_input_effect_mpp,187.70408630371094
two_concepts,plain2_w64_gap,6043,centered_logit_input_effect_mpp,220.92230606079102
two_concepts,plain2_w64_gap,6044,centered_logit_input_effect_mpp,192.88745498657227
two_concepts,plain2_w64_gap,6045,centered_logit_input_effect_mpp,147.74412536621094
two_concepts,plain2_w64_gap,6046,centered_logit_input_effect_mpp,208.70044326782227
two_concepts,plain2_w64_gap,6047,centered_logit_input_effect_mpp,187.97878456115723
two_concepts,plain2_w64_gap,6048,centered_logit_input_effect_mpp,182.74442386627197
two_concepts,plain2_w64_gap,6049,centered_logit_input_effect_mpp,208.4739933013916
two_concepts,plain2_w64_gap,6050,centered_logit_input_effect_mpp,172.65869331359863
two_concepts,plain2_w64_gap,6051,centered_logit_input_effect_mpp,158.20345878601074
two_concepts,plain2_w64_gap,6052,centered_logit_input_effect_mpp,139.4040985107422
two_concepts,plain2_w64_gap,6053,centered_logit_input_effect_mpp,204.8923053741455
two_concepts,plain2_w64_gap,6054,centered_logit_input_effect_mpp,170.92386054992676
two_concepts,plain2_w64_gap,6055,centered_logit_input_effect_mpp,167.29423141479492
two_concepts,plain2_w64_gap,6056,centered_logit_input_effect_mpp,180.50115776062012
two_concepts,plain2_w64_gap,6057,centered_logit_input_effect_mpp,183.39811515808105
two_concepts,plain2_w64_gap,6058,centered_logit_input_effect_mpp,153.7532730102539
two_concepts,plain2_w64_gap,6059,centered_logit_input_effect_mpp,130.00036907196045
two_concepts,plain2_w64_gap,6060,centered_logit_input_effect_mpp,201.29126167297363
two_concepts,plain2_w64_gap,6061,centered_logit_input_effect_mpp,158.21614933013916
two_concepts,plain2_w64_gap,6062,centered_logit_input_effect_mpp,151.59040069580078
two_concepts,plain2_w64_gap,6063,centered_logit_input_effect_mpp,190.04249954223633
two_concepts,plain2_w64_gap,6064,centered_logit_input_effect_mpp,156.42288208007812
two_concepts,plain2_w64_gap,6065,centered_logit_input_effect_mpp,148.15818405151367
two_concepts,plain2_w64_gap,6066,centered_logit_input_effect_mpp,174.57243728637695
two_concepts,plain2_w64_gap,6067,centered_logit_input_effect_mpp,182.1542091369629
two_concepts,plain2_w64_gap,6068,centered_logit_input_effect_mpp,149.62792778015137
two_concepts,plain2_w64_gap,6069,centered_logit_input_effect_mpp,142.6223907470703
two_concepts,plain2_w64_gap,6070,centered_logit_input_effect_mpp,170.2555389404297
two_concepts,plain2_w64_gap,6071,centered_logit_input_effect_mpp,162.9941520690918
two_concepts,plain2_w64_gap,6072,centered_logit_input_effect_mpp,215.391450881958
two_concepts,plain2_w64_gap,6073,centered_logit_input_effect_mpp,147.37262153625488
two_concepts,plain2_w64_gap,6074,centered_logit_input_effect_mpp,164.4384365081787
two_concepts,plain2_w64_gap,6075,centered_logit_input_effect_mpp,185.0664463043213
two_concepts,plain2_w64_gap,6076,centered_logit_input_effect_mpp,192.33584785461426
two_concepts,plain2_w64_gap,6077,centered_logit_input_effect_mpp,198.8927993774414
two_concepts,plain2_w64_gap,6078,centered_logit_input_effect_mpp,185.2492561340332
two_concepts,plain2_w64_gap,6079,centered_logit_input_effect_mpp,160.31059074401855
two_concepts,plain2_w64_gap,6080,centered_logit_input_effect_mpp,159.90229034423828
two_concepts,plain2_w64_gap,6081,centered_logit_input_effect_mpp,191.35344314575195
two_concepts,plain2_w64_gap,6082,centered_logit_input_effect_mpp,200.22000122070312
two_concepts,plain2_w64_gap,6083,centered_logit_input_effect_mpp,107.80473327636719
two_concepts,plain2_w64_gap,6084,centered_logit_input_effect_mpp,162.27719116210938
two_concepts,plain2_w64_gap,6085,centered_logit_input_effect_mpp,175.997896194458
two_concepts,plain2_w64_gap,6086,centered_logit_input_effect_mpp,210.44616508483887
two_concepts,plain2_w64_gap,6087,centered_logit_input_effect_mpp,168.8715181350708
two_concepts,plain2_w64_gap,6088,centered_logit_input_effect_mpp,175.92873001098633
two_concepts,plain2_w64_gap,6089,centered_logit_input_effect_mpp,157.52766609191895
two_concepts,plain2_w64_gap,6090,centered_logit_input_effect_mpp,180.94493103027344
two_concepts,plain2_w64_gap,6091,centered_logit_input_effect_mpp,225.96450424194336
two_concepts,plain2_w64_gap,6092,centered_logit_input_effect_mpp,194.57379913330078
two_concepts,plain2_w64_gap,6093,centered_logit_input_effect_mpp,168.77319622039795
two_concepts,plain2_w64_gap,6094,centered_logit_input_effect_mpp,278.5429267883301
two_concepts,plain2_w64_gap,6095,centered_logit_input_effect_mpp,215.55652046203613
two_concepts,plain2_w64_gap,6096,centered_logit_input_effect_mpp,169.92858695983887
two_concepts,plain2_w64_gap,6097,centered_logit_input_effect_mpp,186.05027770996094
two_concepts,plain2_w64_gap,6098,centered_logit_input_effect_mpp,178.8917579650879
two_concepts,plain2_w64_gap,6099,centered_logit_input_effect_mpp,167.45120239257812
two_concepts,plain2_w64_gmp,6000,centered_logit_input_effect_mpp,207.0582275390625
two_concepts,plain2_w64_gmp,6001,centered_logit_input_effect_mpp,203.95938873291016
two_concepts,plain2_w64_gmp,6002,centered_logit_input_effect_mpp,171.91172790527344
two_concepts,plain2_w64_gmp,6003,centered_logit_input_effect_mpp,188.1123809814453
two_concepts,plain2_w64_gmp,6004,centered_logit_input_effect_mpp,193.64901733398438
two_concepts,plain2_w64_gmp,6005,centered_logit_input_effect_mpp,186.6465301513672
two_concepts,plain2_w64_gmp,6006,centered_logit_input_effect_mpp,178.41572952270508
two_concepts,plain2_w64_gmp,6007,centered_logit_input_effect_mpp,189.02148056030273
two_concepts,plain2_w64_gmp,6008,centered_logit_input_effect_mpp,154.64186477661133
two_concepts,plain2_w64_gmp,6009,centered_logit_input_effect_mpp,172.42888641357422
two_concepts,plain2_w64_gmp,6010,centered_logit_input_effect_mpp,189.1747055053711
two_concepts,plain2_w64_gmp,6011,centered_logit_input_effect_mpp,175.2061767578125
two_concepts,plain2_w64_gmp,6012,centered_logit_input_effect_mpp,213.20558166503906
two_concepts,plain2_w64_gmp,6013,centered_logit_input_effect_mpp,185.62039947509766
two_concepts,plain2_w64_gmp,6014,centered_logit_input_effect_mpp,197.10108184814453
two_concepts,plain2_w64_gmp,6015,centered_logit_input_effect_mpp,189.10022735595703
two_concepts,plain2_w64_gmp,6016,centered_logit_input_effect_mpp,202.30460357666016
two_concepts,plain2_w64_gmp,6017,centered_logit_input_effect_mpp,203.6659927368164
two_concepts,plain2_w64_gmp,6018,centered_logit_input_effect_mpp,226.77234649658203
two_concepts,plain2_w64_gmp,6019,centered_logit_input_effect_mpp,195.60091400146484
two_concepts,plain2_w64_gmp,6020,centered_logit_input_effect_mpp,186.6193618774414
two_concepts,plain2_w64_gmp,6021,centered_logit_input_effect_mpp,211.47399139404297
two_concepts,plain2_w64_gmp,6022,centered_logit_input_effect_mpp,198.9163818359375
two_concepts,plain2_w64_gmp,6023,centered_logit_input_effect_mpp,196.69668579101562
two_concepts,plain2_w64_gmp,6024,centered_logit_input_effect_mpp,186.0228385925293
two_concepts,plain2_w64_gmp,6025,centered_logit_input_effect_mpp,201.62354278564453
two_concepts,plain2_w64_gmp,6026,centered_logit_input_effect_mpp,188.1811752319336
two_concepts,plain2_w64_gmp,6027,centered_logit_input_effect_mpp,176.75976943969727
two_concepts,plain2_w64_gmp,6028,centered_logit_input_effect_mpp,189.940673828125
two_concepts,plain2_w64_gmp,6029,centered_logit_input_effect_mpp,192.00589752197266
two_concepts,plain2_w64_gmp,6030,centered_logit_input_effect_mpp,156.9705924987793
two_concepts,plain2_w64_gmp,6031,centered_logit_input_effect_mpp,150.99205780029297
two_concepts,plain2_w64_gmp,6032,centered_logit_input_effect_mpp,198.5808334350586
two_concepts,plain2_w64_gmp,6033,centered_logit_input_effect_mpp,177.30408477783203
two_concepts,plain2_w64_gmp,6034,centered_logit_input_effect_mpp,184.56912994384766
two_concepts,plain2_w64_gmp,6035,centered_logit_input_effect_mpp,191.62550354003906
two_concepts,plain2_w64_gmp,6036,centered_logit_input_effect_mpp,188.19986724853516
two_concepts,plain2_w64_gmp,6037,centered_logit_input_effect_mpp,180.42426300048828
two_concepts,plain2_w64_gmp,6038,centered_logit_input_effect_mpp,215.31537628173828
two_concepts,plain2_w64_gmp,6039,centered_logit_input_effect_mpp,210.01730346679688
two_concepts,plain2_w64_gmp,6040,centered_logit_input_effect_mpp,177.75337982177734
two_concepts,plain2_w64_gmp,6041,centered_logit_input_effect_mpp,165.17330169677734
two_concepts,plain2_w64_gmp,6042,centered_logit_input_effect_mpp,171.49124908447266
two_concepts,plain2_w64_gmp,6043,centered_logit_input_effect_mpp,167.11620330810547
two_concepts,plain2_w64_gmp,6044,centered_logit_input_effect_mpp,197.6703338623047
two_concepts,plain2_w64_gmp,6045,centered_logit_input_effect_mpp,188.03172302246094
two_concepts,plain2_w64_gmp,6046,centered_logit_input_effect_mpp,186.10675811767578
two_concepts,plain2_w64_gmp,6047,centered_logit_input_effect_mpp,188.35037994384766
two_concepts,plain2_w64_gmp,6048,centered_logit_input_effect_mpp,196.27994537353516
two_concepts,plain2_w64_gmp,6049,centered_logit_input_effect_mpp,205.58747100830078
two_concepts,plain2_w64_gmp,6050,centered_logit_input_effect_mpp,199.31682586669922
two_concepts,plain2_w64_gmp,6051,centered_logit_input_effect_mpp,206.41222381591797
two_concepts,plain2_w64_gmp,6052,centered_logit_input_effect_mpp,187.22928619384766
two_concepts,plain2_w64_gmp,6053,centered_logit_input_effect_mpp,193.4006576538086
two_concepts,plain2_w64_gmp,6054,centered_logit_input_effect_mpp,191.4754638671875
two_concepts,plain2_w64_gmp,6055,centered_logit_input_effect_mpp,182.13225936889648
two_concepts,plain2_w64_gmp,6056,centered_logit_input_effect_mpp,176.69744873046875
two_concepts,plain2_w64_gmp,6057,centered_logit_input_effect_mpp,164.63536071777344
two_concepts,plain2_w64_gmp,6058,centered_logit_input_effect_mpp,168.76005935668945
two_concepts,plain2_w64_gmp,6059,centered_logit_input_effect_mpp,185.83840942382812
two_concepts,plain2_w64_gmp,6060,centered_logit_input_effect_mpp,183.41378021240234
two_concepts,plain2_w64_gmp,6061,centered_logit_input_effect_mpp,171.25839233398438
two_concepts,plain2_w64_gmp,6062,centered_logit_input_effect_mpp,166.00955200195312
two_concepts,plain2_w64_gmp,6063,centered_logit_input_effect_mpp,215.53072357177734
two_concepts,plain2_w64_gmp,6064,centered_logit_input_effect_mpp,193.87940216064453
two_concepts,plain2_w64_gmp,6065,centered_logit_input_effect_mpp,173.41883087158203
two_concepts,plain2_w64_gmp,6066,centered_logit_input_effect_mpp,181.96471405029297
two_concepts,plain2_w64_gmp,6067,centered_logit_input_effect_mpp,170.86053466796875
two_concepts,plain2_w64_gmp,6068,centered_logit_input_effect_mpp,206.98249053955078
two_concepts,plain2_w64_gmp,6069,centered_logit_input_effect_mpp,174.40186309814453
two_concepts,plain2_w64_gmp,6070,centered_logit_input_effect_mpp,188.42763137817383
two_concepts,plain2_w64_gmp,6071,centered_logit_input_effect_mpp,167.4909553527832
two_concepts,plain2_w64_gmp,6072,centered_logit_input_effect_mpp,198.8988494873047
two_concepts,plain2_w64_gmp,6073,centered_logit_input_effect_mpp,178.3707275390625
two_concepts,plain2_w64_gmp,6074,centered_logit_input_effect_mpp,146.42422103881836
two_concepts,plain2_w64_gmp,6075,centered_logit_input_effect_mpp,205.22992706298828
two_concepts,plain2_w64_gmp,6076,centered_logit_input_effect_mpp,170.52611541748047
two_concepts,plain2_w64_gmp,6077,centered_logit_input_effect_mpp,198.3900375366211
two_concepts,plain2_w64_gmp,6078,centered_logit_input_effect_mpp,201.7103042602539
two_concepts,plain2_w64_gmp,6079,centered_logit_input_effect_mpp,168.1493377685547
two_concepts,plain2_w64_gmp,6080,centered_logit_input_effect_mpp,170.71215057373047
two_concepts,plain2_w64_gmp,6081,centered_logit_input_effect_mpp,161.78387069702148
two_concepts,plain2_w64_gmp,6082,centered_logit_input_effect_mpp,186.54736328125
two_concepts,plain2_w64_gmp,6083,centered_logit_input_effect_mpp,170.690185546875
two_concepts,plain2_w64_gmp,6084,centered_logit_input_effect_mpp,172.5008773803711
two_concepts,plain2_w64_gmp,6085,centered_logit_input_effect_mpp,194.65796661376953
two_concepts,plain2_w64_gmp,6086,centered_logit_input_effect_mpp,189.70429229736328
two_concepts,plain2_w64_gmp,6087,centered_logit_input_effect_mpp,138.70161056518555
two_concepts,plain2_w64_gmp,6088,centered_logit_input_effect_mpp,190.37107849121094
two_concepts,plain2_w64_gmp,6089,centered_logit_input_effect_mpp,195.58069610595703
two_concepts,plain2_w64_gmp,6090,centered_logit_input_effect_mpp,182.8841323852539
two_concepts,plain2_w64_gmp,6091,centered_logit_input_effect_mpp,211.44132232666016
two_concepts,plain2_w64_gmp,6092,centered_logit_input_effect_mpp,188.66326141357422
two_concepts,plain2_w64_gmp,6093,centered_logit_input_effect_mpp,206.76177215576172
two_concepts,plain2_w64_gmp,6094,centered_logit_input_effect_mpp,174.0074234008789
two_concepts,plain2_w64_gmp,6095,centered_logit_input_effect_mpp,197.32757568359375
two_concepts,plain2_w64_gmp,6096,centered_logit_input_effect_mpp,179.54644775390625
two_concepts,plain2_w64_gmp,6097,centered_logit_input_effect_mpp,180.6216583251953
two_concepts,plain2_w64_gmp,6098,centered_logit_input_effect_mpp,183.6580696105957
two_concepts,plain2_w64_gmp,6099,centered_logit_input_effect_mpp,197.10421752929688
two_concepts,plain4_w16_gap,6000,centered_logit_input_effect_mpp,437.3859100341797
two_concepts,plain4_w16_gap,6001,centered_logit_input_effect_mpp,474.83911895751953
two_concepts,plain4_w16_gap,6002,centered_logit_input_effect_mpp,419.33941650390625
two_concepts,plain4_w16_gap,6003,centered_logit_input_effect_mpp,1103.9166412353516
two_concepts,plain4_w16_gap,6004,centered_logit_input_effect_mpp,715.4731063842773
two_concepts,plain4_w16_gap,6005,centered_logit_input_effect_mpp,815.1063842773438
two_concepts,plain4_w16_gap,6006,centered_logit_input_effect_mpp,565.9527740478516
two_concepts,plain4_w16_gap,6007,centered_logit_input_effect_mpp,560.8477325439453
two_concepts,plain4_w16_gap,6008,centered_logit_input_effect_mpp,598.6327056884766
two_concepts,plain4_w16_gap,6009,centered_logit_input_effect_mpp,680.3897399902344
two_concepts,plain4_w16_gap,6010,centered_logit_input_effect_mpp,317.41573333740234
two_concepts,plain4_w16_gap,6011,centered_logit_input_effect_mpp,977.7682723999023
two_concepts,plain4_w16_gap,6012,centered_logit_input_effect_mpp,311.67440032958984
two_concepts,plain4_w16_gap,6013,centered_logit_input_effect_mpp,414.64188385009766
two_concepts,plain4_w16_gap,6014,centered_logit_input_effect_mpp,391.4374084472656
two_concepts,plain4_w16_gap,6015,centered_logit_input_effect_mpp,680.3478393554688
two_concepts,plain4_w16_gap,6016,centered_logit_input_effect_mpp,315.8922424316406
two_concepts,plain4_w16_gap,6017,centered_logit_input_effect_mpp,767.8390426635742
two_concepts,plain4_w16_gap,6018,centered_logit_input_effect_mpp,525.8761978149414
two_concepts,plain4_w16_gap,6019,centered_logit_input_effect_mpp,373.58311462402344
two_concepts,plain4_w16_gap,6020,centered_logit_input_effect_mpp,720.1299667358398
two_concepts,plain4_w16_gap,6021,centered_logit_input_effect_mpp,258.48863983154297
two_concepts,plain4_w16_gap,6022,centered_logit_input_effect_mpp,819.1391143798828
two_concepts,plain4_w16_gap,6023,centered_logit_input_effect_mpp,672.6771240234375
two_concepts,plain4_w16_gap,6024,centered_logit_input_effect_mpp,609.4266738891602
two_concepts,plain4_w16_gap,6025,centered_logit_input_effect_mpp,860.2293167114258
two_concepts,plain4_w16_gap,6026,centered_logit_input_effect_mpp,543.5517349243164
two_concepts,plain4_w16_gap,6027,centered_logit_input_effect_mpp,306.8308868408203
two_concepts,plain4_w16_gap,6028,centered_logit_input_effect_mpp,843.1382751464844
two_concepts,plain4_w16_gap,6029,centered_logit_input_effect_mpp,579.8117599487305
two_concepts,plain4_w16_gap,6030,centered_logit_input_effect_mpp,228.23055267333984
two_concepts,plain4_w16_gap,6031,centered_logit_input_effect_mpp,584.1286926269531
two_concepts,plain4_w16_gap,6032,centered_logit_input_effect_mpp,644.9342498779297
two_concepts,plain4_w16_gap,6033,centered_logit_input_effect_mpp,329.3655471801758
two_concepts,plain4_w16_gap,6034,centered_logit_input_effect_mpp,774.6020202636719
two_concepts,plain4_w16_gap,6035,centered_logit_input_effect_mpp,140.51632690429688
two_concepts,plain4_w16_gap,6036,centered_logit_input_effect_mpp,582.3946838378906
two_concepts,plain4_w16_gap,6037,centered_logit_input_effect_mpp,1185.4736633300781
two_concepts,plain4_w16_gap,6038,centered_logit_input_effect_mpp,248.657958984375
two_concepts,plain4_w16_gap,6039,centered_logit_input_effect_mpp,805.1348342895508
two_concepts,plain4_w16_gap,6040,centered_logit_input_effect_mpp,399.18138885498047
two_concepts,plain4_w16_gap,6041,centered_logit_input_effect_mpp,417.20326232910156
two_concepts,plain4_w16_gap,6042,centered_logit_input_effect_mpp,174.02910614013672
two_concepts,plain4_w16_gap,6043,centered_logit_input_effect_mpp,1054.018409729004
two_concepts,plain4_w16_gap,6044,centered_logit_input_effect_mpp,729.1153564453125
two_concepts,plain4_w16_gap,6045,centered_logit_input_effect_mpp,570.6845321655273
two_concepts,plain4_w16_gap,6046,centered_logit_input_effect_mpp,483.27789306640625
two_concepts,plain4_w16_gap,6047,centered_logit_input_effect_mpp,296.9378967285156
two_concepts,plain4_w16_gap,6048,centered_logit_input_effect_mpp,252.267333984375
two_concepts,plain4_w16_gap,6049,centered_logit_input_effect_mpp,1014.6947631835938
two_concepts,plain4_w16_gap,6050,centered_logit_input_effect_mpp,474.35596466064453
two_concepts,plain4_w16_gap,6051,centered_logit_input_effect_mpp,616.8441772460938
two_concepts,plain4_w16_gap,6052,centered_logit_input_effect_mpp,742.0453109741211
two_concepts,plain4_w16_gap,6053,centered_logit_input_effect_mpp,725.5515441894531
two_concepts,plain4_w16_gap,6054,centered_logit_input_effect_mpp,1376.0754928588867
two_concepts,plain4_w16_gap,6055,centered_logit_input_effect_mpp,588.3968048095703
two_concepts,plain4_w16_gap,6056,centered_logit_input_effect_mpp,784.1930236816406
two_concepts,plain4_w16_gap,6057,centered_logit_input_effect_mpp,750.2380447387695
two_concepts,plain4_w16_gap,6058,centered_logit_input_effect_mpp,336.27064514160156
two_concepts,plain4_w16_gap,6059,centered_logit_input_effect_mpp,477.7699279785156
two_concepts,plain4_w16_gap,6060,centered_logit_input_effect_mpp,270.4979705810547
two_concepts,plain4_w16_gap,6061,centered_logit_input_effect_mpp,600.0845031738281
two_concepts,plain4_w16_gap,6062,centered_logit_input_effect_mpp,753.1222686767578
two_concepts,plain4_w16_gap,6063,centered_logit_input_effect_mpp,929.6999664306641
two_concepts,plain4_w16_gap,6064,centered_logit_input_effect_mpp,571.5595779418945
two_concepts,plain4_w16_gap,6065,centered_logit_input_effect_mpp,431.36795806884766
two_concepts,plain4_w16_gap,6066,centered_logit_input_effect_mpp,818.7763977050781
two_concepts,plain4_w16_gap,6067,centered_logit_input_effect_mpp,357.1017303466797
two_concepts,plain4_w16_gap,6068,centered_logit_input_effect_mpp,597.374382019043
two_concepts,plain4_w16_gap,6069,centered_logit_input_effect_mpp,515.1057662963867
two_concepts,plain4_w16_gap,6070,centered_logit_input_effect_mpp,206.47040557861328
two_concepts,plain4_w16_gap,6071,centered_logit_input_effect_mpp,709.6558151245117
two_concepts,plain4_w16_gap,6072,centered_logit_input_effect_mpp,356.38230895996094
two_concepts,plain4_w16_gap,6073,centered_logit_input_effect_mpp,510.59288787841797
two_concepts,plain4_w16_gap,6074,centered_logit_input_effect_mpp,709.8477249145508
two_concepts,plain4_w16_gap,6075,centered_logit_input_effect_mpp,868.932746887207
two_concepts,plain4_w16_gap,6076,centered_logit_input_effect_mpp,956.1692810058594
two_concepts,plain4_w16_gap,6077,centered_logit_input_effect_mpp,515.9230308532715
two_concepts,plain4_w16_gap,6078,centered_logit_input_effect_mpp,608.5545959472656
two_concepts,plain4_w16_gap,6079,centered_logit_input_effect_mpp,145.1365966796875
two_concepts,plain4_w16_gap,6080,centered_logit_input_effect_mpp,452.76151275634766
two_concepts,plain4_w16_gap,6081,centered_logit_input_effect_mpp,174.7457733154297
two_concepts,plain4_w16_gap,6082,centered_logit_input_effect_mpp,691.9078521728516
two_concepts,plain4_w16_gap,6083,centered_logit_input_effect_mpp,317.59138107299805
two_concepts,plain4_w16_gap,6084,centered_logit_input_effect_mpp,538.0551681518555
two_concepts,plain4_w16_gap,6085,centered_logit_input_effect_mpp,1238.3458099365234
two_concepts,plain4_w16_gap,6086,centered_logit_input_effect_mpp,635.5729904174805
two_concepts,plain4_w16_gap,6087,centered_logit_input_effect_mpp,937.3044204711914
two_concepts,plain4_w16_gap,6088,centered_logit_input_effect_mpp,525.5075073242188
two_concepts,plain4_w16_gap,6089,centered_logit_input_effect_mpp,700.8695678710938
two_concepts,plain4_w16_gap,6090,centered_logit_input_effect_mpp,651.0975952148438
two_concepts,plain4_w16_gap,6091,centered_logit_input_effect_mpp,444.1363220214844
two_concepts,plain4_w16_gap,6092,centered_logit_input_effect_mpp,651.3819885253906
two_concepts,plain4_w16_gap,6093,centered_logit_input_effect_mpp,607.0682678222656
two_concepts,plain4_w16_gap,6094,centered_logit_input_effect_mpp,1435.449234008789
two_concepts,plain4_w16_gap,6095,centered_logit_input_effect_mpp,384.2410583496094
two_concepts,plain4_w16_gap,6096,centered_logit_input_effect_mpp,556.3444366455078
two_concepts,plain4_w16_gap,6097,centered_logit_input_effect_mpp,1097.67919921875
two_concepts,plain4_w16_gap,6098,centered_logit_input_effect_mpp,657.5357971191406
two_concepts,plain4_w16_gap,6099,centered_logit_input_effect_mpp,547.471435546875
two_concepts,plain4_w16_gmp,6000,centered_logit_input_effect_mpp,216.68006896972656
two_concepts,plain4_w16_gmp,6001,centered_logit_input_effect_mpp,295.2675018310547
two_concepts,plain4_w16_gmp,6002,centered_logit_input_effect_mpp,131.24642944335938
two_concepts,plain4_w16_gmp,6003,centered_logit_input_effect_mpp,191.18807983398438
two_concepts,plain4_w16_gmp,6004,centered_logit_input_effect_mpp,167.21401977539062
two_concepts,plain4_w16_gmp,6005,centered_logit_input_effect_mpp,351.2149963378906
two_concepts,plain4_w16_gmp,6006,centered_logit_input_effect_mpp,148.1573944091797
two_concepts,plain4_w16_gmp,6007,centered_logit_input_effect_mpp,139.26502990722656
two_concepts,plain4_w16_gmp,6008,centered_logit_input_effect_mpp,132.35986328125
two_concepts,plain4_w16_gmp,6009,centered_logit_input_effect_mpp,188.35882568359375
two_concepts,plain4_w16_gmp,6010,centered_logit_input_effect_mpp,210.43539428710938
two_concepts,plain4_w16_gmp,6011,centered_logit_input_effect_mpp,115.21853637695312
two_concepts,plain4_w16_gmp,6012,centered_logit_input_effect_mpp,159.33636474609375
two_concepts,plain4_w16_gmp,6013,centered_logit_input_effect_mpp,161.0924072265625
two_concepts,plain4_w16_gmp,6014,centered_logit_input_effect_mpp,231.0193328857422
two_concepts,plain4_w16_gmp,6015,centered_logit_input_effect_mpp,493.0069580078125
two_concepts,plain4_w16_gmp,6016,centered_logit_input_effect_mpp,148.56015014648438
two_concepts,plain4_w16_gmp,6017,centered_logit_input_effect_mpp,196.88204956054688
two_concepts,plain4_w16_gmp,6018,centered_logit_input_effect_mpp,213.09860229492188
two_concepts,plain4_w16_gmp,6019,centered_logit_input_effect_mpp,201.86199951171875
two_concepts,plain4_w16_gmp,6020,centered_logit_input_effect_mpp,201.94879150390625
two_concepts,plain4_w16_gmp,6021,centered_logit_input_effect_mpp,194.6356658935547
two_concepts,plain4_w16_gmp,6022,centered_logit_input_effect_mpp,111.10050964355469
two_concepts,plain4_w16_gmp,6023,centered_logit_input_effect_mpp,258.6739807128906
two_concepts,plain4_w16_gmp,6024,centered_logit_input_effect_mpp,178.07717895507812
two_concepts,plain4_w16_gmp,6025,centered_logit_input_effect_mpp,145.406005859375
two_concepts,plain4_w16_gmp,6026,centered_logit_input_effect_mpp,145.69619750976562
two_concepts,plain4_w16_gmp,6027,centered_logit_input_effect_mpp,175.4517822265625
two_concepts,plain4_w16_gmp,6028,centered_logit_input_effect_mpp,185.8157196044922
two_concepts,plain4_w16_gmp,6029,centered_logit_input_effect_mpp,170.5787811279297
two_concepts,plain4_w16_gmp,6030,centered_logit_input_effect_mpp,134.29652404785156
two_concepts,plain4_w16_gmp,6031,centered_logit_input_effect_mpp,190.15383911132812
two_concepts,plain4_w16_gmp,6032,centered_logit_input_effect_mpp,175.92709350585938
two_concepts,plain4_w16_gmp,6033,centered_logit_input_effect_mpp,165.00772094726562
two_concepts,plain4_w16_gmp,6034,centered_logit_input_effect_mpp,175.06610107421875
two_concepts,plain4_w16_gmp,6035,centered_logit_input_effect_mpp,217.4468231201172
two_concepts,plain4_w16_gmp,6036,centered_logit_input_effect_mpp,155.28916931152344
two_concepts,plain4_w16_gmp,6037,centered_logit_input_effect_mpp,133.05581665039062
two_concepts,plain4_w16_gmp,6038,centered_logit_input_effect_mpp,215.48257446289062
two_concepts,plain4_w16_gmp,6039,centered_logit_input_effect_mpp,182.7178955078125
two_concepts,plain4_w16_gmp,6040,centered_logit_input_effect_mpp,197.85227966308594
two_concepts,plain4_w16_gmp,6041,centered_logit_input_effect_mpp,168.40359497070312
two_concepts,plain4_w16_gmp,6042,centered_logit_input_effect_mpp,119.32423400878906
two_concepts,plain4_w16_gmp,6043,centered_logit_input_effect_mpp,179.4884490966797
two_concepts,plain4_w16_gmp,6044,centered_logit_input_effect_mpp,163.80885314941406
two_concepts,plain4_w16_gmp,6045,centered_logit_input_effect_mpp,173.26551818847656
two_concepts,plain4_w16_gmp,6046,centered_logit_input_effect_mpp,156.191650390625
two_concepts,plain4_w16_gmp,6047,centered_logit_input_effect_mpp,185.02767944335938
two_concepts,plain4_w16_gmp,6048,centered_logit_input_effect_mpp,195.6963653564453
two_concepts,plain4_w16_gmp,6049,centered_logit_input_effect_mpp,112.25662231445312
two_concepts,plain4_w16_gmp,6050,centered_logit_input_effect_mpp,221.3851776123047
two_concepts,plain4_w16_gmp,6051,centered_logit_input_effect_mpp,211.8281707763672
two_concepts,plain4_w16_gmp,6052,centered_logit_input_effect_mpp,369.1481170654297
two_concepts,plain4_w16_gmp,6053,centered_logit_input_effect_mpp,153.4834442138672
two_concepts,plain4_w16_gmp,6054,centered_logit_input_effect_mpp,196.06748962402344
two_concepts,plain4_w16_gmp,6055,centered_logit_input_effect_mpp,153.675537109375
two_concepts,plain4_w16_gmp,6056,centered_logit_input_effect_mpp,174.4802703857422
two_concepts,plain4_w16_gmp,6057,centered_logit_input_effect_mpp,187.55636596679688
two_concepts,plain4_w16_gmp,6058,centered_logit_input_effect_mpp,125.68392944335938
two_concepts,plain4_w16_gmp,6059,centered_logit_input_effect_mpp,22.56414794921875
two_concepts,plain4_w16_gmp,6060,centered_logit_input_effect_mpp,219.17733764648438
two_concepts,plain4_w16_gmp,6061,centered_logit_input_effect_mpp,132.2270050048828
two_concepts,plain4_w16_gmp,6062,centered_logit_input_effect_mpp,335.80250549316406
two_concepts,plain4_w16_gmp,6063,centered_logit_input_effect_mpp,243.404541015625
two_concepts,plain4_w16_gmp,6064,centered_logit_input_effect_mpp,123.17294311523438
two_concepts,plain4_w16_gmp,6065,centered_logit_input_effect_mpp,126.72225952148438
two_concepts,plain4_w16_gmp,6066,centered_logit_input_effect_mpp,228.12120056152344
two_concepts,plain4_w16_gmp,6067,centered_logit_input_effect_mpp,318.764404296875
two_concepts,plain4_w16_gmp,6068,centered_logit_input_effect_mpp,131.99169921875
two_concepts,plain4_w16_gmp,6069,centered_logit_input_effect_mpp,94.05201721191406
two_concepts,plain4_w16_gmp,6070,centered_logit_input_effect_mpp,168.3697509765625
two_concepts,plain4_w16_gmp,6071,centered_logit_input_effect_mpp,196.8560791015625
two_concepts,plain4_w16_gmp,6072,centered_logit_input_effect_mpp,134.1296844482422
two_concepts,plain4_w16_gmp,6073,centered_logit_input_effect_mpp,130.3040771484375
two_concepts,plain4_w16_gmp,6074,centered_logit_input_effect_mpp,163.85418701171875
two_concepts,plain4_w16_gmp,6075,centered_logit_input_effect_mpp,177.52691650390625
two_concepts,plain4_w16_gmp,6076,centered_logit_input_effect_mpp,123.83403015136719
two_concepts,plain4_w16_gmp,6077,centered_logit_input_effect_mpp,427.9775695800781
two_concepts,plain4_w16_gmp,6078,centered_logit_input_effect_mpp,147.8538360595703
two_concepts,plain4_w16_gmp,6079,centered_logit_input_effect_mpp,128.61666870117188
two_concepts,plain4_w16_gmp,6080,centered_logit_input_effect_mpp,110.22799682617188
two_concepts,plain4_w16_gmp,6081,centered_logit_input_effect_mpp,191.55270385742188
two_concepts,plain4_w16_gmp,6082,centered_logit_input_effect_mpp,135.0422821044922
two_concepts,plain4_w16_gmp,6083,centered_logit_input_effect_mpp,126.34555053710938
two_concepts,plain4_w16_gmp,6084,centered_logit_input_effect_mpp,135.84085083007812
two_concepts,plain4_w16_gmp,6085,centered_logit_input_effect_mpp,151.7113494873047
two_concepts,plain4_w16_gmp,6086,centered_logit_input_effect_mpp,210.1329803466797
two_concepts,plain4_w16_gmp,6087,centered_logit_input_effect_mpp,163.7303466796875
two_concepts,plain4_w16_gmp,6088,centered_logit_input_effect_mpp,180.858154296875
two_concepts,plain4_w16_gmp,6089,centered_logit_input_effect_mpp,172.82846069335938
two_concepts,plain4_w16_gmp,6090,centered_logit_input_effect_mpp,170.45407104492188
two_concepts,plain4_w16_gmp,6091,centered_logit_input_effect_mpp,144.6295623779297
two_concepts,plain4_w16_gmp,6092,centered_logit_input_effect_mpp,207.35816955566406
two_concepts,plain4_w16_gmp,6093,centered_logit_input_effect_mpp,155.92312622070312
two_concepts,plain4_w16_gmp,6094,centered_logit_input_effect_mpp,132.00845336914062
two_concepts,plain4_w16_gmp,6095,centered_logit_input_effect_mpp,222.55043029785156
two_concepts,plain4_w16_gmp,6096,centered_logit_input_effect_mpp,138.3392791748047
two_concepts,plain4_w16_gmp,6097,centered_logit_input_effect_mpp,262.8424835205078
two_concepts,plain4_w16_gmp,6098,centered_logit_input_effect_mpp,162.91314697265625
two_concepts,plain4_w16_gmp,6099,centered_logit_input_effect_mpp,175.1383056640625
two_concepts,plain4_w64_gap,6000,centered_logit_input_effect_mpp,414.91554260253906
two_concepts,plain4_w64_gap,6001,centered_logit_input_effect_mpp,522.0224084854126
two_concepts,plain4_w64_gap,6002,centered_logit_input_effect_mpp,741.1999664306641
two_concepts,plain4_w64_gap,6003,centered_logit_input_effect_mpp,925.9649925231934
two_concepts,plain4_w64_gap,6004,centered_logit_input_effect_mpp,824.8241558074951
two_concepts,plain4_w64_gap,6005,centered_logit_input_effect_mpp,626.0245208740234
two_concepts,plain4_w64_gap,6006,centered_logit_input_effect_mpp,340.94419860839844
two_concepts,plain4_w64_gap,6007,centered_logit_input_effect_mpp,864.5037384033203
two_concepts,plain4_w64_gap,6008,centered_logit_input_effect_mpp,918.484619140625
two_concepts,plain4_w64_gap,6009,centered_logit_input_effect_mpp,619.7790451049805
two_concepts,plain4_w64_gap,6010,centered_logit_input_effect_mpp,253.22265625
two_concepts,plain4_w64_gap,6011,centered_logit_input_effect_mpp,101.89739990234375
two_concepts,plain4_w64_gap,6012,centered_logit_input_effect_mpp,532.8197784423828
two_concepts,plain4_w64_gap,6013,centered_logit_input_effect_mpp,409.5032501220703
two_concepts,plain4_w64_gap,6014,centered_logit_input_effect_mpp,601.2329559326172
two_concepts,plain4_w64_gap,6015,centered_logit_input_effect_mpp,541.9024200439453
two_concepts,plain4_w64_gap,6016,centered_logit_input_effect_mpp,725.523313999176
two_concepts,plain4_w64_gap,6017,centered_logit_input_effect_mpp,367.4615173339844
two_concepts,plain4_w64_gap,6018,centered_logit_input_effect_mpp,575.2457122802734
two_concepts,plain4_w64_gap,6019,centered_logit_input_effect_mpp,638.0968246459961
two_concepts,plain4_w64_gap,6020,centered_logit_input_effect_mpp,467.7122344970703
two_concepts,plain4_w64_gap,6021,centered_logit_input_effect_mpp,273.2433319091797
two_concepts,plain4_w64_gap,6022,centered_logit_input_effect_mpp,941.5962219238281
two_concepts,plain4_w64_gap,6023,centered_logit_input_effect_mpp,830.3879089355469
two_concepts,plain4_w64_gap,6024,centered_logit_input_effect_mpp,906.2619228363037
two_concepts,plain4_w64_gap,6025,centered_logit_input_effect_mpp,297.91172790527344
two_concepts,plain4_w64_gap,6026,centered_logit_input_effect_mpp,905.7512359619141
two_concepts,plain4_w64_gap,6027,centered_logit_input_effect_mpp,500.0303649902344
two_concepts,plain4_w64_gap,6028,centered_logit_input_effect_mpp,615.7213134765625
two_concepts,plain4_w64_gap,6029,centered_logit_input_effect_mpp,375.7571258544922
two_concepts,plain4_w64_gap,6030,centered_logit_input_effect_mpp,1798.803955078125
two_concepts,plain4_w64_gap,6031,centered_logit_input_effect_mpp,871.3586959838867
two_concepts,plain4_w64_gap,6032,centered_logit_input_effect_mpp,2049.6392517089844
two_concepts,plain4_w64_gap,6033,centered_logit_input_effect_mpp,432.8506622314453
two_concepts,plain4_w64_gap,6034,centered_logit_input_effect_mpp,639.1517448425293
two_concepts,plain4_w64_gap,6035,centered_logit_input_effect_mpp,293.2534713745117
two_concepts,plain4_w64_gap,6036,centered_logit_input_effect_mpp,367.3572998046875
two_concepts,plain4_w64_gap,6037,centered_logit_input_effect_mpp,537.839111328125
two_concepts,plain4_w64_gap,6038,centered_logit_input_effect_mpp,365.30711364746094
two_concepts,plain4_w64_gap,6039,centered_logit_input_effect_mpp,682.5980224609375
two_concepts,plain4_w64_gap,6040,centered_logit_input_effect_mpp,781.1784286499023
two_concepts,plain4_w64_gap,6041,centered_logit_input_effect_mpp,380.3636474609375
two_concepts,plain4_w64_gap,6042,centered_logit_input_effect_mpp,674.0784759521484
two_concepts,plain4_w64_gap,6043,centered_logit_input_effect_mpp,331.60740661621094
two_concepts,plain4_w64_gap,6044,centered_logit_input_effect_mpp,577.3446350097656
two_concepts,plain4_w64_gap,6045,centered_logit_input_effect_mpp,591.8362121582031
two_concepts,plain4_w64_gap,6046,centered_logit_input_effect_mpp,717.4505805969238
two_concepts,plain4_w64_gap,6047,centered_logit_input_effect_mpp,529.9930877685547
two_concepts,plain4_w64_gap,6048,centered_logit_input_effect_mpp,541.3034896850586
two_concepts,plain4_w64_gap,6049,centered_logit_input_effect_mpp,850.2290954589844
two_concepts,plain4_w64_gap,6050,centered_logit_input_effect_mpp,926.1770858764648
two_concepts,plain4_w64_gap,6051,centered_logit_input_effect_mpp,477.142210483551
two_concepts,plain4_w64_gap,6052,centered_logit_input_effect_mpp,308.04222869873047
two_concepts,plain4_w64_gap,6053,centered_logit_input_effect_mpp,333.12303161621094
two_concepts,plain4_w64_gap,6054,centered_logit_input_effect_mpp,477.15370178222656
two_concepts,plain4_w64_gap,6055,centered_logit_input_effect_mpp,375.58203125
two_concepts,plain4_w64_gap,6056,centered_logit_input_effect_mpp,1029.5676498413086
two_concepts,plain4_w64_gap,6057,centered_logit_input_effect_mpp,360.6954040527344
two_concepts,plain4_w64_gap,6058,centered_logit_input_effect_mpp,325.76934814453125
two_concepts,plain4_w64_gap,6059,centered_logit_input_effect_mpp,365.7643127441406
two_concepts,plain4_w64_gap,6060,centered_logit_input_effect_mpp,454.39234924316406
two_concepts,plain4_w64_gap,6061,centered_logit_input_effect_mpp,1035.439682006836
two_concepts,plain4_w64_gap,6062,centered_logit_input_effect_mpp,579.4233245849609
two_concepts,plain4_w64_gap,6063,centered_logit_input_effect_mpp,1649.0726928710938
two_concepts,plain4_w64_gap,6064,centered_logit_input_effect_mpp,621.5617370605469
two_concepts,plain4_w64_gap,6065,centered_logit_input_effect_mpp,345.7377014160156
two_concepts,plain4_w64_gap,6066,centered_logit_input_effect_mpp,406.81666564941406
two_concepts,plain4_w64_gap,6067,centered_logit_input_effect_mpp,651.2402191162109
two_concepts,plain4_w64_gap,6068,centered_logit_input_effect_mpp,634.405216217041
two_concepts,plain4_w64_gap,6069,centered_logit_input_effect_mpp,492.34545135498047
two_concepts,plain4_w64_gap,6070,centered_logit_input_effect_mpp,443.37034606933594
two_concepts,plain4_w64_gap,6071,centered_logit_input_effect_mpp,670.1086120605469
two_concepts,plain4_w64_gap,6072,centered_logit_input_effect_mpp,827.8910827636719
two_concepts,plain4_w64_gap,6073,centered_logit_input_effect_mpp,516.8052368164062
two_concepts,plain4_w64_gap,6074,centered_logit_input_effect_mpp,424.8793487548828
two_concepts,plain4_w64_gap,6075,centered_logit_input_effect_mpp,431.84092712402344
two_concepts,plain4_w64_gap,6076,centered_logit_input_effect_mpp,1059.8408203125
two_concepts,plain4_w64_gap,6077,centered_logit_input_effect_mpp,546.9750900268555
two_concepts,plain4_w64_gap,6078,centered_logit_input_effect_mpp,758.4578704833984
two_concepts,plain4_w64_gap,6079,centered_logit_input_effect_mpp,330.6572265625
two_concepts,plain4_w64_gap,6080,centered_logit_input_effect_mpp,704.9541015625
two_concepts,plain4_w64_gap,6081,centered_logit_input_effect_mpp,610.5445098876953
two_concepts,plain4_w64_gap,6082,centered_logit_input_effect_mpp,2053.2646484375
two_concepts,plain4_w64_gap,6083,centered_logit_input_effect_mpp,388.7107162475586
two_concepts,plain4_w64_gap,6084,centered_logit_input_effect_mpp,230.37020874023438
two_concepts,plain4_w64_gap,6085,centered_logit_input_effect_mpp,183.44711303710938
two_concepts,plain4_w64_gap,6086,centered_logit_input_effect_mpp,1125.4057312011719
two_concepts,plain4_w64_gap,6087,centered_logit_input_effect_mpp,578.0553894042969
two_concepts,plain4_w64_gap,6088,centered_logit_input_effect_mpp,458.4825439453125
two_concepts,plain4_w64_gap,6089,centered_logit_input_effect_mpp,520.7809829711914
two_concepts,plain4_w64_gap,6090,centered_logit_input_effect_mpp,974.9068145751953
two_concepts,plain4_w64_gap,6091,centered_logit_input_effect_mpp,523.6542358398438
two_concepts,plain4_w64_gap,6092,centered_logit_input_effect_mpp,890.7036285400391
two_concepts,plain4_w64_gap,6093,centered_logit_input_effect_mpp,417.2678527832031
two_concepts,plain4_w64_gap,6094,centered_logit_input_effect_mpp,330.240234375
two_concepts,plain4_w64_gap,6095,centered_logit_input_effect_mpp,348.4698181152344
two_concepts,plain4_w64_gap,6096,centered_logit_input_effect_mpp,690.0583343505859
two_concepts,plain4_w64_gap,6097,centered_logit_input_effect_mpp,596.9541625976562
two_concepts,plain4_w64_gap,6098,centered_logit_input_effect_mpp,897.3786926269531
two_concepts,plain4_w64_gap,6099,centered_logit_input_effect_mpp,533.3421478271484
two_concepts,plain4_w64_gmp,6000,centered_logit_input_effect_mpp,135.76608276367188
two_concepts,plain4_w64_gmp,6001,centered_logit_input_effect_mpp,87.90780639648438
two_concepts,plain4_w64_gmp,6002,centered_logit_input_effect_mpp,81.8201904296875
two_concepts,plain4_w64_gmp,6003,centered_logit_input_effect_mpp,85.42549133300781
two_concepts,plain4_w64_gmp,6004,centered_logit_input_effect_mpp,161.78683471679688
two_concepts,plain4_w64_gmp,6005,centered_logit_input_effect_mpp,108.85337829589844
two_concepts,plain4_w64_gmp,6006,centered_logit_input_effect_mpp,96.46566772460938
two_concepts,plain4_w64_gmp,6007,centered_logit_input_effect_mpp,101.20657348632812
two_concepts,plain4_w64_gmp,6008,centered_logit_input_effect_mpp,65.45982360839844
two_concepts,plain4_w64_gmp,6009,centered_logit_input_effect_mpp,74.22160339355469
two_concepts,plain4_w64_gmp,6010,centered_logit_input_effect_mpp,146.85116577148438
two_concepts,plain4_w64_gmp,6011,centered_logit_input_effect_mpp,57.66352844238281
two_concepts,plain4_w64_gmp,6012,centered_logit_input_effect_mpp,64.0303955078125
two_concepts,plain4_w64_gmp,6013,centered_logit_input_effect_mpp,110.61570739746094
two_concepts,plain4_w64_gmp,6014,centered_logit_input_effect_mpp,92.13351440429688
two_concepts,plain4_w64_gmp,6015,centered_logit_input_effect_mpp,97.06951904296875
two_concepts,plain4_w64_gmp,6016,centered_logit_input_effect_mpp,97.95243835449219
two_concepts,plain4_w64_gmp,6017,centered_logit_input_effect_mpp,123.28848266601562
two_concepts,plain4_w64_gmp,6018,centered_logit_input_effect_mpp,94.04489135742188
two_concepts,plain4_w64_gmp,6019,centered_logit_input_effect_mpp,104.49876403808594
two_concepts,plain4_w64_gmp,6020,centered_logit_input_effect_mpp,83.04006958007812
two_concepts,plain4_w64_gmp,6021,centered_logit_input_effect_mpp,76.53158569335938
two_concepts,plain4_w64_gmp,6022,centered_logit_input_effect_mpp,75.70272827148438
two_concepts,plain4_w64_gmp,6023,centered_logit_input_effect_mpp,98.59857177734375
two_concepts,plain4_w64_gmp,6024,centered_logit_input_effect_mpp,87.29531860351562
two_concepts,plain4_w64_gmp,6025,centered_logit_input_effect_mpp,85.94061279296875
two_concepts,plain4_w64_gmp,6026,centered_logit_input_effect_mpp,80.23388671875
two_concepts,plain4_w64_gmp,6027,centered_logit_input_effect_mpp,98.28282165527344
two_concepts,plain4_w64_gmp,6028,centered_logit_input_effect_mpp,71.6845703125
two_concepts,plain4_w64_gmp,6029,centered_logit_input_effect_mpp,106.90261840820312
two_concepts,plain4_w64_gmp,6030,centered_logit_input_effect_mpp,88.83338928222656
two_concepts,plain4_w64_gmp,6031,centered_logit_input_effect_mpp,79.58399963378906
two_concepts,plain4_w64_gmp,6032,centered_logit_input_effect_mpp,108.79946899414062
two_concepts,plain4_w64_gmp,6033,centered_logit_input_effect_mpp,88.51457214355469
two_concepts,plain4_w64_gmp,6034,centered_logit_input_effect_mpp,80.244873046875
two_concepts,plain4_w64_gmp,6035,centered_logit_input_effect_mpp,49.775054931640625
two_concepts,plain4_w64_gmp,6036,centered_logit_input_effect_mpp,95.6988525390625
two_concepts,plain4_w64_gmp,6037,centered_logit_input_effect_mpp,69.76472473144531
two_concepts,plain4_w64_gmp,6038,centered_logit_input_effect_mpp,116.02786254882812
two_concepts,plain4_w64_gmp,6039,centered_logit_input_effect_mpp,132.99429321289062
two_concepts,plain4_w64_gmp,6040,centered_logit_input_effect_mpp,91.95184326171875
two_concepts,plain4_w64_gmp,6041,centered_logit_input_effect_mpp,44.40919494628906
two_concepts,plain4_w64_gmp,6042,centered_logit_input_effect_mpp,89.44723510742188
two_concepts,plain4_w64_gmp,6043,centered_logit_input_effect_mpp,56.002655029296875
two_concepts,plain4_w64_gmp,6044,centered_logit_input_effect_mpp,118.33169555664062
two_concepts,plain4_w64_gmp,6045,centered_logit_input_effect_mpp,84.0455322265625
two_concepts,plain4_w64_gmp,6046,centered_logit_input_effect_mpp,109.2796630859375
two_concepts,plain4_w64_gmp,6047,centered_logit_input_effect_mpp,87.52700805664062
two_concepts,plain4_w64_gmp,6048,centered_logit_input_effect_mpp,-235.1141815185547
two_concepts,plain4_w64_gmp,6049,centered_logit_input_effect_mpp,91.72354125976562
two_concepts,plain4_w64_gmp,6050,centered_logit_input_effect_mpp,67.98641967773438
two_concepts,plain4_w64_gmp,6051,centered_logit_input_effect_mpp,34.82763671875
two_concepts,plain4_w64_gmp,6052,centered_logit_input_effect_mpp,67.15959167480469
two_concepts,plain4_w64_gmp,6053,centered_logit_input_effect_mpp,98.14453125
two_concepts,plain4_w64_gmp,6054,centered_logit_input_effect_mpp,85.290771484375
two_concepts,plain4_w64_gmp,6055,centered_logit_input_effect_mpp,87.92762756347656
two_concepts,plain4_w64_gmp,6056,centered_logit_input_effect_mpp,88.85160827636719
two_concepts,plain4_w64_gmp,6057,centered_logit_input_effect_mpp,61.624053955078125
two_concepts,plain4_w64_gmp,6058,centered_logit_input_effect_mpp,68.38412475585938
two_concepts,plain4_w64_gmp,6059,centered_logit_input_effect_mpp,34.894683837890625
two_concepts,plain4_w64_gmp,6060,centered_logit_input_effect_mpp,85.45309448242188
two_concepts,plain4_w64_gmp,6061,centered_logit_input_effect_mpp,101.534423828125
two_concepts,plain4_w64_gmp,6062,centered_logit_input_effect_mpp,67.36117553710938
two_concepts,plain4_w64_gmp,6063,centered_logit_input_effect_mpp,122.8885498046875
two_concepts,plain4_w64_gmp,6064,centered_logit_input_effect_mpp,142.52882385253906
two_concepts,plain4_w64_gmp,6065,centered_logit_input_effect_mpp,93.96017456054688
two_concepts,plain4_w64_gmp,6066,centered_logit_input_effect_mpp,98.24143981933594
two_concepts,plain4_w64_gmp,6067,centered_logit_input_effect_mpp,81.483642578125
two_concepts,plain4_w64_gmp,6068,centered_logit_input_effect_mpp,125.90478515625
two_concepts,plain4_w64_gmp,6069,centered_logit_input_effect_mpp,113.67929077148438
two_concepts,plain4_w64_gmp,6070,centered_logit_input_effect_mpp,85.13143920898438
two_concepts,plain4_w64_gmp,6071,centered_logit_input_effect_mpp,65.4119873046875
two_concepts,plain4_w64_gmp,6072,centered_logit_input_effect_mpp,123.78173828125
two_concepts,plain4_w64_gmp,6073,centered_logit_input_effect_mpp,119.39958190917969
two_concepts,plain4_w64_gmp,6074,centered_logit_input_effect_mpp,81.92880249023438
two_concepts,plain4_w64_gmp,6075,centered_logit_input_effect_mpp,79.67498779296875
two_concepts,plain4_w64_gmp,6076,centered_logit_input_effect_mpp,86.63409423828125
two_concepts,plain4_w64_gmp,6077,centered_logit_input_effect_mpp,100.26118469238281
two_concepts,plain4_w64_gmp,6078,centered_logit_input_effect_mpp,97.29486083984375
two_concepts,plain4_w64_gmp,6079,centered_logit_input_effect_mpp,86.77249145507812
two_concepts,plain4_w64_gmp,6080,centered_logit_input_effect_mpp,50.49949645996094
two_concepts,plain4_w64_gmp,6081,centered_logit_input_effect_mpp,106.75149536132812
two_concepts,plain4_w64_gmp,6082,centered_logit_input_effect_mpp,79.9007568359375
two_concepts,plain4_w64_gmp,6083,centered_logit_input_effect_mpp,80.96760559082031
two_concepts,plain4_w64_gmp,6084,centered_logit_input_effect_mpp,63.45622253417969
two_concepts,plain4_w64_gmp,6085,centered_logit_input_effect_mpp,49.628875732421875
two_concepts,plain4_w64_gmp,6086,centered_logit_input_effect_mpp,69.43780517578125
two_concepts,plain4_w64_gmp,6087,centered_logit_input_effect_mpp,77.91860961914062
two_concepts,plain4_w64_gmp,6088,centered_logit_input_effect_mpp,93.74005126953125
two_concepts,plain4_w64_gmp,6089,centered_logit_input_effect_mpp,78.45101928710938
two_concepts,plain4_w64_gmp,6090,centered_logit_input_effect_mpp,91.09420776367188
two_concepts,plain4_w64_gmp,6091,centered_logit_input_effect_mpp,88.43569946289062
two_concepts,plain4_w64_gmp,6092,centered_logit_input_effect_mpp,77.31246948242188
two_concepts,plain4_w64_gmp,6093,centered_logit_input_effect_mpp,87.9053955078125
two_concepts,plain4_w64_gmp,6094,centered_logit_input_effect_mpp,81.1451416015625
two_concepts,plain4_w64_gmp,6095,centered_logit_input_effect_mpp,78.18409729003906
two_concepts,plain4_w64_gmp,6096,centered_logit_input_effect_mpp,60.14692687988281
two_concepts,plain4_w64_gmp,6097,centered_logit_input_effect_mpp,70.83467102050781
two_concepts,plain4_w64_gmp,6098,centered_logit_input_effect_mpp,101.5189208984375
two_concepts,plain4_w64_gmp,6099,centered_logit_input_effect_mpp,64.31861877441406
two_concepts,res4_w16_gap,6000,centered_logit_input_effect_mpp,507.3448028564453
two_concepts,res4_w16_gap,6001,centered_logit_input_effect_mpp,640.6085510253906
two_concepts,res4_w16_gap,6002,centered_logit_input_effect_mpp,626.8256683349609
two_concepts,res4_w16_gap,6003,centered_logit_input_effect_mpp,536.275634765625
two_concepts,res4_w16_gap,6004,centered_logit_input_effect_mpp,713.8208618164062
two_concepts,res4_w16_gap,6005,centered_logit_input_effect_mpp,609.3644332885742
two_concepts,res4_w16_gap,6006,centered_logit_input_effect_mpp,520.0273513793945
two_concepts,res4_w16_gap,6007,centered_logit_input_effect_mpp,713.0525207519531
two_concepts,res4_w16_gap,6008,centered_logit_input_effect_mpp,337.4356231689453
two_concepts,res4_w16_gap,6009,centered_logit_input_effect_mpp,499.4183044433594
two_concepts,res4_w16_gap,6010,centered_logit_input_effect_mpp,342.834228515625
two_concepts,res4_w16_gap,6011,centered_logit_input_effect_mpp,642.4627685546875
two_concepts,res4_w16_gap,6012,centered_logit_input_effect_mpp,574.7217788696289
two_concepts,res4_w16_gap,6013,centered_logit_input_effect_mpp,292.3165740966797
two_concepts,res4_w16_gap,6014,centered_logit_input_effect_mpp,633.1348266601562
two_concepts,res4_w16_gap,6015,centered_logit_input_effect_mpp,423.0240173339844
two_concepts,res4_w16_gap,6016,centered_logit_input_effect_mpp,728.6635589599609
two_concepts,res4_w16_gap,6017,centered_logit_input_effect_mpp,692.099853515625
two_concepts,res4_w16_gap,6018,centered_logit_input_effect_mpp,539.4865665435791
two_concepts,res4_w16_gap,6019,centered_logit_input_effect_mpp,312.0487518310547
two_concepts,res4_w16_gap,6020,centered_logit_input_effect_mpp,827.4461822509766
two_concepts,res4_w16_gap,6021,centered_logit_input_effect_mpp,527.0783767700195
two_concepts,res4_w16_gap,6022,centered_logit_input_effect_mpp,570.9852752685547
two_concepts,res4_w16_gap,6023,centered_logit_input_effect_mpp,691.7999420166016
two_concepts,res4_w16_gap,6024,centered_logit_input_effect_mpp,771.2136917114258
two_concepts,res4_w16_gap,6025,centered_logit_input_effect_mpp,500.03186798095703
two_concepts,res4_w16_gap,6026,centered_logit_input_effect_mpp,558.1589126586914
two_concepts,res4_w16_gap,6027,centered_logit_input_effect_mpp,418.68418884277344
two_concepts,res4_w16_gap,6028,centered_logit_input_effect_mpp,445.77490234375
two_concepts,res4_w16_gap,6029,centered_logit_input_effect_mpp,672.0307006835938
two_concepts,res4_w16_gap,6030,centered_logit_input_effect_mpp,325.38059997558594
two_concepts,res4_w16_gap,6031,centered_logit_input_effect_mpp,370.26319122314453
two_concepts,res4_w16_gap,6032,centered_logit_input_effect_mpp,498.3407669067383
two_concepts,res4_w16_gap,6033,centered_logit_input_effect_mpp,667.6177139282227
two_concepts,res4_w16_gap,6034,centered_logit_input_effect_mpp,1058.4100875854492
two_concepts,res4_w16_gap,6035,centered_logit_input_effect_mpp,372.01575469970703
two_concepts,res4_w16_gap,6036,centered_logit_input_effect_mpp,534.5006790161133
two_concepts,res4_w16_gap,6037,centered_logit_input_effect_mpp,493.5570373535156
two_concepts,res4_w16_gap,6038,centered_logit_input_effect_mpp,470.9519729614258
two_concepts,res4_w16_gap,6039,centered_logit_input_effect_mpp,437.72269439697266
two_concepts,res4_w16_gap,6040,centered_logit_input_effect_mpp,547.1663436889648
two_concepts,res4_w16_gap,6041,centered_logit_input_effect_mpp,709.6266708374023
two_concepts,res4_w16_gap,6042,centered_logit_input_effect_mpp,512.0676651000977
two_concepts,res4_w16_gap,6043,centered_logit_input_effect_mpp,995.7513732910156
two_concepts,res4_w16_gap,6044,centered_logit_input_effect_mpp,639.2905731201172
two_concepts,res4_w16_gap,6045,centered_logit_input_effect_mpp,230.78041076660156
two_concepts,res4_w16_gap,6046,centered_logit_input_effect_mpp,501.21483612060547
two_concepts,res4_w16_gap,6047,centered_logit_input_effect_mpp,289.31639862060547
two_concepts,res4_w16_gap,6048,centered_logit_input_effect_mpp,302.0531768798828
two_concepts,res4_w16_gap,6049,centered_logit_input_effect_mpp,907.2489776611328
two_concepts,res4_w16_gap,6050,centered_logit_input_effect_mpp,584.8999252319336
two_concepts,res4_w16_gap,6051,centered_logit_input_effect_mpp,380.903076171875
two_concepts,res4_w16_gap,6052,centered_logit_input_effect_mpp,389.6927795410156
two_concepts,res4_w16_gap,6053,centered_logit_input_effect_mpp,698.5137557983398
two_concepts,res4_w16_gap,6054,centered_logit_input_effect_mpp,667.0147247314453
two_concepts,res4_w16_gap,6055,centered_logit_input_effect_mpp,569.6894607543945
two_concepts,res4_w16_gap,6056,centered_logit_input_effect_mpp,486.4683532714844
two_concepts,res4_w16_gap,6057,centered_logit_input_effect_mpp,601.0611305236816
two_concepts,res4_w16_gap,6058,centered_logit_input_effect_mpp,207.13340759277344
two_concepts,res4_w16_gap,6059,centered_logit_input_effect_mpp,279.9326629638672
two_concepts,res4_w16_gap,6060,centered_logit_input_effect_mpp,483.23577880859375
two_concepts,res4_w16_gap,6061,centered_logit_input_effect_mpp,573.3424911499023
two_concepts,res4_w16_gap,6062,centered_logit_input_effect_mpp,483.1410903930664
two_concepts,res4_w16_gap,6063,centered_logit_input_effect_mpp,414.6388702392578
two_concepts,res4_w16_gap,6064,centered_logit_input_effect_mpp,932.0328598022461
two_concepts,res4_w16_gap,6065,centered_logit_input_effect_mpp,377.01605224609375
two_concepts,res4_w16_gap,6066,centered_logit_input_effect_mpp,628.858154296875
two_concepts,res4_w16_gap,6067,centered_logit_input_effect_mpp,507.88002014160156
two_concepts,res4_w16_gap,6068,centered_logit_input_effect_mpp,247.7440414428711
two_concepts,res4_w16_gap,6069,centered_logit_input_effect_mpp,607.6749610900879
two_concepts,res4_w16_gap,6070,centered_logit_input_effect_mpp,559.7281112670898
two_concepts,res4_w16_gap,6071,centered_logit_input_effect_mpp,720.358024597168
two_concepts,res4_w16_gap,6072,centered_logit_input_effect_mpp,530.6963043212891
two_concepts,res4_w16_gap,6073,centered_logit_input_effect_mpp,452.46912384033203
two_concepts,res4_w16_gap,6074,centered_logit_input_effect_mpp,624.1393890380859
two_concepts,res4_w16_gap,6075,centered_logit_input_effect_mpp,226.08267974853516
two_concepts,res4_w16_gap,6076,centered_logit_input_effect_mpp,653.9058837890625
two_concepts,res4_w16_gap,6077,centered_logit_input_effect_mpp,524.9217758178711
two_concepts,res4_w16_gap,6078,centered_logit_input_effect_mpp,610.1722564697266
two_concepts,res4_w16_gap,6079,centered_logit_input_effect_mpp,1159.6419372558594
two_concepts,res4_w16_gap,6080,centered_logit_input_effect_mpp,359.29756927490234
two_concepts,res4_w16_gap,6081,centered_logit_input_effect_mpp,624.79638671875
two_concepts,res4_w16_gap,6082,centered_logit_input_effect_mpp,240.59156799316406
two_concepts,res4_w16_gap,6083,centered_logit_input_effect_mpp,421.7236442565918
two_concepts,res4_w16_gap,6084,centered_logit_input_effect_mpp,457.56018447875977
two_concepts,res4_w16_gap,6085,centered_logit_input_effect_mpp,529.6957092285156
two_concepts,res4_w16_gap,6086,centered_logit_input_effect_mpp,543.7943420410156
two_concepts,res4_w16_gap,6087,centered_logit_input_effect_mpp,545.3322067260742
two_concepts,res4_w16_gap,6088,centered_logit_input_effect_mpp,367.0228271484375
two_concepts,res4_w16_gap,6089,centered_logit_input_effect_mpp,491.9262466430664
two_concepts,res4_w16_gap,6090,centered_logit_input_effect_mpp,424.006103515625
two_concepts,res4_w16_gap,6091,centered_logit_input_effect_mpp,610.9793243408203
two_concepts,res4_w16_gap,6092,centered_logit_input_effect_mpp,738.6136093139648
two_concepts,res4_w16_gap,6093,centered_logit_input_effect_mpp,478.13890838623047
two_concepts,res4_w16_gap,6094,centered_logit_input_effect_mpp,788.6086044311523
two_concepts,res4_w16_gap,6095,centered_logit_input_effect_mpp,707.5731353759766
two_concepts,res4_w16_gap,6096,centered_logit_input_effect_mpp,594.4874992370605
two_concepts,res4_w16_gap,6097,centered_logit_input_effect_mpp,1073.710922241211
two_concepts,res4_w16_gap,6098,centered_logit_input_effect_mpp,624.0753021240234
two_concepts,res4_w16_gap,6099,centered_logit_input_effect_mpp,837.3864135742188
two_concepts,res4_w16_gmp,6000,centered_logit_input_effect_mpp,167.43075561523438
two_concepts,res4_w16_gmp,6001,centered_logit_input_effect_mpp,139.00392150878906
two_concepts,res4_w16_gmp,6002,centered_logit_input_effect_mpp,107.56340026855469
two_concepts,res4_w16_gmp,6003,centered_logit_input_effect_mpp,90.37059020996094
two_concepts,res4_w16_gmp,6004,centered_logit_input_effect_mpp,72.48550415039062
two_concepts,res4_w16_gmp,6005,centered_logit_input_effect_mpp,131.20310974121094
two_concepts,res4_w16_gmp,6006,centered_logit_input_effect_mpp,150.75186157226562
two_concepts,res4_w16_gmp,6007,centered_logit_input_effect_mpp,86.74188232421875
two_concepts,res4_w16_gmp,6008,centered_logit_input_effect_mpp,106.01046752929688
two_concepts,res4_w16_gmp,6009,centered_logit_input_effect_mpp,93.94978332519531
two_concepts,res4_w16_gmp,6010,centered_logit_input_effect_mpp,139.6796417236328
two_concepts,res4_w16_gmp,6011,centered_logit_input_effect_mpp,115.6920166015625
two_concepts,res4_w16_gmp,6012,centered_logit_input_effect_mpp,148.16429138183594
two_concepts,res4_w16_gmp,6013,centered_logit_input_effect_mpp,132.4913330078125
two_concepts,res4_w16_gmp,6014,centered_logit_input_effect_mpp,138.3157958984375
two_concepts,res4_w16_gmp,6015,centered_logit_input_effect_mpp,175.80462646484375
two_concepts,res4_w16_gmp,6016,centered_logit_input_effect_mpp,150.41209411621094
two_concepts,res4_w16_gmp,6017,centered_logit_input_effect_mpp,162.455810546875
two_concepts,res4_w16_gmp,6018,centered_logit_input_effect_mpp,98.95957946777344
two_concepts,res4_w16_gmp,6019,centered_logit_input_effect_mpp,133.18238830566406
two_concepts,res4_w16_gmp,6020,centered_logit_input_effect_mpp,119.78729248046875
two_concepts,res4_w16_gmp,6021,centered_logit_input_effect_mpp,115.81637573242188
two_concepts,res4_w16_gmp,6022,centered_logit_input_effect_mpp,121.56031799316406
two_concepts,res4_w16_gmp,6023,centered_logit_input_effect_mpp,122.562255859375
two_concepts,res4_w16_gmp,6024,centered_logit_input_effect_mpp,72.77294921875
two_concepts,res4_w16_gmp,6025,centered_logit_input_effect_mpp,129.7844696044922
two_concepts,res4_w16_gmp,6026,centered_logit_input_effect_mpp,130.10577392578125
two_concepts,res4_w16_gmp,6027,centered_logit_input_effect_mpp,117.14895629882812
two_concepts,res4_w16_gmp,6028,centered_logit_input_effect_mpp,173.67330932617188
two_concepts,res4_w16_gmp,6029,centered_logit_input_effect_mpp,132.9691162109375
two_concepts,res4_w16_gmp,6030,centered_logit_input_effect_mpp,106.257080078125
two_concepts,res4_w16_gmp,6031,centered_logit_input_effect_mpp,124.25411987304688
two_concepts,res4_w16_gmp,6032,centered_logit_input_effect_mpp,132.2344512939453
two_concepts,res4_w16_gmp,6033,centered_logit_input_effect_mpp,117.30982971191406
two_concepts,res4_w16_gmp,6034,centered_logit_input_effect_mpp,140.78382873535156
two_concepts,res4_w16_gmp,6035,centered_logit_input_effect_mpp,187.33201599121094
two_concepts,res4_w16_gmp,6036,centered_logit_input_effect_mpp,169.76463317871094
two_concepts,res4_w16_gmp,6037,centered_logit_input_effect_mpp,108.85617065429688
two_concepts,res4_w16_gmp,6038,centered_logit_input_effect_mpp,285.9754638671875
two_concepts,res4_w16_gmp,6039,centered_logit_input_effect_mpp,146.8987274169922
two_concepts,res4_w16_gmp,6040,centered_logit_input_effect_mpp,172.31121826171875
two_concepts,res4_w16_gmp,6041,centered_logit_input_effect_mpp,152.6863250732422
two_concepts,res4_w16_gmp,6042,centered_logit_input_effect_mpp,101.17716979980469
two_concepts,res4_w16_gmp,6043,centered_logit_input_effect_mpp,160.2721710205078
two_concepts,res4_w16_gmp,6044,centered_logit_input_effect_mpp,216.3562774658203
two_concepts,res4_w16_gmp,6045,centered_logit_input_effect_mpp,59.85908508300781
two_concepts,res4_w16_gmp,6046,centered_logit_input_effect_mpp,111.05494689941406
two_concepts,res4_w16_gmp,6047,centered_logit_input_effect_mpp,70.57823181152344
two_concepts,res4_w16_gmp,6048,centered_logit_input_effect_mpp,114.53565979003906
two_concepts,res4_w16_gmp,6049,centered_logit_input_effect_mpp,247.25244140625
two_concepts,res4_w16_gmp,6050,centered_logit_input_effect_mpp,86.66011047363281
two_concepts,res4_w16_gmp,6051,centered_logit_input_effect_mpp,251.29861450195312
two_concepts,res4_w16_gmp,6052,centered_logit_input_effect_mpp,133.68927001953125
two_concepts,res4_w16_gmp,6053,centered_logit_input_effect_mpp,162.0052490234375
two_concepts,res4_w16_gmp,6054,centered_logit_input_effect_mpp,96.21817016601562
two_concepts,res4_w16_gmp,6055,centered_logit_input_effect_mpp,145.0013885498047
two_concepts,res4_w16_gmp,6056,centered_logit_input_effect_mpp,118.54069519042969
two_concepts,res4_w16_gmp,6057,centered_logit_input_effect_mpp,111.71316528320312
two_concepts,res4_w16_gmp,6058,centered_logit_input_effect_mpp,98.10478210449219
two_concepts,res4_w16_gmp,6059,centered_logit_input_effect_mpp,131.0750274658203
two_concepts,res4_w16_gmp,6060,centered_logit_input_effect_mpp,159.32894897460938
two_concepts,res4_w16_gmp,6061,centered_logit_input_effect_mpp,140.7051544189453
two_concepts,res4_w16_gmp,6062,centered_logit_input_effect_mpp,88.94807434082031
two_concepts,res4_w16_gmp,6063,centered_logit_input_effect_mpp,108.62400817871094
two_concepts,res4_w16_gmp,6064,centered_logit_input_effect_mpp,151.0009765625
two_concepts,res4_w16_gmp,6065,centered_logit_input_effect_mpp,153.9066619873047
two_concepts,res4_w16_gmp,6066,centered_logit_input_effect_mpp,145.67404174804688
two_concepts,res4_w16_gmp,6067,centered_logit_input_effect_mpp,116.77098083496094
two_concepts,res4_w16_gmp,6068,centered_logit_input_effect_mpp,125.37165832519531
two_concepts,res4_w16_gmp,6069,centered_logit_input_effect_mpp,142.50595092773438
two_concepts,res4_w16_gmp,6070,centered_logit_input_effect_mpp,96.88125610351562
two_concepts,res4_w16_gmp,6071,centered_logit_input_effect_mpp,142.33840942382812
two_concepts,res4_w16_gmp,6072,centered_logit_input_effect_mpp,157.6654815673828
two_concepts,res4_w16_gmp,6073,centered_logit_input_effect_mpp,207.1042938232422
two_concepts,res4_w16_gmp,6074,centered_logit_input_effect_mpp,96.44781494140625
two_concepts,res4_w16_gmp,6075,centered_logit_input_effect_mpp,94.20732116699219
two_concepts,res4_w16_gmp,6076,centered_logit_input_effect_mpp,119.11613464355469
two_concepts,res4_w16_gmp,6077,centered_logit_input_effect_mpp,104.38728332519531
two_concepts,res4_w16_gmp,6078,centered_logit_input_effect_mpp,122.55020141601562
two_concepts,res4_w16_gmp,6079,centered_logit_input_effect_mpp,237.01304626464844
two_concepts,res4_w16_gmp,6080,centered_logit_input_effect_mpp,101.30841064453125
two_concepts,res4_w16_gmp,6081,centered_logit_input_effect_mpp,64.19491577148438
two_concepts,res4_w16_gmp,6082,centered_logit_input_effect_mpp,135.92550659179688
two_concepts,res4_w16_gmp,6083,centered_logit_input_effect_mpp,148.81961059570312
two_concepts,res4_w16_gmp,6084,centered_logit_input_effect_mpp,150.35203552246094
two_concepts,res4_w16_gmp,6085,centered_logit_input_effect_mpp,148.46864318847656
two_concepts,res4_w16_gmp,6086,centered_logit_input_effect_mpp,101.03001403808594
two_concepts,res4_w16_gmp,6087,centered_logit_input_effect_mpp,108.0028076171875
two_concepts,res4_w16_gmp,6088,centered_logit_input_effect_mpp,103.81134033203125
two_concepts,res4_w16_gmp,6089,centered_logit_input_effect_mpp,182.3133087158203
two_concepts,res4_w16_gmp,6090,centered_logit_input_effect_mpp,154.59713745117188
two_concepts,res4_w16_gmp,6091,centered_logit_input_effect_mpp,127.51156616210938
two_concepts,res4_w16_gmp,6092,centered_logit_input_effect_mpp,110.88865661621094
two_concepts,res4_w16_gmp,6093,centered_logit_input_effect_mpp,140.8688507080078
two_concepts,res4_w16_gmp,6094,centered_logit_input_effect_mpp,99.52549743652344
two_concepts,res4_w16_gmp,6095,centered_logit_input_effect_mpp,107.21302795410156
two_concepts,res4_w16_gmp,6096,centered_logit_input_effect_mpp,142.34178161621094
two_concepts,res4_w16_gmp,6097,centered_logit_input_effect_mpp,182.95098876953125
two_concepts,res4_w16_gmp,6098,centered_logit_input_effect_mpp,102.55067443847656
two_concepts,res4_w16_gmp,6099,centered_logit_input_effect_mpp,110.78923034667969
two_concepts,tiny_gap,6000,centered_logit_input_effect_mpp,4.346177883446217
two_concepts,tiny_gap,6001,centered_logit_input_effect_mpp,4.941745225340128
two_concepts,tiny_gap,6002,centered_logit_input_effect_mpp,5.143247380852699
two_concepts,tiny_gap,6003,centered_logit_input_effect_mpp,5.06390855461359
two_concepts,tiny_gap,6004,centered_logit_input_effect_mpp,6.844990313053131
two_concepts,tiny_gap,6005,centered_logit_input_effect_mpp,5.8877018839120865
two_concepts,tiny_gap,6006,centered_logit_input_effect_mpp,4.089170340448618
two_concepts,tiny_gap,6007,centered_logit_input_effect_mpp,3.4847686737775803
two_concepts,tiny_gap,6008,centered_logit_input_effect_mpp,5.15737209841609
two_concepts,tiny_gap,6009,centered_logit_input_effect_mpp,6.914079777896404
two_concepts,tiny_gap,6010,centered_logit_input_effect_mpp,6.719812344759703
two_concepts,tiny_gap,6011,centered_logit_input_effect_mpp,6.1847649328410625
two_concepts,tiny_gap,6012,centered_logit_input_effect_mpp,4.1814967431128025
two_concepts,tiny_gap,6013,centered_logit_input_effect_mpp,3.4716443307697773
two_concepts,tiny_gap,6014,centered_logit_input_effect_mpp,5.88595774397254
two_concepts,tiny_gap,6015,centered_logit_input_effect_mpp,6.338389851152897
two_concepts,tiny_gap,6016,centered_logit_input_effect_mpp,4.1757094487547874
two_concepts,tiny_gap,6017,centered_logit_input_effect_mpp,1.8869501203298569
two_concepts,tiny_gap,6018,centered_logit_input_effect_mpp,7.103782884776592
two_concepts,tiny_gap,6019,centered_logit_input_effect_mpp,3.1975407116115093
two_concepts,tiny_gap,6020,centered_logit_input_effect_mpp,4.553929399698973
two_concepts,tiny_gap,6021,centered_logit_input_effect_mpp,4.882523346692324
two_concepts,tiny_gap,6022,centered_logit_input_effect_mpp,4.500133190304041
two_concepts,tiny_gap,6023,centered_logit_input_effect_mpp,6.560549143701792
two_concepts,tiny_gap,6024,centered_logit_input_effect_mpp,5.99661535397172
two_concepts,tiny_gap,6025,centered_logit_input_effect_mpp,6.296671632677317
two_concepts,tiny_gap,6026,centered_logit_input_effect_mpp,6.848758552223444
two_concepts,tiny_gap,6027,centered_logit_input_effect_mpp,4.367520987987518
two_concepts,tiny_gap,6028,centered_logit_input_effect_mpp,7.1582310907542706
two_concepts,tiny_gap,6029,centered_logit_input_effect_mpp,8.775590781122446
two_concepts,tiny_gap,6030,centered_logit_input_effect_mpp,3.402593169361353
two_concepts,tiny_gap,6031,centered_logit_input_effect_mpp,3.6704716943204403
two_concepts,tiny_gap,6032,centered_logit_input_effect_mpp,6.299728844314814
two_concepts,tiny_gap,6033,centered_logit_input_effect_mpp,5.371215548366308
two_concepts,tiny_gap,6034,centered_logit_input_effect_mpp,6.0056328028440475
two_concepts,tiny_gap,6035,centered_logit_input_effect_mpp,4.051617782562971
two_concepts,tiny_gap,6036,centered_logit_input_effect_mpp,4.430881287902594
two_concepts,tiny_gap,6037,centered_logit_input_effect_mpp,5.919826619327068
two_concepts,tiny_gap,6038,centered_logit_input_effect_mpp,5.031393941491842
two_concepts,tiny_gap,6039,centered_logit_input_effect_mpp,5.801182072609663
two_concepts,tiny_gap,6040,centered_logit_input_effect_mpp,7.525257285684347
two_concepts,tiny_gap,6041,centered_logit_input_effect_mpp,6.439282342791557
two_concepts,tiny_gap,6042,centered_logit_input_effect_mpp,4.764017969369888
two_concepts,tiny_gap,6043,centered_logit_input_effect_mpp,7.927247576415539
two_concepts,tiny_gap,6044,centered_logit_input_effect_mpp,4.533865455538034
two_concepts,tiny_gap,6045,centered_logit_input_effect_mpp,5.362334731966257
two_concepts,tiny_gap,6046,centered_logit_input_effect_mpp,5.690298568457365
two_concepts,tiny_gap,6047,centered_logit_input_effect_mpp,8.78345873951912
two_concepts,tiny_gap,6048,centered_logit_input_effect_mpp,4.975125148892403
two_concepts,tiny_gap,6049,centered_logit_input_effect_mpp,4.51432678848505
two_concepts,tiny_gap,6050,centered_logit_input_effect_mpp,7.887276723980904
two_concepts,tiny_gap,6051,centered_logit_input_effect_mpp,6.785230681300163
two_concepts,tiny_gap,6052,centered_logit_input_effect_mpp,3.1617335602641106
two_concepts,tiny_gap,6053,centered_logit_input_effect_mpp,3.089230477809906
two_concepts,tiny_gap,6054,centered_logit_input_effect_mpp,3.980240974575281
two_concepts,tiny_gap,6055,centered_logit_input_effect_mpp,5.441748585551977
two_concepts,tiny_gap,6056,centered_logit_input_effect_mpp,4.174663342535496
two_concepts,tiny_gap,6057,centered_logit_input_effect_mpp,5.207195412367582
two_concepts,tiny_gap,6058,centered_logit_input_effect_mpp,3.5496887043118477
two_concepts,tiny_gap,6059,centered_logit_input_effect_mpp,5.273682933300734
two_concepts,tiny_gap,6060,centered_logit_input_effect_mpp,5.627516444772482
two_concepts,tiny_gap,6061,centered_logit_input_effect_mpp,6.244037449359894
two_concepts,tiny_gap,6062,centered_logit_input_effect_mpp,5.6556956097483635
two_concepts,tiny_gap,6063,centered_logit_input_effect_mpp,6.314891465008259
two_concepts,tiny_gap,6064,centered_logit_input_effect_mpp,2.8815854974091053
two_concepts,tiny_gap,6065,centered_logit_input_effect_mpp,5.425972014665604
two_concepts,tiny_gap,6066,centered_logit_input_effect_mpp,5.902501977980137
two_concepts,tiny_gap,6067,centered_logit_input_effect_mpp,3.484521582722664
two_concepts,tiny_gap,6068,centered_logit_input_effect_mpp,4.179487053304911
two_concepts,tiny_gap,6069,centered_logit_input_effect_mpp,4.9796510972082615
two_concepts,tiny_gap,6070,centered_logit_input_effect_mpp,5.615309938788414
two_concepts,tiny_gap,6071,centered_logit_input_effect_mpp,4.060364563018084
two_concepts,tiny_gap,6072,centered_logit_input_effect_mpp,6.8660481087863445
two_concepts,tiny_gap,6073,centered_logit_input_effect_mpp,7.6998634077608585
two_concepts,tiny_gap,6074,centered_logit_input_effect_mpp,3.4901043251156807
two_concepts,tiny_gap,6075,centered_logit_input_effect_mpp,5.775363489985466
two_concepts,tiny_gap,6076,centered_logit_input_effect_mpp,6.706606395542622
two_concepts,tiny_gap,6077,centered_logit_input_effect_mpp,8.61099161952734
two_concepts,tiny_gap,6078,centered_logit_input_effect_mpp,4.710450157523155
two_concepts,tiny_gap,6079,centered_logit_input_effect_mpp,4.194903656840324
two_concepts,tiny_gap,6080,centered_logit_input_effect_mpp,3.1878592371940613
two_concepts,tiny_gap,6081,centered_logit_input_effect_mpp,4.633703336119652
two_concepts,tiny_gap,6082,centered_logit_input_effect_mpp,7.086783345788717
two_concepts,tiny_gap,6083,centered_logit_input_effect_mpp,5.321480080485344
two_concepts,tiny_gap,6084,centered_logit_input_effect_mpp,4.128156874328852
two_concepts,tiny_gap,6085,centered_logit_input_effect_mpp,6.084072854369879
two_concepts,tiny_gap,6086,centered_logit_input_effect_mpp,5.552335307002068
two_concepts,tiny_gap,6087,centered_logit_input_effect_mpp,5.3980452083051205
two_concepts,tiny_gap,6088,centered_logit_input_effect_mpp,6.462779849767685
two_concepts,tiny_gap,6089,centered_logit_input_effect_mpp,7.960533976554871
two_concepts,tiny_gap,6090,centered_logit_input_effect_mpp,5.131097532808781
two_concepts,tiny_gap,6091,centered_logit_input_effect_mpp,5.700616303831339
two_concepts,tiny_gap,6092,centered_logit_input_effect_mpp,5.933319192379713
two_concepts,tiny_gap,6093,centered_logit_input_effect_mpp,3.237242504954338
two_concepts,tiny_gap,6094,centered_logit_input_effect_mpp,5.902988724410534
two_concepts,tiny_gap,6095,centered_logit_input_effect_mpp,5.126022458076477
two_concepts,tiny_gap,6096,centered_logit_input_effect_mpp,4.473851848393679
two_concepts,tiny_gap,6097,centered_logit_input_effect_mpp,5.122246094048023
two_concepts,tiny_gap,6098,centered_logit_input_effect_mpp,5.857935953885317
two_concepts,tiny_gap,6099,centered_logit_input_effect_mpp,3.7314635068178177
two_concepts,tiny_gmp,6000,centered_logit_input_effect_mpp,139.59796857833862
two_concepts,tiny_gmp,6001,centered_logit_input_effect_mpp,133.0748519897461
two_concepts,tiny_gmp,6002,centered_logit_input_effect_mpp,125.54991340637207
two_concepts,tiny_gmp,6003,centered_logit_input_effect_mpp,118.48803472518921
two_concepts,tiny_gmp,6004,centered_logit_input_effect_mpp,124.60743713378906
two_concepts,tiny_gmp,6005,centered_logit_input_effect_mpp,127.99971580505371
two_concepts,tiny_gmp,6006,centered_logit_input_effect_mpp,123.26319742202759
two_concepts,tiny_gmp,6007,centered_logit_input_effect_mpp,136.96412801742554
two_concepts,tiny_gmp,6008,centered_logit_input_effect_mpp,118.17180347442627
two_concepts,tiny_gmp,6009,centered_logit_input_effect_mpp,117.38045835494995
two_concepts,tiny_gmp,6010,centered_logit_input_effect_mpp,134.512282371521
two_concepts,tiny_gmp,6011,centered_logit_input_effect_mpp,123.66267395019531
two_concepts,tiny_gmp,6012,centered_logit_input_effect_mpp,131.8077745437622
two_concepts,tiny_gmp,6013,centered_logit_input_effect_mpp,127.34330081939697
two_concepts,tiny_gmp,6014,centered_logit_input_effect_mpp,146.3063817024231
two_concepts,tiny_gmp,6015,centered_logit_input_effect_mpp,117.95747470855713
two_concepts,tiny_gmp,6016,centered_logit_input_effect_mpp,129.26386737823486
two_concepts,tiny_gmp,6017,centered_logit_input_effect_mpp,134.73219633102417
two_concepts,tiny_gmp,6018,centered_logit_input_effect_mpp,134.18140029907227
two_concepts,tiny_gmp,6019,centered_logit_input_effect_mpp,133.7680320739746
two_concepts,tiny_gmp,6020,centered_logit_input_effect_mpp,129.76917934417725
two_concepts,tiny_gmp,6021,centered_logit_input_effect_mpp,120.6584825515747
two_concepts,tiny_gmp,6022,centered_logit_input_effect_mpp,125.71856164932251
two_concepts,tiny_gmp,6023,centered_logit_input_effect_mpp,122.0315728187561
two_concepts,tiny_gmp,6024,centered_logit_input_effect_mpp,118.52418899536133
two_concepts,tiny_gmp,6025,centered_logit_input_effect_mpp,122.66814756393433
two_concepts,tiny_gmp,6026,centered_logit_input_effect_mpp,130.1679105758667
two_concepts,tiny_gmp,6027,centered_logit_input_effect_mpp,133.2699112892151
two_concepts,tiny_gmp,6028,centered_logit_input_effect_mpp,145.71165895462036
two_concepts,tiny_gmp,6029,centered_logit_input_effect_mpp,125.84191703796387
two_concepts,tiny_gmp,6030,centered_logit_input_effect_mpp,111.13041257858276
two_concepts,tiny_gmp,6031,centered_logit_input_effect_mpp,110.7354588508606
two_concepts,tiny_gmp,6032,centered_logit_input_effect_mpp,132.3373556137085
two_concepts,tiny_gmp,6033,centered_logit_input_effect_mpp,117.31351232528687
two_concepts,tiny_gmp,6034,centered_logit_input_effect_mpp,126.32687377929688
two_concepts,tiny_gmp,6035,centered_logit_input_effect_mpp,122.93379926681519
two_concepts,tiny_gmp,6036,centered_logit_input_effect_mpp,107.28846263885498
two_concepts,tiny_gmp,6037,centered_logit_input_effect_mpp,121.14177894592285
two_concepts,tiny_gmp,6038,centered_logit_input_effect_mpp,148.06218433380127
two_concepts,tiny_gmp,6039,centered_logit_input_effect_mpp,125.06859493255615
two_concepts,tiny_gmp,6040,centered_logit_input_effect_mpp,135.46913766860962
two_concepts,tiny_gmp,6041,centered_logit_input_effect_mpp,116.60207271575928
two_concepts,tiny_gmp,6042,centered_logit_input_effect_mpp,120.09062910079956
two_concepts,tiny_gmp,6043,centered_logit_input_effect_mpp,123.5312933921814
two_concepts,tiny_gmp,6044,centered_logit_input_effect_mpp,136.2058663368225
two_concepts,tiny_gmp,6045,centered_logit_input_effect_mpp,120.25250196456909
two_concepts,tiny_gmp,6046,centered_logit_input_effect_mpp,130.14577388763428
two_concepts,tiny_gmp,6047,centered_logit_input_effect_mpp,131.14373207092285
two_concepts,tiny_gmp,6048,centered_logit_input_effect_mpp,132.46680116653442
two_concepts,tiny_gmp,6049,centered_logit_input_effect_mpp,149.9522910118103
two_concepts,tiny_gmp,6050,centered_logit_input_effect_mpp,131.64397048950195
two_concepts,tiny_gmp,6051,centered_logit_input_effect_mpp,128.94296073913574
two_concepts,tiny_gmp,6052,centered_logit_input_effect_mpp,130.38383722305298
two_concepts,tiny_gmp,6053,centered_logit_input_effect_mpp,121.17976379394531
two_concepts,tiny_gmp,6054,centered_logit_input_effect_mpp,140.460214138031
two_concepts,tiny_gmp,6055,centered_logit_input_effect_mpp,130.02521991729736
two_concepts,tiny_gmp,6056,centered_logit_input_effect_mpp,119.0122389793396
two_concepts,tiny_gmp,6057,centered_logit_input_effect_mpp,114.6609959602356
two_concepts,tiny_gmp,6058,centered_logit_input_effect_mpp,112.53176164627075
two_concepts,tiny_gmp,6059,centered_logit_input_effect_mpp,120.76861429214478
two_concepts,tiny_gmp,6060,centered_logit_input_effect_mpp,120.31002569198608
two_concepts,tiny_gmp,6061,centered_logit_input_effect_mpp,113.91777896881104
two_concepts,tiny_gmp,6062,centered_logit_input_effect_mpp,111.32782697677612
two_concepts,tiny_gmp,6063,centered_logit_input_effect_mpp,124.5384669303894
two_concepts,tiny_gmp,6064,centered_logit_input_effect_mpp,128.6969656944275
two_concepts,tiny_gmp,6065,centered_logit_input_effect_mpp,114.26311111450195
two_concepts,tiny_gmp,6066,centered_logit_input_effect_mpp,127.77042150497437
two_concepts,tiny_gmp,6067,centered_logit_input_effect_mpp,136.3024182319641
two_concepts,tiny_gmp,6068,centered_logit_input_effect_mpp,130.3700885772705
two_concepts,tiny_gmp,6069,centered_logit_input_effect_mpp,117.32598781585693
two_concepts,tiny_gmp,6070,centered_logit_input_effect_mpp,122.42279291152954
two_concepts,tiny_gmp,6071,centered_logit_input_effect_mpp,129.11004447937012
two_concepts,tiny_gmp,6072,centered_logit_input_effect_mpp,149.65793085098267
two_concepts,tiny_gmp,6073,centered_logit_input_effect_mpp,115.91197776794434
two_concepts,tiny_gmp,6074,centered_logit_input_effect_mpp,113.93908977508545
two_concepts,tiny_gmp,6075,centered_logit_input_effect_mpp,141.0333375930786
two_concepts,tiny_gmp,6076,centered_logit_input_effect_mpp,130.95366048812866
two_concepts,tiny_gmp,6077,centered_logit_input_effect_mpp,122.03916311264038
two_concepts,tiny_gmp,6078,centered_logit_input_effect_mpp,143.79180097579956
two_concepts,tiny_gmp,6079,centered_logit_input_effect_mpp,119.15095233917236
two_concepts,tiny_gmp,6080,centered_logit_input_effect_mpp,119.94293594360352
two_concepts,tiny_gmp,6081,centered_logit_input_effect_mpp,121.03313827514648
two_concepts,tiny_gmp,6082,centered_logit_input_effect_mpp,131.38892602920532
two_concepts,tiny_gmp,6083,centered_logit_input_effect_mpp,118.40137672424316
two_concepts,tiny_gmp,6084,centered_logit_input_effect_mpp,120.52538585662842
two_concepts,tiny_gmp,6085,centered_logit_input_effect_mpp,119.3461651802063
two_concepts,tiny_gmp,6086,centered_logit_input_effect_mpp,132.16463041305542
two_concepts,tiny_gmp,6087,centered_logit_input_effect_mpp,109.77515077590942
two_concepts,tiny_gmp,6088,centered_logit_input_effect_mpp,123.67886638641357
two_concepts,tiny_gmp,6089,centered_logit_input_effect_mpp,146.13827323913574
two_concepts,tiny_gmp,6090,centered_logit_input_effect_mpp,114.60898160934448
two_concepts,tiny_gmp,6091,centered_logit_input_effect_mpp,137.77183198928833
two_concepts,tiny_gmp,6092,centered_logit_input_effect_mpp,127.91549348831177
two_concepts,tiny_gmp,6093,centered_logit_input_effect_mpp,132.57794761657715
two_concepts,tiny_gmp,6094,centered_logit_input_effect_mpp,124.48580646514893
two_concepts,tiny_gmp,6095,centered_logit_input_effect_mpp,126.88900566101074
two_concepts,tiny_gmp,6096,centered_logit_input_effect_mpp,128.85430335998535
two_concepts,tiny_gmp,6097,centered_logit_input_effect_mpp,127.1247205734253
two_concepts,tiny_gmp,6098,centered_logit_input_effect_mpp,111.61829662322998
two_concepts,tiny_gmp,6099,centered_logit_input_effect_mpp,123.52651071548462
single_shape,bn2_w16_gap,6000,raw_logit_input_effect_mpp,12.144287109375
single_shape,bn2_w16_gap,6001,raw_logit_input_effect_mpp,32.90203094482422
single_shape,bn2_w16_gap,6002,raw_logit_input_effect_mpp,2.0101585388183594
single_shape,bn2_w16_gap,6003,raw_logit_input_effect_mpp,20.761220932006836
single_shape,bn2_w16_gap,6004,raw_logit_input_effect_mpp,8.901241302490234
single_shape,bn2_w16_gap,6005,raw_logit_input_effect_mpp,11.980121612548828
single_shape,bn2_w16_gap,6006,raw_logit_input_effect_mpp,13.426811218261719
single_shape,bn2_w16_gap,6007,raw_logit_input_effect_mpp,40.57512664794922
single_shape,bn2_w16_gap,6008,raw_logit_input_effect_mpp,17.062454223632812
single_shape,bn2_w16_gap,6009,raw_logit_input_effect_mpp,22.61163902282715
single_shape,bn2_w16_gap,6010,raw_logit_input_effect_mpp,25.60608673095703
single_shape,bn2_w16_gap,6011,raw_logit_input_effect_mpp,16.739864349365234
single_shape,bn2_w16_gap,6012,raw_logit_input_effect_mpp,20.07610321044922
single_shape,bn2_w16_gap,6013,raw_logit_input_effect_mpp,-3.9913272857666016
single_shape,bn2_w16_gap,6014,raw_logit_input_effect_mpp,20.126798629760742
single_shape,bn2_w16_gap,6015,raw_logit_input_effect_mpp,11.053743362426758
single_shape,bn2_w16_gap,6016,raw_logit_input_effect_mpp,22.862287521362305
single_shape,bn2_w16_gap,6017,raw_logit_input_effect_mpp,-3.6496315002441406
single_shape,bn2_w16_gap,6018,raw_logit_input_effect_mpp,23.944801330566406
single_shape,bn2_w16_gap,6019,raw_logit_input_effect_mpp,16.570476531982422
single_shape,bn2_w16_gap,6020,raw_logit_input_effect_mpp,31.7017879486084
single_shape,bn2_w16_gap,6021,raw_logit_input_effect_mpp,17.63943099975586
single_shape,bn2_w16_gap,6022,raw_logit_input_effect_mpp,18.180307388305664
single_shape,bn2_w16_gap,6023,raw_logit_input_effect_mpp,0.5582256317138672
single_shape,bn2_w16_gap,6024,raw_logit_input_effect_mpp,27.265167236328125
single_shape,bn2_w16_gap,6025,raw_logit_input_effect_mpp,17.3670711517334
single_shape,bn2_w16_gap,6026,raw_logit_input_effect_mpp,15.53128433227539
single_shape,bn2_w16_gap,6027,raw_logit_input_effect_mpp,21.67259407043457
single_shape,bn2_w16_gap,6028,raw_logit_input_effect_mpp,26.808128356933594
single_shape,bn2_w16_gap,6029,raw_logit_input_effect_mpp,5.717868804931641
single_shape,bn2_w16_gap,6030,raw_logit_input_effect_mpp,25.31631851196289
single_shape,bn2_w16_gap,6031,raw_logit_input_effect_mpp,19.610471725463867
single_shape,bn2_w16_gap,6032,raw_logit_input_effect_mpp,23.48390007019043
single_shape,bn2_w16_gap,6033,raw_logit_input_effect_mpp,22.617069244384766
single_shape,bn2_w16_gap,6034,raw_logit_input_effect_mpp,22.21186065673828
single_shape,bn2_w16_gap,6035,raw_logit_input_effect_mpp,16.79288101196289
single_shape,bn2_w16_gap,6036,raw_logit_input_effect_mpp,8.949010848999023
single_shape,bn2_w16_gap,6037,raw_logit_input_effect_mpp,26.25558853149414
single_shape,bn2_w16_gap,6038,raw_logit_input_effect_mpp,16.812007904052734
single_shape,bn2_w16_gap,6039,raw_logit_input_effect_mpp,34.96831703186035
single_shape,bn2_w16_gap,6040,raw_logit_input_effect_mpp,43.49711608886719
single_shape,bn2_w16_gap,6041,raw_logit_input_effect_mpp,44.37587356567383
single_shape,bn2_w16_gap,6042,raw_logit_input_effect_mpp,21.91502571105957
single_shape,bn2_w16_gap,6043,raw_logit_input_effect_mpp,26.57765007019043
single_shape,bn2_w16_gap,6044,raw_logit_input_effect_mpp,14.201446533203125
single_shape,bn2_w16_gap,6045,raw_logit_input_effect_mpp,33.5841121673584
single_shape,bn2_w16_gap,6046,raw_logit_input_effect_mpp,16.26036834716797
single_shape,bn2_w16_gap,6047,raw_logit_input_effect_mpp,11.236274719238281
single_shape,bn2_w16_gap,6048,raw_logit_input_effect_mpp,12.49015998840332
single_shape,bn2_w16_gap,6049,raw_logit_input_effect_mpp,8.206188201904297
single_shape,bn2_w16_gap,6050,raw_logit_input_effect_mpp,27.359405517578125
single_shape,bn2_w16_gap,6051,raw_logit_input_effect_mpp,4.528831481933594
single_shape,bn2_w16_gap,6052,raw_logit_input_effect_mpp,19.60955810546875
single_shape,bn2_w16_gap,6053,raw_logit_input_effect_mpp,9.993486404418945
single_shape,bn2_w16_gap,6054,raw_logit_input_effect_mpp,22.60196876525879
single_shape,bn2_w16_gap,6055,raw_logit_input_effect_mpp,13.41299819946289
single_shape,bn2_w16_gap,6056,raw_logit_input_effect_mpp,11.187662124633789
single_shape,bn2_w16_gap,6057,raw_logit_input_effect_mpp,22.376728057861328
single_shape,bn2_w16_gap,6058,raw_logit_input_effect_mpp,30.86998748779297
single_shape,bn2_w16_gap,6059,raw_logit_input_effect_mpp,27.400371551513672
single_shape,bn2_w16_gap,6060,raw_logit_input_effect_mpp,16.345752716064453
single_shape,bn2_w16_gap,6061,raw_logit_input_effect_mpp,25.500110626220703
single_shape,bn2_w16_gap,6062,raw_logit_input_effect_mpp,-45.03008270263672
single_shape,bn2_w16_gap,6063,raw_logit_input_effect_mpp,24.464107513427734
single_shape,bn2_w16_gap,6064,raw_logit_input_effect_mpp,22.88399887084961
single_shape,bn2_w16_gap,6065,raw_logit_input_effect_mpp,24.701732635498047
single_shape,bn2_w16_gap,6066,raw_logit_input_effect_mpp,14.055797576904297
single_shape,bn2_w16_gap,6067,raw_logit_input_effect_mpp,18.369529724121094
single_shape,bn2_w16_gap,6068,raw_logit_input_effect_mpp,14.153532028198242
single_shape,bn2_w16_gap,6069,raw_logit_input_effect_mpp,26.84749412536621
single_shape,bn2_w16_gap,6070,raw_logit_input_effect_mpp,14.080562591552734
single_shape,bn2_w16_gap,6071,raw_logit_input_effect_mpp,30.726211547851562
single_shape,bn2_w16_gap,6072,raw_logit_input_effect_mpp,34.799556732177734
single_shape,bn2_w16_gap,6073,raw_logit_input_effect_mpp,32.85248374938965
single_shape,bn2_w16_gap,6074,raw_logit_input_effect_mpp,32.65017127990723
single_shape,bn2_w16_gap,6075,raw_logit_input_effect_mpp,15.155868530273438
single_shape,bn2_w16_gap,6076,raw_logit_input_effect_mpp,24.720806121826172
single_shape,bn2_w16_gap,6077,raw_logit_input_effect_mpp,8.966995239257812
single_shape,bn2_w16_gap,6078,raw_logit_input_effect_mpp,4.055086135864258
single_shape,bn2_w16_gap,6079,raw_logit_input_effect_mpp,10.411277770996094
single_shape,bn2_w16_gap,6080,raw_logit_input_effect_mpp,19.527587890625
single_shape,bn2_w16_gap,6081,raw_logit_input_effect_mpp,12.68832015991211
single_shape,bn2_w16_gap,6082,raw_logit_input_effect_mpp,36.48856735229492
single_shape,bn2_w16_gap,6083,raw_logit_input_effect_mpp,27.437175750732422
single_shape,bn2_w16_gap,6084,raw_logit_input_effect_mpp,14.706071853637695
single_shape,bn2_w16_gap,6085,raw_logit_input_effect_mpp,19.830554962158203
single_shape,bn2_w16_gap,6086,raw_logit_input_effect_mpp,14.700662612915039
single_shape,bn2_w16_gap,6087,raw_logit_input_effect_mpp,19.98047637939453
single_shape,bn2_w16_gap,6088,raw_logit_input_effect_mpp,31.929323196411133
single_shape,bn2_w16_gap,6089,raw_logit_input_effect_mpp,5.205211639404297
single_shape,bn2_w16_gap,6090,raw_logit_input_effect_mpp,40.04859161376953
single_shape,bn2_w16_gap,6091,raw_logit_input_effect_mpp,20.39214324951172
single_shape,bn2_w16_gap,6092,raw_logit_input_effect_mpp,30.536890029907227
single_shape,bn2_w16_gap,6093,raw_logit_input_effect_mpp,26.85895538330078
single_shape,bn2_w16_gap,6094,raw_logit_input_effect_mpp,22.823017120361328
single_shape,bn2_w16_gap,6095,raw_logit_input_effect_mpp,11.775800704956055
single_shape,bn2_w16_gap,6096,raw_logit_input_effect_mpp,36.56159973144531
single_shape,bn2_w16_gap,6097,raw_logit_input_effect_mpp,18.688180923461914
single_shape,bn2_w16_gap,6098,raw_logit_input_effect_mpp,12.11349105834961
single_shape,bn2_w16_gap,6099,raw_logit_input_effect_mpp,31.04082679748535
single_shape,bn2_w16_gmp,6000,raw_logit_input_effect_mpp,64.10681533813477
single_shape,bn2_w16_gmp,6001,raw_logit_input_effect_mpp,59.43883514404297
single_shape,bn2_w16_gmp,6002,raw_logit_input_effect_mpp,66.32382202148438
single_shape,bn2_w16_gmp,6003,raw_logit_input_effect_mpp,57.35502243041992
single_shape,bn2_w16_gmp,6004,raw_logit_input_effect_mpp,65.06087493896484
single_shape,bn2_w16_gmp,6005,raw_logit_input_effect_mpp,66.58557891845703
single_shape,bn2_w16_gmp,6006,raw_logit_input_effect_mpp,61.76982116699219
single_shape,bn2_w16_gmp,6007,raw_logit_input_effect_mpp,66.1648941040039
single_shape,bn2_w16_gmp,6008,raw_logit_input_effect_mpp,53.589752197265625
single_shape,bn2_w16_gmp,6009,raw_logit_input_effect_mpp,72.86943054199219
single_shape,bn2_w16_gmp,6010,raw_logit_input_effect_mpp,53.248748779296875
single_shape,bn2_w16_gmp,6011,raw_logit_input_effect_mpp,63.410064697265625
single_shape,bn2_w16_gmp,6012,raw_logit_input_effect_mpp,57.170166015625
single_shape,bn2_w16_gmp,6013,raw_logit_input_effect_mpp,61.37732696533203
single_shape,bn2_w16_gmp,6014,raw_logit_input_effect_mpp,55.12160110473633
single_shape,bn2_w16_gmp,6015,raw_logit_input_effect_mpp,49.54296875
single_shape,bn2_w16_gmp,6016,raw_logit_input_effect_mpp,67.80926513671875
single_shape,bn2_w16_gmp,6017,raw_logit_input_effect_mpp,73.32616424560547
single_shape,bn2_w16_gmp,6018,raw_logit_input_effect_mpp,61.402854919433594
single_shape,bn2_w16_gmp,6019,raw_logit_input_effect_mpp,53.643402099609375
single_shape,bn2_w16_gmp,6020,raw_logit_input_effect_mpp,68.21761703491211
single_shape,bn2_w16_gmp,6021,raw_logit_input_effect_mpp,55.44367980957031
single_shape,bn2_w16_gmp,6022,raw_logit_input_effect_mpp,53.26795196533203
single_shape,bn2_w16_gmp,6023,raw_logit_input_effect_mpp,51.316017150878906
single_shape,bn2_w16_gmp,6024,raw_logit_input_effect_mpp,56.78852081298828
single_shape,bn2_w16_gmp,6025,raw_logit_input_effect_mpp,69.99812316894531
single_shape,bn2_w16_gmp,6026,raw_logit_input_effect_mpp,60.52088165283203
single_shape,bn2_w16_gmp,6027,raw_logit_input_effect_mpp,64.6091079711914
single_shape,bn2_w16_gmp,6028,raw_logit_input_effect_mpp,71.46064758300781
single_shape,bn2_w16_gmp,6029,raw_logit_input_effect_mpp,78.72494506835938
single_shape,bn2_w16_gmp,6030,raw_logit_input_effect_mpp,73.82609176635742
single_shape,bn2_w16_gmp,6031,raw_logit_input_effect_mpp,54.82530975341797
single_shape,bn2_w16_gmp,6032,raw_logit_input_effect_mpp,72.43700408935547
single_shape,bn2_w16_gmp,6033,raw_logit_input_effect_mpp,67.09774780273438
single_shape,bn2_w16_gmp,6034,raw_logit_input_effect_mpp,58.36260986328125
single_shape,bn2_w16_gmp,6035,raw_logit_input_effect_mpp,74.41692352294922
single_shape,bn2_w16_gmp,6036,raw_logit_input_effect_mpp,59.16440200805664
single_shape,bn2_w16_gmp,6037,raw_logit_input_effect_mpp,52.61708450317383
single_shape,bn2_w16_gmp,6038,raw_logit_input_effect_mpp,61.73988723754883
single_shape,bn2_w16_gmp,6039,raw_logit_input_effect_mpp,60.12591552734375
single_shape,bn2_w16_gmp,6040,raw_logit_input_effect_mpp,58.61217498779297
single_shape,bn2_w16_gmp,6041,raw_logit_input_effect_mpp,59.20428466796875
single_shape,bn2_w16_gmp,6042,raw_logit_input_effect_mpp,60.386627197265625
single_shape,bn2_w16_gmp,6043,raw_logit_input_effect_mpp,77.79739379882812
single_shape,bn2_w16_gmp,6044,raw_logit_input_effect_mpp,75.67251586914062
single_shape,bn2_w16_gmp,6045,raw_logit_input_effect_mpp,69.35890579223633
single_shape,bn2_w16_gmp,6046,raw_logit_input_effect_mpp,56.693016052246094
single_shape,bn2_w16_gmp,6047,raw_logit_input_effect_mpp,51.81172180175781
single_shape,bn2_w16_gmp,6048,raw_logit_input_effect_mpp,52.7901725769043
single_shape,bn2_w16_gmp,6049,raw_logit_input_effect_mpp,77.42473602294922
single_shape,bn2_w16_gmp,6050,raw_logit_input_effect_mpp,51.92179870605469
single_shape,bn2_w16_gmp,6051,raw_logit_input_effect_mpp,58.59037780761719
single_shape,bn2_w16_gmp,6052,raw_logit_input_effect_mpp,63.85042190551758
single_shape,bn2_w16_gmp,6053,raw_logit_input_effect_mpp,62.32038497924805
single_shape,bn2_w16_gmp,6054,raw_logit_input_effect_mpp,56.22166442871094
single_shape,bn2_w16_gmp,6055,raw_logit_input_effect_mpp,65.0938835144043
single_shape,bn2_w16_gmp,6056,raw_logit_input_effect_mpp,51.859710693359375
single_shape,bn2_w16_gmp,6057,raw_logit_input_effect_mpp,60.724849700927734
single_shape,bn2_w16_gmp,6058,raw_logit_input_effect_mpp,63.92414093017578
single_shape,bn2_w16_gmp,6059,raw_logit_input_effect_mpp,60.579566955566406
single_shape,bn2_w16_gmp,6060,raw_logit_input_effect_mpp,56.15562438964844
single_shape,bn2_w16_gmp,6061,raw_logit_input_effect_mpp,57.10291290283203
single_shape,bn2_w16_gmp,6062,raw_logit_input_effect_mpp,64.681640625
single_shape,bn2_w16_gmp,6063,raw_logit_input_effect_mpp,73.02182006835938
single_shape,bn2_w16_gmp,6064,raw_logit_input_effect_mpp,58.310264587402344
single_shape,bn2_w16_gmp,6065,raw_logit_input_effect_mpp,69.01239013671875
single_shape,bn2_w16_gmp,6066,raw_logit_input_effect_mpp,61.485321044921875
single_shape,bn2_w16_gmp,6067,raw_logit_input_effect_mpp,47.29092025756836
single_shape,bn2_w16_gmp,6068,raw_logit_input_effect_mpp,55.459312438964844
single_shape,bn2_w16_gmp,6069,raw_logit_input_effect_mpp,55.53015899658203
single_shape,bn2_w16_gmp,6070,raw_logit_input_effect_mpp,67.11901092529297
single_shape,bn2_w16_gmp,6071,raw_logit_input_effect_mpp,68.11466598510742
single_shape,bn2_w16_gmp,6072,raw_logit_input_effect_mpp,65.59374237060547
single_shape,bn2_w16_gmp,6073,raw_logit_input_effect_mpp,63.33810806274414
single_shape,bn2_w16_gmp,6074,raw_logit_input_effect_mpp,68.06669616699219
single_shape,bn2_w16_gmp,6075,raw_logit_input_effect_mpp,73.78982543945312
single_shape,bn2_w16_gmp,6076,raw_logit_input_effect_mpp,69.4642333984375
single_shape,bn2_w16_gmp,6077,raw_logit_input_effect_mpp,59.113773345947266
single_shape,bn2_w16_gmp,6078,raw_logit_input_effect_mpp,44.138587951660156
single_shape,bn2_w16_gmp,6079,raw_logit_input_effect_mpp,92.04242706298828
single_shape,bn2_w16_gmp,6080,raw_logit_input_effect_mpp,65.8722915649414
single_shape,bn2_w16_gmp,6081,raw_logit_input_effect_mpp,60.774234771728516
single_shape,bn2_w16_gmp,6082,raw_logit_input_effect_mpp,71.07862091064453
single_shape,bn2_w16_gmp,6083,raw_logit_input_effect_mpp,58.39403533935547
single_shape,bn2_w16_gmp,6084,raw_logit_input_effect_mpp,53.87358093261719
single_shape,bn2_w16_gmp,6085,raw_logit_input_effect_mpp,55.103172302246094
single_shape,bn2_w16_gmp,6086,raw_logit_input_effect_mpp,61.39629364013672
single_shape,bn2_w16_gmp,6087,raw_logit_input_effect_mpp,58.0485725402832
single_shape,bn2_w16_gmp,6088,raw_logit_input_effect_mpp,61.30168914794922
single_shape,bn2_w16_gmp,6089,raw_logit_input_effect_mpp,54.347530364990234
single_shape,bn2_w16_gmp,6090,raw_logit_input_effect_mpp,60.469627380371094
single_shape,bn2_w16_gmp,6091,raw_logit_input_effect_mpp,67.25220489501953
single_shape,bn2_w16_gmp,6092,raw_logit_input_effect_mpp,58.88323974609375
single_shape,bn2_w16_gmp,6093,raw_logit_input_effect_mpp,68.4580192565918
single_shape,bn2_w16_gmp,6094,raw_logit_input_effect_mpp,69.23008728027344
single_shape,bn2_w16_gmp,6095,raw_logit_input_effect_mpp,61.6937255859375
single_shape,bn2_w16_gmp,6096,raw_logit_input_effect_mpp,72.92095947265625
single_shape,bn2_w16_gmp,6097,raw_logit_input_effect_mpp,41.38155746459961
single_shape,bn2_w16_gmp,6098,raw_logit_input_effect_mpp,70.83568954467773
single_shape,bn2_w16_gmp,6099,raw_logit_input_effect_mpp,72.37102127075195
single_shape,bn4_w16_gap,6000,raw_logit_input_effect_mpp,7.592578887939453
single_shape,bn4_w16_gap,6001,raw_logit_input_effect_mpp,4.844211578369141
single_shape,bn4_w16_gap,6002,raw_logit_input_effect_mpp,9.539161682128906
single_shape,bn4_w16_gap,6003,raw_logit_input_effect_mpp,3.64532470703125
single_shape,bn4_w16_gap,6004,raw_logit_input_effect_mpp,5.238498687744141
single_shape,bn4_w16_gap,6005,raw_logit_input_effect_mpp,5.163459777832031
single_shape,bn4_w16_gap,6006,raw_logit_input_effect_mpp,5.421207427978516
single_shape,bn4_w16_gap,6007,raw_logit_input_effect_mpp,8.209095001220703
single_shape,bn4_w16_gap,6008,raw_logit_input_effect_mpp,10.156360626220703
single_shape,bn4_w16_gap,6009,raw_logit_input_effect_mpp,8.931285858154297
single_shape,bn4_w16_gap,6010,raw_logit_input_effect_mpp,6.863182067871094
single_shape,bn4_w16_gap,6011,raw_logit_input_effect_mpp,6.478057861328125
single_shape,bn4_w16_gap,6012,raw_logit_input_effect_mpp,5.186222076416016
single_shape,bn4_w16_gap,6013,raw_logit_input_effect_mpp,5.669303894042969
single_shape,bn4_w16_gap,6014,raw_logit_input_effect_mpp,7.148534774780273
single_shape,bn4_w16_gap,6015,raw_logit_input_effect_mpp,5.450687408447266
single_shape,bn4_w16_gap,6016,raw_logit_input_effect_mpp,4.639823913574219
single_shape,bn4_w16_gap,6017,raw_logit_input_effect_mpp,5.945056915283203
single_shape,bn4_w16_gap,6018,raw_logit_input_effect_mpp,5.852603912353516
single_shape,bn4_w16_gap,6019,raw_logit_input_effect_mpp,5.027923583984375
single_shape,bn4_w16_gap,6020,raw_logit_input_effect_mpp,7.007404327392578
single_shape,bn4_w16_gap,6021,raw_logit_input_effect_mpp,4.982761383056641
single_shape,bn4_w16_gap,6022,raw_logit_input_effect_mpp,2.774658203125
single_shape,bn4_w16_gap,6023,raw_logit_input_effect_mpp,4.602848052978516
single_shape,bn4_w16_gap,6024,raw_logit_input_effect_mpp,4.393951416015625
single_shape,bn4_w16_gap,6025,raw_logit_input_effect_mpp,6.156040191650391
single_shape,bn4_w16_gap,6026,raw_logit_input_effect_mpp,4.253948211669922
single_shape,bn4_w16_gap,6027,raw_logit_input_effect_mpp,8.232040405273438
single_shape,bn4_w16_gap,6028,raw_logit_input_effect_mpp,4.6018524169921875
single_shape,bn4_w16_gap,6029,raw_logit_input_effect_mpp,4.9361114501953125
single_shape,bn4_w16_gap,6030,raw_logit_input_effect_mpp,6.193294525146484
single_shape,bn4_w16_gap,6031,raw_logit_input_effect_mpp,3.9378700256347656
single_shape,bn4_w16_gap,6032,raw_logit_input_effect_mpp,6.917217254638672
single_shape,bn4_w16_gap,6033,raw_logit_input_effect_mpp,4.065471649169922
single_shape,bn4_w16_gap,6034,raw_logit_input_effect_mpp,4.686164855957031
single_shape,bn4_w16_gap,6035,raw_logit_input_effect_mpp,3.1558151245117188
single_shape,bn4_w16_gap,6036,raw_logit_input_effect_mpp,3.690021514892578
single_shape,bn4_w16_gap,6037,raw_logit_input_effect_mpp,7.325252532958984
single_shape,bn4_w16_gap,6038,raw_logit_input_effect_mpp,4.890434265136719
single_shape,bn4_w16_gap,6039,raw_logit_input_effect_mpp,3.9079017639160156
single_shape,bn4_w16_gap,6040,raw_logit_input_effect_mpp,8.829387664794922
single_shape,bn4_w16_gap,6041,raw_logit_input_effect_mpp,8.276880264282227
single_shape,bn4_w16_gap,6042,raw_logit_input_effect_mpp,6.321075439453125
single_shape,bn4_w16_gap,6043,raw_logit_input_effect_mpp,2.899871826171875
single_shape,bn4_w16_gap,6044,raw_logit_input_effect_mpp,5.843353271484375
single_shape,bn4_w16_gap,6045,raw_logit_input_effect_mpp,6.313514709472656
single_shape,bn4_w16_gap,6046,raw_logit_input_effect_mpp,7.223686218261719
single_shape,bn4_w16_gap,6047,raw_logit_input_effect_mpp,5.689334869384766
single_shape,bn4_w16_gap,6048,raw_logit_input_effect_mpp,4.383171081542969
single_shape,bn4_w16_gap,6049,raw_logit_input_effect_mpp,6.742099761962891
single_shape,bn4_w16_gap,6050,raw_logit_input_effect_mpp,6.286041259765625
single_shape,bn4_w16_gap,6051,raw_logit_input_effect_mpp,7.16156005859375
single_shape,bn4_w16_gap,6052,raw_logit_input_effect_mpp,6.192901611328125
single_shape,bn4_w16_gap,6053,raw_logit_input_effect_mpp,5.718868255615234
single_shape,bn4_w16_gap,6054,raw_logit_input_effect_mpp,5.008075714111328
single_shape,bn4_w16_gap,6055,raw_logit_input_effect_mpp,2.718463897705078
single_shape,bn4_w16_gap,6056,raw_logit_input_effect_mpp,6.892704010009766
single_shape,bn4_w16_gap,6057,raw_logit_input_effect_mpp,6.522388458251953
single_shape,bn4_w16_gap,6058,raw_logit_input_effect_mpp,5.9853363037109375
single_shape,bn4_w16_gap,6059,raw_logit_input_effect_mpp,7.316379547119141
single_shape,bn4_w16_gap,6060,raw_logit_input_effect_mpp,4.841297149658203
single_shape,bn4_w16_gap,6061,raw_logit_input_effect_mpp,6.265293121337891
single_shape,bn4_w16_gap,6062,raw_logit_input_effect_mpp,8.458087921142578
single_shape,bn4_w16_gap,6063,raw_logit_input_effect_mpp,8.537788391113281
single_shape,bn4_w16_gap,6064,raw_logit_input_effect_mpp,1.9014625549316406
single_shape,bn4_w16_gap,6065,raw_logit_input_effect_mpp,3.0692901611328125
single_shape,bn4_w16_gap,6066,raw_logit_input_effect_mpp,3.4802207946777344
single_shape,bn4_w16_gap,6067,raw_logit_input_effect_mpp,8.917221069335938
single_shape,bn4_w16_gap,6068,raw_logit_input_effect_mpp,22.879684448242188
single_shape,bn4_w16_gap,6069,raw_logit_input_effect_mpp,7.9424591064453125
single_shape,bn4_w16_gap,6070,raw_logit_input_effect_mpp,9.288982391357422
single_shape,bn4_w16_gap,6071,raw_logit_input_effect_mpp,5.792812347412109
single_shape,bn4_w16_gap,6072,raw_logit_input_effect_mpp,6.446437835693359
single_shape,bn4_w16_gap,6073,raw_logit_input_effect_mpp,6.4440155029296875
single_shape,bn4_w16_gap,6074,raw_logit_input_effect_mpp,4.832683563232422
single_shape,bn4_w16_gap,6075,raw_logit_input_effect_mpp,4.847175598144531
single_shape,bn4_w16_gap,6076,raw_logit_input_effect_mpp,10.660995483398438
single_shape,bn4_w16_gap,6077,raw_logit_input_effect_mpp,6.184608459472656
single_shape,bn4_w16_gap,6078,raw_logit_input_effect_mpp,4.267559051513672
single_shape,bn4_w16_gap,6079,raw_logit_input_effect_mpp,8.244283676147461
single_shape,bn4_w16_gap,6080,raw_logit_input_effect_mpp,5.35601806640625
single_shape,bn4_w16_gap,6081,raw_logit_input_effect_mpp,2.6465072631835938
single_shape,bn4_w16_gap,6082,raw_logit_input_effect_mpp,2.9886131286621094
single_shape,bn4_w16_gap,6083,raw_logit_input_effect_mpp,6.067420959472656
single_shape,bn4_w16_gap,6084,raw_logit_input_effect_mpp,4.851772308349609
single_shape,bn4_w16_gap,6085,raw_logit_input_effect_mpp,6.797245025634766
single_shape,bn4_w16_gap,6086,raw_logit_input_effect_mpp,6.980873107910156
single_shape,bn4_w16_gap,6087,raw_logit_input_effect_mpp,6.541233062744141
single_shape,bn4_w16_gap,6088,raw_logit_input_effect_mpp,6.899318695068359
single_shape,bn4_w16_gap,6089,raw_logit_input_effect_mpp,3.9004745483398438
single_shape,bn4_w16_gap,6090,raw_logit_input_effect_mpp,3.4913902282714844
single_shape,bn4_w16_gap,6091,raw_logit_input_effect_mpp,8.041595458984375
single_shape,bn4_w16_gap,6092,raw_logit_input_effect_mpp,5.647682189941406
single_shape,bn4_w16_gap,6093,raw_logit_input_effect_mpp,13.738624572753906
single_shape,bn4_w16_gap,6094,raw_logit_input_effect_mpp,5.193714141845703
single_shape,bn4_w16_gap,6095,raw_logit_input_effect_mpp,4.472686767578125
single_shape,bn4_w16_gap,6096,raw_logit_input_effect_mpp,4.7723541259765625
single_shape,bn4_w16_gap,6097,raw_logit_input_effect_mpp,6.713050842285156
single_shape,bn4_w16_gap,6098,raw_logit_input_effect_mpp,5.56439208984375
single_shape,bn4_w16_gap,6099,raw_logit_input_effect_mpp,5.230892181396484
single_shape,bn4_w16_gmp,6000,raw_logit_input_effect_mpp,9.986251831054688
single_shape,bn4_w16_gmp,6001,raw_logit_input_effect_mpp,16.814781188964844
single_shape,bn4_w16_gmp,6002,raw_logit_input_effect_mpp,15.2259521484375
single_shape,bn4_w16_gmp,6003,raw_logit_input_effect_mpp,10.3748779296875
single_shape,bn4_w16_gmp,6004,raw_logit_input_effect_mpp,15.08160400390625
single_shape,bn4_w16_gmp,6005,raw_logit_input_effect_mpp,15.039016723632812
single_shape,bn4_w16_gmp,6006,raw_logit_input_effect_mpp,19.05872344970703
single_shape,bn4_w16_gmp,6007,raw_logit_input_effect_mpp,15.792343139648438
single_shape,bn4_w16_gmp,6008,raw_logit_input_effect_mpp,11.931686401367188
single_shape,bn4_w16_gmp,6009,raw_logit_input_effect_mpp,13.730209350585938
single_shape,bn4_w16_gmp,6010,raw_logit_input_effect_mpp,11.235725402832031
single_shape,bn4_w16_gmp,6011,raw_logit_input_effect_mpp,11.79278564453125
single_shape,bn4_w16_gmp,6012,raw_logit_input_effect_mpp,14.393333435058594
single_shape,bn4_w16_gmp,6013,raw_logit_input_effect_mpp,25.085968017578125
single_shape,bn4_w16_gmp,6014,raw_logit_input_effect_mpp,7.4630126953125
single_shape,bn4_w16_gmp,6015,raw_logit_input_effect_mpp,6.992027282714844
single_shape,bn4_w16_gmp,6016,raw_logit_input_effect_mpp,18.345436096191406
single_shape,bn4_w16_gmp,6017,raw_logit_input_effect_mpp,12.42236328125
single_shape,bn4_w16_gmp,6018,raw_logit_input_effect_mpp,12.840873718261719
single_shape,bn4_w16_gmp,6019,raw_logit_input_effect_mpp,19.25598907470703
single_shape,bn4_w16_gmp,6020,raw_logit_input_effect_mpp,12.398506164550781
single_shape,bn4_w16_gmp,6021,raw_logit_input_effect_mpp,17.49688720703125
single_shape,bn4_w16_gmp,6022,raw_logit_input_effect_mpp,10.256629943847656
single_shape,bn4_w16_gmp,6023,raw_logit_input_effect_mpp,14.243888854980469
single_shape,bn4_w16_gmp,6024,raw_logit_input_effect_mpp,12.045928955078125
single_shape,bn4_w16_gmp,6025,raw_logit_input_effect_mpp,14.40631103515625
single_shape,bn4_w16_gmp,6026,raw_logit_input_effect_mpp,13.982551574707031
single_shape,bn4_w16_gmp,6027,raw_logit_input_effect_mpp,14.171875
single_shape,bn4_w16_gmp,6028,raw_logit_input_effect_mpp,20.53748321533203
single_shape,bn4_w16_gmp,6029,raw_logit_input_effect_mpp,14.309219360351562
single_shape,bn4_w16_gmp,6030,raw_logit_input_effect_mpp,9.141326904296875
single_shape,bn4_w16_gmp,6031,raw_logit_input_effect_mpp,15.845497131347656
single_shape,bn4_w16_gmp,6032,raw_logit_input_effect_mpp,23.563377380371094
single_shape,bn4_w16_gmp,6033,raw_logit_input_effect_mpp,16.53093719482422
single_shape,bn4_w16_gmp,6034,raw_logit_input_effect_mpp,13.496414184570312
single_shape,bn4_w16_gmp,6035,raw_logit_input_effect_mpp,11.387016296386719
single_shape,bn4_w16_gmp,6036,raw_logit_input_effect_mpp,16.149620056152344
single_shape,bn4_w16_gmp,6037,raw_logit_input_effect_mpp,17.161895751953125
single_shape,bn4_w16_gmp,6038,raw_logit_input_effect_mpp,14.123893737792969
single_shape,bn4_w16_gmp,6039,raw_logit_input_effect_mpp,5.525688171386719
single_shape,bn4_w16_gmp,6040,raw_logit_input_effect_mpp,19.274635314941406
single_shape,bn4_w16_gmp,6041,raw_logit_input_effect_mpp,19.280303955078125
single_shape,bn4_w16_gmp,6042,raw_logit_input_effect_mpp,16.481834411621094
single_shape,bn4_w16_gmp,6043,raw_logit_input_effect_mpp,11.77252197265625
single_shape,bn4_w16_gmp,6044,raw_logit_input_effect_mpp,16.071327209472656
single_shape,bn4_w16_gmp,6045,raw_logit_input_effect_mpp,15.371620178222656
single_shape,bn4_w16_gmp,6046,raw_logit_input_effect_mpp,13.169975280761719
single_shape,bn4_w16_gmp,6047,raw_logit_input_effect_mpp,13.101730346679688
single_shape,bn4_w16_gmp,6048,raw_logit_input_effect_mpp,9.915924072265625
single_shape,bn4_w16_gmp,6049,raw_logit_input_effect_mpp,15.033714294433594
single_shape,bn4_w16_gmp,6050,raw_logit_input_effect_mpp,14.066375732421875
single_shape,bn4_w16_gmp,6051,raw_logit_input_effect_mpp,17.44891357421875
single_shape,bn4_w16_gmp,6052,raw_logit_input_effect_mpp,11.967453002929688
single_shape,bn4_w16_gmp,6053,raw_logit_input_effect_mpp,12.748817443847656
single_shape,bn4_w16_gmp,6054,raw_logit_input_effect_mpp,13.349388122558594
single_shape,bn4_w16_gmp,6055,raw_logit_input_effect_mpp,15.723098754882812
single_shape,bn4_w16_gmp,6056,raw_logit_input_effect_mpp,17.96302032470703
single_shape,bn4_w16_gmp,6057,raw_logit_input_effect_mpp,16.09326171875
single_shape,bn4_w16_gmp,6058,raw_logit_input_effect_mpp,18.203964233398438
single_shape,bn4_w16_gmp,6059,raw_logit_input_effect_mpp,12.404281616210938
single_shape,bn4_w16_gmp,6060,raw_logit_input_effect_mpp,15.549507141113281
single_shape,bn4_w16_gmp,6061,raw_logit_input_effect_mpp,11.743637084960938
single_shape,bn4_w16_gmp,6062,raw_logit_input_effect_mpp,11.527137756347656
single_shape,bn4_w16_gmp,6063,raw_logit_input_effect_mpp,10.667961120605469
single_shape,bn4_w16_gmp,6064,raw_logit_input_effect_mpp,12.516311645507812
single_shape,bn4_w16_gmp,6065,raw_logit_input_effect_mpp,12.471298217773438
single_shape,bn4_w16_gmp,6066,raw_logit_input_effect_mpp,20.903404235839844
single_shape,bn4_w16_gmp,6067,raw_logit_input_effect_mpp,10.416824340820312
single_shape,bn4_w16_gmp,6068,raw_logit_input_effect_mpp,10.462722778320312
single_shape,bn4_w16_gmp,6069,raw_logit_input_effect_mpp,9.757423400878906
single_shape,bn4_w16_gmp,6070,raw_logit_input_effect_mpp,15.29058837890625
single_shape,bn4_w16_gmp,6071,raw_logit_input_effect_mpp,16.75048828125
single_shape,bn4_w16_gmp,6072,raw_logit_input_effect_mpp,12.661224365234375
single_shape,bn4_w16_gmp,6073,raw_logit_input_effect_mpp,14.373329162597656
single_shape,bn4_w16_gmp,6074,raw_logit_input_effect_mpp,19.926361083984375
single_shape,bn4_w16_gmp,6075,raw_logit_input_effect_mpp,12.8106689453125
single_shape,bn4_w16_gmp,6076,raw_logit_input_effect_mpp,14.048965454101562
single_shape,bn4_w16_gmp,6077,raw_logit_input_effect_mpp,12.317718505859375
single_shape,bn4_w16_gmp,6078,raw_logit_input_effect_mpp,20.368370056152344
single_shape,bn4_w16_gmp,6079,raw_logit_input_effect_mpp,10.993064880371094
single_shape,bn4_w16_gmp,6080,raw_logit_input_effect_mpp,11.361968994140625
single_shape,bn4_w16_gmp,6081,raw_logit_input_effect_mpp,22.470962524414062
single_shape,bn4_w16_gmp,6082,raw_logit_input_effect_mpp,14.610160827636719
single_shape,bn4_w16_gmp,6083,raw_logit_input_effect_mpp,14.864463806152344
single_shape,bn4_w16_gmp,6084,raw_logit_input_effect_mpp,8.629058837890625
single_shape,bn4_w16_gmp,6085,raw_logit_input_effect_mpp,12.671943664550781
single_shape,bn4_w16_gmp,6086,raw_logit_input_effect_mpp,21.460220336914062
single_shape,bn4_w16_gmp,6087,raw_logit_input_effect_mpp,14.304267883300781
single_shape,bn4_w16_gmp,6088,raw_logit_input_effect_mpp,15.923492431640625
single_shape,bn4_w16_gmp,6089,raw_logit_input_effect_mpp,18.431312561035156
single_shape,bn4_w16_gmp,6090,raw_logit_input_effect_mpp,17.011306762695312
single_shape,bn4_w16_gmp,6091,raw_logit_input_effect_mpp,13.041030883789062
single_shape,bn4_w16_gmp,6092,raw_logit_input_effect_mpp,26.46617889404297
single_shape,bn4_w16_gmp,6093,raw_logit_input_effect_mpp,16.733909606933594
single_shape,bn4_w16_gmp,6094,raw_logit_input_effect_mpp,14.252265930175781
single_shape,bn4_w16_gmp,6095,raw_logit_input_effect_mpp,15.16961669921875
single_shape,bn4_w16_gmp,6096,raw_logit_input_effect_mpp,14.037063598632812
single_shape,bn4_w16_gmp,6097,raw_logit_input_effect_mpp,10.91314697265625
single_shape,bn4_w16_gmp,6098,raw_logit_input_effect_mpp,17.566139221191406
single_shape,bn4_w16_gmp,6099,raw_logit_input_effect_mpp,9.953521728515625
single_shape,plain2_w16_gap,6000,raw_logit_input_effect_mpp,391.25965881347656
single_shape,plain2_w16_gap,6001,raw_logit_input_effect_mpp,512.8473320007324
single_shape,plain2_w16_gap,6002,raw_logit_input_effect_mpp,356.00911712646484
single_shape,plain2_w16_gap,6003,raw_logit_input_effect_mpp,158.36504936218262
single_shape,plain2_w16_gap,6004,raw_logit_input_effect_mpp,298.06249809265137
single_shape,plain2_w16_gap,6005,raw_logit_input_effect_mpp,277.90126037597656
single_shape,plain2_w16_gap,6006,raw_logit_input_effect_mpp,218.5298957824707
single_shape,plain2_w16_gap,6007,raw_logit_input_effect_mpp,384.05297088623047
single_shape,plain2_w16_gap,6008,raw_logit_input_effect_mpp,393.63303565979004
single_shape,plain2_w16_gap,6009,raw_logit_input_effect_mpp,468.444128036499
single_shape,plain2_w16_gap,6010,raw_logit_input_effect_mpp,259.6950340270996
single_shape,plain2_w16_gap,6011,raw_logit_input_effect_mpp,286.90399169921875
single_shape,plain2_w16_gap,6012,raw_logit_input_effect_mpp,318.0409736633301
single_shape,plain2_w16_gap,6013,raw_logit_input_effect_mpp,216.94016075134277
single_shape,plain2_w16_gap,6014,raw_logit_input_effect_mpp,296.6472911834717
single_shape,plain2_w16_gap,6015,raw_logit_input_effect_mpp,345.30010414123535
single_shape,plain2_w16_gap,6016,raw_logit_input_effect_mpp,376.2498588562012
single_shape,plain2_w16_gap,6017,raw_logit_input_effect_mpp,417.50975227355957
single_shape,plain2_w16_gap,6018,raw_logit_input_effect_mpp,368.70610427856445
single_shape,plain2_w16_gap,6019,raw_logit_input_effect_mpp,250.6799087524414
single_shape,plain2_w16_gap,6020,raw_logit_input_effect_mpp,333.3516311645508
single_shape,plain2_w16_gap,6021,raw_logit_input_effect_mpp,359.7721519470215
single_shape,plain2_w16_gap,6022,raw_logit_input_effect_mpp,362.77796173095703
single_shape,plain2_w16_gap,6023,raw_logit_input_effect_mpp,236.75423049926758
single_shape,plain2_w16_gap,6024,raw_logit_input_effect_mpp,250.1608428955078
single_shape,plain2_w16_gap,6025,raw_logit_input_effect_mpp,277.5401916503906
single_shape,plain2_w16_gap,6026,raw_logit_input_effect_mpp,289.4320869445801
single_shape,plain2_w16_gap,6027,raw_logit_input_effect_mpp,412.2967224121094
single_shape,plain2_w16_gap,6028,raw_logit_input_effect_mpp,219.83595657348633
single_shape,plain2_w16_gap,6029,raw_logit_input_effect_mpp,361.9540481567383
single_shape,plain2_w16_gap,6030,raw_logit_input_effect_mpp,311.02330207824707
single_shape,plain2_w16_gap,6031,raw_logit_input_effect_mpp,247.90671348571777
single_shape,plain2_w16_gap,6032,raw_logit_input_effect_mpp,323.0847873687744
single_shape,plain2_w16_gap,6033,raw_logit_input_effect_mpp,385.1603698730469
single_shape,plain2_w16_gap,6034,raw_logit_input_effect_mpp,421.56392669677734
single_shape,plain2_w16_gap,6035,raw_logit_input_effect_mpp,252.12285995483398
single_shape,plain2_w16_gap,6036,raw_logit_input_effect_mpp,286.2889518737793
single_shape,plain2_w16_gap,6037,raw_logit_input_effect_mpp,172.43524932861328
single_shape,plain2_w16_gap,6038,raw_logit_input_effect_mpp,278.1470355987549
single_shape,plain2_w16_gap,6039,raw_logit_input_effect_mpp,234.06483268737793
single_shape,plain2_w16_gap,6040,raw_logit_input_effect_mpp,340.4903106689453
single_shape,plain2_w16_gap,6041,raw_logit_input_effect_mpp,224.4742259979248
single_shape,plain2_w16_gap,6042,raw_logit_input_effect_mpp,306.94628143310547
single_shape,plain2_w16_gap,6043,raw_logit_input_effect_mpp,315.0214195251465
single_shape,plain2_w16_gap,6044,raw_logit_input_effect_mpp,295.43595123291016
single_shape,plain2_w16_gap,6045,raw_logit_input_effect_mpp,312.3207778930664
single_shape,plain2_w16_gap,6046,raw_logit_input_effect_mpp,327.2572269439697
single_shape,plain2_w16_gap,6047,raw_logit_input_effect_mpp,339.47680854797363
single_shape,plain2_w16_gap,6048,raw_logit_input_effect_mpp,262.7222595214844
single_shape,plain2_w16_gap,6049,raw_logit_input_effect_mpp,195.6429271697998
single_shape,plain2_w16_gap,6050,raw_logit_input_effect_mpp,245.2042350769043
single_shape,plain2_w16_gap,6051,raw_logit_input_effect_mpp,370.1957130432129
single_shape,plain2_w16_gap,6052,raw_logit_input_effect_mpp,280.9840888977051
single_shape,plain2_w16_gap,6053,raw_logit_input_effect_mpp,273.9307289123535
single_shape,plain2_w16_gap,6054,raw_logit_input_effect_mpp,278.2259120941162
single_shape,plain2_w16_gap,6055,raw_logit_input_effect_mpp,315.14119720458984
single_shape,plain2_w16_gap,6056,raw_logit_input_effect_mpp,298.22035217285156
single_shape,plain2_w16_gap,6057,raw_logit_input_effect_mpp,223.09605026245117
single_shape,plain2_w16_gap,6058,raw_logit_input_effect_mpp,173.20373344421387
single_shape,plain2_w16_gap,6059,raw_logit_input_effect_mpp,306.592960357666
single_shape,plain2_w16_gap,6060,raw_logit_input_effect_mpp,261.9982032775879
single_shape,plain2_w16_gap,6061,raw_logit_input_effect_mpp,232.34389305114746
single_shape,plain2_w16_gap,6062,raw_logit_input_effect_mpp,283.4381809234619
single_shape,plain2_w16_gap,6063,raw_logit_input_effect_mpp,354.8032531738281
single_shape,plain2_w16_gap,6064,raw_logit_input_effect_mpp,374.79731369018555
single_shape,plain2_w16_gap,6065,raw_logit_input_effect_mpp,334.25263595581055
single_shape,plain2_w16_gap,6066,raw_logit_input_effect_mpp,493.48173904418945
single_shape,plain2_w16_gap,6067,raw_logit_input_effect_mpp,224.98344039916992
single_shape,plain2_w16_gap,6068,raw_logit_input_effect_mpp,297.1461372375488
single_shape,plain2_w16_gap,6069,raw_logit_input_effect_mpp,266.8763790130615
single_shape,plain2_w16_gap,6070,raw_logit_input_effect_mpp,221.23730087280273
single_shape,plain2_w16_gap,6071,raw_logit_input_effect_mpp,361.4157066345215
single_shape,plain2_w16_gap,6072,raw_logit_input_effect_mpp,291.0134735107422
single_shape,plain2_w16_gap,6073,raw_logit_input_effect_mpp,319.23504638671875
single_shape,plain2_w16_gap,6074,raw_logit_input_effect_mpp,252.82736015319824
single_shape,plain2_w16_gap,6075,raw_logit_input_effect_mpp,342.08059310913086
single_shape,plain2_w16_gap,6076,raw_logit_input_effect_mpp,263.9910087585449
single_shape,plain2_w16_gap,6077,raw_logit_input_effect_mpp,280.4402160644531
single_shape,plain2_w16_gap,6078,raw_logit_input_effect_mpp,268.7994194030762
single_shape,plain2_w16_gap,6079,raw_logit_input_effect_mpp,369.5614929199219
single_shape,plain2_w16_gap,6080,raw_logit_input_effect_mpp,247.27170181274414
single_shape,plain2_w16_gap,6081,raw_logit_input_effect_mpp,210.0039405822754
single_shape,plain2_w16_gap,6082,raw_logit_input_effect_mpp,327.54813385009766
single_shape,plain2_w16_gap,6083,raw_logit_input_effect_mpp,501.7006530761719
single_shape,plain2_w16_gap,6084,raw_logit_input_effect_mpp,319.17944526672363
single_shape,plain2_w16_gap,6085,raw_logit_input_effect_mpp,273.291051864624
single_shape,plain2_w16_gap,6086,raw_logit_input_effect_mpp,228.48937606811523
single_shape,plain2_w16_gap,6087,raw_logit_input_effect_mpp,245.38091850280762
single_shape,plain2_w16_gap,6088,raw_logit_input_effect_mpp,340.70716667175293
single_shape,plain2_w16_gap,6089,raw_logit_input_effect_mpp,357.62390899658203
single_shape,plain2_w16_gap,6090,raw_logit_input_effect_mpp,200.61975860595703
single_shape,plain2_w16_gap,6091,raw_logit_input_effect_mpp,267.97536849975586
single_shape,plain2_w16_gap,6092,raw_logit_input_effect_mpp,417.57448959350586
single_shape,plain2_w16_gap,6093,raw_logit_input_effect_mpp,270.4938793182373
single_shape,plain2_w16_gap,6094,raw_logit_input_effect_mpp,234.8556842803955
single_shape,plain2_w16_gap,6095,raw_logit_input_effect_mpp,227.77782821655273
single_shape,plain2_w16_gap,6096,raw_logit_input_effect_mpp,381.0452575683594
single_shape,plain2_w16_gap,6097,raw_logit_input_effect_mpp,326.35837173461914
single_shape,plain2_w16_gap,6098,raw_logit_input_effect_mpp,300.7487964630127
single_shape,plain2_w16_gap,6099,raw_logit_input_effect_mpp,327.99382972717285
single_shape,plain2_w16_gmp,6000,raw_logit_input_effect_mpp,207.29496002197266
single_shape,plain2_w16_gmp,6001,raw_logit_input_effect_mpp,206.77810668945312
single_shape,plain2_w16_gmp,6002,raw_logit_input_effect_mpp,183.22967529296875
single_shape,plain2_w16_gmp,6003,raw_logit_input_effect_mpp,230.8007583618164
single_shape,plain2_w16_gmp,6004,raw_logit_input_effect_mpp,211.8595314025879
single_shape,plain2_w16_gmp,6005,raw_logit_input_effect_mpp,202.7162322998047
single_shape,plain2_w16_gmp,6006,raw_logit_input_effect_mpp,174.5281105041504
single_shape,plain2_w16_gmp,6007,raw_logit_input_effect_mpp,186.2085952758789
single_shape,plain2_w16_gmp,6008,raw_logit_input_effect_mpp,160.0130271911621
single_shape,plain2_w16_gmp,6009,raw_logit_input_effect_mpp,211.4400863647461
single_shape,plain2_w16_gmp,6010,raw_logit_input_effect_mpp,156.25642776489258
single_shape,plain2_w16_gmp,6011,raw_logit_input_effect_mpp,191.34230422973633
single_shape,plain2_w16_gmp,6012,raw_logit_input_effect_mpp,213.11890411376953
single_shape,plain2_w16_gmp,6013,raw_logit_input_effect_mpp,159.95403671264648
single_shape,plain2_w16_gmp,6014,raw_logit_input_effect_mpp,158.1594467163086
single_shape,plain2_w16_gmp,6015,raw_logit_input_effect_mpp,211.5998420715332
single_shape,plain2_w16_gmp,6016,raw_logit_input_effect_mpp,224.92572402954102
single_shape,plain2_w16_gmp,6017,raw_logit_input_effect_mpp,226.578369140625
single_shape,plain2_w16_gmp,6018,raw_logit_input_effect_mpp,172.25690078735352
single_shape,plain2_w16_gmp,6019,raw_logit_input_effect_mpp,180.58555603027344
single_shape,plain2_w16_gmp,6020,raw_logit_input_effect_mpp,179.38206481933594
single_shape,plain2_w16_gmp,6021,raw_logit_input_effect_mpp,199.97786331176758
single_shape,plain2_w16_gmp,6022,raw_logit_input_effect_mpp,179.91561126708984
single_shape,plain2_w16_gmp,6023,raw_logit_input_effect_mpp,190.09705352783203
single_shape,plain2_w16_gmp,6024,raw_logit_input_effect_mpp,211.9341278076172
single_shape,plain2_w16_gmp,6025,raw_logit_input_effect_mpp,169.40483474731445
single_shape,plain2_w16_gmp,6026,raw_logit_input_effect_mpp,183.79799270629883
single_shape,plain2_w16_gmp,6027,raw_logit_input_effect_mpp,206.90711975097656
single_shape,plain2_w16_gmp,6028,raw_logit_input_effect_mpp,224.54269409179688
single_shape,plain2_w16_gmp,6029,raw_logit_input_effect_mpp,187.9253273010254
single_shape,plain2_w16_gmp,6030,raw_logit_input_effect_mpp,234.27102661132812
single_shape,plain2_w16_gmp,6031,raw_logit_input_effect_mpp,163.88916015625
single_shape,plain2_w16_gmp,6032,raw_logit_input_effect_mpp,182.56977462768555
single_shape,plain2_w16_gmp,6033,raw_logit_input_effect_mpp,189.55521774291992
single_shape,plain2_w16_gmp,6034,raw_logit_input_effect_mpp,198.37783432006836
single_shape,plain2_w16_gmp,6035,raw_logit_input_effect_mpp,214.0686378479004
single_shape,plain2_w16_gmp,6036,raw_logit_input_effect_mpp,189.79980850219727
single_shape,plain2_w16_gmp,6037,raw_logit_input_effect_mpp,160.89240646362305
single_shape,plain2_w16_gmp,6038,raw_logit_input_effect_mpp,169.6397819519043
single_shape,plain2_w16_gmp,6039,raw_logit_input_effect_mpp,189.00909805297852
single_shape,plain2_w16_gmp,6040,raw_logit_input_effect_mpp,181.36940002441406
single_shape,plain2_w16_gmp,6041,raw_logit_input_effect_mpp,216.77050018310547
single_shape,plain2_w16_gmp,6042,raw_logit_input_effect_mpp,226.54328536987305
single_shape,plain2_w16_gmp,6043,raw_logit_input_effect_mpp,211.60199737548828
single_shape,plain2_w16_gmp,6044,raw_logit_input_effect_mpp,222.5428924560547
single_shape,plain2_w16_gmp,6045,raw_logit_input_effect_mpp,202.7201919555664
single_shape,plain2_w16_gmp,6046,raw_logit_input_effect_mpp,197.28926467895508
single_shape,plain2_w16_gmp,6047,raw_logit_input_effect_mpp,204.68450546264648
single_shape,plain2_w16_gmp,6048,raw_logit_input_effect_mpp,200.41479873657227
single_shape,plain2_w16_gmp,6049,raw_logit_input_effect_mpp,196.96793365478516
single_shape,plain2_w16_gmp,6050,raw_logit_input_effect_mpp,195.16078186035156
single_shape,plain2_w16_gmp,6051,raw_logit_input_effect_mpp,214.98009872436523
single_shape,plain2_w16_gmp,6052,raw_logit_input_effect_mpp,198.1264419555664
single_shape,plain2_w16_gmp,6053,raw_logit_input_effect_mpp,214.98552703857422
single_shape,plain2_w16_gmp,6054,raw_logit_input_effect_mpp,209.74041748046875
single_shape,plain2_w16_gmp,6055,raw_logit_input_effect_mpp,156.97282028198242
single_shape,plain2_w16_gmp,6056,raw_logit_input_effect_mpp,206.54869079589844
single_shape,plain2_w16_gmp,6057,raw_logit_input_effect_mpp,187.4123306274414
single_shape,plain2_w16_gmp,6058,raw_logit_input_effect_mpp,215.18856811523438
single_shape,plain2_w16_gmp,6059,raw_logit_input_effect_mpp,198.47031784057617
single_shape,plain2_w16_gmp,6060,raw_logit_input_effect_mpp,209.33079528808594
single_shape,plain2_w16_gmp,6061,raw_logit_input_effect_mpp,206.51223754882812
single_shape,plain2_w16_gmp,6062,raw_logit_input_effect_mpp,193.0205192565918
single_shape,plain2_w16_gmp,6063,raw_logit_input_effect_mpp,261.5782775878906
single_shape,plain2_w16_gmp,6064,raw_logit_input_effect_mpp,162.71300506591797
single_shape,plain2_w16_gmp,6065,raw_logit_input_effect_mpp,168.98231506347656
single_shape,plain2_w16_gmp,6066,raw_logit_input_effect_mpp,227.82843017578125
single_shape,plain2_w16_gmp,6067,raw_logit_input_effect_mpp,153.67636489868164
single_shape,plain2_w16_gmp,6068,raw_logit_input_effect_mpp,195.13618850708008
single_shape,plain2_w16_gmp,6069,raw_logit_input_effect_mpp,194.50625228881836
single_shape,plain2_w16_gmp,6070,raw_logit_input_effect_mpp,218.82822036743164
single_shape,plain2_w16_gmp,6071,raw_logit_input_effect_mpp,181.04589080810547
single_shape,plain2_w16_gmp,6072,raw_logit_input_effect_mpp,208.59941864013672
single_shape,plain2_w16_gmp,6073,raw_logit_input_effect_mpp,201.7771987915039
single_shape,plain2_w16_gmp,6074,raw_logit_input_effect_mpp,178.0665740966797
single_shape,plain2_w16_gmp,6075,raw_logit_input_effect_mpp,249.87512969970703
single_shape,plain2_w16_gmp,6076,raw_logit_input_effect_mpp,182.48348236083984
single_shape,plain2_w16_gmp,6077,raw_logit_input_effect_mpp,180.03980255126953
single_shape,plain2_w16_gmp,6078,raw_logit_input_effect_mpp,182.43987274169922
single_shape,plain2_w16_gmp,6079,raw_logit_input_effect_mpp,200.27280807495117
single_shape,plain2_w16_gmp,6080,raw_logit_input_effect_mpp,191.5108757019043
single_shape,plain2_w16_gmp,6081,raw_logit_input_effect_mpp,173.19036483764648
single_shape,plain2_w16_gmp,6082,raw_logit_input_effect_mpp,200.85988235473633
single_shape,plain2_w16_gmp,6083,raw_logit_input_effect_mpp,207.0805892944336
single_shape,plain2_w16_gmp,6084,raw_logit_input_effect_mpp,178.09343719482422
single_shape,plain2_w16_gmp,6085,raw_logit_input_effect_mpp,194.64117431640625
single_shape,plain2_w16_gmp,6086,raw_logit_input_effect_mpp,187.32721328735352
single_shape,plain2_w16_gmp,6087,raw_logit_input_effect_mpp,177.0598373413086
single_shape,plain2_w16_gmp,6088,raw_logit_input_effect_mpp,209.43965911865234
single_shape,plain2_w16_gmp,6089,raw_logit_input_effect_mpp,208.1902847290039
single_shape,plain2_w16_gmp,6090,raw_logit_input_effect_mpp,209.61444854736328
single_shape,plain2_w16_gmp,6091,raw_logit_input_effect_mpp,229.99725723266602
single_shape,plain2_w16_gmp,6092,raw_logit_input_effect_mpp,217.77142715454102
single_shape,plain2_w16_gmp,6093,raw_logit_input_effect_mpp,178.53766250610352
single_shape,plain2_w16_gmp,6094,raw_logit_input_effect_mpp,191.02813720703125
single_shape,plain2_w16_gmp,6095,raw_logit_input_effect_mpp,190.2250213623047
single_shape,plain2_w16_gmp,6096,raw_logit_input_effect_mpp,192.65975189208984
single_shape,plain2_w16_gmp,6097,raw_logit_input_effect_mpp,184.6560401916504
single_shape,plain2_w16_gmp,6098,raw_logit_input_effect_mpp,212.59380340576172
single_shape,plain2_w16_gmp,6099,raw_logit_input_effect_mpp,252.11922454833984
single_shape,plain2_w64_gap,6000,raw_logit_input_effect_mpp,206.31874465942383
single_shape,plain2_w64_gap,6001,raw_logit_input_effect_mpp,229.97869110107422
single_shape,plain2_w64_gap,6002,raw_logit_input_effect_mpp,235.6753158569336
single_shape,plain2_w64_gap,6003,raw_logit_input_effect_mpp,208.42084503173828
single_shape,plain2_w64_gap,6004,raw_logit_input_effect_mpp,168.44787979125977
single_shape,plain2_w64_gap,6005,raw_logit_input_effect_mpp,210.38512802124023
single_shape,plain2_w64_gap,6006,raw_logit_input_effect_mpp,203.95489120483398
single_shape,plain2_w64_gap,6007,raw_logit_input_effect_mpp,218.64118194580078
single_shape,plain2_w64_gap,6008,raw_logit_input_effect_mpp,230.81538772583008
single_shape,plain2_w64_gap,6009,raw_logit_input_effect_mpp,199.33335494995117
single_shape,plain2_w64_gap,6010,raw_logit_input_effect_mpp,185.30743026733398
single_shape,plain2_w64_gap,6011,raw_logit_input_effect_mpp,196.83101272583008
single_shape,plain2_w64_gap,6012,raw_logit_input_effect_mpp,247.66202926635742
single_shape,plain2_w64_gap,6013,raw_logit_input_effect_mpp,157.9477081298828
single_shape,plain2_w64_gap,6014,raw_logit_input_effect_mpp,171.13585662841797
single_shape,plain2_w64_gap,6015,raw_logit_input_effect_mpp,269.1736183166504
single_shape,plain2_w64_gap,6016,raw_logit_input_effect_mpp,246.2964096069336
single_shape,plain2_w64_gap,6017,raw_logit_input_effect_mpp,232.63542556762695
single_shape,plain2_w64_gap,6018,raw_logit_input_effect_mpp,239.75122451782227
single_shape,plain2_w64_gap,6019,raw_logit_input_effect_mpp,163.6724853515625
single_shape,plain2_w64_gap,6020,raw_logit_input_effect_mpp,232.22358322143555
single_shape,plain2_w64_gap,6021,raw_logit_input_effect_mpp,296.4040298461914
single_shape,plain2_w64_gap,6022,raw_logit_input_effect_mpp,203.25029754638672
single_shape,plain2_w64_gap,6023,raw_logit_input_effect_mpp,179.2966079711914
single_shape,plain2_w64_gap,6024,raw_logit_input_effect_mpp,260.29816818237305
single_shape,plain2_w64_gap,6025,raw_logit_input_effect_mpp,187.9983673095703
single_shape,plain2_w64_gap,6026,raw_logit_input_effect_mpp,179.66322708129883
single_shape,plain2_w64_gap,6027,raw_logit_input_effect_mpp,261.9284858703613
single_shape,plain2_w64_gap,6028,raw_logit_input_effect_mpp,227.41439819335938
single_shape,plain2_w64_gap,6029,raw_logit_input_effect_mpp,150.98956680297852
single_shape,plain2_w64_gap,6030,raw_logit_input_effect_mpp,216.26605987548828
single_shape,plain2_w64_gap,6031,raw_logit_input_effect_mpp,109.94388580322266
single_shape,plain2_w64_gap,6032,raw_logit_input_effect_mpp,220.08727264404297
single_shape,plain2_w64_gap,6033,raw_logit_input_effect_mpp,201.88635635375977
single_shape,plain2_w64_gap,6034,raw_logit_input_effect_mpp,264.80549240112305
single_shape,plain2_w64_gap,6035,raw_logit_input_effect_mpp,292.1050605773926
single_shape,plain2_w64_gap,6036,raw_logit_input_effect_mpp,169.44203567504883
single_shape,plain2_w64_gap,6037,raw_logit_input_effect_mpp,228.1341323852539
single_shape,plain2_w64_gap,6038,raw_logit_input_effect_mpp,239.22125244140625
single_shape,plain2_w64_gap,6039,raw_logit_input_effect_mpp,158.85651397705078
single_shape,plain2_w64_gap,6040,raw_logit_input_effect_mpp,252.36513900756836
single_shape,plain2_w64_gap,6041,raw_logit_input_effect_mpp,211.44522094726562
single_shape,plain2_w64_gap,6042,raw_logit_input_effect_mpp,270.2721939086914
single_shape,plain2_w64_gap,6043,raw_logit_input_effect_mpp,213.1745948791504
single_shape,plain2_w64_gap,6044,raw_logit_input_effect_mpp,214.9513053894043
single_shape,plain2_w64_gap,6045,raw_logit_input_effect_mpp,226.85525512695312
single_shape,plain2_w64_gap,6046,raw_logit_input_effect_mpp,172.36495208740234
single_shape,plain2_w64_gap,6047,raw_logit_input_effect_mpp,188.3647232055664
single_shape,plain2_w64_gap,6048,raw_logit_input_effect_mpp,265.5692939758301
single_shape,plain2_w64_gap,6049,raw_logit_input_effect_mpp,199.87347793579102
single_shape,plain2_w64_gap,6050,raw_logit_input_effect_mpp,238.72090911865234
single_shape,plain2_w64_gap,6051,raw_logit_input_effect_mpp,233.9272346496582
single_shape,plain2_w64_gap,6052,raw_logit_input_effect_mpp,194.12427139282227
single_shape,plain2_w64_gap,6053,raw_logit_input_effect_mpp,279.4926452636719
single_shape,plain2_w64_gap,6054,raw_logit_input_effect_mpp,225.06348419189453
single_shape,plain2_w64_gap,6055,raw_logit_input_effect_mpp,197.68626403808594
single_shape,plain2_w64_gap,6056,raw_logit_input_effect_mpp,201.4287338256836
single_shape,plain2_w64_gap,6057,raw_logit_input_effect_mpp,147.4688262939453
single_shape,plain2_w64_gap,6058,raw_logit_input_effect_mpp,228.81145095825195
single_shape,plain2_w64_gap,6059,raw_logit_input_effect_mpp,154.94044494628906
single_shape,plain2_w64_gap,6060,raw_logit_input_effect_mpp,247.93516159057617
single_shape,plain2_w64_gap,6061,raw_logit_input_effect_mpp,187.2299575805664
single_shape,plain2_w64_gap,6062,raw_logit_input_effect_mpp,241.75611877441406
single_shape,plain2_w64_gap,6063,raw_logit_input_effect_mpp,191.6655387878418
single_shape,plain2_w64_gap,6064,raw_logit_input_effect_mpp,169.86605834960938
single_shape,plain2_w64_gap,6065,raw_logit_input_effect_mpp,194.84450912475586
single_shape,plain2_w64_gap,6066,raw_logit_input_effect_mpp,244.61609649658203
single_shape,plain2_w64_gap,6067,raw_logit_input_effect_mpp,258.2520523071289
single_shape,plain2_w64_gap,6068,raw_logit_input_effect_mpp,224.70249557495117
single_shape,plain2_w64_gap,6069,raw_logit_input_effect_mpp,231.65968322753906
single_shape,plain2_w64_gap,6070,raw_logit_input_effect_mpp,185.80637741088867
single_shape,plain2_w64_gap,6071,raw_logit_input_effect_mpp,255.04401779174805
single_shape,plain2_w64_gap,6072,raw_logit_input_effect_mpp,172.7630844116211
single_shape,plain2_w64_gap,6073,raw_logit_input_effect_mpp,178.6877784729004
single_shape,plain2_w64_gap,6074,raw_logit_input_effect_mpp,338.1895408630371
single_shape,plain2_w64_gap,6075,raw_logit_input_effect_mpp,273.0116767883301
single_shape,plain2_w64_gap,6076,raw_logit_input_effect_mpp,185.93603134155273
single_shape,plain2_w64_gap,6077,raw_logit_input_effect_mpp,176.90780639648438
single_shape,plain2_w64_gap,6078,raw_logit_input_effect_mpp,195.36017608642578
single_shape,plain2_w64_gap,6079,raw_logit_input_effect_mpp,272.9096221923828
single_shape,plain2_w64_gap,6080,raw_logit_input_effect_mpp,207.04205703735352
single_shape,plain2_w64_gap,6081,raw_logit_input_effect_mpp,147.9715461730957
single_shape,plain2_w64_gap,6082,raw_logit_input_effect_mpp,197.58858489990234
single_shape,plain2_w64_gap,6083,raw_logit_input_effect_mpp,203.02703094482422
single_shape,plain2_w64_gap,6084,raw_logit_input_effect_mpp,191.99123001098633
single_shape,plain2_w64_gap,6085,raw_logit_input_effect_mpp,202.8348846435547
single_shape,plain2_w64_gap,6086,raw_logit_input_effect_mpp,260.1345634460449
single_shape,plain2_w64_gap,6087,raw_logit_input_effect_mpp,210.4051399230957
single_shape,plain2_w64_gap,6088,raw_logit_input_effect_mpp,273.49344635009766
single_shape,plain2_w64_gap,6089,raw_logit_input_effect_mpp,205.9313735961914
single_shape,plain2_w64_gap,6090,raw_logit_input_effect_mpp,201.08318328857422
single_shape,plain2_w64_gap,6091,raw_logit_input_effect_mpp,210.47583389282227
single_shape,plain2_w64_gap,6092,raw_logit_input_effect_mpp,236.50915908813477
single_shape,plain2_w64_gap,6093,raw_logit_input_effect_mpp,192.52297592163086
single_shape,plain2_w64_gap,6094,raw_logit_input_effect_mpp,136.98698043823242
single_shape,plain2_w64_gap,6095,raw_logit_input_effect_mpp,216.33574295043945
single_shape,plain2_w64_gap,6096,raw_logit_input_effect_mpp,246.4551887512207
single_shape,plain2_w64_gap,6097,raw_logit_input_effect_mpp,192.9659881591797
single_shape,plain2_w64_gap,6098,raw_logit_input_effect_mpp,250.8724250793457
single_shape,plain2_w64_gap,6099,raw_logit_input_effect_mpp,195.99779891967773
single_shape,plain2_w64_gmp,6000,raw_logit_input_effect_mpp,172.17076873779297
single_shape,plain2_w64_gmp,6001,raw_logit_input_effect_mpp,189.4818344116211
single_shape,plain2_w64_gmp,6002,raw_logit_input_effect_mpp,174.32461547851562
single_shape,plain2_w64_gmp,6003,raw_logit_input_effect_mpp,146.7399444580078
single_shape,plain2_w64_gmp,6004,raw_logit_input_effect_mpp,153.36046600341797
single_shape,plain2_w64_gmp,6005,raw_logit_input_effect_mpp,146.69476318359375
single_shape,plain2_w64_gmp,6006,raw_logit_input_effect_mpp,138.87564086914062
single_shape,plain2_w64_gmp,6007,raw_logit_input_effect_mpp,157.42719268798828
single_shape,plain2_w64_gmp,6008,raw_logit_input_effect_mpp,134.52671813964844
single_shape,plain2_w64_gmp,6009,raw_logit_input_effect_mpp,176.5955352783203
single_shape,plain2_w64_gmp,6010,raw_logit_input_effect_mpp,141.80316925048828
single_shape,plain2_w64_gmp,6011,raw_logit_input_effect_mpp,160.3153839111328
single_shape,plain2_w64_gmp,6012,raw_logit_input_effect_mpp,148.95375061035156
single_shape,plain2_w64_gmp,6013,raw_logit_input_effect_mpp,134.9630584716797
single_shape,plain2_w64_gmp,6014,raw_logit_input_effect_mpp,133.06971740722656
single_shape,plain2_w64_gmp,6015,raw_logit_input_effect_mpp,174.30170440673828
single_shape,plain2_w64_gmp,6016,raw_logit_input_effect_mpp,156.1073989868164
single_shape,plain2_w64_gmp,6017,raw_logit_input_effect_mpp,179.48974609375
single_shape,plain2_w64_gmp,6018,raw_logit_input_effect_mpp,136.03012084960938
single_shape,plain2_w64_gmp,6019,raw_logit_input_effect_mpp,146.674072265625
single_shape,plain2_w64_gmp,6020,raw_logit_input_effect_mpp,161.8157501220703
single_shape,plain2_w64_gmp,6021,raw_logit_input_effect_mpp,151.98507690429688
single_shape,plain2_w64_gmp,6022,raw_logit_input_effect_mpp,118.01707458496094
single_shape,plain2_w64_gmp,6023,raw_logit_input_effect_mpp,155.1932601928711
single_shape,plain2_w64_gmp,6024,raw_logit_input_effect_mpp,162.57437133789062
single_shape,plain2_w64_gmp,6025,raw_logit_input_effect_mpp,137.99475860595703
single_shape,plain2_w64_gmp,6026,raw_logit_input_effect_mpp,168.79451751708984
single_shape,plain2_w64_gmp,6027,raw_logit_input_effect_mpp,178.08234405517578
single_shape,plain2_w64_gmp,6028,raw_logit_input_effect_mpp,180.30740356445312
single_shape,plain2_w64_gmp,6029,raw_logit_input_effect_mpp,148.94566345214844
single_shape,plain2_w64_gmp,6030,raw_logit_input_effect_mpp,192.03008270263672
single_shape,plain2_w64_gmp,6031,raw_logit_input_effect_mpp,145.92382049560547
single_shape,plain2_w64_gmp,6032,raw_logit_input_effect_mpp,146.51537322998047
single_shape,plain2_w64_gmp,6033,raw_logit_input_effect_mpp,154.83161163330078
single_shape,plain2_w64_gmp,6034,raw_logit_input_effect_mpp,164.69773864746094
single_shape,plain2_w64_gmp,6035,raw_logit_input_effect_mpp,179.8202362060547
single_shape,plain2_w64_gmp,6036,raw_logit_input_effect_mpp,148.67308044433594
single_shape,plain2_w64_gmp,6037,raw_logit_input_effect_mpp,128.06610870361328
single_shape,plain2_w64_gmp,6038,raw_logit_input_effect_mpp,161.2060775756836
single_shape,plain2_w64_gmp,6039,raw_logit_input_effect_mpp,164.8071746826172
single_shape,plain2_w64_gmp,6040,raw_logit_input_effect_mpp,141.25695037841797
single_shape,plain2_w64_gmp,6041,raw_logit_input_effect_mpp,175.99192810058594
single_shape,plain2_w64_gmp,6042,raw_logit_input_effect_mpp,176.72549438476562
single_shape,plain2_w64_gmp,6043,raw_logit_input_effect_mpp,167.55362701416016
single_shape,plain2_w64_gmp,6044,raw_logit_input_effect_mpp,157.77339935302734
single_shape,plain2_w64_gmp,6045,raw_logit_input_effect_mpp,191.15523529052734
single_shape,plain2_w64_gmp,6046,raw_logit_input_effect_mpp,135.96780395507812
single_shape,plain2_w64_gmp,6047,raw_logit_input_effect_mpp,153.15771484375
single_shape,plain2_w64_gmp,6048,raw_logit_input_effect_mpp,149.9460906982422
single_shape,plain2_w64_gmp,6049,raw_logit_input_effect_mpp,160.71424865722656
single_shape,plain2_w64_gmp,6050,raw_logit_input_effect_mpp,161.90241241455078
single_shape,plain2_w64_gmp,6051,raw_logit_input_effect_mpp,195.84950256347656
single_shape,plain2_w64_gmp,6052,raw_logit_input_effect_mpp,160.0612030029297
single_shape,plain2_w64_gmp,6053,raw_logit_input_effect_mpp,154.0994873046875
single_shape,plain2_w64_gmp,6054,raw_logit_input_effect_mpp,176.66100311279297
single_shape,plain2_w64_gmp,6055,raw_logit_input_effect_mpp,136.61817932128906
single_shape,plain2_w64_gmp,6056,raw_logit_input_effect_mpp,169.45662689208984
single_shape,plain2_w64_gmp,6057,raw_logit_input_effect_mpp,151.54085540771484
single_shape,plain2_w64_gmp,6058,raw_logit_input_effect_mpp,166.3855743408203
single_shape,plain2_w64_gmp,6059,raw_logit_input_effect_mpp,137.85779571533203
single_shape,plain2_w64_gmp,6060,raw_logit_input_effect_mpp,148.9924774169922
single_shape,plain2_w64_gmp,6061,raw_logit_input_effect_mpp,174.66525268554688
single_shape,plain2_w64_gmp,6062,raw_logit_input_effect_mpp,164.7343978881836
single_shape,plain2_w64_gmp,6063,raw_logit_input_effect_mpp,188.10614013671875
single_shape,plain2_w64_gmp,6064,raw_logit_input_effect_mpp,123.39399719238281
single_shape,plain2_w64_gmp,6065,raw_logit_input_effect_mpp,164.3901824951172
single_shape,plain2_w64_gmp,6066,raw_logit_input_effect_mpp,173.78099822998047
single_shape,plain2_w64_gmp,6067,raw_logit_input_effect_mpp,131.33998107910156
single_shape,plain2_w64_gmp,6068,raw_logit_input_effect_mpp,162.09537506103516
single_shape,plain2_w64_gmp,6069,raw_logit_input_effect_mpp,161.33600616455078
single_shape,plain2_w64_gmp,6070,raw_logit_input_effect_mpp,146.25619506835938
single_shape,plain2_w64_gmp,6071,raw_logit_input_effect_mpp,149.2071304321289
single_shape,plain2_w64_gmp,6072,raw_logit_input_effect_mpp,175.5985336303711
single_shape,plain2_w64_gmp,6073,raw_logit_input_effect_mpp,175.1254119873047
single_shape,plain2_w64_gmp,6074,raw_logit_input_effect_mpp,149.6345443725586
single_shape,plain2_w64_gmp,6075,raw_logit_input_effect_mpp,173.98977661132812
single_shape,plain2_w64_gmp,6076,raw_logit_input_effect_mpp,155.33702850341797
single_shape,plain2_w64_gmp,6077,raw_logit_input_effect_mpp,126.50979614257812
single_shape,plain2_w64_gmp,6078,raw_logit_input_effect_mpp,162.95835876464844
single_shape,plain2_w64_gmp,6079,raw_logit_input_effect_mpp,154.44293975830078
single_shape,plain2_w64_gmp,6080,raw_logit_input_effect_mpp,161.06880950927734
single_shape,plain2_w64_gmp,6081,raw_logit_input_effect_mpp,144.79971313476562
single_shape,plain2_w64_gmp,6082,raw_logit_input_effect_mpp,155.27931213378906
single_shape,plain2_w64_gmp,6083,raw_logit_input_effect_mpp,154.05023193359375
single_shape,plain2_w64_gmp,6084,raw_logit_input_effect_mpp,160.20823669433594
single_shape,plain2_w64_gmp,6085,raw_logit_input_effect_mpp,143.88429260253906
single_shape,plain2_w64_gmp,6086,raw_logit_input_effect_mpp,152.82103729248047
single_shape,plain2_w64_gmp,6087,raw_logit_input_effect_mpp,138.98334503173828
single_shape,plain2_w64_gmp,6088,raw_logit_input_effect_mpp,156.2380599975586
single_shape,plain2_w64_gmp,6089,raw_logit_input_effect_mpp,148.57347869873047
single_shape,plain2_w64_gmp,6090,raw_logit_input_effect_mpp,151.9678497314453
single_shape,plain2_w64_gmp,6091,raw_logit_input_effect_mpp,162.23221588134766
single_shape,plain2_w64_gmp,6092,raw_logit_input_effect_mpp,163.00835418701172
single_shape,plain2_w64_gmp,6093,raw_logit_input_effect_mpp,146.117431640625
single_shape,plain2_w64_gmp,6094,raw_logit_input_effect_mpp,149.0584945678711
single_shape,plain2_w64_gmp,6095,raw_logit_input_effect_mpp,150.61945343017578
single_shape,plain2_w64_gmp,6096,raw_logit_input_effect_mpp,163.47068786621094
single_shape,plain2_w64_gmp,6097,raw_logit_input_effect_mpp,146.23834228515625
single_shape,plain2_w64_gmp,6098,raw_logit_input_effect_mpp,169.31758880615234
single_shape,plain2_w64_gmp,6099,raw_logit_input_effect_mpp,205.00045013427734
single_shape,plain4_w16_gap,6000,raw_logit_input_effect_mpp,1152.0774536132812
single_shape,plain4_w16_gap,6001,raw_logit_input_effect_mpp,1875.5283203125
single_shape,plain4_w16_gap,6002,raw_logit_input_effect_mpp,1860.408935546875
single_shape,plain4_w16_gap,6003,raw_logit_input_effect_mpp,1222.2699584960938
single_shape,plain4_w16_gap,6004,raw_logit_input_effect_mpp,1462.9148864746094
single_shape,plain4_w16_gap,6005,raw_logit_input_effect_mpp,2837.174774169922
single_shape,plain4_w16_gap,6006,raw_logit_input_effect_mpp,1200.9617767333984
single_shape,plain4_w16_gap,6007,raw_logit_input_effect_mpp,1667.5708923339844
single_shape,plain4_w16_gap,6008,raw_logit_input_effect_mpp,1111.5054626464844
single_shape,plain4_w16_gap,6009,raw_logit_input_effect_mpp,2696.424346923828
single_shape,plain4_w16_gap,6010,raw_logit_input_effect_mpp,1313.0357055664062
single_shape,plain4_w16_gap,6011,raw_logit_input_effect_mpp,682.5260620117188
single_shape,plain4_w16_gap,6012,raw_logit_input_effect_mpp,1960.135238647461
single_shape,plain4_w16_gap,6013,raw_logit_input_effect_mpp,951.7598266601562
single_shape,plain4_w16_gap,6014,raw_logit_input_effect_mpp,514.677490234375
single_shape,plain4_w16_gap,6015,raw_logit_input_effect_mpp,1112.2564392089844
single_shape,plain4_w16_gap,6016,raw_logit_input_effect_mpp,1179.3670349121094
single_shape,plain4_w16_gap,6017,raw_logit_input_effect_mpp,1356.8196105957031
single_shape,plain4_w16_gap,6018,raw_logit_input_effect_mpp,1209.3652954101562
single_shape,plain4_w16_gap,6019,raw_logit_input_effect_mpp,1283.3915405273438
single_shape,plain4_w16_gap,6020,raw_logit_input_effect_mpp,1233.2195587158203
single_shape,plain4_w16_gap,6021,raw_logit_input_effect_mpp,1117.0155487060547
single_shape,plain4_w16_gap,6022,raw_logit_input_effect_mpp,2270.5508728027344
single_shape,plain4_w16_gap,6023,raw_logit_input_effect_mpp,951.1768188476562
single_shape,plain4_w16_gap,6024,raw_logit_input_effect_mpp,2256.470703125
single_shape,plain4_w16_gap,6025,raw_logit_input_effect_mpp,851.0306701660156
single_shape,plain4_w16_gap,6026,raw_logit_input_effect_mpp,704.7014007568359
single_shape,plain4_w16_gap,6027,raw_logit_input_effect_mpp,982.4431762695312
single_shape,plain4_w16_gap,6028,raw_logit_input_effect_mpp,1084.5874938964844
single_shape,plain4_w16_gap,6029,raw_logit_input_effect_mpp,1534.6839599609375
single_shape,plain4_w16_gap,6030,raw_logit_input_effect_mpp,1280.5384216308594
single_shape,plain4_w16_gap,6031,raw_logit_input_effect_mpp,1497.3896789550781
single_shape,plain4_w16_gap,6032,raw_logit_input_effect_mpp,301.28160095214844
single_shape,plain4_w16_gap,6033,raw_logit_input_effect_mpp,760.0068206787109
single_shape,plain4_w16_gap,6034,raw_logit_input_effect_mpp,3076.7555236816406
single_shape,plain4_w16_gap,6035,raw_logit_input_effect_mpp,2222.6024780273438
single_shape,plain4_w16_gap,6036,raw_logit_input_effect_mpp,1635.79931640625
single_shape,plain4_w16_gap,6037,raw_logit_input_effect_mpp,1174.2295837402344
single_shape,plain4_w16_gap,6038,raw_logit_input_effect_mpp,1120.3799743652344
single_shape,plain4_w16_gap,6039,raw_logit_input_effect_mpp,1880.1069030761719
single_shape,plain4_w16_gap,6040,raw_logit_input_effect_mpp,2534.5701904296875
single_shape,plain4_w16_gap,6041,raw_logit_input_effect_mpp,779.7585754394531
single_shape,plain4_w16_gap,6042,raw_logit_input_effect_mpp,2298.4810180664062
single_shape,plain4_w16_gap,6043,raw_logit_input_effect_mpp,1278.6737670898438
single_shape,plain4_w16_gap,6044,raw_logit_input_effect_mpp,1607.7444458007812
single_shape,plain4_w16_gap,6045,raw_logit_input_effect_mpp,1821.6234130859375
single_shape,plain4_w16_gap,6046,raw_logit_input_effect_mpp,1384.7557067871094
single_shape,plain4_w16_gap,6047,raw_logit_input_effect_mpp,1125.6034240722656
single_shape,plain4_w16_gap,6048,raw_logit_input_effect_mpp,1872.4168395996094
single_shape,plain4_w16_gap,6049,raw_logit_input_effect_mpp,1205.9554443359375
single_shape,plain4_w16_gap,6050,raw_logit_input_effect_mpp,1713.3207397460938
single_shape,plain4_w16_gap,6051,raw_logit_input_effect_mpp,-485.4622802734375
single_shape,plain4_w16_gap,6052,raw_logit_input_effect_mpp,1908.3926391601562
single_shape,plain4_w16_gap,6053,raw_logit_input_effect_mpp,1356.2232666015625
single_shape,plain4_w16_gap,6054,raw_logit_input_effect_mpp,2642.6715087890625
single_shape,plain4_w16_gap,6055,raw_logit_input_effect_mpp,2041.3414611816406
single_shape,plain4_w16_gap,6056,raw_logit_input_effect_mpp,16.85858154296875
single_shape,plain4_w16_gap,6057,raw_logit_input_effect_mpp,1429.6174621582031
single_shape,plain4_w16_gap,6058,raw_logit_input_effect_mpp,1344.3596801757812
single_shape,plain4_w16_gap,6059,raw_logit_input_effect_mpp,2166.495361328125
single_shape,plain4_w16_gap,6060,raw_logit_input_effect_mpp,971.2776489257812
single_shape,plain4_w16_gap,6061,raw_logit_input_effect_mpp,991.4285430908203
single_shape,plain4_w16_gap,6062,raw_logit_input_effect_mpp,1822.6448974609375
single_shape,plain4_w16_gap,6063,raw_logit_input_effect_mpp,978.5303344726562
single_shape,plain4_w16_gap,6064,raw_logit_input_effect_mpp,828.6690368652344
single_shape,plain4_w16_gap,6065,raw_logit_input_effect_mpp,1313.2598876953125
single_shape,plain4_w16_gap,6066,raw_logit_input_effect_mpp,1623.882553100586
single_shape,plain4_w16_gap,6067,raw_logit_input_effect_mpp,1257.9999389648438
single_shape,plain4_w16_gap,6068,raw_logit_input_effect_mpp,1779.7088012695312
single_shape,plain4_w16_gap,6069,raw_logit_input_effect_mpp,1086.9717102050781
single_shape,plain4_w16_gap,6070,raw_logit_input_effect_mpp,679.6579895019531
single_shape,plain4_w16_gap,6071,raw_logit_input_effect_mpp,1652.5005493164062
single_shape,plain4_w16_gap,6072,raw_logit_input_effect_mpp,1357.4963989257812
single_shape,plain4_w16_gap,6073,raw_logit_input_effect_mpp,1570.0358581542969
single_shape,plain4_w16_gap,6074,raw_logit_input_effect_mpp,1132.8248901367188
single_shape,plain4_w16_gap,6075,raw_logit_input_effect_mpp,1774.1412658691406
single_shape,plain4_w16_gap,6076,raw_logit_input_effect_mpp,1194.5924682617188
single_shape,plain4_w16_gap,6077,raw_logit_input_effect_mpp,2163.7493896484375
single_shape,plain4_w16_gap,6078,raw_logit_input_effect_mpp,1021.5597534179688
single_shape,plain4_w16_gap,6079,raw_logit_input_effect_mpp,1026.2724609375
single_shape,plain4_w16_gap,6080,raw_logit_input_effect_mpp,2282.0676879882812
single_shape,plain4_w16_gap,6081,raw_logit_input_effect_mpp,984.56591796875
single_shape,plain4_w16_gap,6082,raw_logit_input_effect_mpp,1296.7166748046875
single_shape,plain4_w16_gap,6083,raw_logit_input_effect_mpp,1576.5000915527344
single_shape,plain4_w16_gap,6084,raw_logit_input_effect_mpp,2840.6390380859375
single_shape,plain4_w16_gap,6085,raw_logit_input_effect_mpp,1752.3587646484375
single_shape,plain4_w16_gap,6086,raw_logit_input_effect_mpp,864.1278991699219
single_shape,plain4_w16_gap,6087,raw_logit_input_effect_mpp,926.3108825683594
single_shape,plain4_w16_gap,6088,raw_logit_input_effect_mpp,1329.7296752929688
single_shape,plain4_w16_gap,6089,raw_logit_input_effect_mpp,1019.5907592773438
single_shape,plain4_w16_gap,6090,raw_logit_input_effect_mpp,1033.4327697753906
single_shape,plain4_w16_gap,6091,raw_logit_input_effect_mpp,1570.4828796386719
single_shape,plain4_w16_gap,6092,raw_logit_input_effect_mpp,1217.5144653320312
single_shape,plain4_w16_gap,6093,raw_logit_input_effect_mpp,2682.0105590820312
single_shape,plain4_w16_gap,6094,raw_logit_input_effect_mpp,2158.780731201172
single_shape,plain4_w16_gap,6095,raw_logit_input_effect_mpp,1782.7921447753906
single_shape,plain4_w16_gap,6096,raw_logit_input_effect_mpp,1036.1192932128906
single_shape,plain4_w16_gap,6097,raw_logit_input_effect_mpp,1435.9030456542969
single_shape,plain4_w16_gap,6098,raw_logit_input_effect_mpp,3297.2352294921875
single_shape,plain4_w16_gap,6099,raw_logit_input_effect_mpp,2356.992889404297
single_shape,plain4_w16_gmp,6000,raw_logit_input_effect_mpp,298.84417724609375
single_shape,plain4_w16_gmp,6001,raw_logit_input_effect_mpp,161.99127197265625
single_shape,plain4_w16_gmp,6002,raw_logit_input_effect_mpp,199.1552276611328
single_shape,plain4_w16_gmp,6003,raw_logit_input_effect_mpp,155.5504150390625
single_shape,plain4_w16_gmp,6004,raw_logit_input_effect_mpp,277.2947998046875
single_shape,plain4_w16_gmp,6005,raw_logit_input_effect_mpp,231.54551696777344
single_shape,plain4_w16_gmp,6006,raw_logit_input_effect_mpp,197.13307189941406
single_shape,plain4_w16_gmp,6007,raw_logit_input_effect_mpp,264.3529968261719
single_shape,plain4_w16_gmp,6008,raw_logit_input_effect_mpp,181.602783203125
single_shape,plain4_w16_gmp,6009,raw_logit_input_effect_mpp,246.0045623779297
single_shape,plain4_w16_gmp,6010,raw_logit_input_effect_mpp,210.097900390625
single_shape,plain4_w16_gmp,6011,raw_logit_input_effect_mpp,186.84092712402344
single_shape,plain4_w16_gmp,6012,raw_logit_input_effect_mpp,173.5448455810547
single_shape,plain4_w16_gmp,6013,raw_logit_input_effect_mpp,250.5199737548828
single_shape,plain4_w16_gmp,6014,raw_logit_input_effect_mpp,181.73577880859375
single_shape,plain4_w16_gmp,6015,raw_logit_input_effect_mpp,155.4312286376953
single_shape,plain4_w16_gmp,6016,raw_logit_input_effect_mpp,215.26620483398438
single_shape,plain4_w16_gmp,6017,raw_logit_input_effect_mpp,401.4742736816406
single_shape,plain4_w16_gmp,6018,raw_logit_input_effect_mpp,190.43572998046875
single_shape,plain4_w16_gmp,6019,raw_logit_input_effect_mpp,144.07757568359375
single_shape,plain4_w16_gmp,6020,raw_logit_input_effect_mpp,202.75115966796875
single_shape,plain4_w16_gmp,6021,raw_logit_input_effect_mpp,218.37661743164062
single_shape,plain4_w16_gmp,6022,raw_logit_input_effect_mpp,197.37332153320312
single_shape,plain4_w16_gmp,6023,raw_logit_input_effect_mpp,215.1278076171875
single_shape,plain4_w16_gmp,6024,raw_logit_input_effect_mpp,171.27420043945312
single_shape,plain4_w16_gmp,6025,raw_logit_input_effect_mpp,199.61300659179688
single_shape,plain4_w16_gmp,6026,raw_logit_input_effect_mpp,167.3480682373047
single_shape,plain4_w16_gmp,6027,raw_logit_input_effect_mpp,292.0956115722656
single_shape,plain4_w16_gmp,6028,raw_logit_input_effect_mpp,255.9110107421875
single_shape,plain4_w16_gmp,6029,raw_logit_input_effect_mpp,148.55210876464844
single_shape,plain4_w16_gmp,6030,raw_logit_input_effect_mpp,233.44546508789062
single_shape,plain4_w16_gmp,6031,raw_logit_input_effect_mpp,273.88832092285156
single_shape,plain4_w16_gmp,6032,raw_logit_input_effect_mpp,178.8722686767578
single_shape,plain4_w16_gmp,6033,raw_logit_input_effect_mpp,240.97256469726562
single_shape,plain4_w16_gmp,6034,raw_logit_input_effect_mpp,227.4854278564453
single_shape,plain4_w16_gmp,6035,raw_logit_input_effect_mpp,155.2111053466797
single_shape,plain4_w16_gmp,6036,raw_logit_input_effect_mpp,233.35809326171875
single_shape,plain4_w16_gmp,6037,raw_logit_input_effect_mpp,219.3962860107422
single_shape,plain4_w16_gmp,6038,raw_logit_input_effect_mpp,153.97756958007812
single_shape,plain4_w16_gmp,6039,raw_logit_input_effect_mpp,227.18849182128906
single_shape,plain4_w16_gmp,6040,raw_logit_input_effect_mpp,264.3905029296875
single_shape,plain4_w16_gmp,6041,raw_logit_input_effect_mpp,184.78172302246094
single_shape,plain4_w16_gmp,6042,raw_logit_input_effect_mpp,241.1834259033203
single_shape,plain4_w16_gmp,6043,raw_logit_input_effect_mpp,280.65711975097656
single_shape,plain4_w16_gmp,6044,raw_logit_input_effect_mpp,227.75196838378906
single_shape,plain4_w16_gmp,6045,raw_logit_input_effect_mpp,290.4934387207031
single_shape,plain4_w16_gmp,6046,raw_logit_input_effect_mpp,192.9910430908203
single_shape,plain4_w16_gmp,6047,raw_logit_input_effect_mpp,269.57757568359375
single_shape,plain4_w16_gmp,6048,raw_logit_input_effect_mpp,171.66592407226562
single_shape,plain4_w16_gmp,6049,raw_logit_input_effect_mpp,298.71868896484375
single_shape,plain4_w16_gmp,6050,raw_logit_input_effect_mpp,181.91001892089844
single_shape,plain4_w16_gmp,6051,raw_logit_input_effect_mpp,205.44439697265625
single_shape,plain4_w16_gmp,6052,raw_logit_input_effect_mpp,167.10414123535156
single_shape,plain4_w16_gmp,6053,raw_logit_input_effect_mpp,283.9719543457031
single_shape,plain4_w16_gmp,6054,raw_logit_input_effect_mpp,129.06146240234375
single_shape,plain4_w16_gmp,6055,raw_logit_input_effect_mpp,196.3831024169922
single_shape,plain4_w16_gmp,6056,raw_logit_input_effect_mpp,239.799072265625
single_shape,plain4_w16_gmp,6057,raw_logit_input_effect_mpp,379.6057586669922
single_shape,plain4_w16_gmp,6058,raw_logit_input_effect_mpp,698.5158081054688
single_shape,plain4_w16_gmp,6059,raw_logit_input_effect_mpp,192.4148406982422
single_shape,plain4_w16_gmp,6060,raw_logit_input_effect_mpp,231.32244873046875
single_shape,plain4_w16_gmp,6061,raw_logit_input_effect_mpp,181.5997314453125
single_shape,plain4_w16_gmp,6062,raw_logit_input_effect_mpp,316.0041809082031
single_shape,plain4_w16_gmp,6063,raw_logit_input_effect_mpp,250.74331665039062
single_shape,plain4_w16_gmp,6064,raw_logit_input_effect_mpp,176.54652404785156
single_shape,plain4_w16_gmp,6065,raw_logit_input_effect_mpp,267.2622985839844
single_shape,plain4_w16_gmp,6066,raw_logit_input_effect_mpp,270.1327209472656
single_shape,plain4_w16_gmp,6067,raw_logit_input_effect_mpp,150.0464324951172
single_shape,plain4_w16_gmp,6068,raw_logit_input_effect_mpp,204.31613159179688
single_shape,plain4_w16_gmp,6069,raw_logit_input_effect_mpp,268.9422302246094
single_shape,plain4_w16_gmp,6070,raw_logit_input_effect_mpp,256.471923828125
single_shape,plain4_w16_gmp,6071,raw_logit_input_effect_mpp,252.6893310546875
single_shape,plain4_w16_gmp,6072,raw_logit_input_effect_mpp,234.33639526367188
single_shape,plain4_w16_gmp,6073,raw_logit_input_effect_mpp,237.6981201171875
single_shape,plain4_w16_gmp,6074,raw_logit_input_effect_mpp,182.11338806152344
single_shape,plain4_w16_gmp,6075,raw_logit_input_effect_mpp,310.5807800292969
single_shape,plain4_w16_gmp,6076,raw_logit_input_effect_mpp,243.7494659423828
single_shape,plain4_w16_gmp,6077,raw_logit_input_effect_mpp,149.23495483398438
single_shape,plain4_w16_gmp,6078,raw_logit_input_effect_mpp,282.3126678466797
single_shape,plain4_w16_gmp,6079,raw_logit_input_effect_mpp,7.3544769287109375
single_shape,plain4_w16_gmp,6080,raw_logit_input_effect_mpp,255.66883850097656
single_shape,plain4_w16_gmp,6081,raw_logit_input_effect_mpp,370.7109069824219
single_shape,plain4_w16_gmp,6082,raw_logit_input_effect_mpp,209.57208251953125
single_shape,plain4_w16_gmp,6083,raw_logit_input_effect_mpp,225.6072235107422
single_shape,plain4_w16_gmp,6084,raw_logit_input_effect_mpp,312.86944580078125
single_shape,plain4_w16_gmp,6085,raw_logit_input_effect_mpp,189.8634490966797
single_shape,plain4_w16_gmp,6086,raw_logit_input_effect_mpp,252.11856079101562
single_shape,plain4_w16_gmp,6087,raw_logit_input_effect_mpp,196.8123779296875
single_shape,plain4_w16_gmp,6088,raw_logit_input_effect_mpp,170.188720703125
single_shape,plain4_w16_gmp,6089,raw_logit_input_effect_mpp,236.58746337890625
single_shape,plain4_w16_gmp,6090,raw_logit_input_effect_mpp,247.2284698486328
single_shape,plain4_w16_gmp,6091,raw_logit_input_effect_mpp,291.34983825683594
single_shape,plain4_w16_gmp,6092,raw_logit_input_effect_mpp,176.35604858398438
single_shape,plain4_w16_gmp,6093,raw_logit_input_effect_mpp,247.45809936523438
single_shape,plain4_w16_gmp,6094,raw_logit_input_effect_mpp,176.2355499267578
single_shape,plain4_w16_gmp,6095,raw_logit_input_effect_mpp,206.09335327148438
single_shape,plain4_w16_gmp,6096,raw_logit_input_effect_mpp,183.84616088867188
single_shape,plain4_w16_gmp,6097,raw_logit_input_effect_mpp,226.25128173828125
single_shape,plain4_w16_gmp,6098,raw_logit_input_effect_mpp,172.7041778564453
single_shape,plain4_w16_gmp,6099,raw_logit_input_effect_mpp,257.5470886230469
single_shape,plain4_w64_gap,6000,raw_logit_input_effect_mpp,2315.8556518554688
single_shape,plain4_w64_gap,6001,raw_logit_input_effect_mpp,720.5269775390625
single_shape,plain4_w64_gap,6002,raw_logit_input_effect_mpp,515.4731140136719
single_shape,plain4_w64_gap,6003,raw_logit_input_effect_mpp,828.1445617675781
single_shape,plain4_w64_gap,6004,raw_logit_input_effect_mpp,857.4548645019531
single_shape,plain4_w64_gap,6005,raw_logit_input_effect_mpp,97.48614501953125
single_shape,plain4_w64_gap,6006,raw_logit_input_effect_mpp,2527.420166015625
single_shape,plain4_w64_gap,6007,raw_logit_input_effect_mpp,345.27069091796875
single_shape,plain4_w64_gap,6008,raw_logit_input_effect_mpp,1099.4399719238281
single_shape,plain4_w64_gap,6009,raw_logit_input_effect_mpp,1098.649658203125
single_shape,plain4_w64_gap,6010,raw_logit_input_effect_mpp,814.2367858886719
single_shape,plain4_w64_gap,6011,raw_logit_input_effect_mpp,1018.8233337402344
single_shape,plain4_w64_gap,6012,raw_logit_input_effect_mpp,1236.2936706542969
single_shape,plain4_w64_gap,6013,raw_logit_input_effect_mpp,739.6177368164062
single_shape,plain4_w64_gap,6014,raw_logit_input_effect_mpp,1879.70458984375
single_shape,plain4_w64_gap,6015,raw_logit_input_effect_mpp,2596.4764404296875
single_shape,plain4_w64_gap,6016,raw_logit_input_effect_mpp,999.6016235351562
single_shape,plain4_w64_gap,6017,raw_logit_input_effect_mpp,1794.0377197265625
single_shape,plain4_w64_gap,6018,raw_logit_input_effect_mpp,418.6666259765625
single_shape,plain4_w64_gap,6019,raw_logit_input_effect_mpp,441.5686950683594
single_shape,plain4_w64_gap,6020,raw_logit_input_effect_mpp,748.8493041992188
single_shape,plain4_w64_gap,6021,raw_logit_input_effect_mpp,1455.3424072265625
single_shape,plain4_w64_gap,6022,raw_logit_input_effect_mpp,892.7629699707031
single_shape,plain4_w64_gap,6023,raw_logit_input_effect_mpp,1038.7912292480469
single_shape,plain4_w64_gap,6024,raw_logit_input_effect_mpp,1981.72216796875
single_shape,plain4_w64_gap,6025,raw_logit_input_effect_mpp,1361.3570556640625
single_shape,plain4_w64_gap,6026,raw_logit_input_effect_mpp,534.784423828125
single_shape,plain4_w64_gap,6027,raw_logit_input_effect_mpp,1318.9481811523438
single_shape,plain4_w64_gap,6028,raw_logit_input_effect_mpp,1869.3890380859375
single_shape,plain4_w64_gap,6029,raw_logit_input_effect_mpp,1885.3161163330078
single_shape,plain4_w64_gap,6030,raw_logit_input_effect_mpp,2241.5809326171875
single_shape,plain4_w64_gap,6031,raw_logit_input_effect_mpp,866.917236328125
single_shape,plain4_w64_gap,6032,raw_logit_input_effect_mpp,1062.9497375488281
single_shape,plain4_w64_gap,6033,raw_logit_input_effect_mpp,1315.1901550292969
single_shape,plain4_w64_gap,6034,raw_logit_input_effect_mpp,2527.212158203125
single_shape,plain4_w64_gap,6035,raw_logit_input_effect_mpp,1564.7074584960938
single_shape,plain4_w64_gap,6036,raw_logit_input_effect_mpp,1208.6957092285156
single_shape,plain4_w64_gap,6037,raw_logit_input_effect_mpp,1740.8274230957031
single_shape,plain4_w64_gap,6038,raw_logit_input_effect_mpp,1245.2373046875
single_shape,plain4_w64_gap,6039,raw_logit_input_effect_mpp,1055.873779296875
single_shape,plain4_w64_gap,6040,raw_logit_input_effect_mpp,1759.747802734375
single_shape,plain4_w64_gap,6041,raw_logit_input_effect_mpp,740.3438110351562
single_shape,plain4_w64_gap,6042,raw_logit_input_effect_mpp,1040.896484375
single_shape,plain4_w64_gap,6043,raw_logit_input_effect_mpp,1005.1893310546875
single_shape,plain4_w64_gap,6044,raw_logit_input_effect_mpp,1505.7000274658203
single_shape,plain4_w64_gap,6045,raw_logit_input_effect_mpp,402.73944091796875
single_shape,plain4_w64_gap,6046,raw_logit_input_effect_mpp,1078.6824951171875
single_shape,plain4_w64_gap,6047,raw_logit_input_effect_mpp,1649.3550109863281
single_shape,plain4_w64_gap,6048,raw_logit_input_effect_mpp,625.79052734375
single_shape,plain4_w64_gap,6049,raw_logit_input_effect_mpp,1562.5270385742188
single_shape,plain4_w64_gap,6050,raw_logit_input_effect_mpp,1022.4489135742188
single_shape,plain4_w64_gap,6051,raw_logit_input_effect_mpp,1888.2115478515625
single_shape,plain4_w64_gap,6052,raw_logit_input_effect_mpp,1218.8448638916016
single_shape,plain4_w64_gap,6053,raw_logit_input_effect_mpp,1798.4385681152344
single_shape,plain4_w64_gap,6054,raw_logit_input_effect_mpp,992.9229736328125
single_shape,plain4_w64_gap,6055,raw_logit_input_effect_mpp,645.72314453125
single_shape,plain4_w64_gap,6056,raw_logit_input_effect_mpp,1316.6455383300781
single_shape,plain4_w64_gap,6057,raw_logit_input_effect_mpp,1176.3959350585938
single_shape,plain4_w64_gap,6058,raw_logit_input_effect_mpp,761.776611328125
single_shape,plain4_w64_gap,6059,raw_logit_input_effect_mpp,1464.4313125610352
single_shape,plain4_w64_gap,6060,raw_logit_input_effect_mpp,2076.4443969726562
single_shape,plain4_w64_gap,6061,raw_logit_input_effect_mpp,844.3056030273438
single_shape,plain4_w64_gap,6062,raw_logit_input_effect_mpp,1556.34033203125
single_shape,plain4_w64_gap,6063,raw_logit_input_effect_mpp,-325.99822998046875
single_shape,plain4_w64_gap,6064,raw_logit_input_effect_mpp,1064.3062744140625
single_shape,plain4_w64_gap,6065,raw_logit_input_effect_mpp,1150.5123901367188
single_shape,plain4_w64_gap,6066,raw_logit_input_effect_mpp,1334.3001403808594
single_shape,plain4_w64_gap,6067,raw_logit_input_effect_mpp,250.46044921875
single_shape,plain4_w64_gap,6068,raw_logit_input_effect_mpp,657.7803344726562
single_shape,plain4_w64_gap,6069,raw_logit_input_effect_mpp,825.2536010742188
single_shape,plain4_w64_gap,6070,raw_logit_input_effect_mpp,1091.7997741699219
single_shape,plain4_w64_gap,6071,raw_logit_input_effect_mpp,1258.2392578125
single_shape,plain4_w64_gap,6072,raw_logit_input_effect_mpp,2446.8717193603516
single_shape,plain4_w64_gap,6073,raw_logit_input_effect_mpp,579.4647216796875
single_shape,plain4_w64_gap,6074,raw_logit_input_effect_mpp,878.4622192382812
single_shape,plain4_w64_gap,6075,raw_logit_input_effect_mpp,1710.2325439453125
single_shape,plain4_w64_gap,6076,raw_logit_input_effect_mpp,991.026611328125
single_shape,plain4_w64_gap,6077,raw_logit_input_effect_mpp,1838.1187133789062
single_shape,plain4_w64_gap,6078,raw_logit_input_effect_mpp,1673.1206665039062
single_shape,plain4_w64_gap,6079,raw_logit_input_effect_mpp,2299.046417236328
single_shape,plain4_w64_gap,6080,raw_logit_input_effect_mpp,1215.2708435058594
single_shape,plain4_w64_gap,6081,raw_logit_input_effect_mpp,1892.0947265625
single_shape,plain4_w64_gap,6082,raw_logit_input_effect_mpp,1472.2821044921875
single_shape,plain4_w64_gap,6083,raw_logit_input_effect_mpp,1744.23583984375
single_shape,plain4_w64_gap,6084,raw_logit_input_effect_mpp,-76.83880615234375
single_shape,plain4_w64_gap,6085,raw_logit_input_effect_mpp,2428.0739135742188
single_shape,plain4_w64_gap,6086,raw_logit_input_effect_mpp,1602.5299072265625
single_shape,plain4_w64_gap,6087,raw_logit_input_effect_mpp,1278.894733428955
single_shape,plain4_w64_gap,6088,raw_logit_input_effect_mpp,2346.9964294433594
single_shape,plain4_w64_gap,6089,raw_logit_input_effect_mpp,2821.804718017578
single_shape,plain4_w64_gap,6090,raw_logit_input_effect_mpp,824.0404663085938
single_shape,plain4_w64_gap,6091,raw_logit_input_effect_mpp,1872.5640258789062
single_shape,plain4_w64_gap,6092,raw_logit_input_effect_mpp,1654.9985961914062
single_shape,plain4_w64_gap,6093,raw_logit_input_effect_mpp,821.2821044921875
single_shape,plain4_w64_gap,6094,raw_logit_input_effect_mpp,198.0121612548828
single_shape,plain4_w64_gap,6095,raw_logit_input_effect_mpp,247.30264282226562
single_shape,plain4_w64_gap,6096,raw_logit_input_effect_mpp,693.034912109375
single_shape,plain4_w64_gap,6097,raw_logit_input_effect_mpp,941.8002319335938
single_shape,plain4_w64_gap,6098,raw_logit_input_effect_mpp,1266.6614990234375
single_shape,plain4_w64_gap,6099,raw_logit_input_effect_mpp,1951.3127975463867
single_shape,plain4_w64_gmp,6000,raw_logit_input_effect_mpp,82.67568969726562
single_shape,plain4_w64_gmp,6001,raw_logit_input_effect_mpp,106.58609008789062
single_shape,plain4_w64_gmp,6002,raw_logit_input_effect_mpp,66.39602661132812
single_shape,plain4_w64_gmp,6003,raw_logit_input_effect_mpp,126.11599731445312
single_shape,plain4_w64_gmp,6004,raw_logit_input_effect_mpp,77.49893188476562
single_shape,plain4_w64_gmp,6005,raw_logit_input_effect_mpp,63.53460693359375
single_shape,plain4_w64_gmp,6006,raw_logit_input_effect_mpp,57.70654296875
single_shape,plain4_w64_gmp,6007,raw_logit_input_effect_mpp,121.72271728515625
single_shape,plain4_w64_gmp,6008,raw_logit_input_effect_mpp,73.59536743164062
single_shape,plain4_w64_gmp,6009,raw_logit_input_effect_mpp,114.82177734375
single_shape,plain4_w64_gmp,6010,raw_logit_input_effect_mpp,68.944091796875
single_shape,plain4_w64_gmp,6011,raw_logit_input_effect_mpp,82.23654174804688
single_shape,plain4_w64_gmp,6012,raw_logit_input_effect_mpp,97.17465209960938
single_shape,plain4_w64_gmp,6013,raw_logit_input_effect_mpp,59.87477111816406
single_shape,plain4_w64_gmp,6014,raw_logit_input_effect_mpp,64.19831848144531
single_shape,plain4_w64_gmp,6015,raw_logit_input_effect_mpp,83.48504638671875
single_shape,plain4_w64_gmp,6016,raw_logit_input_effect_mpp,86.38995361328125
single_shape,plain4_w64_gmp,6017,raw_logit_input_effect_mpp,112.841552734375
single_shape,plain4_w64_gmp,6018,raw_logit_input_effect_mpp,76.24972534179688
single_shape,plain4_w64_gmp,6019,raw_logit_input_effect_mpp,143.83721923828125
single_shape,plain4_w64_gmp,6020,raw_logit_input_effect_mpp,107.86837768554688
single_shape,plain4_w64_gmp,6021,raw_logit_input_effect_mpp,71.00808715820312
single_shape,plain4_w64_gmp,6022,raw_logit_input_effect_mpp,91.22418212890625
single_shape,plain4_w64_gmp,6023,raw_logit_input_effect_mpp,57.75535583496094
single_shape,plain4_w64_gmp,6024,raw_logit_input_effect_mpp,98.5479736328125
single_shape,plain4_w64_gmp,6025,raw_logit_input_effect_mpp,87.98199462890625
single_shape,plain4_w64_gmp,6026,raw_logit_input_effect_mpp,116.27120971679688
single_shape,plain4_w64_gmp,6027,raw_logit_input_effect_mpp,105.5257568359375
single_shape,plain4_w64_gmp,6028,raw_logit_input_effect_mpp,59.18719482421875
single_shape,plain4_w64_gmp,6029,raw_logit_input_effect_mpp,52.002899169921875
single_shape,plain4_w64_gmp,6030,raw_logit_input_effect_mpp,110.18630981445312
single_shape,plain4_w64_gmp,6031,raw_logit_input_effect_mpp,98.47590637207031
single_shape,plain4_w64_gmp,6032,raw_logit_input_effect_mpp,75.91372680664062
single_shape,plain4_w64_gmp,6033,raw_logit_input_effect_mpp,59.4703369140625
single_shape,plain4_w64_gmp,6034,raw_logit_input_effect_mpp,101.16134643554688
single_shape,plain4_w64_gmp,6035,raw_logit_input_effect_mpp,67.36483764648438
single_shape,plain4_w64_gmp,6036,raw_logit_input_effect_mpp,78.47952270507812
single_shape,plain4_w64_gmp,6037,raw_logit_input_effect_mpp,88.9766845703125
single_shape,plain4_w64_gmp,6038,raw_logit_input_effect_mpp,131.31533813476562
single_shape,plain4_w64_gmp,6039,raw_logit_input_effect_mpp,98.01220703125
single_shape,plain4_w64_gmp,6040,raw_logit_input_effect_mpp,107.44876098632812
single_shape,plain4_w64_gmp,6041,raw_logit_input_effect_mpp,194.29376220703125
single_shape,plain4_w64_gmp,6042,raw_logit_input_effect_mpp,89.76803588867188
single_shape,plain4_w64_gmp,6043,raw_logit_input_effect_mpp,88.05892944335938
single_shape,plain4_w64_gmp,6044,raw_logit_input_effect_mpp,108.41409301757812
single_shape,plain4_w64_gmp,6045,raw_logit_input_effect_mpp,137.00003051757812
single_shape,plain4_w64_gmp,6046,raw_logit_input_effect_mpp,68.0560302734375
single_shape,plain4_w64_gmp,6047,raw_logit_input_effect_mpp,-21.34796142578125
single_shape,plain4_w64_gmp,6048,raw_logit_input_effect_mpp,119.11874389648438
single_shape,plain4_w64_gmp,6049,raw_logit_input_effect_mpp,100.98687744140625
single_shape,plain4_w64_gmp,6050,raw_logit_input_effect_mpp,122.51904296875
single_shape,plain4_w64_gmp,6051,raw_logit_input_effect_mpp,48.5689697265625
single_shape,plain4_w64_gmp,6052,raw_logit_input_effect_mpp,106.5028076171875
single_shape,plain4_w64_gmp,6053,raw_logit_input_effect_mpp,89.95321655273438
single_shape,plain4_w64_gmp,6054,raw_logit_input_effect_mpp,165.95428466796875
single_shape,plain4_w64_gmp,6055,raw_logit_input_effect_mpp,46.740478515625
single_shape,plain4_w64_gmp,6056,raw_logit_input_effect_mpp,119.03482055664062
single_shape,plain4_w64_gmp,6057,raw_logit_input_effect_mpp,149.84793090820312
single_shape,plain4_w64_gmp,6058,raw_logit_input_effect_mpp,103.37548828125
single_shape,plain4_w64_gmp,6059,raw_logit_input_effect_mpp,87.70346069335938
single_shape,plain4_w64_gmp,6060,raw_logit_input_effect_mpp,101.37945556640625
single_shape,plain4_w64_gmp,6061,raw_logit_input_effect_mpp,96.30471801757812
single_shape,plain4_w64_gmp,6062,raw_logit_input_effect_mpp,56.54107666015625
single_shape,plain4_w64_gmp,6063,raw_logit_input_effect_mpp,43.335235595703125
single_shape,plain4_w64_gmp,6064,raw_logit_input_effect_mpp,71.46511840820312
single_shape,plain4_w64_gmp,6065,raw_logit_input_effect_mpp,104.09503173828125
single_shape,plain4_w64_gmp,6066,raw_logit_input_effect_mpp,95.08648681640625
single_shape,plain4_w64_gmp,6067,raw_logit_input_effect_mpp,73.14312744140625
single_shape,plain4_w64_gmp,6068,raw_logit_input_effect_mpp,115.05276489257812
single_shape,plain4_w64_gmp,6069,raw_logit_input_effect_mpp,73.3408203125
single_shape,plain4_w64_gmp,6070,raw_logit_input_effect_mpp,99.86862182617188
single_shape,plain4_w64_gmp,6071,raw_logit_input_effect_mpp,114.0447998046875
single_shape,plain4_w64_gmp,6072,raw_logit_input_effect_mpp,60.51409912109375
single_shape,plain4_w64_gmp,6073,raw_logit_input_effect_mpp,72.30914306640625
single_shape,plain4_w64_gmp,6074,raw_logit_input_effect_mpp,59.987548828125
single_shape,plain4_w64_gmp,6075,raw_logit_input_effect_mpp,97.31045532226562
single_shape,plain4_w64_gmp,6076,raw_logit_input_effect_mpp,138.49435424804688
single_shape,plain4_w64_gmp,6077,raw_logit_input_effect_mpp,65.18194580078125
single_shape,plain4_w64_gmp,6078,raw_logit_input_effect_mpp,97.26663208007812
single_shape,plain4_w64_gmp,6079,raw_logit_input_effect_mpp,69.14616394042969
single_shape,plain4_w64_gmp,6080,raw_logit_input_effect_mpp,111.03622436523438
single_shape,plain4_w64_gmp,6081,raw_logit_input_effect_mpp,51.772735595703125
single_shape,plain4_w64_gmp,6082,raw_logit_input_effect_mpp,78.04278564453125
single_shape,plain4_w64_gmp,6083,raw_logit_input_effect_mpp,111.32504272460938
single_shape,plain4_w64_gmp,6084,raw_logit_input_effect_mpp,97.55548095703125
single_shape,plain4_w64_gmp,6085,raw_logit_input_effect_mpp,65.7757568359375
single_shape,plain4_w64_gmp,6086,raw_logit_input_effect_mpp,93.51876831054688
single_shape,plain4_w64_gmp,6087,raw_logit_input_effect_mpp,68.67427062988281
single_shape,plain4_w64_gmp,6088,raw_logit_input_effect_mpp,82.218017578125
single_shape,plain4_w64_gmp,6089,raw_logit_input_effect_mpp,115.12158203125
single_shape,plain4_w64_gmp,6090,raw_logit_input_effect_mpp,69.03701782226562
single_shape,plain4_w64_gmp,6091,raw_logit_input_effect_mpp,114.75811767578125
single_shape,plain4_w64_gmp,6092,raw_logit_input_effect_mpp,65.33938598632812
single_shape,plain4_w64_gmp,6093,raw_logit_input_effect_mpp,102.96844482421875
single_shape,plain4_w64_gmp,6094,raw_logit_input_effect_mpp,102.37420654296875
single_shape,plain4_w64_gmp,6095,raw_logit_input_effect_mpp,91.1492919921875
single_shape,plain4_w64_gmp,6096,raw_logit_input_effect_mpp,105.62542724609375
single_shape,plain4_w64_gmp,6097,raw_logit_input_effect_mpp,127.76031494140625
single_shape,plain4_w64_gmp,6098,raw_logit_input_effect_mpp,48.74432373046875
single_shape,plain4_w64_gmp,6099,raw_logit_input_effect_mpp,90.1646728515625
single_shape,res4_w16_gap,6000,raw_logit_input_effect_mpp,891.8534851074219
single_shape,res4_w16_gap,6001,raw_logit_input_effect_mpp,1104.5298461914062
single_shape,res4_w16_gap,6002,raw_logit_input_effect_mpp,1242.9174194335938
single_shape,res4_w16_gap,6003,raw_logit_input_effect_mpp,533.2838287353516
single_shape,res4_w16_gap,6004,raw_logit_input_effect_mpp,1633.9508666992188
single_shape,res4_w16_gap,6005,raw_logit_input_effect_mpp,2293.3684692382812
single_shape,res4_w16_gap,6006,raw_logit_input_effect_mpp,1041.4051208496094
single_shape,res4_w16_gap,6007,raw_logit_input_effect_mpp,1336.7572174072266
single_shape,res4_w16_gap,6008,raw_logit_input_effect_mpp,917.5492553710938
single_shape,res4_w16_gap,6009,raw_logit_input_effect_mpp,2223.7130737304688
single_shape,res4_w16_gap,6010,raw_logit_input_effect_mpp,889.3824768066406
single_shape,res4_w16_gap,6011,raw_logit_input_effect_mpp,898.9297180175781
single_shape,res4_w16_gap,6012,raw_logit_input_effect_mpp,1033.2437133789062
single_shape,res4_w16_gap,6013,raw_logit_input_effect_mpp,909.9596557617188
single_shape,res4_w16_gap,6014,raw_logit_input_effect_mpp,1033.5731506347656
single_shape,res4_w16_gap,6015,raw_logit_input_effect_mpp,1360.2721252441406
single_shape,res4_w16_gap,6016,raw_logit_input_effect_mpp,521.1979675292969
single_shape,res4_w16_gap,6017,raw_logit_input_effect_mpp,1989.9497985839844
single_shape,res4_w16_gap,6018,raw_logit_input_effect_mpp,369.6123962402344
single_shape,res4_w16_gap,6019,raw_logit_input_effect_mpp,805.4258422851562
single_shape,res4_w16_gap,6020,raw_logit_input_effect_mpp,1743.8926391601562
single_shape,res4_w16_gap,6021,raw_logit_input_effect_mpp,1210.1184997558594
single_shape,res4_w16_gap,6022,raw_logit_input_effect_mpp,572.5347290039062
single_shape,res4_w16_gap,6023,raw_logit_input_effect_mpp,1050.3729553222656
single_shape,res4_w16_gap,6024,raw_logit_input_effect_mpp,686.5851745605469
single_shape,res4_w16_gap,6025,raw_logit_input_effect_mpp,1049.5928955078125
single_shape,res4_w16_gap,6026,raw_logit_input_effect_mpp,1021.2702026367188
single_shape,res4_w16_gap,6027,raw_logit_input_effect_mpp,1791.4180908203125
single_shape,res4_w16_gap,6028,raw_logit_input_effect_mpp,965.72900390625
single_shape,res4_w16_gap,6029,raw_logit_input_effect_mpp,877.428955078125
single_shape,res4_w16_gap,6030,raw_logit_input_effect_mpp,1061.4411010742188
single_shape,res4_w16_gap,6031,raw_logit_input_effect_mpp,1813.7245788574219
single_shape,res4_w16_gap,6032,raw_logit_input_effect_mpp,828.7016296386719
single_shape,res4_w16_gap,6033,raw_logit_input_effect_mpp,1337.8130187988281
single_shape,res4_w16_gap,6034,raw_logit_input_effect_mpp,1034.4917602539062
single_shape,res4_w16_gap,6035,raw_logit_input_effect_mpp,1597.3253479003906
single_shape,res4_w16_gap,6036,raw_logit_input_effect_mpp,1064.7778015136719
single_shape,res4_w16_gap,6037,raw_logit_input_effect_mpp,1170.3699951171875
single_shape,res4_w16_gap,6038,raw_logit_input_effect_mpp,1117.9860534667969
single_shape,res4_w16_gap,6039,raw_logit_input_effect_mpp,1061.1669311523438
single_shape,res4_w16_gap,6040,raw_logit_input_effect_mpp,1073.5903778076172
single_shape,res4_w16_gap,6041,raw_logit_input_effect_mpp,2055.9339599609375
single_shape,res4_w16_gap,6042,raw_logit_input_effect_mpp,1746.8751831054688
single_shape,res4_w16_gap,6043,raw_logit_input_effect_mpp,1205.184326171875
single_shape,res4_w16_gap,6044,raw_logit_input_effect_mpp,1613.2725830078125
single_shape,res4_w16_gap,6045,raw_logit_input_effect_mpp,695.226318359375
single_shape,res4_w16_gap,6046,raw_logit_input_effect_mpp,1981.4020080566406
single_shape,res4_w16_gap,6047,raw_logit_input_effect_mpp,531.4942016601562
single_shape,res4_w16_gap,6048,raw_logit_input_effect_mpp,2816.554901123047
single_shape,res4_w16_gap,6049,raw_logit_input_effect_mpp,902.1244506835938
single_shape,res4_w16_gap,6050,raw_logit_input_effect_mpp,1034.6156005859375
single_shape,res4_w16_gap,6051,raw_logit_input_effect_mpp,2031.898452758789
single_shape,res4_w16_gap,6052,raw_logit_input_effect_mpp,1298.8728332519531
single_shape,res4_w16_gap,6053,raw_logit_input_effect_mpp,907.181884765625
single_shape,res4_w16_gap,6054,raw_logit_input_effect_mpp,2261.7725830078125
single_shape,res4_w16_gap,6055,raw_logit_input_effect_mpp,2295.1333923339844
single_shape,res4_w16_gap,6056,raw_logit_input_effect_mpp,894.8168334960938
single_shape,res4_w16_gap,6057,raw_logit_input_effect_mpp,1412.5817565917969
single_shape,res4_w16_gap,6058,raw_logit_input_effect_mpp,517.0904083251953
single_shape,res4_w16_gap,6059,raw_logit_input_effect_mpp,1085.8042602539062
single_shape,res4_w16_gap,6060,raw_logit_input_effect_mpp,2401.3555908203125
single_shape,res4_w16_gap,6061,raw_logit_input_effect_mpp,696.1327209472656
single_shape,res4_w16_gap,6062,raw_logit_input_effect_mpp,2224.3595275878906
single_shape,res4_w16_gap,6063,raw_logit_input_effect_mpp,1248.192642211914
single_shape,res4_w16_gap,6064,raw_logit_input_effect_mpp,2022.2640380859375
single_shape,res4_w16_gap,6065,raw_logit_input_effect_mpp,2826.4517211914062
single_shape,res4_w16_gap,6066,raw_logit_input_effect_mpp,1094.9824829101562
single_shape,res4_w16_gap,6067,raw_logit_input_effect_mpp,1625.80419921875
single_shape,res4_w16_gap,6068,raw_logit_input_effect_mpp,1186.4295959472656
single_shape,res4_w16_gap,6069,raw_logit_input_effect_mpp,1997.6492614746094
single_shape,res4_w16_gap,6070,raw_logit_input_effect_mpp,2003.4620971679688
single_shape,res4_w16_gap,6071,raw_logit_input_effect_mpp,782.3007354736328
single_shape,res4_w16_gap,6072,raw_logit_input_effect_mpp,632.9360961914062
single_shape,res4_w16_gap,6073,raw_logit_input_effect_mpp,920.3834991455078
single_shape,res4_w16_gap,6074,raw_logit_input_effect_mpp,1173.1843566894531
single_shape,res4_w16_gap,6075,raw_logit_input_effect_mpp,2061.857666015625
single_shape,res4_w16_gap,6076,raw_logit_input_effect_mpp,1343.0686645507812
single_shape,res4_w16_gap,6077,raw_logit_input_effect_mpp,1832.6825256347656
single_shape,res4_w16_gap,6078,raw_logit_input_effect_mpp,1544.7250061035156
single_shape,res4_w16_gap,6079,raw_logit_input_effect_mpp,2005.4384460449219
single_shape,res4_w16_gap,6080,raw_logit_input_effect_mpp,1413.112060546875
single_shape,res4_w16_gap,6081,raw_logit_input_effect_mpp,441.3218078613281
single_shape,res4_w16_gap,6082,raw_logit_input_effect_mpp,960.0012054443359
single_shape,res4_w16_gap,6083,raw_logit_input_effect_mpp,1113.3372344970703
single_shape,res4_w16_gap,6084,raw_logit_input_effect_mpp,701.8013458251953
single_shape,res4_w16_gap,6085,raw_logit_input_effect_mpp,1316.8446350097656
single_shape,res4_w16_gap,6086,raw_logit_input_effect_mpp,1244.6036071777344
single_shape,res4_w16_gap,6087,raw_logit_input_effect_mpp,1335.4393615722656
single_shape,res4_w16_gap,6088,raw_logit_input_effect_mpp,908.454833984375
single_shape,res4_w16_gap,6089,raw_logit_input_effect_mpp,2189.3847045898438
single_shape,res4_w16_gap,6090,raw_logit_input_effect_mpp,1612.95751953125
single_shape,res4_w16_gap,6091,raw_logit_input_effect_mpp,608.9441528320312
single_shape,res4_w16_gap,6092,raw_logit_input_effect_mpp,678.3298950195312
single_shape,res4_w16_gap,6093,raw_logit_input_effect_mpp,350.295166015625
single_shape,res4_w16_gap,6094,raw_logit_input_effect_mpp,1651.3197326660156
single_shape,res4_w16_gap,6095,raw_logit_input_effect_mpp,1413.41455078125
single_shape,res4_w16_gap,6096,raw_logit_input_effect_mpp,1219.7522583007812
single_shape,res4_w16_gap,6097,raw_logit_input_effect_mpp,1628.2398376464844
single_shape,res4_w16_gap,6098,raw_logit_input_effect_mpp,1901.5955810546875
single_shape,res4_w16_gap,6099,raw_logit_input_effect_mpp,1833.3275451660156
single_shape,res4_w16_gmp,6000,raw_logit_input_effect_mpp,104.6302490234375
single_shape,res4_w16_gmp,6001,raw_logit_input_effect_mpp,137.33233642578125
single_shape,res4_w16_gmp,6002,raw_logit_input_effect_mpp,155.9204864501953
single_shape,res4_w16_gmp,6003,raw_logit_input_effect_mpp,132.79754638671875
single_shape,res4_w16_gmp,6004,raw_logit_input_effect_mpp,92.13092041015625
single_shape,res4_w16_gmp,6005,raw_logit_input_effect_mpp,84.13246154785156
single_shape,res4_w16_gmp,6006,raw_logit_input_effect_mpp,120.09185791015625
single_shape,res4_w16_gmp,6007,raw_logit_input_effect_mpp,107.7607421875
single_shape,res4_w16_gmp,6008,raw_logit_input_effect_mpp,101.03211975097656
single_shape,res4_w16_gmp,6009,raw_logit_input_effect_mpp,136.92092895507812
single_shape,res4_w16_gmp,6010,raw_logit_input_effect_mpp,110.44667053222656
single_shape,res4_w16_gmp,6011,raw_logit_input_effect_mpp,223.9613800048828
single_shape,res4_w16_gmp,6012,raw_logit_input_effect_mpp,110.25045776367188
single_shape,res4_w16_gmp,6013,raw_logit_input_effect_mpp,85.44004821777344
single_shape,res4_w16_gmp,6014,raw_logit_input_effect_mpp,252.23110961914062
single_shape,res4_w16_gmp,6015,raw_logit_input_effect_mpp,171.0601806640625
single_shape,res4_w16_gmp,6016,raw_logit_input_effect_mpp,184.16244506835938
single_shape,res4_w16_gmp,6017,raw_logit_input_effect_mpp,173.4927978515625
single_shape,res4_w16_gmp,6018,raw_logit_input_effect_mpp,83.83749389648438
single_shape,res4_w16_gmp,6019,raw_logit_input_effect_mpp,58.8729248046875
single_shape,res4_w16_gmp,6020,raw_logit_input_effect_mpp,308.9131164550781
single_shape,res4_w16_gmp,6021,raw_logit_input_effect_mpp,106.0943603515625
single_shape,res4_w16_gmp,6022,raw_logit_input_effect_mpp,112.42335510253906
single_shape,res4_w16_gmp,6023,raw_logit_input_effect_mpp,111.192626953125
single_shape,res4_w16_gmp,6024,raw_logit_input_effect_mpp,177.4971923828125
single_shape,res4_w16_gmp,6025,raw_logit_input_effect_mpp,99.748779296875
single_shape,res4_w16_gmp,6026,raw_logit_input_effect_mpp,169.36038208007812
single_shape,res4_w16_gmp,6027,raw_logit_input_effect_mpp,138.19207763671875
single_shape,res4_w16_gmp,6028,raw_logit_input_effect_mpp,202.43783569335938
single_shape,res4_w16_gmp,6029,raw_logit_input_effect_mpp,106.2261962890625
single_shape,res4_w16_gmp,6030,raw_logit_input_effect_mpp,185.9984893798828
single_shape,res4_w16_gmp,6031,raw_logit_input_effect_mpp,106.96903991699219
single_shape,res4_w16_gmp,6032,raw_logit_input_effect_mpp,96.71391296386719
single_shape,res4_w16_gmp,6033,raw_logit_input_effect_mpp,169.45059204101562
single_shape,res4_w16_gmp,6034,raw_logit_input_effect_mpp,187.15042114257812
single_shape,res4_w16_gmp,6035,raw_logit_input_effect_mpp,115.09172058105469
single_shape,res4_w16_gmp,6036,raw_logit_input_effect_mpp,217.97470092773438
single_shape,res4_w16_gmp,6037,raw_logit_input_effect_mpp,128.63706970214844
single_shape,res4_w16_gmp,6038,raw_logit_input_effect_mpp,139.65283203125
single_shape,res4_w16_gmp,6039,raw_logit_input_effect_mpp,170.83810424804688
single_shape,res4_w16_gmp,6040,raw_logit_input_effect_mpp,111.97416687011719
single_shape,res4_w16_gmp,6041,raw_logit_input_effect_mpp,107.63388061523438
single_shape,res4_w16_gmp,6042,raw_logit_input_effect_mpp,175.17575073242188
single_shape,res4_w16_gmp,6043,raw_logit_input_effect_mpp,104.42196655273438
single_shape,res4_w16_gmp,6044,raw_logit_input_effect_mpp,138.46389770507812
single_shape,res4_w16_gmp,6045,raw_logit_input_effect_mpp,174.62161254882812
single_shape,res4_w16_gmp,6046,raw_logit_input_effect_mpp,108.25401306152344
single_shape,res4_w16_gmp,6047,raw_logit_input_effect_mpp,152.45938110351562
single_shape,res4_w16_gmp,6048,raw_logit_input_effect_mpp,174.58009338378906
single_shape,res4_w16_gmp,6049,raw_logit_input_effect_mpp,176.65597534179688
single_shape,res4_w16_gmp,6050,raw_logit_input_effect_mpp,406.4469299316406
single_shape,res4_w16_gmp,6051,raw_logit_input_effect_mpp,160.05320739746094
single_shape,res4_w16_gmp,6052,raw_logit_input_effect_mpp,125.95729064941406
single_shape,res4_w16_gmp,6053,raw_logit_input_effect_mpp,142.8280792236328
single_shape,res4_w16_gmp,6054,raw_logit_input_effect_mpp,149.6947021484375
single_shape,res4_w16_gmp,6055,raw_logit_input_effect_mpp,127.172119140625
single_shape,res4_w16_gmp,6056,raw_logit_input_effect_mpp,178.64710998535156
single_shape,res4_w16_gmp,6057,raw_logit_input_effect_mpp,219.16726684570312
single_shape,res4_w16_gmp,6058,raw_logit_input_effect_mpp,133.48289489746094
single_shape,res4_w16_gmp,6059,raw_logit_input_effect_mpp,109.33828735351562
single_shape,res4_w16_gmp,6060,raw_logit_input_effect_mpp,202.169677734375
single_shape,res4_w16_gmp,6061,raw_logit_input_effect_mpp,123.76364135742188
single_shape,res4_w16_gmp,6062,raw_logit_input_effect_mpp,158.8604736328125
single_shape,res4_w16_gmp,6063,raw_logit_input_effect_mpp,136.8078155517578
single_shape,res4_w16_gmp,6064,raw_logit_input_effect_mpp,103.33833312988281
single_shape,res4_w16_gmp,6065,raw_logit_input_effect_mpp,100.90208435058594
single_shape,res4_w16_gmp,6066,raw_logit_input_effect_mpp,152.47976684570312
single_shape,res4_w16_gmp,6067,raw_logit_input_effect_mpp,113.63267517089844
single_shape,res4_w16_gmp,6068,raw_logit_input_effect_mpp,174.53065490722656
single_shape,res4_w16_gmp,6069,raw_logit_input_effect_mpp,120.50584411621094
single_shape,res4_w16_gmp,6070,raw_logit_input_effect_mpp,169.6531524658203
single_shape,res4_w16_gmp,6071,raw_logit_input_effect_mpp,137.35325622558594
single_shape,res4_w16_gmp,6072,raw_logit_input_effect_mpp,148.31692504882812
single_shape,res4_w16_gmp,6073,raw_logit_input_effect_mpp,116.69012451171875
single_shape,res4_w16_gmp,6074,raw_logit_input_effect_mpp,126.19102478027344
single_shape,res4_w16_gmp,6075,raw_logit_input_effect_mpp,156.73135375976562
single_shape,res4_w16_gmp,6076,raw_logit_input_effect_mpp,161.42323303222656
single_shape,res4_w16_gmp,6077,raw_logit_input_effect_mpp,101.45648193359375
single_shape,res4_w16_gmp,6078,raw_logit_input_effect_mpp,176.06884765625
single_shape,res4_w16_gmp,6079,raw_logit_input_effect_mpp,158.96380615234375
single_shape,res4_w16_gmp,6080,raw_logit_input_effect_mpp,165.80010986328125
single_shape,res4_w16_gmp,6081,raw_logit_input_effect_mpp,118.58634948730469
single_shape,res4_w16_gmp,6082,raw_logit_input_effect_mpp,142.16725158691406
single_shape,res4_w16_gmp,6083,raw_logit_input_effect_mpp,101.39041137695312
single_shape,res4_w16_gmp,6084,raw_logit_input_effect_mpp,127.48553466796875
single_shape,res4_w16_gmp,6085,raw_logit_input_effect_mpp,190.25411987304688
single_shape,res4_w16_gmp,6086,raw_logit_input_effect_mpp,109.67073059082031
single_shape,res4_w16_gmp,6087,raw_logit_input_effect_mpp,217.87582397460938
single_shape,res4_w16_gmp,6088,raw_logit_input_effect_mpp,150.76568603515625
single_shape,res4_w16_gmp,6089,raw_logit_input_effect_mpp,205.6401824951172
single_shape,res4_w16_gmp,6090,raw_logit_input_effect_mpp,147.7231903076172
single_shape,res4_w16_gmp,6091,raw_logit_input_effect_mpp,122.16995239257812
single_shape,res4_w16_gmp,6092,raw_logit_input_effect_mpp,126.95881652832031
single_shape,res4_w16_gmp,6093,raw_logit_input_effect_mpp,160.12924194335938
single_shape,res4_w16_gmp,6094,raw_logit_input_effect_mpp,115.02790832519531
single_shape,res4_w16_gmp,6095,raw_logit_input_effect_mpp,125.70408630371094
single_shape,res4_w16_gmp,6096,raw_logit_input_effect_mpp,153.402099609375
single_shape,res4_w16_gmp,6097,raw_logit_input_effect_mpp,121.1798095703125
single_shape,res4_w16_gmp,6098,raw_logit_input_effect_mpp,156.9024200439453
single_shape,res4_w16_gmp,6099,raw_logit_input_effect_mpp,148.54391479492188
single_shape,tiny_gap,6000,raw_logit_input_effect_mpp,21.793030500411987
single_shape,tiny_gap,6001,raw_logit_input_effect_mpp,19.5369074344635
single_shape,tiny_gap,6002,raw_logit_input_effect_mpp,23.82257306575775
single_shape,tiny_gap,6003,raw_logit_input_effect_mpp,18.61312848329544
single_shape,tiny_gap,6004,raw_logit_input_effect_mpp,24.644904911518097
single_shape,tiny_gap,6005,raw_logit_input_effect_mpp,19.94803684949875
single_shape,tiny_gap,6006,raw_logit_input_effect_mpp,21.16056740283966
single_shape,tiny_gap,6007,raw_logit_input_effect_mpp,22.066278755664825
single_shape,tiny_gap,6008,raw_logit_input_effect_mpp,21.368928968906403
single_shape,tiny_gap,6009,raw_logit_input_effect_mpp,20.685793936252594
single_shape,tiny_gap,6010,raw_logit_input_effect_mpp,21.83770716190338
single_shape,tiny_gap,6011,raw_logit_input_effect_mpp,20.737088322639465
single_shape,tiny_gap,6012,raw_logit_input_effect_mpp,18.99878239631653
single_shape,tiny_gap,6013,raw_logit_input_effect_mpp,22.97108268737793
single_shape,tiny_gap,6014,raw_logit_input_effect_mpp,20.18776774406433
single_shape,tiny_gap,6015,raw_logit_input_effect_mpp,21.222459852695465
single_shape,tiny_gap,6016,raw_logit_input_effect_mpp,19.973942458629608
single_shape,tiny_gap,6017,raw_logit_input_effect_mpp,24.174238324165344
single_shape,tiny_gap,6018,raw_logit_input_effect_mpp,22.801978588104248
single_shape,tiny_gap,6019,raw_logit_input_effect_mpp,20.457288146018982
single_shape,tiny_gap,6020,raw_logit_input_effect_mpp,18.82139241695404
single_shape,tiny_gap,6021,raw_logit_input_effect_mpp,22.75367832183838
single_shape,tiny_gap,6022,raw_logit_input_effect_mpp,21.212102115154266
single_shape,tiny_gap,6023,raw_logit_input_effect_mpp,21.966680467128754
single_shape,tiny_gap,6024,raw_logit_input_effect_mpp,24.470346808433533
single_shape,tiny_gap,6025,raw_logit_input_effect_mpp,23.5408273935318
single_shape,tiny_gap,6026,raw_logit_input_effect_mpp,23.09428244829178
single_shape,tiny_gap,6027,raw_logit_input_effect_mpp,23.791621923446655
single_shape,tiny_gap,6028,raw_logit_input_effect_mpp,23.47377300262451
single_shape,tiny_gap,6029,raw_logit_input_effect_mpp,27.83106881380081
single_shape,tiny_gap,6030,raw_logit_input_effect_mpp,25.31680828332901
single_shape,tiny_gap,6031,raw_logit_input_effect_mpp,17.87961173057556
single_shape,tiny_gap,6032,raw_logit_input_effect_mpp,20.888371765613556
single_shape,tiny_gap,6033,raw_logit_input_effect_mpp,22.322822749614716
single_shape,tiny_gap,6034,raw_logit_input_effect_mpp,21.555685818195343
single_shape,tiny_gap,6035,raw_logit_input_effect_mpp,23.13596200942993
single_shape,tiny_gap,6036,raw_logit_input_effect_mpp,21.573721945285797
single_shape,tiny_gap,6037,raw_logit_input_effect_mpp,21.47693395614624
single_shape,tiny_gap,6038,raw_logit_input_effect_mpp,21.098028481006622
single_shape,tiny_gap,6039,raw_logit_input_effect_mpp,23.74738621711731
single_shape,tiny_gap,6040,raw_logit_input_effect_mpp,22.914585292339325
single_shape,tiny_gap,6041,raw_logit_input_effect_mpp,25.652145564556122
single_shape,tiny_gap,6042,raw_logit_input_effect_mpp,25.612136602401733
single_shape,tiny_gap,6043,raw_logit_input_effect_mpp,24.946156799793243
single_shape,tiny_gap,6044,raw_logit_input_effect_mpp,19.928882122039795
single_shape,tiny_gap,6045,raw_logit_input_effect_mpp,24.33681219816208
single_shape,tiny_gap,6046,raw_logit_input_effect_mpp,20.92048680782318
single_shape,tiny_gap,6047,raw_logit_input_effect_mpp,26.420847177505493
single_shape,tiny_gap,6048,raw_logit_input_effect_mpp,19.965978384017944
single_shape,tiny_gap,6049,raw_logit_input_effect_mpp,22.50225603580475
single_shape,tiny_gap,6050,raw_logit_input_effect_mpp,23.08083999156952
single_shape,tiny_gap,6051,raw_logit_input_effect_mpp,24.437753081321716
single_shape,tiny_gap,6052,raw_logit_input_effect_mpp,24.447664380073547
single_shape,tiny_gap,6053,raw_logit_input_effect_mpp,25.217457830905914
single_shape,tiny_gap,6054,raw_logit_input_effect_mpp,21.855957627296448
single_shape,tiny_gap,6055,raw_logit_input_effect_mpp,21.94008845090866
single_shape,tiny_gap,6056,raw_logit_input_effect_mpp,24.85912275314331
single_shape,tiny_gap,6057,raw_logit_input_effect_mpp,22.746888637542725
single_shape,tiny_gap,6058,raw_logit_input_effect_mpp,28.045053958892822
single_shape,tiny_gap,6059,raw_logit_input_effect_mpp,19.90715503692627
single_shape,tiny_gap,6060,raw_logit_input_effect_mpp,21.98308038711548
single_shape,tiny_gap,6061,raw_logit_input_effect_mpp,22.348447263240814
single_shape,tiny_gap,6062,raw_logit_input_effect_mpp,19.012103378772736
single_shape,tiny_gap,6063,raw_logit_input_effect_mpp,23.576609671115875
single_shape,tiny_gap,6064,raw_logit_input_effect_mpp,24.197934567928314
single_shape,tiny_gap,6065,raw_logit_input_effect_mpp,22.23290979862213
single_shape,tiny_gap,6066,raw_logit_input_effect_mpp,24.273456931114197
single_shape,tiny_gap,6067,raw_logit_input_effect_mpp,26.11031836271286
single_shape,tiny_gap,6068,raw_logit_input_effect_mpp,22.190025508403778
single_shape,tiny_gap,6069,raw_logit_input_effect_mpp,26.181524336338043
single_shape,tiny_gap,6070,raw_logit_input_effect_mpp,23.240685641765594
single_shape,tiny_gap,6071,raw_logit_input_effect_mpp,23.447057843208313
single_shape,tiny_gap,6072,raw_logit_input_effect_mpp,21.48057270050049
single_shape,tiny_gap,6073,raw_logit_input_effect_mpp,23.99554944038391
single_shape,tiny_gap,6074,raw_logit_input_effect_mpp,22.191160917282104
single_shape,tiny_gap,6075,raw_logit_input_effect_mpp,24.259624302387238
single_shape,tiny_gap,6076,raw_logit_input_effect_mpp,19.763825297355652
single_shape,tiny_gap,6077,raw_logit_input_effect_mpp,24.26698112487793
single_shape,tiny_gap,6078,raw_logit_input_effect_mpp,23.118057548999786
single_shape,tiny_gap,6079,raw_logit_input_effect_mpp,24.18622076511383
single_shape,tiny_gap,6080,raw_logit_input_effect_mpp,26.025209963321686
single_shape,tiny_gap,6081,raw_logit_input_effect_mpp,19.84023916721344
single_shape,tiny_gap,6082,raw_logit_input_effect_mpp,20.00175142288208
single_shape,tiny_gap,6083,raw_logit_input_effect_mpp,25.50138211250305
single_shape,tiny_gap,6084,raw_logit_input_effect_mpp,19.487604320049286
single_shape,tiny_gap,6085,raw_logit_input_effect_mpp,22.110617756843567
single_shape,tiny_gap,6086,raw_logit_input_effect_mpp,20.42157530784607
single_shape,tiny_gap,6087,raw_logit_input_effect_mpp,23.008915603160858
single_shape,tiny_gap,6088,raw_logit_input_effect_mpp,21.59542202949524
single_shape,tiny_gap,6089,raw_logit_input_effect_mpp,20.840193927288055
single_shape,tiny_gap,6090,raw_logit_input_effect_mpp,20.172732830047607
single_shape,tiny_gap,6091,raw_logit_input_effect_mpp,23.666104078292847
single_shape,tiny_gap,6092,raw_logit_input_effect_mpp,24.343194603919983
single_shape,tiny_gap,6093,raw_logit_input_effect_mpp,19.824492514133453
single_shape,tiny_gap,6094,raw_logit_input_effect_mpp,22.190049827098846
single_shape,tiny_gap,6095,raw_logit_input_effect_mpp,20.072291254997253
single_shape,tiny_gap,6096,raw_logit_input_effect_mpp,25.937381386756897
single_shape,tiny_gap,6097,raw_logit_input_effect_mpp,21.187451481819153
single_shape,tiny_gap,6098,raw_logit_input_effect_mpp,24.34962224960327
single_shape,tiny_gap,6099,raw_logit_input_effect_mpp,25.13491314649582
single_shape,tiny_gmp,6000,raw_logit_input_effect_mpp,144.62370204925537
single_shape,tiny_gmp,6001,raw_logit_input_effect_mpp,147.78786277770996
single_shape,tiny_gmp,6002,raw_logit_input_effect_mpp,136.6316270828247
single_shape,tiny_gmp,6003,raw_logit_input_effect_mpp,120.93513584136963
single_shape,tiny_gmp,6004,raw_logit_input_effect_mpp,143.30988883972168
single_shape,tiny_gmp,6005,raw_logit_input_effect_mpp,131.6842155456543
single_shape,tiny_gmp,6006,raw_logit_input_effect_mpp,124.85430431365967
single_shape,tiny_gmp,6007,raw_logit_input_effect_mpp,137.98163890838623
single_shape,tiny_gmp,6008,raw_logit_input_effect_mpp,122.97876834869385
single_shape,tiny_gmp,6009,raw_logit_input_effect_mpp,139.08081150054932
single_shape,tiny_gmp,6010,raw_logit_input_effect_mpp,126.94680213928223
single_shape,tiny_gmp,6011,raw_logit_input_effect_mpp,138.76926708221436
single_shape,tiny_gmp,6012,raw_logit_input_effect_mpp,135.9579792022705
single_shape,tiny_gmp,6013,raw_logit_input_effect_mpp,122.45440292358398
single_shape,tiny_gmp,6014,raw_logit_input_effect_mpp,124.51990509033203
single_shape,tiny_gmp,6015,raw_logit_input_effect_mpp,136.65928268432617
single_shape,tiny_gmp,6016,raw_logit_input_effect_mpp,137.5817747116089
single_shape,tiny_gmp,6017,raw_logit_input_effect_mpp,145.93957138061523
single_shape,tiny_gmp,6018,raw_logit_input_effect_mpp,121.76547813415527
single_shape,tiny_gmp,6019,raw_logit_input_effect_mpp,118.14783048629761
single_shape,tiny_gmp,6020,raw_logit_input_effect_mpp,132.15297079086304
single_shape,tiny_gmp,6021,raw_logit_input_effect_mpp,126.89750957489014
single_shape,tiny_gmp,6022,raw_logit_input_effect_mpp,123.66280555725098
single_shape,tiny_gmp,6023,raw_logit_input_effect_mpp,126.11534023284912
single_shape,tiny_gmp,6024,raw_logit_input_effect_mpp,134.60440254211426
single_shape,tiny_gmp,6025,raw_logit_input_effect_mpp,122.9163236618042
single_shape,tiny_gmp,6026,raw_logit_input_effect_mpp,130.008695602417
single_shape,tiny_gmp,6027,raw_logit_input_effect_mpp,134.0854377746582
single_shape,tiny_gmp,6028,raw_logit_input_effect_mpp,146.67186546325684
single_shape,tiny_gmp,6029,raw_logit_input_effect_mpp,133.39893341064453
single_shape,tiny_gmp,6030,raw_logit_input_effect_mpp,135.6011962890625
single_shape,tiny_gmp,6031,raw_logit_input_effect_mpp,124.51322269439697
single_shape,tiny_gmp,6032,raw_logit_input_effect_mpp,136.3231315612793
single_shape,tiny_gmp,6033,raw_logit_input_effect_mpp,141.58834648132324
single_shape,tiny_gmp,6034,raw_logit_input_effect_mpp,134.32392597198486
single_shape,tiny_gmp,6035,raw_logit_input_effect_mpp,135.2580280303955
single_shape,tiny_gmp,6036,raw_logit_input_effect_mpp,129.24499034881592
single_shape,tiny_gmp,6037,raw_logit_input_effect_mpp,112.09490060806274
single_shape,tiny_gmp,6038,raw_logit_input_effect_mpp,133.27553272247314
single_shape,tiny_gmp,6039,raw_logit_input_effect_mpp,142.25030708312988
single_shape,tiny_gmp,6040,raw_logit_input_effect_mpp,126.82295608520508
single_shape,tiny_gmp,6041,raw_logit_input_effect_mpp,135.21315574645996
single_shape,tiny_gmp,6042,raw_logit_input_effect_mpp,141.3922882080078
single_shape,tiny_gmp,6043,raw_logit_input_effect_mpp,141.2572259902954
single_shape,tiny_gmp,6044,raw_logit_input_effect_mpp,132.29782485961914
single_shape,tiny_gmp,6045,raw_logit_input_effect_mpp,142.76266193389893
single_shape,tiny_gmp,6046,raw_logit_input_effect_mpp,123.95116329193115
single_shape,tiny_gmp,6047,raw_logit_input_effect_mpp,144.25965976715088
single_shape,tiny_gmp,6048,raw_logit_input_effect_mpp,127.95188808441162
single_shape,tiny_gmp,6049,raw_logit_input_effect_mpp,159.3472843170166
single_shape,tiny_gmp,6050,raw_logit_input_effect_mpp,129.45122146606445
single_shape,tiny_gmp,6051,raw_logit_input_effect_mpp,146.14760780334473
single_shape,tiny_gmp,6052,raw_logit_input_effect_mpp,130.3371124267578
single_shape,tiny_gmp,6053,raw_logit_input_effect_mpp,139.95376777648926
single_shape,tiny_gmp,6054,raw_logit_input_effect_mpp,130.88731384277344
single_shape,tiny_gmp,6055,raw_logit_input_effect_mpp,128.6184425354004
single_shape,tiny_gmp,6056,raw_logit_input_effect_mpp,143.2401123046875
single_shape,tiny_gmp,6057,raw_logit_input_effect_mpp,133.09125995635986
single_shape,tiny_gmp,6058,raw_logit_input_effect_mpp,142.93065071105957
single_shape,tiny_gmp,6059,raw_logit_input_effect_mpp,136.02673435211182
single_shape,tiny_gmp,6060,raw_logit_input_effect_mpp,126.91456985473633
single_shape,tiny_gmp,6061,raw_logit_input_effect_mpp,126.01364803314209
single_shape,tiny_gmp,6062,raw_logit_input_effect_mpp,142.8072338104248
single_shape,tiny_gmp,6063,raw_logit_input_effect_mpp,147.13320541381836
single_shape,tiny_gmp,6064,raw_logit_input_effect_mpp,118.70259952545166
single_shape,tiny_gmp,6065,raw_logit_input_effect_mpp,138.22067070007324
single_shape,tiny_gmp,6066,raw_logit_input_effect_mpp,144.16750526428223
single_shape,tiny_gmp,6067,raw_logit_input_effect_mpp,119.12333583831787
single_shape,tiny_gmp,6068,raw_logit_input_effect_mpp,132.3779697418213
single_shape,tiny_gmp,6069,raw_logit_input_effect_mpp,135.69605350494385
single_shape,tiny_gmp,6070,raw_logit_input_effect_mpp,126.89761638641357
single_shape,tiny_gmp,6071,raw_logit_input_effect_mpp,125.49402809143066
single_shape,tiny_gmp,6072,raw_logit_input_effect_mpp,137.35936546325684
single_shape,tiny_gmp,6073,raw_logit_input_effect_mpp,142.14697265625
single_shape,tiny_gmp,6074,raw_logit_input_effect_mpp,138.62843704223633
single_shape,tiny_gmp,6075,raw_logit_input_effect_mpp,145.63451480865479
single_shape,tiny_gmp,6076,raw_logit_input_effect_mpp,130.25940608978271
single_shape,tiny_gmp,6077,raw_logit_input_effect_mpp,128.83888626098633
single_shape,tiny_gmp,6078,raw_logit_input_effect_mpp,133.06970882415771
single_shape,tiny_gmp,6079,raw_logit_input_effect_mpp,133.86678457260132
single_shape,tiny_gmp,6080,raw_logit_input_effect_mpp,139.366943359375
single_shape,tiny_gmp,6081,raw_logit_input_effect_mpp,123.27108955383301
single_shape,tiny_gmp,6082,raw_logit_input_effect_mpp,133.30691814422607
single_shape,tiny_gmp,6083,raw_logit_input_effect_mpp,145.66164302825928
single_shape,tiny_gmp,6084,raw_logit_input_effect_mpp,131.37877464294434
single_shape,tiny_gmp,6085,raw_logit_input_effect_mpp,126.40880870819092
single_shape,tiny_gmp,6086,raw_logit_input_effect_mpp,122.50306797027588
single_shape,tiny_gmp,6087,raw_logit_input_effect_mpp,124.99868488311768
single_shape,tiny_gmp,6088,raw_logit_input_effect_mpp,134.53629684448242
single_shape,tiny_gmp,6089,raw_logit_input_effect_mpp,132.71618938446045
single_shape,tiny_gmp,6090,raw_logit_input_effect_mpp,131.61030101776123
single_shape,tiny_gmp,6091,raw_logit_input_effect_mpp,141.63961029052734
single_shape,tiny_gmp,6092,raw_logit_input_effect_mpp,139.26137924194336
single_shape,tiny_gmp,6093,raw_logit_input_effect_mpp,118.45618104934692
single_shape,tiny_gmp,6094,raw_logit_input_effect_mpp,125.95079278945923
single_shape,tiny_gmp,6095,raw_logit_input_effect_mpp,129.87366199493408
single_shape,tiny_gmp,6096,raw_logit_input_effect_mpp,141.16724300384521
single_shape,tiny_gmp,6097,raw_logit_input_effect_mpp,121.36332321166992
single_shape,tiny_gmp,6098,raw_logit_input_effect_mpp,141.5076026916504
single_shape,tiny_gmp,6099,raw_logit_input_effect_mpp,141.349534034729
two_concepts,bn2_w16_gap,6000,raw_logit_input_effect_mpp,47.528709411621094
two_concepts,bn2_w16_gap,6001,raw_logit_input_effect_mpp,57.660160064697266
two_concepts,bn2_w16_gap,6002,raw_logit_input_effect_mpp,38.666452407836914
two_concepts,bn2_w16_gap,6003,raw_logit_input_effect_mpp,40.525753021240234
two_concepts,bn2_w16_gap,6004,raw_logit_input_effect_mpp,58.32088851928711
two_concepts,bn2_w16_gap,6005,raw_logit_input_effect_mpp,51.227521896362305
two_concepts,bn2_w16_gap,6006,raw_logit_input_effect_mpp,71.49734687805176
two_concepts,bn2_w16_gap,6007,raw_logit_input_effect_mpp,51.8504753112793
two_concepts,bn2_w16_gap,6008,raw_logit_input_effect_mpp,45.80474281311035
two_concepts,bn2_w16_gap,6009,raw_logit_input_effect_mpp,46.58323669433594
two_concepts,bn2_w16_gap,6010,raw_logit_input_effect_mpp,70.94947052001953
two_concepts,bn2_w16_gap,6011,raw_logit_input_effect_mpp,51.242549896240234
two_concepts,bn2_w16_gap,6012,raw_logit_input_effect_mpp,54.123640060424805
two_concepts,bn2_w16_gap,6013,raw_logit_input_effect_mpp,57.724117279052734
two_concepts,bn2_w16_gap,6014,raw_logit_input_effect_mpp,63.624494552612305
two_concepts,bn2_w16_gap,6015,raw_logit_input_effect_mpp,46.9584903717041
two_concepts,bn2_w16_gap,6016,raw_logit_input_effect_mpp,55.40295219421387
two_concepts,bn2_w16_gap,6017,raw_logit_input_effect_mpp,49.97226333618164
two_concepts,bn2_w16_gap,6018,raw_logit_input_effect_mpp,64.67578506469727
two_concepts,bn2_w16_gap,6019,raw_logit_input_effect_mpp,71.22515487670898
two_concepts,bn2_w16_gap,6020,raw_logit_input_effect_mpp,65.77986907958984
two_concepts,bn2_w16_gap,6021,raw_logit_input_effect_mpp,63.53868865966797
two_concepts,bn2_w16_gap,6022,raw_logit_input_effect_mpp,60.304683685302734
two_concepts,bn2_w16_gap,6023,raw_logit_input_effect_mpp,50.1827335357666
two_concepts,bn2_w16_gap,6024,raw_logit_input_effect_mpp,61.48258972167969
two_concepts,bn2_w16_gap,6025,raw_logit_input_effect_mpp,43.16999435424805
two_concepts,bn2_w16_gap,6026,raw_logit_input_effect_mpp,67.00112533569336
two_concepts,bn2_w16_gap,6027,raw_logit_input_effect_mpp,82.16705894470215
two_concepts,bn2_w16_gap,6028,raw_logit_input_effect_mpp,55.710960388183594
two_concepts,bn2_w16_gap,6029,raw_logit_input_effect_mpp,65.65421485900879
two_concepts,bn2_w16_gap,6030,raw_logit_input_effect_mpp,62.57419013977051
two_concepts,bn2_w16_gap,6031,raw_logit_input_effect_mpp,57.02336311340332
two_concepts,bn2_w16_gap,6032,raw_logit_input_effect_mpp,59.65227127075195
two_concepts,bn2_w16_gap,6033,raw_logit_input_effect_mpp,60.671159744262695
two_concepts,bn2_w16_gap,6034,raw_logit_input_effect_mpp,64.22703552246094
two_concepts,bn2_w16_gap,6035,raw_logit_input_effect_mpp,49.21257019042969
two_concepts,bn2_w16_gap,6036,raw_logit_input_effect_mpp,63.65915298461914
two_concepts,bn2_w16_gap,6037,raw_logit_input_effect_mpp,76.33050155639648
two_concepts,bn2_w16_gap,6038,raw_logit_input_effect_mpp,49.26965522766113
two_concepts,bn2_w16_gap,6039,raw_logit_input_effect_mpp,68.53580093383789
two_concepts,bn2_w16_gap,6040,raw_logit_input_effect_mpp,67.55911064147949
two_concepts,bn2_w16_gap,6041,raw_logit_input_effect_mpp,46.57711219787598
two_concepts,bn2_w16_gap,6042,raw_logit_input_effect_mpp,53.538272857666016
two_concepts,bn2_w16_gap,6043,raw_logit_input_effect_mpp,49.166221618652344
two_concepts,bn2_w16_gap,6044,raw_logit_input_effect_mpp,59.63059997558594
two_concepts,bn2_w16_gap,6045,raw_logit_input_effect_mpp,50.609052658081055
two_concepts,bn2_w16_gap,6046,raw_logit_input_effect_mpp,52.74250411987305
two_concepts,bn2_w16_gap,6047,raw_logit_input_effect_mpp,56.55260467529297
two_concepts,bn2_w16_gap,6048,raw_logit_input_effect_mpp,47.28780937194824
two_concepts,bn2_w16_gap,6049,raw_logit_input_effect_mpp,49.81557083129883
two_concepts,bn2_w16_gap,6050,raw_logit_input_effect_mpp,62.06166648864746
two_concepts,bn2_w16_gap,6051,raw_logit_input_effect_mpp,57.11421203613281
two_concepts,bn2_w16_gap,6052,raw_logit_input_effect_mpp,75.19971466064453
two_concepts,bn2_w16_gap,6053,raw_logit_input_effect_mpp,59.954071044921875
two_concepts,bn2_w16_gap,6054,raw_logit_input_effect_mpp,49.98446083068848
two_concepts,bn2_w16_gap,6055,raw_logit_input_effect_mpp,53.43152618408203
two_concepts,bn2_w16_gap,6056,raw_logit_input_effect_mpp,55.21418380737305
two_concepts,bn2_w16_gap,6057,raw_logit_input_effect_mpp,46.337432861328125
two_concepts,bn2_w16_gap,6058,raw_logit_input_effect_mpp,43.40646553039551
two_concepts,bn2_w16_gap,6059,raw_logit_input_effect_mpp,54.258670806884766
two_concepts,bn2_w16_gap,6060,raw_logit_input_effect_mpp,61.53850746154785
two_concepts,bn2_w16_gap,6061,raw_logit_input_effect_mpp,57.31369209289551
two_concepts,bn2_w16_gap,6062,raw_logit_input_effect_mpp,36.685691833496094
two_concepts,bn2_w16_gap,6063,raw_logit_input_effect_mpp,53.1535587310791
two_concepts,bn2_w16_gap,6064,raw_logit_input_effect_mpp,59.15493965148926
two_concepts,bn2_w16_gap,6065,raw_logit_input_effect_mpp,56.154008865356445
two_concepts,bn2_w16_gap,6066,raw_logit_input_effect_mpp,64.76456260681152
two_concepts,bn2_w16_gap,6067,raw_logit_input_effect_mpp,31.383420944213867
two_concepts,bn2_w16_gap,6068,raw_logit_input_effect_mpp,70.43476867675781
two_concepts,bn2_w16_gap,6069,raw_logit_input_effect_mpp,53.0932731628418
two_concepts,bn2_w16_gap,6070,raw_logit_input_effect_mpp,58.19378662109375
two_concepts,bn2_w16_gap,6071,raw_logit_input_effect_mpp,65.96828269958496
two_concepts,bn2_w16_gap,6072,raw_logit_input_effect_mpp,50.744741439819336
two_concepts,bn2_w16_gap,6073,raw_logit_input_effect_mpp,58.813764572143555
two_concepts,bn2_w16_gap,6074,raw_logit_input_effect_mpp,42.74435615539551
two_concepts,bn2_w16_gap,6075,raw_logit_input_effect_mpp,78.89175987243652
two_concepts,bn2_w16_gap,6076,raw_logit_input_effect_mpp,48.369585037231445
two_concepts,bn2_w16_gap,6077,raw_logit_input_effect_mpp,68.97218036651611
two_concepts,bn2_w16_gap,6078,raw_logit_input_effect_mpp,54.638465881347656
two_concepts,bn2_w16_gap,6079,raw_logit_input_effect_mpp,55.6084098815918
two_concepts,bn2_w16_gap,6080,raw_logit_input_effect_mpp,59.575260162353516
two_concepts,bn2_w16_gap,6081,raw_logit_input_effect_mpp,61.62577819824219
two_concepts,bn2_w16_gap,6082,raw_logit_input_effect_mpp,56.966691970825195
two_concepts,bn2_w16_gap,6083,raw_logit_input_effect_mpp,49.77689552307129
two_concepts,bn2_w16_gap,6084,raw_logit_input_effect_mpp,63.8206901550293
two_concepts,bn2_w16_gap,6085,raw_logit_input_effect_mpp,33.29073905944824
two_concepts,bn2_w16_gap,6086,raw_logit_input_effect_mpp,66.65606498718262
two_concepts,bn2_w16_gap,6087,raw_logit_input_effect_mpp,50.24520397186279
two_concepts,bn2_w16_gap,6088,raw_logit_input_effect_mpp,58.1629524230957
two_concepts,bn2_w16_gap,6089,raw_logit_input_effect_mpp,68.23154258728027
two_concepts,bn2_w16_gap,6090,raw_logit_input_effect_mpp,67.49449157714844
two_concepts,bn2_w16_gap,6091,raw_logit_input_effect_mpp,58.20916557312012
two_concepts,bn2_w16_gap,6092,raw_logit_input_effect_mpp,62.80413818359375
two_concepts,bn2_w16_gap,6093,raw_logit_input_effect_mpp,43.76173210144043
two_concepts,bn2_w16_gap,6094,raw_logit_input_effect_mpp,77.61557960510254
two_concepts,bn2_w16_gap,6095,raw_logit_input_effect_mpp,53.57064437866211
two_concepts,bn2_w16_gap,6096,raw_logit_input_effect_mpp,72.53660106658936
two_concepts,bn2_w16_gap,6097,raw_logit_input_effect_mpp,63.4393310546875
two_concepts,bn2_w16_gap,6098,raw_logit_input_effect_mpp,57.403404235839844
two_concepts,bn2_w16_gap,6099,raw_logit_input_effect_mpp,47.811126708984375
two_concepts,bn2_w16_gmp,6000,raw_logit_input_effect_mpp,178.5665168762207
two_concepts,bn2_w16_gmp,6001,raw_logit_input_effect_mpp,113.32066345214844
two_concepts,bn2_w16_gmp,6002,raw_logit_input_effect_mpp,90.66421508789062
two_concepts,bn2_w16_gmp,6003,raw_logit_input_effect_mpp,125.96337890625
two_concepts,bn2_w16_gmp,6004,raw_logit_input_effect_mpp,113.79202270507812
two_concepts,bn2_w16_gmp,6005,raw_logit_input_effect_mpp,139.09212684631348
two_concepts,bn2_w16_gmp,6006,raw_logit_input_effect_mpp,169.93168258666992
two_concepts,bn2_w16_gmp,6007,raw_logit_input_effect_mpp,159.2315330505371
two_concepts,bn2_w16_gmp,6008,raw_logit_input_effect_mpp,123.0982780456543
two_concepts,bn2_w16_gmp,6009,raw_logit_input_effect_mpp,138.52410888671875
two_concepts,bn2_w16_gmp,6010,raw_logit_input_effect_mpp,162.3399429321289
two_concepts,bn2_w16_gmp,6011,raw_logit_input_effect_mpp,146.53839111328125
two_concepts,bn2_w16_gmp,6012,raw_logit_input_effect_mpp,115.23992919921875
two_concepts,bn2_w16_gmp,6013,raw_logit_input_effect_mpp,109.62897491455078
two_concepts,bn2_w16_gmp,6014,raw_logit_input_effect_mpp,99.35435485839844
two_concepts,bn2_w16_gmp,6015,raw_logit_input_effect_mpp,107.96652221679688
two_concepts,bn2_w16_gmp,6016,raw_logit_input_effect_mpp,117.00369262695312
two_concepts,bn2_w16_gmp,6017,raw_logit_input_effect_mpp,93.16658020019531
two_concepts,bn2_w16_gmp,6018,raw_logit_input_effect_mpp,95.01419067382812
two_concepts,bn2_w16_gmp,6019,raw_logit_input_effect_mpp,131.78256225585938
two_concepts,bn2_w16_gmp,6020,raw_logit_input_effect_mpp,186.72344398498535
two_concepts,bn2_w16_gmp,6021,raw_logit_input_effect_mpp,95.97478485107422
two_concepts,bn2_w16_gmp,6022,raw_logit_input_effect_mpp,139.06578826904297
two_concepts,bn2_w16_gmp,6023,raw_logit_input_effect_mpp,110.1224365234375
two_concepts,bn2_w16_gmp,6024,raw_logit_input_effect_mpp,88.82923126220703
two_concepts,bn2_w16_gmp,6025,raw_logit_input_effect_mpp,85.63619232177734
two_concepts,bn2_w16_gmp,6026,raw_logit_input_effect_mpp,104.87719345092773
two_concepts,bn2_w16_gmp,6027,raw_logit_input_effect_mpp,132.75476837158203
two_concepts,bn2_w16_gmp,6028,raw_logit_input_effect_mpp,93.10096740722656
two_concepts,bn2_w16_gmp,6029,raw_logit_input_effect_mpp,144.82879257202148
two_concepts,bn2_w16_gmp,6030,raw_logit_input_effect_mpp,125.42354202270508
two_concepts,bn2_w16_gmp,6031,raw_logit_input_effect_mpp,124.12448501586914
two_concepts,bn2_w16_gmp,6032,raw_logit_input_effect_mpp,107.38166809082031
two_concepts,bn2_w16_gmp,6033,raw_logit_input_effect_mpp,148.65543365478516
two_concepts,bn2_w16_gmp,6034,raw_logit_input_effect_mpp,188.35711288452148
two_concepts,bn2_w16_gmp,6035,raw_logit_input_effect_mpp,105.20318222045898
two_concepts,bn2_w16_gmp,6036,raw_logit_input_effect_mpp,126.91922378540039
two_concepts,bn2_w16_gmp,6037,raw_logit_input_effect_mpp,107.05132675170898
two_concepts,bn2_w16_gmp,6038,raw_logit_input_effect_mpp,153.66063690185547
two_concepts,bn2_w16_gmp,6039,raw_logit_input_effect_mpp,142.7418556213379
two_concepts,bn2_w16_gmp,6040,raw_logit_input_effect_mpp,150.38301467895508
two_concepts,bn2_w16_gmp,6041,raw_logit_input_effect_mpp,191.5809326171875
two_concepts,bn2_w16_gmp,6042,raw_logit_input_effect_mpp,100.03857803344727
two_concepts,bn2_w16_gmp,6043,raw_logit_input_effect_mpp,106.47741317749023
two_concepts,bn2_w16_gmp,6044,raw_logit_input_effect_mpp,102.29949188232422
two_concepts,bn2_w16_gmp,6045,raw_logit_input_effect_mpp,115.56712341308594
two_concepts,bn2_w16_gmp,6046,raw_logit_input_effect_mpp,190.40497970581055
two_concepts,bn2_w16_gmp,6047,raw_logit_input_effect_mpp,126.10801696777344
two_concepts,bn2_w16_gmp,6048,raw_logit_input_effect_mpp,110.81256866455078
two_concepts,bn2_w16_gmp,6049,raw_logit_input_effect_mpp,148.47291564941406
two_concepts,bn2_w16_gmp,6050,raw_logit_input_effect_mpp,122.4083480834961
two_concepts,bn2_w16_gmp,6051,raw_logit_input_effect_mpp,164.45599746704102
two_concepts,bn2_w16_gmp,6052,raw_logit_input_effect_mpp,107.81780242919922
two_concepts,bn2_w16_gmp,6053,raw_logit_input_effect_mpp,109.63787841796875
two_concepts,bn2_w16_gmp,6054,raw_logit_input_effect_mpp,140.7234992980957
two_concepts,bn2_w16_gmp,6055,raw_logit_input_effect_mpp,102.17610931396484
two_concepts,bn2_w16_gmp,6056,raw_logit_input_effect_mpp,107.09418487548828
two_concepts,bn2_w16_gmp,6057,raw_logit_input_effect_mpp,112.81333923339844
two_concepts,bn2_w16_gmp,6058,raw_logit_input_effect_mpp,96.17670440673828
two_concepts,bn2_w16_gmp,6059,raw_logit_input_effect_mpp,100.20071792602539
two_concepts,bn2_w16_gmp,6060,raw_logit_input_effect_mpp,136.9561004638672
two_concepts,bn2_w16_gmp,6061,raw_logit_input_effect_mpp,135.41315460205078
two_concepts,bn2_w16_gmp,6062,raw_logit_input_effect_mpp,106.08173370361328
two_concepts,bn2_w16_gmp,6063,raw_logit_input_effect_mpp,201.6169261932373
two_concepts,bn2_w16_gmp,6064,raw_logit_input_effect_mpp,182.39739227294922
two_concepts,bn2_w16_gmp,6065,raw_logit_input_effect_mpp,168.93384742736816
two_concepts,bn2_w16_gmp,6066,raw_logit_input_effect_mpp,133.1301498413086
two_concepts,bn2_w16_gmp,6067,raw_logit_input_effect_mpp,163.4504508972168
two_concepts,bn2_w16_gmp,6068,raw_logit_input_effect_mpp,143.25831985473633
two_concepts,bn2_w16_gmp,6069,raw_logit_input_effect_mpp,110.6891975402832
two_concepts,bn2_w16_gmp,6070,raw_logit_input_effect_mpp,82.67339324951172
two_concepts,bn2_w16_gmp,6071,raw_logit_input_effect_mpp,101.91522979736328
two_concepts,bn2_w16_gmp,6072,raw_logit_input_effect_mpp,169.79304122924805
two_concepts,bn2_w16_gmp,6073,raw_logit_input_effect_mpp,135.96413230895996
two_concepts,bn2_w16_gmp,6074,raw_logit_input_effect_mpp,109.8715705871582
two_concepts,bn2_w16_gmp,6075,raw_logit_input_effect_mpp,110.529052734375
two_concepts,bn2_w16_gmp,6076,raw_logit_input_effect_mpp,96.08942031860352
two_concepts,bn2_w16_gmp,6077,raw_logit_input_effect_mpp,144.19306182861328
two_concepts,bn2_w16_gmp,6078,raw_logit_input_effect_mpp,152.8547592163086
two_concepts,bn2_w16_gmp,6079,raw_logit_input_effect_mpp,119.12622833251953
two_concepts,bn2_w16_gmp,6080,raw_logit_input_effect_mpp,141.89143180847168
two_concepts,bn2_w16_gmp,6081,raw_logit_input_effect_mpp,108.26927185058594
two_concepts,bn2_w16_gmp,6082,raw_logit_input_effect_mpp,122.36469268798828
two_concepts,bn2_w16_gmp,6083,raw_logit_input_effect_mpp,120.22751235961914
two_concepts,bn2_w16_gmp,6084,raw_logit_input_effect_mpp,166.86941623687744
two_concepts,bn2_w16_gmp,6085,raw_logit_input_effect_mpp,114.20388412475586
two_concepts,bn2_w16_gmp,6086,raw_logit_input_effect_mpp,90.2948226928711
two_concepts,bn2_w16_gmp,6087,raw_logit_input_effect_mpp,118.01539039611816
two_concepts,bn2_w16_gmp,6088,raw_logit_input_effect_mpp,139.43949127197266
two_concepts,bn2_w16_gmp,6089,raw_logit_input_effect_mpp,112.28965759277344
two_concepts,bn2_w16_gmp,6090,raw_logit_input_effect_mpp,90.66887283325195
two_concepts,bn2_w16_gmp,6091,raw_logit_input_effect_mpp,157.66787719726562
two_concepts,bn2_w16_gmp,6092,raw_logit_input_effect_mpp,224.70018768310547
two_concepts,bn2_w16_gmp,6093,raw_logit_input_effect_mpp,134.30187225341797
two_concepts,bn2_w16_gmp,6094,raw_logit_input_effect_mpp,122.12060165405273
two_concepts,bn2_w16_gmp,6095,raw_logit_input_effect_mpp,146.25501251220703
two_concepts,bn2_w16_gmp,6096,raw_logit_input_effect_mpp,132.44525527954102
two_concepts,bn2_w16_gmp,6097,raw_logit_input_effect_mpp,115.20977783203125
two_concepts,bn2_w16_gmp,6098,raw_logit_input_effect_mpp,141.6701431274414
two_concepts,bn2_w16_gmp,6099,raw_logit_input_effect_mpp,122.14973449707031
two_concepts,bn4_w16_gap,6000,raw_logit_input_effect_mpp,8.063804626464844
two_concepts,bn4_w16_gap,6001,raw_logit_input_effect_mpp,10.669559478759766
two_concepts,bn4_w16_gap,6002,raw_logit_input_effect_mpp,10.915454864501953
two_concepts,bn4_w16_gap,6003,raw_logit_input_effect_mpp,3.0877151489257812
two_concepts,bn4_w16_gap,6004,raw_logit_input_effect_mpp,9.86990737915039
two_concepts,bn4_w16_gap,6005,raw_logit_input_effect_mpp,9.972370147705078
two_concepts,bn4_w16_gap,6006,raw_logit_input_effect_mpp,10.193405151367188
two_concepts,bn4_w16_gap,6007,raw_logit_input_effect_mpp,3.3555831909179688
two_concepts,bn4_w16_gap,6008,raw_logit_input_effect_mpp,10.108875274658203
two_concepts,bn4_w16_gap,6009,raw_logit_input_effect_mpp,10.468860626220703
two_concepts,bn4_w16_gap,6010,raw_logit_input_effect_mpp,12.649375915527344
two_concepts,bn4_w16_gap,6011,raw_logit_input_effect_mpp,7.467658996582031
two_concepts,bn4_w16_gap,6012,raw_logit_input_effect_mpp,13.40450668334961
two_concepts,bn4_w16_gap,6013,raw_logit_input_effect_mpp,7.204738616943359
two_concepts,bn4_w16_gap,6014,raw_logit_input_effect_mpp,6.765167236328125
two_concepts,bn4_w16_gap,6015,raw_logit_input_effect_mpp,21.96712875366211
two_concepts,bn4_w16_gap,6016,raw_logit_input_effect_mpp,7.952098846435547
two_concepts,bn4_w16_gap,6017,raw_logit_input_effect_mpp,3.463153839111328
two_concepts,bn4_w16_gap,6018,raw_logit_input_effect_mpp,10.711833953857422
two_concepts,bn4_w16_gap,6019,raw_logit_input_effect_mpp,5.567836761474609
two_concepts,bn4_w16_gap,6020,raw_logit_input_effect_mpp,8.345199584960938
two_concepts,bn4_w16_gap,6021,raw_logit_input_effect_mpp,2.515941619873047
two_concepts,bn4_w16_gap,6022,raw_logit_input_effect_mpp,5.280933380126953
two_concepts,bn4_w16_gap,6023,raw_logit_input_effect_mpp,8.828304290771484
two_concepts,bn4_w16_gap,6024,raw_logit_input_effect_mpp,14.335548400878906
two_concepts,bn4_w16_gap,6025,raw_logit_input_effect_mpp,7.046733856201172
two_concepts,bn4_w16_gap,6026,raw_logit_input_effect_mpp,9.227092742919922
two_concepts,bn4_w16_gap,6027,raw_logit_input_effect_mpp,8.370708465576172
two_concepts,bn4_w16_gap,6028,raw_logit_input_effect_mpp,-2.6743545532226562
two_concepts,bn4_w16_gap,6029,raw_logit_input_effect_mpp,11.164630889892578
two_concepts,bn4_w16_gap,6030,raw_logit_input_effect_mpp,8.01980972290039
two_concepts,bn4_w16_gap,6031,raw_logit_input_effect_mpp,13.612319946289062
two_concepts,bn4_w16_gap,6032,raw_logit_input_effect_mpp,14.038959503173828
two_concepts,bn4_w16_gap,6033,raw_logit_input_effect_mpp,8.097244262695312
two_concepts,bn4_w16_gap,6034,raw_logit_input_effect_mpp,4.589958190917969
two_concepts,bn4_w16_gap,6035,raw_logit_input_effect_mpp,7.300971984863281
two_concepts,bn4_w16_gap,6036,raw_logit_input_effect_mpp,6.184062957763672
two_concepts,bn4_w16_gap,6037,raw_logit_input_effect_mpp,8.578170776367188
two_concepts,bn4_w16_gap,6038,raw_logit_input_effect_mpp,8.240730285644531
two_concepts,bn4_w16_gap,6039,raw_logit_input_effect_mpp,0.3750343322753906
two_concepts,bn4_w16_gap,6040,raw_logit_input_effect_mpp,3.2621421813964844
two_concepts,bn4_w16_gap,6041,raw_logit_input_effect_mpp,4.412605285644531
two_concepts,bn4_w16_gap,6042,raw_logit_input_effect_mpp,3.3541603088378906
two_concepts,bn4_w16_gap,6043,raw_logit_input_effect_mpp,7.223819732666016
two_concepts,bn4_w16_gap,6044,raw_logit_input_effect_mpp,15.435623168945312
two_concepts,bn4_w16_gap,6045,raw_logit_input_effect_mpp,8.547733306884766
two_concepts,bn4_w16_gap,6046,raw_logit_input_effect_mpp,8.475227355957031
two_concepts,bn4_w16_gap,6047,raw_logit_input_effect_mpp,11.136333465576172
two_concepts,bn4_w16_gap,6048,raw_logit_input_effect_mpp,6.879383087158203
two_concepts,bn4_w16_gap,6049,raw_logit_input_effect_mpp,6.481250762939453
two_concepts,bn4_w16_gap,6050,raw_logit_input_effect_mpp,5.558116912841797
two_concepts,bn4_w16_gap,6051,raw_logit_input_effect_mpp,6.913322448730469
two_concepts,bn4_w16_gap,6052,raw_logit_input_effect_mpp,9.551445007324219
two_concepts,bn4_w16_gap,6053,raw_logit_input_effect_mpp,14.516971588134766
two_concepts,bn4_w16_gap,6054,raw_logit_input_effect_mpp,7.375850677490234
two_concepts,bn4_w16_gap,6055,raw_logit_input_effect_mpp,6.973171234130859
two_concepts,bn4_w16_gap,6056,raw_logit_input_effect_mpp,10.19760513305664
two_concepts,bn4_w16_gap,6057,raw_logit_input_effect_mpp,6.583950042724609
two_concepts,bn4_w16_gap,6058,raw_logit_input_effect_mpp,6.886028289794922
two_concepts,bn4_w16_gap,6059,raw_logit_input_effect_mpp,10.727073669433594
two_concepts,bn4_w16_gap,6060,raw_logit_input_effect_mpp,11.422183990478516
two_concepts,bn4_w16_gap,6061,raw_logit_input_effect_mpp,9.099170684814453
two_concepts,bn4_w16_gap,6062,raw_logit_input_effect_mpp,7.575050354003906
two_concepts,bn4_w16_gap,6063,raw_logit_input_effect_mpp,11.214225769042969
two_concepts,bn4_w16_gap,6064,raw_logit_input_effect_mpp,2.0951309204101562
two_concepts,bn4_w16_gap,6065,raw_logit_input_effect_mpp,7.937541961669922
two_concepts,bn4_w16_gap,6066,raw_logit_input_effect_mpp,9.19710922241211
two_concepts,bn4_w16_gap,6067,raw_logit_input_effect_mpp,4.296871185302734
two_concepts,bn4_w16_gap,6068,raw_logit_input_effect_mpp,9.240165710449219
two_concepts,bn4_w16_gap,6069,raw_logit_input_effect_mpp,4.9565887451171875
two_concepts,bn4_w16_gap,6070,raw_logit_input_effect_mpp,9.492256164550781
two_concepts,bn4_w16_gap,6071,raw_logit_input_effect_mpp,7.188884735107422
two_concepts,bn4_w16_gap,6072,raw_logit_input_effect_mpp,4.712528228759766
two_concepts,bn4_w16_gap,6073,raw_logit_input_effect_mpp,8.374671936035156
two_concepts,bn4_w16_gap,6074,raw_logit_input_effect_mpp,9.046875
two_concepts,bn4_w16_gap,6075,raw_logit_input_effect_mpp,9.11239242553711
two_concepts,bn4_w16_gap,6076,raw_logit_input_effect_mpp,9.823600769042969
two_concepts,bn4_w16_gap,6077,raw_logit_input_effect_mpp,6.699695587158203
two_concepts,bn4_w16_gap,6078,raw_logit_input_effect_mpp,4.669467926025391
two_concepts,bn4_w16_gap,6079,raw_logit_input_effect_mpp,8.398265838623047
two_concepts,bn4_w16_gap,6080,raw_logit_input_effect_mpp,10.61258316040039
two_concepts,bn4_w16_gap,6081,raw_logit_input_effect_mpp,13.30197525024414
two_concepts,bn4_w16_gap,6082,raw_logit_input_effect_mpp,-0.7459983825683594
two_concepts,bn4_w16_gap,6083,raw_logit_input_effect_mpp,9.724132537841797
two_concepts,bn4_w16_gap,6084,raw_logit_input_effect_mpp,5.838539123535156
two_concepts,bn4_w16_gap,6085,raw_logit_input_effect_mpp,8.213111877441406
two_concepts,bn4_w16_gap,6086,raw_logit_input_effect_mpp,0.06537246704101562
two_concepts,bn4_w16_gap,6087,raw_logit_input_effect_mpp,10.994132995605469
two_concepts,bn4_w16_gap,6088,raw_logit_input_effect_mpp,9.601604461669922
two_concepts,bn4_w16_gap,6089,raw_logit_input_effect_mpp,9.26162338256836
two_concepts,bn4_w16_gap,6090,raw_logit_input_effect_mpp,16.99798583984375
two_concepts,bn4_w16_gap,6091,raw_logit_input_effect_mpp,7.591999053955078
two_concepts,bn4_w16_gap,6092,raw_logit_input_effect_mpp,11.321098327636719
two_concepts,bn4_w16_gap,6093,raw_logit_input_effect_mpp,7.022556304931641
two_concepts,bn4_w16_gap,6094,raw_logit_input_effect_mpp,9.80624771118164
two_concepts,bn4_w16_gap,6095,raw_logit_input_effect_mpp,11.043899536132812
two_concepts,bn4_w16_gap,6096,raw_logit_input_effect_mpp,6.890453338623047
two_concepts,bn4_w16_gap,6097,raw_logit_input_effect_mpp,12.032691955566406
two_concepts,bn4_w16_gap,6098,raw_logit_input_effect_mpp,1.8517608642578125
two_concepts,bn4_w16_gap,6099,raw_logit_input_effect_mpp,17.780597686767578
two_concepts,bn4_w16_gmp,6000,raw_logit_input_effect_mpp,5.464561462402344
two_concepts,bn4_w16_gmp,6001,raw_logit_input_effect_mpp,-8.312171936035156
two_concepts,bn4_w16_gmp,6002,raw_logit_input_effect_mpp,2.9741363525390625
two_concepts,bn4_w16_gmp,6003,raw_logit_input_effect_mpp,-5.0656585693359375
two_concepts,bn4_w16_gmp,6004,raw_logit_input_effect_mpp,-4.587043762207031
two_concepts,bn4_w16_gmp,6005,raw_logit_input_effect_mpp,19.869674682617188
two_concepts,bn4_w16_gmp,6006,raw_logit_input_effect_mpp,14.16827392578125
two_concepts,bn4_w16_gmp,6007,raw_logit_input_effect_mpp,9.427398681640625
two_concepts,bn4_w16_gmp,6008,raw_logit_input_effect_mpp,8.038482666015625
two_concepts,bn4_w16_gmp,6009,raw_logit_input_effect_mpp,12.204963684082031
two_concepts,bn4_w16_gmp,6010,raw_logit_input_effect_mpp,11.139701843261719
two_concepts,bn4_w16_gmp,6011,raw_logit_input_effect_mpp,4.794921875
two_concepts,bn4_w16_gmp,6012,raw_logit_input_effect_mpp,5.287605285644531
two_concepts,bn4_w16_gmp,6013,raw_logit_input_effect_mpp,12.100967407226562
two_concepts,bn4_w16_gmp,6014,raw_logit_input_effect_mpp,4.9217987060546875
two_concepts,bn4_w16_gmp,6015,raw_logit_input_effect_mpp,28.289077758789062
two_concepts,bn4_w16_gmp,6016,raw_logit_input_effect_mpp,-4.4965972900390625
two_concepts,bn4_w16_gmp,6017,raw_logit_input_effect_mpp,4.731178283691406
two_concepts,bn4_w16_gmp,6018,raw_logit_input_effect_mpp,15.304702758789062
two_concepts,bn4_w16_gmp,6019,raw_logit_input_effect_mpp,0.127227783203125
two_concepts,bn4_w16_gmp,6020,raw_logit_input_effect_mpp,-1.5979995727539062
two_concepts,bn4_w16_gmp,6021,raw_logit_input_effect_mpp,7.307373046875
two_concepts,bn4_w16_gmp,6022,raw_logit_input_effect_mpp,-0.44434356689453125
two_concepts,bn4_w16_gmp,6023,raw_logit_input_effect_mpp,8.848487854003906
two_concepts,bn4_w16_gmp,6024,raw_logit_input_effect_mpp,11.214653015136719
two_concepts,bn4_w16_gmp,6025,raw_logit_input_effect_mpp,-8.169151306152344
two_concepts,bn4_w16_gmp,6026,raw_logit_input_effect_mpp,0.16994476318359375
two_concepts,bn4_w16_gmp,6027,raw_logit_input_effect_mpp,16.58490753173828
two_concepts,bn4_w16_gmp,6028,raw_logit_input_effect_mpp,-10.805946350097656
two_concepts,bn4_w16_gmp,6029,raw_logit_input_effect_mpp,6.841361999511719
two_concepts,bn4_w16_gmp,6030,raw_logit_input_effect_mpp,5.886955261230469
two_concepts,bn4_w16_gmp,6031,raw_logit_input_effect_mpp,14.214469909667969
two_concepts,bn4_w16_gmp,6032,raw_logit_input_effect_mpp,2.0160675048828125
two_concepts,bn4_w16_gmp,6033,raw_logit_input_effect_mpp,7.764549255371094
two_concepts,bn4_w16_gmp,6034,raw_logit_input_effect_mpp,3.8281936645507812
two_concepts,bn4_w16_gmp,6035,raw_logit_input_effect_mpp,1.0015106201171875
two_concepts,bn4_w16_gmp,6036,raw_logit_input_effect_mpp,0.3870697021484375
two_concepts,bn4_w16_gmp,6037,raw_logit_input_effect_mpp,11.439796447753906
two_concepts,bn4_w16_gmp,6038,raw_logit_input_effect_mpp,4.57806396484375
two_concepts,bn4_w16_gmp,6039,raw_logit_input_effect_mpp,11.278724670410156
two_concepts,bn4_w16_gmp,6040,raw_logit_input_effect_mpp,9.998619079589844
two_concepts,bn4_w16_gmp,6041,raw_logit_input_effect_mpp,5.302459716796875
two_concepts,bn4_w16_gmp,6042,raw_logit_input_effect_mpp,4.577079772949219
two_concepts,bn4_w16_gmp,6043,raw_logit_input_effect_mpp,15.060256958007812
two_concepts,bn4_w16_gmp,6044,raw_logit_input_effect_mpp,8.658988952636719
two_concepts,bn4_w16_gmp,6045,raw_logit_input_effect_mpp,4.120758056640625
two_concepts,bn4_w16_gmp,6046,raw_logit_input_effect_mpp,14.791244506835938
two_concepts,bn4_w16_gmp,6047,raw_logit_input_effect_mpp,18.91358184814453
two_concepts,bn4_w16_gmp,6048,raw_logit_input_effect_mpp,10.4376220703125
two_concepts,bn4_w16_gmp,6049,raw_logit_input_effect_mpp,14.413093566894531
two_concepts,bn4_w16_gmp,6050,raw_logit_input_effect_mpp,11.969497680664062
two_concepts,bn4_w16_gmp,6051,raw_logit_input_effect_mpp,2.2307510375976562
two_concepts,bn4_w16_gmp,6052,raw_logit_input_effect_mpp,4.318565368652344
two_concepts,bn4_w16_gmp,6053,raw_logit_input_effect_mpp,9.217025756835938
two_concepts,bn4_w16_gmp,6054,raw_logit_input_effect_mpp,11.084571838378906
two_concepts,bn4_w16_gmp,6055,raw_logit_input_effect_mpp,0.7730331420898438
two_concepts,bn4_w16_gmp,6056,raw_logit_input_effect_mpp,10.015235900878906
two_concepts,bn4_w16_gmp,6057,raw_logit_input_effect_mpp,10.0640869140625
two_concepts,bn4_w16_gmp,6058,raw_logit_input_effect_mpp,12.566131591796875
two_concepts,bn4_w16_gmp,6059,raw_logit_input_effect_mpp,16.112869262695312
two_concepts,bn4_w16_gmp,6060,raw_logit_input_effect_mpp,8.03045654296875
two_concepts,bn4_w16_gmp,6061,raw_logit_input_effect_mpp,16.972434997558594
two_concepts,bn4_w16_gmp,6062,raw_logit_input_effect_mpp,18.455047607421875
two_concepts,bn4_w16_gmp,6063,raw_logit_input_effect_mpp,8.606903076171875
two_concepts,bn4_w16_gmp,6064,raw_logit_input_effect_mpp,9.931983947753906
two_concepts,bn4_w16_gmp,6065,raw_logit_input_effect_mpp,11.607894897460938
two_concepts,bn4_w16_gmp,6066,raw_logit_input_effect_mpp,1.2848663330078125
two_concepts,bn4_w16_gmp,6067,raw_logit_input_effect_mpp,1.4149398803710938
two_concepts,bn4_w16_gmp,6068,raw_logit_input_effect_mpp,11.939796447753906
two_concepts,bn4_w16_gmp,6069,raw_logit_input_effect_mpp,5.616180419921875
two_concepts,bn4_w16_gmp,6070,raw_logit_input_effect_mpp,0.9939727783203125
two_concepts,bn4_w16_gmp,6071,raw_logit_input_effect_mpp,7.407188415527344
two_concepts,bn4_w16_gmp,6072,raw_logit_input_effect_mpp,2.2088775634765625
two_concepts,bn4_w16_gmp,6073,raw_logit_input_effect_mpp,4.54840087890625
two_concepts,bn4_w16_gmp,6074,raw_logit_input_effect_mpp,5.220298767089844
two_concepts,bn4_w16_gmp,6075,raw_logit_input_effect_mpp,9.222419738769531
two_concepts,bn4_w16_gmp,6076,raw_logit_input_effect_mpp,14.325736999511719
two_concepts,bn4_w16_gmp,6077,raw_logit_input_effect_mpp,2.6779632568359375
two_concepts,bn4_w16_gmp,6078,raw_logit_input_effect_mpp,12.282119750976562
two_concepts,bn4_w16_gmp,6079,raw_logit_input_effect_mpp,23.25787353515625
two_concepts,bn4_w16_gmp,6080,raw_logit_input_effect_mpp,10.434112548828125
two_concepts,bn4_w16_gmp,6081,raw_logit_input_effect_mpp,9.444038391113281
two_concepts,bn4_w16_gmp,6082,raw_logit_input_effect_mpp,3.9764633178710938
two_concepts,bn4_w16_gmp,6083,raw_logit_input_effect_mpp,10.577529907226562
two_concepts,bn4_w16_gmp,6084,raw_logit_input_effect_mpp,0.9422454833984375
two_concepts,bn4_w16_gmp,6085,raw_logit_input_effect_mpp,3.8310317993164062
two_concepts,bn4_w16_gmp,6086,raw_logit_input_effect_mpp,10.369613647460938
two_concepts,bn4_w16_gmp,6087,raw_logit_input_effect_mpp,11.441810607910156
two_concepts,bn4_w16_gmp,6088,raw_logit_input_effect_mpp,8.456329345703125
two_concepts,bn4_w16_gmp,6089,raw_logit_input_effect_mpp,4.593345642089844
two_concepts,bn4_w16_gmp,6090,raw_logit_input_effect_mpp,9.279708862304688
two_concepts,bn4_w16_gmp,6091,raw_logit_input_effect_mpp,-4.3289337158203125
two_concepts,bn4_w16_gmp,6092,raw_logit_input_effect_mpp,11.217720031738281
two_concepts,bn4_w16_gmp,6093,raw_logit_input_effect_mpp,10.009613037109375
two_concepts,bn4_w16_gmp,6094,raw_logit_input_effect_mpp,16.33190155029297
two_concepts,bn4_w16_gmp,6095,raw_logit_input_effect_mpp,19.247779846191406
two_concepts,bn4_w16_gmp,6096,raw_logit_input_effect_mpp,6.738563537597656
two_concepts,bn4_w16_gmp,6097,raw_logit_input_effect_mpp,9.275291442871094
two_concepts,bn4_w16_gmp,6098,raw_logit_input_effect_mpp,8.860740661621094
two_concepts,bn4_w16_gmp,6099,raw_logit_input_effect_mpp,7.588310241699219
two_concepts,plain2_w16_gap,6000,raw_logit_input_effect_mpp,216.57199668884277
two_concepts,plain2_w16_gap,6001,raw_logit_input_effect_mpp,295.6325807571411
two_concepts,plain2_w16_gap,6002,raw_logit_input_effect_mpp,122.27571725845337
two_concepts,plain2_w16_gap,6003,raw_logit_input_effect_mpp,224.46073532104492
two_concepts,plain2_w16_gap,6004,raw_logit_input_effect_mpp,232.34057807922363
two_concepts,plain2_w16_gap,6005,raw_logit_input_effect_mpp,229.63891315460205
two_concepts,plain2_w16_gap,6006,raw_logit_input_effect_mpp,237.47916793823242
two_concepts,plain2_w16_gap,6007,raw_logit_input_effect_mpp,283.64874362945557
two_concepts,plain2_w16_gap,6008,raw_logit_input_effect_mpp,180.2664270401001
two_concepts,plain2_w16_gap,6009,raw_logit_input_effect_mpp,253.1109323501587
two_concepts,plain2_w16_gap,6010,raw_logit_input_effect_mpp,238.2937240600586
two_concepts,plain2_w16_gap,6011,raw_logit_input_effect_mpp,252.9667673110962
two_concepts,plain2_w16_gap,6012,raw_logit_input_effect_mpp,197.2769055366516
two_concepts,plain2_w16_gap,6013,raw_logit_input_effect_mpp,132.76484870910645
two_concepts,plain2_w16_gap,6014,raw_logit_input_effect_mpp,297.27086353302
two_concepts,plain2_w16_gap,6015,raw_logit_input_effect_mpp,245.84986114501953
two_concepts,plain2_w16_gap,6016,raw_logit_input_effect_mpp,164.48736190795898
two_concepts,plain2_w16_gap,6017,raw_logit_input_effect_mpp,224.3463773727417
two_concepts,plain2_w16_gap,6018,raw_logit_input_effect_mpp,217.47895050048828
two_concepts,plain2_w16_gap,6019,raw_logit_input_effect_mpp,207.29852962493896
two_concepts,plain2_w16_gap,6020,raw_logit_input_effect_mpp,257.39278507232666
two_concepts,plain2_w16_gap,6021,raw_logit_input_effect_mpp,226.96979427337646
two_concepts,plain2_w16_gap,6022,raw_logit_input_effect_mpp,235.69143772125244
two_concepts,plain2_w16_gap,6023,raw_logit_input_effect_mpp,160.4555902481079
two_concepts,plain2_w16_gap,6024,raw_logit_input_effect_mpp,223.77604007720947
two_concepts,plain2_w16_gap,6025,raw_logit_input_effect_mpp,226.30560874938965
two_concepts,plain2_w16_gap,6026,raw_logit_input_effect_mpp,193.7593231201172
two_concepts,plain2_w16_gap,6027,raw_logit_input_effect_mpp,267.22797775268555
two_concepts,plain2_w16_gap,6028,raw_logit_input_effect_mpp,275.6324186325073
two_concepts,plain2_w16_gap,6029,raw_logit_input_effect_mpp,283.1674404144287
two_concepts,plain2_w16_gap,6030,raw_logit_input_effect_mpp,213.70274448394775
two_concepts,plain2_w16_gap,6031,raw_logit_input_effect_mpp,180.68994903564453
two_concepts,plain2_w16_gap,6032,raw_logit_input_effect_mpp,226.56209564208984
two_concepts,plain2_w16_gap,6033,raw_logit_input_effect_mpp,231.33362483978271
two_concepts,plain2_w16_gap,6034,raw_logit_input_effect_mpp,248.78279209136963
two_concepts,plain2_w16_gap,6035,raw_logit_input_effect_mpp,217.04359436035156
two_concepts,plain2_w16_gap,6036,raw_logit_input_effect_mpp,136.99013423919678
two_concepts,plain2_w16_gap,6037,raw_logit_input_effect_mpp,208.20203304290771
two_concepts,plain2_w16_gap,6038,raw_logit_input_effect_mpp,237.54258060455322
two_concepts,plain2_w16_gap,6039,raw_logit_input_effect_mpp,209.09945392608643
two_concepts,plain2_w16_gap,6040,raw_logit_input_effect_mpp,252.8031129837036
two_concepts,plain2_w16_gap,6041,raw_logit_input_effect_mpp,193.78290462493896
two_concepts,plain2_w16_gap,6042,raw_logit_input_effect_mpp,213.83290672302246
two_concepts,plain2_w16_gap,6043,raw_logit_input_effect_mpp,225.91111373901367
two_concepts,plain2_w16_gap,6044,raw_logit_input_effect_mpp,207.51506805419922
two_concepts,plain2_w16_gap,6045,raw_logit_input_effect_mpp,141.1725368499756
two_concepts,plain2_w16_gap,6046,raw_logit_input_effect_mpp,232.5601463317871
two_concepts,plain2_w16_gap,6047,raw_logit_input_effect_mpp,246.25970458984375
two_concepts,plain2_w16_gap,6048,raw_logit_input_effect_mpp,174.56501960754395
two_concepts,plain2_w16_gap,6049,raw_logit_input_effect_mpp,302.9508066177368
two_concepts,plain2_w16_gap,6050,raw_logit_input_effect_mpp,196.20070552825928
two_concepts,plain2_w16_gap,6051,raw_logit_input_effect_mpp,203.04369735717773
two_concepts,plain2_w16_gap,6052,raw_logit_input_effect_mpp,150.43921566009521
two_concepts,plain2_w16_gap,6053,raw_logit_input_effect_mpp,293.27622509002686
two_concepts,plain2_w16_gap,6054,raw_logit_input_effect_mpp,225.83383560180664
two_concepts,plain2_w16_gap,6055,raw_logit_input_effect_mpp,207.27430057525635
two_concepts,plain2_w16_gap,6056,raw_logit_input_effect_mpp,217.8293161392212
two_concepts,plain2_w16_gap,6057,raw_logit_input_effect_mpp,160.67275047302246
two_concepts,plain2_w16_gap,6058,raw_logit_input_effect_mpp,187.5322389602661
two_concepts,plain2_w16_gap,6059,raw_logit_input_effect_mpp,208.71422386169434
two_concepts,plain2_w16_gap,6060,raw_logit_input_effect_mpp,198.07204627990723
two_concepts,plain2_w16_gap,6061,raw_logit_input_effect_mpp,210.81862926483154
two_concepts,plain2_w16_gap,6062,raw_logit_input_effect_mpp,219.4737949371338
two_concepts,plain2_w16_gap,6063,raw_logit_input_effect_mpp,191.6091012954712
two_concepts,plain2_w16_gap,6064,raw_logit_input_effect_mpp,219.12127780914307
two_concepts,plain2_w16_gap,6065,raw_logit_input_effect_mpp,180.7536973953247
two_concepts,plain2_w16_gap,6066,raw_logit_input_effect_mpp,219.5369110107422
two_concepts,plain2_w16_gap,6067,raw_logit_input_effect_mpp,232.54598808288574
two_concepts,plain2_w16_gap,6068,raw_logit_input_effect_mpp,189.31543159484863
two_concepts,plain2_w16_gap,6069,raw_logit_input_effect_mpp,146.49346733093262
two_concepts,plain2_w16_gap,6070,raw_logit_input_effect_mpp,157.8665542602539
two_concepts,plain2_w16_gap,6071,raw_logit_input_effect_mpp,229.39484310150146
two_concepts,plain2_w16_gap,6072,raw_logit_input_effect_mpp,282.39094734191895
two_concepts,plain2_w16_gap,6073,raw_logit_input_effect_mpp,196.21254062652588
two_concepts,plain2_w16_gap,6074,raw_logit_input_effect_mpp,159.2449312210083
two_concepts,plain2_w16_gap,6075,raw_logit_input_effect_mpp,245.40554332733154
two_concepts,plain2_w16_gap,6076,raw_logit_input_effect_mpp,237.46664810180664
two_concepts,plain2_w16_gap,6077,raw_logit_input_effect_mpp,239.97917652130127
two_concepts,plain2_w16_gap,6078,raw_logit_input_effect_mpp,210.7419776916504
two_concepts,plain2_w16_gap,6079,raw_logit_input_effect_mpp,222.54556369781494
two_concepts,plain2_w16_gap,6080,raw_logit_input_effect_mpp,165.46297693252563
two_concepts,plain2_w16_gap,6081,raw_logit_input_effect_mpp,185.9109010696411
two_concepts,plain2_w16_gap,6082,raw_logit_input_effect_mpp,302.493839263916
two_concepts,plain2_w16_gap,6083,raw_logit_input_effect_mpp,161.48172569274902
two_concepts,plain2_w16_gap,6084,raw_logit_input_effect_mpp,218.22218418121338
two_concepts,plain2_w16_gap,6085,raw_logit_input_effect_mpp,205.02286624908447
two_concepts,plain2_w16_gap,6086,raw_logit_input_effect_mpp,186.9702434539795
two_concepts,plain2_w16_gap,6087,raw_logit_input_effect_mpp,179.15639972686768
two_concepts,plain2_w16_gap,6088,raw_logit_input_effect_mpp,221.55748748779297
two_concepts,plain2_w16_gap,6089,raw_logit_input_effect_mpp,209.03796863555908
two_concepts,plain2_w16_gap,6090,raw_logit_input_effect_mpp,185.5456085205078
two_concepts,plain2_w16_gap,6091,raw_logit_input_effect_mpp,254.5331268310547
two_concepts,plain2_w16_gap,6092,raw_logit_input_effect_mpp,214.1399450302124
two_concepts,plain2_w16_gap,6093,raw_logit_input_effect_mpp,236.1774377822876
two_concepts,plain2_w16_gap,6094,raw_logit_input_effect_mpp,371.74189281463623
two_concepts,plain2_w16_gap,6095,raw_logit_input_effect_mpp,247.84388542175293
two_concepts,plain2_w16_gap,6096,raw_logit_input_effect_mpp,218.1321849822998
two_concepts,plain2_w16_gap,6097,raw_logit_input_effect_mpp,257.91183376312256
two_concepts,plain2_w16_gap,6098,raw_logit_input_effect_mpp,212.06137084960938
two_concepts,plain2_w16_gap,6099,raw_logit_input_effect_mpp,262.2891654968262
two_concepts,plain2_w16_gmp,6000,raw_logit_input_effect_mpp,233.42078018188477
two_concepts,plain2_w16_gmp,6001,raw_logit_input_effect_mpp,220.90728378295898
two_concepts,plain2_w16_gmp,6002,raw_logit_input_effect_mpp,192.40498733520508
two_concepts,plain2_w16_gmp,6003,raw_logit_input_effect_mpp,212.94094848632812
two_concepts,plain2_w16_gmp,6004,raw_logit_input_effect_mpp,221.9081268310547
two_concepts,plain2_w16_gmp,6005,raw_logit_input_effect_mpp,207.85225677490234
two_concepts,plain2_w16_gmp,6006,raw_logit_input_effect_mpp,215.08056259155273
two_concepts,plain2_w16_gmp,6007,raw_logit_input_effect_mpp,213.3024559020996
two_concepts,plain2_w16_gmp,6008,raw_logit_input_effect_mpp,177.92985916137695
two_concepts,plain2_w16_gmp,6009,raw_logit_input_effect_mpp,195.5332489013672
two_concepts,plain2_w16_gmp,6010,raw_logit_input_effect_mpp,210.1667251586914
two_concepts,plain2_w16_gmp,6011,raw_logit_input_effect_mpp,214.7304229736328
two_concepts,plain2_w16_gmp,6012,raw_logit_input_effect_mpp,205.37263107299805
two_concepts,plain2_w16_gmp,6013,raw_logit_input_effect_mpp,209.86394882202148
two_concepts,plain2_w16_gmp,6014,raw_logit_input_effect_mpp,207.88275527954102
two_concepts,plain2_w16_gmp,6015,raw_logit_input_effect_mpp,212.34327697753906
two_concepts,plain2_w16_gmp,6016,raw_logit_input_effect_mpp,217.44490432739258
two_concepts,plain2_w16_gmp,6017,raw_logit_input_effect_mpp,211.0402488708496
two_concepts,plain2_w16_gmp,6018,raw_logit_input_effect_mpp,238.82052993774414
two_concepts,plain2_w16_gmp,6019,raw_logit_input_effect_mpp,235.68217849731445
two_concepts,plain2_w16_gmp,6020,raw_logit_input_effect_mpp,216.1089096069336
two_concepts,plain2_w16_gmp,6021,raw_logit_input_effect_mpp,211.66526412963867
two_concepts,plain2_w16_gmp,6022,raw_logit_input_effect_mpp,215.85480499267578
two_concepts,plain2_w16_gmp,6023,raw_logit_input_effect_mpp,214.7611198425293
two_concepts,plain2_w16_gmp,6024,raw_logit_input_effect_mpp,213.7633056640625
two_concepts,plain2_w16_gmp,6025,raw_logit_input_effect_mpp,220.93451309204102
two_concepts,plain2_w16_gmp,6026,raw_logit_input_effect_mpp,223.17304611206055
two_concepts,plain2_w16_gmp,6027,raw_logit_input_effect_mpp,222.09110260009766
two_concepts,plain2_w16_gmp,6028,raw_logit_input_effect_mpp,229.44765090942383
two_concepts,plain2_w16_gmp,6029,raw_logit_input_effect_mpp,195.93260955810547
two_concepts,plain2_w16_gmp,6030,raw_logit_input_effect_mpp,174.12855529785156
two_concepts,plain2_w16_gmp,6031,raw_logit_input_effect_mpp,176.08524703979492
two_concepts,plain2_w16_gmp,6032,raw_logit_input_effect_mpp,212.94009017944336
two_concepts,plain2_w16_gmp,6033,raw_logit_input_effect_mpp,184.40145874023438
two_concepts,plain2_w16_gmp,6034,raw_logit_input_effect_mpp,211.9095001220703
two_concepts,plain2_w16_gmp,6035,raw_logit_input_effect_mpp,200.78830337524414
two_concepts,plain2_w16_gmp,6036,raw_logit_input_effect_mpp,212.74804306030273
two_concepts,plain2_w16_gmp,6037,raw_logit_input_effect_mpp,217.86005020141602
two_concepts,plain2_w16_gmp,6038,raw_logit_input_effect_mpp,264.5720863342285
two_concepts,plain2_w16_gmp,6039,raw_logit_input_effect_mpp,228.81807708740234
two_concepts,plain2_w16_gmp,6040,raw_logit_input_effect_mpp,186.4238166809082
two_concepts,plain2_w16_gmp,6041,raw_logit_input_effect_mpp,193.44762420654297
two_concepts,plain2_w16_gmp,6042,raw_logit_input_effect_mpp,189.3427619934082
two_concepts,plain2_w16_gmp,6043,raw_logit_input_effect_mpp,190.6530532836914
two_concepts,plain2_w16_gmp,6044,raw_logit_input_effect_mpp,221.1173439025879
two_concepts,plain2_w16_gmp,6045,raw_logit_input_effect_mpp,197.9106330871582
two_concepts,plain2_w16_gmp,6046,raw_logit_input_effect_mpp,210.67422103881836
two_concepts,plain2_w16_gmp,6047,raw_logit_input_effect_mpp,196.44229888916016
two_concepts,plain2_w16_gmp,6048,raw_logit_input_effect_mpp,204.8157501220703
two_concepts,plain2_w16_gmp,6049,raw_logit_input_effect_mpp,251.84312438964844
two_concepts,plain2_w16_gmp,6050,raw_logit_input_effect_mpp,203.14019775390625
two_concepts,plain2_w16_gmp,6051,raw_logit_input_effect_mpp,206.6330909729004
two_concepts,plain2_w16_gmp,6052,raw_logit_input_effect_mpp,188.44740676879883
two_concepts,plain2_w16_gmp,6053,raw_logit_input_effect_mpp,209.60208129882812
two_concepts,plain2_w16_gmp,6054,raw_logit_input_effect_mpp,234.33584213256836
two_concepts,plain2_w16_gmp,6055,raw_logit_input_effect_mpp,203.64244842529297
two_concepts,plain2_w16_gmp,6056,raw_logit_input_effect_mpp,188.77623748779297
two_concepts,plain2_w16_gmp,6057,raw_logit_input_effect_mpp,193.52264022827148
two_concepts,plain2_w16_gmp,6058,raw_logit_input_effect_mpp,194.19853973388672
two_concepts,plain2_w16_gmp,6059,raw_logit_input_effect_mpp,196.40014266967773
two_concepts,plain2_w16_gmp,6060,raw_logit_input_effect_mpp,212.48201370239258
two_concepts,plain2_w16_gmp,6061,raw_logit_input_effect_mpp,196.13825225830078
two_concepts,plain2_w16_gmp,6062,raw_logit_input_effect_mpp,192.41769790649414
two_concepts,plain2_w16_gmp,6063,raw_logit_input_effect_mpp,227.10595321655273
two_concepts,plain2_w16_gmp,6064,raw_logit_input_effect_mpp,206.53765487670898
two_concepts,plain2_w16_gmp,6065,raw_logit_input_effect_mpp,188.11583709716797
two_concepts,plain2_w16_gmp,6066,raw_logit_input_effect_mpp,200.9897575378418
two_concepts,plain2_w16_gmp,6067,raw_logit_input_effect_mpp,201.6135711669922
two_concepts,plain2_w16_gmp,6068,raw_logit_input_effect_mpp,231.5297508239746
two_concepts,plain2_w16_gmp,6069,raw_logit_input_effect_mpp,204.94757843017578
two_concepts,plain2_w16_gmp,6070,raw_logit_input_effect_mpp,198.50980758666992
two_concepts,plain2_w16_gmp,6071,raw_logit_input_effect_mpp,207.67533111572266
two_concepts,plain2_w16_gmp,6072,raw_logit_input_effect_mpp,231.36630249023438
two_concepts,plain2_w16_gmp,6073,raw_logit_input_effect_mpp,192.99500274658203
two_concepts,plain2_w16_gmp,6074,raw_logit_input_effect_mpp,172.97285842895508
two_concepts,plain2_w16_gmp,6075,raw_logit_input_effect_mpp,218.2455291748047
two_concepts,plain2_w16_gmp,6076,raw_logit_input_effect_mpp,181.09881210327148
two_concepts,plain2_w16_gmp,6077,raw_logit_input_effect_mpp,203.6568374633789
two_concepts,plain2_w16_gmp,6078,raw_logit_input_effect_mpp,213.3455047607422
two_concepts,plain2_w16_gmp,6079,raw_logit_input_effect_mpp,197.00829315185547
two_concepts,plain2_w16_gmp,6080,raw_logit_input_effect_mpp,190.51140594482422
two_concepts,plain2_w16_gmp,6081,raw_logit_input_effect_mpp,185.16054153442383
two_concepts,plain2_w16_gmp,6082,raw_logit_input_effect_mpp,211.59226608276367
two_concepts,plain2_w16_gmp,6083,raw_logit_input_effect_mpp,197.72162628173828
two_concepts,plain2_w16_gmp,6084,raw_logit_input_effect_mpp,214.09979248046875
two_concepts,plain2_w16_gmp,6085,raw_logit_input_effect_mpp,219.2778434753418
two_concepts,plain2_w16_gmp,6086,raw_logit_input_effect_mpp,193.83485412597656
two_concepts,plain2_w16_gmp,6087,raw_logit_input_effect_mpp,174.01050186157227
two_concepts,plain2_w16_gmp,6088,raw_logit_input_effect_mpp,204.32616424560547
two_concepts,plain2_w16_gmp,6089,raw_logit_input_effect_mpp,202.58858489990234
two_concepts,plain2_w16_gmp,6090,raw_logit_input_effect_mpp,206.98638534545898
two_concepts,plain2_w16_gmp,6091,raw_logit_input_effect_mpp,234.77579498291016
two_concepts,plain2_w16_gmp,6092,raw_logit_input_effect_mpp,192.5139503479004
two_concepts,plain2_w16_gmp,6093,raw_logit_input_effect_mpp,217.23052597045898
two_concepts,plain2_w16_gmp,6094,raw_logit_input_effect_mpp,201.0574836730957
two_concepts,plain2_w16_gmp,6095,raw_logit_input_effect_mpp,220.2237091064453
two_concepts,plain2_w16_gmp,6096,raw_logit_input_effect_mpp,206.86873245239258
two_concepts,plain2_w16_gmp,6097,raw_logit_input_effect_mpp,221.20943069458008
two_concepts,plain2_w16_gmp,6098,raw_logit_input_effect_mpp,196.36013793945312
two_concepts,plain2_w16_gmp,6099,raw_logit_input_effect_mpp,220.3355712890625
two_concepts,plain2_w64_gap,6000,raw_logit_input_effect_mpp,156.28618621826172
two_concepts,plain2_w64_gap,6001,raw_logit_input_effect_mpp,229.54288291931152
two_concepts,plain2_w64_gap,6002,raw_logit_input_effect_mpp,144.12505626678467
two_concepts,plain2_w64_gap,6003,raw_logit_input_effect_mpp,197.8188362121582
two_concepts,plain2_w64_gap,6004,raw_logit_input_effect_mpp,224.7573642730713
two_concepts,plain2_w64_gap,6005,raw_logit_input_effect_mpp,229.06417083740234
two_concepts,plain2_w64_gap,6006,raw_logit_input_effect_mpp,170.01727485656738
two_concepts,plain2_w64_gap,6007,raw_logit_input_effect_mpp,223.24527740478516
two_concepts,plain2_w64_gap,6008,raw_logit_input_effect_mpp,164.66252517700195
two_concepts,plain2_w64_gap,6009,raw_logit_input_effect_mpp,128.09107971191406
two_concepts,plain2_w64_gap,6010,raw_logit_input_effect_mpp,206.85726928710938
two_concepts,plain2_w64_gap,6011,raw_logit_input_effect_mpp,249.4505729675293
two_concepts,plain2_w64_gap,6012,raw_logit_input_effect_mpp,150.99971294403076
two_concepts,plain2_w64_gap,6013,raw_logit_input_effect_mpp,150.26206493377686
two_concepts,plain2_w64_gap,6014,raw_logit_input_effect_mpp,255.16484260559082
two_concepts,plain2_w64_gap,6015,raw_logit_input_effect_mpp,206.8015365600586
two_concepts,plain2_w64_gap,6016,raw_logit_input_effect_mpp,154.49298667907715
two_concepts,plain2_w64_gap,6017,raw_logit_input_effect_mpp,180.66853523254395
two_concepts,plain2_w64_gap,6018,raw_logit_input_effect_mpp,209.07164573669434
two_concepts,plain2_w64_gap,6019,raw_logit_input_effect_mpp,187.3569393157959
two_concepts,plain2_w64_gap,6020,raw_logit_input_effect_mpp,223.21200370788574
two_concepts,plain2_w64_gap,6021,raw_logit_input_effect_mpp,153.5614528656006
two_concepts,plain2_w64_gap,6022,raw_logit_input_effect_mpp,228.79774475097656
two_concepts,plain2_w64_gap,6023,raw_logit_input_effect_mpp,185.76769256591797
two_concepts,plain2_w64_gap,6024,raw_logit_input_effect_mpp,176.35753440856934
two_concepts,plain2_w64_gap,6025,raw_logit_input_effect_mpp,208.56739044189453
two_concepts,plain2_w64_gap,6026,raw_logit_input_effect_mpp,162.87585067749023
two_concepts,plain2_w64_gap,6027,raw_logit_input_effect_mpp,219.4856243133545
two_concepts,plain2_w64_gap,6028,raw_logit_input_effect_mpp,177.6225700378418
two_concepts,plain2_w64_gap,6029,raw_logit_input_effect_mpp,184.70361137390137
two_concepts,plain2_w64_gap,6030,raw_logit_input_effect_mpp,192.19975090026855
two_concepts,plain2_w64_gap,6031,raw_logit_input_effect_mpp,170.48494720458984
two_concepts,plain2_w64_gap,6032,raw_logit_input_effect_mpp,180.0317506790161
two_concepts,plain2_w64_gap,6033,raw_logit_input_effect_mpp,161.36639499664307
two_concepts,plain2_w64_gap,6034,raw_logit_input_effect_mpp,204.05334854125977
two_concepts,plain2_w64_gap,6035,raw_logit_input_effect_mpp,156.46746921539307
two_concepts,plain2_w64_gap,6036,raw_logit_input_effect_mpp,147.20498085021973
two_concepts,plain2_w64_gap,6037,raw_logit_input_effect_mpp,174.55424880981445
two_concepts,plain2_w64_gap,6038,raw_logit_input_effect_mpp,198.5995979309082
two_concepts,plain2_w64_gap,6039,raw_logit_input_effect_mpp,215.78603744506836
two_concepts,plain2_w64_gap,6040,raw_logit_input_effect_mpp,199.7192554473877
two_concepts,plain2_w64_gap,6041,raw_logit_input_effect_mpp,152.22106170654297
two_concepts,plain2_w64_gap,6042,raw_logit_input_effect_mpp,188.4473762512207
two_concepts,plain2_w64_gap,6043,raw_logit_input_effect_mpp,222.17871475219727
two_concepts,plain2_w64_gap,6044,raw_logit_input_effect_mpp,194.0700855255127
two_concepts,plain2_w64_gap,6045,raw_logit_input_effect_mpp,148.29875087738037
two_concepts,plain2_w64_gap,6046,raw_logit_input_effect_mpp,209.76493072509766
two_concepts,plain2_w64_gap,6047,raw_logit_input_effect_mpp,188.98285484313965
two_concepts,plain2_w64_gap,6048,raw_logit_input_effect_mpp,184.24987316131592
two_concepts,plain2_w64_gap,6049,raw_logit_input_effect_mpp,209.24878120422363
two_concepts,plain2_w64_gap,6050,raw_logit_input_effect_mpp,173.48514938354492
two_concepts,plain2_w64_gap,6051,raw_logit_input_effect_mpp,159.31102848052979
two_concepts,plain2_w64_gap,6052,raw_logit_input_effect_mpp,140.48769760131836
two_concepts,plain2_w64_gap,6053,raw_logit_input_effect_mpp,206.74236679077148
two_concepts,plain2_w64_gap,6054,raw_logit_input_effect_mpp,172.05987548828125
two_concepts,plain2_w64_gap,6055,raw_logit_input_effect_mpp,168.04661750793457
two_concepts,plain2_w64_gap,6056,raw_logit_input_effect_mpp,181.58663940429688
two_concepts,plain2_w64_gap,6057,raw_logit_input_effect_mpp,184.2129077911377
two_concepts,plain2_w64_gap,6058,raw_logit_input_effect_mpp,154.37117767333984
two_concepts,plain2_w64_gap,6059,raw_logit_input_effect_mpp,130.69772720336914
two_concepts,plain2_w64_gap,6060,raw_logit_input_effect_mpp,201.82054328918457
two_concepts,plain2_w64_gap,6061,raw_logit_input_effect_mpp,159.0546703338623
two_concepts,plain2_w64_gap,6062,raw_logit_input_effect_mpp,152.44524955749512
two_concepts,plain2_w64_gap,6063,raw_logit_input_effect_mpp,191.49934005737305
two_concepts,plain2_w64_gap,6064,raw_logit_input_effect_mpp,157.5146312713623
two_concepts,plain2_w64_gap,6065,raw_logit_input_effect_mpp,149.59887313842773
two_concepts,plain2_w64_gap,6066,raw_logit_input_effect_mpp,175.78730392456055
two_concepts,plain2_w64_gap,6067,raw_logit_input_effect_mpp,183.02925300598145
two_concepts,plain2_w64_gap,6068,raw_logit_input_effect_mpp,150.82442092895508
two_concepts,plain2_w64_gap,6069,raw_logit_input_effect_mpp,144.0911922454834
two_concepts,plain2_w64_gap,6070,raw_logit_input_effect_mpp,171.23894119262695
two_concepts,plain2_w64_gap,6071,raw_logit_input_effect_mpp,164.5417079925537
two_concepts,plain2_w64_gap,6072,raw_logit_input_effect_mpp,216.25642013549805
two_concepts,plain2_w64_gap,6073,raw_logit_input_effect_mpp,148.49116134643555
two_concepts,plain2_w64_gap,6074,raw_logit_input_effect_mpp,165.29343223571777
two_concepts,plain2_w64_gap,6075,raw_logit_input_effect_mpp,186.46853065490723
two_concepts,plain2_w64_gap,6076,raw_logit_input_effect_mpp,193.29727935791016
two_concepts,plain2_w64_gap,6077,raw_logit_input_effect_mpp,199.71636199951172
two_concepts,plain2_w64_gap,6078,raw_logit_input_effect_mpp,186.03171920776367
two_concepts,plain2_w64_gap,6079,raw_logit_input_effect_mpp,161.5632781982422
two_concepts,plain2_w64_gap,6080,raw_logit_input_effect_mpp,161.15103721618652
two_concepts,plain2_w64_gap,6081,raw_logit_input_effect_mpp,192.32184982299805
two_concepts,plain2_w64_gap,6082,raw_logit_input_effect_mpp,202.23337745666504
two_concepts,plain2_w64_gap,6083,raw_logit_input_effect_mpp,108.61109256744385
two_concepts,plain2_w64_gap,6084,raw_logit_input_effect_mpp,162.82307052612305
two_concepts,plain2_w64_gap,6085,raw_logit_input_effect_mpp,177.7601432800293
two_concepts,plain2_w64_gap,6086,raw_logit_input_effect_mpp,212.13077354431152
two_concepts,plain2_w64_gap,6087,raw_logit_input_effect_mpp,170.6766700744629
two_concepts,plain2_w64_gap,6088,raw_logit_input_effect_mpp,177.19033813476562
two_concepts,plain2_w64_gap,6089,raw_logit_input_effect_mpp,158.7230930328369
two_concepts,plain2_w64_gap,6090,raw_logit_input_effect_mpp,182.17625045776367
two_concepts,plain2_w64_gap,6091,raw_logit_input_effect_mpp,227.4961929321289
two_concepts,plain2_w64_gap,6092,raw_logit_input_effect_mpp,198.17662811279297
two_concepts,plain2_w64_gap,6093,raw_logit_input_effect_mpp,170.0966033935547
two_concepts,plain2_w64_gap,6094,raw_logit_input_effect_mpp,280.25539779663086
two_concepts,plain2_w64_gap,6095,raw_logit_input_effect_mpp,217.93999099731445
two_concepts,plain2_w64_gap,6096,raw_logit_input_effect_mpp,171.1296787261963
two_concepts,plain2_w64_gap,6097,raw_logit_input_effect_mpp,187.67140197753906
two_concepts,plain2_w64_gap,6098,raw_logit_input_effect_mpp,180.6286334991455
two_concepts,plain2_w64_gap,6099,raw_logit_input_effect_mpp,168.78216075897217
two_concepts,plain2_w64_gmp,6000,raw_logit_input_effect_mpp,209.41421508789062
two_concepts,plain2_w64_gmp,6001,raw_logit_input_effect_mpp,205.56163024902344
two_concepts,plain2_w64_gmp,6002,raw_logit_input_effect_mpp,175.62696838378906
two_concepts,plain2_w64_gmp,6003,raw_logit_input_effect_mpp,190.29608917236328
two_concepts,plain2_w64_gmp,6004,raw_logit_input_effect_mpp,197.13922882080078
two_concepts,plain2_w64_gmp,6005,raw_logit_input_effect_mpp,187.79291534423828
two_concepts,plain2_w64_gmp,6006,raw_logit_input_effect_mpp,180.5398826599121
two_concepts,plain2_w64_gmp,6007,raw_logit_input_effect_mpp,189.50209426879883
two_concepts,plain2_w64_gmp,6008,raw_logit_input_effect_mpp,156.1862678527832
two_concepts,plain2_w64_gmp,6009,raw_logit_input_effect_mpp,174.05585098266602
two_concepts,plain2_w64_gmp,6010,raw_logit_input_effect_mpp,191.87802124023438
two_concepts,plain2_w64_gmp,6011,raw_logit_input_effect_mpp,177.75787353515625
two_concepts,plain2_w64_gmp,6012,raw_logit_input_effect_mpp,218.14952850341797
two_concepts,plain2_w64_gmp,6013,raw_logit_input_effect_mpp,189.83267974853516
two_concepts,plain2_w64_gmp,6014,raw_logit_input_effect_mpp,200.99378204345703
two_concepts,plain2_w64_gmp,6015,raw_logit_input_effect_mpp,193.76390838623047
two_concepts,plain2_w64_gmp,6016,raw_logit_input_effect_mpp,204.15026092529297
two_concepts,plain2_w64_gmp,6017,raw_logit_input_effect_mpp,205.08475494384766
two_concepts,plain2_w64_gmp,6018,raw_logit_input_effect_mpp,227.11488342285156
two_concepts,plain2_w64_gmp,6019,raw_logit_input_effect_mpp,199.3296890258789
two_concepts,plain2_w64_gmp,6020,raw_logit_input_effect_mpp,189.71674346923828
two_concepts,plain2_w64_gmp,6021,raw_logit_input_effect_mpp,214.34728240966797
two_concepts,plain2_w64_gmp,6022,raw_logit_input_effect_mpp,203.02436065673828
two_concepts,plain2_w64_gmp,6023,raw_logit_input_effect_mpp,200.71170043945312
two_concepts,plain2_w64_gmp,6024,raw_logit_input_effect_mpp,188.171630859375
two_concepts,plain2_w64_gmp,6025,raw_logit_input_effect_mpp,203.71739196777344
two_concepts,plain2_w64_gmp,6026,raw_logit_input_effect_mpp,191.88072967529297
two_concepts,plain2_w64_gmp,6027,raw_logit_input_effect_mpp,179.44084930419922
two_concepts,plain2_w64_gmp,6028,raw_logit_input_effect_mpp,193.09268188476562
two_concepts,plain2_w64_gmp,6029,raw_logit_input_effect_mpp,193.7777328491211
two_concepts,plain2_w64_gmp,6030,raw_logit_input_effect_mpp,159.54082107543945
two_concepts,plain2_w64_gmp,6031,raw_logit_input_effect_mpp,152.17609786987305
two_concepts,plain2_w64_gmp,6032,raw_logit_input_effect_mpp,200.66674041748047
two_concepts,plain2_w64_gmp,6033,raw_logit_input_effect_mpp,179.87767791748047
two_concepts,plain2_w64_gmp,6034,raw_logit_input_effect_mpp,186.88594818115234
two_concepts,plain2_w64_gmp,6035,raw_logit_input_effect_mpp,192.1077117919922
two_concepts,plain2_w64_gmp,6036,raw_logit_input_effect_mpp,190.34197235107422
two_concepts,plain2_w64_gmp,6037,raw_logit_input_effect_mpp,182.04989624023438
two_concepts,plain2_w64_gmp,6038,raw_logit_input_effect_mpp,216.83220672607422
two_concepts,plain2_w64_gmp,6039,raw_logit_input_effect_mpp,211.64166259765625
two_concepts,plain2_w64_gmp,6040,raw_logit_input_effect_mpp,178.68451690673828
two_concepts,plain2_w64_gmp,6041,raw_logit_input_effect_mpp,167.7506332397461
two_concepts,plain2_w64_gmp,6042,raw_logit_input_effect_mpp,173.8621826171875
two_concepts,plain2_w64_gmp,6043,raw_logit_input_effect_mpp,169.57393646240234
two_concepts,plain2_w64_gmp,6044,raw_logit_input_effect_mpp,199.2768325805664
two_concepts,plain2_w64_gmp,6045,raw_logit_input_effect_mpp,189.69693756103516
two_concepts,plain2_w64_gmp,6046,raw_logit_input_effect_mpp,187.02562713623047
two_concepts,plain2_w64_gmp,6047,raw_logit_input_effect_mpp,190.18548583984375
two_concepts,plain2_w64_gmp,6048,raw_logit_input_effect_mpp,198.6431655883789
two_concepts,plain2_w64_gmp,6049,raw_logit_input_effect_mpp,207.45677947998047
two_concepts,plain2_w64_gmp,6050,raw_logit_input_effect_mpp,200.86844635009766
two_concepts,plain2_w64_gmp,6051,raw_logit_input_effect_mpp,207.09226989746094
two_concepts,plain2_w64_gmp,6052,raw_logit_input_effect_mpp,188.80545806884766
two_concepts,plain2_w64_gmp,6053,raw_logit_input_effect_mpp,194.40880584716797
two_concepts,plain2_w64_gmp,6054,raw_logit_input_effect_mpp,194.03287506103516
two_concepts,plain2_w64_gmp,6055,raw_logit_input_effect_mpp,184.95143127441406
two_concepts,plain2_w64_gmp,6056,raw_logit_input_effect_mpp,177.68797302246094
two_concepts,plain2_w64_gmp,6057,raw_logit_input_effect_mpp,166.0926284790039
two_concepts,plain2_w64_gmp,6058,raw_logit_input_effect_mpp,169.70363998413086
two_concepts,plain2_w64_gmp,6059,raw_logit_input_effect_mpp,189.140625
two_concepts,plain2_w64_gmp,6060,raw_logit_input_effect_mpp,184.57781219482422
two_concepts,plain2_w64_gmp,6061,raw_logit_input_effect_mpp,173.43731689453125
two_concepts,plain2_w64_gmp,6062,raw_logit_input_effect_mpp,168.25184631347656
two_concepts,plain2_w64_gmp,6063,raw_logit_input_effect_mpp,215.74796295166016
two_concepts,plain2_w64_gmp,6064,raw_logit_input_effect_mpp,194.274169921875
two_concepts,plain2_w64_gmp,6065,raw_logit_input_effect_mpp,175.23188018798828
two_concepts,plain2_w64_gmp,6066,raw_logit_input_effect_mpp,184.50737762451172
two_concepts,plain2_w64_gmp,6067,raw_logit_input_effect_mpp,173.4302520751953
two_concepts,plain2_w64_gmp,6068,raw_logit_input_effect_mpp,209.1842041015625
two_concepts,plain2_w64_gmp,6069,raw_logit_input_effect_mpp,175.89856719970703
two_concepts,plain2_w64_gmp,6070,raw_logit_input_effect_mpp,193.63225555419922
two_concepts,plain2_w64_gmp,6071,raw_logit_input_effect_mpp,168.31674194335938
two_concepts,plain2_w64_gmp,6072,raw_logit_input_effect_mpp,201.76998138427734
two_concepts,plain2_w64_gmp,6073,raw_logit_input_effect_mpp,181.6624526977539
two_concepts,plain2_w64_gmp,6074,raw_logit_input_effect_mpp,146.92190551757812
two_concepts,plain2_w64_gmp,6075,raw_logit_input_effect_mpp,207.03240966796875
two_concepts,plain2_w64_gmp,6076,raw_logit_input_effect_mpp,171.9469757080078
two_concepts,plain2_w64_gmp,6077,raw_logit_input_effect_mpp,201.14620208740234
two_concepts,plain2_w64_gmp,6078,raw_logit_input_effect_mpp,205.93737030029297
two_concepts,plain2_w64_gmp,6079,raw_logit_input_effect_mpp,169.6172637939453
two_concepts,plain2_w64_gmp,6080,raw_logit_input_effect_mpp,172.30686950683594
two_concepts,plain2_w64_gmp,6081,raw_logit_input_effect_mpp,163.32119750976562
two_concepts,plain2_w64_gmp,6082,raw_logit_input_effect_mpp,188.77017974853516
two_concepts,plain2_w64_gmp,6083,raw_logit_input_effect_mpp,172.76842498779297
two_concepts,plain2_w64_gmp,6084,raw_logit_input_effect_mpp,173.12489700317383
two_concepts,plain2_w64_gmp,6085,raw_logit_input_effect_mpp,199.1120376586914
two_concepts,plain2_w64_gmp,6086,raw_logit_input_effect_mpp,191.6886215209961
two_concepts,plain2_w64_gmp,6087,raw_logit_input_effect_mpp,141.22079467773438
two_concepts,plain2_w64_gmp,6088,raw_logit_input_effect_mpp,192.70599365234375
two_concepts,plain2_w64_gmp,6089,raw_logit_input_effect_mpp,197.55460357666016
two_concepts,plain2_w64_gmp,6090,raw_logit_input_effect_mpp,184.69114303588867
two_concepts,plain2_w64_gmp,6091,raw_logit_input_effect_mpp,212.7027359008789
two_concepts,plain2_w64_gmp,6092,raw_logit_input_effect_mpp,192.26217651367188
two_concepts,plain2_w64_gmp,6093,raw_logit_input_effect_mpp,207.89572143554688
two_concepts,plain2_w64_gmp,6094,raw_logit_input_effect_mpp,176.5093231201172
two_concepts,plain2_w64_gmp,6095,raw_logit_input_effect_mpp,199.03521728515625
two_concepts,plain2_w64_gmp,6096,raw_logit_input_effect_mpp,180.4895477294922
two_concepts,plain2_w64_gmp,6097,raw_logit_input_effect_mpp,182.46897888183594
two_concepts,plain2_w64_gmp,6098,raw_logit_input_effect_mpp,185.5855484008789
two_concepts,plain2_w64_gmp,6099,raw_logit_input_effect_mpp,201.41260528564453
two_concepts,plain4_w16_gap,6000,raw_logit_input_effect_mpp,438.52488708496094
two_concepts,plain4_w16_gap,6001,raw_logit_input_effect_mpp,500.53892517089844
two_concepts,plain4_w16_gap,6002,raw_logit_input_effect_mpp,421.7098388671875
two_concepts,plain4_w16_gap,6003,raw_logit_input_effect_mpp,1114.1781311035156
two_concepts,plain4_w16_gap,6004,raw_logit_input_effect_mpp,726.2413482666016
two_concepts,plain4_w16_gap,6005,raw_logit_input_effect_mpp,829.6436767578125
two_concepts,plain4_w16_gap,6006,raw_logit_input_effect_mpp,578.3098907470703
two_concepts,plain4_w16_gap,6007,raw_logit_input_effect_mpp,571.1178359985352
two_concepts,plain4_w16_gap,6008,raw_logit_input_effect_mpp,603.062593460083
two_concepts,plain4_w16_gap,6009,raw_logit_input_effect_mpp,687.9523010253906
two_concepts,plain4_w16_gap,6010,raw_logit_input_effect_mpp,316.79894256591797
two_concepts,plain4_w16_gap,6011,raw_logit_input_effect_mpp,992.3611145019531
two_concepts,plain4_w16_gap,6012,raw_logit_input_effect_mpp,316.42909240722656
two_concepts,plain4_w16_gap,6013,raw_logit_input_effect_mpp,423.4984359741211
two_concepts,plain4_w16_gap,6014,raw_logit_input_effect_mpp,393.15899658203125
two_concepts,plain4_w16_gap,6015,raw_logit_input_effect_mpp,688.4169616699219
two_concepts,plain4_w16_gap,6016,raw_logit_input_effect_mpp,317.4802703857422
two_concepts,plain4_w16_gap,6017,raw_logit_input_effect_mpp,785.3027191162109
two_concepts,plain4_w16_gap,6018,raw_logit_input_effect_mpp,532.2130432128906
two_concepts,plain4_w16_gap,6019,raw_logit_input_effect_mpp,380.88636016845703
two_concepts,plain4_w16_gap,6020,raw_logit_input_effect_mpp,725.9701232910156
two_concepts,plain4_w16_gap,6021,raw_logit_input_effect_mpp,265.84976959228516
two_concepts,plain4_w16_gap,6022,raw_logit_input_effect_mpp,822.3807220458984
two_concepts,plain4_w16_gap,6023,raw_logit_input_effect_mpp,678.0045166015625
two_concepts,plain4_w16_gap,6024,raw_logit_input_effect_mpp,615.1990509033203
two_concepts,plain4_w16_gap,6025,raw_logit_input_effect_mpp,883.8724670410156
two_concepts,plain4_w16_gap,6026,raw_logit_input_effect_mpp,552.8137741088867
two_concepts,plain4_w16_gap,6027,raw_logit_input_effect_mpp,325.55360412597656
two_concepts,plain4_w16_gap,6028,raw_logit_input_effect_mpp,859.5248260498047
two_concepts,plain4_w16_gap,6029,raw_logit_input_effect_mpp,616.0237045288086
two_concepts,plain4_w16_gap,6030,raw_logit_input_effect_mpp,229.5440673828125
two_concepts,plain4_w16_gap,6031,raw_logit_input_effect_mpp,637.2704925537109
two_concepts,plain4_w16_gap,6032,raw_logit_input_effect_mpp,650.0829391479492
two_concepts,plain4_w16_gap,6033,raw_logit_input_effect_mpp,330.7927703857422
two_concepts,plain4_w16_gap,6034,raw_logit_input_effect_mpp,798.3193206787109
two_concepts,plain4_w16_gap,6035,raw_logit_input_effect_mpp,149.37498474121094
two_concepts,plain4_w16_gap,6036,raw_logit_input_effect_mpp,593.4708709716797
two_concepts,plain4_w16_gap,6037,raw_logit_input_effect_mpp,1214.8739624023438
two_concepts,plain4_w16_gap,6038,raw_logit_input_effect_mpp,251.3240509033203
two_concepts,plain4_w16_gap,6039,raw_logit_input_effect_mpp,819.9016456604004
two_concepts,plain4_w16_gap,6040,raw_logit_input_effect_mpp,400.3335876464844
two_concepts,plain4_w16_gap,6041,raw_logit_input_effect_mpp,418.43895721435547
two_concepts,plain4_w16_gap,6042,raw_logit_input_effect_mpp,189.73129272460938
two_concepts,plain4_w16_gap,6043,raw_logit_input_effect_mpp,1094.1873779296875
two_concepts,plain4_w16_gap,6044,raw_logit_input_effect_mpp,740.0410385131836
two_concepts,plain4_w16_gap,6045,raw_logit_input_effect_mpp,587.6983108520508
two_concepts,plain4_w16_gap,6046,raw_logit_input_effect_mpp,479.1675262451172
two_concepts,plain4_w16_gap,6047,raw_logit_input_effect_mpp,296.79188537597656
two_concepts,plain4_w16_gap,6048,raw_logit_input_effect_mpp,254.75804901123047
two_concepts,plain4_w16_gap,6049,raw_logit_input_effect_mpp,1039.474609375
two_concepts,plain4_w16_gap,6050,raw_logit_input_effect_mpp,490.6564178466797
two_concepts,plain4_w16_gap,6051,raw_logit_input_effect_mpp,620.8113708496094
two_concepts,plain4_w16_gap,6052,raw_logit_input_effect_mpp,744.0072174072266
two_concepts,plain4_w16_gap,6053,raw_logit_input_effect_mpp,750.4498443603516
two_concepts,plain4_w16_gap,6054,raw_logit_input_effect_mpp,1378.6753387451172
two_concepts,plain4_w16_gap,6055,raw_logit_input_effect_mpp,601.8615112304688
two_concepts,plain4_w16_gap,6056,raw_logit_input_effect_mpp,788.5983581542969
two_concepts,plain4_w16_gap,6057,raw_logit_input_effect_mpp,760.1278457641602
two_concepts,plain4_w16_gap,6058,raw_logit_input_effect_mpp,354.376708984375
two_concepts,plain4_w16_gap,6059,raw_logit_input_effect_mpp,492.6803970336914
two_concepts,plain4_w16_gap,6060,raw_logit_input_effect_mpp,277.5569839477539
two_concepts,plain4_w16_gap,6061,raw_logit_input_effect_mpp,606.48828125
two_concepts,plain4_w16_gap,6062,raw_logit_input_effect_mpp,795.2371215820312
two_concepts,plain4_w16_gap,6063,raw_logit_input_effect_mpp,944.9328079223633
two_concepts,plain4_w16_gap,6064,raw_logit_input_effect_mpp,590.1331787109375
two_concepts,plain4_w16_gap,6065,raw_logit_input_effect_mpp,440.4040832519531
two_concepts,plain4_w16_gap,6066,raw_logit_input_effect_mpp,871.4828491210938
two_concepts,plain4_w16_gap,6067,raw_logit_input_effect_mpp,396.83900451660156
two_concepts,plain4_w16_gap,6068,raw_logit_input_effect_mpp,606.2721405029297
two_concepts,plain4_w16_gap,6069,raw_logit_input_effect_mpp,516.0754318237305
two_concepts,plain4_w16_gap,6070,raw_logit_input_effect_mpp,210.85301208496094
two_concepts,plain4_w16_gap,6071,raw_logit_input_effect_mpp,712.2575836181641
two_concepts,plain4_w16_gap,6072,raw_logit_input_effect_mpp,360.6292419433594
two_concepts,plain4_w16_gap,6073,raw_logit_input_effect_mpp,515.5143890380859
two_concepts,plain4_w16_gap,6074,raw_logit_input_effect_mpp,716.0169677734375
two_concepts,plain4_w16_gap,6075,raw_logit_input_effect_mpp,901.0899810791016
two_concepts,plain4_w16_gap,6076,raw_logit_input_effect_mpp,979.3078460693359
two_concepts,plain4_w16_gap,6077,raw_logit_input_effect_mpp,535.1418952941895
two_concepts,plain4_w16_gap,6078,raw_logit_input_effect_mpp,613.8404541015625
two_concepts,plain4_w16_gap,6079,raw_logit_input_effect_mpp,152.95967864990234
two_concepts,plain4_w16_gap,6080,raw_logit_input_effect_mpp,459.9976577758789
two_concepts,plain4_w16_gap,6081,raw_logit_input_effect_mpp,173.03138732910156
two_concepts,plain4_w16_gap,6082,raw_logit_input_effect_mpp,705.9476165771484
two_concepts,plain4_w16_gap,6083,raw_logit_input_effect_mpp,320.98365783691406
two_concepts,plain4_w16_gap,6084,raw_logit_input_effect_mpp,558.5228729248047
two_concepts,plain4_w16_gap,6085,raw_logit_input_effect_mpp,1245.4043884277344
two_concepts,plain4_w16_gap,6086,raw_logit_input_effect_mpp,636.9385375976562
two_concepts,plain4_w16_gap,6087,raw_logit_input_effect_mpp,965.5953216552734
two_concepts,plain4_w16_gap,6088,raw_logit_input_effect_mpp,555.8375015258789
two_concepts,plain4_w16_gap,6089,raw_logit_input_effect_mpp,740.8423461914062
two_concepts,plain4_w16_gap,6090,raw_logit_input_effect_mpp,656.7317428588867
two_concepts,plain4_w16_gap,6091,raw_logit_input_effect_mpp,448.32704162597656
two_concepts,plain4_w16_gap,6092,raw_logit_input_effect_mpp,661.7482681274414
two_concepts,plain4_w16_gap,6093,raw_logit_input_effect_mpp,621.0530242919922
two_concepts,plain4_w16_gap,6094,raw_logit_input_effect_mpp,1572.3177108764648
two_concepts,plain4_w16_gap,6095,raw_logit_input_effect_mpp,390.3055725097656
two_concepts,plain4_w16_gap,6096,raw_logit_input_effect_mpp,557.9025497436523
two_concepts,plain4_w16_gap,6097,raw_logit_input_effect_mpp,1109.693733215332
two_concepts,plain4_w16_gap,6098,raw_logit_input_effect_mpp,702.5364837646484
two_concepts,plain4_w16_gap,6099,raw_logit_input_effect_mpp,566.1471710205078
two_concepts,plain4_w16_gmp,6000,raw_logit_input_effect_mpp,220.6419219970703
two_concepts,plain4_w16_gmp,6001,raw_logit_input_effect_mpp,309.4937744140625
two_concepts,plain4_w16_gmp,6002,raw_logit_input_effect_mpp,137.73269653320312
two_concepts,plain4_w16_gmp,6003,raw_logit_input_effect_mpp,212.97799682617188
two_concepts,plain4_w16_gmp,6004,raw_logit_input_effect_mpp,176.97897338867188
two_concepts,plain4_w16_gmp,6005,raw_logit_input_effect_mpp,406.2919921875
two_concepts,plain4_w16_gmp,6006,raw_logit_input_effect_mpp,151.44937133789062
two_concepts,plain4_w16_gmp,6007,raw_logit_input_effect_mpp,151.03872680664062
two_concepts,plain4_w16_gmp,6008,raw_logit_input_effect_mpp,136.27325439453125
two_concepts,plain4_w16_gmp,6009,raw_logit_input_effect_mpp,190.09486389160156
two_concepts,plain4_w16_gmp,6010,raw_logit_input_effect_mpp,219.66966247558594
two_concepts,plain4_w16_gmp,6011,raw_logit_input_effect_mpp,123.521484375
two_concepts,plain4_w16_gmp,6012,raw_logit_input_effect_mpp,165.9672088623047
two_concepts,plain4_w16_gmp,6013,raw_logit_input_effect_mpp,164.58248901367188
two_concepts,plain4_w16_gmp,6014,raw_logit_input_effect_mpp,243.25442504882812
two_concepts,plain4_w16_gmp,6015,raw_logit_input_effect_mpp,521.0418090820312
two_concepts,plain4_w16_gmp,6016,raw_logit_input_effect_mpp,155.21449279785156
two_concepts,plain4_w16_gmp,6017,raw_logit_input_effect_mpp,200.75027465820312
two_concepts,plain4_w16_gmp,6018,raw_logit_input_effect_mpp,220.20359802246094
two_concepts,plain4_w16_gmp,6019,raw_logit_input_effect_mpp,206.31443786621094
two_concepts,plain4_w16_gmp,6020,raw_logit_input_effect_mpp,217.86300659179688
two_concepts,plain4_w16_gmp,6021,raw_logit_input_effect_mpp,204.40606689453125
two_concepts,plain4_w16_gmp,6022,raw_logit_input_effect_mpp,117.378173828125
two_concepts,plain4_w16_gmp,6023,raw_logit_input_effect_mpp,263.4486541748047
two_concepts,plain4_w16_gmp,6024,raw_logit_input_effect_mpp,183.655517578125
two_concepts,plain4_w16_gmp,6025,raw_logit_input_effect_mpp,147.84689331054688
two_concepts,plain4_w16_gmp,6026,raw_logit_input_effect_mpp,157.7267608642578
two_concepts,plain4_w16_gmp,6027,raw_logit_input_effect_mpp,192.7126922607422
two_concepts,plain4_w16_gmp,6028,raw_logit_input_effect_mpp,190.65538024902344
two_concepts,plain4_w16_gmp,6029,raw_logit_input_effect_mpp,192.07923889160156
two_concepts,plain4_w16_gmp,6030,raw_logit_input_effect_mpp,143.04212951660156
two_concepts,plain4_w16_gmp,6031,raw_logit_input_effect_mpp,192.22511291503906
two_concepts,plain4_w16_gmp,6032,raw_logit_input_effect_mpp,193.04127502441406
two_concepts,plain4_w16_gmp,6033,raw_logit_input_effect_mpp,171.8592071533203
two_concepts,plain4_w16_gmp,6034,raw_logit_input_effect_mpp,181.77679443359375
two_concepts,plain4_w16_gmp,6035,raw_logit_input_effect_mpp,221.44924926757812
two_concepts,plain4_w16_gmp,6036,raw_logit_input_effect_mpp,161.01138305664062
two_concepts,plain4_w16_gmp,6037,raw_logit_input_effect_mpp,143.73519897460938
two_concepts,plain4_w16_gmp,6038,raw_logit_input_effect_mpp,234.06890869140625
two_concepts,plain4_w16_gmp,6039,raw_logit_input_effect_mpp,189.62664794921875
two_concepts,plain4_w16_gmp,6040,raw_logit_input_effect_mpp,210.39268493652344
two_concepts,plain4_w16_gmp,6041,raw_logit_input_effect_mpp,177.07705688476562
two_concepts,plain4_w16_gmp,6042,raw_logit_input_effect_mpp,123.488037109375
two_concepts,plain4_w16_gmp,6043,raw_logit_input_effect_mpp,201.24725341796875
two_concepts,plain4_w16_gmp,6044,raw_logit_input_effect_mpp,171.58360290527344
two_concepts,plain4_w16_gmp,6045,raw_logit_input_effect_mpp,183.70225524902344
two_concepts,plain4_w16_gmp,6046,raw_logit_input_effect_mpp,162.83358764648438
two_concepts,plain4_w16_gmp,6047,raw_logit_input_effect_mpp,188.84437561035156
two_concepts,plain4_w16_gmp,6048,raw_logit_input_effect_mpp,204.6103057861328
two_concepts,plain4_w16_gmp,6049,raw_logit_input_effect_mpp,119.22077941894531
two_concepts,plain4_w16_gmp,6050,raw_logit_input_effect_mpp,235.12814331054688
two_concepts,plain4_w16_gmp,6051,raw_logit_input_effect_mpp,230.3683624267578
two_concepts,plain4_w16_gmp,6052,raw_logit_input_effect_mpp,394.87347412109375
two_concepts,plain4_w16_gmp,6053,raw_logit_input_effect_mpp,156.70074462890625
two_concepts,plain4_w16_gmp,6054,raw_logit_input_effect_mpp,205.68829345703125
two_concepts,plain4_w16_gmp,6055,raw_logit_input_effect_mpp,164.00204467773438
two_concepts,plain4_w16_gmp,6056,raw_logit_input_effect_mpp,192.7030029296875
two_concepts,plain4_w16_gmp,6057,raw_logit_input_effect_mpp,215.02731323242188
two_concepts,plain4_w16_gmp,6058,raw_logit_input_effect_mpp,136.99827575683594
two_concepts,plain4_w16_gmp,6059,raw_logit_input_effect_mpp,24.304656982421875
two_concepts,plain4_w16_gmp,6060,raw_logit_input_effect_mpp,227.43661499023438
two_concepts,plain4_w16_gmp,6061,raw_logit_input_effect_mpp,139.31939697265625
two_concepts,plain4_w16_gmp,6062,raw_logit_input_effect_mpp,342.21250915527344
two_concepts,plain4_w16_gmp,6063,raw_logit_input_effect_mpp,253.5970001220703
two_concepts,plain4_w16_gmp,6064,raw_logit_input_effect_mpp,129.3289794921875
two_concepts,plain4_w16_gmp,6065,raw_logit_input_effect_mpp,131.369140625
two_concepts,plain4_w16_gmp,6066,raw_logit_input_effect_mpp,265.5570373535156
two_concepts,plain4_w16_gmp,6067,raw_logit_input_effect_mpp,348.1899108886719
two_concepts,plain4_w16_gmp,6068,raw_logit_input_effect_mpp,137.5154571533203
two_concepts,plain4_w16_gmp,6069,raw_logit_input_effect_mpp,95.96543884277344
two_concepts,plain4_w16_gmp,6070,raw_logit_input_effect_mpp,173.05152893066406
two_concepts,plain4_w16_gmp,6071,raw_logit_input_effect_mpp,204.81800842285156
two_concepts,plain4_w16_gmp,6072,raw_logit_input_effect_mpp,132.23707580566406
two_concepts,plain4_w16_gmp,6073,raw_logit_input_effect_mpp,131.59317016601562
two_concepts,plain4_w16_gmp,6074,raw_logit_input_effect_mpp,168.04248046875
two_concepts,plain4_w16_gmp,6075,raw_logit_input_effect_mpp,193.57554626464844
two_concepts,plain4_w16_gmp,6076,raw_logit_input_effect_mpp,131.2605743408203
two_concepts,plain4_w16_gmp,6077,raw_logit_input_effect_mpp,438.3320770263672
two_concepts,plain4_w16_gmp,6078,raw_logit_input_effect_mpp,152.80374145507812
two_concepts,plain4_w16_gmp,6079,raw_logit_input_effect_mpp,137.3182373046875
two_concepts,plain4_w16_gmp,6080,raw_logit_input_effect_mpp,114.50682067871094
two_concepts,plain4_w16_gmp,6081,raw_logit_input_effect_mpp,218.37535095214844
two_concepts,plain4_w16_gmp,6082,raw_logit_input_effect_mpp,139.50827026367188
two_concepts,plain4_w16_gmp,6083,raw_logit_input_effect_mpp,134.38101196289062
two_concepts,plain4_w16_gmp,6084,raw_logit_input_effect_mpp,139.58702087402344
two_concepts,plain4_w16_gmp,6085,raw_logit_input_effect_mpp,152.6200408935547
two_concepts,plain4_w16_gmp,6086,raw_logit_input_effect_mpp,225.02403259277344
two_concepts,plain4_w16_gmp,6087,raw_logit_input_effect_mpp,174.09230041503906
two_concepts,plain4_w16_gmp,6088,raw_logit_input_effect_mpp,202.09808349609375
two_concepts,plain4_w16_gmp,6089,raw_logit_input_effect_mpp,184.8839874267578
two_concepts,plain4_w16_gmp,6090,raw_logit_input_effect_mpp,176.33950805664062
two_concepts,plain4_w16_gmp,6091,raw_logit_input_effect_mpp,149.6504364013672
two_concepts,plain4_w16_gmp,6092,raw_logit_input_effect_mpp,219.33982849121094
two_concepts,plain4_w16_gmp,6093,raw_logit_input_effect_mpp,168.97158813476562
two_concepts,plain4_w16_gmp,6094,raw_logit_input_effect_mpp,138.9943389892578
two_concepts,plain4_w16_gmp,6095,raw_logit_input_effect_mpp,223.7841033935547
two_concepts,plain4_w16_gmp,6096,raw_logit_input_effect_mpp,139.66465759277344
two_concepts,plain4_w16_gmp,6097,raw_logit_input_effect_mpp,265.5452880859375
two_concepts,plain4_w16_gmp,6098,raw_logit_input_effect_mpp,165.8965301513672
two_concepts,plain4_w16_gmp,6099,raw_logit_input_effect_mpp,179.05731201171875
two_concepts,plain4_w64_gap,6000,raw_logit_input_effect_mpp,419.9993896484375
two_concepts,plain4_w64_gap,6001,raw_logit_input_effect_mpp,529.5967140197754
two_concepts,plain4_w64_gap,6002,raw_logit_input_effect_mpp,744.4658508300781
two_concepts,plain4_w64_gap,6003,raw_logit_input_effect_mpp,934.5819664001465
two_concepts,plain4_w64_gap,6004,raw_logit_input_effect_mpp,831.6830596923828
two_concepts,plain4_w64_gap,6005,raw_logit_input_effect_mpp,625.3353118896484
two_concepts,plain4_w64_gap,6006,raw_logit_input_effect_mpp,342.26607513427734
two_concepts,plain4_w64_gap,6007,raw_logit_input_effect_mpp,879.2533569335938
two_concepts,plain4_w64_gap,6008,raw_logit_input_effect_mpp,959.3682098388672
two_concepts,plain4_w64_gap,6009,raw_logit_input_effect_mpp,629.8116836547852
two_concepts,plain4_w64_gap,6010,raw_logit_input_effect_mpp,257.5051574707031
two_concepts,plain4_w64_gap,6011,raw_logit_input_effect_mpp,86.87039184570312
two_concepts,plain4_w64_gap,6012,raw_logit_input_effect_mpp,540.6796569824219
two_concepts,plain4_w64_gap,6013,raw_logit_input_effect_mpp,408.40355682373047
two_concepts,plain4_w64_gap,6014,raw_logit_input_effect_mpp,602.6007995605469
two_concepts,plain4_w64_gap,6015,raw_logit_input_effect_mpp,548.9035339355469
two_concepts,plain4_w64_gap,6016,raw_logit_input_effect_mpp,738.8081703186035
two_concepts,plain4_w64_gap,6017,raw_logit_input_effect_mpp,368.0882873535156
two_concepts,plain4_w64_gap,6018,raw_logit_input_effect_mpp,588.3115997314453
two_concepts,plain4_w64_gap,6019,raw_logit_input_effect_mpp,650.2768707275391
two_concepts,plain4_w64_gap,6020,raw_logit_input_effect_mpp,466.6930923461914
two_concepts,plain4_w64_gap,6021,raw_logit_input_effect_mpp,281.4353790283203
two_concepts,plain4_w64_gap,6022,raw_logit_input_effect_mpp,1022.1150360107422
two_concepts,plain4_w64_gap,6023,raw_logit_input_effect_mpp,850.2606658935547
two_concepts,plain4_w64_gap,6024,raw_logit_input_effect_mpp,914.5410566329956
two_concepts,plain4_w64_gap,6025,raw_logit_input_effect_mpp,299.341552734375
two_concepts,plain4_w64_gap,6026,raw_logit_input_effect_mpp,932.7052612304688
two_concepts,plain4_w64_gap,6027,raw_logit_input_effect_mpp,503.5584716796875
two_concepts,plain4_w64_gap,6028,raw_logit_input_effect_mpp,626.8359832763672
two_concepts,plain4_w64_gap,6029,raw_logit_input_effect_mpp,376.86805725097656
two_concepts,plain4_w64_gap,6030,raw_logit_input_effect_mpp,1869.8732452392578
two_concepts,plain4_w64_gap,6031,raw_logit_input_effect_mpp,883.6529941558838
two_concepts,plain4_w64_gap,6032,raw_logit_input_effect_mpp,2207.2428283691406
two_concepts,plain4_w64_gap,6033,raw_logit_input_effect_mpp,444.3227844238281
two_concepts,plain4_w64_gap,6034,raw_logit_input_effect_mpp,645.9187698364258
two_concepts,plain4_w64_gap,6035,raw_logit_input_effect_mpp,295.7385711669922
two_concepts,plain4_w64_gap,6036,raw_logit_input_effect_mpp,368.3583679199219
two_concepts,plain4_w64_gap,6037,raw_logit_input_effect_mpp,539.7459869384766
two_concepts,plain4_w64_gap,6038,raw_logit_input_effect_mpp,370.2924041748047
two_concepts,plain4_w64_gap,6039,raw_logit_input_effect_mpp,722.7427215576172
two_concepts,plain4_w64_gap,6040,raw_logit_input_effect_mpp,784.7158794403076
two_concepts,plain4_w64_gap,6041,raw_logit_input_effect_mpp,379.00933837890625
two_concepts,plain4_w64_gap,6042,raw_logit_input_effect_mpp,690.3293151855469
two_concepts,plain4_w64_gap,6043,raw_logit_input_effect_mpp,340.9373321533203
two_concepts,plain4_w64_gap,6044,raw_logit_input_effect_mpp,586.6380310058594
two_concepts,plain4_w64_gap,6045,raw_logit_input_effect_mpp,598.9239349365234
two_concepts,plain4_w64_gap,6046,raw_logit_input_effect_mpp,717.5602912902832
two_concepts,plain4_w64_gap,6047,raw_logit_input_effect_mpp,532.0585479736328
two_concepts,plain4_w64_gap,6048,raw_logit_input_effect_mpp,550.528564453125
two_concepts,plain4_w64_gap,6049,raw_logit_input_effect_mpp,853.5154113769531
two_concepts,plain4_w64_gap,6050,raw_logit_input_effect_mpp,927.7158737182617
two_concepts,plain4_w64_gap,6051,raw_logit_input_effect_mpp,493.91976261138916
two_concepts,plain4_w64_gap,6052,raw_logit_input_effect_mpp,306.74365234375
two_concepts,plain4_w64_gap,6053,raw_logit_input_effect_mpp,336.5169677734375
two_concepts,plain4_w64_gap,6054,raw_logit_input_effect_mpp,481.4436492919922
two_concepts,plain4_w64_gap,6055,raw_logit_input_effect_mpp,379.1842498779297
two_concepts,plain4_w64_gap,6056,raw_logit_input_effect_mpp,1085.9143829345703
two_concepts,plain4_w64_gap,6057,raw_logit_input_effect_mpp,361.08609771728516
two_concepts,plain4_w64_gap,6058,raw_logit_input_effect_mpp,337.17386627197266
two_concepts,plain4_w64_gap,6059,raw_logit_input_effect_mpp,374.0181579589844
two_concepts,plain4_w64_gap,6060,raw_logit_input_effect_mpp,458.4835205078125
two_concepts,plain4_w64_gap,6061,raw_logit_input_effect_mpp,1067.8453674316406
two_concepts,plain4_w64_gap,6062,raw_logit_input_effect_mpp,586.4655685424805
two_concepts,plain4_w64_gap,6063,raw_logit_input_effect_mpp,1701.4175872802734
two_concepts,plain4_w64_gap,6064,raw_logit_input_effect_mpp,624.6368713378906
two_concepts,plain4_w64_gap,6065,raw_logit_input_effect_mpp,343.6111145019531
two_concepts,plain4_w64_gap,6066,raw_logit_input_effect_mpp,410.0454406738281
two_concepts,plain4_w64_gap,6067,raw_logit_input_effect_mpp,652.7233276367188
two_concepts,plain4_w64_gap,6068,raw_logit_input_effect_mpp,646.0892639160156
two_concepts,plain4_w64_gap,6069,raw_logit_input_effect_mpp,494.2205810546875
two_concepts,plain4_w64_gap,6070,raw_logit_input_effect_mpp,451.69371032714844
two_concepts,plain4_w64_gap,6071,raw_logit_input_effect_mpp,676.5823593139648
two_concepts,plain4_w64_gap,6072,raw_logit_input_effect_mpp,851.8367919921875
two_concepts,plain4_w64_gap,6073,raw_logit_input_effect_mpp,528.4133224487305
two_concepts,plain4_w64_gap,6074,raw_logit_input_effect_mpp,422.9542655944824
two_concepts,plain4_w64_gap,6075,raw_logit_input_effect_mpp,437.5235290527344
two_concepts,plain4_w64_gap,6076,raw_logit_input_effect_mpp,1063.6212463378906
two_concepts,plain4_w64_gap,6077,raw_logit_input_effect_mpp,551.9872817993164
two_concepts,plain4_w64_gap,6078,raw_logit_input_effect_mpp,760.6402130126953
two_concepts,plain4_w64_gap,6079,raw_logit_input_effect_mpp,333.93626403808594
two_concepts,plain4_w64_gap,6080,raw_logit_input_effect_mpp,710.8608269691467
two_concepts,plain4_w64_gap,6081,raw_logit_input_effect_mpp,641.4336547851562
two_concepts,plain4_w64_gap,6082,raw_logit_input_effect_mpp,2065.3502502441406
two_concepts,plain4_w64_gap,6083,raw_logit_input_effect_mpp,388.25133514404297
two_concepts,plain4_w64_gap,6084,raw_logit_input_effect_mpp,231.87255859375
two_concepts,plain4_w64_gap,6085,raw_logit_input_effect_mpp,183.1240997314453
two_concepts,plain4_w64_gap,6086,raw_logit_input_effect_mpp,1144.2916107177734
two_concepts,plain4_w64_gap,6087,raw_logit_input_effect_mpp,579.3273239135742
two_concepts,plain4_w64_gap,6088,raw_logit_input_effect_mpp,463.08201599121094
two_concepts,plain4_w64_gap,6089,raw_logit_input_effect_mpp,522.9629211425781
two_concepts,plain4_w64_gap,6090,raw_logit_input_effect_mpp,1022.8937683105469
two_concepts,plain4_w64_gap,6091,raw_logit_input_effect_mpp,532.8597564697266
two_concepts,plain4_w64_gap,6092,raw_logit_input_effect_mpp,895.8364486694336
two_concepts,plain4_w64_gap,6093,raw_logit_input_effect_mpp,424.15777587890625
two_concepts,plain4_w64_gap,6094,raw_logit_input_effect_mpp,331.92047119140625
two_concepts,plain4_w64_gap,6095,raw_logit_input_effect_mpp,350.3505859375
two_concepts,plain4_w64_gap,6096,raw_logit_input_effect_mpp,695.4965972900391
two_concepts,plain4_w64_gap,6097,raw_logit_input_effect_mpp,606.2478790283203
two_concepts,plain4_w64_gap,6098,raw_logit_input_effect_mpp,921.7594451904297
two_concepts,plain4_w64_gap,6099,raw_logit_input_effect_mpp,532.465202331543
two_concepts,plain4_w64_gmp,6000,raw_logit_input_effect_mpp,136.06475830078125
two_concepts,plain4_w64_gmp,6001,raw_logit_input_effect_mpp,92.25750732421875
two_concepts,plain4_w64_gmp,6002,raw_logit_input_effect_mpp,84.887451171875
two_concepts,plain4_w64_gmp,6003,raw_logit_input_effect_mpp,90.09832763671875
two_concepts,plain4_w64_gmp,6004,raw_logit_input_effect_mpp,167.6962890625
two_concepts,plain4_w64_gmp,6005,raw_logit_input_effect_mpp,111.44537353515625
two_concepts,plain4_w64_gmp,6006,raw_logit_input_effect_mpp,99.9033203125
two_concepts,plain4_w64_gmp,6007,raw_logit_input_effect_mpp,105.63700866699219
two_concepts,plain4_w64_gmp,6008,raw_logit_input_effect_mpp,65.99310302734375
two_concepts,plain4_w64_gmp,6009,raw_logit_input_effect_mpp,74.37318420410156
two_concepts,plain4_w64_gmp,6010,raw_logit_input_effect_mpp,150.0885009765625
two_concepts,plain4_w64_gmp,6011,raw_logit_input_effect_mpp,57.914764404296875
two_concepts,plain4_w64_gmp,6012,raw_logit_input_effect_mpp,66.02227783203125
two_concepts,plain4_w64_gmp,6013,raw_logit_input_effect_mpp,114.9241943359375
two_concepts,plain4_w64_gmp,6014,raw_logit_input_effect_mpp,92.9251708984375
two_concepts,plain4_w64_gmp,6015,raw_logit_input_effect_mpp,98.79696655273438
two_concepts,plain4_w64_gmp,6016,raw_logit_input_effect_mpp,98.70745849609375
two_concepts,plain4_w64_gmp,6017,raw_logit_input_effect_mpp,129.01419067382812
two_concepts,plain4_w64_gmp,6018,raw_logit_input_effect_mpp,95.70315551757812
two_concepts,plain4_w64_gmp,6019,raw_logit_input_effect_mpp,108.82038879394531
two_concepts,plain4_w64_gmp,6020,raw_logit_input_effect_mpp,86.42630004882812
two_concepts,plain4_w64_gmp,6021,raw_logit_input_effect_mpp,77.52557373046875
two_concepts,plain4_w64_gmp,6022,raw_logit_input_effect_mpp,76.36541748046875
two_concepts,plain4_w64_gmp,6023,raw_logit_input_effect_mpp,99.97662353515625
two_concepts,plain4_w64_gmp,6024,raw_logit_input_effect_mpp,89.9893798828125
two_concepts,plain4_w64_gmp,6025,raw_logit_input_effect_mpp,87.34054565429688
two_concepts,plain4_w64_gmp,6026,raw_logit_input_effect_mpp,83.43966674804688
two_concepts,plain4_w64_gmp,6027,raw_logit_input_effect_mpp,101.91552734375
two_concepts,plain4_w64_gmp,6028,raw_logit_input_effect_mpp,72.00811767578125
two_concepts,plain4_w64_gmp,6029,raw_logit_input_effect_mpp,108.39413452148438
two_concepts,plain4_w64_gmp,6030,raw_logit_input_effect_mpp,89.65083312988281
two_concepts,plain4_w64_gmp,6031,raw_logit_input_effect_mpp,83.16514587402344
two_concepts,plain4_w64_gmp,6032,raw_logit_input_effect_mpp,111.38494873046875
two_concepts,plain4_w64_gmp,6033,raw_logit_input_effect_mpp,88.92208862304688
two_concepts,plain4_w64_gmp,6034,raw_logit_input_effect_mpp,82.42967224121094
two_concepts,plain4_w64_gmp,6035,raw_logit_input_effect_mpp,49.633209228515625
two_concepts,plain4_w64_gmp,6036,raw_logit_input_effect_mpp,96.77252197265625
two_concepts,plain4_w64_gmp,6037,raw_logit_input_effect_mpp,72.25711059570312
two_concepts,plain4_w64_gmp,6038,raw_logit_input_effect_mpp,118.47262573242188
two_concepts,plain4_w64_gmp,6039,raw_logit_input_effect_mpp,135.9161376953125
two_concepts,plain4_w64_gmp,6040,raw_logit_input_effect_mpp,93.39801025390625
two_concepts,plain4_w64_gmp,6041,raw_logit_input_effect_mpp,45.2476806640625
two_concepts,plain4_w64_gmp,6042,raw_logit_input_effect_mpp,89.90463256835938
two_concepts,plain4_w64_gmp,6043,raw_logit_input_effect_mpp,57.627044677734375
two_concepts,plain4_w64_gmp,6044,raw_logit_input_effect_mpp,126.85812377929688
two_concepts,plain4_w64_gmp,6045,raw_logit_input_effect_mpp,86.12689208984375
two_concepts,plain4_w64_gmp,6046,raw_logit_input_effect_mpp,109.78506469726562
two_concepts,plain4_w64_gmp,6047,raw_logit_input_effect_mpp,91.1817626953125
two_concepts,plain4_w64_gmp,6048,raw_logit_input_effect_mpp,-231.47891235351562
two_concepts,plain4_w64_gmp,6049,raw_logit_input_effect_mpp,92.92526245117188
two_concepts,plain4_w64_gmp,6050,raw_logit_input_effect_mpp,69.15560913085938
two_concepts,plain4_w64_gmp,6051,raw_logit_input_effect_mpp,37.0809326171875
two_concepts,plain4_w64_gmp,6052,raw_logit_input_effect_mpp,67.64566040039062
two_concepts,plain4_w64_gmp,6053,raw_logit_input_effect_mpp,99.90469360351562
two_concepts,plain4_w64_gmp,6054,raw_logit_input_effect_mpp,86.03079223632812
two_concepts,plain4_w64_gmp,6055,raw_logit_input_effect_mpp,91.84405517578125
two_concepts,plain4_w64_gmp,6056,raw_logit_input_effect_mpp,90.72113037109375
two_concepts,plain4_w64_gmp,6057,raw_logit_input_effect_mpp,61.54164123535156
two_concepts,plain4_w64_gmp,6058,raw_logit_input_effect_mpp,70.008056640625
two_concepts,plain4_w64_gmp,6059,raw_logit_input_effect_mpp,37.70257568359375
two_concepts,plain4_w64_gmp,6060,raw_logit_input_effect_mpp,87.75325012207031
two_concepts,plain4_w64_gmp,6061,raw_logit_input_effect_mpp,104.36553955078125
two_concepts,plain4_w64_gmp,6062,raw_logit_input_effect_mpp,69.39175415039062
two_concepts,plain4_w64_gmp,6063,raw_logit_input_effect_mpp,124.73782348632812
two_concepts,plain4_w64_gmp,6064,raw_logit_input_effect_mpp,148.1319580078125
two_concepts,plain4_w64_gmp,6065,raw_logit_input_effect_mpp,96.90185546875
two_concepts,plain4_w64_gmp,6066,raw_logit_input_effect_mpp,101.19094848632812
two_concepts,plain4_w64_gmp,6067,raw_logit_input_effect_mpp,82.65640258789062
two_concepts,plain4_w64_gmp,6068,raw_logit_input_effect_mpp,127.41532897949219
two_concepts,plain4_w64_gmp,6069,raw_logit_input_effect_mpp,115.63558959960938
two_concepts,plain4_w64_gmp,6070,raw_logit_input_effect_mpp,85.737548828125
two_concepts,plain4_w64_gmp,6071,raw_logit_input_effect_mpp,67.10330200195312
two_concepts,plain4_w64_gmp,6072,raw_logit_input_effect_mpp,133.58786010742188
two_concepts,plain4_w64_gmp,6073,raw_logit_input_effect_mpp,122.3514404296875
two_concepts,plain4_w64_gmp,6074,raw_logit_input_effect_mpp,82.67657470703125
two_concepts,plain4_w64_gmp,6075,raw_logit_input_effect_mpp,81.31085205078125
two_concepts,plain4_w64_gmp,6076,raw_logit_input_effect_mpp,89.35528564453125
two_concepts,plain4_w64_gmp,6077,raw_logit_input_effect_mpp,103.803955078125
two_concepts,plain4_w64_gmp,6078,raw_logit_input_effect_mpp,99.84197998046875
two_concepts,plain4_w64_gmp,6079,raw_logit_input_effect_mpp,87.44741821289062
two_concepts,plain4_w64_gmp,6080,raw_logit_input_effect_mpp,52.37663269042969
two_concepts,plain4_w64_gmp,6081,raw_logit_input_effect_mpp,108.26779174804688
two_concepts,plain4_w64_gmp,6082,raw_logit_input_effect_mpp,81.2244873046875
two_concepts,plain4_w64_gmp,6083,raw_logit_input_effect_mpp,82.026123046875
two_concepts,plain4_w64_gmp,6084,raw_logit_input_effect_mpp,64.06437683105469
two_concepts,plain4_w64_gmp,6085,raw_logit_input_effect_mpp,50.545562744140625
two_concepts,plain4_w64_gmp,6086,raw_logit_input_effect_mpp,71.448486328125
two_concepts,plain4_w64_gmp,6087,raw_logit_input_effect_mpp,85.45751953125
two_concepts,plain4_w64_gmp,6088,raw_logit_input_effect_mpp,99.73440551757812
two_concepts,plain4_w64_gmp,6089,raw_logit_input_effect_mpp,81.50128173828125
two_concepts,plain4_w64_gmp,6090,raw_logit_input_effect_mpp,92.8426513671875
two_concepts,plain4_w64_gmp,6091,raw_logit_input_effect_mpp,88.48089599609375
two_concepts,plain4_w64_gmp,6092,raw_logit_input_effect_mpp,78.76409912109375
two_concepts,plain4_w64_gmp,6093,raw_logit_input_effect_mpp,88.84414672851562
two_concepts,plain4_w64_gmp,6094,raw_logit_input_effect_mpp,82.23971557617188
two_concepts,plain4_w64_gmp,6095,raw_logit_input_effect_mpp,78.25946044921875
two_concepts,plain4_w64_gmp,6096,raw_logit_input_effect_mpp,61.63127136230469
two_concepts,plain4_w64_gmp,6097,raw_logit_input_effect_mpp,71.27650451660156
two_concepts,plain4_w64_gmp,6098,raw_logit_input_effect_mpp,105.10693359375
two_concepts,plain4_w64_gmp,6099,raw_logit_input_effect_mpp,65.25498962402344
two_concepts,res4_w16_gap,6000,raw_logit_input_effect_mpp,515.2741241455078
two_concepts,res4_w16_gap,6001,raw_logit_input_effect_mpp,659.1159362792969
two_concepts,res4_w16_gap,6002,raw_logit_input_effect_mpp,631.0631713867188
two_concepts,res4_w16_gap,6003,raw_logit_input_effect_mpp,566.3612518310547
two_concepts,res4_w16_gap,6004,raw_logit_input_effect_mpp,747.9849166870117
two_concepts,res4_w16_gap,6005,raw_logit_input_effect_mpp,616.1770706176758
two_concepts,res4_w16_gap,6006,raw_logit_input_effect_mpp,540.494499206543
two_concepts,res4_w16_gap,6007,raw_logit_input_effect_mpp,734.450927734375
two_concepts,res4_w16_gap,6008,raw_logit_input_effect_mpp,338.2352600097656
two_concepts,res4_w16_gap,6009,raw_logit_input_effect_mpp,527.9386901855469
two_concepts,res4_w16_gap,6010,raw_logit_input_effect_mpp,355.0175323486328
two_concepts,res4_w16_gap,6011,raw_logit_input_effect_mpp,645.6009368896484
two_concepts,res4_w16_gap,6012,raw_logit_input_effect_mpp,589.9561920166016
two_concepts,res4_w16_gap,6013,raw_logit_input_effect_mpp,296.6889190673828
two_concepts,res4_w16_gap,6014,raw_logit_input_effect_mpp,649.1175689697266
two_concepts,res4_w16_gap,6015,raw_logit_input_effect_mpp,437.03916931152344
two_concepts,res4_w16_gap,6016,raw_logit_input_effect_mpp,754.4304046630859
two_concepts,res4_w16_gap,6017,raw_logit_input_effect_mpp,697.7668914794922
two_concepts,res4_w16_gap,6018,raw_logit_input_effect_mpp,540.881498336792
two_concepts,res4_w16_gap,6019,raw_logit_input_effect_mpp,322.78824615478516
two_concepts,res4_w16_gap,6020,raw_logit_input_effect_mpp,828.1551818847656
two_concepts,res4_w16_gap,6021,raw_logit_input_effect_mpp,529.4509506225586
two_concepts,res4_w16_gap,6022,raw_logit_input_effect_mpp,613.9377899169922
two_concepts,res4_w16_gap,6023,raw_logit_input_effect_mpp,709.7884674072266
two_concepts,res4_w16_gap,6024,raw_logit_input_effect_mpp,781.799388885498
two_concepts,res4_w16_gap,6025,raw_logit_input_effect_mpp,514.6683349609375
two_concepts,res4_w16_gap,6026,raw_logit_input_effect_mpp,559.8004837036133
two_concepts,res4_w16_gap,6027,raw_logit_input_effect_mpp,446.5055236816406
two_concepts,res4_w16_gap,6028,raw_logit_input_effect_mpp,458.96372985839844
two_concepts,res4_w16_gap,6029,raw_logit_input_effect_mpp,673.4917755126953
two_concepts,res4_w16_gap,6030,raw_logit_input_effect_mpp,327.5275192260742
two_concepts,res4_w16_gap,6031,raw_logit_input_effect_mpp,385.7708435058594
two_concepts,res4_w16_gap,6032,raw_logit_input_effect_mpp,505.5785369873047
two_concepts,res4_w16_gap,6033,raw_logit_input_effect_mpp,688.1203804016113
two_concepts,res4_w16_gap,6034,raw_logit_input_effect_mpp,1069.591453552246
two_concepts,res4_w16_gap,6035,raw_logit_input_effect_mpp,384.30248260498047
two_concepts,res4_w16_gap,6036,raw_logit_input_effect_mpp,538.4429931640625
two_concepts,res4_w16_gap,6037,raw_logit_input_effect_mpp,498.20886993408203
two_concepts,res4_w16_gap,6038,raw_logit_input_effect_mpp,486.58985900878906
two_concepts,res4_w16_gap,6039,raw_logit_input_effect_mpp,442.2002410888672
two_concepts,res4_w16_gap,6040,raw_logit_input_effect_mpp,562.2918930053711
two_concepts,res4_w16_gap,6041,raw_logit_input_effect_mpp,718.2083587646484
two_concepts,res4_w16_gap,6042,raw_logit_input_effect_mpp,515.8667602539062
two_concepts,res4_w16_gap,6043,raw_logit_input_effect_mpp,1014.3130493164062
two_concepts,res4_w16_gap,6044,raw_logit_input_effect_mpp,643.7582931518555
two_concepts,res4_w16_gap,6045,raw_logit_input_effect_mpp,234.36392211914062
two_concepts,res4_w16_gap,6046,raw_logit_input_effect_mpp,509.947021484375
two_concepts,res4_w16_gap,6047,raw_logit_input_effect_mpp,290.79533767700195
two_concepts,res4_w16_gap,6048,raw_logit_input_effect_mpp,304.05519104003906
two_concepts,res4_w16_gap,6049,raw_logit_input_effect_mpp,925.6166381835938
two_concepts,res4_w16_gap,6050,raw_logit_input_effect_mpp,600.4210357666016
two_concepts,res4_w16_gap,6051,raw_logit_input_effect_mpp,388.72212982177734
two_concepts,res4_w16_gap,6052,raw_logit_input_effect_mpp,404.13130950927734
two_concepts,res4_w16_gap,6053,raw_logit_input_effect_mpp,714.1961898803711
two_concepts,res4_w16_gap,6054,raw_logit_input_effect_mpp,668.0939979553223
two_concepts,res4_w16_gap,6055,raw_logit_input_effect_mpp,573.2814712524414
two_concepts,res4_w16_gap,6056,raw_logit_input_effect_mpp,489.67977142333984
two_concepts,res4_w16_gap,6057,raw_logit_input_effect_mpp,618.0659408569336
two_concepts,res4_w16_gap,6058,raw_logit_input_effect_mpp,209.8604507446289
two_concepts,res4_w16_gap,6059,raw_logit_input_effect_mpp,301.9879913330078
two_concepts,res4_w16_gap,6060,raw_logit_input_effect_mpp,485.16761779785156
two_concepts,res4_w16_gap,6061,raw_logit_input_effect_mpp,577.693977355957
two_concepts,res4_w16_gap,6062,raw_logit_input_effect_mpp,487.8155746459961
two_concepts,res4_w16_gap,6063,raw_logit_input_effect_mpp,421.47259521484375
two_concepts,res4_w16_gap,6064,raw_logit_input_effect_mpp,981.7596130371094
two_concepts,res4_w16_gap,6065,raw_logit_input_effect_mpp,383.10750579833984
two_concepts,res4_w16_gap,6066,raw_logit_input_effect_mpp,634.1032638549805
two_concepts,res4_w16_gap,6067,raw_logit_input_effect_mpp,512.3682250976562
two_concepts,res4_w16_gap,6068,raw_logit_input_effect_mpp,255.55384826660156
two_concepts,res4_w16_gap,6069,raw_logit_input_effect_mpp,623.5786895751953
two_concepts,res4_w16_gap,6070,raw_logit_input_effect_mpp,569.9444580078125
two_concepts,res4_w16_gap,6071,raw_logit_input_effect_mpp,726.2024383544922
two_concepts,res4_w16_gap,6072,raw_logit_input_effect_mpp,539.1978530883789
two_concepts,res4_w16_gap,6073,raw_logit_input_effect_mpp,476.61019134521484
two_concepts,res4_w16_gap,6074,raw_logit_input_effect_mpp,640.4488983154297
two_concepts,res4_w16_gap,6075,raw_logit_input_effect_mpp,230.7380828857422
two_concepts,res4_w16_gap,6076,raw_logit_input_effect_mpp,659.5016326904297
two_concepts,res4_w16_gap,6077,raw_logit_input_effect_mpp,549.9475135803223
two_concepts,res4_w16_gap,6078,raw_logit_input_effect_mpp,612.4693374633789
two_concepts,res4_w16_gap,6079,raw_logit_input_effect_mpp,1173.1305389404297
two_concepts,res4_w16_gap,6080,raw_logit_input_effect_mpp,364.2618637084961
two_concepts,res4_w16_gap,6081,raw_logit_input_effect_mpp,631.8898239135742
two_concepts,res4_w16_gap,6082,raw_logit_input_effect_mpp,241.75930786132812
two_concepts,res4_w16_gap,6083,raw_logit_input_effect_mpp,425.25162506103516
two_concepts,res4_w16_gap,6084,raw_logit_input_effect_mpp,464.38084983825684
two_concepts,res4_w16_gap,6085,raw_logit_input_effect_mpp,555.3213729858398
two_concepts,res4_w16_gap,6086,raw_logit_input_effect_mpp,545.74365234375
two_concepts,res4_w16_gap,6087,raw_logit_input_effect_mpp,549.7918548583984
two_concepts,res4_w16_gap,6088,raw_logit_input_effect_mpp,368.97340393066406
two_concepts,res4_w16_gap,6089,raw_logit_input_effect_mpp,519.6709365844727
two_concepts,res4_w16_gap,6090,raw_logit_input_effect_mpp,431.37010192871094
two_concepts,res4_w16_gap,6091,raw_logit_input_effect_mpp,630.5652770996094
two_concepts,res4_w16_gap,6092,raw_logit_input_effect_mpp,772.1912612915039
two_concepts,res4_w16_gap,6093,raw_logit_input_effect_mpp,486.6646423339844
two_concepts,res4_w16_gap,6094,raw_logit_input_effect_mpp,799.8128051757812
two_concepts,res4_w16_gap,6095,raw_logit_input_effect_mpp,723.7171936035156
two_concepts,res4_w16_gap,6096,raw_logit_input_effect_mpp,618.1828079223633
two_concepts,res4_w16_gap,6097,raw_logit_input_effect_mpp,1080.6729431152344
two_concepts,res4_w16_gap,6098,raw_logit_input_effect_mpp,640.7306518554688
two_concepts,res4_w16_gap,6099,raw_logit_input_effect_mpp,855.5653533935547
two_concepts,res4_w16_gmp,6000,raw_logit_input_effect_mpp,170.5963897705078
two_concepts,res4_w16_gmp,6001,raw_logit_input_effect_mpp,161.12277221679688
two_concepts,res4_w16_gmp,6002,raw_logit_input_effect_mpp,114.56417846679688
two_concepts,res4_w16_gmp,6003,raw_logit_input_effect_mpp,92.55404663085938
two_concepts,res4_w16_gmp,6004,raw_logit_input_effect_mpp,72.25466918945312
two_concepts,res4_w16_gmp,6005,raw_logit_input_effect_mpp,141.38404846191406
two_concepts,res4_w16_gmp,6006,raw_logit_input_effect_mpp,151.83958435058594
two_concepts,res4_w16_gmp,6007,raw_logit_input_effect_mpp,89.09857177734375
two_concepts,res4_w16_gmp,6008,raw_logit_input_effect_mpp,112.61383056640625
two_concepts,res4_w16_gmp,6009,raw_logit_input_effect_mpp,99.22306823730469
two_concepts,res4_w16_gmp,6010,raw_logit_input_effect_mpp,143.32913208007812
two_concepts,res4_w16_gmp,6011,raw_logit_input_effect_mpp,118.977783203125
two_concepts,res4_w16_gmp,6012,raw_logit_input_effect_mpp,157.03114318847656
two_concepts,res4_w16_gmp,6013,raw_logit_input_effect_mpp,142.78524780273438
two_concepts,res4_w16_gmp,6014,raw_logit_input_effect_mpp,149.21710205078125
two_concepts,res4_w16_gmp,6015,raw_logit_input_effect_mpp,186.77349853515625
two_concepts,res4_w16_gmp,6016,raw_logit_input_effect_mpp,153.08885192871094
two_concepts,res4_w16_gmp,6017,raw_logit_input_effect_mpp,169.4940643310547
two_concepts,res4_w16_gmp,6018,raw_logit_input_effect_mpp,103.66148376464844
two_concepts,res4_w16_gmp,6019,raw_logit_input_effect_mpp,140.54580688476562
two_concepts,res4_w16_gmp,6020,raw_logit_input_effect_mpp,131.52810668945312
two_concepts,res4_w16_gmp,6021,raw_logit_input_effect_mpp,120.84428405761719
two_concepts,res4_w16_gmp,6022,raw_logit_input_effect_mpp,124.37680053710938
two_concepts,res4_w16_gmp,6023,raw_logit_input_effect_mpp,132.3936309814453
two_concepts,res4_w16_gmp,6024,raw_logit_input_effect_mpp,74.53646850585938
two_concepts,res4_w16_gmp,6025,raw_logit_input_effect_mpp,136.14431762695312
two_concepts,res4_w16_gmp,6026,raw_logit_input_effect_mpp,131.88572692871094
two_concepts,res4_w16_gmp,6027,raw_logit_input_effect_mpp,122.79679870605469
two_concepts,res4_w16_gmp,6028,raw_logit_input_effect_mpp,181.24600219726562
two_concepts,res4_w16_gmp,6029,raw_logit_input_effect_mpp,138.7138671875
two_concepts,res4_w16_gmp,6030,raw_logit_input_effect_mpp,109.73788452148438
two_concepts,res4_w16_gmp,6031,raw_logit_input_effect_mpp,128.7208251953125
two_concepts,res4_w16_gmp,6032,raw_logit_input_effect_mpp,133.93211364746094
two_concepts,res4_w16_gmp,6033,raw_logit_input_effect_mpp,130.36929321289062
two_concepts,res4_w16_gmp,6034,raw_logit_input_effect_mpp,145.17706298828125
two_concepts,res4_w16_gmp,6035,raw_logit_input_effect_mpp,193.0758514404297
two_concepts,res4_w16_gmp,6036,raw_logit_input_effect_mpp,172.203125
two_concepts,res4_w16_gmp,6037,raw_logit_input_effect_mpp,117.75448608398438
two_concepts,res4_w16_gmp,6038,raw_logit_input_effect_mpp,301.4760437011719
two_concepts,res4_w16_gmp,6039,raw_logit_input_effect_mpp,150.30450439453125
two_concepts,res4_w16_gmp,6040,raw_logit_input_effect_mpp,183.20321655273438
two_concepts,res4_w16_gmp,6041,raw_logit_input_effect_mpp,165.08580017089844
two_concepts,res4_w16_gmp,6042,raw_logit_input_effect_mpp,104.36061096191406
two_concepts,res4_w16_gmp,6043,raw_logit_input_effect_mpp,165.01197814941406
two_concepts,res4_w16_gmp,6044,raw_logit_input_effect_mpp,224.31930541992188
two_concepts,res4_w16_gmp,6045,raw_logit_input_effect_mpp,69.22596740722656
two_concepts,res4_w16_gmp,6046,raw_logit_input_effect_mpp,114.31549072265625
two_concepts,res4_w16_gmp,6047,raw_logit_input_effect_mpp,73.23277282714844
two_concepts,res4_w16_gmp,6048,raw_logit_input_effect_mpp,115.49647521972656
two_concepts,res4_w16_gmp,6049,raw_logit_input_effect_mpp,252.28857421875
two_concepts,res4_w16_gmp,6050,raw_logit_input_effect_mpp,88.48893737792969
two_concepts,res4_w16_gmp,6051,raw_logit_input_effect_mpp,273.5990447998047
two_concepts,res4_w16_gmp,6052,raw_logit_input_effect_mpp,147.55966186523438
two_concepts,res4_w16_gmp,6053,raw_logit_input_effect_mpp,166.584228515625
two_concepts,res4_w16_gmp,6054,raw_logit_input_effect_mpp,109.03425598144531
two_concepts,res4_w16_gmp,6055,raw_logit_input_effect_mpp,153.2101593017578
two_concepts,res4_w16_gmp,6056,raw_logit_input_effect_mpp,122.89022827148438
two_concepts,res4_w16_gmp,6057,raw_logit_input_effect_mpp,115.58625793457031
two_concepts,res4_w16_gmp,6058,raw_logit_input_effect_mpp,103.53349304199219
two_concepts,res4_w16_gmp,6059,raw_logit_input_effect_mpp,132.68441772460938
two_concepts,res4_w16_gmp,6060,raw_logit_input_effect_mpp,183.31651306152344
two_concepts,res4_w16_gmp,6061,raw_logit_input_effect_mpp,152.80018615722656
two_concepts,res4_w16_gmp,6062,raw_logit_input_effect_mpp,93.26637268066406
two_concepts,res4_w16_gmp,6063,raw_logit_input_effect_mpp,111.21122741699219
two_concepts,res4_w16_gmp,6064,raw_logit_input_effect_mpp,164.433349609375
two_concepts,res4_w16_gmp,6065,raw_logit_input_effect_mpp,163.17214965820312
two_concepts,res4_w16_gmp,6066,raw_logit_input_effect_mpp,153.74945068359375
two_concepts,res4_w16_gmp,6067,raw_logit_input_effect_mpp,124.1796875
two_concepts,res4_w16_gmp,6068,raw_logit_input_effect_mpp,134.69676208496094
two_concepts,res4_w16_gmp,6069,raw_logit_input_effect_mpp,178.55593872070312
two_concepts,res4_w16_gmp,6070,raw_logit_input_effect_mpp,105.10566711425781
two_concepts,res4_w16_gmp,6071,raw_logit_input_effect_mpp,144.88815307617188
two_concepts,res4_w16_gmp,6072,raw_logit_input_effect_mpp,164.03651428222656
two_concepts,res4_w16_gmp,6073,raw_logit_input_effect_mpp,240.96827697753906
two_concepts,res4_w16_gmp,6074,raw_logit_input_effect_mpp,97.7073974609375
two_concepts,res4_w16_gmp,6075,raw_logit_input_effect_mpp,102.79110717773438
two_concepts,res4_w16_gmp,6076,raw_logit_input_effect_mpp,120.96043395996094
two_concepts,res4_w16_gmp,6077,raw_logit_input_effect_mpp,106.21481323242188
two_concepts,res4_w16_gmp,6078,raw_logit_input_effect_mpp,127.14015197753906
two_concepts,res4_w16_gmp,6079,raw_logit_input_effect_mpp,261.57763671875
two_concepts,res4_w16_gmp,6080,raw_logit_input_effect_mpp,104.24435424804688
two_concepts,res4_w16_gmp,6081,raw_logit_input_effect_mpp,69.0457763671875
two_concepts,res4_w16_gmp,6082,raw_logit_input_effect_mpp,147.49317932128906
two_concepts,res4_w16_gmp,6083,raw_logit_input_effect_mpp,154.6680908203125
two_concepts,res4_w16_gmp,6084,raw_logit_input_effect_mpp,156.10704040527344
two_concepts,res4_w16_gmp,6085,raw_logit_input_effect_mpp,160.24032592773438
two_concepts,res4_w16_gmp,6086,raw_logit_input_effect_mpp,98.06959533691406
two_concepts,res4_w16_gmp,6087,raw_logit_input_effect_mpp,112.67788696289062
two_concepts,res4_w16_gmp,6088,raw_logit_input_effect_mpp,106.27598571777344
two_concepts,res4_w16_gmp,6089,raw_logit_input_effect_mpp,182.64686584472656
two_concepts,res4_w16_gmp,6090,raw_logit_input_effect_mpp,156.36827087402344
two_concepts,res4_w16_gmp,6091,raw_logit_input_effect_mpp,140.97817993164062
two_concepts,res4_w16_gmp,6092,raw_logit_input_effect_mpp,118.48558044433594
two_concepts,res4_w16_gmp,6093,raw_logit_input_effect_mpp,144.38980102539062
two_concepts,res4_w16_gmp,6094,raw_logit_input_effect_mpp,101.80088806152344
two_concepts,res4_w16_gmp,6095,raw_logit_input_effect_mpp,125.24551391601562
two_concepts,res4_w16_gmp,6096,raw_logit_input_effect_mpp,146.8789520263672
two_concepts,res4_w16_gmp,6097,raw_logit_input_effect_mpp,197.68252563476562
two_concepts,res4_w16_gmp,6098,raw_logit_input_effect_mpp,104.57669067382812
two_concepts,res4_w16_gmp,6099,raw_logit_input_effect_mpp,120.15333557128906
two_concepts,tiny_gap,6000,raw_logit_input_effect_mpp,4.368807405233383
two_concepts,tiny_gap,6001,raw_logit_input_effect_mpp,4.973534256219864
two_concepts,tiny_gap,6002,raw_logit_input_effect_mpp,5.224636781960726
two_concepts,tiny_gap,6003,raw_logit_input_effect_mpp,5.111055217683315
two_concepts,tiny_gap,6004,raw_logit_input_effect_mpp,6.9154032208025455
two_concepts,tiny_gap,6005,raw_logit_input_effect_mpp,5.949691239744425
two_concepts,tiny_gap,6006,raw_logit_input_effect_mpp,4.123883005231619
two_concepts,tiny_gap,6007,raw_logit_input_effect_mpp,3.4989828132092953
two_concepts,tiny_gap,6008,raw_logit_input_effect_mpp,5.178260616958141
two_concepts,tiny_gap,6009,raw_logit_input_effect_mpp,6.962297048419714
two_concepts,tiny_gap,6010,raw_logit_input_effect_mpp,6.766581188887358
two_concepts,tiny_gap,6011,raw_logit_input_effect_mpp,6.232215955853462
two_concepts,tiny_gap,6012,raw_logit_input_effect_mpp,4.19816018640995
two_concepts,tiny_gap,6013,raw_logit_input_effect_mpp,3.485846307128668
two_concepts,tiny_gap,6014,raw_logit_input_effect_mpp,5.925834469497204
two_concepts,tiny_gap,6015,raw_logit_input_effect_mpp,6.365295968949795
two_concepts,tiny_gap,6016,raw_logit_input_effect_mpp,4.209952633827925
two_concepts,tiny_gap,6017,raw_logit_input_effect_mpp,1.9031309448182583
two_concepts,tiny_gap,6018,raw_logit_input_effect_mpp,7.130059823393822
two_concepts,tiny_gap,6019,raw_logit_input_effect_mpp,3.251709673553705
two_concepts,tiny_gap,6020,raw_logit_input_effect_mpp,4.581180267035961
two_concepts,tiny_gap,6021,raw_logit_input_effect_mpp,4.90799717605114
two_concepts,tiny_gap,6022,raw_logit_input_effect_mpp,4.513430032879114
two_concepts,tiny_gap,6023,raw_logit_input_effect_mpp,6.607651304453611
two_concepts,tiny_gap,6024,raw_logit_input_effect_mpp,6.066434256732464
two_concepts,tiny_gap,6025,raw_logit_input_effect_mpp,6.325592055916786
two_concepts,tiny_gap,6026,raw_logit_input_effect_mpp,6.878934346139431
two_concepts,tiny_gap,6027,raw_logit_input_effect_mpp,4.384829428046942
two_concepts,tiny_gap,6028,raw_logit_input_effect_mpp,7.2166671715676785
two_concepts,tiny_gap,6029,raw_logit_input_effect_mpp,8.878658801317215
two_concepts,tiny_gap,6030,raw_logit_input_effect_mpp,3.4249361269176006
two_concepts,tiny_gap,6031,raw_logit_input_effect_mpp,3.701800614595413
two_concepts,tiny_gap,6032,raw_logit_input_effect_mpp,6.334367118775845
two_concepts,tiny_gap,6033,raw_logit_input_effect_mpp,5.418855864554644
two_concepts,tiny_gap,6034,raw_logit_input_effect_mpp,6.03775304928422
two_concepts,tiny_gap,6035,raw_logit_input_effect_mpp,4.072562787681818
two_concepts,tiny_gap,6036,raw_logit_input_effect_mpp,4.504335477948189
two_concepts,tiny_gap,6037,raw_logit_input_effect_mpp,5.965031705796719
two_concepts,tiny_gap,6038,raw_logit_input_effect_mpp,5.065610997378826
two_concepts,tiny_gap,6039,raw_logit_input_effect_mpp,5.852736599743366
two_concepts,tiny_gap,6040,raw_logit_input_effect_mpp,7.574889801442623
two_concepts,tiny_gap,6041,raw_logit_input_effect_mpp,6.519579939544201
two_concepts,tiny_gap,6042,raw_logit_input_effect_mpp,4.843696542084217
two_concepts,tiny_gap,6043,raw_logit_input_effect_mpp,7.970152620226145
two_concepts,tiny_gap,6044,raw_logit_input_effect_mpp,4.575247973203659
two_concepts,tiny_gap,6045,raw_logit_input_effect_mpp,5.402334362268448
two_concepts,tiny_gap,6046,raw_logit_input_effect_mpp,5.735534571111202
two_concepts,tiny_gap,6047,raw_logit_input_effect_mpp,8.815638948231936
two_concepts,tiny_gap,6048,raw_logit_input_effect_mpp,5.021801762282848
two_concepts,tiny_gap,6049,raw_logit_input_effect_mpp,4.551350396126509
two_concepts,tiny_gap,6050,raw_logit_input_effect_mpp,7.926463797688484
two_concepts,tiny_gap,6051,raw_logit_input_effect_mpp,6.837465699762106
two_concepts,tiny_gap,6052,raw_logit_input_effect_mpp,3.2012836188077927
two_concepts,tiny_gap,6053,raw_logit_input_effect_mpp,3.1130263432860374
two_concepts,tiny_gap,6054,raw_logit_input_effect_mpp,4.002783142030239
two_concepts,tiny_gap,6055,raw_logit_input_effect_mpp,5.471386391669512
two_concepts,tiny_gap,6056,raw_logit_input_effect_mpp,4.212104305624962
two_concepts,tiny_gap,6057,raw_logit_input_effect_mpp,5.259823888540268
two_concepts,tiny_gap,6058,raw_logit_input_effect_mpp,3.5768884979188442
two_concepts,tiny_gap,6059,raw_logit_input_effect_mpp,5.328898001462221
two_concepts,tiny_gap,6060,raw_logit_input_effect_mpp,5.643602505326271
two_concepts,tiny_gap,6061,raw_logit_input_effect_mpp,6.2903508469462395
two_concepts,tiny_gap,6062,raw_logit_input_effect_mpp,5.729167550802231
two_concepts,tiny_gap,6063,raw_logit_input_effect_mpp,6.362631026655436
two_concepts,tiny_gap,6064,raw_logit_input_effect_mpp,2.910053499042988
two_concepts,tiny_gap,6065,raw_logit_input_effect_mpp,5.4603290148079395
two_concepts,tiny_gap,6066,raw_logit_input_effect_mpp,5.944403026252985
two_concepts,tiny_gap,6067,raw_logit_input_effect_mpp,3.541658468544483
two_concepts,tiny_gap,6068,raw_logit_input_effect_mpp,4.205318082123995
two_concepts,tiny_gap,6069,raw_logit_input_effect_mpp,5.009885836392641
two_concepts,tiny_gap,6070,raw_logit_input_effect_mpp,5.699076171964407
two_concepts,tiny_gap,6071,raw_logit_input_effect_mpp,4.121094483882189
two_concepts,tiny_gap,6072,raw_logit_input_effect_mpp,6.89473844692111
two_concepts,tiny_gap,6073,raw_logit_input_effect_mpp,7.732204642146826
two_concepts,tiny_gap,6074,raw_logit_input_effect_mpp,3.5226659812033176
two_concepts,tiny_gap,6075,raw_logit_input_effect_mpp,5.827233728021383
two_concepts,tiny_gap,6076,raw_logit_input_effect_mpp,6.752770118415356
two_concepts,tiny_gap,6077,raw_logit_input_effect_mpp,8.63772403076291
two_concepts,tiny_gap,6078,raw_logit_input_effect_mpp,4.729940831661224
two_concepts,tiny_gap,6079,raw_logit_input_effect_mpp,4.220676861703396
two_concepts,tiny_gap,6080,raw_logit_input_effect_mpp,3.238863594830036
two_concepts,tiny_gap,6081,raw_logit_input_effect_mpp,4.685805983841419
two_concepts,tiny_gap,6082,raw_logit_input_effect_mpp,7.116647105664015
two_concepts,tiny_gap,6083,raw_logit_input_effect_mpp,5.34260543808341
two_concepts,tiny_gap,6084,raw_logit_input_effect_mpp,4.139513801783323
two_concepts,tiny_gap,6085,raw_logit_input_effect_mpp,6.147306963801384
two_concepts,tiny_gap,6086,raw_logit_input_effect_mpp,5.596011832356453
two_concepts,tiny_gap,6087,raw_logit_input_effect_mpp,5.454673830419779
two_concepts,tiny_gap,6088,raw_logit_input_effect_mpp,6.50439203903079
two_concepts,tiny_gap,6089,raw_logit_input_effect_mpp,8.020231816917658
two_concepts,tiny_gap,6090,raw_logit_input_effect_mpp,5.162081327289343
two_concepts,tiny_gap,6091,raw_logit_input_effect_mpp,5.724113542586565
two_concepts,tiny_gap,6092,raw_logit_input_effect_mpp,6.034693993628025
two_concepts,tiny_gap,6093,raw_logit_input_effect_mpp,3.2736982256174088
two_concepts,tiny_gap,6094,raw_logit_input_effect_mpp,5.944100759923458
two_concepts,tiny_gap,6095,raw_logit_input_effect_mpp,5.1720547415316105
two_concepts,tiny_gap,6096,raw_logit_input_effect_mpp,4.506372459232807
two_concepts,tiny_gap,6097,raw_logit_input_effect_mpp,5.1653938218951225
two_concepts,tiny_gap,6098,raw_logit_input_effect_mpp,5.906441438943148
two_concepts,tiny_gap,6099,raw_logit_input_effect_mpp,3.7735810801386833
two_concepts,tiny_gmp,6000,raw_logit_input_effect_mpp,141.6183362007141
two_concepts,tiny_gmp,6001,raw_logit_input_effect_mpp,134.62169551849365
two_concepts,tiny_gmp,6002,raw_logit_input_effect_mpp,126.80967950820923
two_concepts,tiny_gmp,6003,raw_logit_input_effect_mpp,119.42993974685669
two_concepts,tiny_gmp,6004,raw_logit_input_effect_mpp,126.921058177948
two_concepts,tiny_gmp,6005,raw_logit_input_effect_mpp,130.12365531921387
two_concepts,tiny_gmp,6006,raw_logit_input_effect_mpp,125.13082790374756
two_concepts,tiny_gmp,6007,raw_logit_input_effect_mpp,138.42461395263672
two_concepts,tiny_gmp,6008,raw_logit_input_effect_mpp,119.37583208084106
two_concepts,tiny_gmp,6009,raw_logit_input_effect_mpp,118.89647102355957
two_concepts,tiny_gmp,6010,raw_logit_input_effect_mpp,136.59680080413818
two_concepts,tiny_gmp,6011,raw_logit_input_effect_mpp,125.0515308380127
two_concepts,tiny_gmp,6012,raw_logit_input_effect_mpp,133.1073021888733
two_concepts,tiny_gmp,6013,raw_logit_input_effect_mpp,129.117938041687
two_concepts,tiny_gmp,6014,raw_logit_input_effect_mpp,147.934889793396
two_concepts,tiny_gmp,6015,raw_logit_input_effect_mpp,118.6358289718628
two_concepts,tiny_gmp,6016,raw_logit_input_effect_mpp,130.40229606628418
two_concepts,tiny_gmp,6017,raw_logit_input_effect_mpp,137.28482580184937
two_concepts,tiny_gmp,6018,raw_logit_input_effect_mpp,136.2037353515625
two_concepts,tiny_gmp,6019,raw_logit_input_effect_mpp,136.09479475021362
two_concepts,tiny_gmp,6020,raw_logit_input_effect_mpp,130.57837200164795
two_concepts,tiny_gmp,6021,raw_logit_input_effect_mpp,121.94734191894531
two_concepts,tiny_gmp,6022,raw_logit_input_effect_mpp,127.57646894454956
two_concepts,tiny_gmp,6023,raw_logit_input_effect_mpp,124.22840929031372
two_concepts,tiny_gmp,6024,raw_logit_input_effect_mpp,121.28919219970703
two_concepts,tiny_gmp,6025,raw_logit_input_effect_mpp,124.45223093032837
two_concepts,tiny_gmp,6026,raw_logit_input_effect_mpp,131.0608468055725
two_concepts,tiny_gmp,6027,raw_logit_input_effect_mpp,134.65497016906738
two_concepts,tiny_gmp,6028,raw_logit_input_effect_mpp,147.43433141708374
two_concepts,tiny_gmp,6029,raw_logit_input_effect_mpp,126.50900268554688
two_concepts,tiny_gmp,6030,raw_logit_input_effect_mpp,112.58100128173828
two_concepts,tiny_gmp,6031,raw_logit_input_effect_mpp,111.9081654548645
two_concepts,tiny_gmp,6032,raw_logit_input_effect_mpp,133.55326080322266
two_concepts,tiny_gmp,6033,raw_logit_input_effect_mpp,119.22504186630249
two_concepts,tiny_gmp,6034,raw_logit_input_effect_mpp,128.12709712982178
two_concepts,tiny_gmp,6035,raw_logit_input_effect_mpp,123.23008394241333
two_concepts,tiny_gmp,6036,raw_logit_input_effect_mpp,108.77976655960083
two_concepts,tiny_gmp,6037,raw_logit_input_effect_mpp,121.67314195632935
two_concepts,tiny_gmp,6038,raw_logit_input_effect_mpp,149.54676294326782
two_concepts,tiny_gmp,6039,raw_logit_input_effect_mpp,127.01089572906494
two_concepts,tiny_gmp,6040,raw_logit_input_effect_mpp,137.84342288970947
two_concepts,tiny_gmp,6041,raw_logit_input_effect_mpp,117.1404881477356
two_concepts,tiny_gmp,6042,raw_logit_input_effect_mpp,121.98627281188965
two_concepts,tiny_gmp,6043,raw_logit_input_effect_mpp,124.45293712615967
two_concepts,tiny_gmp,6044,raw_logit_input_effect_mpp,137.1690559387207
two_concepts,tiny_gmp,6045,raw_logit_input_effect_mpp,121.33046770095825
two_concepts,tiny_gmp,6046,raw_logit_input_effect_mpp,132.55721426010132
two_concepts,tiny_gmp,6047,raw_logit_input_effect_mpp,132.232515335083
two_concepts,tiny_gmp,6048,raw_logit_input_effect_mpp,133.05867052078247
two_concepts,tiny_gmp,6049,raw_logit_input_effect_mpp,151.09772205352783
two_concepts,tiny_gmp,6050,raw_logit_input_effect_mpp,132.09676790237427
two_concepts,tiny_gmp,6051,raw_logit_input_effect_mpp,129.476628780365
two_concepts,tiny_gmp,6052,raw_logit_input_effect_mpp,131.0233039855957
two_concepts,tiny_gmp,6053,raw_logit_input_effect_mpp,122.34578847885132
two_concepts,tiny_gmp,6054,raw_logit_input_effect_mpp,141.43799448013306
two_concepts,tiny_gmp,6055,raw_logit_input_effect_mpp,131.19145011901855
two_concepts,tiny_gmp,6056,raw_logit_input_effect_mpp,119.58909606933594
two_concepts,tiny_gmp,6057,raw_logit_input_effect_mpp,115.48372173309326
two_concepts,tiny_gmp,6058,raw_logit_input_effect_mpp,113.73185157775879
two_concepts,tiny_gmp,6059,raw_logit_input_effect_mpp,121.83856678009033
two_concepts,tiny_gmp,6060,raw_logit_input_effect_mpp,124.0035629272461
two_concepts,tiny_gmp,6061,raw_logit_input_effect_mpp,115.28301429748535
two_concepts,tiny_gmp,6062,raw_logit_input_effect_mpp,111.85690116882324
two_concepts,tiny_gmp,6063,raw_logit_input_effect_mpp,126.19109678268433
two_concepts,tiny_gmp,6064,raw_logit_input_effect_mpp,129.94414281845093
two_concepts,tiny_gmp,6065,raw_logit_input_effect_mpp,116.93292188644409
two_concepts,tiny_gmp,6066,raw_logit_input_effect_mpp,128.87589645385742
two_concepts,tiny_gmp,6067,raw_logit_input_effect_mpp,136.7578363418579
two_concepts,tiny_gmp,6068,raw_logit_input_effect_mpp,132.2576880455017
two_concepts,tiny_gmp,6069,raw_logit_input_effect_mpp,119.62802171707153
two_concepts,tiny_gmp,6070,raw_logit_input_effect_mpp,123.0745759010315
two_concepts,tiny_gmp,6071,raw_logit_input_effect_mpp,132.11392736434937
two_concepts,tiny_gmp,6072,raw_logit_input_effect_mpp,152.31821250915527
two_concepts,tiny_gmp,6073,raw_logit_input_effect_mpp,116.60769844055176
two_concepts,tiny_gmp,6074,raw_logit_input_effect_mpp,116.51672983169556
two_concepts,tiny_gmp,6075,raw_logit_input_effect_mpp,143.286847114563
two_concepts,tiny_gmp,6076,raw_logit_input_effect_mpp,133.3173680305481
two_concepts,tiny_gmp,6077,raw_logit_input_effect_mpp,122.95770931243896
two_concepts,tiny_gmp,6078,raw_logit_input_effect_mpp,146.47242259979248
two_concepts,tiny_gmp,6079,raw_logit_input_effect_mpp,119.68276071548462
two_concepts,tiny_gmp,6080,raw_logit_input_effect_mpp,122.1215443611145
two_concepts,tiny_gmp,6081,raw_logit_input_effect_mpp,123.61570405960083
two_concepts,tiny_gmp,6082,raw_logit_input_effect_mpp,132.51683616638184
two_concepts,tiny_gmp,6083,raw_logit_input_effect_mpp,120.34136438369751
two_concepts,tiny_gmp,6084,raw_logit_input_effect_mpp,122.19438028335571
two_concepts,tiny_gmp,6085,raw_logit_input_effect_mpp,120.18594312667847
two_concepts,tiny_gmp,6086,raw_logit_input_effect_mpp,133.6954789161682
two_concepts,tiny_gmp,6087,raw_logit_input_effect_mpp,110.7377233505249
two_concepts,tiny_gmp,6088,raw_logit_input_effect_mpp,125.08563041687012
two_concepts,tiny_gmp,6089,raw_logit_input_effect_mpp,147.39393138885498
two_concepts,tiny_gmp,6090,raw_logit_input_effect_mpp,115.6488995552063
two_concepts,tiny_gmp,6091,raw_logit_input_effect_mpp,141.2649598121643
two_concepts,tiny_gmp,6092,raw_logit_input_effect_mpp,130.71280765533447
two_concepts,tiny_gmp,6093,raw_logit_input_effect_mpp,134.0921130180359
two_concepts,tiny_gmp,6094,raw_logit_input_effect_mpp,125.91262292861938
two_concepts,tiny_gmp,6095,raw_logit_input_effect_mpp,127.85847616195679
two_concepts,tiny_gmp,6096,raw_logit_input_effect_mpp,129.98773431777954
two_concepts,tiny_gmp,6097,raw_logit_input_effect_mpp,127.80192995071411
two_concepts,tiny_gmp,6098,raw_logit_input_effect_mpp,112.52096271514893
two_concepts,tiny_gmp,6099,raw_logit_input_effect_mpp,124.35122203826904
