task,architecture,anchor_family,treatment,k,quantity,n,mean,ci_low,ci_high
single_shape,plain2_w16_gap,pixel_permuted_template,release_default,0,observed_centered_logit_fidelity,100,0.0,0.0,0.0
single_shape,plain2_w16_gap,pixel_permuted_template,release_default,0,additive_centered_logit_fidelity,100,0.0,0.0,0.0
single_shape,plain2_w16_gap,pixel_permuted_template,release_default,0,observed_prob_error_reduction,100,0.0,0.0,0.0
single_shape,plain2_w16_gap,pixel_permuted_template,release_default,0,additive_prob_error_reduction,100,0.0,0.0,0.0
single_shape,plain2_w16_gap,pixel_permuted_template,release_default,0,centered_residual_energy_ratio,100,0.0,0.0,0.0
single_shape,plain2_w16_gap,pixel_permuted_template,release_default,0,centered_residual_norm_mpp,100,0.0,0.0,0.0
single_shape,plain2_w16_gap,pixel_permuted_template,release_default,0,cancellation_mean,0,,,
single_shape,plain2_w16_gap,pixel_permuted_template,release_default,0,g_individual_sum_mpp,100,0.0,0.0,0.0
single_shape,plain2_w16_gap,pixel_permuted_template,release_default,0,g_cross_term_mpp,100,0.0,0.0,0.0
single_shape,plain2_w16_gap,pixel_permuted_template,release_default,0,g_nonadditive_correction_mpp,100,0.0,0.0,0.0
single_shape,plain2_w16_gap,pixel_permuted_template,release_default,1,observed_centered_logit_fidelity,100,0.16080151758339523,0.1544165716031814,0.16728484364346502
single_shape,plain2_w16_gap,pixel_permuted_template,release_default,1,additive_centered_logit_fidelity,100,0.16080151758339523,0.15436711182520543,0.1673112263799347
single_shape,plain2_w16_gap,pixel_permuted_template,release_default,1,observed_prob_error_reduction,100,0.11572187241594556,0.11013727764563429,0.12156399840266216
single_shape,plain2_w16_gap,pixel_permuted_template,release_default,1,additive_prob_error_reduction,100,0.11572187241594556,0.11006431312194125,0.12160252595778298
single_shape,plain2_w16_gap,pixel_permuted_template,release_default,1,centered_residual_energy_ratio,100,0.0,0.0,0.0
single_shape,plain2_w16_gap,pixel_permuted_template,release_default,1,centered_residual_norm_mpp,100,0.0,0.0,0.0
single_shape,plain2_w16_gap,pixel_permuted_template,release_default,1,cancellation_mean,100,0.0,0.0,0.0
single_shape,plain2_w16_gap,pixel_permuted_template,release_default,1,g_individual_sum_mpp,100,120.19809147342002,114.76157051843278,125.949604829694
single_shape,plain2_w16_gap,pixel_permuted_template,release_default,1,g_cross_term_mpp,100,0.0,0.0,0.0
single_shape,plain2_w16_gap,pixel_permuted_template,release_default,1,g_nonadditive_correction_mpp,100,0.0,0.0,0.0
single_shape,plain2_w16_gap,pixel_permuted_template,release_default,2,observed_centered_logit_fidelity,100,0.3090058067777451,0.3006436182194028,0.3171930050192434
single_shape,plain2_w16_gap,pixel_permuted_template,release_default,2,additive_centered_logit_fidelity,100,0.30527242322730347,0.2966547926519218,0.31377272640163195
single_shape,plain2_w16_gap,pixel_permuted_template,release_default,2,observed_prob_error_reduction,100,0.2754441398326708,0.26609872251274086,0.2848497003310268
single_shape,plain2_w16_gap,pixel_permuted_template,release_default,2,additive_prob_error_reduction,100,0.2761179252405165,0.2666239584473229,0.28549010512875
single_shape,plain2_w16_gap,pixel_permuted_template,release_default,2,centered_residual_energy_ratio,100,0.0003049572441826473,0.0002578593286054881,0.00036399532713281193
single_shape,plain2_w16_gap,pixel_permuted_template,release_default,2,centered_residual_norm_mpp,100,0.26869047349958775,0.25483269746277293,0.2831534056580947
single_shape,plain2_w16_gap,pixel_permuted_template,release_default,2,cancellation_mean,100,0.11296875455657415,0.10665095318868185,0.11952390865418352
single_shape,plain2_w16_gap,pixel_permuted_template,release_default,2,g_individual_sum_mpp,100,253.81501029016857,244.17155952885977,263.6955082446409
single_shape,plain2_w16_gap,pixel_permuted_template,release_default,2,g_cross_term_mpp,100,-23.4450665147788,-24.857219604558203,-22.07533512897435
single_shape,plain2_w16_gap,pixel_permuted_template,release_default,2,g_nonadditive_correction_mpp,100,2.9944827540639483,2.3013340288229482,3.6916819521291924
single_shape,plain2_w16_gap,pixel_permuted_template,release_default,3,observed_centered_logit_fidelity,100,0.4330333917783936,0.4235972002013239,0.44224173407912765
single_shape,plain2_w16_gap,pixel_permuted_template,release_default,3,additive_centered_logit_fidelity,100,0.4293645448365117,0.4197405515749511,0.4389963502305148
single_shape,plain2_w16_gap,pixel_permuted_template,release_default,3,observed_prob_error_reduction,100,0.4480044284463933,0.43465608658714816,0.46179865366605605
single_shape,plain2_w16_gap,pixel_permuted_template,release_default,3,additive_prob_error_reduction,100,0.4529712126387764,0.4394833882543377,0.46640258296767695
single_shape,plain2_w16_gap,pixel_permuted_template,release_default,3,centered_residual_energy_ratio,100,0.0010262915771167757,0.0008829118799362489,0.0012058692004251657
single_shape,plain2_w16_gap,pixel_permuted_template,release_default,3,centered_residual_norm_mpp,100,0.5449719483885027,0.5139303680153342,0.5764068347332457
single_shape,plain2_w16_gap,pixel_permuted_template,release_default,3,cancellation_mean,100,0.17523141631269656,0.16762621199323283,0.1826852232686163
single_shape,plain2_w16_gap,pixel_permuted_template,release_default,3,g_individual_sum_mpp,100,393.4568863524848,379.9690444160221,407.01474439197045
single_shape,plain2_w16_gap,pixel_permuted_template,release_default,3,g_cross_term_mpp,100,-67.03261191720686,-70.69845740784123,-63.42738291731472
single_shape,plain2_w16_gap,pixel_permuted_template,release_default,3,g_nonadditive_correction_mpp,100,3.198226958310187,2.0943455705586778,4.2956356724620886
single_shape,plain2_w16_gap,pixel_permuted_template,release_default,4,observed_centered_logit_fidelity,100,0.5385539017323441,0.528728165792478,0.5481235917171123
single_shape,plain2_w16_gap,pixel_permuted_template,release_default,4,additive_centered_logit_fidelity,100,0.5369195955124154,0.526474766737424,0.5472806481363833
single_shape,plain2_w16_gap,pixel_permuted_template,release_default,4,observed_prob_error_reduction,100,0.6512908773495605,0.6356290116256864,0.6668032559132081
single_shape,plain2_w16_gap,pixel_permuted_template,release_default,4,additive_prob_error_reduction,100,0.6587386682685387,0.6437342299127599,0.6740923033529636
single_shape,plain2_w16_gap,pixel_permuted_template,release_default,4,centered_residual_energy_ratio,100,0.002204833449842505,0.001911497185106301,0.002524149502815684
single_shape,plain2_w16_gap,pixel_permuted_template,release_default,4,centered_residual_norm_mpp,100,0.8317048016679304,0.7808301924099537,0.8877361675733443
single_shape,plain2_w16_gap,pixel_permuted_template,release_default,4,cancellation_mean,100,0.21001990931158532,0.2033770402483477,0.21699604504849104
single_shape,plain2_w16_gap,pixel_permuted_template,release_default,4,g_individual_sum_mpp,100,540.5237583074676,522.6590418635335,558.7944174875018
single_shape,plain2_w16_gap,pixel_permuted_template,release_default,4,g_cross_term_mpp,100,-130.39231921897468,-137.27692496131456,-123.75592924902621
single_shape,plain2_w16_gap,pixel_permuted_template,release_default,4,g_nonadditive_correction_mpp,100,1.8450980787404005,0.4132193315583215,3.331781004010592
single_shape,plain2_w16_gap,pixel_permuted_template,release_default,5,observed_centered_logit_fidelity,100,0.6193322646049877,0.6100590353015007,0.628592528397635
single_shape,plain2_w16_gap,pixel_permuted_template,release_default,5,additive_centered_logit_fidelity,100,0.6233396872632732,0.6136043026051801,0.6329582450011975
single_shape,plain2_w16_gap,pixel_permuted_template,release_default,5,observed_prob_error_reduction,100,0.8468794927963488,0.8320563270910407,0.8620580789065764
single_shape,plain2_w16_gap,pixel_permuted_template,release_default,5,additive_prob_error_reduction,100,0.8540266085419119,0.8397345906934687,0.8689109105465139
single_shape,plain2_w16_gap,pixel_permuted_template,release_default,5,centered_residual_energy_ratio,100,0.004150958845374324,0.003628042614753663,0.004710125212169039
single_shape,plain2_w16_gap,pixel_permuted_template,release_default,5,centered_residual_norm_mpp,100,1.1647631622398396,1.0958907038587278,1.2349630115222192
single_shape,plain2_w16_gap,pixel_permuted_template,release_default,5,cancellation_mean,100,0.23356662258166658,0.22792771698606587,0.2392656340841813
single_shape,plain2_w16_gap,pixel_permuted_template,release_default,5,g_individual_sum_mpp,100,691.467916476285,669.6584900107752,712.6472483451726
single_shape,plain2_w16_gap,pixel_permuted_template,release_default,5,g_cross_term_mpp,100,-211.8466070034089,-221.42892573383756,-202.8206474628056
single_shape,plain2_w16_gap,pixel_permuted_template,release_default,5,g_nonadditive_correction_mpp,100,-2.4856355133887873,-4.062996598331409,-0.8812568772616877
single_shape,plain2_w16_gap,pixel_permuted_template,release_default,6,observed_centered_logit_fidelity,100,0.6776401052296639,0.6691468851672863,0.6861598523242077
single_shape,plain2_w16_gap,pixel_permuted_template,release_default,6,additive_centered_logit_fidelity,100,0.6872404353118882,0.6786006043828972,0.6960478943931931
single_shape,plain2_w16_gap,pixel_permuted_template,release_default,6,observed_prob_error_reduction,100,1.0257154644232542,1.011872505726799,1.039719703018924
single_shape,plain2_w16_gap,pixel_permuted_template,release_default,6,additive_prob_error_reduction,100,1.0315930807047158,1.0173276960786994,1.0458274782873753
single_shape,plain2_w16_gap,pixel_permuted_template,release_default,6,centered_residual_energy_ratio,100,0.006557529425903592,0.005736375436053084,0.007460046612637811
single_shape,plain2_w16_gap,pixel_permuted_template,release_default,6,centered_residual_norm_mpp,100,1.4760900712302263,1.394078888077324,1.5605840732816374
single_shape,plain2_w16_gap,pixel_permuted_template,release_default,6,cancellation_mean,100,0.2521904587068867,0.24653304960021394,0.25782885426521646
single_shape,plain2_w16_gap,pixel_permuted_template,release_default,6,g_individual_sum_mpp,100,837.4159497231296,811.1924826225356,863.2366639846405
single_shape,plain2_w16_gap,pixel_permuted_template,release_default,6,g_cross_term_mpp,100,-305.3900027351846,-318.0485799696135,-292.57158650740246
single_shape,plain2_w16_gap,pixel_permuted_template,release_default,6,g_nonadditive_correction_mpp,100,-7.081111292495783,-8.707336575470924,-5.4649446874195
single_shape,plain2_w16_gap,pixel_permuted_template,release_default,7,observed_centered_logit_fidelity,100,0.7199229760996572,0.7122886542378987,0.7275495766635123
single_shape,plain2_w16_gap,pixel_permuted_template,release_default,7,additive_centered_logit_fidelity,100,0.7333078924851822,0.7254043681459641,0.7413029633297709
single_shape,plain2_w16_gap,pixel_permuted_template,release_default,7,observed_prob_error_reduction,100,1.1774921735616821,1.1640828238328156,1.190877075734434
single_shape,plain2_w16_gap,pixel_permuted_template,release_default,7,additive_prob_error_reduction,100,1.1850670312755758,1.1704178092941537,1.1993990850266252
single_shape,plain2_w16_gap,pixel_permuted_template,release_default,7,centered_residual_energy_ratio,100,0.009431348933698484,0.008247222899389707,0.010671031322496829
single_shape,plain2_w16_gap,pixel_permuted_template,release_default,7,centered_residual_norm_mpp,100,1.789364586236887,1.6858262667678123,1.894700926948669
single_shape,plain2_w16_gap,pixel_permuted_template,release_default,7,cancellation_mean,100,0.26800407023663436,0.26307062660982944,0.27298041464608797
single_shape,plain2_w16_gap,pixel_permuted_template,release_default,7,g_individual_sum_mpp,100,968.575783944762,939.3294041567007,996.4500982760118
single_shape,plain2_w16_gap,pixel_permuted_template,release_default,7,g_cross_term_mpp,100,-399.73390370272244,-414.84037112012453,-384.90656480847866
single_shape,plain2_w16_gap,pixel_permuted_template,release_default,7,g_nonadditive_correction_mpp,100,-10.629596586681762,-12.502132115540935,-8.766829530980258
single_shape,plain2_w16_gap,pixel_permuted_template,release_default,8,observed_centered_logit_fidelity,100,0.7526946282821926,0.7440915238686491,0.7614671708937256
single_shape,plain2_w16_gap,pixel_permuted_template,release_default,8,additive_centered_logit_fidelity,100,0.767410995427563,0.7591551716024454,0.7754995247160339
single_shape,plain2_w16_gap,pixel_permuted_template,release_default,8,observed_prob_error_reduction,100,1.3173980171805468,1.3029249003410182,1.3317788585011063
single_shape,plain2_w16_gap,pixel_permuted_template,release_default,8,additive_prob_error_reduction,100,1.3207673664925665,1.3050658605790744,1.3359496754150848
single_shape,plain2_w16_gap,pixel_permuted_template,release_default,8,centered_residual_energy_ratio,100,0.013227780105738572,0.011551489378864363,0.01504555954986108
single_shape,plain2_w16_gap,pixel_permuted_template,release_default,8,centered_residual_norm_mpp,100,2.1367420178637646,2.0162637804459314,2.262368392217285
single_shape,plain2_w16_gap,pixel_permuted_template,release_default,8,cancellation_mean,100,0.2785246853086241,0.2731922195363235,0.2838046139188651
single_shape,plain2_w16_gap,pixel_permuted_template,release_default,8,g_individual_sum_mpp,100,1096.0837282240502,1062.3668094434422,1128.4699731320848
single_shape,plain2_w16_gap,pixel_permuted_template,release_default,8,g_cross_term_mpp,100,-499.8526566497539,-518.8800378986576,-480.69724506960716
single_shape,plain2_w16_gap,pixel_permuted_template,release_default,8,g_nonadditive_correction_mpp,100,-12.57486015427356,-15.257474882043145,-10.040537554616803
single_shape,plain2_w16_gap,pixel_permuted_template,release_default,9,observed_centered_logit_fidelity,100,0.7789580526320043,0.7696971210411382,0.7876326123964864
single_shape,plain2_w16_gap,pixel_permuted_template,release_default,9,additive_centered_logit_fidelity,100,0.7883936748849791,0.779568871312414,0.7969647968635808
single_shape,plain2_w16_gap,pixel_permuted_template,release_default,9,observed_prob_error_reduction,100,1.4240988185544552,1.4090997625635369,1.438774511546614
single_shape,plain2_w16_gap,pixel_permuted_template,release_default,9,additive_prob_error_reduction,100,1.420541383254454,1.405509810823746,1.4355903574912585
single_shape,plain2_w16_gap,pixel_permuted_template,release_default,9,centered_residual_energy_ratio,100,0.016979125396864612,0.014979004383659577,0.01924504089639495
single_shape,plain2_w16_gap,pixel_permuted_template,release_default,9,centered_residual_norm_mpp,100,2.4603130036393477,2.331153818899606,2.594919007175408
single_shape,plain2_w16_gap,pixel_permuted_template,release_default,9,cancellation_mean,100,0.2911399387490551,0.2847381211927211,0.2977932679773477
single_shape,plain2_w16_gap,pixel_permuted_template,release_default,9,g_individual_sum_mpp,100,1199.8363706963328,1162.6279156946696,1236.284785710631
single_shape,plain2_w16_gap,pixel_permuted_template,release_default,9,g_cross_term_mpp,100,-586.9759651428462,-610.1472760683724,-563.7637565012075
single_shape,plain2_w16_gap,pixel_permuted_template,release_default,9,g_nonadditive_correction_mpp,100,-9.263266053587673,-12.738771807505886,-6.090667924337983
single_shape,plain2_w16_gap,pixel_permuted_template,release_default,10,observed_centered_logit_fidelity,100,0.8162510233660154,0.806877793613807,0.8252295419125555
single_shape,plain2_w16_gap,pixel_permuted_template,release_default,10,additive_centered_logit_fidelity,100,0.8141727134255283,0.8057453925611774,0.8224819330803587
single_shape,plain2_w16_gap,pixel_permuted_template,release_default,10,observed_prob_error_reduction,100,1.52196869752922,1.5075689159921208,1.5366397054924725
single_shape,plain2_w16_gap,pixel_permuted_template,release_default,10,additive_prob_error_reduction,100,1.5026369627767635,1.4866019060350402,1.518572940905168
single_shape,plain2_w16_gap,pixel_permuted_template,release_default,10,centered_residual_energy_ratio,100,0.020312746038079074,0.018202301361510506,0.022567202001243472
single_shape,plain2_w16_gap,pixel_permuted_template,release_default,10,centered_residual_norm_mpp,100,2.7353467549580652,2.607425389759757,2.8648702104358494
single_shape,plain2_w16_gap,pixel_permuted_template,release_default,10,cancellation_mean,100,0.31103182016603076,0.3044562284348592,0.3176265273371057
single_shape,plain2_w16_gap,pixel_permuted_template,release_default,10,g_individual_sum_mpp,100,1271.4585939544957,1231.1878053355238,1311.0423369053065
single_shape,plain2_w16_gap,pixel_permuted_template,release_default,10,g_cross_term_mpp,100,-639.709754762891,-664.8575234024265,-614.3836473911151
single_shape,plain2_w16_gap,pixel_permuted_template,release_default,10,g_nonadditive_correction_mpp,100,-0.5459387628578881,-3.991302938317837,2.6865231519679713
single_shape,plain2_w16_gap,pixel_permuted_template,release_default,11,observed_centered_logit_fidelity,100,0.8596466044974531,0.8515721666943918,0.8671230631476083
single_shape,plain2_w16_gap,pixel_permuted_template,release_default,11,additive_centered_logit_fidelity,100,0.844675795280661,0.8372997984125593,0.8517247826588472
single_shape,plain2_w16_gap,pixel_permuted_template,release_default,11,observed_prob_error_reduction,100,1.59601000253745,1.5824257610937764,1.6096184618922504
single_shape,plain2_w16_gap,pixel_permuted_template,release_default,11,additive_prob_error_reduction,100,1.565665527372358,1.5507739644991976,1.5803696087945045
single_shape,plain2_w16_gap,pixel_permuted_template,release_default,11,centered_residual_energy_ratio,100,0.02340645772691406,0.021105298167720464,0.02589569339577547
single_shape,plain2_w16_gap,pixel_permuted_template,release_default,11,centered_residual_norm_mpp,100,2.984009189220281,2.858878815441518,3.111089075818676
single_shape,plain2_w16_gap,pixel_permuted_template,release_default,11,cancellation_mean,100,0.33341498705461775,0.32745016587004233,0.3394468118591559
single_shape,plain2_w16_gap,pixel_permuted_template,release_default,11,g_individual_sum_mpp,100,1319.6075347278904,1280.1817611577121,1359.2578223386845
single_shape,plain2_w16_gap,pixel_permuted_template,release_default,11,g_cross_term_mpp,100,-664.307809539875,-688.7841630681013,-639.0466420461175
single_shape,plain2_w16_gap,pixel_permuted_template,release_default,11,g_nonadditive_correction_mpp,100,9.843585364369398,6.696710888393592,12.906268493077102
single_shape,plain2_w16_gap,pixel_permuted_template,release_default,12,observed_centered_logit_fidelity,100,0.9015381882888949,0.89501029677911,0.9074731616412457
single_shape,plain2_w16_gap,pixel_permuted_template,release_default,12,additive_centered_logit_fidelity,100,0.8774967854359954,0.8710516362420456,0.8836740919003134
single_shape,plain2_w16_gap,pixel_permuted_template,release_default,12,observed_prob_error_reduction,100,1.6583622215657905,1.6449848835758514,1.6715708196156138
single_shape,plain2_w16_gap,pixel_permuted_template,release_default,12,additive_prob_error_reduction,100,1.6121035886834776,1.5978612071161198,1.6264001410772002
single_shape,plain2_w16_gap,pixel_permuted_template,release_default,12,centered_residual_energy_ratio,100,0.02468284875473361,0.022577710344160992,0.026990369818165764
single_shape,plain2_w16_gap,pixel_permuted_template,release_default,12,centered_residual_norm_mpp,100,3.1069474050779586,2.9968712628805982,3.221129038026089
single_shape,plain2_w16_gap,pixel_permuted_template,release_default,12,cancellation_mean,100,0.3587933377336047,0.35268972568949275,0.36495882865473206
single_shape,plain2_w16_gap,pixel_permuted_template,release_default,12,g_individual_sum_mpp,100,1343.1895172340287,1301.2844176681335,1385.1465331003456
single_shape,plain2_w16_gap,pixel_permuted_template,release_default,12,g_cross_term_mpp,100,-663.609981123275,-688.9899887236011,-639.0918840800607
single_shape,plain2_w16_gap,pixel_permuted_template,release_default,12,g_nonadditive_correction_mpp,100,17.334096880048243,14.356342525361448,20.001861960025934
single_shape,plain2_w16_gap,pixel_permuted_template,release_default,13,observed_centered_logit_fidelity,100,0.9391301062394851,0.9351324091757607,0.9428702205238573
single_shape,plain2_w16_gap,pixel_permuted_template,release_default,13,additive_centered_logit_fidelity,100,0.9118802429387357,0.9067057083308113,0.9168635633022242
single_shape,plain2_w16_gap,pixel_permuted_template,release_default,13,observed_prob_error_reduction,100,1.705280125205641,1.6933620347428682,1.716973140639709
single_shape,plain2_w16_gap,pixel_permuted_template,release_default,13,additive_prob_error_reduction,100,1.6528909990457405,1.639257027968734,1.666229302867576
single_shape,plain2_w16_gap,pixel_permuted_template,release_default,13,centered_residual_energy_ratio,100,0.0238906980604636,0.021995338233065466,0.025979999196608768
single_shape,plain2_w16_gap,pixel_permuted_template,release_default,13,centered_residual_norm_mpp,100,3.0870413387085027,2.9982704054885905,3.180493210529323
single_shape,plain2_w16_gap,pixel_permuted_template,release_default,13,cancellation_mean,100,0.38696878902057913,0.3807737966599719,0.39297859956368936
single_shape,plain2_w16_gap,pixel_permuted_template,release_default,13,g_individual_sum_mpp,100,1340.9063632654697,1299.5181265145857,1383.3224950274634
single_shape,plain2_w16_gap,pixel_permuted_template,release_default,13,g_cross_term_mpp,100,-635.6325123275238,-659.4112516183307,-611.455511343864
single_shape,plain2_w16_gap,pixel_permuted_template,release_default,13,g_nonadditive_correction_mpp,100,19.54989057961855,17.74908670317632,21.352224982215752
single_shape,plain2_w16_gap,pixel_permuted_template,release_default,14,observed_centered_logit_fidelity,100,0.9671031345643829,0.9649992302250636,0.9690394708228975
single_shape,plain2_w16_gap,pixel_permuted_template,release_default,14,additive_centered_logit_fidelity,100,0.9417524811183678,0.9376123808314893,0.9456409203809152
single_shape,plain2_w16_gap,pixel_permuted_template,release_default,14,observed_prob_error_reduction,100,1.7487250903777798,1.738193640098143,1.7589684763461186
single_shape,plain2_w16_gap,pixel_permuted_template,release_default,14,additive_prob_error_reduction,100,1.6902522120545707,1.6774143129472954,1.7023339114962441
single_shape,plain2_w16_gap,pixel_permuted_template,release_default,14,centered_residual_energy_ratio,100,0.02368001470144765,0.02114888269335338,0.02651998533449041
single_shape,plain2_w16_gap,pixel_permuted_template,release_default,14,centered_residual_norm_mpp,100,3.009254830501813,2.9042233264892277,3.1175809519543596
single_shape,plain2_w16_gap,pixel_permuted_template,release_default,14,cancellation_mean,100,0.4120935852523542,0.406412479709275,0.41763703502095484
single_shape,plain2_w16_gap,pixel_permuted_template,release_default,14,g_individual_sum_mpp,100,1332.4391972642075,1291.8939138000196,1373.325893742799
single_shape,plain2_w16_gap,pixel_permuted_template,release_default,14,g_cross_term_mpp,100,-604.4577283997568,-626.2040299782448,-582.501378422799
single_shape,plain2_w16_gap,pixel_permuted_template,release_default,14,g_nonadditive_correction_mpp,100,17.703262533887195,16.02722579581435,19.44022627320768
single_shape,plain2_w16_gap,pixel_permuted_template,release_default,15,observed_centered_logit_fidelity,100,0.9872555858857062,0.9864762434457031,0.987976714046256
single_shape,plain2_w16_gap,pixel_permuted_template,release_default,15,additive_centered_logit_fidelity,100,0.9626912308809783,0.9584630212986813,0.9663811603216854
single_shape,plain2_w16_gap,pixel_permuted_template,release_default,15,observed_prob_error_reduction,100,1.7959161043520149,1.787194730634975,1.8046778477363228
single_shape,plain2_w16_gap,pixel_permuted_template,release_default,15,additive_prob_error_reduction,100,1.7223486403717367,1.7098770253824687,1.7339206697473422
single_shape,plain2_w16_gap,pixel_permuted_template,release_default,15,centered_residual_energy_ratio,100,0.024145875035054883,0.02097063559695721,0.028027365256877493
single_shape,plain2_w16_gap,pixel_permuted_template,release_default,15,centered_residual_norm_mpp,100,2.907721961815924,2.788529985052327,3.0309251877884713
single_shape,plain2_w16_gap,pixel_permuted_template,release_default,15,cancellation_mean,100,0.43719580983773715,0.4322136692346886,0.4422320702016608
single_shape,plain2_w16_gap,pixel_permuted_template,release_default,15,g_individual_sum_mpp,100,1311.0155650586198,1271.1317836783733,1349.8718644838132
single_shape,plain2_w16_gap,pixel_permuted_template,release_default,15,g_cross_term_mpp,100,-566.9450107016565,-586.4472358477642,-547.5530060152497
single_shape,plain2_w16_gap,pixel_permuted_template,release_default,15,g_nonadditive_correction_mpp,100,16.202874397937993,14.45757226017134,18.182906021819644
single_shape,plain2_w16_gap,pixel_permuted_template,release_default,16,observed_centered_logit_fidelity,100,1.0,1.0,1.0
single_shape,plain2_w16_gap,pixel_permuted_template,release_default,16,additive_centered_logit_fidelity,100,0.9722450756130937,0.9675379755308858,0.9763127351270692
single_shape,plain2_w16_gap,pixel_permuted_template,release_default,16,observed_prob_error_reduction,100,1.8245625206936855,1.8165155173570555,1.8324610956936227
single_shape,plain2_w16_gap,pixel_permuted_template,release_default,16,additive_prob_error_reduction,100,1.737893917931479,1.7258168986922546,1.749552649937296
single_shape,plain2_w16_gap,pixel_permuted_template,release_default,16,centered_residual_energy_ratio,100,0.027754924386906157,0.023649640061184595,0.032665521383613866
single_shape,plain2_w16_gap,pixel_permuted_template,release_default,16,centered_residual_norm_mpp,100,3.058358026186122,2.9170370266478542,3.2105784535777104
single_shape,plain2_w16_gap,pixel_permuted_template,release_default,16,cancellation_mean,100,0.46163465667366743,0.4573618219481222,0.4659473103442126
single_shape,plain2_w16_gap,pixel_permuted_template,release_default,16,g_individual_sum_mpp,100,1286.0423073236118,1247.6885616111874,1325.0546879426338
single_shape,plain2_w16_gap,pixel_permuted_template,release_default,16,g_cross_term_mpp,100,-534.3275488306367,-552.3958046697894,-516.2813371454728
single_shape,plain2_w16_gap,pixel_permuted_template,release_default,16,g_nonadditive_correction_mpp,100,17.718576550562005,15.779763835957262,19.88812598457277
single_shape,plain2_w16_gap,pixel_permuted_template,retention_1,0,observed_centered_logit_fidelity,100,0.0,0.0,0.0
single_shape,plain2_w16_gap,pixel_permuted_template,retention_1,0,additive_centered_logit_fidelity,100,0.0,0.0,0.0
single_shape,plain2_w16_gap,pixel_permuted_template,retention_1,0,observed_prob_error_reduction,100,0.0,0.0,0.0
single_shape,plain2_w16_gap,pixel_permuted_template,retention_1,0,additive_prob_error_reduction,100,0.0,0.0,0.0
single_shape,plain2_w16_gap,pixel_permuted_template,retention_1,0,centered_residual_energy_ratio,100,0.0,0.0,0.0
single_shape,plain2_w16_gap,pixel_permuted_template,retention_1,0,centered_residual_norm_mpp,100,0.0,0.0,0.0
single_shape,plain2_w16_gap,pixel_permuted_template,retention_1,0,cancellation_mean,0,,,
single_shape,plain2_w16_gap,pixel_permuted_template,retention_1,0,g_individual_sum_mpp,100,0.0,0.0,0.0
single_shape,plain2_w16_gap,pixel_permuted_template,retention_1,0,g_cross_term_mpp,100,0.0,0.0,0.0
single_shape,plain2_w16_gap,pixel_permuted_template,retention_1,0,g_nonadditive_correction_mpp,100,0.0,0.0,0.0
single_shape,plain2_w16_gap,pixel_permuted_template,retention_1,1,observed_centered_logit_fidelity,100,0.2129771861836124,0.2057807593431542,0.22053490421311234
single_shape,plain2_w16_gap,pixel_permuted_template,retention_1,1,additive_centered_logit_fidelity,100,0.2129771861836124,0.20585162476214622,0.2203281451513392
single_shape,plain2_w16_gap,pixel_permuted_template,retention_1,1,observed_prob_error_reduction,100,0.12856752918893485,0.1237205236341888,0.13341308986884245
single_shape,plain2_w16_gap,pixel_permuted_template,retention_1,1,additive_prob_error_reduction,100,0.12856752918893485,0.12374428684097764,0.13347760282195983
single_shape,plain2_w16_gap,pixel_permuted_template,retention_1,1,centered_residual_energy_ratio,100,0.0,0.0,0.0
single_shape,plain2_w16_gap,pixel_permuted_template,retention_1,1,centered_residual_norm_mpp,100,0.0,0.0,0.0
single_shape,plain2_w16_gap,pixel_permuted_template,retention_1,1,cancellation_mean,100,0.0,0.0,0.0
single_shape,plain2_w16_gap,pixel_permuted_template,retention_1,1,g_individual_sum_mpp,100,45.91660438077275,43.947493838892974,47.86385352267363
single_shape,plain2_w16_gap,pixel_permuted_template,retention_1,1,g_cross_term_mpp,100,0.0,0.0,0.0
single_shape,plain2_w16_gap,pixel_permuted_template,retention_1,1,g_nonadditive_correction_mpp,100,0.0,0.0,0.0
single_shape,plain2_w16_gap,pixel_permuted_template,retention_1,2,observed_centered_logit_fidelity,100,0.3795069608677434,0.3702365811376211,0.38866290946368953
single_shape,plain2_w16_gap,pixel_permuted_template,retention_1,2,additive_centered_logit_fidelity,100,0.37976648639840827,0.37067435603363263,0.3890585344530092
single_shape,plain2_w16_gap,pixel_permuted_template,retention_1,2,observed_prob_error_reduction,100,0.2697225063242043,0.2614152237597817,0.27808265137656757
single_shape,plain2_w16_gap,pixel_permuted_template,retention_1,2,additive_prob_error_reduction,100,0.27240285007346104,0.2642213519833814,0.28078851062103427
single_shape,plain2_w16_gap,pixel_permuted_template,retention_1,2,centered_residual_energy_ratio,100,0.000385476681858812,0.0003407742121702432,0.0004346020403058213
single_shape,plain2_w16_gap,pixel_permuted_template,retention_1,2,centered_residual_norm_mpp,100,0.1725799865878491,0.16401246724707638,0.18127920179178522
single_shape,plain2_w16_gap,pixel_permuted_template,retention_1,2,cancellation_mean,100,0.12388282826292174,0.11750002587854468,0.13044449426393392
single_shape,plain2_w16_gap,pixel_permuted_template,retention_1,2,g_individual_sum_mpp,100,92.22017149851888,88.89478919720707,95.63873562511007
single_shape,plain2_w16_gap,pixel_permuted_template,retention_1,2,g_cross_term_mpp,100,-9.569015056288634,-10.230585276231746,-8.927937058082838
single_shape,plain2_w16_gap,pixel_permuted_template,retention_1,2,g_nonadditive_correction_mpp,100,-0.05308979491841173,-0.24970865689211183,0.13874359105820785
single_shape,plain2_w16_gap,pixel_permuted_template,retention_1,3,observed_centered_logit_fidelity,100,0.509506410969057,0.4991694408103455,0.5195892051499991
single_shape,plain2_w16_gap,pixel_permuted_template,retention_1,3,additive_centered_logit_fidelity,100,0.51263503511853,0.5022891286147574,0.5230015079908803
single_shape,plain2_w16_gap,pixel_permuted_template,retention_1,3,observed_prob_error_reduction,100,0.43430447437123265,0.42195663778408166,0.4471915554336397
single_shape,plain2_w16_gap,pixel_permuted_template,retention_1,3,additive_prob_error_reduction,100,0.4395038277534985,0.42711108500222555,0.4521168538108815
single_shape,plain2_w16_gap,pixel_permuted_template,retention_1,3,centered_residual_energy_ratio,100,0.0012736545916683154,0.0011180241526895483,0.001443092496280047
single_shape,plain2_w16_gap,pixel_permuted_template,retention_1,3,centered_residual_norm_mpp,100,0.3387472048031351,0.3218487573865675,0.3561721274660082
single_shape,plain2_w16_gap,pixel_permuted_template,retention_1,3,cancellation_mean,100,0.18349468920406278,0.17624399672672786,0.1906511920840052
single_shape,plain2_w16_gap,pixel_permuted_template,retention_1,3,g_individual_sum_mpp,100,138.88898143331102,134.0007274086045,143.96296316202634
single_shape,plain2_w16_gap,pixel_permuted_template,retention_1,3,g_cross_term_mpp,100,-26.932039092778183,-28.528117924773255,-25.36767287538717
single_shape,plain2_w16_gap,pixel_permuted_template,retention_1,3,g_nonadditive_correction_mpp,100,-0.6771816493390486,-0.9982893895796968,-0.3623604233515558
single_shape,plain2_w16_gap,pixel_permuted_template,retention_1,4,observed_centered_logit_fidelity,100,0.5959853393750175,0.5855867920405073,0.6062345540694903
single_shape,plain2_w16_gap,pixel_permuted_template,retention_1,4,additive_centered_logit_fidelity,100,0.604299632502206,0.593997109375831,0.6146751078202564
single_shape,plain2_w16_gap,pixel_permuted_template,retention_1,4,observed_prob_error_reduction,100,0.6016416150495542,0.5875788462432436,0.6157183846084474
single_shape,plain2_w16_gap,pixel_permuted_template,retention_1,4,additive_prob_error_reduction,100,0.6071889325673924,0.5934614739974092,0.6211369677693847
single_shape,plain2_w16_gap,pixel_permuted_template,retention_1,4,centered_residual_energy_ratio,100,0.002683987232431466,0.002414839899733043,0.002965315212205813
single_shape,plain2_w16_gap,pixel_permuted_template,retention_1,4,centered_residual_norm_mpp,100,0.512602553775137,0.4873783654698605,0.5384541149266062
single_shape,plain2_w16_gap,pixel_permuted_template,retention_1,4,cancellation_mean,100,0.21966399718412533,0.21290324816413575,0.2265154656222727
single_shape,plain2_w16_gap,pixel_permuted_template,retention_1,4,g_individual_sum_mpp,100,181.1248114954312,174.99957040946606,187.40799240225692
single_shape,plain2_w16_gap,pixel_permuted_template,retention_1,4,g_cross_term_mpp,100,-49.005602111360794,-51.7013482492319,-46.416993432406194
single_shape,plain2_w16_gap,pixel_permuted_template,retention_1,4,g_nonadditive_correction_mpp,100,-1.7967679443499645,-2.1404237237166113,-1.4452808111290465
single_shape,plain2_w16_gap,pixel_permuted_template,retention_1,5,observed_centered_logit_fidelity,100,0.6589358848475851,0.6483705227991695,0.6696270691601773
single_shape,plain2_w16_gap,pixel_permuted_template,retention_1,5,additive_centered_logit_fidelity,100,0.6714300970496742,0.6605688462213617,0.682036376342656
single_shape,plain2_w16_gap,pixel_permuted_template,retention_1,5,observed_prob_error_reduction,100,0.7540378981624792,0.7398263813723696,0.768456478549754
single_shape,plain2_w16_gap,pixel_permuted_template,retention_1,5,additive_prob_error_reduction,100,0.7593891243965419,0.7449464183864062,0.7739862718359418
single_shape,plain2_w16_gap,pixel_permuted_template,retention_1,5,centered_residual_energy_ratio,100,0.004565407038822999,0.004109054862853266,0.005043276783197696
single_shape,plain2_w16_gap,pixel_permuted_template,retention_1,5,centered_residual_norm_mpp,100,0.6808576196972173,0.6490962722105535,0.7138265451706567
single_shape,plain2_w16_gap,pixel_permuted_template,retention_1,5,cancellation_mean,100,0.2456827645426599,0.23948081737937754,0.2518842507502626
single_shape,plain2_w16_gap,pixel_permuted_template,retention_1,5,g_individual_sum_mpp,100,221.11492991561087,213.55459710826028,228.74158791878688
single_shape,plain2_w16_gap,pixel_permuted_template,retention_1,5,g_cross_term_mpp,100,-74.08615834616712,-77.71684938535479,-70.39727151922965
single_shape,plain2_w16_gap,pixel_permuted_template,retention_1,5,g_nonadditive_correction_mpp,100,-2.673528988470407,-3.0345765395020563,-2.2904951975935304
single_shape,plain2_w16_gap,pixel_permuted_template,retention_1,6,observed_centered_logit_fidelity,100,0.703993716251406,0.6934381149409959,0.7140282658400711
single_shape,plain2_w16_gap,pixel_permuted_template,retention_1,6,additive_centered_logit_fidelity,100,0.71767020942089,0.7072540919524585,0.7276525777498496
single_shape,plain2_w16_gap,pixel_permuted_template,retention_1,6,observed_prob_error_reduction,100,0.8759273074520472,0.8608215424228551,0.890501190149955
single_shape,plain2_w16_gap,pixel_permuted_template,retention_1,6,additive_prob_error_reduction,100,0.8810639330151517,0.8652329160421918,0.8965470675001534
single_shape,plain2_w16_gap,pixel_permuted_template,retention_1,6,centered_residual_energy_ratio,100,0.006953380872487851,0.006212548822764159,0.00775721567659147
single_shape,plain2_w16_gap,pixel_permuted_template,retention_1,6,centered_residual_norm_mpp,100,0.8461288150494879,0.8068743038589418,0.886629905427528
single_shape,plain2_w16_gap,pixel_permuted_template,retention_1,6,cancellation_mean,100,0.26931543087434007,0.26335864389364316,0.2755154797151299
single_shape,plain2_w16_gap,pixel_permuted_template,retention_1,6,g_individual_sum_mpp,100,255.5555483975512,247.3954010968318,263.99456004950304
single_shape,plain2_w16_gap,pixel_permuted_template,retention_1,6,g_cross_term_mpp,100,-98.62200786209308,-103.15398568805558,-94.2004466716332
single_shape,plain2_w16_gap,pixel_permuted_template,retention_1,6,g_nonadditive_correction_mpp,100,-3.024966318879149,-3.414525407049826,-2.6339706392083264
single_shape,plain2_w16_gap,pixel_permuted_template,retention_1,7,observed_centered_logit_fidelity,100,0.7422615296505579,0.733990229656473,0.7504554743588778
single_shape,plain2_w16_gap,pixel_permuted_template,retention_1,7,additive_centered_logit_fidelity,100,0.752739210805067,0.7445420278602218,0.7605805023043831
single_shape,plain2_w16_gap,pixel_permuted_template,retention_1,7,observed_prob_error_reduction,100,0.9648014290503936,0.9497365573101157,0.9794465973194187
single_shape,plain2_w16_gap,pixel_permuted_template,retention_1,7,additive_prob_error_reduction,100,0.9691668887348177,0.9533101309718256,0.9846710102323402
single_shape,plain2_w16_gap,pixel_permuted_template,retention_1,7,centered_residual_energy_ratio,100,0.009683664801716306,0.008669375539304986,0.010796903043301432
single_shape,plain2_w16_gap,pixel_permuted_template,retention_1,7,centered_residual_norm_mpp,100,1.0019873091301823,0.9566378335649517,1.0472930659057795
single_shape,plain2_w16_gap,pixel_permuted_template,retention_1,7,cancellation_mean,100,0.2850828654127655,0.27914448243013257,0.29121220428168687
single_shape,plain2_w16_gap,pixel_permuted_template,retention_1,7,g_individual_sum_mpp,100,287.7489664390143,278.6229603601801,297.0807903090635
single_shape,plain2_w16_gap,pixel_permuted_template,retention_1,7,g_cross_term_mpp,100,-123.15851351924606,-128.61193560275413,-117.77531467236038
single_shape,plain2_w16_gap,pixel_permuted_template,retention_1,7,g_nonadditive_correction_mpp,100,-2.400509252297326,-2.9240818310984755,-1.8687279078281482
single_shape,plain2_w16_gap,pixel_permuted_template,retention_1,8,observed_centered_logit_fidelity,100,0.7795111069294421,0.7717735014811368,0.7871771112089061
single_shape,plain2_w16_gap,pixel_permuted_template,retention_1,8,additive_centered_logit_fidelity,100,0.7841465059048859,0.7761692305930229,0.7921229173294776
single_shape,plain2_w16_gap,pixel_permuted_template,retention_1,8,observed_prob_error_reduction,100,1.0482779574676777,1.0348982781590401,1.0618065957563294
single_shape,plain2_w16_gap,pixel_permuted_template,retention_1,8,additive_prob_error_reduction,100,1.0485862095948326,1.035472438003516,1.0620350211286629
single_shape,plain2_w16_gap,pixel_permuted_template,retention_1,8,centered_residual_energy_ratio,100,0.012378490337132661,0.011029417484845037,0.013848701382657315
single_shape,plain2_w16_gap,pixel_permuted_template,retention_1,8,centered_residual_norm_mpp,100,1.1354122613178275,1.0867447730476933,1.185992452903937
single_shape,plain2_w16_gap,pixel_permuted_template,retention_1,8,cancellation_mean,100,0.3023076449212982,0.296784309791687,0.30818937439921473
single_shape,plain2_w16_gap,pixel_permuted_template,retention_1,8,g_individual_sum_mpp,100,314.2574766300736,304.6401132337928,323.99211609323555
single_shape,plain2_w16_gap,pixel_permuted_template,retention_1,8,g_cross_term_mpp,100,-142.7953286733726,-148.68598345437607,-136.95396949043638
single_shape,plain2_w16_gap,pixel_permuted_template,retention_1,8,g_nonadditive_correction_mpp,100,-1.1536299607945026,-1.776708197487461,-0.5240858602724119
single_shape,plain2_w16_gap,pixel_permuted_template,retention_1,9,observed_centered_logit_fidelity,100,0.8125629102595766,0.8055246859199954,0.8193349637948117
single_shape,plain2_w16_gap,pixel_permuted_template,retention_1,9,additive_centered_logit_fidelity,100,0.8094957274758577,0.8022377309434949,0.8163082946145925
single_shape,plain2_w16_gap,pixel_permuted_template,retention_1,9,observed_prob_error_reduction,100,1.112571336501789,1.0991152188598452,1.1264740465799121
single_shape,plain2_w16_gap,pixel_permuted_template,retention_1,9,additive_prob_error_reduction,100,1.1114184393045725,1.0977592044261528,1.1248652826896024
single_shape,plain2_w16_gap,pixel_permuted_template,retention_1,9,centered_residual_energy_ratio,100,0.015494447001988656,0.01403951106521295,0.017109857794548974
single_shape,plain2_w16_gap,pixel_permuted_template,retention_1,9,centered_residual_norm_mpp,100,1.2776991745673802,1.2306555172379445,1.326288908892454
single_shape,plain2_w16_gap,pixel_permuted_template,retention_1,9,cancellation_mean,100,0.3174023936615015,0.31179607374360224,0.32289705431262633
single_shape,plain2_w16_gap,pixel_permuted_template,retention_1,9,g_individual_sum_mpp,100,336.6886837421057,326.9950169573022,346.62420408726
single_shape,plain2_w16_gap,pixel_permuted_template,retention_1,9,g_cross_term_mpp,100,-159.75899344746233,-166.03311721621927,-153.50265946080214
single_shape,plain2_w16_gap,pixel_permuted_template,retention_1,9,g_nonadditive_correction_mpp,100,0.4905335480706449,-0.18212327903708406,1.1548839254210417
single_shape,plain2_w16_gap,pixel_permuted_template,retention_1,10,observed_centered_logit_fidelity,100,0.8472426421215087,0.8408729854819614,0.8532918846267433
single_shape,plain2_w16_gap,pixel_permuted_template,retention_1,10,additive_centered_logit_fidelity,100,0.8356594202297503,0.8293935057629318,0.8419425057136942
single_shape,plain2_w16_gap,pixel_permuted_template,retention_1,10,observed_prob_error_reduction,100,1.1758146917127215,1.1626165856443444,1.188720666517731
single_shape,plain2_w16_gap,pixel_permuted_template,retention_1,10,additive_prob_error_reduction,100,1.167056043624435,1.1534051814040496,1.1804956866617289
single_shape,plain2_w16_gap,pixel_permuted_template,retention_1,10,centered_residual_energy_ratio,100,0.018552934007879655,0.01678237694571405,0.020480742324747774
single_shape,plain2_w16_gap,pixel_permuted_template,retention_1,10,centered_residual_norm_mpp,100,1.3994959215902134,1.3487373959348756,1.4530761461281465
single_shape,plain2_w16_gap,pixel_permuted_template,retention_1,10,cancellation_mean,100,0.3325125022243143,0.3269210696251318,0.33809705471231943
single_shape,plain2_w16_gap,pixel_permuted_template,retention_1,10,g_individual_sum_mpp,100,355.03811257018845,345.3228166503109,365.0455691068385
single_shape,plain2_w16_gap,pixel_permuted_template,retention_1,10,g_cross_term_mpp,100,-172.59797059858502,-178.77687664065533,-166.37714690927334
single_shape,plain2_w16_gap,pixel_permuted_template,retention_1,10,g_nonadditive_correction_mpp,100,2.2944359769021165,1.6048665311898318,2.989120185820411
single_shape,plain2_w16_gap,pixel_permuted_template,retention_1,11,observed_centered_logit_fidelity,100,0.8798731691262754,0.8751218556842738,0.8845967615374104
single_shape,plain2_w16_gap,pixel_permuted_template,retention_1,11,additive_centered_logit_fidelity,100,0.8605654248541312,0.8553332293733218,0.8657610948586484
single_shape,plain2_w16_gap,pixel_permuted_template,retention_1,11,observed_prob_error_reduction,100,1.2244758614862108,1.2112254931688609,1.237564368273955
single_shape,plain2_w16_gap,pixel_permuted_template,retention_1,11,additive_prob_error_reduction,100,1.210810074209742,1.1969949320293105,1.2241086626177995
single_shape,plain2_w16_gap,pixel_permuted_template,retention_1,11,centered_residual_energy_ratio,100,0.02139930413535894,0.019431333923350266,0.023472358276507288
single_shape,plain2_w16_gap,pixel_permuted_template,retention_1,11,centered_residual_norm_mpp,100,1.5097327303150092,1.4591663373941017,1.5615838010950605
single_shape,plain2_w16_gap,pixel_permuted_template,retention_1,11,cancellation_mean,100,0.34949246320228544,0.34358345574427224,0.35553244232175535
single_shape,plain2_w16_gap,pixel_permuted_template,retention_1,11,g_individual_sum_mpp,100,368.1454443362358,357.8229129917817,378.38767263658616
single_shape,plain2_w16_gap,pixel_permuted_template,retention_1,11,g_cross_term_mpp,100,-180.27961955905621,-186.6069208606728,-174.17692443986948
single_shape,plain2_w16_gap,pixel_permuted_template,retention_1,11,g_nonadditive_correction_mpp,100,4.010335141467736,3.353156705291042,4.693231455873589
single_shape,plain2_w16_gap,pixel_permuted_template,retention_1,12,observed_centered_logit_fidelity,100,0.9120290813519486,0.907892532558442,0.9162332247710645
single_shape,plain2_w16_gap,pixel_permuted_template,retention_1,12,additive_centered_logit_fidelity,100,0.8879519088126873,0.8832430157122416,0.8926342114126878
single_shape,plain2_w16_gap,pixel_permuted_template,retention_1,12,observed_prob_error_reduction,100,1.2732585472837572,1.260150041440865,1.2857467318487952
single_shape,plain2_w16_gap,pixel_permuted_template,retention_1,12,additive_prob_error_reduction,100,1.251154538916717,1.2382600624852864,1.2638211181193528
single_shape,plain2_w16_gap,pixel_permuted_template,retention_1,12,centered_residual_energy_ratio,100,0.023061680133804,0.0211351051739827,0.025106396130674967
single_shape,plain2_w16_gap,pixel_permuted_template,retention_1,12,centered_residual_norm_mpp,100,1.578628791600057,1.530538951735485,1.6294901227496827
single_shape,plain2_w16_gap,pixel_permuted_template,retention_1,12,cancellation_mean,100,0.366432451471238,0.3604241845585787,0.3724900598915391
single_shape,plain2_w16_gap,pixel_permuted_template,retention_1,12,g_individual_sum_mpp,100,376.5024134547707,366.24097835364574,386.9107283094208
single_shape,plain2_w16_gap,pixel_permuted_template,retention_1,12,g_cross_term_mpp,100,-182.56539786246213,-188.74223898611078,-176.4963388902575
single_shape,plain2_w16_gap,pixel_permuted_template,retention_1,12,g_nonadditive_correction_mpp,100,5.029454227430411,4.444466497924109,5.6236285024564
single_shape,plain2_w16_gap,pixel_permuted_template,retention_1,13,observed_centered_logit_fidelity,100,0.9400429807235675,0.9365020813610244,0.943430225848439
single_shape,plain2_w16_gap,pixel_permuted_template,retention_1,13,additive_centered_logit_fidelity,100,0.9143596154594202,0.910090933712347,0.9185624626402996
single_shape,plain2_w16_gap,pixel_permuted_template,retention_1,13,observed_prob_error_reduction,100,1.311203342434981,1.2986821587649815,1.3236754951204033
single_shape,plain2_w16_gap,pixel_permuted_template,retention_1,13,additive_prob_error_reduction,100,1.2832530716056605,1.2702323191135718,1.2962360142478195
single_shape,plain2_w16_gap,pixel_permuted_template,retention_1,13,centered_residual_energy_ratio,100,0.02302262579003118,0.021134186091668273,0.025040025726032977
single_shape,plain2_w16_gap,pixel_permuted_template,retention_1,13,centered_residual_norm_mpp,100,1.595297710615949,1.5513345570411194,1.63988799212179
single_shape,plain2_w16_gap,pixel_permuted_template,retention_1,13,cancellation_mean,100,0.38511716580406974,0.37921309847757895,0.3908003048654903
single_shape,plain2_w16_gap,pixel_permuted_template,retention_1,13,g_individual_sum_mpp,100,380.58818025390735,370.1354368373341,390.6628986765371
single_shape,plain2_w16_gap,pixel_permuted_template,retention_1,13,g_cross_term_mpp,100,-180.98600775527683,-186.77472779599017,-175.20683768986177
single_shape,plain2_w16_gap,pixel_permuted_template,retention_1,13,g_nonadditive_correction_mpp,100,5.348256529067379,4.871654382296829,5.821389826479266
single_shape,plain2_w16_gap,pixel_permuted_template,retention_1,14,observed_centered_logit_fidelity,100,0.9657853564379056,0.9637297536676374,0.9677327581746882
single_shape,plain2_w16_gap,pixel_permuted_template,retention_1,14,additive_centered_logit_fidelity,100,0.9423838603515503,0.9392055612207881,0.9454150324130945
single_shape,plain2_w16_gap,pixel_permuted_template,retention_1,14,observed_prob_error_reduction,100,1.3469569298898347,1.3348411687943147,1.3589005417638944
single_shape,plain2_w16_gap,pixel_permuted_template,retention_1,14,additive_prob_error_reduction,100,1.3111142224791363,1.2981701886200914,1.3237638452255849
single_shape,plain2_w16_gap,pixel_permuted_template,retention_1,14,centered_residual_energy_ratio,100,0.0220910404107579,0.01991510843137197,0.024481926245369587
single_shape,plain2_w16_gap,pixel_permuted_template,retention_1,14,centered_residual_norm_mpp,100,1.5547550254151847,1.5067060880304173,1.6049140476665202
single_shape,plain2_w16_gap,pixel_permuted_template,retention_1,14,cancellation_mean,100,0.40622050621706474,0.4007112053444681,0.411621193522333
single_shape,plain2_w16_gap,pixel_permuted_template,retention_1,14,g_individual_sum_mpp,100,380.04801817541585,369.90158891033695,390.227250714013
single_shape,plain2_w16_gap,pixel_permuted_template,retention_1,14,g_cross_term_mpp,100,-174.33843009048024,-179.86712330458514,-168.72047113300167
single_shape,plain2_w16_gap,pixel_permuted_template,retention_1,14,g_nonadditive_correction_mpp,100,4.780581161816773,4.364796820699747,5.19314602783635
single_shape,plain2_w16_gap,pixel_permuted_template,retention_1,15,observed_centered_logit_fidelity,100,0.9866738697330399,0.9858885942655035,0.9874442200306603
single_shape,plain2_w16_gap,pixel_permuted_template,retention_1,15,additive_centered_logit_fidelity,100,0.965601229418046,0.962614535840111,0.9683439292598011
single_shape,plain2_w16_gap,pixel_permuted_template,retention_1,15,observed_prob_error_reduction,100,1.380712993636356,1.3685975396187484,1.3921054446074723
single_shape,plain2_w16_gap,pixel_permuted_template,retention_1,15,additive_prob_error_reduction,100,1.3336950922482145,1.3214429021526921,1.3457080658556624
single_shape,plain2_w16_gap,pixel_permuted_template,retention_1,15,centered_residual_energy_ratio,100,0.021511148335818,0.018705006782540112,0.02463281173695167
single_shape,plain2_w16_gap,pixel_permuted_template,retention_1,15,centered_residual_norm_mpp,100,1.4813582650948798,1.422355130583675,1.5453833215294703
single_shape,plain2_w16_gap,pixel_permuted_template,retention_1,15,cancellation_mean,100,0.4286034915978171,0.42362018285040604,0.4334189275509832
single_shape,plain2_w16_gap,pixel_permuted_template,retention_1,15,g_individual_sum_mpp,100,374.74299647223154,364.99475247783806,384.66688194708337
single_shape,plain2_w16_gap,pixel_permuted_template,retention_1,15,g_cross_term_mpp,100,-163.85501658909843,-168.75011784546987,-158.94342360986172
single_shape,plain2_w16_gap,pixel_permuted_template,retention_1,15,g_nonadditive_correction_mpp,100,4.083125440356432,3.6930982123093288,4.505173405487315
single_shape,plain2_w16_gap,pixel_permuted_template,retention_1,16,observed_centered_logit_fidelity,100,1.0,1.0,1.0
single_shape,plain2_w16_gap,pixel_permuted_template,retention_1,16,additive_centered_logit_fidelity,100,0.9766819361541543,0.972499535491971,0.9803030024308764
single_shape,plain2_w16_gap,pixel_permuted_template,retention_1,16,observed_prob_error_reduction,100,1.402962023437715,1.391428818205824,1.41446371929789
single_shape,plain2_w16_gap,pixel_permuted_template,retention_1,16,additive_prob_error_reduction,100,1.3491462028556698,1.3367394390998442,1.3618152387850866
single_shape,plain2_w16_gap,pixel_permuted_template,retention_1,16,centered_residual_energy_ratio,100,0.02331806384584577,0.019787533487714126,0.027482622068800134
single_shape,plain2_w16_gap,pixel_permuted_template,retention_1,16,centered_residual_norm_mpp,100,1.4810805664650177,1.4110903964116261,1.5561907015996084
single_shape,plain2_w16_gap,pixel_permuted_template,retention_1,16,cancellation_mean,100,0.44988519752205586,0.44552366957975714,0.45442344415390745
single_shape,plain2_w16_gap,pixel_permuted_template,retention_1,16,g_individual_sum_mpp,100,367.1403622125692,357.74429119585955,376.63316019140495
single_shape,plain2_w16_gap,pixel_permuted_template,retention_1,16,g_cross_term_mpp,100,-153.57538384554934,-158.0117544791151,-149.32208022168356
single_shape,plain2_w16_gap,pixel_permuted_template,retention_1,16,g_nonadditive_correction_mpp,100,4.211309441504589,3.7383493309024427,4.719356433323472
single_shape,plain2_w16_gap,structured_template,release_default,0,observed_centered_logit_fidelity,100,0.0,0.0,0.0
single_shape,plain2_w16_gap,structured_template,release_default,0,additive_centered_logit_fidelity,100,0.0,0.0,0.0
single_shape,plain2_w16_gap,structured_template,release_default,0,observed_prob_error_reduction,100,0.0,0.0,0.0
single_shape,plain2_w16_gap,structured_template,release_default,0,additive_prob_error_reduction,100,0.0,0.0,0.0
single_shape,plain2_w16_gap,structured_template,release_default,0,centered_residual_energy_ratio,100,0.0,0.0,0.0
single_shape,plain2_w16_gap,structured_template,release_default,0,centered_residual_norm_mpp,100,0.0,0.0,0.0
single_shape,plain2_w16_gap,structured_template,release_default,0,cancellation_mean,0,,,
single_shape,plain2_w16_gap,structured_template,release_default,0,g_individual_sum_mpp,100,0.0,0.0,0.0
single_shape,plain2_w16_gap,structured_template,release_default,0,g_cross_term_mpp,100,0.0,0.0,0.0
single_shape,plain2_w16_gap,structured_template,release_default,0,g_nonadditive_correction_mpp,100,0.0,0.0,0.0
single_shape,plain2_w16_gap,structured_template,release_default,1,observed_centered_logit_fidelity,100,0.19444069024980487,0.18783623136369346,0.20111270617796742
single_shape,plain2_w16_gap,structured_template,release_default,1,additive_centered_logit_fidelity,100,0.19444069024980487,0.18783957948558933,0.20145197453987995
single_shape,plain2_w16_gap,structured_template,release_default,1,observed_prob_error_reduction,100,0.12117269211980347,0.11394721513252526,0.12875606045020788
single_shape,plain2_w16_gap,structured_template,release_default,1,additive_prob_error_reduction,100,0.12117269211980347,0.11378469372941838,0.12884995503485916
single_shape,plain2_w16_gap,structured_template,release_default,1,centered_residual_energy_ratio,100,0.0,0.0,0.0
single_shape,plain2_w16_gap,structured_template,release_default,1,centered_residual_norm_mpp,100,0.0,0.0,0.0
single_shape,plain2_w16_gap,structured_template,release_default,1,cancellation_mean,100,0.0,0.0,0.0
single_shape,plain2_w16_gap,structured_template,release_default,1,g_individual_sum_mpp,100,81.48851604337287,77.33539530187625,85.71734868177332
single_shape,plain2_w16_gap,structured_template,release_default,1,g_cross_term_mpp,100,0.0,0.0,0.0
single_shape,plain2_w16_gap,structured_template,release_default,1,g_nonadditive_correction_mpp,100,0.0,0.0,0.0
single_shape,plain2_w16_gap,structured_template,release_default,2,observed_centered_logit_fidelity,100,0.34789994143033914,0.3381739797558874,0.3572182190352193
single_shape,plain2_w16_gap,structured_template,release_default,2,additive_centered_logit_fidelity,100,0.3457560905949746,0.3359483571624697,0.35505940027878796
single_shape,plain2_w16_gap,structured_template,release_default,2,observed_prob_error_reduction,100,0.3052096240347479,0.29206004653437584,0.3184609177947796
single_shape,plain2_w16_gap,structured_template,release_default,2,additive_prob_error_reduction,100,0.3048576384157416,0.2915023250656947,0.3182579483877952
single_shape,plain2_w16_gap,structured_template,release_default,2,centered_residual_energy_ratio,100,0.000643801072134988,0.000560980637397413,0.0007369778280074742
single_shape,plain2_w16_gap,structured_template,release_default,2,centered_residual_norm_mpp,100,0.3154794936738689,0.3016496656179321,0.33022995089506857
single_shape,plain2_w16_gap,structured_template,release_default,2,cancellation_mean,100,0.11876612683852067,0.1131226863486913,0.12443741505054942
single_shape,plain2_w16_gap,structured_template,release_default,2,g_individual_sum_mpp,100,162.76187955875582,154.26531837923525,171.09235178123467
single_shape,plain2_w16_gap,structured_template,release_default,2,g_cross_term_mpp,100,-16.20734208546527,-17.466577295237006,-15.053744014890027
single_shape,plain2_w16_gap,structured_template,release_default,2,g_nonadditive_correction_mpp,100,1.1848541566044475,0.7468838518656804,1.6339816031398802
single_shape,plain2_w16_gap,structured_template,release_default,3,observed_centered_logit_fidelity,100,0.46507637453924666,0.4532525610055965,0.4763310692483929
single_shape,plain2_w16_gap,structured_template,release_default,3,additive_centered_logit_fidelity,100,0.4629945261627709,0.45121313230933385,0.47471446995267597
single_shape,plain2_w16_gap,structured_template,release_default,3,observed_prob_error_reduction,100,0.5532877359697997,0.5330523745481562,0.5742260325090834
single_shape,plain2_w16_gap,structured_template,release_default,3,additive_prob_error_reduction,100,0.5529968173098401,0.5325652409004448,0.5737334185005449
single_shape,plain2_w16_gap,structured_template,release_default,3,centered_residual_energy_ratio,100,0.0021677908666511893,0.0019341605580293067,0.0024363314392611937
single_shape,plain2_w16_gap,structured_template,release_default,3,centered_residual_norm_mpp,100,0.6312262318698828,0.6042411476708364,0.6592972150741054
single_shape,plain2_w16_gap,structured_template,release_default,3,cancellation_mean,100,0.19358354106658443,0.1862665207631424,0.2011695842359383
single_shape,plain2_w16_gap,structured_template,release_default,3,g_individual_sum_mpp,100,246.6988991530494,234.77124140679356,258.9277740900556
single_shape,plain2_w16_gap,structured_template,release_default,3,g_cross_term_mpp,100,-49.83286974095784,-53.141627506739006,-46.62113337059201
single_shape,plain2_w16_gap,structured_template,release_default,3,g_nonadditive_correction_mpp,100,1.3821433205726033,0.7163520417374363,2.038658828416159
single_shape,plain2_w16_gap,structured_template,release_default,4,observed_centered_logit_fidelity,100,0.5268541644651227,0.5150651634543011,0.5381521983114665
single_shape,plain2_w16_gap,structured_template,release_default,4,additive_centered_logit_fidelity,100,0.5299834589202093,0.5186761303905402,0.5411247881286331
single_shape,plain2_w16_gap,structured_template,release_default,4,observed_prob_error_reduction,100,0.831553068478555,0.8109295542272513,0.8521921422135994
single_shape,plain2_w16_gap,structured_template,release_default,4,additive_prob_error_reduction,100,0.8261859190647813,0.8054832611420767,0.8474156497507264
single_shape,plain2_w16_gap,structured_template,release_default,4,centered_residual_energy_ratio,100,0.006267012688998741,0.005636188560445404,0.006923672109108904
single_shape,plain2_w16_gap,structured_template,release_default,4,centered_residual_norm_mpp,100,1.0805785357273257,1.03255706647582,1.13164383531764
single_shape,plain2_w16_gap,structured_template,release_default,4,cancellation_mean,100,0.24867910541719504,0.2408232295271599,0.25643319116463925
single_shape,plain2_w16_gap,structured_template,release_default,4,g_individual_sum_mpp,100,340.9136436597361,324.32571122568095,357.5919463809742
single_shape,plain2_w16_gap,structured_template,release_default,4,g_cross_term_mpp,100,-113.69936430760528,-121.25245324513936,-106.49396408656862
single_shape,plain2_w16_gap,structured_template,release_default,4,g_nonadditive_correction_mpp,100,-1.1716676306512859,-2.365985969912147,-0.009232735757294724
single_shape,plain2_w16_gap,structured_template,release_default,5,observed_centered_logit_fidelity,100,0.5103293962647955,0.49496441741164215,0.5261138732458576
single_shape,plain2_w16_gap,structured_template,release_default,5,additive_centered_logit_fidelity,100,0.5371585061592017,0.5238242042183808,0.5505954480469357
single_shape,plain2_w16_gap,structured_template,release_default,5,observed_prob_error_reduction,100,1.0142825888141984,0.9961439596566598,1.032701659449049
single_shape,plain2_w16_gap,structured_template,release_default,5,additive_prob_error_reduction,100,1.0035371421434578,0.9843649675747358,1.022593315800725
single_shape,plain2_w16_gap,structured_template,release_default,5,centered_residual_energy_ratio,100,0.017156593791549015,0.015430118424385941,0.01895472537535364
single_shape,plain2_w16_gap,structured_template,release_default,5,centered_residual_norm_mpp,100,1.7523944713418844,1.6763307457805594,1.8303370897920055
single_shape,plain2_w16_gap,structured_template,release_default,5,cancellation_mean,100,0.28581940718129983,0.2778104006701558,0.2941602695529941
single_shape,plain2_w16_gap,structured_template,release_default,5,g_individual_sum_mpp,100,437.64873124496415,416.2108831001733,458.71002654464496
single_shape,plain2_w16_gap,structured_template,release_default,5,g_cross_term_mpp,100,-205.20553422914975,-216.66888224348307,-193.81303997371626
single_shape,plain2_w16_gap,structured_template,release_default,5,g_nonadditive_correction_mpp,100,-12.306223015658118,-15.181808179320132,-9.631458883092947
single_shape,plain2_w16_gap,structured_template,release_default,6,observed_centered_logit_fidelity,100,0.46503625071786353,0.4447956461638377,0.48450240019826074
single_shape,plain2_w16_gap,structured_template,release_default,6,additive_centered_logit_fidelity,100,0.5169019313167094,0.5001732477959173,0.5337193003237789
single_shape,plain2_w16_gap,structured_template,release_default,6,observed_prob_error_reduction,100,1.145431047264451,1.1298770745331208,1.1610177410797666
single_shape,plain2_w16_gap,structured_template,release_default,6,additive_prob_error_reduction,100,1.1190140452297341,1.0996353133853818,1.1383853054276207
single_shape,plain2_w16_gap,structured_template,release_default,6,centered_residual_energy_ratio,100,0.03226663446855385,0.029476428806156568,0.035130092146881405
single_shape,plain2_w16_gap,structured_template,release_default,6,centered_residual_norm_mpp,100,2.4873656734487306,2.3817505435369744,2.5960569232558823
single_shape,plain2_w16_gap,structured_template,release_default,6,cancellation_mean,100,0.3173209704125562,0.3086335970168405,0.32607408182953507
single_shape,plain2_w16_gap,structured_template,release_default,6,g_individual_sum_mpp,100,532.4174185821525,505.13051957243084,560.4373039395963
single_shape,plain2_w16_gap,structured_template,release_default,6,g_cross_term_mpp,100,-308.25548905923165,-325.9702436825399,-289.7347234896254
single_shape,plain2_w16_gap,structured_template,release_default,6,g_nonadditive_correction_mpp,100,-27.343899518101008,-32.26433537540535,-22.43677915033708
single_shape,plain2_w16_gap,structured_template,release_default,7,observed_centered_logit_fidelity,100,0.4417345462685875,0.4202008214648187,0.46227789331382585
single_shape,plain2_w16_gap,structured_template,release_default,7,additive_centered_logit_fidelity,100,0.5038743667351882,0.4856788973511458,0.5215154365198076
single_shape,plain2_w16_gap,structured_template,release_default,7,observed_prob_error_reduction,100,1.2399796068040663,1.2252017768205852,1.2547740963534717
single_shape,plain2_w16_gap,structured_template,release_default,7,additive_prob_error_reduction,100,1.1777515524536575,1.1599860502539099,1.1952055419711631
single_shape,plain2_w16_gap,structured_template,release_default,7,centered_residual_energy_ratio,100,0.04697804966358261,0.0433520801388998,0.050802219236362245
single_shape,plain2_w16_gap,structured_template,release_default,7,centered_residual_norm_mpp,100,3.152099263305812,3.0187183711454764,3.292859553506476
single_shape,plain2_w16_gap,structured_template,release_default,7,cancellation_mean,100,0.3547154466360019,0.3465413348114248,0.3628798583185667
single_shape,plain2_w16_gap,structured_template,release_default,7,g_individual_sum_mpp,100,600.286290942087,568.2887046869392,633.4442650926993
single_shape,plain2_w16_gap,structured_template,release_default,7,g_cross_term_mpp,100,-380.8120770575639,-403.22311942128755,-358.54234292295973
single_shape,plain2_w16_gap,structured_template,release_default,7,g_nonadditive_correction_mpp,100,-34.034741722217156,-40.490425865795885,-27.603463685135125
single_shape,plain2_w16_gap,structured_template,release_default,8,observed_centered_logit_fidelity,100,0.5143072188284471,0.49564839879198996,0.5329340749460934
single_shape,plain2_w16_gap,structured_template,release_default,8,additive_centered_logit_fidelity,100,0.5488653599994191,0.5320368037093464,0.5649309176325559
single_shape,plain2_w16_gap,structured_template,release_default,8,observed_prob_error_reduction,100,1.3370073502104625,1.3213785396245186,1.3528286498816828
single_shape,plain2_w16_gap,structured_template,release_default,8,additive_prob_error_reduction,100,1.2448151073065319,1.2284860676856697,1.261079628131248
single_shape,plain2_w16_gap,structured_template,release_default,8,centered_residual_energy_ratio,100,0.05457122208578525,0.05041524014005739,0.05892292680651172
single_shape,plain2_w16_gap,structured_template,release_default,8,centered_residual_norm_mpp,100,3.5207363851835694,3.3733676286270184,3.6700628495580006
single_shape,plain2_w16_gap,structured_template,release_default,8,cancellation_mean,100,0.3913469143719256,0.38375104555437317,0.39878438626171225
single_shape,plain2_w16_gap,structured_template,release_default,8,g_individual_sum_mpp,100,636.7948736517819,602.8458560559848,671.501212645588
single_shape,plain2_w16_gap,structured_template,release_default,8,g_cross_term_mpp,100,-397.02137224265994,-421.11511707716886,-373.390869922268
single_shape,plain2_w16_gap,structured_template,release_default,8,g_nonadditive_correction_mpp,100,-21.125718081819528,-27.738315516860844,-14.839867619611763
single_shape,plain2_w16_gap,structured_template,release_default,9,observed_centered_logit_fidelity,100,0.6221062279359918,0.6055769550602981,0.6387985385000602
single_shape,plain2_w16_gap,structured_template,release_default,9,additive_centered_logit_fidelity,100,0.6106691997248067,0.5942264766969722,0.6267463106615362
single_shape,plain2_w16_gap,structured_template,release_default,9,observed_prob_error_reduction,100,1.4336377695231284,1.4174785308822122,1.4499498263196642
single_shape,plain2_w16_gap,structured_template,release_default,9,additive_prob_error_reduction,100,1.3043312872268458,1.2880362449207654,1.3206894259758728
single_shape,plain2_w16_gap,structured_template,release_default,9,centered_residual_energy_ratio,100,0.06186399849436417,0.05706723451214484,0.06689804716908285
single_shape,plain2_w16_gap,structured_template,release_default,9,centered_residual_norm_mpp,100,3.7760348207660224,3.6508675702469637,3.907416106189304
single_shape,plain2_w16_gap,structured_template,release_default,9,cancellation_mean,100,0.4265583006721384,0.4189930110993002,0.43372492163583143
single_shape,plain2_w16_gap,structured_template,release_default,9,g_individual_sum_mpp,100,649.7062876398991,614.8395680297166,686.4333971883852
single_shape,plain2_w16_gap,structured_template,release_default,9,g_cross_term_mpp,100,-383.2230331464611,-407.9164588507254,-360.0823625600166
single_shape,plain2_w16_gap,structured_template,release_default,9,g_nonadditive_correction_mpp,100,0.9695740495720733,-3.688539575089022,5.332046580077484
single_shape,plain2_w16_gap,structured_template,release_default,10,observed_centered_logit_fidelity,100,0.7025044365801265,0.6870261368030766,0.7170903315309639
single_shape,plain2_w16_gap,structured_template,release_default,10,additive_centered_logit_fidelity,100,0.6641749565783422,0.6486580332150459,0.6789482198537303
single_shape,plain2_w16_gap,structured_template,release_default,10,observed_prob_error_reduction,100,1.5236406034334613,1.5074408115685933,1.5398556908764038
single_shape,plain2_w16_gap,structured_template,release_default,10,additive_prob_error_reduction,100,1.3577524953100504,1.3411797028542578,1.3744616075908376
single_shape,plain2_w16_gap,structured_template,release_default,10,centered_residual_energy_ratio,100,0.07264245290219006,0.06678045985272622,0.07878432425178565
single_shape,plain2_w16_gap,structured_template,release_default,10,centered_residual_norm_mpp,100,4.056094855426479,3.937127774654067,4.178246082839341
single_shape,plain2_w16_gap,structured_template,release_default,10,cancellation_mean,100,0.4530686965388401,0.4460504278363198,0.4597687731415591
single_shape,plain2_w16_gap,structured_template,release_default,10,g_individual_sum_mpp,100,654.1008182702999,619.5475859657239,688.3328169582704
single_shape,plain2_w16_gap,structured_template,release_default,10,g_cross_term_mpp,100,-365.22534390588123,-389.2546018936453,-342.9903610149894
single_shape,plain2_w16_gap,structured_template,release_default,10,g_nonadditive_correction_mpp,100,13.210805260803914,8.81043557813495,17.369781377447406
single_shape,plain2_w16_gap,structured_template,release_default,11,observed_centered_logit_fidelity,100,0.7686136689055084,0.7560634236992527,0.7810992267957009
single_shape,plain2_w16_gap,structured_template,release_default,11,additive_centered_logit_fidelity,100,0.71053217176342,0.6956041002917144,0.7251868391242673
single_shape,plain2_w16_gap,structured_template,release_default,11,observed_prob_error_reduction,100,1.5953670580245205,1.5805437835624991,1.6100788798509542
single_shape,plain2_w16_gap,structured_template,release_default,11,additive_prob_error_reduction,100,1.409563469314124,1.3918817527197123,1.426242195157454
single_shape,plain2_w16_gap,structured_template,release_default,11,centered_residual_energy_ratio,100,0.08416111387914267,0.07680705122565598,0.09162497455567868
single_shape,plain2_w16_gap,structured_template,release_default,11,centered_residual_norm_mpp,100,4.274339564112734,4.1527321203722645,4.395744607830799
single_shape,plain2_w16_gap,structured_template,release_default,11,cancellation_mean,100,0.4799248606552402,0.47397764044685764,0.4858678088877629
single_shape,plain2_w16_gap,structured_template,release_default,11,g_individual_sum_mpp,100,646.7728660583449,612.917034764362,680.346423604434
single_shape,plain2_w16_gap,structured_template,release_default,11,g_cross_term_mpp,100,-336.83218451547475,-356.91860913227947,-317.68819359636626
single_shape,plain2_w16_gap,structured_template,release_default,11,g_nonadditive_correction_mpp,100,20.281616880719955,16.607847788895896,23.81615106568286
single_shape,plain2_w16_gap,structured_template,release_default,12,observed_centered_logit_fidelity,100,0.8265420028476029,0.8155578422190485,0.8371593662309649
single_shape,plain2_w16_gap,structured_template,release_default,12,additive_centered_logit_fidelity,100,0.7507184699231401,0.7348624408918368,0.7655295501971118
single_shape,plain2_w16_gap,structured_template,release_default,12,observed_prob_error_reduction,100,1.6692181066026077,1.654853991574741,1.6828190525196454
single_shape,plain2_w16_gap,structured_template,release_default,12,additive_prob_error_reduction,100,1.4645272090190569,1.447959195018374,1.4808458433516576
single_shape,plain2_w16_gap,structured_template,release_default,12,centered_residual_energy_ratio,100,0.09673261132767202,0.08808978561362876,0.10600288868620983
single_shape,plain2_w16_gap,structured_template,release_default,12,centered_residual_norm_mpp,100,4.493226710125313,4.365559856722177,4.620756064519932
single_shape,plain2_w16_gap,structured_template,release_default,12,cancellation_mean,100,0.5057175940680496,0.5003349175847804,0.5111805042743683
single_shape,plain2_w16_gap,structured_template,release_default,12,g_individual_sum_mpp,100,627.0104939975807,595.9181763952795,659.8880787452885
single_shape,plain2_w16_gap,structured_template,release_default,12,g_cross_term_mpp,100,-299.42043149126005,-316.7154776582957,-282.7553265135976
single_shape,plain2_w16_gap,structured_template,release_default,12,g_nonadditive_correction_mpp,100,27.054252759995883,23.942575541987463,30.27214944567153
single_shape,plain2_w16_gap,structured_template,release_default,13,observed_centered_logit_fidelity,100,0.875235777939086,0.8664475238319108,0.8836059948621823
single_shape,plain2_w16_gap,structured_template,release_default,13,additive_centered_logit_fidelity,100,0.7820463447176871,0.7658831409156922,0.7968169260604704
single_shape,plain2_w16_gap,structured_template,release_default,13,observed_prob_error_reduction,100,1.730798641667176,1.7179726257055778,1.74289751018564
single_shape,plain2_w16_gap,structured_template,release_default,13,additive_prob_error_reduction,100,1.5251251693487102,1.5074277788849624,1.5427264162727325
single_shape,plain2_w16_gap,structured_template,release_default,13,centered_residual_energy_ratio,100,0.10934781133384204,0.09972806114492642,0.11944938896616362
single_shape,plain2_w16_gap,structured_template,release_default,13,centered_residual_norm_mpp,100,4.694469342235081,4.5628665892805635,4.825324925077815
single_shape,plain2_w16_gap,structured_template,release_default,13,cancellation_mean,100,0.5306165425507731,0.5255526677573964,0.5356102337313235
single_shape,plain2_w16_gap,structured_template,release_default,13,g_individual_sum_mpp,100,599.6726014111994,569.9841055101987,630.8819824979829
single_shape,plain2_w16_gap,structured_template,release_default,13,g_cross_term_mpp,100,-257.6209062485135,-272.8269807943576,-242.9038977124255
single_shape,plain2_w16_gap,structured_template,release_default,13,g_nonadditive_correction_mpp,100,32.659317278264766,29.4668547777596,36.14980522500985
single_shape,plain2_w16_gap,structured_template,release_default,14,observed_centered_logit_fidelity,100,0.9248894067556932,0.9189698373920587,0.9305539923579158
single_shape,plain2_w16_gap,structured_template,release_default,14,additive_centered_logit_fidelity,100,0.8054085744267009,0.7896871325879069,0.8206559290818786
single_shape,plain2_w16_gap,structured_template,release_default,14,observed_prob_error_reduction,100,1.8025508800104877,1.7920418315743667,1.8123057058866288
single_shape,plain2_w16_gap,structured_template,release_default,14,additive_prob_error_reduction,100,1.5615144051749823,1.543711262978229,1.5796510342066725
single_shape,plain2_w16_gap,structured_template,release_default,14,centered_residual_energy_ratio,100,0.1257635992613043,0.11367118963290328,0.13871417916615073
single_shape,plain2_w16_gap,structured_template,release_default,14,centered_residual_norm_mpp,100,4.947604629765476,4.803828604385227,5.10280767920749
single_shape,plain2_w16_gap,structured_template,release_default,14,cancellation_mean,100,0.5533195391374932,0.5485673580075445,0.5582365379100739
single_shape,plain2_w16_gap,structured_template,release_default,14,g_individual_sum_mpp,100,571.5686058623025,541.9546706482192,601.3203772964938
single_shape,plain2_w16_gap,structured_template,release_default,14,g_cross_term_mpp,100,-219.54750877076793,-233.22028312079678,-205.91263991823791
single_shape,plain2_w16_gap,structured_template,release_default,14,g_nonadditive_correction_mpp,100,41.28793657326366,37.602095109707285,45.18345635268669
single_shape,plain2_w16_gap,structured_template,release_default,15,observed_centered_logit_fidelity,100,0.97065734363167,0.9680526072095237,0.9731451291686626
single_shape,plain2_w16_gap,structured_template,release_default,15,additive_centered_logit_fidelity,100,0.8241691421706389,0.8071494391588564,0.8400835071776893
single_shape,plain2_w16_gap,structured_template,release_default,15,observed_prob_error_reduction,100,1.872734014598943,1.8661860512014583,1.8789690109169537
single_shape,plain2_w16_gap,structured_template,release_default,15,additive_prob_error_reduction,100,1.5887830779960017,1.570432062676916,1.6063752105241316
single_shape,plain2_w16_gap,structured_template,release_default,15,centered_residual_energy_ratio,100,0.14551517749222756,0.13161202635243335,0.1600113274059742
single_shape,plain2_w16_gap,structured_template,release_default,15,centered_residual_norm_mpp,100,5.260922821488932,5.096673004841536,5.435103637106262
single_shape,plain2_w16_gap,structured_template,release_default,15,cancellation_mean,100,0.5744968061444673,0.5702251204868519,0.5788592352701549
single_shape,plain2_w16_gap,structured_template,release_default,15,g_individual_sum_mpp,100,538.3272031606333,512.23856036556,564.9681110338976
single_shape,plain2_w16_gap,structured_template,release_default,15,g_cross_term_mpp,100,-178.72804974975247,-190.30219602219543,-167.18578465226793
single_shape,plain2_w16_gap,structured_template,release_default,15,g_nonadditive_correction_mpp,100,50.60184598315651,46.52172252297611,54.96676116486616
single_shape,plain2_w16_gap,structured_template,release_default,16,observed_centered_logit_fidelity,100,1.0,1.0,1.0
single_shape,plain2_w16_gap,structured_template,release_default,16,additive_centered_logit_fidelity,100,0.8278885233930864,0.8099884526578282,0.8448341903270346
single_shape,plain2_w16_gap,structured_template,release_default,16,observed_prob_error_reduction,100,1.90606405879061,1.9019346588199846,1.9102094034024508
single_shape,plain2_w16_gap,structured_template,release_default,16,additive_prob_error_reduction,100,1.597644220863928,1.5803538530839638,1.6140986844056948
single_shape,plain2_w16_gap,structured_template,release_default,16,centered_residual_energy_ratio,100,0.17211147660691364,0.1553133139671916,0.19033521312913185
single_shape,plain2_w16_gap,structured_template,release_default,16,centered_residual_norm_mpp,100,5.6636779526133125,5.47438131858004,5.858352686455556
single_shape,plain2_w16_gap,structured_template,release_default,16,cancellation_mean,100,0.593805523942289,0.5899203204679474,0.5977213228671036
single_shape,plain2_w16_gap,structured_template,release_default,16,g_individual_sum_mpp,100,502.8223594590074,477.8646220467269,527.3293639549521
single_shape,plain2_w16_gap,structured_template,release_default,16,g_cross_term_mpp,100,-141.94589904373865,-152.51278996148648,-131.36814995845438
single_shape,plain2_w16_gap,structured_template,release_default,16,g_nonadditive_correction_mpp,100,59.8358580898995,55.10641292794799,64.90165296960956
single_shape,plain2_w16_gap,structured_template,retention_1,0,observed_centered_logit_fidelity,100,0.0,0.0,0.0
single_shape,plain2_w16_gap,structured_template,retention_1,0,additive_centered_logit_fidelity,100,0.0,0.0,0.0
single_shape,plain2_w16_gap,structured_template,retention_1,0,observed_prob_error_reduction,100,0.0,0.0,0.0
single_shape,plain2_w16_gap,structured_template,retention_1,0,additive_prob_error_reduction,100,0.0,0.0,0.0
single_shape,plain2_w16_gap,structured_template,retention_1,0,centered_residual_energy_ratio,100,0.0,0.0,0.0
single_shape,plain2_w16_gap,structured_template,retention_1,0,centered_residual_norm_mpp,100,0.0,0.0,0.0
single_shape,plain2_w16_gap,structured_template,retention_1,0,cancellation_mean,0,,,
single_shape,plain2_w16_gap,structured_template,retention_1,0,g_individual_sum_mpp,100,0.0,0.0,0.0
single_shape,plain2_w16_gap,structured_template,retention_1,0,g_cross_term_mpp,100,0.0,0.0,0.0
single_shape,plain2_w16_gap,structured_template,retention_1,0,g_nonadditive_correction_mpp,100,0.0,0.0,0.0
single_shape,plain2_w16_gap,structured_template,retention_1,1,observed_centered_logit_fidelity,100,0.24399948428448442,0.2367488594206773,0.25121202571016094
single_shape,plain2_w16_gap,structured_template,retention_1,1,additive_centered_logit_fidelity,100,0.24399948428448442,0.23673074757945886,0.25134567134311625
single_shape,plain2_w16_gap,structured_template,retention_1,1,observed_prob_error_reduction,100,0.09640102596995892,0.09157916455487734,0.10141471789199924
single_shape,plain2_w16_gap,structured_template,retention_1,1,additive_prob_error_reduction,100,0.09640102596995892,0.09161711079603713,0.10152968673122673
single_shape,plain2_w16_gap,structured_template,retention_1,1,centered_residual_energy_ratio,100,0.0,0.0,0.0
single_shape,plain2_w16_gap,structured_template,retention_1,1,centered_residual_norm_mpp,100,0.0,0.0,0.0
single_shape,plain2_w16_gap,structured_template,retention_1,1,cancellation_mean,100,0.0,0.0,0.0
single_shape,plain2_w16_gap,structured_template,retention_1,1,g_individual_sum_mpp,100,32.303160741664364,30.939756563874994,33.628467458152556
single_shape,plain2_w16_gap,structured_template,retention_1,1,g_cross_term_mpp,100,0.0,0.0,0.0
single_shape,plain2_w16_gap,structured_template,retention_1,1,g_nonadditive_correction_mpp,100,0.0,0.0,0.0
single_shape,plain2_w16_gap,structured_template,retention_1,2,observed_centered_logit_fidelity,100,0.40808118898512874,0.4004102312048745,0.41562925795210415
single_shape,plain2_w16_gap,structured_template,retention_1,2,additive_centered_logit_fidelity,100,0.4063471506658788,0.39888137180277294,0.41364919887471774
single_shape,plain2_w16_gap,structured_template,retention_1,2,observed_prob_error_reduction,100,0.36156777636792065,0.34477953262680355,0.37803601997021924
single_shape,plain2_w16_gap,structured_template,retention_1,2,additive_prob_error_reduction,100,0.35808629618580695,0.3411742754072681,0.3746482195657067
single_shape,plain2_w16_gap,structured_template,retention_1,2,centered_residual_energy_ratio,100,0.0015209471317053263,0.0013691067283665428,0.0016925657444466528
single_shape,plain2_w16_gap,structured_template,retention_1,2,centered_residual_norm_mpp,100,0.3030220289764527,0.28867895818928435,0.31755277860266956
single_shape,plain2_w16_gap,structured_template,retention_1,2,cancellation_mean,100,0.09000705674673394,0.08622572970191257,0.09375706309354012
single_shape,plain2_w16_gap,structured_template,retention_1,2,g_individual_sum_mpp,100,69.22606254203302,66.84093817242261,71.61103489483553
single_shape,plain2_w16_gap,structured_template,retention_1,2,g_cross_term_mpp,100,-15.551168229553275,-16.4511503184037,-14.658569284755387
single_shape,plain2_w16_gap,structured_template,retention_1,2,g_nonadditive_correction_mpp,100,0.3127380511807313,0.1428257468433125,0.4784186369630322
single_shape,plain2_w16_gap,structured_template,retention_1,3,observed_centered_logit_fidelity,100,0.45711067449120935,0.445943575426424,0.46780240130647727
single_shape,plain2_w16_gap,structured_template,retention_1,3,additive_centered_logit_fidelity,100,0.46474851722181043,0.454082887591692,0.4753410127732355
single_shape,plain2_w16_gap,structured_template,retention_1,3,observed_prob_error_reduction,100,0.6050030320300466,0.593413053486867,0.6158411755305823
single_shape,plain2_w16_gap,structured_template,retention_1,3,additive_prob_error_reduction,100,0.610888646129463,0.5979704600250267,0.6233273720352794
single_shape,plain2_w16_gap,structured_template,retention_1,3,centered_residual_energy_ratio,100,0.0062138525330575674,0.005612885678018314,0.0068784761351373255
single_shape,plain2_w16_gap,structured_template,retention_1,3,centered_residual_norm_mpp,100,0.6515983149457292,0.6233523262894685,0.6809127994799368
single_shape,plain2_w16_gap,structured_template,retention_1,3,cancellation_mean,100,0.10298908950526478,0.09961916160567316,0.10641262952174929
single_shape,plain2_w16_gap,structured_template,retention_1,3,g_individual_sum_mpp,100,101.67067804982395,98.41408691072384,104.91087788128962
single_shape,plain2_w16_gap,structured_template,retention_1,3,g_cross_term_mpp,100,-40.147835001493775,-41.9660338788553,-38.391311448615944
single_shape,plain2_w16_gap,structured_template,retention_1,3,g_nonadditive_correction_mpp,100,-1.1527815545400568,-1.467478733474949,-0.849200521861656
single_shape,plain2_w16_gap,structured_template,retention_1,4,observed_centered_logit_fidelity,100,0.4785650361368045,0.4630881114932872,0.49400059195336893
single_shape,plain2_w16_gap,structured_template,retention_1,4,additive_centered_logit_fidelity,100,0.4999435103701871,0.4860398681503811,0.5134254610406102
single_shape,plain2_w16_gap,structured_template,retention_1,4,observed_prob_error_reduction,100,0.7268466903129611,0.7177758736519452,0.7358533175005986
single_shape,plain2_w16_gap,structured_template,retention_1,4,additive_prob_error_reduction,100,0.738960474027472,0.7284137505170779,0.7497589189215991
single_shape,plain2_w16_gap,structured_template,retention_1,4,centered_residual_energy_ratio,100,0.01233663353415675,0.010973646861496301,0.013773373557663419
single_shape,plain2_w16_gap,structured_template,retention_1,4,centered_residual_norm_mpp,100,0.8839752112908948,0.8453187287728691,0.9249204844244168
single_shape,plain2_w16_gap,structured_template,retention_1,4,cancellation_mean,100,0.20788824541459658,0.20164861464369505,0.2139468586400319
single_shape,plain2_w16_gap,structured_template,retention_1,4,g_individual_sum_mpp,100,129.91934232223898,125.47092162527942,134.43482274674872
single_shape,plain2_w16_gap,structured_template,retention_1,4,g_cross_term_mpp,100,-64.5197896190731,-67.72745185488768,-61.32012773102738
single_shape,plain2_w16_gap,structured_template,retention_1,4,g_nonadditive_correction_mpp,100,-3.4459444774657375,-4.264068016258884,-2.6854447444919445
single_shape,plain2_w16_gap,structured_template,retention_1,5,observed_centered_logit_fidelity,100,0.46511545333986976,0.44389363012563604,0.48602133500659384
single_shape,plain2_w16_gap,structured_template,retention_1,5,additive_centered_logit_fidelity,100,0.49810889273651715,0.47972990176639807,0.5165508193239773
single_shape,plain2_w16_gap,structured_template,retention_1,5,observed_prob_error_reduction,100,0.7974583379547966,0.788147815749262,0.806983810650932
single_shape,plain2_w16_gap,structured_template,retention_1,5,additive_prob_error_reduction,100,0.7981000778957947,0.7859224888991345,0.809949959182771
single_shape,plain2_w16_gap,structured_template,retention_1,5,centered_residual_energy_ratio,100,0.023113747429418435,0.020863741087595797,0.0255515995353974
single_shape,plain2_w16_gap,structured_template,retention_1,5,centered_residual_norm_mpp,100,1.2177710326749918,1.1623600423156322,1.2765981101373094
single_shape,plain2_w16_gap,structured_template,retention_1,5,cancellation_mean,100,0.29341340809841787,0.2862138043499367,0.3005173210889704
single_shape,plain2_w16_gap,structured_template,retention_1,5,g_individual_sum_mpp,100,151.37498367447068,146.126215381738,156.71308305163657
single_shape,plain2_w16_gap,structured_template,retention_1,5,g_cross_term_mpp,100,-87.15094029672431,-91.82167613559118,-82.39122613930904
single_shape,plain2_w16_gap,structured_template,retention_1,5,g_nonadditive_correction_mpp,100,-5.603934146701809,-6.893443340232811,-4.415103781642563
single_shape,plain2_w16_gap,structured_template,retention_1,6,observed_centered_logit_fidelity,100,0.4489772765034298,0.42243826071545193,0.4750206183929898
single_shape,plain2_w16_gap,structured_template,retention_1,6,additive_centered_logit_fidelity,100,0.48652306807841234,0.4633384843278844,0.5092495756982625
single_shape,plain2_w16_gap,structured_template,retention_1,6,observed_prob_error_reduction,100,0.8652418430513131,0.8539255929702257,0.8765560548480843
single_shape,plain2_w16_gap,structured_template,retention_1,6,additive_prob_error_reduction,100,0.8444206208013665,0.8331647210202171,0.8555041990931436
single_shape,plain2_w16_gap,structured_template,retention_1,6,centered_residual_energy_ratio,100,0.03926784508628139,0.03650870596320071,0.042167728777918176
single_shape,plain2_w16_gap,structured_template,retention_1,6,centered_residual_norm_mpp,100,1.6465280980487884,1.5838544040766769,1.710719421618645
single_shape,plain2_w16_gap,structured_template,retention_1,6,cancellation_mean,100,0.35747323816462107,0.3513060520991304,0.36375921622586105
single_shape,plain2_w16_gap,structured_template,retention_1,6,g_individual_sum_mpp,100,172.07308435605776,166.32554126293144,177.7606890638971
single_shape,plain2_w16_gap,structured_template,retention_1,6,g_cross_term_mpp,100,-109.87635148564607,-115.28600670461805,-104.69862802725007
single_shape,plain2_w16_gap,structured_template,retention_1,6,g_nonadditive_correction_mpp,100,-6.678450788159697,-8.24700860432718,-5.187716558663346
single_shape,plain2_w16_gap,structured_template,retention_1,7,observed_centered_logit_fidelity,100,0.5004984184655623,0.4768389981730932,0.5241610344729966
single_shape,plain2_w16_gap,structured_template,retention_1,7,additive_centered_logit_fidelity,100,0.5241474769096871,0.5024728100057948,0.5454289158077835
single_shape,plain2_w16_gap,structured_template,retention_1,7,observed_prob_error_reduction,100,0.9688283565043334,0.9556031820350227,0.9823555681076399
single_shape,plain2_w16_gap,structured_template,retention_1,7,additive_prob_error_reduction,100,0.9304885240430839,0.9177899399072947,0.9429947764783759
single_shape,plain2_w16_gap,structured_template,retention_1,7,centered_residual_energy_ratio,100,0.05225036653608142,0.04922003076397844,0.05533893614837409
single_shape,plain2_w16_gap,structured_template,retention_1,7,centered_residual_norm_mpp,100,1.9680928716127124,1.9081040640973255,2.029876599763256
single_shape,plain2_w16_gap,structured_template,retention_1,7,cancellation_mean,100,0.39207489415071206,0.3870606817149615,0.3971622414982389
single_shape,plain2_w16_gap,structured_template,retention_1,7,g_individual_sum_mpp,100,191.08189486452326,184.58160570686366,197.6743412035789
single_shape,plain2_w16_gap,structured_template,retention_1,7,g_cross_term_mpp,100,-123.57978519064086,-129.29543781080352,-117.97202315551107
single_shape,plain2_w16_gap,structured_template,retention_1,7,g_nonadditive_correction_mpp,100,-4.731292450835804,-6.438370078475388,-3.1468444690367545
single_shape,plain2_w16_gap,structured_template,retention_1,8,observed_centered_logit_fidelity,100,0.5972395961783361,0.5777950266424007,0.6163288436276568
single_shape,plain2_w16_gap,structured_template,retention_1,8,additive_centered_logit_fidelity,100,0.5885242462086469,0.5693013042446585,0.6070514413421508
single_shape,plain2_w16_gap,structured_template,retention_1,8,observed_prob_error_reduction,100,1.0558548488479704,1.0414154640379,1.0700937593460325
single_shape,plain2_w16_gap,structured_template,retention_1,8,additive_prob_error_reduction,100,0.9908481714662964,0.9784526376181729,1.003452505873587
single_shape,plain2_w16_gap,structured_template,retention_1,8,centered_residual_energy_ratio,100,0.06094818170816823,0.05759571564012394,0.06432615001461828
single_shape,plain2_w16_gap,structured_template,retention_1,8,centered_residual_norm_mpp,100,2.1845881298663503,2.1282857241849253,2.2406966015470573
single_shape,plain2_w16_gap,structured_template,retention_1,8,cancellation_mean,100,0.4323662276427086,0.4281964158638216,0.43658228719150044
single_shape,plain2_w16_gap,structured_template,retention_1,8,g_individual_sum_mpp,100,197.40149895302963,190.8002318264573,204.108180542679
single_shape,plain2_w16_gap,structured_template,retention_1,8,g_cross_term_mpp,100,-121.15019813347648,-126.64235670195907,-115.94296705839756
single_shape,plain2_w16_gap,structured_template,retention_1,8,g_nonadditive_correction_mpp,100,0.36626678855891137,-0.7428995084281763,1.5000786152172754
single_shape,plain2_w16_gap,structured_template,retention_1,9,observed_centered_logit_fidelity,100,0.7027549526799497,0.6905373288768157,0.7151925897922626
single_shape,plain2_w16_gap,structured_template,retention_1,9,additive_centered_logit_fidelity,100,0.665236188054262,0.6512606502024717,0.6786084588059864
single_shape,plain2_w16_gap,structured_template,retention_1,9,observed_prob_error_reduction,100,1.1520425356778583,1.1357327044051289,1.1682782495195407
single_shape,plain2_w16_gap,structured_template,retention_1,9,additive_prob_error_reduction,100,1.0452940329152585,1.0318307978720351,1.0582527901754004
single_shape,plain2_w16_gap,structured_template,retention_1,9,centered_residual_energy_ratio,100,0.06580448992496608,0.062422327949672125,0.06932821491598275
single_shape,plain2_w16_gap,structured_template,retention_1,9,centered_residual_norm_mpp,100,2.3309642548261755,2.2784731877613242,2.3856709071433992
single_shape,plain2_w16_gap,structured_template,retention_1,9,cancellation_mean,100,0.460249912028289,0.45641229017367113,0.46414587447003136
single_shape,plain2_w16_gap,structured_template,retention_1,9,g_individual_sum_mpp,100,201.4167646764321,195.01804338914548,207.99312230052118
single_shape,plain2_w16_gap,structured_template,retention_1,9,g_cross_term_mpp,100,-114.93059856672215,-119.7609572062248,-110.08613893713249
single_shape,plain2_w16_gap,structured_template,retention_1,9,g_nonadditive_correction_mpp,100,4.709945968774722,3.7446648919384944,5.694565385141496
single_shape,plain2_w16_gap,structured_template,retention_1,10,observed_centered_logit_fidelity,100,0.7680451314386435,0.7567547916468599,0.778773780242433
single_shape,plain2_w16_gap,structured_template,retention_1,10,additive_centered_logit_fidelity,100,0.7175870458158613,0.704823947920829,0.7296875082377561
single_shape,plain2_w16_gap,structured_template,retention_1,10,observed_prob_error_reduction,100,1.2111364104938405,1.1957780583864501,1.2265361022655574
single_shape,plain2_w16_gap,structured_template,retention_1,10,additive_prob_error_reduction,100,1.089516103245979,1.0756740061959762,1.103236962061725
single_shape,plain2_w16_gap,structured_template,retention_1,10,centered_residual_energy_ratio,100,0.07610408878214445,0.07146185119028384,0.08093325749324759
single_shape,plain2_w16_gap,structured_template,retention_1,10,centered_residual_norm_mpp,100,2.467187934162295,2.405415724704348,2.5306554913358084
single_shape,plain2_w16_gap,structured_template,retention_1,10,cancellation_mean,100,0.4859445692038338,0.48193028557373147,0.489843569441086
single_shape,plain2_w16_gap,structured_template,retention_1,10,g_individual_sum_mpp,100,199.57273411547197,193.05431880917953,205.9494792334622
single_shape,plain2_w16_gap,structured_template,retention_1,10,g_cross_term_mpp,100,-105.92926862980832,-110.69945252592846,-101.33936594311362
single_shape,plain2_w16_gap,structured_template,retention_1,10,g_nonadditive_correction_mpp,100,6.719235081812009,5.709803526030998,7.804926468789658
single_shape,plain2_w16_gap,structured_template,retention_1,11,observed_centered_logit_fidelity,100,0.8060719816015949,0.7978674733695126,0.8140045867475927
single_shape,plain2_w16_gap,structured_template,retention_1,11,additive_centered_logit_fidelity,100,0.7432868499825069,0.7319965102239894,0.7544217170991305
single_shape,plain2_w16_gap,structured_template,retention_1,11,observed_prob_error_reduction,100,1.2408572457620533,1.2268744295737117,1.2548688052475026
single_shape,plain2_w16_gap,structured_template,retention_1,11,additive_prob_error_reduction,100,1.1168593687930963,1.1040720053004993,1.129853028555888
single_shape,plain2_w16_gap,structured_template,retention_1,11,centered_residual_energy_ratio,100,0.08883515993396741,0.08269713357919185,0.09517780054797374
single_shape,plain2_w16_gap,structured_template,retention_1,11,centered_residual_norm_mpp,100,2.6168591713677927,2.540624158939736,2.6958034559511312
single_shape,plain2_w16_gap,structured_template,retention_1,11,cancellation_mean,100,0.5067600513924879,0.5028690515775851,0.510524978841639
single_shape,plain2_w16_gap,structured_template,retention_1,11,g_individual_sum_mpp,100,196.21388020697995,189.92361840428737,202.62520457624794
single_shape,plain2_w16_gap,structured_template,retention_1,11,g_cross_term_mpp,100,-98.81306940984864,-103.25737376643848,-94.61461559328586
single_shape,plain2_w16_gap,structured_template,retention_1,11,g_nonadditive_correction_mpp,100,8.446571828669553,7.253974566905186,9.753475668069411
single_shape,plain2_w16_gap,structured_template,retention_1,12,observed_centered_logit_fidelity,100,0.8388992058701865,0.832273456170165,0.8453136383165373
single_shape,plain2_w16_gap,structured_template,retention_1,12,additive_centered_logit_fidelity,100,0.7569237153107342,0.7449961340436052,0.7686106295858642
single_shape,plain2_w16_gap,structured_template,retention_1,12,observed_prob_error_reduction,100,1.266983651766646,1.2537467894359822,1.2802126618347704
single_shape,plain2_w16_gap,structured_template,retention_1,12,additive_prob_error_reduction,100,1.126142700785646,1.112893742854782,1.139066145590141
single_shape,plain2_w16_gap,structured_template,retention_1,12,centered_residual_energy_ratio,100,0.10708027498373665,0.0994873987027606,0.1151900060250379
single_shape,plain2_w16_gap,structured_template,retention_1,12,centered_residual_norm_mpp,100,2.8446754888787225,2.7534556070991685,2.9394179048700777
single_shape,plain2_w16_gap,structured_template,retention_1,12,cancellation_mean,100,0.5298294219238271,0.526108116330103,0.5335235013789005
single_shape,plain2_w16_gap,structured_template,retention_1,12,g_individual_sum_mpp,100,190.18519395885,184.26463383461603,196.28453163371847
single_shape,plain2_w16_gap,structured_template,retention_1,12,g_cross_term_mpp,100,-90.50104448087461,-94.48579334121821,-86.60387965295222
single_shape,plain2_w16_gap,structured_template,retention_1,12,g_nonadditive_correction_mpp,100,10.858236034859278,9.404819229847279,12.491552735428815
single_shape,plain2_w16_gap,structured_template,retention_1,13,observed_centered_logit_fidelity,100,0.8817485157310679,0.8756447310203653,0.8875891530618863
single_shape,plain2_w16_gap,structured_template,retention_1,13,additive_centered_logit_fidelity,100,0.7740146529908367,0.7607911036298171,0.7865892836287945
single_shape,plain2_w16_gap,structured_template,retention_1,13,observed_prob_error_reduction,100,1.303039846872436,1.290220289646274,1.3156963748813397
single_shape,plain2_w16_gap,structured_template,retention_1,13,additive_prob_error_reduction,100,1.122245183409891,1.1076163330337656,1.1364222978115661
single_shape,plain2_w16_gap,structured_template,retention_1,13,centered_residual_energy_ratio,100,0.13063907341162387,0.12114939434844649,0.1407977762268403
single_shape,plain2_w16_gap,structured_template,retention_1,13,centered_residual_norm_mpp,100,3.10522100210676,3.001183324610826,3.211178973711392
single_shape,plain2_w16_gap,structured_template,retention_1,13,cancellation_mean,100,0.553387278611176,0.5497266825060766,0.5569670271434698
single_shape,plain2_w16_gap,structured_template,retention_1,13,g_individual_sum_mpp,100,182.95074492349988,177.47025437760212,188.58419329684972
single_shape,plain2_w16_gap,structured_template,retention_1,13,g_cross_term_mpp,100,-80.41126397308174,-83.93595116103076,-77.11884298078583
single_shape,plain2_w16_gap,structured_template,retention_1,13,g_nonadditive_correction_mpp,100,13.915208344848192,12.385653660209572,15.547126135064792
single_shape,plain2_w16_gap,structured_template,retention_1,14,observed_centered_logit_fidelity,100,0.9376002073745694,0.9338663933957091,0.9411207082900783
single_shape,plain2_w16_gap,structured_template,retention_1,14,additive_centered_logit_fidelity,100,0.7852001732905558,0.7703608018110698,0.7989883475202106
single_shape,plain2_w16_gap,structured_template,retention_1,14,observed_prob_error_reduction,100,1.3647754796434828,1.3532731869294075,1.3761092038871279
single_shape,plain2_w16_gap,structured_template,retention_1,14,additive_prob_error_reduction,100,1.112255780273196,1.0977105039064028,1.1269985308198194
single_shape,plain2_w16_gap,structured_template,retention_1,14,centered_residual_energy_ratio,100,0.15930959939110015,0.14722049096952455,0.17219466364344602
single_shape,plain2_w16_gap,structured_template,retention_1,14,centered_residual_norm_mpp,100,3.404805961722951,3.288010717462023,3.53105986930435
single_shape,plain2_w16_gap,structured_template,retention_1,14,cancellation_mean,100,0.5739136799992796,0.5704317499261631,0.5773083831002173
single_shape,plain2_w16_gap,structured_template,retention_1,14,g_individual_sum_mpp,100,176.9739948839848,171.6404630089516,182.32019911467526
single_shape,plain2_w16_gap,structured_template,retention_1,14,g_cross_term_mpp,100,-72.7281112706762,-76.06694383226063,-69.51155397628615
single_shape,plain2_w16_gap,structured_template,retention_1,14,g_nonadditive_correction_mpp,100,19.125804205663187,17.392205836109518,20.95422898525401
single_shape,plain2_w16_gap,structured_template,retention_1,15,observed_centered_logit_fidelity,100,0.9774099670780143,0.9761654728238334,0.9786001534499014
single_shape,plain2_w16_gap,structured_template,retention_1,15,additive_centered_logit_fidelity,100,0.7867330320461311,0.7693298564345821,0.8025324731678901
single_shape,plain2_w16_gap,structured_template,retention_1,15,observed_prob_error_reduction,100,1.4165178301622865,1.4060891877721815,1.4270550928064152
single_shape,plain2_w16_gap,structured_template,retention_1,15,additive_prob_error_reduction,100,1.1051400827041986,1.0897939859574366,1.1195889079522374
single_shape,plain2_w16_gap,structured_template,retention_1,15,centered_residual_energy_ratio,100,0.1933112325578089,0.17782482526728532,0.21014604295920805
single_shape,plain2_w16_gap,structured_template,retention_1,15,centered_residual_norm_mpp,100,3.7392491921821254,3.6000003236476186,3.8832612803175808
single_shape,plain2_w16_gap,structured_template,retention_1,15,cancellation_mean,100,0.5913132679686709,0.5881377048107174,0.5944762466183614
single_shape,plain2_w16_gap,structured_template,retention_1,15,g_individual_sum_mpp,100,171.12049648676472,166.1161163647529,176.1286372754821
single_shape,plain2_w16_gap,structured_template,retention_1,15,g_cross_term_mpp,100,-66.29397466218273,-69.69693929609325,-63.01725608648821
single_shape,plain2_w16_gap,structured_template,retention_1,15,g_nonadditive_correction_mpp,100,23.552091390047426,21.600591236030162,25.66635321007506
single_shape,plain2_w16_gap,structured_template,retention_1,16,observed_centered_logit_fidelity,100,1.0,1.0,1.0
single_shape,plain2_w16_gap,structured_template,retention_1,16,additive_centered_logit_fidelity,100,0.7767362308601821,0.7574388337317011,0.7945728360941793
single_shape,plain2_w16_gap,structured_template,retention_1,16,observed_prob_error_reduction,100,1.4359997245699756,1.4253774362634626,1.446225484599628
single_shape,plain2_w16_gap,structured_template,retention_1,16,additive_prob_error_reduction,100,1.0999221681839833,1.0838846367559727,1.1153344739649635
single_shape,plain2_w16_gap,structured_template,retention_1,16,centered_residual_energy_ratio,100,0.2232637691398179,0.2050384738327985,0.24316170279870858
single_shape,plain2_w16_gap,structured_template,retention_1,16,centered_residual_norm_mpp,100,3.982685953084589,3.8299456408192216,4.142581896133278
single_shape,plain2_w16_gap,structured_template,retention_1,16,cancellation_mean,100,0.6078571654873346,0.6045363258503439,0.6111602483198106
single_shape,plain2_w16_gap,structured_template,retention_1,16,g_individual_sum_mpp,100,163.32667506765137,158.90340759743458,167.74854095285536
single_shape,plain2_w16_gap,structured_template,retention_1,16,g_cross_term_mpp,100,-59.48442940110701,-62.84598594925893,-56.23822352785101
single_shape,plain2_w16_gap,structured_template,retention_1,16,g_nonadditive_correction_mpp,100,27.458374542293424,25.255713305529852,29.853214929014374
single_shape,plain2_w16_gmp,pixel_permuted_template,release_default,0,observed_centered_logit_fidelity,100,0.0,0.0,0.0
single_shape,plain2_w16_gmp,pixel_permuted_template,release_default,0,additive_centered_logit_fidelity,100,0.0,0.0,0.0
single_shape,plain2_w16_gmp,pixel_permuted_template,release_default,0,observed_prob_error_reduction,100,0.0,0.0,0.0
single_shape,plain2_w16_gmp,pixel_permuted_template,release_default,0,additive_prob_error_reduction,100,0.0,0.0,0.0
single_shape,plain2_w16_gmp,pixel_permuted_template,release_default,0,centered_residual_energy_ratio,100,0.0,0.0,0.0
single_shape,plain2_w16_gmp,pixel_permuted_template,release_default,0,centered_residual_norm_mpp,100,0.0,0.0,0.0
single_shape,plain2_w16_gmp,pixel_permuted_template,release_default,0,cancellation_mean,0,,,
single_shape,plain2_w16_gmp,pixel_permuted_template,release_default,0,g_individual_sum_mpp,100,0.0,0.0,0.0
single_shape,plain2_w16_gmp,pixel_permuted_template,release_default,0,g_cross_term_mpp,100,0.0,0.0,0.0
single_shape,plain2_w16_gmp,pixel_permuted_template,release_default,0,g_nonadditive_correction_mpp,100,0.0,0.0,0.0
single_shape,plain2_w16_gmp,pixel_permuted_template,release_default,1,observed_centered_logit_fidelity,100,0.11176595029705962,0.10897164069183217,0.11462985297428895
single_shape,plain2_w16_gmp,pixel_permuted_template,release_default,1,additive_centered_logit_fidelity,100,0.11176595029705962,0.1088997265700682,0.11455291284573403
single_shape,plain2_w16_gmp,pixel_permuted_template,release_default,1,observed_prob_error_reduction,100,0.002176551202015627,0.0019957198258639596,0.0023708525714902936
single_shape,plain2_w16_gmp,pixel_permuted_template,release_default,1,additive_prob_error_reduction,100,0.002176551202015627,0.0019854424020640075,0.0023701995362467787
single_shape,plain2_w16_gmp,pixel_permuted_template,release_default,1,centered_residual_energy_ratio,100,0.0,0.0,0.0
single_shape,plain2_w16_gmp,pixel_permuted_template,release_default,1,centered_residual_norm_mpp,100,0.0,0.0,0.0
single_shape,plain2_w16_gmp,pixel_permuted_template,release_default,1,cancellation_mean,100,0.0,0.0,0.0
single_shape,plain2_w16_gmp,pixel_permuted_template,release_default,1,g_individual_sum_mpp,100,45.949368123489066,44.44743993630424,47.484444063537374
single_shape,plain2_w16_gmp,pixel_permuted_template,release_default,1,g_cross_term_mpp,100,0.0,0.0,0.0
single_shape,plain2_w16_gmp,pixel_permuted_template,release_default,1,g_nonadditive_correction_mpp,100,0.0,0.0,0.0
single_shape,plain2_w16_gmp,pixel_permuted_template,release_default,2,observed_centered_logit_fidelity,100,0.22138809471665055,0.21787187923077464,0.2249238287602621
single_shape,plain2_w16_gmp,pixel_permuted_template,release_default,2,additive_centered_logit_fidelity,100,0.20535275407367862,0.2019130345918696,0.20870013719643302
single_shape,plain2_w16_gmp,pixel_permuted_template,release_default,2,observed_prob_error_reduction,100,0.015773666990631728,0.014272680541334116,0.01742020023771034
single_shape,plain2_w16_gmp,pixel_permuted_template,release_default,2,additive_prob_error_reduction,100,0.014105395058243908,0.012758999919914733,0.015669889951466367
single_shape,plain2_w16_gmp,pixel_permuted_template,release_default,2,centered_residual_energy_ratio,100,0.0013156490723348988,0.0012496259792253743,0.0013847574776538994
single_shape,plain2_w16_gmp,pixel_permuted_template,release_default,2,centered_residual_norm_mpp,100,0.5793913711864804,0.5666919359490813,0.5926132653465441
single_shape,plain2_w16_gmp,pixel_permuted_template,release_default,2,cancellation_mean,100,0.09369562839714549,0.09046200503376815,0.09707617429736158
single_shape,plain2_w16_gmp,pixel_permuted_template,release_default,2,g_individual_sum_mpp,100,90.42105935079132,88.11105114494741,92.85122243844833
single_shape,plain2_w16_gmp,pixel_permuted_template,release_default,2,g_cross_term_mpp,100,-5.961837472405381,-6.23262091313386,-5.7110694483345945
single_shape,plain2_w16_gmp,pixel_permuted_template,release_default,2,g_nonadditive_correction_mpp,100,6.607372021567561,6.123870735643127,7.0919925934544965
single_shape,plain2_w16_gmp,pixel_permuted_template,release_default,3,observed_centered_logit_fidelity,100,0.3237147975458717,0.3199114581815982,0.32754981973447755
single_shape,plain2_w16_gmp,pixel_permuted_template,release_default,3,additive_centered_logit_fidelity,100,0.2838046182866727,0.2799474261109361,0.2877710494630311
single_shape,plain2_w16_gmp,pixel_permuted_template,release_default,3,observed_prob_error_reduction,100,0.07334768577929786,0.06863853644265365,0.07838192498239599
single_shape,plain2_w16_gmp,pixel_permuted_template,release_default,3,additive_prob_error_reduction,100,0.05943011396302149,0.05559238044542739,0.06367046223975764
single_shape,plain2_w16_gmp,pixel_permuted_template,release_default,3,centered_residual_energy_ratio,100,0.005159308071960292,0.004884640685077267,0.005451240906825639
single_shape,plain2_w16_gmp,pixel_permuted_template,release_default,3,centered_residual_norm_mpp,100,1.1417679624740567,1.1168235732499043,1.1673113259671217
single_shape,plain2_w16_gmp,pixel_permuted_template,release_default,3,cancellation_mean,100,0.13517688714081325,0.13248122908031093,0.13791234548434034
single_shape,plain2_w16_gmp,pixel_permuted_template,release_default,3,g_individual_sum_mpp,100,133.36460500358697,130.07492281899854,136.65821578490548
single_shape,plain2_w16_gmp,pixel_permuted_template,release_default,3,g_cross_term_mpp,100,-16.634811942477658,-17.27777094874146,-16.03819710426661
single_shape,plain2_w16_gmp,pixel_permuted_template,release_default,3,g_nonadditive_correction_mpp,100,16.367498964689307,15.486724663067994,17.252559100282713
single_shape,plain2_w16_gmp,pixel_permuted_template,release_default,4,observed_centered_logit_fidelity,100,0.418046679069406,0.4138634963436825,0.4221034250496496
single_shape,plain2_w16_gmp,pixel_permuted_template,release_default,4,additive_centered_logit_fidelity,100,0.3501159551284261,0.3455636671633907,0.3546457434972041
single_shape,plain2_w16_gmp,pixel_permuted_template,release_default,4,observed_prob_error_reduction,100,0.21060371156508254,0.2016434602344631,0.22020112230643674
single_shape,plain2_w16_gmp,pixel_permuted_template,release_default,4,additive_prob_error_reduction,100,0.1654202719874431,0.15855970971110725,0.1725106581543169
single_shape,plain2_w16_gmp,pixel_permuted_template,release_default,4,centered_residual_energy_ratio,100,0.012084968300883204,0.011480359891487787,0.012711183157861109
single_shape,plain2_w16_gmp,pixel_permuted_template,release_default,4,centered_residual_norm_mpp,100,1.7708647680411915,1.7333725006990597,1.8096608397765954
single_shape,plain2_w16_gmp,pixel_permuted_template,release_default,4,cancellation_mean,100,0.15715002737194558,0.15427629664929982,0.16005561112409689
single_shape,plain2_w16_gmp,pixel_permuted_template,release_default,4,g_individual_sum_mpp,100,175.24626628910175,171.00730074850057,179.63956325525896
single_shape,plain2_w16_gmp,pixel_permuted_template,release_default,4,g_cross_term_mpp,100,-31.22657006127081,-32.21348512744633,-30.249729769952424
single_shape,plain2_w16_gmp,pixel_permuted_template,release_default,4,g_nonadditive_correction_mpp,100,27.84135602719279,26.53523199176275,29.128867765746588
single_shape,plain2_w16_gmp,pixel_permuted_template,release_default,5,observed_centered_logit_fidelity,100,0.5027043715796292,0.4985793140921287,0.5067919631485942
single_shape,plain2_w16_gmp,pixel_permuted_template,release_default,5,additive_centered_logit_fidelity,100,0.4039774684827826,0.399038466651121,0.408837234993239
single_shape,plain2_w16_gmp,pixel_permuted_template,release_default,5,observed_prob_error_reduction,100,0.4360675880241582,0.4231889143603603,0.44928113256961016
single_shape,plain2_w16_gmp,pixel_permuted_template,release_default,5,additive_prob_error_reduction,100,0.3188702082141427,0.30797261707922907,0.33016872479400383
single_shape,plain2_w16_gmp,pixel_permuted_template,release_default,5,centered_residual_energy_ratio,100,0.02268360451304284,0.021600233923653612,0.02387235727844677
single_shape,plain2_w16_gmp,pixel_permuted_template,release_default,5,centered_residual_norm_mpp,100,2.463647402737303,2.414409115003589,2.5141800427078103
single_shape,plain2_w16_gmp,pixel_permuted_template,release_default,5,cancellation_mean,100,0.1747661102246554,0.1717679257934213,0.17782813989213034
single_shape,plain2_w16_gmp,pixel_permuted_template,release_default,5,g_individual_sum_mpp,100,215.32005500465849,210.2842162422558,220.5341020455511
single_shape,plain2_w16_gmp,pixel_permuted_template,release_default,5,g_cross_term_mpp,100,-49.19422026992951,-50.686789279904,-47.684402020483304
single_shape,plain2_w16_gmp,pixel_permuted_template,release_default,5,g_nonadditive_correction_mpp,100,40.48762762511713,38.91712533057423,42.136936775257816
single_shape,plain2_w16_gmp,pixel_permuted_template,release_default,6,observed_centered_logit_fidelity,100,0.5825315833996911,0.5786670227540447,0.5863131358671607
single_shape,plain2_w16_gmp,pixel_permuted_template,release_default,6,additive_centered_logit_fidelity,100,0.44882412186048853,0.44353810385146647,0.45395582745705065
single_shape,plain2_w16_gmp,pixel_permuted_template,release_default,6,observed_prob_error_reduction,100,0.7227163029582298,0.7079605155007461,0.7369356079447061
single_shape,plain2_w16_gmp,pixel_permuted_template,release_default,6,additive_prob_error_reduction,100,0.47844546075907807,0.46656451101658564,0.49065266723556084
single_shape,plain2_w16_gmp,pixel_permuted_template,release_default,6,centered_residual_energy_ratio,100,0.03855021652651614,0.0368048095427879,0.04045018839545731
single_shape,plain2_w16_gmp,pixel_permuted_template,release_default,6,centered_residual_norm_mpp,100,3.245790647991659,3.183967871185526,3.3091689092143226
single_shape,plain2_w16_gmp,pixel_permuted_template,release_default,6,cancellation_mean,100,0.18753074704346603,0.18448000963790864,0.19045555830447786
single_shape,plain2_w16_gmp,pixel_permuted_template,release_default,6,g_individual_sum_mpp,100,255.31357972758306,249.50626650654687,261.4631375680765
single_shape,plain2_w16_gmp,pixel_permuted_template,release_default,6,g_cross_term_mpp,100,-70.70071654058454,-72.56722011404705,-68.85514944467782
single_shape,plain2_w16_gmp,pixel_permuted_template,release_default,6,g_nonadditive_correction_mpp,100,54.822063291460026,52.85561715035439,56.81310279495168
single_shape,plain2_w16_gmp,pixel_permuted_template,release_default,7,observed_centered_logit_fidelity,100,0.6529069249372074,0.6491567515359358,0.6565921775809586
single_shape,plain2_w16_gmp,pixel_permuted_template,release_default,7,additive_centered_logit_fidelity,100,0.4827532085490359,0.47730965632433325,0.48822614064153796
single_shape,plain2_w16_gmp,pixel_permuted_template,release_default,7,observed_prob_error_reduction,100,1.0192124448914088,1.004498316994444,1.0336925934030372
single_shape,plain2_w16_gmp,pixel_permuted_template,release_default,7,additive_prob_error_reduction,100,0.6120533020815737,0.5988271600876391,0.6250340526385412
single_shape,plain2_w16_gmp,pixel_permuted_template,release_default,7,centered_residual_energy_ratio,100,0.058864974315003774,0.056611367741093474,0.06135313144541246
single_shape,plain2_w16_gmp,pixel_permuted_template,release_default,7,centered_residual_norm_mpp,100,4.078492742155067,4.006776739463037,4.15301171940605
single_shape,plain2_w16_gmp,pixel_permuted_template,release_default,7,cancellation_mean,100,0.19895677395742772,0.19617145402098612,0.20171752627112302
single_shape,plain2_w16_gmp,pixel_permuted_template,release_default,7,g_individual_sum_mpp,100,293.8279685947724,287.4713229688455,300.5455669848545
single_shape,plain2_w16_gmp,pixel_permuted_template,release_default,7,g_cross_term_mpp,100,-95.23485660412547,-97.64193160287088,-92.88589343110617
single_shape,plain2_w16_gmp,pixel_permuted_template,release_default,7,g_nonadditive_correction_mpp,100,69.78052427088868,67.57503149312632,71.97840816124874
single_shape,plain2_w16_gmp,pixel_permuted_template,release_default,8,observed_centered_logit_fidelity,100,0.718474174247289,0.7148564880249529,0.7219332053473791
single_shape,plain2_w16_gmp,pixel_permuted_template,release_default,8,additive_centered_logit_fidelity,100,0.509438839941313,0.5037752533621324,0.515089896293149
single_shape,plain2_w16_gmp,pixel_permuted_template,release_default,8,observed_prob_error_reduction,100,1.3042459770650163,1.2892778403364447,1.318838860236007
single_shape,plain2_w16_gmp,pixel_permuted_template,release_default,8,additive_prob_error_reduction,100,0.7231282640318583,0.7097811455725319,0.7365625399301646
single_shape,plain2_w16_gmp,pixel_permuted_template,release_default,8,centered_residual_energy_ratio,100,0.08511633949549843,0.08205932028483351,0.08830086182343454
single_shape,plain2_w16_gmp,pixel_permuted_template,release_default,8,centered_residual_norm_mpp,100,4.98293902028329,4.897241749118556,5.071495085038448
single_shape,plain2_w16_gmp,pixel_permuted_template,release_default,8,cancellation_mean,100,0.20827239467019543,0.2052025303218693,0.21119359769466775
single_shape,plain2_w16_gmp,pixel_permuted_template,release_default,8,g_individual_sum_mpp,100,332.63442472252785,325.87022317657704,339.8572976112533
single_shape,plain2_w16_gmp,pixel_permuted_template,release_default,8,g_cross_term_mpp,100,-123.20861224305192,-126.14133250350815,-120.4494795262639
single_shape,plain2_w16_gmp,pixel_permuted_template,release_default,8,g_nonadditive_correction_mpp,100,85.77760872477587,83.20177167064308,88.36881875206919
single_shape,plain2_w16_gmp,pixel_permuted_template,release_default,9,observed_centered_logit_fidelity,100,0.777342955906463,0.7742045172007518,0.7803590238338998
single_shape,plain2_w16_gmp,pixel_permuted_template,release_default,9,additive_centered_logit_fidelity,100,0.5261424490464666,0.5204842708689713,0.5317225732244178
single_shape,plain2_w16_gmp,pixel_permuted_template,release_default,9,observed_prob_error_reduction,100,1.548473543279821,1.5348834879318731,1.5620819893971523
single_shape,plain2_w16_gmp,pixel_permuted_template,release_default,9,additive_prob_error_reduction,100,0.8031434731463868,0.7894140573638729,0.8166279121318867
single_shape,plain2_w16_gmp,pixel_permuted_template,release_default,9,centered_residual_energy_ratio,100,0.11774101965272736,0.11415040920930161,0.12136212213248503
single_shape,plain2_w16_gmp,pixel_permuted_template,release_default,9,centered_residual_norm_mpp,100,5.944830100564835,5.848201691238704,6.041474602346973
single_shape,plain2_w16_gmp,pixel_permuted_template,release_default,9,cancellation_mean,100,0.21626404932061472,0.2133097306554408,0.2191839753908623
single_shape,plain2_w16_gmp,pixel_permuted_template,release_default,9,g_individual_sum_mpp,100,370.40379286783815,362.9683326737523,378.14184517986337
single_shape,plain2_w16_gmp,pixel_permuted_template,release_default,9,g_cross_term_mpp,100,-154.1206182074467,-157.71786041749817,-150.68587402596197
single_shape,plain2_w16_gmp,pixel_permuted_template,release_default,9,g_nonadditive_correction_mpp,100,103.01363806470283,100.2667375783322,105.78708703804418
single_shape,plain2_w16_gmp,pixel_permuted_template,release_default,10,observed_centered_logit_fidelity,100,0.8294144427909952,0.8267030180370097,0.8321111408075539
single_shape,plain2_w16_gmp,pixel_permuted_template,release_default,10,additive_centered_logit_fidelity,100,0.5326850061327717,0.5267771659351164,0.5385317927003065
single_shape,plain2_w16_gmp,pixel_permuted_template,release_default,10,observed_prob_error_reduction,100,1.7530676227702042,1.7424272513220997,1.7632504614614846
single_shape,plain2_w16_gmp,pixel_permuted_template,release_default,10,additive_prob_error_reduction,100,0.8556332532676875,0.8408083847150105,0.8698218248042906
single_shape,plain2_w16_gmp,pixel_permuted_template,release_default,10,centered_residual_energy_ratio,100,0.15815574895265946,0.15414457083559696,0.1624133258765643
single_shape,plain2_w16_gmp,pixel_permuted_template,release_default,10,centered_residual_norm_mpp,100,6.9880546550336815,6.88725642773568,7.088651411218266
single_shape,plain2_w16_gmp,pixel_permuted_template,release_default,10,cancellation_mean,100,0.22430742477237367,0.22143024565715447,0.22723359386065775
single_shape,plain2_w16_gmp,pixel_permuted_template,release_default,10,g_individual_sum_mpp,100,407.2198159819461,399.12333768196277,415.6582434090605
single_shape,plain2_w16_gmp,pixel_permuted_template,release_default,10,g_cross_term_mpp,100,-188.16936604681914,-192.3146875851559,-184.1723738840289
single_shape,plain2_w16_gmp,pixel_permuted_template,release_default,10,g_nonadditive_correction_mpp,100,121.56020465765289,118.62388039876335,124.58142223239413
single_shape,plain2_w16_gmp,pixel_permuted_template,release_default,11,observed_centered_logit_fidelity,100,0.8761016345130873,0.8739382240437569,0.8782406979342021
single_shape,plain2_w16_gmp,pixel_permuted_template,release_default,11,additive_centered_logit_fidelity,100,0.5306466244544291,0.5243895743422037,0.536868326965532
single_shape,plain2_w16_gmp,pixel_permuted_template,release_default,11,observed_prob_error_reduction,100,1.8984720989952002,1.8915931280470664,1.9049402711751109
single_shape,plain2_w16_gmp,pixel_permuted_template,release_default,11,additive_prob_error_reduction,100,0.8871212852971686,0.8726844194912629,0.9015114315509425
single_shape,plain2_w16_gmp,pixel_permuted_template,release_default,11,centered_residual_energy_ratio,100,0.20782665090474894,0.20354660730973767,0.21231911435226775
single_shape,plain2_w16_gmp,pixel_permuted_template,release_default,11,centered_residual_norm_mpp,100,8.115463643058895,8.015066139298916,8.216317966869745
single_shape,plain2_w16_gmp,pixel_permuted_template,release_default,11,cancellation_mean,100,0.23119899830205523,0.2281855432739172,0.23411540545448062
single_shape,plain2_w16_gmp,pixel_permuted_template,release_default,11,g_individual_sum_mpp,100,444.0561529847738,435.2834133226217,453.07133850362675
single_shape,plain2_w16_gmp,pixel_permuted_template,release_default,11,g_cross_term_mpp,100,-225.73788383176117,-230.612071388022,-220.92769105079603
single_shape,plain2_w16_gmp,pixel_permuted_template,release_default,11,g_nonadditive_correction_mpp,100,141.42840353149842,138.28385673009183,144.52509441366263
single_shape,plain2_w16_gmp,pixel_permuted_template,release_default,12,observed_centered_logit_fidelity,100,0.9152814374518211,0.9135070633945018,0.9170343949414476
single_shape,plain2_w16_gmp,pixel_permuted_template,release_default,12,additive_centered_logit_fidelity,100,0.5181201711331326,0.5115843485096331,0.5248668009774068
single_shape,plain2_w16_gmp,pixel_permuted_template,release_default,12,observed_prob_error_reduction,100,1.969711526615165,1.9662773369246813,1.9728508683232533
single_shape,plain2_w16_gmp,pixel_permuted_template,release_default,12,additive_prob_error_reduction,100,0.8987317142614135,0.8842808207106653,0.9129452312537137
single_shape,plain2_w16_gmp,pixel_permuted_template,release_default,12,centered_residual_energy_ratio,100,0.2678590453438488,0.26283609295207594,0.2728583382452963
single_shape,plain2_w16_gmp,pixel_permuted_template,release_default,12,centered_residual_norm_mpp,100,9.324631941604842,9.21908334994114,9.431402883526232
single_shape,plain2_w16_gmp,pixel_permuted_template,release_default,12,cancellation_mean,100,0.23748683318739608,0.2346914683536767,0.24023815266293091
single_shape,plain2_w16_gmp,pixel_permuted_template,release_default,12,g_individual_sum_mpp,100,479.92678241285256,470.8353698282503,489.67598170159215
single_shape,plain2_w16_gmp,pixel_permuted_template,release_default,12,g_cross_term_mpp,100,-266.6590130078646,-272.3214387262506,-261.24528468021384
single_shape,plain2_w16_gmp,pixel_permuted_template,release_default,12,g_nonadditive_correction_mpp,100,162.55179777407238,159.0037464068655,166.1916481808858
single_shape,plain2_w16_gmp,pixel_permuted_template,release_default,13,observed_centered_logit_fidelity,100,0.9475541846132242,0.9463356055101637,0.9487511512430375
single_shape,plain2_w16_gmp,pixel_permuted_template,release_default,13,additive_centered_logit_fidelity,100,0.496345708522665,0.48919272352710813,0.5034557679690932
single_shape,plain2_w16_gmp,pixel_permuted_template,release_default,13,observed_prob_error_reduction,100,1.9917681870964368,1.9907605814684033,1.9927137308661853
single_shape,plain2_w16_gmp,pixel_permuted_template,release_default,13,additive_prob_error_reduction,100,0.893063020081092,0.8798365452336278,0.9060473576252766
single_shape,plain2_w16_gmp,pixel_permuted_template,release_default,13,centered_residual_energy_ratio,100,0.33606133187699905,0.33027680816235966,0.3417174628214586
single_shape,plain2_w16_gmp,pixel_permuted_template,release_default,13,centered_residual_norm_mpp,100,10.577740420875262,10.461798127717211,10.69028280359203
single_shape,plain2_w16_gmp,pixel_permuted_template,release_default,13,cancellation_mean,100,0.24319561737732104,0.24020164469954566,0.24610130717349996
single_shape,plain2_w16_gmp,pixel_permuted_template,release_default,13,g_individual_sum_mpp,100,515.1611781263506,505.227066443083,525.1474833914516
single_shape,plain2_w16_gmp,pixel_permuted_template,release_default,13,g_cross_term_mpp,100,-310.77690967761947,-317.0626507180942,-304.5820200440432
single_shape,plain2_w16_gmp,pixel_permuted_template,release_default,13,g_nonadditive_correction_mpp,100,184.6452686835911,180.8040667629538,188.59347721659492
single_shape,plain2_w16_gmp,pixel_permuted_template,release_default,14,observed_centered_logit_fidelity,100,0.9728246659631834,0.9720383880884295,0.9735976196852052
single_shape,plain2_w16_gmp,pixel_permuted_template,release_default,14,additive_centered_logit_fidelity,100,0.46153666034655116,0.4538597610420659,0.46896846542083626
single_shape,plain2_w16_gmp,pixel_permuted_template,release_default,14,observed_prob_error_reduction,100,1.996420342197914,1.9958566031404978,1.9969143643374259
single_shape,plain2_w16_gmp,pixel_permuted_template,release_default,14,additive_prob_error_reduction,100,0.8653692716057461,0.853524058920299,0.877672259145742
single_shape,plain2_w16_gmp,pixel_permuted_template,release_default,14,centered_residual_energy_ratio,100,0.42099989747375316,0.41415748870927543,0.42803347664791236
single_shape,plain2_w16_gmp,pixel_permuted_template,release_default,14,centered_residual_norm_mpp,100,11.97919585380983,11.856395762032959,12.10023335988078
single_shape,plain2_w16_gmp,pixel_permuted_template,release_default,14,cancellation_mean,100,0.24898050426516685,0.24610264065515042,0.2518289033731347
single_shape,plain2_w16_gmp,pixel_permuted_template,release_default,14,g_individual_sum_mpp,100,548.345004155401,537.881535645712,558.6415421318336
single_shape,plain2_w16_gmp,pixel_permuted_template,release_default,14,g_cross_term_mpp,100,-358.1720592514766,-365.1728941141106,-351.30377175546033
single_shape,plain2_w16_gmp,pixel_permuted_template,release_default,14,g_nonadditive_correction_mpp,100,209.17423259149058,204.74084251303807,213.4858031179944
single_shape,plain2_w16_gmp,pixel_permuted_template,release_default,15,observed_centered_logit_fidelity,100,0.9908608468099197,0.9905612918984666,0.9911527934126569
single_shape,plain2_w16_gmp,pixel_permuted_template,release_default,15,additive_centered_logit_fidelity,100,0.4172422961607375,0.40850816921405086,0.4256433653203742
single_shape,plain2_w16_gmp,pixel_permuted_template,release_default,15,observed_prob_error_reduction,100,1.9971883474188936,1.9967912898037345,1.997555566949782
single_shape,plain2_w16_gmp,pixel_permuted_template,release_default,15,additive_prob_error_reduction,100,0.8307040180394142,0.8199794428487003,0.8419236196064075
single_shape,plain2_w16_gmp,pixel_permuted_template,release_default,15,centered_residual_energy_ratio,100,0.5200617450838854,0.5119762528875585,0.5281478568922048
single_shape,plain2_w16_gmp,pixel_permuted_template,release_default,15,centered_residual_norm_mpp,100,13.459793137327424,13.325245108786923,13.595818391066297
single_shape,plain2_w16_gmp,pixel_permuted_template,release_default,15,cancellation_mean,100,0.2540046471149776,0.25101309061684185,0.25688002578324987
single_shape,plain2_w16_gmp,pixel_permuted_template,release_default,15,g_individual_sum_mpp,100,582.3734058795632,571.5923584080377,593.8799946969649
single_shape,plain2_w16_gmp,pixel_permuted_template,release_default,15,g_cross_term_mpp,100,-410.2760672185431,-418.67225943045565,-402.3053000400933
single_shape,plain2_w16_gmp,pixel_permuted_template,release_default,15,g_nonadditive_correction_mpp,100,234.60098047896489,229.7717885533498,239.40475099771774
single_shape,plain2_w16_gmp,pixel_permuted_template,release_default,16,observed_centered_logit_fidelity,100,1.0,1.0,1.0
single_shape,plain2_w16_gmp,pixel_permuted_template,release_default,16,additive_centered_logit_fidelity,100,0.35801812390908244,0.348676973000887,0.36737506302143796
single_shape,plain2_w16_gmp,pixel_permuted_template,release_default,16,observed_prob_error_reduction,100,1.997296457595325,1.9969163373513543,1.9976367674751059
single_shape,plain2_w16_gmp,pixel_permuted_template,release_default,16,additive_prob_error_reduction,100,0.7831219458549818,0.7731275588364922,0.793260306911539
single_shape,plain2_w16_gmp,pixel_permuted_template,release_default,16,centered_residual_energy_ratio,100,0.6419818760909176,0.6326509710722248,0.6516119299931566
single_shape,plain2_w16_gmp,pixel_permuted_template,release_default,16,centered_residual_norm_mpp,100,15.078321620435329,14.93314204509801,15.22462728881726
single_shape,plain2_w16_gmp,pixel_permuted_template,release_default,16,cancellation_mean,100,0.25879001520853095,0.2558822822230909,0.2617103203417657
single_shape,plain2_w16_gmp,pixel_permuted_template,release_default,16,g_individual_sum_mpp,100,614.0400529727943,602.4339821857609,625.4719693602706
single_shape,plain2_w16_gmp,pixel_permuted_template,release_default,16,g_cross_term_mpp,100,-466.11546088228306,-475.45471209451205,-457.41133978285734
single_shape,plain2_w16_gmp,pixel_permuted_template,release_default,16,g_nonadditive_correction_mpp,100,262.5088540016799,257.3323266466876,267.87309516235945
single_shape,plain2_w16_gmp,pixel_permuted_template,retention_1,0,observed_centered_logit_fidelity,100,0.0,0.0,0.0
single_shape,plain2_w16_gmp,pixel_permuted_template,retention_1,0,additive_centered_logit_fidelity,100,0.0,0.0,0.0
single_shape,plain2_w16_gmp,pixel_permuted_template,retention_1,0,observed_prob_error_reduction,100,0.0,0.0,0.0
single_shape,plain2_w16_gmp,pixel_permuted_template,retention_1,0,additive_prob_error_reduction,100,0.0,0.0,0.0
single_shape,plain2_w16_gmp,pixel_permuted_template,retention_1,0,centered_residual_energy_ratio,100,0.0,0.0,0.0
single_shape,plain2_w16_gmp,pixel_permuted_template,retention_1,0,centered_residual_norm_mpp,100,0.0,0.0,0.0
single_shape,plain2_w16_gmp,pixel_permuted_template,retention_1,0,cancellation_mean,0,,,
single_shape,plain2_w16_gmp,pixel_permuted_template,retention_1,0,g_individual_sum_mpp,100,0.0,0.0,0.0
single_shape,plain2_w16_gmp,pixel_permuted_template,retention_1,0,g_cross_term_mpp,100,0.0,0.0,0.0
single_shape,plain2_w16_gmp,pixel_permuted_template,retention_1,0,g_nonadditive_correction_mpp,100,0.0,0.0,0.0
single_shape,plain2_w16_gmp,pixel_permuted_template,retention_1,1,observed_centered_logit_fidelity,100,0.10764983370726283,0.1044492340618439,0.11083283960639585
single_shape,plain2_w16_gmp,pixel_permuted_template,retention_1,1,additive_centered_logit_fidelity,100,0.10764983370726283,0.10446334029742055,0.11086345306435648
single_shape,plain2_w16_gmp,pixel_permuted_template,retention_1,1,observed_prob_error_reduction,100,0.012109106562978023,0.011536146377375999,0.012722259567725413
single_shape,plain2_w16_gmp,pixel_permuted_template,retention_1,1,additive_prob_error_reduction,100,0.012109106562978023,0.011532719018511156,0.012735066461298223
single_shape,plain2_w16_gmp,pixel_permuted_template,retention_1,1,centered_residual_energy_ratio,100,0.0,0.0,0.0
single_shape,plain2_w16_gmp,pixel_permuted_template,retention_1,1,centered_residual_norm_mpp,100,0.0,0.0,0.0
single_shape,plain2_w16_gmp,pixel_permuted_template,retention_1,1,cancellation_mean,100,0.0,0.0,0.0
single_shape,plain2_w16_gmp,pixel_permuted_template,retention_1,1,g_individual_sum_mpp,100,19.323180963444145,18.657753239970226,19.99592455594228
single_shape,plain2_w16_gmp,pixel_permuted_template,retention_1,1,g_cross_term_mpp,100,0.0,0.0,0.0
single_shape,plain2_w16_gmp,pixel_permuted_template,retention_1,1,g_nonadditive_correction_mpp,100,0.0,0.0,0.0
single_shape,plain2_w16_gmp,pixel_permuted_template,retention_1,2,observed_centered_logit_fidelity,100,0.21316622604535598,0.20902121463812307,0.2173711517726153
single_shape,plain2_w16_gmp,pixel_permuted_template,retention_1,2,additive_centered_logit_fidelity,100,0.19684637403280053,0.19259654704186832,0.20115616909178358
single_shape,plain2_w16_gmp,pixel_permuted_template,retention_1,2,observed_prob_error_reduction,100,0.05246094261520162,0.04991703498591493,0.05510153617606812
single_shape,plain2_w16_gmp,pixel_permuted_template,retention_1,2,additive_prob_error_reduction,100,0.04792117470319221,0.04579145798842985,0.05016402150401207
single_shape,plain2_w16_gmp,pixel_permuted_template,retention_1,2,centered_residual_energy_ratio,100,0.0019508870244318306,0.0018592335948871153,0.002048041509682287
single_shape,plain2_w16_gmp,pixel_permuted_template,retention_1,2,centered_residual_norm_mpp,100,0.468323471584122,0.45898267312416424,0.47789697840461076
single_shape,plain2_w16_gmp,pixel_permuted_template,retention_1,2,cancellation_mean,100,0.10291739025271897,0.09984626327255638,0.10609855937237177
single_shape,plain2_w16_gmp,pixel_permuted_template,retention_1,2,g_individual_sum_mpp,100,37.910084882730686,36.906339329048514,38.946612280455064
single_shape,plain2_w16_gmp,pixel_permuted_template,retention_1,2,g_cross_term_mpp,100,-2.621447897487826,-2.728932591415486,-2.5199635541800673
single_shape,plain2_w16_gmp,pixel_permuted_template,retention_1,2,g_nonadditive_correction_mpp,100,2.938935079054486,2.6795473882907577,3.1988980613698232
single_shape,plain2_w16_gmp,pixel_permuted_template,retention_1,3,observed_centered_logit_fidelity,100,0.31147121460645294,0.3070473064622052,0.31587766639969517
single_shape,plain2_w16_gmp,pixel_permuted_template,retention_1,3,additive_centered_logit_fidelity,100,0.27054373586723146,0.26549311558813965,0.27556191527305635
single_shape,plain2_w16_gmp,pixel_permuted_template,retention_1,3,observed_prob_error_reduction,100,0.14776648937720316,0.14160885617124913,0.15405120929780816
single_shape,plain2_w16_gmp,pixel_permuted_template,retention_1,3,additive_prob_error_reduction,100,0.1281885142289864,0.12299307872400561,0.13360307456292855
single_shape,plain2_w16_gmp,pixel_permuted_template,retention_1,3,centered_residual_energy_ratio,100,0.006728926324127315,0.006393674307098357,0.00707288801084634
single_shape,plain2_w16_gmp,pixel_permuted_template,retention_1,3,centered_residual_norm_mpp,100,0.878110608364792,0.8612433257627945,0.895736341818261
single_shape,plain2_w16_gmp,pixel_permuted_template,retention_1,3,cancellation_mean,100,0.14668470137485243,0.14359872663534845,0.1499070481485271
single_shape,plain2_w16_gmp,pixel_permuted_template,retention_1,3,g_individual_sum_mpp,100,55.852880482415394,54.51491629684147,57.19358381001012
single_shape,plain2_w16_gmp,pixel_permuted_template,retention_1,3,g_cross_term_mpp,100,-7.351402286715719,-7.596010278655211,-7.107477836792982
single_shape,plain2_w16_gmp,pixel_permuted_template,retention_1,3,g_nonadditive_correction_mpp,100,7.386459644166522,6.930195454970372,7.829357138443733
single_shape,plain2_w16_gmp,pixel_permuted_template,retention_1,4,observed_centered_logit_fidelity,100,0.40199113104026046,0.3972444052559421,0.4067837903651155
single_shape,plain2_w16_gmp,pixel_permuted_template,retention_1,4,additive_centered_logit_fidelity,100,0.33438035542733724,0.328925659482336,0.33962918020706956
single_shape,plain2_w16_gmp,pixel_permuted_template,retention_1,4,observed_prob_error_reduction,100,0.3109181294763944,0.3016536179506101,0.3197866485300486
single_shape,plain2_w16_gmp,pixel_permuted_template,retention_1,4,additive_prob_error_reduction,100,0.2610067545723806,0.252784401796592,0.26939342204793154
single_shape,plain2_w16_gmp,pixel_permuted_template,retention_1,4,centered_residual_energy_ratio,100,0.014947948479442015,0.014181796254749463,0.015786467129380734
single_shape,plain2_w16_gmp,pixel_permuted_template,retention_1,4,centered_residual_norm_mpp,100,1.3235316707425824,1.2965619711701548,1.3514135190951995
single_shape,plain2_w16_gmp,pixel_permuted_template,retention_1,4,cancellation_mean,100,0.1730511602484447,0.17005741140256822,0.17616963080791895
single_shape,plain2_w16_gmp,pixel_permuted_template,retention_1,4,g_individual_sum_mpp,100,73.87446428467655,72.20213230934117,75.56317806005825
single_shape,plain2_w16_gmp,pixel_permuted_template,retention_1,4,g_cross_term_mpp,100,-13.907594432713566,-14.329232116692431,-13.50792195058828
single_shape,plain2_w16_gmp,pixel_permuted_template,retention_1,4,g_nonadditive_correction_mpp,100,12.1529949994335,11.531960148690308,12.802125791572768
single_shape,plain2_w16_gmp,pixel_permuted_template,retention_1,5,observed_centered_logit_fidelity,100,0.4853118231867384,0.4806453129048526,0.48969855616234764
single_shape,plain2_w16_gmp,pixel_permuted_template,retention_1,5,additive_centered_logit_fidelity,100,0.3861607927449225,0.38053112240959847,0.3917164150729681
single_shape,plain2_w16_gmp,pixel_permuted_template,retention_1,5,observed_prob_error_reduction,100,0.5329808449271839,0.5209668843577927,0.5452115427493563
single_shape,plain2_w16_gmp,pixel_permuted_template,retention_1,5,additive_prob_error_reduction,100,0.41934637216350873,0.40819321709795503,0.43103998170857644
single_shape,plain2_w16_gmp,pixel_permuted_template,retention_1,5,centered_residual_energy_ratio,100,0.027065431450728053,0.0259274900573555,0.02824400848091125
single_shape,plain2_w16_gmp,pixel_permuted_template,retention_1,5,centered_residual_norm_mpp,100,1.8081571042817746,1.7764876394199938,1.8410537605206818
single_shape,plain2_w16_gmp,pixel_permuted_template,retention_1,5,cancellation_mean,100,0.19012568037400204,0.1870176038498234,0.19310603698490064
single_shape,plain2_w16_gmp,pixel_permuted_template,retention_1,5,g_individual_sum_mpp,100,91.40089227033687,89.60459367510234,93.27059033116679
single_shape,plain2_w16_gmp,pixel_permuted_template,retention_1,5,g_cross_term_mpp,100,-22.177914916393057,-22.74973849004137,-21.62839644292857
single_shape,plain2_w16_gmp,pixel_permuted_template,retention_1,5,g_nonadditive_correction_mpp,100,17.810796174713236,17.118765245037856,18.52131504084002
single_shape,plain2_w16_gmp,pixel_permuted_template,retention_1,6,observed_centered_logit_fidelity,100,0.5634846051650922,0.5594574343052311,0.5675511879331718
single_shape,plain2_w16_gmp,pixel_permuted_template,retention_1,6,additive_centered_logit_fidelity,100,0.4297856222800901,0.4240774509055819,0.4354311872437274
single_shape,plain2_w16_gmp,pixel_permuted_template,retention_1,6,observed_prob_error_reduction,100,0.7824772193541162,0.769205580478607,0.7957129654979523
single_shape,plain2_w16_gmp,pixel_permuted_template,retention_1,6,additive_prob_error_reduction,100,0.5718698246526602,0.5592839870290521,0.584802918278825
single_shape,plain2_w16_gmp,pixel_permuted_template,retention_1,6,centered_residual_energy_ratio,100,0.04364740033300256,0.04202532883507765,0.045370083199335574
single_shape,plain2_w16_gmp,pixel_permuted_template,retention_1,6,centered_residual_norm_mpp,100,2.3322239202987953,2.2931250352007018,2.3727167148138584
single_shape,plain2_w16_gmp,pixel_permuted_template,retention_1,6,cancellation_mean,100,0.20282532579197696,0.19984465312598113,0.20582326058824668
single_shape,plain2_w16_gmp,pixel_permuted_template,retention_1,6,g_individual_sum_mpp,100,109.4316908931205,107.23715638584098,111.65401864295995
single_shape,plain2_w16_gmp,pixel_permuted_template,retention_1,6,g_cross_term_mpp,100,-32.36681912685478,-33.187663664369296,-31.57172545622538
single_shape,plain2_w16_gmp,pixel_permuted_template,retention_1,6,g_nonadditive_correction_mpp,100,24.037670006430808,23.235091054253996,24.84553076009415
single_shape,plain2_w16_gmp,pixel_permuted_template,retention_1,7,observed_centered_logit_fidelity,100,0.6348140825396839,0.6310534170997271,0.638531783302709
single_shape,plain2_w16_gmp,pixel_permuted_template,retention_1,7,additive_centered_logit_fidelity,100,0.4620798119490612,0.4560700494609317,0.4681929526328682
single_shape,plain2_w16_gmp,pixel_permuted_template,retention_1,7,observed_prob_error_reduction,100,1.0370937834085203,1.0227491686297998,1.0510436481416878
single_shape,plain2_w16_gmp,pixel_permuted_template,retention_1,7,additive_prob_error_reduction,100,0.6976362234833218,0.6841587483654207,0.7108463300730399
single_shape,plain2_w16_gmp,pixel_permuted_template,retention_1,7,centered_residual_energy_ratio,100,0.06649649556989645,0.06413505305501895,0.06899401953585857
single_shape,plain2_w16_gmp,pixel_permuted_template,retention_1,7,centered_residual_norm_mpp,100,2.9050327990731564,2.8578190407038435,2.9541092053006057
single_shape,plain2_w16_gmp,pixel_permuted_template,retention_1,7,cancellation_mean,100,0.21387071906432634,0.21093603907393407,0.21687967039561978
single_shape,plain2_w16_gmp,pixel_permuted_template,retention_1,7,g_individual_sum_mpp,100,126.77690139583123,124.40567901392234,129.254168356712
single_shape,plain2_w16_gmp,pixel_permuted_template,retention_1,7,g_cross_term_mpp,100,-43.93565593503192,-44.94510149521777,-42.998623185585444
single_shape,plain2_w16_gmp,pixel_permuted_template,retention_1,7,g_nonadditive_correction_mpp,100,31.037370883549478,30.020531925739306,32.04796651035325
single_shape,plain2_w16_gmp,pixel_permuted_template,retention_1,8,observed_centered_logit_fidelity,100,0.7007783621309551,0.6973823825621787,0.7042564868203847
single_shape,plain2_w16_gmp,pixel_permuted_template,retention_1,8,additive_centered_logit_fidelity,100,0.4867783778278851,0.4806022199265397,0.4928780066747213
single_shape,plain2_w16_gmp,pixel_permuted_template,retention_1,8,observed_prob_error_reduction,100,1.2855746126139735,1.2722923878760208,1.2990701478187374
single_shape,plain2_w16_gmp,pixel_permuted_template,retention_1,8,additive_prob_error_reduction,100,0.7957485752196723,0.7820354302809932,0.8093668471339879
single_shape,plain2_w16_gmp,pixel_permuted_template,retention_1,8,centered_residual_energy_ratio,100,0.0935691751029326,0.09066138156891992,0.09660296864387741
single_shape,plain2_w16_gmp,pixel_permuted_template,retention_1,8,centered_residual_norm_mpp,100,3.4959196000591874,3.441923536854714,3.5518770115482323
single_shape,plain2_w16_gmp,pixel_permuted_template,retention_1,8,cancellation_mean,100,0.22299220255472477,0.22006728522368207,0.22592753144899977
single_shape,plain2_w16_gmp,pixel_permuted_template,retention_1,8,g_individual_sum_mpp,100,144.12653151577965,141.58349292184542,146.75483541967705
single_shape,plain2_w16_gmp,pixel_permuted_template,retention_1,8,g_cross_term_mpp,100,-56.8411161519079,-58.068314174854706,-55.67445926219343
single_shape,plain2_w16_gmp,pixel_permuted_template,retention_1,8,g_nonadditive_correction_mpp,100,38.411761738819855,37.31050408581013,39.53207308503336
single_shape,plain2_w16_gmp,pixel_permuted_template,retention_1,9,observed_centered_logit_fidelity,100,0.760344055036498,0.7573283194519284,0.7633715599777307
single_shape,plain2_w16_gmp,pixel_permuted_template,retention_1,9,additive_centered_logit_fidelity,100,0.5012368923539499,0.4948859616754637,0.5075487216669399
single_shape,plain2_w16_gmp,pixel_permuted_template,retention_1,9,observed_prob_error_reduction,100,1.5025275590972638,1.4903796629569706,1.514743582214566
single_shape,plain2_w16_gmp,pixel_permuted_template,retention_1,9,additive_prob_error_reduction,100,0.8689877765394952,0.8551405331980407,0.8827465862802761
single_shape,plain2_w16_gmp,pixel_permuted_template,retention_1,9,centered_residual_energy_ratio,100,0.12892716442363666,0.12563953234139835,0.1324327990675212
single_shape,plain2_w16_gmp,pixel_permuted_template,retention_1,9,centered_residual_norm_mpp,100,4.146231245749745,4.086500493369327,4.206615114189644
single_shape,plain2_w16_gmp,pixel_permuted_template,retention_1,9,cancellation_mean,100,0.23054922653161913,0.22755257354920816,0.23355671282966833
single_shape,plain2_w16_gmp,pixel_permuted_template,retention_1,9,g_individual_sum_mpp,100,161.1027051393131,158.2643307780717,163.87972979003163
single_shape,plain2_w16_gmp,pixel_permuted_template,retention_1,9,g_cross_term_mpp,100,-71.19740098468965,-72.61296482331868,-69.82377895409616
single_shape,plain2_w16_gmp,pixel_permuted_template,retention_1,9,g_nonadditive_correction_mpp,100,46.441419309303285,45.313987461976545,47.59194847404326
single_shape,plain2_w16_gmp,pixel_permuted_template,retention_1,10,observed_centered_logit_fidelity,100,0.8142914577025173,0.8114830412164655,0.8170967649509695
single_shape,plain2_w16_gmp,pixel_permuted_template,retention_1,10,additive_centered_logit_fidelity,100,0.5039119309680944,0.49713405352537243,0.5106165386040041
single_shape,plain2_w16_gmp,pixel_permuted_template,retention_1,10,observed_prob_error_reduction,100,1.6887494058917347,1.6777765770451747,1.6995379274667555
single_shape,plain2_w16_gmp,pixel_permuted_template,retention_1,10,additive_prob_error_reduction,100,0.9088104620053177,0.8948644722551119,0.9224902529067658
single_shape,plain2_w16_gmp,pixel_permuted_template,retention_1,10,centered_residual_energy_ratio,100,0.17290006734335137,0.16885676251005466,0.17714528232372506
single_shape,plain2_w16_gmp,pixel_permuted_template,retention_1,10,centered_residual_norm_mpp,100,4.84210994939097,4.777349468292257,4.906748810515583
single_shape,plain2_w16_gmp,pixel_permuted_template,retention_1,10,cancellation_mean,100,0.23814232005676964,0.23510107562131458,0.24118498730944346
single_shape,plain2_w16_gmp,pixel_permuted_template,retention_1,10,g_individual_sum_mpp,100,177.20807875118606,174.34949717000097,180.2047872151983
single_shape,plain2_w16_gmp,pixel_permuted_template,retention_1,10,g_cross_term_mpp,100,-86.78427317544212,-88.35187914612939,-85.25758525637346
single_shape,plain2_w16_gmp,pixel_permuted_template,retention_1,10,g_nonadditive_correction_mpp,100,55.576418521291195,54.2261425497152,56.896626509990504
single_shape,plain2_w16_gmp,pixel_permuted_template,retention_1,11,observed_centered_logit_fidelity,100,0.8640387290849795,0.8616855001585785,0.8663161949967116
single_shape,plain2_w16_gmp,pixel_permuted_template,retention_1,11,additive_centered_logit_fidelity,100,0.4995088611863989,0.49219224862531163,0.5067696546348707
single_shape,plain2_w16_gmp,pixel_permuted_template,retention_1,11,observed_prob_error_reduction,100,1.8370557736235924,1.8292352546260433,1.844669584690281
single_shape,plain2_w16_gmp,pixel_permuted_template,retention_1,11,additive_prob_error_reduction,100,0.9393483753415403,0.9267410094201092,0.9522896194096323
single_shape,plain2_w16_gmp,pixel_permuted_template,retention_1,11,centered_residual_energy_ratio,100,0.22737031574509245,0.22250347664282874,0.23233564674334092
single_shape,plain2_w16_gmp,pixel_permuted_template,retention_1,11,centered_residual_norm_mpp,100,5.597841476254173,5.527712238720199,5.667331074864758
single_shape,plain2_w16_gmp,pixel_permuted_template,retention_1,11,cancellation_mean,100,0.24391675764477194,0.2406901015324572,0.24711543625761018
single_shape,plain2_w16_gmp,pixel_permuted_template,retention_1,11,g_individual_sum_mpp,100,194.13196715172325,191.00997157105897,197.3129503016529
single_shape,plain2_w16_gmp,pixel_permuted_template,retention_1,11,g_cross_term_mpp,100,-104.44291710948586,-106.34654683845748,-102.63818560178919
single_shape,plain2_w16_gmp,pixel_permuted_template,retention_1,11,g_nonadditive_correction_mpp,100,65.19971268814757,63.730146714948695,66.62963805267461
single_shape,plain2_w16_gmp,pixel_permuted_template,retention_1,12,observed_centered_logit_fidelity,100,0.9065692751101629,0.9046944237915959,0.9084221101995521
single_shape,plain2_w16_gmp,pixel_permuted_template,retention_1,12,additive_centered_logit_fidelity,100,0.48585761963260465,0.478005933665526,0.4935803466304444
single_shape,plain2_w16_gmp,pixel_permuted_template,retention_1,12,observed_prob_error_reduction,100,1.9255045487911402,1.9207033405950789,1.930150861194079
single_shape,plain2_w16_gmp,pixel_permuted_template,retention_1,12,additive_prob_error_reduction,100,0.9519161756016693,0.938793504614385,0.9648643032504368
single_shape,plain2_w16_gmp,pixel_permuted_template,retention_1,12,centered_residual_energy_ratio,100,0.2904796055497729,0.28449948014717624,0.2965198788647441
single_shape,plain2_w16_gmp,pixel_permuted_template,retention_1,12,centered_residual_norm_mpp,100,6.380818098774589,6.3035159160330005,6.457889729164112
single_shape,plain2_w16_gmp,pixel_permuted_template,retention_1,12,cancellation_mean,100,0.24949418740676155,0.24624034860130103,0.2526190297697674
single_shape,plain2_w16_gmp,pixel_permuted_template,retention_1,12,g_individual_sum_mpp,100,210.67434120675375,207.34094845013163,214.04739765403983
single_shape,plain2_w16_gmp,pixel_permuted_template,retention_1,12,g_cross_term_mpp,100,-123.40134443112208,-125.63468655183172,-121.24284935674397
single_shape,plain2_w16_gmp,pixel_permuted_template,retention_1,12,g_nonadditive_correction_mpp,100,75.24996636330334,73.59502879588716,76.90091703520656
single_shape,plain2_w16_gmp,pixel_permuted_template,retention_1,13,observed_centered_logit_fidelity,100,0.9413398195148838,0.9399869161981127,0.9427314517022789
single_shape,plain2_w16_gmp,pixel_permuted_template,retention_1,13,additive_centered_logit_fidelity,100,0.46286547669967254,0.45454623419232976,0.4710258683579962
single_shape,plain2_w16_gmp,pixel_permuted_template,retention_1,13,observed_prob_error_reduction,100,1.9639017047443026,1.9615497773889836,1.966204131269084
single_shape,plain2_w16_gmp,pixel_permuted_template,retention_1,13,additive_prob_error_reduction,100,0.9575485636281751,0.9458411844080569,0.9691772874931408
single_shape,plain2_w16_gmp,pixel_permuted_template,retention_1,13,centered_residual_energy_ratio,100,0.3640846563408421,0.3575626310689796,0.3707317733654241
single_shape,plain2_w16_gmp,pixel_permuted_template,retention_1,13,centered_residual_norm_mpp,100,7.205016577291302,7.127149346146372,7.283337193576119
single_shape,plain2_w16_gmp,pixel_permuted_template,retention_1,13,cancellation_mean,100,0.2543470527900237,0.2510570397436095,0.25759009260235144
single_shape,plain2_w16_gmp,pixel_permuted_template,retention_1,13,g_individual_sum_mpp,100,227.00955516704323,223.55795965847648,230.4385268766211
single_shape,plain2_w16_gmp,pixel_permuted_template,retention_1,13,g_cross_term_mpp,100,-143.79096431312436,-146.2114693930362,-141.4278073646072
single_shape,plain2_w16_gmp,pixel_permuted_template,retention_1,13,g_nonadditive_correction_mpp,100,85.50691831253664,83.80009655633752,87.23983252239351
single_shape,plain2_w16_gmp,pixel_permuted_template,retention_1,14,observed_centered_logit_fidelity,100,0.9691382228623152,0.968220146797782,0.9700427821884432
single_shape,plain2_w16_gmp,pixel_permuted_template,retention_1,14,additive_centered_logit_fidelity,100,0.4278711480568797,0.4191919470236609,0.4366906621794328
single_shape,plain2_w16_gmp,pixel_permuted_template,retention_1,14,observed_prob_error_reduction,100,1.976970960761943,1.9757164278735853,1.9781707683803684
single_shape,plain2_w16_gmp,pixel_permuted_template,retention_1,14,additive_prob_error_reduction,100,0.9492142287430302,0.9385350578585401,0.9597091039029904
single_shape,plain2_w16_gmp,pixel_permuted_template,retention_1,14,centered_residual_energy_ratio,100,0.45272658149949,0.44495569533459167,0.4603590723085976
single_shape,plain2_w16_gmp,pixel_permuted_template,retention_1,14,centered_residual_norm_mpp,100,8.10886097965644,8.030198670223205,8.18902371097664
single_shape,plain2_w16_gmp,pixel_permuted_template,retention_1,14,cancellation_mean,100,0.2588564412681919,0.2555996031177361,0.2620701324690461
single_shape,plain2_w16_gmp,pixel_permuted_template,retention_1,14,g_individual_sum_mpp,100,243.19426536363127,239.5154334333049,246.86158543841836
single_shape,plain2_w16_gmp,pixel_permuted_template,retention_1,14,g_cross_term_mpp,100,-166.1809169140376,-168.8292378933547,-163.58225656716465
single_shape,plain2_w16_gmp,pixel_permuted_template,retention_1,14,g_nonadditive_correction_mpp,100,96.67483025576294,94.84495608930291,98.51694627515167
single_shape,plain2_w16_gmp,pixel_permuted_template,retention_1,15,observed_centered_logit_fidelity,100,0.9891511376933723,0.9887526967357547,0.9895429053430289
single_shape,plain2_w16_gmp,pixel_permuted_template,retention_1,15,additive_centered_logit_fidelity,100,0.3811375570740894,0.37162132930323094,0.3907746018644503
single_shape,plain2_w16_gmp,pixel_permuted_template,retention_1,15,observed_prob_error_reduction,100,1.9798251050954279,1.9787285568889745,1.980911485818238
single_shape,plain2_w16_gmp,pixel_permuted_template,retention_1,15,additive_prob_error_reduction,100,0.9270864572207571,0.9166955578657432,0.9375658599927182
single_shape,plain2_w16_gmp,pixel_permuted_template,retention_1,15,centered_residual_energy_ratio,100,0.5550798738668343,0.5459527604718867,0.564349982791152
single_shape,plain2_w16_gmp,pixel_permuted_template,retention_1,15,centered_residual_norm_mpp,100,9.066990692657688,8.981550937754223,9.1500794664445
single_shape,plain2_w16_gmp,pixel_permuted_template,retention_1,15,cancellation_mean,100,0.2633262829744264,0.26009317169125235,0.26650546228593597
single_shape,plain2_w16_gmp,pixel_permuted_template,retention_1,15,g_individual_sum_mpp,100,258.82578806930553,255.09265419392585,262.54368847406084
single_shape,plain2_w16_gmp,pixel_permuted_template,retention_1,15,g_cross_term_mpp,100,-190.08060364224374,-193.0359098681963,-187.2307981304728
single_shape,plain2_w16_gmp,pixel_permuted_template,retention_1,15,g_nonadditive_correction_mpp,100,108.51427274382931,106.55334184076716,110.53825897796203
single_shape,plain2_w16_gmp,pixel_permuted_template,retention_1,16,observed_centered_logit_fidelity,100,1.0,1.0,1.0
single_shape,plain2_w16_gmp,pixel_permuted_template,retention_1,16,additive_centered_logit_fidelity,100,0.3200111754687762,0.3091148683483685,0.3307457739484987
single_shape,plain2_w16_gmp,pixel_permuted_template,retention_1,16,observed_prob_error_reduction,100,1.9802420453196818,1.9791470645966924,1.981273648034926
single_shape,plain2_w16_gmp,pixel_permuted_template,retention_1,16,additive_prob_error_reduction,100,0.8944954392852483,0.8854962625950027,0.903403017292023
single_shape,plain2_w16_gmp,pixel_permuted_template,retention_1,16,centered_residual_energy_ratio,100,0.6799888245312239,0.6689703495146401,0.6909408050405332
single_shape,plain2_w16_gmp,pixel_permuted_template,retention_1,16,centered_residual_norm_mpp,100,10.123773414942473,10.03842608593836,10.208764185978177
single_shape,plain2_w16_gmp,pixel_permuted_template,retention_1,16,cancellation_mean,100,0.26752558292587075,0.2643926088333544,0.2706186262897299
single_shape,plain2_w16_gmp,pixel_permuted_template,retention_1,16,g_individual_sum_mpp,100,274.2143833649974,270.2897838759974,278.2301365916789
single_shape,plain2_w16_gmp,pixel_permuted_template,retention_1,16,g_cross_term_mpp,100,-216.2830595418752,-219.59407060976238,-213.1418787447672
single_shape,plain2_w16_gmp,pixel_permuted_template,retention_1,16,g_nonadditive_correction_mpp,100,121.26423307566289,119.09801815494592,123.42629991273611
single_shape,plain2_w16_gmp,structured_template,release_default,0,observed_centered_logit_fidelity,100,0.0,0.0,0.0
single_shape,plain2_w16_gmp,structured_template,release_default,0,additive_centered_logit_fidelity,100,0.0,0.0,0.0
single_shape,plain2_w16_gmp,structured_template,release_default,0,observed_prob_error_reduction,100,0.0,0.0,0.0
single_shape,plain2_w16_gmp,structured_template,release_default,0,additive_prob_error_reduction,100,0.0,0.0,0.0
single_shape,plain2_w16_gmp,structured_template,release_default,0,centered_residual_energy_ratio,100,0.0,0.0,0.0
single_shape,plain2_w16_gmp,structured_template,release_default,0,centered_residual_norm_mpp,100,0.0,0.0,0.0
single_shape,plain2_w16_gmp,structured_template,release_default,0,cancellation_mean,0,,,
single_shape,plain2_w16_gmp,structured_template,release_default,0,g_individual_sum_mpp,100,0.0,0.0,0.0
single_shape,plain2_w16_gmp,structured_template,release_default,0,g_cross_term_mpp,100,0.0,0.0,0.0
single_shape,plain2_w16_gmp,structured_template,release_default,0,g_nonadditive_correction_mpp,100,0.0,0.0,0.0
single_shape,plain2_w16_gmp,structured_template,release_default,1,observed_centered_logit_fidelity,100,0.13258145999038257,0.13013648101668768,0.1350914794488323
single_shape,plain2_w16_gmp,structured_template,release_default,1,additive_centered_logit_fidelity,100,0.13258145999038257,0.13012639484210275,0.13510885193416125
single_shape,plain2_w16_gmp,structured_template,release_default,1,observed_prob_error_reduction,100,0.0029448464436448735,0.002683350364879893,0.003217409700546371
single_shape,plain2_w16_gmp,structured_template,release_default,1,additive_prob_error_reduction,100,0.0029448464436448735,0.0026860164455027925,0.0032206599645535792
single_shape,plain2_w16_gmp,structured_template,release_default,1,centered_residual_energy_ratio,100,0.0,0.0,0.0
single_shape,plain2_w16_gmp,structured_template,release_default,1,centered_residual_norm_mpp,100,0.0,0.0,0.0
single_shape,plain2_w16_gmp,structured_template,release_default,1,cancellation_mean,100,0.0,0.0,0.0
single_shape,plain2_w16_gmp,structured_template,release_default,1,g_individual_sum_mpp,100,57.51001078626241,55.97610224728445,59.12167782426481
single_shape,plain2_w16_gmp,structured_template,release_default,1,g_cross_term_mpp,100,0.0,0.0,0.0
single_shape,plain2_w16_gmp,structured_template,release_default,1,g_nonadditive_correction_mpp,100,0.0,0.0,0.0
single_shape,plain2_w16_gmp,structured_template,release_default,2,observed_centered_logit_fidelity,100,0.25532541707165646,0.2518277707807148,0.2589324908854319
single_shape,plain2_w16_gmp,structured_template,release_default,2,additive_centered_logit_fidelity,100,0.24647161475825924,0.24299511846145228,0.24997876216552403
single_shape,plain2_w16_gmp,structured_template,release_default,2,observed_prob_error_reduction,100,0.026506569780151715,0.023985085185288975,0.029132799704219732
single_shape,plain2_w16_gmp,structured_template,release_default,2,additive_prob_error_reduction,100,0.02690938681113704,0.024380192632002595,0.029517868154364923
single_shape,plain2_w16_gmp,structured_template,release_default,2,centered_residual_energy_ratio,100,0.0014613542891778238,0.0013976913476971401,0.0015266847744923246
single_shape,plain2_w16_gmp,structured_template,release_default,2,centered_residual_norm_mpp,100,0.6408612506928626,0.6282238352589486,0.6539312323777957
single_shape,plain2_w16_gmp,structured_template,release_default,2,cancellation_mean,100,0.0924163519397468,0.08951190537029154,0.09526617412666119
single_shape,plain2_w16_gmp,structured_template,release_default,2,g_individual_sum_mpp,100,114.52597896662797,111.92729019444715,117.22417479773198
single_shape,plain2_w16_gmp,structured_template,release_default,2,g_cross_term_mpp,100,-7.732983517843736,-8.064250897789222,-7.4170373932128095
single_shape,plain2_w16_gmp,structured_template,release_default,2,g_nonadditive_correction_mpp,100,3.902939252886085,3.3627784034883192,4.466002584601349
single_shape,plain2_w16_gmp,structured_template,release_default,3,observed_centered_logit_fidelity,100,0.360807603113133,0.3567558911070796,0.3647637936582559
single_shape,plain2_w16_gmp,structured_template,release_default,3,additive_centered_logit_fidelity,100,0.34305164834164503,0.33902664126590853,0.3472307904260742
single_shape,plain2_w16_gmp,structured_template,release_default,3,observed_prob_error_reduction,100,0.11303936851187624,0.1046375057656273,0.12142070657757394
single_shape,plain2_w16_gmp,structured_template,release_default,3,additive_prob_error_reduction,100,0.11932889096001105,0.11059727429383202,0.12854345845083467
single_shape,plain2_w16_gmp,structured_template,release_default,3,centered_residual_energy_ratio,100,0.005043781234132077,0.004795415518941737,0.005313195885483837
single_shape,plain2_w16_gmp,structured_template,release_default,3,centered_residual_norm_mpp,100,1.204473033022839,1.18080506042486,1.2282748379039248
single_shape,plain2_w16_gmp,structured_template,release_default,3,cancellation_mean,100,0.13649739596138064,0.13341720579666572,0.13956708980895005
single_shape,plain2_w16_gmp,structured_template,release_default,3,g_individual_sum_mpp,100,169.8781545839944,166.20444081273047,173.6336173108834
single_shape,plain2_w16_gmp,structured_template,release_default,3,g_cross_term_mpp,100,-21.189130203929565,-21.974606663747128,-20.429926413756036
single_shape,plain2_w16_gmp,structured_template,release_default,3,g_nonadditive_correction_mpp,100,7.818475787147365,6.988134422818976,8.684653554419485
single_shape,plain2_w16_gmp,structured_template,release_default,4,observed_centered_logit_fidelity,100,0.44956441596958135,0.4454794027103976,0.4535922133183123
single_shape,plain2_w16_gmp,structured_template,release_default,4,additive_centered_logit_fidelity,100,0.42341672678966874,0.41898091301313173,0.42783425198456004
single_shape,plain2_w16_gmp,structured_template,release_default,4,observed_prob_error_reduction,100,0.26298459253250533,0.2513991756865709,0.27511512443524216
single_shape,plain2_w16_gmp,structured_template,release_default,4,additive_prob_error_reduction,100,0.2840604103640837,0.27115751192765003,0.29707755587602014
single_shape,plain2_w16_gmp,structured_template,release_default,4,centered_residual_energy_ratio,100,0.010926886097751984,0.01033651675848261,0.01165056108457703
single_shape,plain2_w16_gmp,structured_template,release_default,4,centered_residual_norm_mpp,100,1.7853325984871082,1.7510060905967804,1.820682353637944
single_shape,plain2_w16_gmp,structured_template,release_default,4,cancellation_mean,100,0.16294185252575769,0.16017824963672705,0.1657034797962896
single_shape,plain2_w16_gmp,structured_template,release_default,4,g_individual_sum_mpp,100,222.32077346967523,217.7228369404843,226.9364772695181
single_shape,plain2_w16_gmp,structured_template,release_default,4,g_cross_term_mpp,100,-38.83272115858375,-40.02125661765537,-37.63747011167271
single_shape,plain2_w16_gmp,structured_template,release_default,4,g_nonadditive_correction_mpp,100,11.426791643726482,10.371300068403142,12.554753999012886
single_shape,plain2_w16_gmp,structured_template,release_default,5,observed_centered_logit_fidelity,100,0.5264947577499979,0.5229484010203325,0.5300944634645743
single_shape,plain2_w16_gmp,structured_template,release_default,5,additive_centered_logit_fidelity,100,0.48966097069831993,0.48525286635680126,0.49415344546644213
single_shape,plain2_w16_gmp,structured_template,release_default,5,observed_prob_error_reduction,100,0.48594112474869033,0.47231940488782015,0.49924475573304455
single_shape,plain2_w16_gmp,structured_template,release_default,5,additive_prob_error_reduction,100,0.5032638762067488,0.48880254877982077,0.5174204081168247
single_shape,plain2_w16_gmp,structured_template,release_default,5,centered_residual_energy_ratio,100,0.019393431108076998,0.018515715237243817,0.020368688351605064
single_shape,plain2_w16_gmp,structured_template,release_default,5,centered_residual_norm_mpp,100,2.408489634654983,2.36268736998618,2.4532615479375224
single_shape,plain2_w16_gmp,structured_template,release_default,5,cancellation_mean,100,0.18333773393026306,0.18059786146026724,0.18618784729147778
single_shape,plain2_w16_gmp,structured_template,release_default,5,g_individual_sum_mpp,100,272.5383836485044,267.21846743740457,278.04235504668225
single_shape,plain2_w16_gmp,structured_template,release_default,5,g_cross_term_mpp,100,-60.36056902187588,-62.00616616157602,-58.72650598965037
single_shape,plain2_w16_gmp,structured_template,release_default,5,g_nonadditive_correction_mpp,100,16.144500900584635,14.776272320028806,17.497979512807937
single_shape,plain2_w16_gmp,structured_template,release_default,6,observed_centered_logit_fidelity,100,0.5945806784901931,0.5915346558613515,0.5976353425073057
single_shape,plain2_w16_gmp,structured_template,release_default,6,additive_centered_logit_fidelity,100,0.5430591388124271,0.5385290608771242,0.5474787269209742
single_shape,plain2_w16_gmp,structured_template,release_default,6,observed_prob_error_reduction,100,0.7667603298722825,0.753047034203922,0.7805006428124405
single_shape,plain2_w16_gmp,structured_template,release_default,6,additive_prob_error_reduction,100,0.722636078635674,0.7073772188761165,0.7373732162720957
single_shape,plain2_w16_gmp,structured_template,release_default,6,centered_residual_energy_ratio,100,0.03103736266142471,0.029756856578409777,0.03235681984712208
single_shape,plain2_w16_gmp,structured_template,release_default,6,centered_residual_norm_mpp,100,3.0716931535483614,3.0185051792310644,3.1282708292975605
single_shape,plain2_w16_gmp,structured_template,release_default,6,cancellation_mean,100,0.19933857430823113,0.19661652183518105,0.2019639312135052
single_shape,plain2_w16_gmp,structured_template,release_default,6,g_individual_sum_mpp,100,321.34804199947865,314.97868032380273,327.7514718245083
single_shape,plain2_w16_gmp,structured_template,release_default,6,g_cross_term_mpp,100,-86.0098797865258,-88.09637820000997,-83.95346598020596
single_shape,plain2_w16_gmp,structured_template,release_default,6,g_nonadditive_correction_mpp,100,22.499802241758456,20.877454866494695,24.14372027378044
single_shape,plain2_w16_gmp,structured_template,release_default,7,observed_centered_logit_fidelity,100,0.6555343916988899,0.652511247615486,0.658645279588673
single_shape,plain2_w16_gmp,structured_template,release_default,7,additive_centered_logit_fidelity,100,0.5822985640695122,0.5775911494948995,0.586953091661157
single_shape,plain2_w16_gmp,structured_template,release_default,7,observed_prob_error_reduction,100,1.0441680524542696,1.0293692190791297,1.0588028194247965
single_shape,plain2_w16_gmp,structured_template,release_default,7,additive_prob_error_reduction,100,0.8885694323636851,0.8727426781446943,0.9037806879725486
single_shape,plain2_w16_gmp,structured_template,release_default,7,centered_residual_energy_ratio,100,0.04699100996652797,0.045317726419198776,0.04876303308208506
single_shape,plain2_w16_gmp,structured_template,release_default,7,centered_residual_norm_mpp,100,3.812376027973113,3.7480116585232137,3.8779326597987156
single_shape,plain2_w16_gmp,structured_template,release_default,7,cancellation_mean,100,0.2120198292075511,0.20941466685024882,0.214640303014413
single_shape,plain2_w16_gmp,structured_template,release_default,7,g_individual_sum_mpp,100,368.7357373506548,361.7046778146471,376.0280874222278
single_shape,plain2_w16_gmp,structured_template,release_default,7,g_cross_term_mpp,100,-116.33807671297082,-118.93130301874697,-113.73088842641316
single_shape,plain2_w16_gmp,structured_template,release_default,7,g_nonadditive_correction_mpp,100,31.9354094044095,30.000005339302962,33.9670698834796
single_shape,plain2_w16_gmp,structured_template,release_default,8,observed_centered_logit_fidelity,100,0.7116395054149036,0.7088931112206603,0.7144956709641871
single_shape,plain2_w16_gmp,structured_template,release_default,8,additive_centered_logit_fidelity,100,0.608348501186797,0.6036938632002791,0.6129476122738333
single_shape,plain2_w16_gmp,structured_template,release_default,8,observed_prob_error_reduction,100,1.2850661412702076,1.2712993951522333,1.2990444432071182
single_shape,plain2_w16_gmp,structured_template,release_default,8,additive_prob_error_reduction,100,0.9977725620035898,0.9815669512800259,1.0134064771921858
single_shape,plain2_w16_gmp,structured_template,release_default,8,centered_residual_energy_ratio,100,0.06695383877754173,0.06498498896716424,0.0690091174620484
single_shape,plain2_w16_gmp,structured_template,release_default,8,centered_residual_norm_mpp,100,4.605415039942998,4.531246815434143,4.680060938855253
single_shape,plain2_w16_gmp,structured_template,release_default,8,cancellation_mean,100,0.2229078642038923,0.22026842071924355,0.22553955635737025
single_shape,plain2_w16_gmp,structured_template,release_default,8,g_individual_sum_mpp,100,414.4824199351665,406.4098952468922,422.5622813017126
single_shape,plain2_w16_gmp,structured_template,release_default,8,g_cross_term_mpp,100,-150.74251968181773,-154.06666043727293,-147.40640420640833
single_shape,plain2_w16_gmp,structured_template,release_default,8,g_nonadditive_correction_mpp,100,44.92604584352934,42.81584755789965,47.131849577889824
single_shape,plain2_w16_gmp,structured_template,release_default,9,observed_centered_logit_fidelity,100,0.7612634118879591,0.7588861226132433,0.7637497139242162
single_shape,plain2_w16_gmp,structured_template,release_default,9,additive_centered_logit_fidelity,100,0.620466968574203,0.6155442092670791,0.6252499034958559
single_shape,plain2_w16_gmp,structured_template,release_default,9,observed_prob_error_reduction,100,1.487348048133584,1.474435578494742,1.5005095488743407
single_shape,plain2_w16_gmp,structured_template,release_default,9,additive_prob_error_reduction,100,1.0630023669045106,1.0481141950364998,1.0777846306323455
single_shape,plain2_w16_gmp,structured_template,release_default,9,centered_residual_energy_ratio,100,0.09430615585462317,0.09163409621828392,0.09694129871054455
single_shape,plain2_w16_gmp,structured_template,release_default,9,centered_residual_norm_mpp,100,5.493250171999663,5.413255321549183,5.572602205448982
single_shape,plain2_w16_gmp,structured_template,release_default,9,cancellation_mean,100,0.23105173258754674,0.22848719308041243,0.23364451144771273
single_shape,plain2_w16_gmp,structured_template,release_default,9,g_individual_sum_mpp,100,458.9988613063344,450.0712328043361,467.7877047154814
single_shape,plain2_w16_gmp,structured_template,release_default,9,g_cross_term_mpp,100,-189.94818553321235,-193.80365537053564,-185.97692741874584
single_shape,plain2_w16_gmp,structured_template,release_default,9,g_nonadditive_correction_mpp,100,61.10438755387535,58.70913948777268,63.492448680092615
single_shape,plain2_w16_gmp,structured_template,release_default,10,observed_centered_logit_fidelity,100,0.8089451721824564,0.806704287135408,0.8112482319011126
single_shape,plain2_w16_gmp,structured_template,release_default,10,additive_centered_logit_fidelity,100,0.6203089177689042,0.6155169960594592,0.6251874986273269
single_shape,plain2_w16_gmp,structured_template,release_default,10,observed_prob_error_reduction,100,1.668749146304759,1.656198125454001,1.6813579989441938
single_shape,plain2_w16_gmp,structured_template,release_default,10,additive_prob_error_reduction,100,1.0925380598535215,1.0774645320527267,1.1066784181331804
single_shape,plain2_w16_gmp,structured_template,release_default,10,centered_residual_energy_ratio,100,0.12906790737636492,0.1259027319446023,0.13223525275619546
single_shape,plain2_w16_gmp,structured_template,release_default,10,centered_residual_norm_mpp,100,6.491116932051658,6.402463176950011,6.577117757248989
single_shape,plain2_w16_gmp,structured_template,release_default,10,cancellation_mean,100,0.23899940406749628,0.2365544301607042,0.24139431240014786
single_shape,plain2_w16_gmp,structured_template,release_default,10,g_individual_sum_mpp,100,502.2409720750308,492.8063234230152,511.73884055365534
single_shape,plain2_w16_gmp,structured_template,release_default,10,g_cross_term_mpp,100,-233.20182278988963,-238.13293588257287,-228.44744913416008
single_shape,plain2_w16_gmp,structured_template,release_default,10,g_nonadditive_correction_mpp,100,81.73118178413269,78.9930132865279,84.44083711501511
single_shape,plain2_w16_gmp,structured_template,release_default,11,observed_centered_logit_fidelity,100,0.8553067429656244,0.8533196012886759,0.8572911961756702
single_shape,plain2_w16_gmp,structured_template,release_default,11,additive_centered_logit_fidelity,100,0.6069789922299861,0.6017219636437503,0.6120502345999814
single_shape,plain2_w16_gmp,structured_template,release_default,11,observed_prob_error_reduction,100,1.8242101452828094,1.8141827268080462,1.8343049550870494
single_shape,plain2_w16_gmp,structured_template,release_default,11,additive_prob_error_reduction,100,1.0924044508325363,1.0770286590784754,1.1073870257627827
single_shape,plain2_w16_gmp,structured_template,release_default,11,centered_residual_energy_ratio,100,0.17451346228122394,0.1708704051500926,0.17817517975806227
single_shape,plain2_w16_gmp,structured_template,release_default,11,centered_residual_norm_mpp,100,7.622159498730429,7.529075381101415,7.715036226150029
single_shape,plain2_w16_gmp,structured_template,release_default,11,cancellation_mean,100,0.24598452606579255,0.24345718128859858,0.24846485200837704
single_shape,plain2_w16_gmp,structured_template,release_default,11,g_individual_sum_mpp,100,544.0826535006422,533.8312243423917,554.3396283408257
single_shape,plain2_w16_gmp,structured_template,release_default,11,g_cross_term_mpp,100,-280.749106015577,-286.2558163643268,-275.1808894035142
single_shape,plain2_w16_gmp,structured_template,release_default,11,g_nonadditive_correction_mpp,100,107.50851136370775,104.53698710777526,110.44947971594995
single_shape,plain2_w16_gmp,structured_template,release_default,12,observed_centered_logit_fidelity,100,0.8976652617739167,0.8958024947219952,0.8995039881498345
single_shape,plain2_w16_gmp,structured_template,release_default,12,additive_centered_logit_fidelity,100,0.5794969284787402,0.5737523493334925,0.5851082809860799
single_shape,plain2_w16_gmp,structured_template,release_default,12,observed_prob_error_reduction,100,1.9290980844819599,1.9223978813205973,1.9351998786009315
single_shape,plain2_w16_gmp,structured_template,release_default,12,additive_prob_error_reduction,100,1.0721681144934623,1.0573406066631879,1.0872773910396112
single_shape,plain2_w16_gmp,structured_template,release_default,12,centered_residual_energy_ratio,100,0.2344138939470397,0.23011928783556054,0.23875850715981833
single_shape,plain2_w16_gmp,structured_template,release_default,12,centered_residual_norm_mpp,100,8.93723046829486,8.83113131216896,9.043092989318387
single_shape,plain2_w16_gmp,structured_template,release_default,12,cancellation_mean,100,0.2512672967913489,0.2487791959026816,0.25371867053891123
single_shape,plain2_w16_gmp,structured_template,release_default,12,g_individual_sum_mpp,100,585.4038812414188,574.6488670182453,596.2063176592555
single_shape,plain2_w16_gmp,structured_template,release_default,12,g_cross_term_mpp,100,-333.91829540115106,-340.61846964707604,-327.59261137894697
single_shape,plain2_w16_gmp,structured_template,release_default,12,g_nonadditive_correction_mpp,100,137.73227873954792,134.20661527392974,141.37872985871465
single_shape,plain2_w16_gmp,structured_template,release_default,13,observed_centered_logit_fidelity,100,0.9349459415753839,0.9335130002326216,0.9364035431471133
single_shape,plain2_w16_gmp,structured_template,release_default,13,additive_centered_logit_fidelity,100,0.5418590059244075,0.5356927226014409,0.5479589550018104
single_shape,plain2_w16_gmp,structured_template,release_default,13,observed_prob_error_reduction,100,1.98152597646071,1.978966629472105,1.983865732176115
single_shape,plain2_w16_gmp,structured_template,release_default,13,additive_prob_error_reduction,100,1.042777495637958,1.0294989642004506,1.056341789439771
single_shape,plain2_w16_gmp,structured_template,release_default,13,centered_residual_energy_ratio,100,0.30812945689472965,0.30307191266866784,0.31349942681499127
single_shape,plain2_w16_gmp,structured_template,release_default,13,centered_residual_norm_mpp,100,10.372959319271324,10.251747757497725,10.496146741717016
single_shape,plain2_w16_gmp,structured_template,release_default,13,cancellation_mean,100,0.2551441463355345,0.2526558100905054,0.2575806754836426
single_shape,plain2_w16_gmp,structured_template,release_default,13,g_individual_sum_mpp,100,627.808139949581,616.4750006876569,639.5643594883627
single_shape,plain2_w16_gmp,structured_template,release_default,13,g_cross_term_mpp,100,-392.51375001210477,-400.2835126582808,-384.9787281447168
single_shape,plain2_w16_gmp,structured_template,release_default,13,g_nonadditive_correction_mpp,100,170.11440245954364,166.0497173081761,174.3606285038645
single_shape,plain2_w16_gmp,structured_template,release_default,14,observed_centered_logit_fidelity,100,0.9662170173817178,0.9652776906603141,0.9671546677077588
single_shape,plain2_w16_gmp,structured_template,release_default,14,additive_centered_logit_fidelity,100,0.4896225505371512,0.4823944703803423,0.4967025433471106
single_shape,plain2_w16_gmp,structured_template,release_default,14,observed_prob_error_reduction,100,1.9949529526758158,1.9941953503393923,1.9956458640923165
single_shape,plain2_w16_gmp,structured_template,release_default,14,additive_prob_error_reduction,100,1.0018076792898716,0.9887706046773784,1.015026455342748
single_shape,plain2_w16_gmp,structured_template,release_default,14,centered_residual_energy_ratio,100,0.40146903435981984,0.39500690962900736,0.40804841806299263
single_shape,plain2_w16_gmp,structured_template,release_default,14,centered_residual_norm_mpp,100,11.973240191390136,11.836027942719832,12.110784248252079
single_shape,plain2_w16_gmp,structured_template,release_default,14,cancellation_mean,100,0.25892556523686255,0.2563069409289157,0.26146014434558906
single_shape,plain2_w16_gmp,structured_template,release_default,14,g_individual_sum_mpp,100,668.9235135875924,656.1544746880231,681.1411764337903
single_shape,plain2_w16_gmp,structured_template,release_default,14,g_cross_term_mpp,100,-456.1288490391061,-465.28265546148526,-446.9583681462153
single_shape,plain2_w16_gmp,structured_template,release_default,14,g_nonadditive_correction_mpp,100,206.1894237808243,201.48420365923093,211.1793945464821
single_shape,plain2_w16_gmp,structured_template,release_default,15,observed_centered_logit_fidelity,100,0.9883202126768981,0.9878749019275554,0.9887457786157484
single_shape,plain2_w16_gmp,structured_template,release_default,15,additive_centered_logit_fidelity,100,0.4239154920348488,0.4159423139386729,0.43227639735402396
single_shape,plain2_w16_gmp,structured_template,release_default,15,observed_prob_error_reduction,100,1.9967167727077213,1.9962768067362981,1.997124504218191
single_shape,plain2_w16_gmp,structured_template,release_default,15,additive_prob_error_reduction,100,0.9589905701321326,0.9453880034235056,0.97276076554439
single_shape,plain2_w16_gmp,structured_template,release_default,15,centered_residual_energy_ratio,100,0.5128784011341265,0.5053272678166669,0.5202720134879846
single_shape,plain2_w16_gmp,structured_template,release_default,15,centered_residual_norm_mpp,100,13.653794268706827,13.500057925840656,13.805809130364024
single_shape,plain2_w16_gmp,structured_template,release_default,15,cancellation_mean,100,0.26240006582481673,0.2599065207539003,0.26494155975134387
single_shape,plain2_w16_gmp,structured_template,release_default,15,g_individual_sum_mpp,100,709.0703683217166,696.0343689851793,722.2123124731254
single_shape,plain2_w16_gmp,structured_template,release_default,15,g_cross_term_mpp,100,-524.6443081853432,-535.3140018604691,-514.3256367402973
single_shape,plain2_w16_gmp,structured_template,release_default,15,g_nonadditive_correction_mpp,100,244.13114470499056,238.45536409084755,249.68462466856744
single_shape,plain2_w16_gmp,structured_template,release_default,16,observed_centered_logit_fidelity,100,1.0,1.0,1.0
single_shape,plain2_w16_gmp,structured_template,release_default,16,additive_centered_logit_fidelity,100,0.33678066180370964,0.3272240174323826,0.34616316125220514
single_shape,plain2_w16_gmp,structured_template,release_default,16,observed_prob_error_reduction,100,1.996904754733537,1.9964982553837174,1.9972926203847114
single_shape,plain2_w16_gmp,structured_template,release_default,16,additive_prob_error_reduction,100,0.9150553324199511,0.9028401564066426,0.9275892004403556
single_shape,plain2_w16_gmp,structured_template,release_default,16,centered_residual_energy_ratio,100,0.6632193381962905,0.6536377061945045,0.6728993811983445
single_shape,plain2_w16_gmp,structured_template,release_default,16,centered_residual_norm_mpp,100,15.610022178536822,15.43123574971081,15.782608035910314
single_shape,plain2_w16_gmp,structured_template,release_default,16,cancellation_mean,100,0.2634517521203301,0.26100261745047926,0.26597922020425707
single_shape,plain2_w16_gmp,structured_template,release_default,16,g_individual_sum_mpp,100,751.9047586899894,738.0786823931046,765.8666413484979
single_shape,plain2_w16_gmp,structured_template,release_default,16,g_cross_term_mpp,100,-605.1354685130191,-617.4793041112625,-592.9236894913727
single_shape,plain2_w16_gmp,structured_template,release_default,16,g_nonadditive_correction_mpp,100,286.83539005984545,280.2449072151456,293.4095233097691
single_shape,plain2_w16_gmp,structured_template,retention_1,0,observed_centered_logit_fidelity,100,0.0,0.0,0.0
single_shape,plain2_w16_gmp,structured_template,retention_1,0,additive_centered_logit_fidelity,100,0.0,0.0,0.0
single_shape,plain2_w16_gmp,structured_template,retention_1,0,observed_prob_error_reduction,100,0.0,0.0,0.0
single_shape,plain2_w16_gmp,structured_template,retention_1,0,additive_prob_error_reduction,100,0.0,0.0,0.0
single_shape,plain2_w16_gmp,structured_template,retention_1,0,centered_residual_energy_ratio,100,0.0,0.0,0.0
single_shape,plain2_w16_gmp,structured_template,retention_1,0,centered_residual_norm_mpp,100,0.0,0.0,0.0
single_shape,plain2_w16_gmp,structured_template,retention_1,0,cancellation_mean,0,,,
single_shape,plain2_w16_gmp,structured_template,retention_1,0,g_individual_sum_mpp,100,0.0,0.0,0.0
single_shape,plain2_w16_gmp,structured_template,retention_1,0,g_cross_term_mpp,100,0.0,0.0,0.0
single_shape,plain2_w16_gmp,structured_template,retention_1,0,g_nonadditive_correction_mpp,100,0.0,0.0,0.0
single_shape,plain2_w16_gmp,structured_template,retention_1,1,observed_centered_logit_fidelity,100,0.14287172849223037,0.1399767628688896,0.1456858173988477
single_shape,plain2_w16_gmp,structured_template,retention_1,1,additive_centered_logit_fidelity,100,0.14287172849223037,0.14008140310635597,0.1456808783095831
single_shape,plain2_w16_gmp,structured_template,retention_1,1,observed_prob_error_reduction,100,0.013072002769379101,0.012348616333377903,0.013795344887652083
single_shape,plain2_w16_gmp,structured_template,retention_1,1,additive_prob_error_reduction,100,0.013072002769379101,0.012327997616744676,0.013807646528774737
single_shape,plain2_w16_gmp,structured_template,retention_1,1,centered_residual_energy_ratio,100,0.0,0.0,0.0
single_shape,plain2_w16_gmp,structured_template,retention_1,1,centered_residual_norm_mpp,100,0.0,0.0,0.0
single_shape,plain2_w16_gmp,structured_template,retention_1,1,cancellation_mean,100,0.0,0.0,0.0
single_shape,plain2_w16_gmp,structured_template,retention_1,1,g_individual_sum_mpp,100,34.683706233941535,33.77273555588906,35.63397560355361
single_shape,plain2_w16_gmp,structured_template,retention_1,1,g_cross_term_mpp,100,0.0,0.0,0.0
single_shape,plain2_w16_gmp,structured_template,retention_1,1,g_nonadditive_correction_mpp,100,0.0,0.0,0.0
single_shape,plain2_w16_gmp,structured_template,retention_1,2,observed_centered_logit_fidelity,100,0.2587186964495322,0.25479860206588245,0.26271802275104716
single_shape,plain2_w16_gmp,structured_template,retention_1,2,additive_centered_logit_fidelity,100,0.2498974393328282,0.24582433870274534,0.2540644960511659
single_shape,plain2_w16_gmp,structured_template,retention_1,2,observed_prob_error_reduction,100,0.0858633670613594,0.08096500410469863,0.09094709706511164
single_shape,plain2_w16_gmp,structured_template,retention_1,2,additive_prob_error_reduction,100,0.08925083192123248,0.08408898471969906,0.0946963997291396
single_shape,plain2_w16_gmp,structured_template,retention_1,2,centered_residual_energy_ratio,100,0.0027401476355238554,0.0026160676121126407,0.002879922806909164
single_shape,plain2_w16_gmp,structured_template,retention_1,2,centered_residual_norm_mpp,100,0.6522778632761724,0.6396668983285925,0.6652326971407139
single_shape,plain2_w16_gmp,structured_template,retention_1,2,cancellation_mean,100,0.08732766380349495,0.08355222477322825,0.09127217820925478
single_shape,plain2_w16_gmp,structured_template,retention_1,2,g_individual_sum_mpp,100,66.71356726286996,65.15207978470067,68.3165082749975
single_shape,plain2_w16_gmp,structured_template,retention_1,2,g_cross_term_mpp,100,-6.081293760211441,-6.311345758027399,-5.859024264398149
single_shape,plain2_w16_gmp,structured_template,retention_1,2,g_nonadditive_correction_mpp,100,2.1567837446117974,1.8352683052486543,2.478314454198972
single_shape,plain2_w16_gmp,structured_template,retention_1,3,observed_centered_logit_fidelity,100,0.34756215613164243,0.3433264860409814,0.35176177393893404
single_shape,plain2_w16_gmp,structured_template,retention_1,3,additive_centered_logit_fidelity,100,0.3321463435529581,0.3274962557959907,0.336882543223278
single_shape,plain2_w16_gmp,structured_template,retention_1,3,observed_prob_error_reduction,100,0.2609280261830015,0.24974474215456266,0.27222161657003524
single_shape,plain2_w16_gmp,structured_template,retention_1,3,additive_prob_error_reduction,100,0.2657079275696164,0.2532150369402375,0.2781766162432764
single_shape,plain2_w16_gmp,structured_template,retention_1,3,centered_residual_energy_ratio,100,0.009916635165013614,0.009521471164420718,0.010316282314260228
single_shape,plain2_w16_gmp,structured_template,retention_1,3,centered_residual_norm_mpp,100,1.278467483418025,1.2563718525459313,1.300609688553806
single_shape,plain2_w16_gmp,structured_template,retention_1,3,cancellation_mean,100,0.14361136190808715,0.13990971424260965,0.14738770955489086
single_shape,plain2_w16_gmp,structured_template,retention_1,3,g_individual_sum_mpp,100,96.81728926981901,94.65490491294479,99.00683288769945
single_shape,plain2_w16_gmp,structured_template,retention_1,3,g_cross_term_mpp,100,-16.210230478630745,-16.80477945781461,-15.640447693757151
single_shape,plain2_w16_gmp,structured_template,retention_1,3,g_nonadditive_correction_mpp,100,3.7408075907750975,3.2018475890124183,4.272597198612503
single_shape,plain2_w16_gmp,structured_template,retention_1,4,observed_centered_logit_fidelity,100,0.4122345886083965,0.4080016969687034,0.4164851721981094
single_shape,plain2_w16_gmp,structured_template,retention_1,4,additive_centered_logit_fidelity,100,0.39843194067184484,0.39335263381070856,0.40340207417786156
single_shape,plain2_w16_gmp,structured_template,retention_1,4,observed_prob_error_reduction,100,0.4168591637984643,0.4039395781218319,0.42992255379128297
single_shape,plain2_w16_gmp,structured_template,retention_1,4,additive_prob_error_reduction,100,0.4215519802298261,0.4081749729145994,0.43503765562245905
single_shape,plain2_w16_gmp,structured_template,retention_1,4,centered_residual_energy_ratio,100,0.019063387578458404,0.01831573414257529,0.019825215640128305
single_shape,plain2_w16_gmp,structured_template,retention_1,4,centered_residual_norm_mpp,100,1.796913141839097,1.7631514668312307,1.8307898943215246
single_shape,plain2_w16_gmp,structured_template,retention_1,4,cancellation_mean,100,0.1870017936997398,0.18303455109448383,0.19101489798237614
single_shape,plain2_w16_gmp,structured_template,retention_1,4,g_individual_sum_mpp,100,122.1192972435511,119.46146363904137,124.85692204510408
single_shape,plain2_w16_gmp,structured_template,retention_1,4,g_cross_term_mpp,100,-25.44452584764989,-26.278396695628068,-24.63114809005155
single_shape,plain2_w16_gmp,structured_template,retention_1,4,g_nonadditive_correction_mpp,100,3.351110858190679,2.7920819238765895,3.9126257394535
single_shape,plain2_w16_gmp,structured_template,retention_1,5,observed_centered_logit_fidelity,100,0.48144395549116686,0.47731647341052563,0.48544928300817697
single_shape,plain2_w16_gmp,structured_template,retention_1,5,additive_centered_logit_fidelity,100,0.4725288373827536,0.4672723236393193,0.4776582244076147
single_shape,plain2_w16_gmp,structured_template,retention_1,5,observed_prob_error_reduction,100,0.6167182405294345,0.6041580115043159,0.6292028151289549
single_shape,plain2_w16_gmp,structured_template,retention_1,5,additive_prob_error_reduction,100,0.6189105629881225,0.6044584097199067,0.6332058995042473
single_shape,plain2_w16_gmp,structured_template,retention_1,5,centered_residual_energy_ratio,100,0.030352282346158627,0.02928943963862446,0.031463070332500474
single_shape,plain2_w16_gmp,structured_template,retention_1,5,centered_residual_norm_mpp,100,2.2933683258959388,2.255570774922182,2.332836500264139
single_shape,plain2_w16_gmp,structured_template,retention_1,5,cancellation_mean,100,0.23202457137894203,0.22876734332944287,0.2353323266762738
single_shape,plain2_w16_gmp,structured_template,retention_1,5,g_individual_sum_mpp,100,151.0486587180847,148.11536927699032,153.9990493649583
single_shape,plain2_w16_gmp,structured_template,retention_1,5,g_cross_term_mpp,100,-36.414504752509295,-37.393455048362405,-35.433447488005925
single_shape,plain2_w16_gmp,structured_template,retention_1,5,g_nonadditive_correction_mpp,100,2.1140610829833824,1.4152033152923222,2.8336517020936505
single_shape,plain2_w16_gmp,structured_template,retention_1,6,observed_centered_logit_fidelity,100,0.544930706487516,0.5405904609838098,0.5490705531418238
single_shape,plain2_w16_gmp,structured_template,retention_1,6,additive_centered_logit_fidelity,100,0.5338553191312388,0.527863861504003,0.5395584398566653
single_shape,plain2_w16_gmp,structured_template,retention_1,6,observed_prob_error_reduction,100,0.8358575879892248,0.8230513965090996,0.8480879137333343
single_shape,plain2_w16_gmp,structured_template,retention_1,6,additive_prob_error_reduction,100,0.8149545576036762,0.8013526540284892,0.8288043247440613
single_shape,plain2_w16_gmp,structured_template,retention_1,6,centered_residual_energy_ratio,100,0.04262979985484869,0.04130942363697791,0.04403132647212625
single_shape,plain2_w16_gmp,structured_template,retention_1,6,centered_residual_norm_mpp,100,2.7398170196306477,2.699334116838099,2.7811057808829878
single_shape,plain2_w16_gmp,structured_template,retention_1,6,cancellation_mean,100,0.2542497454114021,0.2510815964688332,0.25730843637314027
single_shape,plain2_w16_gmp,structured_template,retention_1,6,g_individual_sum_mpp,100,179.3995668198014,176.0465252347812,182.88203535176572
single_shape,plain2_w16_gmp,structured_template,retention_1,6,g_cross_term_mpp,100,-49.90237123771466,-51.12570309050539,-48.70621372699566
single_shape,plain2_w16_gmp,structured_template,retention_1,6,g_nonadditive_correction_mpp,100,2.6722444737739255,1.780651262287934,3.6003571184974055
single_shape,plain2_w16_gmp,structured_template,retention_1,7,observed_centered_logit_fidelity,100,0.6024411406866053,0.5977508998282198,0.6071772742686328
single_shape,plain2_w16_gmp,structured_template,retention_1,7,additive_centered_logit_fidelity,100,0.5693402637429957,0.5626527740465445,0.5757232677333978
single_shape,plain2_w16_gmp,structured_template,retention_1,7,observed_prob_error_reduction,100,1.0455776081146162,1.0328193932255345,1.0580671013351322
single_shape,plain2_w16_gmp,structured_template,retention_1,7,additive_prob_error_reduction,100,0.9466968339574158,0.9309518957192999,0.9626880557867614
single_shape,plain2_w16_gmp,structured_template,retention_1,7,centered_residual_energy_ratio,100,0.06011835372834321,0.05848517825331234,0.06180149027153086
single_shape,plain2_w16_gmp,structured_template,retention_1,7,centered_residual_norm_mpp,100,3.2885890382117293,3.2483940201373662,3.329982068239529
single_shape,plain2_w16_gmp,structured_template,retention_1,7,cancellation_mean,100,0.2673513929952553,0.2641128722776265,0.27058168722196924
single_shape,plain2_w16_gmp,structured_template,retention_1,7,g_individual_sum_mpp,100,206.4164437317735,202.4413356950881,210.4606113329792
single_shape,plain2_w16_gmp,structured_template,retention_1,7,g_cross_term_mpp,100,-68.22809246226471,-69.89673749218832,-66.62115355479395
single_shape,plain2_w16_gmp,structured_template,retention_1,7,g_nonadditive_correction_mpp,100,8.024697076450924,6.97436295898211,9.106301160310112
single_shape,plain2_w16_gmp,structured_template,retention_1,8,observed_centered_logit_fidelity,100,0.6589324479079615,0.6552538544291804,0.662677070280144
single_shape,plain2_w16_gmp,structured_template,retention_1,8,additive_centered_logit_fidelity,100,0.593066868219698,0.5875111234709297,0.5984284524765456
single_shape,plain2_w16_gmp,structured_template,retention_1,8,observed_prob_error_reduction,100,1.2308415210210983,1.218522255668475,1.243148103786803
single_shape,plain2_w16_gmp,structured_template,retention_1,8,additive_prob_error_reduction,100,1.040467608397815,1.026310078151647,1.05452102224201
single_shape,plain2_w16_gmp,structured_template,retention_1,8,centered_residual_energy_ratio,100,0.08211965030491745,0.0796189178321061,0.08473334431540117
single_shape,plain2_w16_gmp,structured_template,retention_1,8,centered_residual_norm_mpp,100,3.8489458226809163,3.7935569189466167,3.9050759673004865
single_shape,plain2_w16_gmp,structured_template,retention_1,8,cancellation_mean,100,0.2857303415433622,0.28242181547526063,0.28891616305042395
single_shape,plain2_w16_gmp,structured_template,retention_1,8,g_individual_sum_mpp,100,231.1599812251,226.90661510996878,235.32346749547176
single_shape,plain2_w16_gmp,structured_template,retention_1,8,g_cross_term_mpp,100,-87.31510605347641,-89.32343946695998,-85.36867596489135
single_shape,plain2_w16_gmp,structured_template,retention_1,8,g_nonadditive_correction_mpp,100,15.996024324486621,14.908534922894622,17.11024658405629
single_shape,plain2_w16_gmp,structured_template,retention_1,9,observed_centered_logit_fidelity,100,0.7144191408987599,0.7108820326163879,0.7179217762544811
single_shape,plain2_w16_gmp,structured_template,retention_1,9,additive_centered_logit_fidelity,100,0.6116539734088726,0.6058325366829371,0.6173536579425776
single_shape,plain2_w16_gmp,structured_template,retention_1,9,observed_prob_error_reduction,100,1.379342522025543,1.3672238343264147,1.3916168680565486
single_shape,plain2_w16_gmp,structured_template,retention_1,9,additive_prob_error_reduction,100,1.1117527048560631,1.097876904214648,1.125419686866206
single_shape,plain2_w16_gmp,structured_template,retention_1,9,centered_residual_energy_ratio,100,0.10603525862119444,0.10290715081430832,0.10921846316582563
single_shape,plain2_w16_gmp,structured_template,retention_1,9,centered_residual_norm_mpp,100,4.403891569290708,4.340556606711267,4.471020630265703
single_shape,plain2_w16_gmp,structured_template,retention_1,9,cancellation_mean,100,0.2948156738912474,0.2915109285099431,0.2981300174371243
single_shape,plain2_w16_gmp,structured_template,retention_1,9,g_individual_sum_mpp,100,259.5453597097102,254.7547344563334,264.24250137454777
single_shape,plain2_w16_gmp,structured_template,retention_1,9,g_cross_term_mpp,100,-111.13986213087375,-113.68249865538776,-108.61193704932893
single_shape,plain2_w16_gmp,structured_template,retention_1,9,g_nonadditive_correction_mpp,100,24.939634402382115,23.69246515137651,26.254259303345357
single_shape,plain2_w16_gmp,structured_template,retention_1,10,observed_centered_logit_fidelity,100,0.767149331798293,0.7639483259461278,0.7703412813405344
single_shape,plain2_w16_gmp,structured_template,retention_1,10,additive_centered_logit_fidelity,100,0.6084426230659852,0.6023313723167748,0.6143325379309885
single_shape,plain2_w16_gmp,structured_template,retention_1,10,observed_prob_error_reduction,100,1.526343423605546,1.5144466469958728,1.538749249798417
single_shape,plain2_w16_gmp,structured_template,retention_1,10,additive_prob_error_reduction,100,1.1247511016424225,1.11145409627137,1.1386648920885816
single_shape,plain2_w16_gmp,structured_template,retention_1,10,centered_residual_energy_ratio,100,0.13960825433961468,0.1356617512108302,0.1436616494786517
single_shape,plain2_w16_gmp,structured_template,retention_1,10,centered_residual_norm_mpp,100,5.090371892454023,5.020833424649723,5.162082598837643
single_shape,plain2_w16_gmp,structured_template,retention_1,10,cancellation_mean,100,0.3022910180210219,0.2989253091361318,0.3058527118644354
single_shape,plain2_w16_gmp,structured_template,retention_1,10,g_individual_sum_mpp,100,285.14277277456404,280.0379609734934,290.3940071277846
single_shape,plain2_w16_gmp,structured_template,retention_1,10,g_cross_term_mpp,100,-137.45245242934564,-140.5703293356213,-134.3295570325063
single_shape,plain2_w16_gmp,structured_template,retention_1,10,g_nonadditive_correction_mpp,100,38.497903416373724,37.02236437190205,40.13669290082588
single_shape,plain2_w16_gmp,structured_template,retention_1,11,observed_centered_logit_fidelity,100,0.8229151228398779,0.8200622725122737,0.825685725001913
single_shape,plain2_w16_gmp,structured_template,retention_1,11,additive_centered_logit_fidelity,100,0.5776778421312342,0.5705497024971448,0.5844705873858352
single_shape,plain2_w16_gmp,structured_template,retention_1,11,observed_prob_error_reduction,100,1.6883569266939713,1.6761065192342355,1.7000924553431336
single_shape,plain2_w16_gmp,structured_template,retention_1,11,additive_prob_error_reduction,100,1.0882447771967547,1.0736306593731018,1.1032116552694553
single_shape,plain2_w16_gmp,structured_template,retention_1,11,centered_residual_energy_ratio,100,0.19343685750760226,0.18867386257872415,0.19840992318834938
single_shape,plain2_w16_gmp,structured_template,retention_1,11,centered_residual_norm_mpp,100,6.060989686354637,5.97840791794488,6.144732517428635
single_shape,plain2_w16_gmp,structured_template,retention_1,11,cancellation_mean,100,0.30573784942289217,0.3023503302314251,0.30917908895928536
single_shape,plain2_w16_gmp,structured_template,retention_1,11,g_individual_sum_mpp,100,310.72534517441056,304.98122772533657,316.27007947714276
single_shape,plain2_w16_gmp,structured_template,retention_1,11,g_cross_term_mpp,100,-170.60680612166485,-174.5224201405205,-166.67338371049752
single_shape,plain2_w16_gmp,structured_template,retention_1,11,g_nonadditive_correction_mpp,100,59.60434619771673,57.65165104360416,61.666184404189124
single_shape,plain2_w16_gmp,structured_template,retention_1,12,observed_centered_logit_fidelity,100,0.8744256238888287,0.8721592299495254,0.8767229898358451
single_shape,plain2_w16_gmp,structured_template,retention_1,12,additive_centered_logit_fidelity,100,0.5310811736045051,0.5226362760508984,0.5392065341099651
single_shape,plain2_w16_gmp,structured_template,retention_1,12,observed_prob_error_reduction,100,1.8384080069451687,1.8282719536286471,1.848324363379127
single_shape,plain2_w16_gmp,structured_template,retention_1,12,additive_prob_error_reduction,100,1.0450116976982056,1.0294550911860891,1.0604807913679435
single_shape,plain2_w16_gmp,structured_template,retention_1,12,centered_residual_energy_ratio,100,0.2651101268725668,0.2590012868089731,0.27156242884849374
single_shape,plain2_w16_gmp,structured_template,retention_1,12,centered_residual_norm_mpp,100,7.172727916064081,7.077325334431545,7.268493515343426
single_shape,plain2_w16_gmp,structured_template,retention_1,12,cancellation_mean,100,0.3080051997001175,0.3046616708447488,0.3112774901067428
single_shape,plain2_w16_gmp,structured_template,retention_1,12,g_individual_sum_mpp,100,335.56274723939424,329.6087356876656,341.6454795308683
single_shape,plain2_w16_gmp,structured_template,retention_1,12,g_cross_term_mpp,100,-206.7603128679901,-211.5314289421142,-202.16844118427434
single_shape,plain2_w16_gmp,structured_template,retention_1,12,g_nonadditive_correction_mpp,100,83.43780047329497,80.91152070873787,86.09327638044019
single_shape,plain2_w16_gmp,structured_template,retention_1,13,observed_centered_logit_fidelity,100,0.9135674370753136,0.9113364435958281,0.9157329549570211
single_shape,plain2_w16_gmp,structured_template,retention_1,13,additive_centered_logit_fidelity,100,0.4814010251092178,0.47220206950301635,0.4903533168154889
single_shape,plain2_w16_gmp,structured_template,retention_1,13,observed_prob_error_reduction,100,1.9286526161806175,1.9222531398246714,1.9347136224388197
single_shape,plain2_w16_gmp,structured_template,retention_1,13,additive_prob_error_reduction,100,1.0327205966190574,1.0181420051024848,1.047708734995691
single_shape,plain2_w16_gmp,structured_template,retention_1,13,centered_residual_energy_ratio,100,0.3490170662331883,0.34203049418792636,0.35614805729908533
single_shape,plain2_w16_gmp,structured_template,retention_1,13,centered_residual_norm_mpp,100,8.295492272983866,8.189277474129147,8.401625529280127
single_shape,plain2_w16_gmp,structured_template,retention_1,13,cancellation_mean,100,0.31074464644950667,0.30743327708304424,0.31394832762358976
single_shape,plain2_w16_gmp,structured_template,retention_1,13,g_individual_sum_mpp,100,359.4194290862459,353.03665527766464,366.0264843801451
single_shape,plain2_w16_gmp,structured_template,retention_1,13,g_cross_term_mpp,100,-242.7043375494134,-248.2732992042303,-237.4143904080686
single_shape,plain2_w16_gmp,structured_template,retention_1,13,g_nonadditive_correction_mpp,100,105.05877604611979,102.0998695856115,108.16244331403144
single_shape,plain2_w16_gmp,structured_template,retention_1,14,observed_centered_logit_fidelity,100,0.9541594949780032,0.952525551469162,0.9557465752519784
single_shape,plain2_w16_gmp,structured_template,retention_1,14,additive_centered_logit_fidelity,100,0.414357488195532,0.40446185047101946,0.4237454356305433
single_shape,plain2_w16_gmp,structured_template,retention_1,14,observed_prob_error_reduction,100,1.9740756237395678,1.9712534876953107,1.9766194658994676
single_shape,plain2_w16_gmp,structured_template,retention_1,14,additive_prob_error_reduction,100,1.0084545757198151,0.9950016548552986,1.0219866522178487
single_shape,plain2_w16_gmp,structured_template,retention_1,14,centered_residual_energy_ratio,100,0.45986087745798704,0.4517560478607633,0.46819568602453754
single_shape,plain2_w16_gmp,structured_template,retention_1,14,centered_residual_norm_mpp,100,9.596273252216818,9.484919449354916,9.710908940269729
single_shape,plain2_w16_gmp,structured_template,retention_1,14,cancellation_mean,100,0.3125682394525946,0.3092534660300701,0.31590188765715604
single_shape,plain2_w16_gmp,structured_template,retention_1,14,g_individual_sum_mpp,100,383.7157465394341,376.823756178079,390.4329989338245
single_shape,plain2_w16_gmp,structured_template,retention_1,14,g_cross_term_mpp,100,-283.19864215396626,-289.59599428575945,-276.95530066050867
single_shape,plain2_w16_gmp,structured_template,retention_1,14,g_nonadditive_correction_mpp,100,131.11337897749684,127.76468249615803,134.65712205131297
single_shape,plain2_w16_gmp,structured_template,retention_1,15,observed_centered_logit_fidelity,100,0.9823401143080757,0.9816706952198765,0.9830150748129719
single_shape,plain2_w16_gmp,structured_template,retention_1,15,additive_centered_logit_fidelity,100,0.31629769609993497,0.30541141043993125,0.3267685503636657
single_shape,plain2_w16_gmp,structured_template,retention_1,15,observed_prob_error_reduction,100,1.9849008235301489,1.9839705538005759,1.9858239796283597
single_shape,plain2_w16_gmp,structured_template,retention_1,15,additive_prob_error_reduction,100,0.9665953929706176,0.9535656684446745,0.9793973799041268
single_shape,plain2_w16_gmp,structured_template,retention_1,15,centered_residual_energy_ratio,100,0.6055503928826041,0.596161156246532,0.6152569368911722
single_shape,plain2_w16_gmp,structured_template,retention_1,15,centered_residual_norm_mpp,100,11.055615362213711,10.929847572530724,11.184683676565756
single_shape,plain2_w16_gmp,structured_template,retention_1,15,cancellation_mean,100,0.3148503320909822,0.31161720745688487,0.3180166037602691
single_shape,plain2_w16_gmp,structured_template,retention_1,15,g_individual_sum_mpp,100,405.43522450840146,398.2648012233117,412.7616788159738
single_shape,plain2_w16_gmp,structured_template,retention_1,15,g_cross_term_mpp,100,-328.6529530836289,-335.6788192583053,-321.70577359955877
single_shape,plain2_w16_gmp,structured_template,retention_1,15,g_nonadditive_correction_mpp,100,161.7139674239905,157.71349848042632,165.9758320675644
single_shape,plain2_w16_gmp,structured_template,retention_1,16,observed_centered_logit_fidelity,100,1.0,1.0,1.0
single_shape,plain2_w16_gmp,structured_template,retention_1,16,additive_centered_logit_fidelity,100,0.21067106186613926,0.19734288631120056,0.22356358110134103
single_shape,plain2_w16_gmp,structured_template,retention_1,16,observed_prob_error_reduction,100,1.9858569953047402,1.9849731656621115,1.986712620978172
single_shape,plain2_w16_gmp,structured_template,retention_1,16,additive_prob_error_reduction,100,0.9320193350311569,0.9197018314501426,0.944579299355491
single_shape,plain2_w16_gmp,structured_template,retention_1,16,centered_residual_energy_ratio,100,0.7893289381338607,0.7763251026154206,0.8027633583815157
single_shape,plain2_w16_gmp,structured_template,retention_1,16,centered_residual_norm_mpp,100,12.698907508095948,12.548632021508173,12.854949497453383
single_shape,plain2_w16_gmp,structured_template,retention_1,16,cancellation_mean,100,0.3151720033196344,0.3119259170997538,0.31840940657116074
single_shape,plain2_w16_gmp,structured_template,retention_1,16,g_individual_sum_mpp,100,433.40526935083585,425.7913860599541,441.4275124460132
single_shape,plain2_w16_gmp,structured_template,retention_1,16,g_cross_term_mpp,100,-382.24259279883836,-390.95197467621455,-373.97494580482174
single_shape,plain2_w16_gmp,structured_template,retention_1,16,g_nonadditive_correction_mpp,100,191.61338366912258,186.82076297490755,196.55164010019737
single_shape,tiny_gap,pixel_permuted_template,release_default,0,observed_centered_logit_fidelity,100,0.0,0.0,0.0
single_shape,tiny_gap,pixel_permuted_template,release_default,0,additive_centered_logit_fidelity,100,0.0,0.0,0.0
single_shape,tiny_gap,pixel_permuted_template,release_default,0,observed_prob_error_reduction,100,0.0,0.0,0.0
single_shape,tiny_gap,pixel_permuted_template,release_default,0,additive_prob_error_reduction,100,0.0,0.0,0.0
single_shape,tiny_gap,pixel_permuted_template,release_default,0,centered_residual_energy_ratio,100,0.0,0.0,0.0
single_shape,tiny_gap,pixel_permuted_template,release_default,0,centered_residual_norm_mpp,100,0.0,0.0,0.0
single_shape,tiny_gap,pixel_permuted_template,release_default,0,cancellation_mean,0,,,
single_shape,tiny_gap,pixel_permuted_template,release_default,0,g_individual_sum_mpp,100,0.0,0.0,0.0
single_shape,tiny_gap,pixel_permuted_template,release_default,0,g_cross_term_mpp,100,0.0,0.0,0.0
single_shape,tiny_gap,pixel_permuted_template,release_default,0,g_nonadditive_correction_mpp,100,0.0,0.0,0.0
single_shape,tiny_gap,pixel_permuted_template,release_default,1,observed_centered_logit_fidelity,100,0.11356652911197446,0.11037378831767548,0.11678511026997694
single_shape,tiny_gap,pixel_permuted_template,release_default,1,additive_centered_logit_fidelity,100,0.11356652911197446,0.11034467088423938,0.11672524525570298
single_shape,tiny_gap,pixel_permuted_template,release_default,1,observed_prob_error_reduction,100,0.06890298420418607,0.06633886106868628,0.07145575722625934
single_shape,tiny_gap,pixel_permuted_template,release_default,1,additive_prob_error_reduction,100,0.06890298420418607,0.06625604409360372,0.07149775114968741
single_shape,tiny_gap,pixel_permuted_template,release_default,1,centered_residual_energy_ratio,100,0.0,0.0,0.0
single_shape,tiny_gap,pixel_permuted_template,release_default,1,centered_residual_norm_mpp,100,0.0,0.0,0.0
single_shape,tiny_gap,pixel_permuted_template,release_default,1,cancellation_mean,100,0.0,0.0,0.0
single_shape,tiny_gap,pixel_permuted_template,release_default,1,g_individual_sum_mpp,100,2.5625419795945543,2.479437129135033,2.6475838906450546
single_shape,tiny_gap,pixel_permuted_template,release_default,1,g_cross_term_mpp,100,0.0,0.0,0.0
single_shape,tiny_gap,pixel_permuted_template,release_default,1,g_nonadditive_correction_mpp,100,0.0,0.0,0.0
single_shape,tiny_gap,pixel_permuted_template,release_default,2,observed_centered_logit_fidelity,100,0.22335653676657127,0.2191123161699489,0.22749271902866597
single_shape,tiny_gap,pixel_permuted_template,release_default,2,additive_centered_logit_fidelity,100,0.22335653661037116,0.21928253371349046,0.22752771478123585
single_shape,tiny_gap,pixel_permuted_template,release_default,2,observed_prob_error_reduction,100,0.14277424727727808,0.13917709282630733,0.14643002026755422
single_shape,tiny_gap,pixel_permuted_template,release_default,2,additive_prob_error_reduction,100,0.14277424728130736,0.13908932346559738,0.14654980293720796
single_shape,tiny_gap,pixel_permuted_template,release_default,2,centered_residual_energy_ratio,100,4.40146381304949e-15,4.300969841653955e-15,4.50461006558021e-15
single_shape,tiny_gap,pixel_permuted_template,release_default,2,centered_residual_norm_mpp,100,2.227607428317876e-07,2.1944076225647477e-07,2.259184166954052e-07
single_shape,tiny_gap,pixel_permuted_template,release_default,2,cancellation_mean,100,0.08256445946757443,0.07894768102738962,0.08639692176299531
single_shape,tiny_gap,pixel_permuted_template,release_default,2,g_individual_sum_mpp,100,5.409154823592637,5.263426583935411,5.560143890166
single_shape,tiny_gap,pixel_permuted_template,release_default,2,g_cross_term_mpp,100,-0.35183854097143985,-0.37390446836293667,-0.32951110423480806
single_shape,tiny_gap,pixel_permuted_template,release_default,2,g_nonadditive_correction_mpp,100,4.12745318961577e-09,-2.6741884567183938e-09,1.1000270223429844e-08
single_shape,tiny_gap,pixel_permuted_template,release_default,3,observed_centered_logit_fidelity,100,0.3242720254643273,0.320221654028894,0.3283109048245897
single_shape,tiny_gap,pixel_permuted_template,release_default,3,additive_centered_logit_fidelity,100,0.3242720252206548,0.32023909338230877,0.32840120513297066
single_shape,tiny_gap,pixel_permuted_template,release_default,3,observed_prob_error_reduction,100,0.2071616716868655,0.20289412753013017,0.21142054408909897
single_shape,tiny_gap,pixel_permuted_template,release_default,3,additive_prob_error_reduction,100,0.20716167178758657,0.20306166451314087,0.21121098379080314
single_shape,tiny_gap,pixel_permuted_template,release_default,3,centered_residual_energy_ratio,100,9.768511624077616e-15,9.569124803947413e-15,9.98018566330029e-15
single_shape,tiny_gap,pixel_permuted_template,release_default,3,centered_residual_norm_mpp,100,3.7425529768797176e-07,3.700957158838066e-07,3.786726810730819e-07
single_shape,tiny_gap,pixel_permuted_template,release_default,3,cancellation_mean,100,0.1317067572242539,0.12656244824937868,0.13678478472475494
single_shape,tiny_gap,pixel_permuted_template,release_default,3,g_individual_sum_mpp,100,8.355562719289193,8.175123142413561,8.543346822154557
single_shape,tiny_gap,pixel_permuted_template,release_default,3,g_cross_term_mpp,100,-1.0056693154919878,-1.0524804069410092,-0.9605772847679385
single_shape,tiny_gap,pixel_permuted_template,release_default,3,g_nonadditive_correction_mpp,100,5.774398076611735e-09,-4.221132714792697e-09,1.566481938330771e-08
single_shape,tiny_gap,pixel_permuted_template,release_default,4,observed_centered_logit_fidelity,100,0.41151830412692936,0.4074309794618294,0.41545352456324075
single_shape,tiny_gap,pixel_permuted_template,release_default,4,additive_centered_logit_fidelity,100,0.4115183042055066,0.40731311858893693,0.4155299733977583
single_shape,tiny_gap,pixel_permuted_template,release_default,4,observed_prob_error_reduction,100,0.25859524775843373,0.25384789866264523,0.2634061335216734
single_shape,tiny_gap,pixel_permuted_template,release_default,4,additive_prob_error_reduction,100,0.2585952481389862,0.25392462488890605,0.26342292815069757
single_shape,tiny_gap,pixel_permuted_template,release_default,4,centered_residual_energy_ratio,100,1.716891421606036e-14,1.6815626626053015e-14,1.7535863768786128e-14
single_shape,tiny_gap,pixel_permuted_template,release_default,4,centered_residual_norm_mpp,100,5.10035228830207e-07,5.042533655225273e-07,5.161735307499504e-07
single_shape,tiny_gap,pixel_permuted_template,release_default,4,cancellation_mean,100,0.16376137661390444,0.15849167043103488,0.1690607628171979
single_shape,tiny_gap,pixel_permuted_template,release_default,4,g_individual_sum_mpp,100,11.295600072690712,11.063076948021036,11.527161189172125
single_shape,tiny_gap,pixel_permuted_template,release_default,4,g_cross_term_mpp,100,-1.9524664776123744,-2.032872859937559,-1.8738991526089717
single_shape,tiny_gap,pixel_permuted_template,release_default,4,g_nonadditive_correction_mpp,100,-1.5085925818960253e-09,-1.5222566893409064e-08,1.244320359955651e-08
single_shape,tiny_gap,pixel_permuted_template,release_default,5,observed_centered_logit_fidelity,100,0.49320939338294406,0.48840220656148714,0.49774280852444813
single_shape,tiny_gap,pixel_permuted_template,release_default,5,additive_centered_logit_fidelity,100,0.49320939324346263,0.4885366711051951,0.4978027079077424
single_shape,tiny_gap,pixel_permuted_template,release_default,5,observed_prob_error_reduction,100,0.30102213250027887,0.29520272843454576,0.3067807968604213
single_shape,tiny_gap,pixel_permuted_template,release_default,5,additive_prob_error_reduction,100,0.3010221328347606,0.2952335934488044,0.30681804120281897
single_shape,tiny_gap,pixel_permuted_template,release_default,5,centered_residual_energy_ratio,100,2.675034015788704e-14,2.6172846192191532e-14,2.732896339931616e-14
single_shape,tiny_gap,pixel_permuted_template,release_default,5,centered_residual_norm_mpp,100,6.421408948679716e-07,6.347941596431117e-07,6.498143826864166e-07
single_shape,tiny_gap,pixel_permuted_template,release_default,5,cancellation_mean,100,0.19248791845462118,0.18701516195488735,0.19816169486143762
single_shape,tiny_gap,pixel_permuted_template,release_default,5,g_individual_sum_mpp,100,14.320184709977898,14.032399183562175,14.612201569580224
single_shape,tiny_gap,pixel_permuted_template,release_default,5,g_cross_term_mpp,100,-3.1132490725012407,-3.2364816727524968,-2.9962507175381745
single_shape,tiny_gap,pixel_permuted_template,release_default,5,g_nonadditive_correction_mpp,100,2.858501802460474e-09,-1.445821439735031e-08,2.066792105573502e-08
single_shape,tiny_gap,pixel_permuted_template,release_default,6,observed_centered_logit_fidelity,100,0.565449519179583,0.5605206421288772,0.5706349768519384
single_shape,tiny_gap,pixel_permuted_template,release_default,6,additive_centered_logit_fidelity,100,0.5654495188720682,0.5604338000591979,0.5705624065618525
single_shape,tiny_gap,pixel_permuted_template,release_default,6,observed_prob_error_reduction,100,0.3406012147723852,0.3340506068890301,0.3471717629196277
single_shape,tiny_gap,pixel_permuted_template,release_default,6,additive_prob_error_reduction,100,0.34060121517111436,0.3340290249407996,0.34714820796555584
single_shape,tiny_gap,pixel_permuted_template,release_default,6,centered_residual_energy_ratio,100,3.8201429879155646e-14,3.7448193705853096e-14,3.8978039354093314e-14
single_shape,tiny_gap,pixel_permuted_template,release_default,6,centered_residual_norm_mpp,100,7.70096551237246e-07,7.614975672568478e-07,7.794645659133558e-07
single_shape,tiny_gap,pixel_permuted_template,release_default,6,cancellation_mean,100,0.21860110134825336,0.21348333123616975,0.2237180095742583
single_shape,tiny_gap,pixel_permuted_template,release_default,6,g_individual_sum_mpp,100,17.234855446373594,16.8920246507051,17.587676471961903
single_shape,tiny_gap,pixel_permuted_template,release_default,6,g_cross_term_mpp,100,-4.381249132253912,-4.537720541706613,-4.230942572885109
single_shape,tiny_gap,pixel_permuted_template,release_default,6,g_nonadditive_correction_mpp,100,5.898465330105843e-09,-1.2810046116613127e-08,2.4936456934359978e-08
single_shape,tiny_gap,pixel_permuted_template,release_default,7,observed_centered_logit_fidelity,100,0.6310098867212109,0.6258958547831439,0.6363730142040795
single_shape,tiny_gap,pixel_permuted_template,release_default,7,additive_centered_logit_fidelity,100,0.6310098864410872,0.6256557031558481,0.636143227154889
single_shape,tiny_gap,pixel_permuted_template,release_default,7,observed_prob_error_reduction,100,0.37770026214716024,0.3697396192262735,0.385612697551138
single_shape,tiny_gap,pixel_permuted_template,release_default,7,additive_prob_error_reduction,100,0.3777002623772432,0.36989170964944446,0.3855520755932124
single_shape,tiny_gap,pixel_permuted_template,release_default,7,centered_residual_energy_ratio,100,5.1867703311878817e-14,5.0853010741228064e-14,5.294535525643937e-14
single_shape,tiny_gap,pixel_permuted_template,release_default,7,centered_residual_norm_mpp,100,8.99321369377605e-07,8.893099629140042e-07,9.098650775177846e-07
single_shape,tiny_gap,pixel_permuted_template,release_default,7,cancellation_mean,100,0.24019012227997996,0.23527464242846907,0.24530971194356838
single_shape,tiny_gap,pixel_permuted_template,release_default,7,g_individual_sum_mpp,100,20.105215155152674,19.71509916099831,20.50290570464353
single_shape,tiny_gap,pixel_permuted_template,release_default,7,g_cross_term_mpp,100,-5.7531383831504845,-5.9456034461543,-5.573663971934385
single_shape,tiny_gap,pixel_permuted_template,release_default,7,g_nonadditive_correction_mpp,100,5.190989008330513e-09,-1.4790297103689713e-08,2.528820943996332e-08
single_shape,tiny_gap,pixel_permuted_template,release_default,8,observed_centered_logit_fidelity,100,0.6890278507086738,0.6832483823399403,0.6946829647534076
single_shape,tiny_gap,pixel_permuted_template,release_default,8,additive_centered_logit_fidelity,100,0.6890278504997558,0.6833492789332882,0.6947197312348597
single_shape,tiny_gap,pixel_permuted_template,release_default,8,observed_prob_error_reduction,100,0.41535388676741797,0.4063651644014308,0.42402278433381857
single_shape,tiny_gap,pixel_permuted_template,release_default,8,additive_prob_error_reduction,100,0.41535388705571263,0.4062078632482562,0.4245088733888771
single_shape,tiny_gap,pixel_permuted_template,release_default,8,centered_residual_energy_ratio,100,6.760625316632986e-14,6.635720699275934e-14,6.891413246184146e-14
single_shape,tiny_gap,pixel_permuted_template,release_default,8,centered_residual_norm_mpp,100,1.028162832940642e-06,1.0169334339411199e-06,1.0399246980031186e-06
single_shape,tiny_gap,pixel_permuted_template,release_default,8,cancellation_mean,100,0.2597251565991291,0.255181859471884,0.2644312253449125
single_shape,tiny_gap,pixel_permuted_template,release_default,8,g_individual_sum_mpp,100,22.788646207934065,22.339861796144415,23.24407149912284
single_shape,tiny_gap,pixel_permuted_template,release_default,8,g_cross_term_mpp,100,-7.121013380131307,-7.350030603735888,-6.90027530858841
single_shape,tiny_gap,pixel_permuted_template,release_default,8,g_nonadditive_correction_mpp,100,3.6486248759920034e-09,-1.806269610650177e-08,2.6017801587774414e-08
single_shape,tiny_gap,pixel_permuted_template,release_default,9,observed_centered_logit_fidelity,100,0.7453040242329088,0.740093418042234,0.7504873900926388
single_shape,tiny_gap,pixel_permuted_template,release_default,9,additive_centered_logit_fidelity,100,0.7453040240211031,0.739974504263023,0.7506993111482043
single_shape,tiny_gap,pixel_permuted_template,release_default,9,observed_prob_error_reduction,100,0.4566779678323416,0.44717078816572,0.466355945484092
single_shape,tiny_gap,pixel_permuted_template,release_default,9,additive_prob_error_reduction,100,0.45667796847175696,0.4471081129751408,0.46672908619938314
single_shape,tiny_gap,pixel_permuted_template,release_default,9,centered_residual_energy_ratio,100,8.53869842024412e-14,8.380889212020667e-14,8.699869449213066e-14
single_shape,tiny_gap,pixel_permuted_template,release_default,9,centered_residual_norm_mpp,100,1.1559777681137303e-06,1.1434032561669528e-06,1.1695624709018777e-06
single_shape,tiny_gap,pixel_permuted_template,release_default,9,cancellation_mean,100,0.27798591129974093,0.2738556504655763,0.28230928502055597
single_shape,tiny_gap,pixel_permuted_template,release_default,9,g_individual_sum_mpp,100,25.39132836094848,24.88482164963879,25.8923656144986
single_shape,tiny_gap,pixel_permuted_template,release_default,9,g_cross_term_mpp,100,-8.434216725586657,-8.676987988731183,-8.20107988078642
single_shape,tiny_gap,pixel_permuted_template,release_default,9,g_nonadditive_correction_mpp,100,3.4689395226025287e-09,-1.7649724564578638e-08,2.5399369155954118e-08
single_shape,tiny_gap,pixel_permuted_template,release_default,10,observed_centered_logit_fidelity,100,0.8009123039233618,0.7962157228231441,0.8054996440874811
single_shape,tiny_gap,pixel_permuted_template,release_default,10,additive_centered_logit_fidelity,100,0.8009123036424721,0.7961685298225788,0.8054300718800352
single_shape,tiny_gap,pixel_permuted_template,release_default,10,observed_prob_error_reduction,100,0.5019738558657009,0.49220114053203934,0.5118363243851058
single_shape,tiny_gap,pixel_permuted_template,release_default,10,additive_prob_error_reduction,100,0.5019738564093028,0.49200252496034824,0.5116040025411087
single_shape,tiny_gap,pixel_permuted_template,release_default,10,centered_residual_energy_ratio,100,1.0532400681115642e-13,1.0340309634193897e-13,1.0731705885072039e-13
single_shape,tiny_gap,pixel_permuted_template,release_default,10,centered_residual_norm_mpp,100,1.2848495736348373e-06,1.2708904059878691e-06,1.2998095139282085e-06
single_shape,tiny_gap,pixel_permuted_template,release_default,10,cancellation_mean,100,0.29381185343931177,0.28996489055288943,0.2977485279864037
single_shape,tiny_gap,pixel_permuted_template,release_default,10,g_individual_sum_mpp,100,27.98778587672562,27.403454957672437,28.555231642834325
single_shape,tiny_gap,pixel_permuted_template,release_default,10,g_cross_term_mpp,100,-9.768628367754728,-10.023912584331317,-9.517720599388129
single_shape,tiny_gap,pixel_permuted_template,release_default,10,g_nonadditive_correction_mpp,100,4.94761640623704e-09,-1.5996133872508068e-08,2.6040819769279095e-08
single_shape,tiny_gap,pixel_permuted_template,release_default,11,observed_centered_logit_fidelity,100,0.8487055203454662,0.8449726133899081,0.8522625355569757
single_shape,tiny_gap,pixel_permuted_template,release_default,11,additive_centered_logit_fidelity,100,0.848705520084783,0.8449624807645325,0.8524088347227295
single_shape,tiny_gap,pixel_permuted_template,release_default,11,observed_prob_error_reduction,100,0.5467207494913471,0.5372323612728291,0.556190346757285
single_shape,tiny_gap,pixel_permuted_template,release_default,11,additive_prob_error_reduction,100,0.546720749867555,0.5370598395221671,0.5561350518147965
single_shape,tiny_gap,pixel_permuted_template,release_default,11,centered_residual_energy_ratio,100,1.2752476954179395e-13,1.25237764573667e-13,1.2991493489378623e-13
single_shape,tiny_gap,pixel_permuted_template,release_default,11,centered_residual_norm_mpp,100,1.4141525225787978e-06,1.3987395057559465e-06,1.4304986616697217e-06
single_shape,tiny_gap,pixel_permuted_template,release_default,11,cancellation_mean,100,0.3074091683729792,0.3039662667659155,0.31106094027822784
single_shape,tiny_gap,pixel_permuted_template,release_default,11,g_individual_sum_mpp,100,30.372295475984107,29.757714773601574,31.00508794084627
single_shape,tiny_gap,pixel_permuted_template,release_default,11,g_cross_term_mpp,100,-11.076687953343757,-11.375589003009784,-10.78353808169506
single_shape,tiny_gap,pixel_permuted_template,release_default,11,g_nonadditive_correction_mpp,100,4.7402611866495865e-09,-1.4316100786533157e-08,2.5196154517989243e-08
single_shape,tiny_gap,pixel_permuted_template,release_default,12,observed_centered_logit_fidelity,100,0.8940205766498575,0.890769404652259,0.8971178933333119
single_shape,tiny_gap,pixel_permuted_template,release_default,12,additive_centered_logit_fidelity,100,0.8940205763078776,0.8908425357945701,0.8970333979561005
single_shape,tiny_gap,pixel_permuted_template,release_default,12,observed_prob_error_reduction,100,0.5918607107156479,0.5820659681923092,0.6015757136810879
single_shape,tiny_gap,pixel_permuted_template,release_default,12,additive_prob_error_reduction,100,0.5918607109145421,0.5820518710169299,0.601698350955195
single_shape,tiny_gap,pixel_permuted_template,release_default,12,centered_residual_energy_ratio,100,1.518447311137453e-13,1.4913349763378727e-13,1.5468254909419077e-13
single_shape,tiny_gap,pixel_permuted_template,release_default,12,centered_residual_norm_mpp,100,1.5436324081926792e-06,1.5266377943991908e-06,1.5612885078310233e-06
single_shape,tiny_gap,pixel_permuted_template,release_default,12,cancellation_mean,100,0.3204457957384326,0.31672684845293375,0.32424932735247186
single_shape,tiny_gap,pixel_permuted_template,release_default,12,g_individual_sum_mpp,100,32.63060211197674,31.96181284097016,33.30791962956604
single_shape,tiny_gap,pixel_permuted_template,release_default,12,g_cross_term_mpp,100,-12.3191421490929,-12.639872958695038,-12.001802832207927
single_shape,tiny_gap,pixel_permuted_template,release_default,12,g_nonadditive_correction_mpp,100,6.688112892255181e-09,-1.0681123965533245e-08,2.4038599653044534e-08
single_shape,tiny_gap,pixel_permuted_template,release_default,13,observed_centered_logit_fidelity,100,0.9335139180924599,0.9311808543203502,0.9357770741315439
single_shape,tiny_gap,pixel_permuted_template,release_default,13,additive_centered_logit_fidelity,100,0.9335139179039738,0.9311667251235347,0.9357605920862168
single_shape,tiny_gap,pixel_permuted_template,release_default,13,observed_prob_error_reduction,100,0.6321829099264458,0.6228099407257,0.6416635355404976
single_shape,tiny_gap,pixel_permuted_template,release_default,13,additive_prob_error_reduction,100,0.632182910146774,0.6226799958788889,0.6415542589617003
single_shape,tiny_gap,pixel_permuted_template,release_default,13,centered_residual_energy_ratio,100,1.7864174581765397e-13,1.7547283058458083e-13,1.818524278750769e-13
single_shape,tiny_gap,pixel_permuted_template,release_default,13,centered_residual_norm_mpp,100,1.6750890813136344e-06,1.6568346894788774e-06,1.6941483864717681e-06
single_shape,tiny_gap,pixel_permuted_template,release_default,13,cancellation_mean,100,0.33051151249960214,0.32701355044037544,0.3343410727464127
single_shape,tiny_gap,pixel_permuted_template,release_default,13,g_individual_sum_mpp,100,34.898585778772365,34.213028099051144,35.630085965762916
single_shape,tiny_gap,pixel_permuted_template,release_default,13,g_cross_term_mpp,100,-13.708384094031755,-14.057383650022569,-13.366432531666787
single_shape,tiny_gap,pixel_permuted_template,release_default,13,g_nonadditive_correction_mpp,100,3.1489531854911017e-09,-1.0815122229577792e-08,1.6852339643755502e-08
single_shape,tiny_gap,pixel_permuted_template,release_default,14,observed_centered_logit_fidelity,100,0.9631140404359807,0.9611142249636729,0.9648832293168536
single_shape,tiny_gap,pixel_permuted_template,release_default,14,additive_centered_logit_fidelity,100,0.9631140402477406,0.9611527548709764,0.9649660641269563
single_shape,tiny_gap,pixel_permuted_template,release_default,14,observed_prob_error_reduction,100,0.6608480003769546,0.6516655825294864,0.6702836554489471
single_shape,tiny_gap,pixel_permuted_template,release_default,14,additive_prob_error_reduction,100,0.6608480004586827,0.6518269046240961,0.6703727922723551
single_shape,tiny_gap,pixel_permuted_template,release_default,14,centered_residual_energy_ratio,100,2.0776475167103442e-13,2.0402007799001592e-13,2.1158054577005029e-13
single_shape,tiny_gap,pixel_permuted_template,release_default,14,centered_residual_norm_mpp,100,1.8074981448958512e-06,1.787304145884036e-06,1.828356535082792e-06
single_shape,tiny_gap,pixel_permuted_template,release_default,14,cancellation_mean,100,0.3388914450837655,0.33526773356266165,0.34264102542330865
single_shape,tiny_gap,pixel_permuted_template,release_default,14,g_individual_sum_mpp,100,37.012311127629715,36.30721917282333,37.7829472059125
single_shape,tiny_gap,pixel_permuted_template,release_default,14,g_cross_term_mpp,100,-15.161677422436682,-15.526319396905794,-14.811742381553724
single_shape,tiny_gap,pixel_permuted_template,release_default,14,g_nonadditive_correction_mpp,100,3.4849222914991375e-09,-7.135486086101129e-09,1.383871499673203e-08
single_shape,tiny_gap,pixel_permuted_template,release_default,15,observed_centered_logit_fidelity,100,0.9842408816256093,0.9827478423798015,0.9856143855196644
single_shape,tiny_gap,pixel_permuted_template,release_default,15,additive_centered_logit_fidelity,100,0.9842408815287158,0.982700338679039,0.9855920308069492
single_shape,tiny_gap,pixel_permuted_template,release_default,15,observed_prob_error_reduction,100,0.6789631950517271,0.6699525974293098,0.6879313496997119
single_shape,tiny_gap,pixel_permuted_template,release_default,15,additive_prob_error_reduction,100,0.6789631951328517,0.6697321793738544,0.6879974576435905
single_shape,tiny_gap,pixel_permuted_template,release_default,15,centered_residual_energy_ratio,100,2.383975728383693e-13,2.3428437168429906e-13,2.426351074772144e-13
single_shape,tiny_gap,pixel_permuted_template,release_default,15,centered_residual_norm_mpp,100,1.936863573104038e-06,1.915837961491866e-06,1.9590518995709973e-06
single_shape,tiny_gap,pixel_permuted_template,release_default,15,cancellation_mean,100,0.3465506203194017,0.34267601438798034,0.3507213744760224
single_shape,tiny_gap,pixel_permuted_template,release_default,15,g_individual_sum_mpp,100,38.91823969992859,38.18726494885237,39.66214239136888
single_shape,tiny_gap,pixel_permuted_template,release_default,15,g_cross_term_mpp,100,-16.590698116002944,-16.935494338564,-16.242349965485346
single_shape,tiny_gap,pixel_permuted_template,release_default,15,g_nonadditive_correction_mpp,100,1.8721620452002453e-09,-5.7107298985709435e-09,9.237000208173716e-09
single_shape,tiny_gap,pixel_permuted_template,release_default,16,observed_centered_logit_fidelity,100,1.0,1.0,1.0
single_shape,tiny_gap,pixel_permuted_template,release_default,16,additive_centered_logit_fidelity,100,0.9999999999997295,0.999999999999725,0.9999999999997342
single_shape,tiny_gap,pixel_permuted_template,release_default,16,observed_prob_error_reduction,100,0.6883520281278515,0.6793384759794661,0.6973950883331148
single_shape,tiny_gap,pixel_permuted_template,release_default,16,additive_prob_error_reduction,100,0.6883520281276679,0.6791934372638653,0.6975970238691552
single_shape,tiny_gap,pixel_permuted_template,release_default,16,centered_residual_energy_ratio,100,2.7038382956220157e-13,2.657506468485334e-13,2.750933018993563e-13
single_shape,tiny_gap,pixel_permuted_template,release_default,16,centered_residual_norm_mpp,100,2.064319564445685e-06,2.0431798070918445e-06,2.0862969101376186e-06
single_shape,tiny_gap,pixel_permuted_template,release_default,16,cancellation_mean,100,0.3605490892504209,0.3559873448867907,0.36512146333475043
single_shape,tiny_gap,pixel_permuted_template,release_default,16,g_individual_sum_mpp,100,39.92416293180574,39.201709814808865,40.673311964967375
single_shape,tiny_gap,pixel_permuted_template,release_default,16,g_cross_term_mpp,100,-17.227821368654578,-17.562763710867902,-16.918392179852336
single_shape,tiny_gap,pixel_permuted_template,release_default,16,g_nonadditive_correction_mpp,100,6.10408789182729e-12,5.967177087770759e-12,6.250334895282004e-12
single_shape,tiny_gap,pixel_permuted_template,retention_1,0,observed_centered_logit_fidelity,100,0.0,0.0,0.0
single_shape,tiny_gap,pixel_permuted_template,retention_1,0,additive_centered_logit_fidelity,100,0.0,0.0,0.0
single_shape,tiny_gap,pixel_permuted_template,retention_1,0,observed_prob_error_reduction,100,0.0,0.0,0.0
single_shape,tiny_gap,pixel_permuted_template,retention_1,0,additive_prob_error_reduction,100,0.0,0.0,0.0
single_shape,tiny_gap,pixel_permuted_template,retention_1,0,centered_residual_energy_ratio,100,0.0,0.0,0.0
single_shape,tiny_gap,pixel_permuted_template,retention_1,0,centered_residual_norm_mpp,100,0.0,0.0,0.0
single_shape,tiny_gap,pixel_permuted_template,retention_1,0,cancellation_mean,0,,,
single_shape,tiny_gap,pixel_permuted_template,retention_1,0,g_individual_sum_mpp,100,0.0,0.0,0.0
single_shape,tiny_gap,pixel_permuted_template,retention_1,0,g_cross_term_mpp,100,0.0,0.0,0.0
single_shape,tiny_gap,pixel_permuted_template,retention_1,0,g_nonadditive_correction_mpp,100,0.0,0.0,0.0
single_shape,tiny_gap,pixel_permuted_template,retention_1,1,observed_centered_logit_fidelity,100,0.11813372601947635,0.11680667607178424,0.11942187594323043
single_shape,tiny_gap,pixel_permuted_template,retention_1,1,additive_centered_logit_fidelity,100,0.11813372601947635,0.1167840196312544,0.11943236005116188
single_shape,tiny_gap,pixel_permuted_template,retention_1,1,observed_prob_error_reduction,100,0.014577652766799504,0.01435622787066391,0.014797669357680092
single_shape,tiny_gap,pixel_permuted_template,retention_1,1,additive_prob_error_reduction,100,0.014577652766799504,0.014361074027460027,0.014798864174058736
single_shape,tiny_gap,pixel_permuted_template,retention_1,1,centered_residual_energy_ratio,100,0.0,0.0,0.0
single_shape,tiny_gap,pixel_permuted_template,retention_1,1,centered_residual_norm_mpp,100,0.0,0.0,0.0
single_shape,tiny_gap,pixel_permuted_template,retention_1,1,cancellation_mean,100,0.0,0.0,0.0
single_shape,tiny_gap,pixel_permuted_template,retention_1,1,g_individual_sum_mpp,100,0.35386511378203295,0.3473972232845801,0.36015655146717634
single_shape,tiny_gap,pixel_permuted_template,retention_1,1,g_cross_term_mpp,100,0.0,0.0,0.0
single_shape,tiny_gap,pixel_permuted_template,retention_1,1,g_nonadditive_correction_mpp,100,0.0,0.0,0.0
single_shape,tiny_gap,pixel_permuted_template,retention_1,2,observed_centered_logit_fidelity,100,0.23004812333733698,0.2282659699508572,0.23181028532833725
single_shape,tiny_gap,pixel_permuted_template,retention_1,2,additive_centered_logit_fidelity,100,0.23004812330682844,0.22825489789872985,0.23173806281399653
single_shape,tiny_gap,pixel_permuted_template,retention_1,2,observed_prob_error_reduction,100,0.028597470916892555,0.028275494042259004,0.02893043578824026
single_shape,tiny_gap,pixel_permuted_template,retention_1,2,additive_prob_error_reduction,100,0.028597470900720384,0.02826460532889575,0.028925146778833653
single_shape,tiny_gap,pixel_permuted_template,retention_1,2,centered_residual_energy_ratio,100,9.122434674097183e-15,8.929553986811809e-15,9.315248861878273e-15
single_shape,tiny_gap,pixel_permuted_template,retention_1,2,centered_residual_norm_mpp,100,1.1475920874475544e-07,1.1289828337623284e-07,1.1651784319296398e-07
single_shape,tiny_gap,pixel_permuted_template,retention_1,2,cancellation_mean,100,0.027466717190390212,0.026443854999427932,0.02848902810886665
single_shape,tiny_gap,pixel_permuted_template,retention_1,2,g_individual_sum_mpp,100,0.712032462133214,0.7009634920457701,0.7233363731555486
single_shape,tiny_gap,pixel_permuted_template,retention_1,2,g_cross_term_mpp,100,-0.023037552987661705,-0.02351009007528603,-0.02255887873461905
single_shape,tiny_gap,pixel_permuted_template,retention_1,2,g_nonadditive_correction_mpp,100,-1.9855952897374658e-11,-1.4999727864086144e-09,1.4945902060278353e-09
single_shape,tiny_gap,pixel_permuted_template,retention_1,3,observed_centered_logit_fidelity,100,0.33542480100737365,0.3333495099596257,0.3374379511128971
single_shape,tiny_gap,pixel_permuted_template,retention_1,3,additive_centered_logit_fidelity,100,0.3354248011501989,0.3333282444839759,0.3374527032611907
single_shape,tiny_gap,pixel_permuted_template,retention_1,3,observed_prob_error_reduction,100,0.041961549460143716,0.041519802104496475,0.04242116829425341
single_shape,tiny_gap,pixel_permuted_template,retention_1,3,additive_prob_error_reduction,100,0.04196154945815434,0.04151597320655644,0.0424344648530719
single_shape,tiny_gap,pixel_permuted_template,retention_1,3,centered_residual_energy_ratio,100,1.9823184379785337e-14,1.9487592755092448e-14,2.0167809627898578e-14
single_shape,tiny_gap,pixel_permuted_template,retention_1,3,centered_residual_norm_mpp,100,1.9444326363617846e-07,1.9231247898046318e-07,1.965656014433998e-07
single_shape,tiny_gap,pixel_permuted_template,retention_1,3,cancellation_mean,100,0.0380398320331409,0.03679766303118958,0.03931679288991798
single_shape,tiny_gap,pixel_permuted_template,retention_1,3,g_individual_sum_mpp,100,1.0740171254007047,1.0575592558774023,1.090607265868548
single_shape,tiny_gap,pixel_permuted_template,retention_1,3,g_cross_term_mpp,100,-0.06941458488081036,-0.07075394443074318,-0.06812562176091365
single_shape,tiny_gap,pixel_permuted_template,retention_1,3,g_nonadditive_correction_mpp,100,-6.084777082074874e-10,-2.8532883115154783e-09,1.5952667932803597e-09
single_shape,tiny_gap,pixel_permuted_template,retention_1,4,observed_centered_logit_fidelity,100,0.43288667672907016,0.43062376208135916,0.43517871552380183
single_shape,tiny_gap,pixel_permuted_template,retention_1,4,additive_centered_logit_fidelity,100,0.43288667694157446,0.4305918804118042,0.4351702834105634
single_shape,tiny_gap,pixel_permuted_template,retention_1,4,observed_prob_error_reduction,100,0.054471838340964335,0.05393003851580503,0.055025614554974706
single_shape,tiny_gap,pixel_permuted_template,retention_1,4,additive_prob_error_reduction,100,0.05447183833869278,0.053931974881116625,0.05502681476719439
single_shape,tiny_gap,pixel_permuted_template,retention_1,4,centered_residual_energy_ratio,100,3.4868536317853225e-14,3.433701561397829e-14,3.5403478058846775e-14
single_shape,tiny_gap,pixel_permuted_template,retention_1,4,centered_residual_norm_mpp,100,2.6637599798885413e-07,2.639086070229496e-07,2.688102001309473e-07
single_shape,tiny_gap,pixel_permuted_template,retention_1,4,cancellation_mean,100,0.043744536270906804,0.042460355178076545,0.04508628067701476
single_shape,tiny_gap,pixel_permuted_template,retention_1,4,g_individual_sum_mpp,100,1.4355044513241106,1.4146174056640963,1.4573439050927879
single_shape,tiny_gap,pixel_permuted_template,retention_1,4,g_cross_term_mpp,100,-0.13899252022566025,-0.14157084578962617,-0.1365147508390798
single_shape,tiny_gap,pixel_permuted_template,retention_1,4,g_nonadditive_correction_mpp,100,-8.303826316429447e-10,-3.762177344785434e-09,2.1818716548970008e-09
single_shape,tiny_gap,pixel_permuted_template,retention_1,5,observed_centered_logit_fidelity,100,0.5237832380736072,0.5214551999580459,0.5261697628921224
single_shape,tiny_gap,pixel_permuted_template,retention_1,5,additive_centered_logit_fidelity,100,0.523783238215466,0.5214905259090271,0.5261433215073607
single_shape,tiny_gap,pixel_permuted_template,retention_1,5,observed_prob_error_reduction,100,0.06626837714365835,0.0656072362109513,0.06693330427688136
single_shape,tiny_gap,pixel_permuted_template,retention_1,5,additive_prob_error_reduction,100,0.06626837715265438,0.06561991679393536,0.06693623433416361
single_shape,tiny_gap,pixel_permuted_template,retention_1,5,centered_residual_energy_ratio,100,5.43241270181464e-14,5.3552793582554775e-14,5.511870496094558e-14
single_shape,tiny_gap,pixel_permuted_template,retention_1,5,centered_residual_norm_mpp,100,3.3580353975926625e-07,3.3289122077538427e-07,3.3871728741738873e-07
single_shape,tiny_gap,pixel_permuted_template,retention_1,5,cancellation_mean,100,0.046938236654076135,0.04563370204525739,0.048293729157915785
single_shape,tiny_gap,pixel_permuted_template,retention_1,5,g_individual_sum_mpp,100,1.801516736595291,1.776336669604734,1.8275589611342709
single_shape,tiny_gap,pixel_permuted_template,retention_1,5,g_cross_term_mpp,100,-0.2329881875645985,-0.23711260873213375,-0.22887554947045632
single_shape,tiny_gap,pixel_permuted_template,retention_1,5,g_nonadditive_correction_mpp,100,-7.581063773915591e-10,-4.151154880100427e-09,2.6465783964360027e-09
single_shape,tiny_gap,pixel_permuted_template,retention_1,6,observed_centered_logit_fidelity,100,0.6068354437930765,0.6046178945760652,0.6090226218971951
single_shape,tiny_gap,pixel_permuted_template,retention_1,6,additive_centered_logit_fidelity,100,0.606835443981141,0.6046689790450408,0.6090179501485149
single_shape,tiny_gap,pixel_permuted_template,retention_1,6,observed_prob_error_reduction,100,0.07717870570266551,0.07644854991051608,0.07793537469354288
single_shape,tiny_gap,pixel_permuted_template,retention_1,6,additive_prob_error_reduction,100,0.07717870570659238,0.07647118366628806,0.07791904850473998
single_shape,tiny_gap,pixel_permuted_template,retention_1,6,centered_residual_energy_ratio,100,7.791182551441962e-14,7.680807618162872e-14,7.903747338174447e-14
single_shape,tiny_gap,pixel_permuted_template,retention_1,6,centered_residual_norm_mpp,100,4.0391369783120464e-07,4.00453717443224e-07,4.0725100536255836e-07
single_shape,tiny_gap,pixel_permuted_template,retention_1,6,cancellation_mean,100,0.04907671906120985,0.04770960239823529,0.0505129628645264
single_shape,tiny_gap,pixel_permuted_template,retention_1,6,g_individual_sum_mpp,100,2.168512522312939,2.138614020491023,2.2000436344365277
single_shape,tiny_gap,pixel_permuted_template,retention_1,6,g_cross_term_mpp,100,-0.3512538892282666,-0.3570950507877064,-0.3456818469537151
single_shape,tiny_gap,pixel_permuted_template,retention_1,6,g_nonadditive_correction_mpp,100,-9.571389718408506e-10,-4.689190408861568e-09,2.594499223352315e-09
single_shape,tiny_gap,pixel_permuted_template,retention_1,7,observed_centered_logit_fidelity,100,0.6814955752115139,0.6794359133868837,0.6835786882567242
single_shape,tiny_gap,pixel_permuted_template,retention_1,7,additive_centered_logit_fidelity,100,0.6814955755658982,0.6794576599015043,0.6835741084359565
single_shape,tiny_gap,pixel_permuted_template,retention_1,7,observed_prob_error_reduction,100,0.0871693852206577,0.0863447363262244,0.08802084424106008
single_shape,tiny_gap,pixel_permuted_template,retention_1,7,additive_prob_error_reduction,100,0.08716938524825064,0.08633025901065437,0.08804702945421561
single_shape,tiny_gap,pixel_permuted_template,retention_1,7,centered_residual_energy_ratio,100,1.0646597872836497e-13,1.049803910439064e-13,1.0801768345536882e-13
single_shape,tiny_gap,pixel_permuted_template,retention_1,7,centered_residual_norm_mpp,100,4.734802314877801e-07,4.695288848662669e-07,4.775607767602884e-07
single_shape,tiny_gap,pixel_permuted_template,retention_1,7,cancellation_mean,100,0.050727082216239,0.04935582808052765,0.05215052678493788
single_shape,tiny_gap,pixel_permuted_template,retention_1,7,g_individual_sum_mpp,100,2.5331219116961115,2.4967600623652895,2.569850155391566
single_shape,tiny_gap,pixel_permuted_template,retention_1,7,g_cross_term_mpp,100,-0.492176260784471,-0.49981874559844475,-0.48427328922205426
single_shape,tiny_gap,pixel_permuted_template,retention_1,7,g_nonadditive_correction_mpp,100,-1.5065651485878807e-09,-5.366275045639175e-09,2.356908780190905e-09
single_shape,tiny_gap,pixel_permuted_template,retention_1,8,observed_centered_logit_fidelity,100,0.7482871871429434,0.7464229696024023,0.7501853869216445
single_shape,tiny_gap,pixel_permuted_template,retention_1,8,additive_centered_logit_fidelity,100,0.7482871874338344,0.7463942717967513,0.7501272323521289
single_shape,tiny_gap,pixel_permuted_template,retention_1,8,observed_prob_error_reduction,100,0.0962653188476418,0.09536594560953837,0.0971963885485504
single_shape,tiny_gap,pixel_permuted_template,retention_1,8,additive_prob_error_reduction,100,0.09626531888475987,0.09535307810278011,0.09720716941217496
single_shape,tiny_gap,pixel_permuted_template,retention_1,8,centered_residual_energy_ratio,100,1.3859969614612167e-13,1.367907955604265e-13,1.4052287646905932e-13
single_shape,tiny_gap,pixel_permuted_template,retention_1,8,centered_residual_norm_mpp,100,5.412823350498067e-07,5.366600398777655e-07,5.459568643209848e-07
single_shape,tiny_gap,pixel_permuted_template,retention_1,8,cancellation_mean,100,0.05207124031977366,0.050637753105107826,0.05353096224971233
single_shape,tiny_gap,pixel_permuted_template,retention_1,8,g_individual_sum_mpp,100,2.8974303171156266,2.8583891914178996,2.937142656866322
single_shape,tiny_gap,pixel_permuted_template,retention_1,8,g_cross_term_mpp,100,-0.6565208760397868,-0.6667245260391027,-0.6465974233246498
single_shape,tiny_gap,pixel_permuted_template,retention_1,8,g_nonadditive_correction_mpp,100,-1.3158857814788332e-09,-5.20120399112009e-09,2.714956109734233e-09
single_shape,tiny_gap,pixel_permuted_template,retention_1,9,observed_centered_logit_fidelity,100,0.8071886767751786,0.8056127068185234,0.808762735381701
single_shape,tiny_gap,pixel_permuted_template,retention_1,9,additive_centered_logit_fidelity,100,0.807188677060126,0.8055873086862826,0.8087898560060726
single_shape,tiny_gap,pixel_permuted_template,retention_1,9,observed_prob_error_reduction,100,0.10444739973476866,0.10347450881907012,0.10542400944803607
single_shape,tiny_gap,pixel_permuted_template,retention_1,9,additive_prob_error_reduction,100,0.10444739979475846,0.10346911989286686,0.10548765899900919
single_shape,tiny_gap,pixel_permuted_template,retention_1,9,centered_residual_energy_ratio,100,1.7554663895771125e-13,1.7318635377579175e-13,1.7797720924320557e-13
single_shape,tiny_gap,pixel_permuted_template,retention_1,9,centered_residual_norm_mpp,100,6.100723528512651e-07,6.05239037577204e-07,6.15102089407554e-07
single_shape,tiny_gap,pixel_permuted_template,retention_1,9,cancellation_mean,100,0.053151641041465456,0.051652939071043374,0.054672341433516666
single_shape,tiny_gap,pixel_permuted_template,retention_1,9,g_individual_sum_mpp,100,3.261269475658963,3.217306741640941,3.3073999954889497
single_shape,tiny_gap,pixel_permuted_template,retention_1,9,g_cross_term_mpp,100,-0.843948530872634,-0.8567255233561417,-0.8319548920054557
single_shape,tiny_gap,pixel_permuted_template,retention_1,9,g_nonadditive_correction_mpp,100,-1.2979989575017098e-09,-5.264599607219274e-09,2.708189952299086e-09
single_shape,tiny_gap,pixel_permuted_template,retention_1,10,observed_centered_logit_fidelity,100,0.858458841250853,0.8570726583014341,0.8598408880233486
single_shape,tiny_gap,pixel_permuted_template,retention_1,10,additive_centered_logit_fidelity,100,0.8584588415175963,0.8570595408780489,0.8598527725791962
single_shape,tiny_gap,pixel_permuted_template,retention_1,10,observed_prob_error_reduction,100,0.1117837447231018,0.1107454134670469,0.11285919892151373
single_shape,tiny_gap,pixel_permuted_template,retention_1,10,additive_prob_error_reduction,100,0.1117837447848974,0.11076599659534718,0.11288347974722687
single_shape,tiny_gap,pixel_permuted_template,retention_1,10,centered_residual_energy_ratio,100,2.162235265439735e-13,2.1355336243756632e-13,2.1901408874756618e-13
single_shape,tiny_gap,pixel_permuted_template,retention_1,10,centered_residual_norm_mpp,100,6.780714300215111e-07,6.72852963963657e-07,6.834849898398847e-07
single_shape,tiny_gap,pixel_permuted_template,retention_1,10,cancellation_mean,100,0.054031572193910006,0.052551204368016316,0.055544515036390824
single_shape,tiny_gap,pixel_permuted_template,retention_1,10,g_individual_sum_mpp,100,3.626896633645773,3.5785826023679745,3.6763402936735723
single_shape,tiny_gap,pixel_permuted_template,retention_1,10,g_cross_term_mpp,100,-1.0559850508648483,-1.0715342558831473,-1.0404774235387446
single_shape,tiny_gap,pixel_permuted_template,retention_1,10,g_nonadditive_correction_mpp,100,-1.2400815400553427e-09,-5.152335948465823e-09,2.5971834278026874e-09
single_shape,tiny_gap,pixel_permuted_template,retention_1,11,observed_centered_logit_fidelity,100,0.9012325272066366,0.9000225521803846,0.9024952322060262
single_shape,tiny_gap,pixel_permuted_template,retention_1,11,additive_centered_logit_fidelity,100,0.901232527564434,0.899974714931076,0.9024807132059337
single_shape,tiny_gap,pixel_permuted_template,retention_1,11,observed_prob_error_reduction,100,0.11798702620011786,0.11688905220041342,0.1191404628358316
single_shape,tiny_gap,pixel_permuted_template,retention_1,11,additive_prob_error_reduction,100,0.11798702629398633,0.11688873096470592,0.11910112059059925
single_shape,tiny_gap,pixel_permuted_template,retention_1,11,centered_residual_energy_ratio,100,2.6131648966105023e-13,2.582398041836451e-13,2.645086404406213e-13
single_shape,tiny_gap,pixel_permuted_template,retention_1,11,centered_residual_norm_mpp,100,7.462523371568786e-07,7.408700027986335e-07,7.518728253988603e-07
single_shape,tiny_gap,pixel_permuted_template,retention_1,11,cancellation_mean,100,0.054700805492702224,0.053186066550283934,0.056251492090374305
single_shape,tiny_gap,pixel_permuted_template,retention_1,11,g_individual_sum_mpp,100,3.987364574411468,3.9326860012768377,4.042447412762655
single_shape,tiny_gap,pixel_permuted_template,retention_1,11,g_cross_term_mpp,100,-1.288248566297333,-1.3069571696146607,-1.2698756431520095
single_shape,tiny_gap,pixel_permuted_template,retention_1,11,g_nonadditive_correction_mpp,100,-1.4796536642381839e-09,-5.028806900566061e-09,2.0145771936459205e-09
single_shape,tiny_gap,pixel_permuted_template,retention_1,12,observed_centered_logit_fidelity,100,0.9363853335281537,0.9354895374196034,0.9372849357412916
single_shape,tiny_gap,pixel_permuted_template,retention_1,12,additive_centered_logit_fidelity,100,0.9363853339199453,0.9354887684864894,0.937280671445182
single_shape,tiny_gap,pixel_permuted_template,retention_1,12,observed_prob_error_reduction,100,0.12320078049820932,0.12207349174806723,0.12436622031484057
single_shape,tiny_gap,pixel_permuted_template,retention_1,12,additive_prob_error_reduction,100,0.12320078060022001,0.12206481768560903,0.12435926097629954
single_shape,tiny_gap,pixel_permuted_template,retention_1,12,centered_residual_energy_ratio,100,3.099514048270566e-13,3.0646486519149594e-13,3.1361671773312997e-13
single_shape,tiny_gap,pixel_permuted_template,retention_1,12,centered_residual_norm_mpp,100,8.135119858130836e-07,8.075414645425166e-07,8.195374484407646e-07
single_shape,tiny_gap,pixel_permuted_template,retention_1,12,cancellation_mean,100,0.055212780553513446,0.05372762331627406,0.05672184338639357
single_shape,tiny_gap,pixel_permuted_template,retention_1,12,g_individual_sum_mpp,100,4.348253372598807,4.289451947498217,4.406781429931761
single_shape,tiny_gap,pixel_permuted_template,retention_1,12,g_cross_term_mpp,100,-1.543858567229213,-1.5655162045959576,-1.522520461634972
single_shape,tiny_gap,pixel_permuted_template,retention_1,12,g_nonadditive_correction_mpp,100,-1.5322858800010573e-09,-4.665876098570551e-09,1.5418337011453837e-09
single_shape,tiny_gap,pixel_permuted_template,retention_1,13,observed_centered_logit_fidelity,100,0.9640089585308134,0.9633848295633438,0.9646481898372133
single_shape,tiny_gap,pixel_permuted_template,retention_1,13,additive_centered_logit_fidelity,100,0.9640089588331807,0.963379410275773,0.9646344945499199
single_shape,tiny_gap,pixel_permuted_template,retention_1,13,observed_prob_error_reduction,100,0.12741564418908077,0.12625245040533578,0.12861598497959595
single_shape,tiny_gap,pixel_permuted_template,retention_1,13,additive_prob_error_reduction,100,0.12741564427443983,0.12624393265170297,0.1286204796915951
single_shape,tiny_gap,pixel_permuted_template,retention_1,13,centered_residual_energy_ratio,100,3.6324684818019406e-13,3.592384491298363e-13,3.673482442866094e-13
single_shape,tiny_gap,pixel_permuted_template,retention_1,13,centered_residual_norm_mpp,100,8.813473430851679e-07,8.750030975669456e-07,8.877873121301137e-07
single_shape,tiny_gap,pixel_permuted_template,retention_1,13,cancellation_mean,100,0.05579831187569611,0.054306332791521056,0.05730194196501747
single_shape,tiny_gap,pixel_permuted_template,retention_1,13,g_individual_sum_mpp,100,4.712335407884159,4.648166668060542,4.775735583926342
single_shape,tiny_gap,pixel_permuted_template,retention_1,13,g_cross_term_mpp,100,-1.8250863724477373,-1.850865846223529,-1.7998257747601905
single_shape,tiny_gap,pixel_permuted_template,retention_1,13,g_nonadditive_correction_mpp,100,-1.2078999983584941e-09,-3.6596547428985706e-09,1.2425138291373925e-09
single_shape,tiny_gap,pixel_permuted_template,retention_1,14,observed_centered_logit_fidelity,100,0.9837895999003685,0.9834478754319105,0.9841336804515363
single_shape,tiny_gap,pixel_permuted_template,retention_1,14,additive_centered_logit_fidelity,100,0.9837896000925468,0.9834482263167298,0.9841343416316624
single_shape,tiny_gap,pixel_permuted_template,retention_1,14,observed_prob_error_reduction,100,0.13045818711084015,0.12926336370773198,0.13165266915117385
single_shape,tiny_gap,pixel_permuted_template,retention_1,14,additive_prob_error_reduction,100,0.13045818716572222,0.1292432774233976,0.13167129615542353
single_shape,tiny_gap,pixel_permuted_template,retention_1,14,centered_residual_energy_ratio,100,4.2111644169813173e-13,4.167647397961645e-13,4.255287805089332e-13
single_shape,tiny_gap,pixel_permuted_template,retention_1,14,centered_residual_norm_mpp,100,9.496182196699971e-07,9.429680696092168e-07,9.563021378810494e-07
single_shape,tiny_gap,pixel_permuted_template,retention_1,14,cancellation_mean,100,0.05635744962477981,0.05484663812118274,0.05792778795658624
single_shape,tiny_gap,pixel_permuted_template,retention_1,14,g_individual_sum_mpp,100,5.073468989061293,5.004069865278641,5.14154680570981
single_shape,tiny_gap,pixel_permuted_template,retention_1,14,g_cross_term_mpp,100,-2.1269304327733947,-2.1575526693180436,-2.0978032679577443
single_shape,tiny_gap,pixel_permuted_template,retention_1,14,g_nonadditive_correction_mpp,100,-7.620714667368788e-10,-2.562608249062024e-09,9.52318771316639e-10
single_shape,tiny_gap,pixel_permuted_template,retention_1,15,observed_centered_logit_fidelity,100,0.9958433914288838,0.9957300626974506,0.9959522969531998
single_shape,tiny_gap,pixel_permuted_template,retention_1,15,additive_centered_logit_fidelity,100,0.9958433915282328,0.9957292176006912,0.9959528509519652
single_shape,tiny_gap,pixel_permuted_template,retention_1,15,observed_prob_error_reduction,100,0.1323276657248862,0.13109628985930377,0.13355122339730924
single_shape,tiny_gap,pixel_permuted_template,retention_1,15,additive_prob_error_reduction,100,0.13232766575960817,0.13111941672638752,0.13355305438778697
single_shape,tiny_gap,pixel_permuted_template,retention_1,15,centered_residual_energy_ratio,100,4.823717252104681e-13,4.775747774517308e-13,4.873105567888166e-13
single_shape,tiny_gap,pixel_permuted_template,retention_1,15,centered_residual_norm_mpp,100,1.016861612151289e-06,1.0101038342953464e-06,1.0238093278338405e-06
single_shape,tiny_gap,pixel_permuted_template,retention_1,15,cancellation_mean,100,0.05671060750824068,0.0552493875124217,0.058159252806794515
single_shape,tiny_gap,pixel_permuted_template,retention_1,15,g_individual_sum_mpp,100,5.435691578294933,5.362882397983455,5.509152922727997
single_shape,tiny_gap,pixel_permuted_template,retention_1,15,g_cross_term_mpp,100,-2.4530534329804166,-2.4863241956214517,-2.4197314118547584
single_shape,tiny_gap,pixel_permuted_template,retention_1,15,g_nonadditive_correction_mpp,100,-4.069374921137747e-10,-1.3764586796558804e-09,5.456554704801878e-10
single_shape,tiny_gap,pixel_permuted_template,retention_1,16,observed_centered_logit_fidelity,100,1.0,1.0,1.0
single_shape,tiny_gap,pixel_permuted_template,retention_1,16,additive_centered_logit_fidelity,100,0.9999999999994523,0.9999999999994464,0.9999999999994579
single_shape,tiny_gap,pixel_permuted_template,retention_1,16,observed_prob_error_reduction,100,0.1329682388609016,0.13174828046584494,0.13419987603412145
single_shape,tiny_gap,pixel_permuted_template,retention_1,16,additive_prob_error_reduction,100,0.13296823886081208,0.13177034307371976,0.1342067049818023
single_shape,tiny_gap,pixel_permuted_template,retention_1,16,centered_residual_energy_ratio,100,5.47788059287261e-13,5.421037651803729e-13,5.534511589008845e-13
single_shape,tiny_gap,pixel_permuted_template,retention_1,16,centered_residual_norm_mpp,100,1.0840888299222282e-06,1.0769013875887856e-06,1.091504690740158e-06
single_shape,tiny_gap,pixel_permuted_template,retention_1,16,cancellation_mean,100,0.057204471321886906,0.05572857460061961,0.058721020238198036
single_shape,tiny_gap,pixel_permuted_template,retention_1,16,g_individual_sum_mpp,100,5.785439186449865,5.707885416733181,5.864830252267207
single_shape,tiny_gap,pixel_permuted_template,retention_1,16,g_cross_term_mpp,100,-2.7903530687732054,-2.8283463854243456,-2.753117540317351
single_shape,tiny_gap,pixel_permuted_template,retention_1,16,g_nonadditive_correction_mpp,100,1.639053442350193e-12,1.614723842446817e-12,1.6637261253876743e-12
single_shape,tiny_gap,structured_template,release_default,0,observed_centered_logit_fidelity,100,0.0,0.0,0.0
single_shape,tiny_gap,structured_template,release_default,0,additive_centered_logit_fidelity,100,0.0,0.0,0.0
single_shape,tiny_gap,structured_template,release_default,0,observed_prob_error_reduction,100,0.0,0.0,0.0
single_shape,tiny_gap,structured_template,release_default,0,additive_prob_error_reduction,100,0.0,0.0,0.0
single_shape,tiny_gap,structured_template,release_default,0,centered_residual_energy_ratio,100,0.0,0.0,0.0
single_shape,tiny_gap,structured_template,release_default,0,centered_residual_norm_mpp,100,0.0,0.0,0.0
single_shape,tiny_gap,structured_template,release_default,0,cancellation_mean,0,,,
single_shape,tiny_gap,structured_template,release_default,0,g_individual_sum_mpp,100,0.0,0.0,0.0
single_shape,tiny_gap,structured_template,release_default,0,g_cross_term_mpp,100,0.0,0.0,0.0
single_shape,tiny_gap,structured_template,release_default,0,g_nonadditive_correction_mpp,100,0.0,0.0,0.0
single_shape,tiny_gap,structured_template,release_default,1,observed_centered_logit_fidelity,100,0.13709523501160487,0.13370855455889782,0.14042223727493083
single_shape,tiny_gap,structured_template,release_default,1,additive_centered_logit_fidelity,100,0.13709523501160487,0.13376130269938283,0.14038327941776052
single_shape,tiny_gap,structured_template,release_default,1,observed_prob_error_reduction,100,0.06733621006867137,0.06509668771843956,0.0695190322262497
single_shape,tiny_gap,structured_template,release_default,1,additive_prob_error_reduction,100,0.06733621006867137,0.0651487463157204,0.0694819577621225
single_shape,tiny_gap,structured_template,release_default,1,centered_residual_energy_ratio,100,0.0,0.0,0.0
single_shape,tiny_gap,structured_template,release_default,1,centered_residual_norm_mpp,100,0.0,0.0,0.0
single_shape,tiny_gap,structured_template,release_default,1,cancellation_mean,100,0.0,0.0,0.0
single_shape,tiny_gap,structured_template,release_default,1,g_individual_sum_mpp,100,3.550232214101844,3.4381648155434803,3.661750668873417
single_shape,tiny_gap,structured_template,release_default,1,g_cross_term_mpp,100,0.0,0.0,0.0
single_shape,tiny_gap,structured_template,release_default,1,g_nonadditive_correction_mpp,100,0.0,0.0,0.0
single_shape,tiny_gap,structured_template,release_default,2,observed_centered_logit_fidelity,100,0.2672335586950776,0.2622795829491827,0.2720672748196737
single_shape,tiny_gap,structured_template,release_default,2,additive_centered_logit_fidelity,100,0.26723355894351275,0.262401490259608,0.2721434142556618
single_shape,tiny_gap,structured_template,release_default,2,observed_prob_error_reduction,100,0.14863803259051392,0.1452204248295012,0.15206559212771348
single_shape,tiny_gap,structured_template,release_default,2,additive_prob_error_reduction,100,0.148638032589816,0.1452362713500013,0.15216042557973264
single_shape,tiny_gap,structured_template,release_default,2,centered_residual_energy_ratio,100,3.2019468444706432e-15,3.119516648675237e-15,3.2841946792400147e-15
single_shape,tiny_gap,structured_template,release_default,2,centered_residual_norm_mpp,100,2.0629589161856792e-07,2.0300847226070086e-07,2.0948237392040445e-07
single_shape,tiny_gap,structured_template,release_default,2,cancellation_mean,100,0.1036196239065604,0.09948249743490105,0.10774730120457439
single_shape,tiny_gap,structured_template,release_default,2,g_individual_sum_mpp,100,7.418058455385387,7.215915858404352,7.629385089640047
single_shape,tiny_gap,structured_template,release_default,2,g_cross_term_mpp,100,-0.5105826025445173,-0.5440512751103307,-0.4781591841793078
single_shape,tiny_gap,structured_template,release_default,2,g_nonadditive_correction_mpp,100,-6.472097916455694e-09,-1.3775238086614678e-08,6.971827670557568e-10
single_shape,tiny_gap,structured_template,release_default,3,observed_centered_logit_fidelity,100,0.383648727032138,0.37820446696333554,0.38913078982510085
single_shape,tiny_gap,structured_template,release_default,3,additive_centered_logit_fidelity,100,0.38364872732979527,0.3782300064245726,0.38910263147514124
single_shape,tiny_gap,structured_template,release_default,3,observed_prob_error_reduction,100,0.22488133642976973,0.21996352640959516,0.22991812720822713
single_shape,tiny_gap,structured_template,release_default,3,additive_prob_error_reduction,100,0.22488133664357957,0.21995612580278992,0.22972658895610285
single_shape,tiny_gap,structured_template,release_default,3,centered_residual_energy_ratio,100,7.562865361531987e-15,7.419677632199126e-15,7.697353000213533e-15
single_shape,tiny_gap,structured_template,release_default,3,centered_residual_norm_mpp,100,3.578807412254593e-07,3.547149405406143e-07,3.6111880386615206e-07
single_shape,tiny_gap,structured_template,release_default,3,cancellation_mean,100,0.17447528211708793,0.16966211645301535,0.17914902799427693
single_shape,tiny_gap,structured_template,release_default,3,g_individual_sum_mpp,100,11.270543633202946,10.976125555839722,11.576336011513591
single_shape,tiny_gap,structured_template,release_default,3,g_cross_term_mpp,100,-1.3399441267305463,-1.4132507264229124,-1.2689515191957113
single_shape,tiny_gap,structured_template,release_default,3,g_nonadditive_correction_mpp,100,-7.488544731433671e-09,-1.7655140629472455e-08,2.8639977624160978e-09
single_shape,tiny_gap,structured_template,release_default,4,observed_centered_logit_fidelity,100,0.4822096224031587,0.47588829105975633,0.4883230418912341
single_shape,tiny_gap,structured_template,release_default,4,additive_centered_logit_fidelity,100,0.48220962276568535,0.47588391466049235,0.48831989516852775
single_shape,tiny_gap,structured_template,release_default,4,observed_prob_error_reduction,100,0.29932728240587575,0.2922622926876163,0.3064276740027499
single_shape,tiny_gap,structured_template,release_default,4,additive_prob_error_reduction,100,0.29932728269304265,0.29210177166401213,0.3062930084667382
single_shape,tiny_gap,structured_template,release_default,4,centered_residual_energy_ratio,100,1.3604422558972782e-14,1.3364517333587475e-14,1.3846207524458248e-14
single_shape,tiny_gap,structured_template,release_default,4,centered_residual_norm_mpp,100,4.924513715051982e-07,4.884166567296588e-07,4.963867305839853e-07
single_shape,tiny_gap,structured_template,release_default,4,cancellation_mean,100,0.22341868943346735,0.2183552024683444,0.22817761494262956
single_shape,tiny_gap,structured_template,release_default,4,g_individual_sum_mpp,100,14.927590620224999,14.54157948737329,15.322495373470849
single_shape,tiny_gap,structured_template,release_default,4,g_cross_term_mpp,100,-2.442143197791066,-2.554981995932236,-2.3290692464322826
single_shape,tiny_gap,structured_template,release_default,4,g_nonadditive_correction_mpp,100,-8.110103514782627e-09,-2.0651506838466787e-08,4.743123645948008e-09
single_shape,tiny_gap,structured_template,release_default,5,observed_centered_logit_fidelity,100,0.5723685197315923,0.5662317367168936,0.5784634383629018
single_shape,tiny_gap,structured_template,release_default,5,additive_centered_logit_fidelity,100,0.5723685199127615,0.5664109828952381,0.5784975713272162
single_shape,tiny_gap,structured_template,release_default,5,observed_prob_error_reduction,100,0.37732622849496594,0.36903306952952464,0.3856180755932406
single_shape,tiny_gap,structured_template,release_default,5,additive_prob_error_reduction,100,0.37732622861347487,0.36909723950382706,0.38555862521259615
single_shape,tiny_gap,structured_template,release_default,5,centered_residual_energy_ratio,100,2.1545633174309193e-14,2.1174085414962883e-14,2.1919937178400365e-14
single_shape,tiny_gap,structured_template,release_default,5,centered_residual_norm_mpp,100,6.243477836923165e-07,6.193582604194801e-07,6.294139427311108e-07
single_shape,tiny_gap,structured_template,release_default,5,cancellation_mean,100,0.25998200388666903,0.2545338938272551,0.26551234419779146
single_shape,tiny_gap,structured_template,release_default,5,g_individual_sum_mpp,100,18.598808461193936,18.098280340072016,19.107173363611295
single_shape,tiny_gap,structured_template,release_default,5,g_cross_term_mpp,100,-3.7732834251149496,-3.9528906138575515,-3.607916333194028
single_shape,tiny_gap,structured_template,release_default,5,g_nonadditive_correction_mpp,100,-3.854729456302218e-09,-1.757729762651388e-08,1.0160088725525703e-08
single_shape,tiny_gap,structured_template,release_default,6,observed_centered_logit_fidelity,100,0.6494840072103113,0.643751147750153,0.6550986253817891
single_shape,tiny_gap,structured_template,release_default,6,additive_centered_logit_fidelity,100,0.649484007481549,0.6438387001684739,0.6552005796643982
single_shape,tiny_gap,structured_template,release_default,6,observed_prob_error_reduction,100,0.45060669910922124,0.4413833881115059,0.45986621083413126
single_shape,tiny_gap,structured_template,release_default,6,additive_prob_error_reduction,100,0.4506066992252591,0.4413789346173026,0.4599698927559801
single_shape,tiny_gap,structured_template,release_default,6,centered_residual_energy_ratio,100,3.1463244621145614e-14,3.094412995200695e-14,3.1964864595764125e-14
single_shape,tiny_gap,structured_template,release_default,6,centered_residual_norm_mpp,100,7.565473761870969e-07,7.504916577801413e-07,7.623886175582229e-07
single_shape,tiny_gap,structured_template,release_default,6,cancellation_mean,100,0.29181782746121687,0.28709315675217684,0.29642489639036185
single_shape,tiny_gap,structured_template,release_default,6,g_individual_sum_mpp,100,22.046916785959198,21.477404385446363,22.626431276729456
single_shape,tiny_gap,structured_template,release_default,6,g_cross_term_mpp,100,-5.222450721864886,-5.439502315937266,-5.009407612262358
single_shape,tiny_gap,structured_template,release_default,6,g_nonadditive_correction_mpp,100,-6.245537360693352e-09,-2.0943344123620122e-08,8.735267213713714e-09
single_shape,tiny_gap,structured_template,release_default,7,observed_centered_logit_fidelity,100,0.7163604108441394,0.7111931456510023,0.7214635070730233
single_shape,tiny_gap,structured_template,release_default,7,additive_centered_logit_fidelity,100,0.7163604111516364,0.7113429995884454,0.7216196335387787
single_shape,tiny_gap,structured_template,release_default,7,observed_prob_error_reduction,100,0.5186553680066054,0.5073695447560833,0.5296211132989923
single_shape,tiny_gap,structured_template,release_default,7,additive_prob_error_reduction,100,0.5186553681536445,0.5078087800778217,0.5297514170148342
single_shape,tiny_gap,structured_template,release_default,7,centered_residual_energy_ratio,100,4.316163418790059e-14,4.243574498877497e-14,4.388590566594154e-14
single_shape,tiny_gap,structured_template,release_default,7,centered_residual_norm_mpp,100,8.877020036989351e-07,8.807198618227565e-07,8.945952223854504e-07
single_shape,tiny_gap,structured_template,release_default,7,cancellation_mean,100,0.315625368932789,0.3109642793276885,0.32042001797898084
single_shape,tiny_gap,structured_template,release_default,7,g_individual_sum_mpp,100,25.371834428569436,24.71859907550449,26.037100288742476
single_shape,tiny_gap,structured_template,release_default,7,g_cross_term_mpp,100,-6.818903819619743,-7.08546318038672,-6.565673181469255
single_shape,tiny_gap,structured_template,release_default,7,g_nonadditive_correction_mpp,100,-7.813345245903233e-09,-2.2828706177605357e-08,7.694901825892567e-09
single_shape,tiny_gap,structured_template,release_default,8,observed_centered_logit_fidelity,100,0.7742095485007571,0.7689704691414118,0.7794354163512368
single_shape,tiny_gap,structured_template,release_default,8,additive_centered_logit_fidelity,100,0.7742095488756076,0.7689941996781879,0.7793794876995269
single_shape,tiny_gap,structured_template,release_default,8,observed_prob_error_reduction,100,0.5812738079871258,0.5683934802223002,0.5935301753248802
single_shape,tiny_gap,structured_template,release_default,8,additive_prob_error_reduction,100,0.581273808259769,0.5683789474131394,0.5938730394363647
single_shape,tiny_gap,structured_template,release_default,8,centered_residual_energy_ratio,100,5.6741165404715436e-14,5.5828666691396636e-14,5.76642973827758e-14
single_shape,tiny_gap,structured_template,release_default,8,centered_residual_norm_mpp,100,1.0189427497625817e-06,1.0109430824240157e-06,1.0271049956026503e-06
single_shape,tiny_gap,structured_template,release_default,8,cancellation_mean,100,0.33530416331749857,0.3306378232133509,0.33993964981210467
single_shape,tiny_gap,structured_template,release_default,8,g_individual_sum_mpp,100,28.5806746662186,27.84820731218036,29.339900103304956
single_shape,tiny_gap,structured_template,release_default,8,g_cross_term_mpp,100,-8.543352492236279,-8.844827347150277,-8.250082675135666
single_shape,tiny_gap,structured_template,release_default,8,g_nonadditive_correction_mpp,100,-9.711095301191098e-09,-2.6024175741801685e-08,6.500616636745581e-09
single_shape,tiny_gap,structured_template,release_default,9,observed_centered_logit_fidelity,100,0.8224712679130417,0.8175367763972106,0.8273210167111956
single_shape,tiny_gap,structured_template,release_default,9,additive_centered_logit_fidelity,100,0.8224712681359059,0.8174146045664704,0.8273982179978046
single_shape,tiny_gap,structured_template,release_default,9,observed_prob_error_reduction,100,0.6340056588844005,0.6203269446659837,0.6474392084779561
single_shape,tiny_gap,structured_template,release_default,9,additive_prob_error_reduction,100,0.6340056588885257,0.6202791933967355,0.6478613189271744
single_shape,tiny_gap,structured_template,release_default,9,centered_residual_energy_ratio,100,7.228907647772733e-14,7.112239536482098e-14,7.344723579780599e-14
single_shape,tiny_gap,structured_template,release_default,9,centered_residual_norm_mpp,100,1.1510920960893232e-06,1.1419953397165596e-06,1.1603627847178242e-06
single_shape,tiny_gap,structured_template,release_default,9,cancellation_mean,100,0.3507708843774313,0.3460032290957859,0.35538977121167126
single_shape,tiny_gap,structured_template,release_default,9,g_individual_sum_mpp,100,31.69031952643141,30.868738735951354,32.52825392424053
single_shape,tiny_gap,structured_template,release_default,9,g_cross_term_mpp,100,-10.408514361649678,-10.773978721770604,-10.04395836688908
single_shape,tiny_gap,structured_template,release_default,9,g_nonadditive_correction_mpp,100,-5.801943647083096e-09,-2.1442565800020097e-08,9.776622713986088e-09
single_shape,tiny_gap,structured_template,release_default,10,observed_centered_logit_fidelity,100,0.8635657929120151,0.85934654301334,0.8676722672219083
single_shape,tiny_gap,structured_template,release_default,10,additive_centered_logit_fidelity,100,0.863565793074749,0.8593507031848856,0.8677224699648349
single_shape,tiny_gap,structured_template,release_default,10,observed_prob_error_reduction,100,0.6839786690209756,0.6702325844888808,0.6981676125411659
single_shape,tiny_gap,structured_template,release_default,10,additive_prob_error_reduction,100,0.6839786689659897,0.670090947986641,0.6978229109551513
single_shape,tiny_gap,structured_template,release_default,10,centered_residual_energy_ratio,100,8.992972368287317e-14,8.857050705930047e-14,9.133186192097423e-14
single_shape,tiny_gap,structured_template,release_default,10,centered_residual_norm_mpp,100,1.284611914011002e-06,1.274462650147306e-06,1.295182018016601e-06
single_shape,tiny_gap,structured_template,release_default,10,cancellation_mean,100,0.36743395138743706,0.3629715072613852,0.37201416077957533
single_shape,tiny_gap,structured_template,release_default,10,g_individual_sum_mpp,100,34.64207706468033,33.746592328328845,35.57013781628825
single_shape,tiny_gap,structured_template,release_default,10,g_cross_term_mpp,100,-12.308466562235141,-12.75294491270188,-11.882229054555424
single_shape,tiny_gap,structured_template,release_default,10,g_nonadditive_correction_mpp,100,-4.4995858377462995e-09,-1.9263030175686133e-08,9.778946306307549e-09
single_shape,tiny_gap,structured_template,release_default,11,observed_centered_logit_fidelity,100,0.8935297843956511,0.8905238708480243,0.8964397972170254
single_shape,tiny_gap,structured_template,release_default,11,additive_centered_logit_fidelity,100,0.8935297843685943,0.890483712894711,0.8964941733621392
single_shape,tiny_gap,structured_template,release_default,11,observed_prob_error_reduction,100,0.7236600994646014,0.7104316157440516,0.7367964284256281
single_shape,tiny_gap,structured_template,release_default,11,additive_prob_error_reduction,100,0.7236600992161084,0.7100448657225493,0.7371668305601423
single_shape,tiny_gap,structured_template,release_default,11,centered_residual_energy_ratio,100,1.0980297413753211e-13,1.0807229999763675e-13,1.1151782110177941e-13
single_shape,tiny_gap,structured_template,release_default,11,centered_residual_norm_mpp,100,1.4203538767130863e-06,1.409103093320339e-06,1.431533582744159e-06
single_shape,tiny_gap,structured_template,release_default,11,cancellation_mean,100,0.38217064755499797,0.3775333777588286,0.386838700019904
single_shape,tiny_gap,structured_template,release_default,11,g_individual_sum_mpp,100,37.476524281943256,36.514919647447634,38.45558102082935
single_shape,tiny_gap,structured_template,release_default,11,g_cross_term_mpp,100,-14.40163319804076,-14.933646690092836,-13.886040924299206
single_shape,tiny_gap,structured_template,release_default,11,g_nonadditive_correction_mpp,100,2.9236752342399463e-10,-1.4042155690245836e-08,1.5051800432082307e-08
single_shape,tiny_gap,structured_template,release_default,12,observed_centered_logit_fidelity,100,0.9162233222863055,0.9137602122910666,0.9186586633346372
single_shape,tiny_gap,structured_template,release_default,12,additive_centered_logit_fidelity,100,0.9162233223182238,0.9137551952872722,0.9186118727481438
single_shape,tiny_gap,structured_template,release_default,12,observed_prob_error_reduction,100,0.7540540214070197,0.7418468969261512,0.7663353266367561
single_shape,tiny_gap,structured_template,release_default,12,additive_prob_error_reduction,100,0.7540540213687226,0.7419472767832915,0.7665364199937441
single_shape,tiny_gap,structured_template,release_default,12,centered_residual_energy_ratio,100,1.3178103510072246e-13,1.2973811104541996e-13,1.3371593964358904e-13
single_shape,tiny_gap,structured_template,release_default,12,centered_residual_norm_mpp,100,1.5570591517454481e-06,1.5445720882062133e-06,1.5700299333123754e-06
single_shape,tiny_gap,structured_template,release_default,12,cancellation_mean,100,0.39542349642513314,0.39072639428780326,0.40015413415054973
single_shape,tiny_gap,structured_template,release_default,12,g_individual_sum_mpp,100,40.315053247275976,39.30521298492532,41.376130479555826
single_shape,tiny_gap,structured_template,release_default,12,g_cross_term_mpp,100,-16.68730446171898,-17.325936217228797,-16.06215759756386
single_shape,tiny_gap,structured_template,release_default,12,g_nonadditive_correction_mpp,100,-1.4033934762547653e-09,-1.460888016993574e-08,1.1985866777238045e-08
single_shape,tiny_gap,structured_template,release_default,13,observed_centered_logit_fidelity,100,0.9336227188744093,0.9312155998754328,0.9358580936699243
single_shape,tiny_gap,structured_template,release_default,13,additive_centered_logit_fidelity,100,0.9336227187819737,0.931257104494327,0.9358971970874514
single_shape,tiny_gap,structured_template,release_default,13,observed_prob_error_reduction,100,0.7730482952141758,0.7612606222167821,0.7844483960541301
single_shape,tiny_gap,structured_template,release_default,13,additive_prob_error_reduction,100,0.7730482950829797,0.7614755843727501,0.7849136619546557
single_shape,tiny_gap,structured_template,release_default,13,centered_residual_energy_ratio,100,1.5604083434737034e-13,1.537073288244859e-13,1.5835853606510776e-13
single_shape,tiny_gap,structured_template,release_default,13,centered_residual_norm_mpp,100,1.6950887758919722e-06,1.681425181769873e-06,1.709031204902921e-06
single_shape,tiny_gap,structured_template,release_default,13,cancellation_mean,100,0.4085263295725499,0.4038246779000872,0.41330304600088813
single_shape,tiny_gap,structured_template,release_default,13,g_individual_sum_mpp,100,42.752327298976745,41.664473017675085,43.842851604656595
single_shape,tiny_gap,structured_template,release_default,13,g_cross_term_mpp,100,-18.70245771694752,-19.384049891095007,-18.02102672329285
single_shape,tiny_gap,structured_template,release_default,13,g_nonadditive_correction_mpp,100,1.7840280164542572e-09,-1.0669486386676957e-08,1.460969555819599e-08
single_shape,tiny_gap,structured_template,release_default,14,observed_centered_logit_fidelity,100,0.9528348581664821,0.9506381099833838,0.9549942783839013
single_shape,tiny_gap,structured_template,release_default,14,additive_centered_logit_fidelity,100,0.9528348579704177,0.9506286308241609,0.9549740984654921
single_shape,tiny_gap,structured_template,release_default,14,observed_prob_error_reduction,100,0.7879822592089054,0.777071393153047,0.7990332047886538
single_shape,tiny_gap,structured_template,release_default,14,additive_prob_error_reduction,100,0.7879822591181558,0.7773831987050035,0.7987812748315146
single_shape,tiny_gap,structured_template,release_default,14,centered_residual_energy_ratio,100,1.8213572148884635e-13,1.7933222632406867e-13,1.849783081188913e-13
single_shape,tiny_gap,structured_template,release_default,14,centered_residual_norm_mpp,100,1.8322164970535613e-06,1.817725727529777e-06,1.8468965322727969e-06
single_shape,tiny_gap,structured_template,release_default,14,cancellation_mean,100,0.4243704412350735,0.41928824689865457,0.42940707124666017
single_shape,tiny_gap,structured_template,release_default,14,g_individual_sum_mpp,100,44.45511697035194,43.43447613167624,45.53413801462866
single_shape,tiny_gap,structured_template,release_default,14,g_cross_term_mpp,100,-19.9161899795677,-20.528264112569083,-19.298551075886433
single_shape,tiny_gap,structured_template,release_default,14,g_nonadditive_correction_mpp,100,5.162179543235238e-09,-6.633197143797397e-09,1.7139162714815205e-08
single_shape,tiny_gap,structured_template,release_default,15,observed_centered_logit_fidelity,100,0.9761801493083812,0.9745303892412486,0.9777273235122924
single_shape,tiny_gap,structured_template,release_default,15,additive_centered_logit_fidelity,100,0.9761801490262131,0.9745587753657989,0.9777440552017939
single_shape,tiny_gap,structured_template,release_default,15,observed_prob_error_reduction,100,0.8001869409643723,0.789721502561771,0.8108242419720404
single_shape,tiny_gap,structured_template,release_default,15,additive_prob_error_reduction,100,0.8001869409009076,0.789494011755767,0.810746051162341
single_shape,tiny_gap,structured_template,release_default,15,centered_residual_energy_ratio,100,2.0925787981197303e-13,2.06024956734095e-13,2.124670902449293e-13
single_shape,tiny_gap,structured_template,release_default,15,centered_residual_norm_mpp,100,1.9654715173853013e-06,1.949806602519758e-06,1.9814064128491706e-06
single_shape,tiny_gap,structured_template,release_default,15,cancellation_mean,100,0.4450569752705737,0.4390316498416802,0.45129331444040716
single_shape,tiny_gap,structured_template,release_default,15,g_individual_sum_mpp,100,44.75118002253308,43.76342007244049,45.75179077089055
single_shape,tiny_gap,structured_template,release_default,15,g_cross_term_mpp,100,-19.594208645684496,-20.148171971732832,-19.0764957668679
single_shape,tiny_gap,structured_template,release_default,15,g_nonadditive_correction_mpp,100,8.04620265785348e-09,-1.390014127252882e-09,1.7881172437243812e-08
single_shape,tiny_gap,structured_template,release_default,16,observed_centered_logit_fidelity,100,1.0,1.0,1.0
single_shape,tiny_gap,structured_template,release_default,16,additive_centered_logit_fidelity,100,0.999999999999762,0.9999999999997583,0.9999999999997656
single_shape,tiny_gap,structured_template,release_default,16,observed_prob_error_reduction,100,0.8087115340640438,0.7981119675676677,0.8193713095106782
single_shape,tiny_gap,structured_template,release_default,16,additive_prob_error_reduction,100,0.8087115340639004,0.7978251452824059,0.819228975337868
single_shape,tiny_gap,structured_template,release_default,16,centered_residual_energy_ratio,100,2.380485485673295e-13,2.3434550453121985e-13,2.417931249346196e-13
single_shape,tiny_gap,structured_template,release_default,16,centered_residual_norm_mpp,100,2.0980127023851346e-06,2.08132513465457e-06,2.1146105112151317e-06
single_shape,tiny_gap,structured_template,release_default,16,cancellation_mean,100,0.4755376259000317,0.4689586984306774,0.4822433867615569
single_shape,tiny_gap,structured_template,release_default,16,g_individual_sum_mpp,100,43.06304974748487,42.24739777435439,43.90248346092443
single_shape,tiny_gap,structured_template,release_default,16,g_cross_term_mpp,100,-17.27207197138354,-17.59860486104933,-16.946431388024596
single_shape,tiny_gap,structured_template,release_default,16,g_nonadditive_correction_mpp,100,6.0595401958038945e-12,5.965026546721175e-12,6.154640698461728e-12
single_shape,tiny_gap,structured_template,retention_1,0,observed_centered_logit_fidelity,100,0.0,0.0,0.0
single_shape,tiny_gap,structured_template,retention_1,0,additive_centered_logit_fidelity,100,0.0,0.0,0.0
single_shape,tiny_gap,structured_template,retention_1,0,observed_prob_error_reduction,100,0.0,0.0,0.0
single_shape,tiny_gap,structured_template,retention_1,0,additive_prob_error_reduction,100,0.0,0.0,0.0
single_shape,tiny_gap,structured_template,retention_1,0,centered_residual_energy_ratio,100,0.0,0.0,0.0
single_shape,tiny_gap,structured_template,retention_1,0,centered_residual_norm_mpp,100,0.0,0.0,0.0
single_shape,tiny_gap,structured_template,retention_1,0,cancellation_mean,0,,,
single_shape,tiny_gap,structured_template,retention_1,0,g_individual_sum_mpp,100,0.0,0.0,0.0
single_shape,tiny_gap,structured_template,retention_1,0,g_cross_term_mpp,100,0.0,0.0,0.0
single_shape,tiny_gap,structured_template,retention_1,0,g_nonadditive_correction_mpp,100,0.0,0.0,0.0
single_shape,tiny_gap,structured_template,retention_1,1,observed_centered_logit_fidelity,100,0.16312613260381184,0.16221424726067984,0.16406104440290706
single_shape,tiny_gap,structured_template,retention_1,1,additive_centered_logit_fidelity,100,0.16312613260381184,0.16222409259968718,0.16403426087533904
single_shape,tiny_gap,structured_template,retention_1,1,observed_prob_error_reduction,100,0.020183350124134695,0.020018936073363025,0.02035063172855906
single_shape,tiny_gap,structured_template,retention_1,1,additive_prob_error_reduction,100,0.020183350124134695,0.02001993277087215,0.02034434213865923
single_shape,tiny_gap,structured_template,retention_1,1,centered_residual_energy_ratio,100,0.0,0.0,0.0
single_shape,tiny_gap,structured_template,retention_1,1,centered_residual_norm_mpp,100,0.0,0.0,0.0
single_shape,tiny_gap,structured_template,retention_1,1,cancellation_mean,100,0.0,0.0,0.0
single_shape,tiny_gap,structured_template,retention_1,1,g_individual_sum_mpp,100,0.6175221708694622,0.6096152244983135,0.6256497445152488
single_shape,tiny_gap,structured_template,retention_1,1,g_cross_term_mpp,100,0.0,0.0,0.0
single_shape,tiny_gap,structured_template,retention_1,1,g_nonadditive_correction_mpp,100,0.0,0.0,0.0
single_shape,tiny_gap,structured_template,retention_1,2,observed_centered_logit_fidelity,100,0.3170617087170614,0.3160334966740106,0.3180928312275859
single_shape,tiny_gap,structured_template,retention_1,2,additive_centered_logit_fidelity,100,0.3170617089675482,0.3160312132434627,0.3181111702775327
single_shape,tiny_gap,structured_template,retention_1,2,observed_prob_error_reduction,100,0.04216039563868148,0.04183992213716597,0.04249488285044384
single_shape,tiny_gap,structured_template,retention_1,2,additive_prob_error_reduction,100,0.04216039570579087,0.04183832110021132,0.04248275043278389
single_shape,tiny_gap,structured_template,retention_1,2,centered_residual_energy_ratio,100,8.682017478507826e-15,8.581347369181118e-15,8.785176721819918e-15
single_shape,tiny_gap,structured_template,retention_1,2,centered_residual_norm_mpp,100,1.2878117819645326e-07,1.2747102744148925e-07,1.3006662243742862e-07
single_shape,tiny_gap,structured_template,retention_1,2,cancellation_mean,100,0.01388666969904423,0.013304472344752157,0.014454299918703931
single_shape,tiny_gap,structured_template,retention_1,2,g_individual_sum_mpp,100,1.2702400801348848,1.254222005715554,1.2859431728425672
single_shape,tiny_gap,structured_template,retention_1,2,g_cross_term_mpp,100,-0.06980894931128467,-0.07083623599096403,-0.06881282144089347
single_shape,tiny_gap,structured_template,retention_1,2,g_nonadditive_correction_mpp,100,-9.952162805933044e-10,-2.852734516098537e-09,8.402681024124602e-10
single_shape,tiny_gap,structured_template,retention_1,3,observed_centered_logit_fidelity,100,0.43319889726402244,0.4303479841928428,0.43607245944053274
single_shape,tiny_gap,structured_template,retention_1,3,additive_centered_logit_fidelity,100,0.4331988977361869,0.43037782218256715,0.43607000900704956
single_shape,tiny_gap,structured_template,retention_1,3,observed_prob_error_reduction,100,0.06158065747425529,0.060981446844705606,0.062205004826539984
single_shape,tiny_gap,structured_template,retention_1,3,additive_prob_error_reduction,100,0.06158065757139542,0.06096970248979615,0.06219186715986151
single_shape,tiny_gap,structured_template,retention_1,3,centered_residual_energy_ratio,100,1.8518301516251742e-14,1.8331472867397978e-14,1.8703669856275605e-14
single_shape,tiny_gap,structured_template,retention_1,3,centered_residual_norm_mpp,100,2.1086606385355337e-07,2.0947590815336127e-07,2.1233208142890673e-07
single_shape,tiny_gap,structured_template,retention_1,3,cancellation_mean,100,0.019164588340934305,0.018480012132215146,0.01984321364761354
single_shape,tiny_gap,structured_template,retention_1,3,g_individual_sum_mpp,100,1.8203465273171582,1.7931203837776255,1.8475657274708601
single_shape,tiny_gap,structured_template,retention_1,3,g_cross_term_mpp,100,-0.18005629494706166,-0.18470357972224039,-0.17539284792034637
single_shape,tiny_gap,structured_template,retention_1,3,g_nonadditive_correction_mpp,100,-1.6938325593922156e-09,-4.0766391399949625e-09,7.152776024551329e-10
single_shape,tiny_gap,structured_template,retention_1,4,observed_centered_logit_fidelity,100,0.5290936453313474,0.5266473947606721,0.5314162199926004
single_shape,tiny_gap,structured_template,retention_1,4,additive_centered_logit_fidelity,100,0.5290936457858436,0.5266993799026446,0.5314598979270271
single_shape,tiny_gap,structured_template,retention_1,4,observed_prob_error_reduction,100,0.078644149802343,0.07795074805883269,0.07931526594262749
single_shape,tiny_gap,structured_template,retention_1,4,additive_prob_error_reduction,100,0.07864414986362586,0.07795824442661035,0.07933638792508975
single_shape,tiny_gap,structured_template,retention_1,4,centered_residual_energy_ratio,100,3.173007464627317e-14,3.1391782460388495e-14,3.206938360947956e-14
single_shape,tiny_gap,structured_template,retention_1,4,centered_residual_norm_mpp,100,2.8259796939455673e-07,2.8069087862137095e-07,2.8457757599030266e-07
single_shape,tiny_gap,structured_template,retention_1,4,cancellation_mean,100,0.028812688969462496,0.028049651684078622,0.029563971949554572
single_shape,tiny_gap,structured_template,retention_1,4,g_individual_sum_mpp,100,2.3211977022352785,2.289568939010383,2.352267245348668
single_shape,tiny_gap,structured_template,retention_1,4,g_cross_term_mpp,100,-0.31771529231247536,-0.32378467824578494,-0.31150508015852935
single_shape,tiny_gap,structured_template,retention_1,4,g_nonadditive_correction_mpp,100,-1.6112781613586168e-09,-4.719550649756364e-09,1.5600551399266956e-09
single_shape,tiny_gap,structured_template,retention_1,5,observed_centered_logit_fidelity,100,0.6257086712821297,0.623406291113709,0.6279668475630493
single_shape,tiny_gap,structured_template,retention_1,5,additive_centered_logit_fidelity,100,0.6257086718176,0.6234854117550014,0.6279686701952906
single_shape,tiny_gap,structured_template,retention_1,5,observed_prob_error_reduction,100,0.09623076633423593,0.09547488835015576,0.09698143722771572
single_shape,tiny_gap,structured_template,retention_1,5,additive_prob_error_reduction,100,0.09623076642553009,0.09547606660990306,0.0969823786721238
single_shape,tiny_gap,structured_template,retention_1,5,centered_residual_energy_ratio,100,4.669025212241062e-14,4.6270839053940436e-14,4.711438325257885e-14
single_shape,tiny_gap,structured_template,retention_1,5,centered_residual_norm_mpp,100,3.4291057147588047e-07,3.4064205016999796e-07,3.4523598197994075e-07
single_shape,tiny_gap,structured_template,retention_1,5,cancellation_mean,100,0.035733805604733944,0.03475357087621706,0.0366590148608359
single_shape,tiny_gap,structured_template,retention_1,5,g_individual_sum_mpp,100,2.870211552995638,2.83282198928299,2.907812413524459
single_shape,tiny_gap,structured_template,retention_1,5,g_cross_term_mpp,100,-0.5007111588821105,-0.508121410963168,-0.49307956709967704
single_shape,tiny_gap,structured_template,retention_1,5,g_nonadditive_correction_mpp,100,-1.8301106664239703e-09,-5.255847902372896e-09,1.6257749595994752e-09
single_shape,tiny_gap,structured_template,retention_1,6,observed_centered_logit_fidelity,100,0.7108892311409444,0.7092049032770593,0.712600841430861
single_shape,tiny_gap,structured_template,retention_1,6,additive_centered_logit_fidelity,100,0.7108892317087213,0.7091745537286323,0.7126209553845134
single_shape,tiny_gap,structured_template,retention_1,6,observed_prob_error_reduction,100,0.11117917919108057,0.11030158100296977,0.11206581896092047
single_shape,tiny_gap,structured_template,retention_1,6,additive_prob_error_reduction,100,0.11117917928597965,0.11031392745008677,0.11204062576767844
single_shape,tiny_gap,structured_template,retention_1,6,centered_residual_energy_ratio,100,6.660104399559022e-14,6.60266022423e-14,6.718471647386596e-14
single_shape,tiny_gap,structured_template,retention_1,6,centered_residual_norm_mpp,100,4.1135621824509946e-07,4.087367648360581e-07,4.1397028202458366e-07
single_shape,tiny_gap,structured_template,retention_1,6,cancellation_mean,100,0.04276045791842369,0.04172325081139145,0.04382367635076238
single_shape,tiny_gap,structured_template,retention_1,6,g_individual_sum_mpp,100,3.4087961773330746,3.3671812371491097,3.4509740215397384
single_shape,tiny_gap,structured_template,retention_1,6,g_cross_term_mpp,100,-0.7169017185039576,-0.726524004201327,-0.707210865630412
single_shape,tiny_gap,structured_template,retention_1,6,g_nonadditive_correction_mpp,100,-1.95838253607859e-09,-5.900620550516363e-09,1.910632156255072e-09
single_shape,tiny_gap,structured_template,retention_1,7,observed_centered_logit_fidelity,100,0.783242766457741,0.7815406775868581,0.7849238413352027
single_shape,tiny_gap,structured_template,retention_1,7,additive_centered_logit_fidelity,100,0.7832427672573263,0.7815599070488366,0.7849186429481302
single_shape,tiny_gap,structured_template,retention_1,7,observed_prob_error_reduction,100,0.12291564788177599,0.121938540150702,0.12389598336692853
single_shape,tiny_gap,structured_template,retention_1,7,additive_prob_error_reduction,100,0.1229156480218329,0.12194654721353333,0.12391202489192474
single_shape,tiny_gap,structured_template,retention_1,7,centered_residual_energy_ratio,100,9.270390642097855e-14,9.192474987487096e-14,9.350438919593697e-14
single_shape,tiny_gap,structured_template,retention_1,7,centered_residual_norm_mpp,100,4.875083599558794e-07,4.844665585587157e-07,4.905361383637946e-07
single_shape,tiny_gap,structured_template,retention_1,7,cancellation_mean,100,0.049813391380793375,0.04875928956650157,0.050871383613697904
single_shape,tiny_gap,structured_template,retention_1,7,g_individual_sum_mpp,100,3.9300280175219022,3.8807926500452985,3.9778094013527534
single_shape,tiny_gap,structured_template,retention_1,7,g_cross_term_mpp,100,-0.9638704380636451,-0.9764411254615825,-0.9508611520645897
single_shape,tiny_gap,structured_template,retention_1,7,g_nonadditive_correction_mpp,100,-2.8235250015950802e-09,-6.679012720361176e-09,1.057875797143628e-09
single_shape,tiny_gap,structured_template,retention_1,8,observed_centered_logit_fidelity,100,0.8400469225311761,0.8382363746185885,0.8418527193375208
single_shape,tiny_gap,structured_template,retention_1,8,additive_centered_logit_fidelity,100,0.84004692303102,0.8382494640209263,0.8418378530034392
single_shape,tiny_gap,structured_template,retention_1,8,observed_prob_error_reduction,100,0.13233719901808058,0.1313309257589886,0.1333565462423402
single_shape,tiny_gap,structured_template,retention_1,8,additive_prob_error_reduction,100,0.1323371991193848,0.13133710512775784,0.13333486043527956
single_shape,tiny_gap,structured_template,retention_1,8,centered_residual_energy_ratio,100,1.146195519456888e-13,1.1362047652408641e-13,1.1565758598339863e-13
single_shape,tiny_gap,structured_template,retention_1,8,centered_residual_norm_mpp,100,5.463902977938452e-07,5.430072015395387e-07,5.497214195492158e-07
single_shape,tiny_gap,structured_template,retention_1,8,cancellation_mean,100,0.05559939779863023,0.05427684399378676,0.05694458513749176
single_shape,tiny_gap,structured_template,retention_1,8,g_individual_sum_mpp,100,4.408018429000502,4.352811470050554,4.462718283821195
single_shape,tiny_gap,structured_template,retention_1,8,g_cross_term_mpp,100,-1.2267426238612007,-1.2432578024230554,-1.2100690977566393
single_shape,tiny_gap,structured_template,retention_1,8,g_nonadditive_correction_mpp,100,-1.740922826369027e-09,-5.468194039988571e-09,1.9521085708459554e-09
single_shape,tiny_gap,structured_template,retention_1,9,observed_centered_logit_fidelity,100,0.8929240740500702,0.8913827696117821,0.8944750887089341
single_shape,tiny_gap,structured_template,retention_1,9,additive_centered_logit_fidelity,100,0.8929240743883102,0.8913450860574763,0.8944715365056654
single_shape,tiny_gap,structured_template,retention_1,9,observed_prob_error_reduction,100,0.14079568887179394,0.13976211203285907,0.14186004449462442
single_shape,tiny_gap,structured_template,retention_1,9,additive_prob_error_reduction,100,0.14079568893922326,0.1397633598815218,0.14183752134557692
single_shape,tiny_gap,structured_template,retention_1,9,centered_residual_energy_ratio,100,1.4145091980001437e-13,1.4017781715185345e-13,1.4273195913966018e-13
single_shape,tiny_gap,structured_template,retention_1,9,centered_residual_norm_mpp,100,6.106478247392293e-07,6.067646948292332e-07,6.145265377534983e-07
single_shape,tiny_gap,structured_template,retention_1,9,cancellation_mean,100,0.05887979788245506,0.05753567964362077,0.06026154119147283
single_shape,tiny_gap,structured_template,retention_1,9,g_individual_sum_mpp,100,4.942151195475839,4.880962755680127,5.003466329364835
single_shape,tiny_gap,structured_template,retention_1,9,g_cross_term_mpp,100,-1.560522986507666,-1.5819233530488537,-1.539161108760365
single_shape,tiny_gap,structured_template,retention_1,9,g_nonadditive_correction_mpp,100,-1.1306845493111727e-09,-4.514274375760161e-09,2.310969935179026e-09
single_shape,tiny_gap,structured_template,retention_1,10,observed_centered_logit_fidelity,100,0.9295541227178781,0.92860619928777,0.9304908990415076
single_shape,tiny_gap,structured_template,retention_1,10,additive_centered_logit_fidelity,100,0.9295541229274646,0.9285787887738756,0.9304920561920547
single_shape,tiny_gap,structured_template,retention_1,10,observed_prob_error_reduction,100,0.14707154365452596,0.14601144782460576,0.14816712930266193
single_shape,tiny_gap,structured_template,retention_1,10,additive_prob_error_reduction,100,0.14707154368041855,0.14601280556327917,0.14814528450315656
single_shape,tiny_gap,structured_template,retention_1,10,centered_residual_energy_ratio,100,1.7551621979521534e-13,1.7391669261389362e-13,1.7719697208447545e-13
single_shape,tiny_gap,structured_template,retention_1,10,centered_residual_norm_mpp,100,6.824270105524994e-07,6.779089135465811e-07,6.87002525884733e-07
single_shape,tiny_gap,structured_template,retention_1,10,cancellation_mean,100,0.06510205531096763,0.0637363129967868,0.0665087435039715
single_shape,tiny_gap,structured_template,retention_1,10,g_individual_sum_mpp,100,5.398013944677152,5.331682448439655,5.464631843426027
single_shape,tiny_gap,structured_template,retention_1,10,g_cross_term_mpp,100,-1.8775340842930637,-1.9022839261618842,-1.8526634315111798
single_shape,tiny_gap,structured_template,retention_1,10,g_nonadditive_correction_mpp,100,-6.464448938901477e-10,-3.640504990875592e-09,2.341482935276006e-09
single_shape,tiny_gap,structured_template,retention_1,11,observed_centered_logit_fidelity,100,0.9501471474789008,0.9494192743887138,0.9508819018492982
single_shape,tiny_gap,structured_template,retention_1,11,additive_centered_logit_fidelity,100,0.9501471476543767,0.9494236225504484,0.9508748599445477
single_shape,tiny_gap,structured_template,retention_1,11,observed_prob_error_reduction,100,0.15102399621491044,0.14997996452183668,0.15213894074424306
single_shape,tiny_gap,structured_template,retention_1,11,additive_prob_error_reduction,100,0.15102399624213367,0.14992947678875865,0.15209091762694887
single_shape,tiny_gap,structured_template,retention_1,11,centered_residual_energy_ratio,100,2.1333918368233114e-13,2.1140024727911186e-13,2.153089302342504e-13
single_shape,tiny_gap,structured_template,retention_1,11,centered_residual_norm_mpp,100,7.533149664848816e-07,7.485174886566612e-07,7.581560536066037e-07
single_shape,tiny_gap,structured_template,retention_1,11,cancellation_mean,100,0.07144063118886848,0.06990310222278695,0.07301862151341242
single_shape,tiny_gap,structured_template,retention_1,11,g_individual_sum_mpp,100,5.741024007012822,5.669639714190822,5.8129741007911875
single_shape,tiny_gap,structured_template,retention_1,11,g_cross_term_mpp,100,-2.1423490262120923,-2.170655441883143,-2.1136138443847696
single_shape,tiny_gap,structured_template,retention_1,11,g_nonadditive_correction_mpp,100,-5.217528808954377e-10,-3.3136307379603586e-09,2.262018681674172e-09
single_shape,tiny_gap,structured_template,retention_1,12,observed_centered_logit_fidelity,100,0.9717043619276109,0.9711284871302241,0.9722751664984156
single_shape,tiny_gap,structured_template,retention_1,12,additive_centered_logit_fidelity,100,0.9717043620558411,0.971126892443767,0.9722790274890428
single_shape,tiny_gap,structured_template,retention_1,12,observed_prob_error_reduction,100,0.15439816392796116,0.15331570563482852,0.155503001696667
single_shape,tiny_gap,structured_template,retention_1,12,additive_prob_error_reduction,100,0.15439816393773997,0.15331655193600044,0.15553515318854952
single_shape,tiny_gap,structured_template,retention_1,12,centered_residual_energy_ratio,100,2.577106448027652e-13,2.5533451165080637e-13,2.60111237086762e-13
single_shape,tiny_gap,structured_template,retention_1,12,centered_residual_norm_mpp,100,8.298663621177252e-07,8.242893490328975e-07,8.352576878756656e-07
single_shape,tiny_gap,structured_template,retention_1,12,cancellation_mean,100,0.0730933362567499,0.07151190622894037,0.07475244126336769
single_shape,tiny_gap,structured_template,retention_1,12,g_individual_sum_mpp,100,6.164818160147055,6.090526488121714,6.238918063964858
single_shape,tiny_gap,structured_template,retention_1,12,g_cross_term_mpp,100,-2.4845302769099407,-2.5164249354884785,-2.4521252544590353
single_shape,tiny_gap,structured_template,retention_1,12,g_nonadditive_correction_mpp,100,-3.8021097349863604e-10,-2.5568819979200822e-09,1.8430898753976845e-09
single_shape,tiny_gap,structured_template,retention_1,13,observed_centered_logit_fidelity,100,0.9850018328489668,0.9846705860174307,0.9853252137370325
single_shape,tiny_gap,structured_template,retention_1,13,additive_centered_logit_fidelity,100,0.9850018328594236,0.9846640487373339,0.9853287605927271
single_shape,tiny_gap,structured_template,retention_1,13,observed_prob_error_reduction,100,0.15639796335127254,0.15530028171041083,0.1575142359997016
single_shape,tiny_gap,structured_template,retention_1,13,additive_prob_error_reduction,100,0.15639796333779546,0.15527666973158413,0.15751777406104184
single_shape,tiny_gap,structured_template,retention_1,13,centered_residual_energy_ratio,100,3.08998515873034e-13,3.062666787170869e-13,3.118377412735731e-13
single_shape,tiny_gap,structured_template,retention_1,13,centered_residual_norm_mpp,100,9.102522709790758e-07,9.044197249922368e-07,9.162320221140927e-07
single_shape,tiny_gap,structured_template,retention_1,13,cancellation_mean,100,0.07709968037990932,0.07544099241150341,0.07877766356523486
single_shape,tiny_gap,structured_template,retention_1,13,g_individual_sum_mpp,100,6.51802849215181,6.437497271175353,6.596482561535832
single_shape,tiny_gap,structured_template,retention_1,13,g_cross_term_mpp,100,-2.7872493825998963,-2.8219431855308343,-2.7513578361997086
single_shape,tiny_gap,structured_template,retention_1,13,g_nonadditive_correction_mpp,100,1.9117592147749912e-11,-1.5402663878694945e-09,1.5709581892413949e-09
single_shape,tiny_gap,structured_template,retention_1,14,observed_centered_logit_fidelity,100,0.9929412320854548,0.9927966969634018,0.9930888144509065
single_shape,tiny_gap,structured_template,retention_1,14,additive_centered_logit_fidelity,100,0.992941232103425,0.9927995307460065,0.9930859133509746
single_shape,tiny_gap,structured_template,retention_1,14,observed_prob_error_reduction,100,0.15740293010710496,0.1562710182468122,0.15853730853407738
single_shape,tiny_gap,structured_template,retention_1,14,additive_prob_error_reduction,100,0.15740293010121126,0.15628646239330543,0.1585566683917153
single_shape,tiny_gap,structured_template,retention_1,14,centered_residual_energy_ratio,100,3.646137774913888e-13,3.6130140839312444e-13,3.6790055837233456e-13
single_shape,tiny_gap,structured_template,retention_1,14,centered_residual_norm_mpp,100,9.902332441078175e-07,9.838981441908493e-07,9.967694055545673e-07
single_shape,tiny_gap,structured_template,retention_1,14,cancellation_mean,100,0.08071261905735286,0.07895406084028919,0.08247530453927616
single_shape,tiny_gap,structured_template,retention_1,14,g_individual_sum_mpp,100,6.790900943914737,6.709114433401939,6.874272086477005
single_shape,tiny_gap,structured_template,retention_1,14,g_cross_term_mpp,100,-3.030016727002814,-3.0678787433548926,-2.9915043405730244
single_shape,tiny_gap,structured_template,retention_1,14,g_nonadditive_correction_mpp,100,-2.814796857355055e-11,-9.973300779484453e-10,9.475957935497116e-10
single_shape,tiny_gap,structured_template,retention_1,15,observed_centered_logit_fidelity,100,0.9981013733130937,0.9980731705811434,0.9981298473955882
single_shape,tiny_gap,structured_template,retention_1,15,additive_centered_logit_fidelity,100,0.9981013733078654,0.998073529951246,0.9981310034660761
single_shape,tiny_gap,structured_template,retention_1,15,observed_prob_error_reduction,100,0.1578987655941196,0.15675910128178838,0.1590504517632339
single_shape,tiny_gap,structured_template,retention_1,15,additive_prob_error_reduction,100,0.15789876558825994,0.15675080480970421,0.1590384866407135
single_shape,tiny_gap,structured_template,retention_1,15,centered_residual_energy_ratio,100,4.231161497440988e-13,4.1944498386985935e-13,4.269061625501936e-13
single_shape,tiny_gap,structured_template,retention_1,15,centered_residual_norm_mpp,100,1.0680570992975918e-06,1.061249029949911e-06,1.0747505116829883e-06
single_shape,tiny_gap,structured_template,retention_1,15,cancellation_mean,100,0.08529132588367806,0.08333725178158088,0.08727667206264911
single_shape,tiny_gap,structured_template,retention_1,15,g_individual_sum_mpp,100,7.042437465561656,6.957757110836939,7.124967856587105
single_shape,tiny_gap,structured_template,retention_1,15,g_cross_term_mpp,100,-3.2619868252242123,-3.3021838526557135,-3.222310652299444
single_shape,tiny_gap,structured_template,retention_1,15,g_nonadditive_correction_mpp,100,4.357584888581108e-11,-4.451569075363957e-10,5.394389790576962e-10
single_shape,tiny_gap,structured_template,retention_1,16,observed_centered_logit_fidelity,100,1.0,1.0,1.0
single_shape,tiny_gap,structured_template,retention_1,16,additive_centered_logit_fidelity,100,0.9999999999995133,0.9999999999995091,0.9999999999995175
single_shape,tiny_gap,structured_template,retention_1,16,observed_prob_error_reduction,100,0.1580715263818817,0.15693695752997988,0.15923709246978457
single_shape,tiny_gap,structured_template,retention_1,16,additive_prob_error_reduction,100,0.15807152638178137,0.15695786219731622,0.15921790205090638
single_shape,tiny_gap,structured_template,retention_1,16,centered_residual_energy_ratio,100,4.86760800179814e-13,4.824436659466188e-13,4.911437318516827e-13
single_shape,tiny_gap,structured_template,retention_1,16,centered_residual_norm_mpp,100,1.1471426882429607e-06,1.139749937943961e-06,1.154419481770565e-06
single_shape,tiny_gap,structured_template,retention_1,16,cancellation_mean,100,0.09203322754530156,0.08980332603701772,0.09432050414385791
single_shape,tiny_gap,structured_template,retention_1,16,g_individual_sum_mpp,100,7.2499422495056685,7.161791532396536,7.3391132768852945
single_shape,tiny_gap,structured_template,retention_1,16,g_cross_term_mpp,100,-3.4623016667083975,-3.5043865569174324,-3.4180289852435535
single_shape,tiny_gap,structured_template,retention_1,16,g_nonadditive_correction_mpp,100,1.8429938073063876e-12,1.816569199590532e-12,1.869755437972658e-12
single_shape,tiny_gmp,pixel_permuted_template,release_default,0,observed_centered_logit_fidelity,100,0.0,0.0,0.0
single_shape,tiny_gmp,pixel_permuted_template,release_default,0,additive_centered_logit_fidelity,100,0.0,0.0,0.0
single_shape,tiny_gmp,pixel_permuted_template,release_default,0,observed_prob_error_reduction,100,0.0,0.0,0.0
single_shape,tiny_gmp,pixel_permuted_template,release_default,0,additive_prob_error_reduction,100,0.0,0.0,0.0
single_shape,tiny_gmp,pixel_permuted_template,release_default,0,centered_residual_energy_ratio,100,0.0,0.0,0.0
single_shape,tiny_gmp,pixel_permuted_template,release_default,0,centered_residual_norm_mpp,100,0.0,0.0,0.0
single_shape,tiny_gmp,pixel_permuted_template,release_default,0,cancellation_mean,0,,,
single_shape,tiny_gmp,pixel_permuted_template,release_default,0,g_individual_sum_mpp,100,0.0,0.0,0.0
single_shape,tiny_gmp,pixel_permuted_template,release_default,0,g_cross_term_mpp,100,0.0,0.0,0.0
single_shape,tiny_gmp,pixel_permuted_template,release_default,0,g_nonadditive_correction_mpp,100,0.0,0.0,0.0
single_shape,tiny_gmp,pixel_permuted_template,release_default,1,observed_centered_logit_fidelity,100,0.18071843312459815,0.1777584549352331,0.18375928501307026
single_shape,tiny_gmp,pixel_permuted_template,release_default,1,additive_centered_logit_fidelity,100,0.18071843312459815,0.177825180514719,0.18366470667471915
single_shape,tiny_gmp,pixel_permuted_template,release_default,1,observed_prob_error_reduction,100,0.03532907273389532,0.03329474846316238,0.0373917519638474
single_shape,tiny_gmp,pixel_permuted_template,release_default,1,additive_prob_error_reduction,100,0.03532907273389532,0.0333202130532752,0.037426960670475365
single_shape,tiny_gmp,pixel_permuted_template,release_default,1,centered_residual_energy_ratio,100,0.0,0.0,0.0
single_shape,tiny_gmp,pixel_permuted_template,release_default,1,centered_residual_norm_mpp,100,0.0,0.0,0.0
single_shape,tiny_gmp,pixel_permuted_template,release_default,1,cancellation_mean,100,0.0,0.0,0.0
single_shape,tiny_gmp,pixel_permuted_template,release_default,1,g_individual_sum_mpp,100,30.61309979885115,30.011308204587458,31.22341034214677
single_shape,tiny_gmp,pixel_permuted_template,release_default,1,g_cross_term_mpp,100,0.0,0.0,0.0
single_shape,tiny_gmp,pixel_permuted_template,release_default,1,g_nonadditive_correction_mpp,100,0.0,0.0,0.0
single_shape,tiny_gmp,pixel_permuted_template,release_default,2,observed_centered_logit_fidelity,100,0.3156613722816469,0.3115070373153675,0.3198192897499307
single_shape,tiny_gmp,pixel_permuted_template,release_default,2,additive_centered_logit_fidelity,100,0.31566137263308064,0.31152683136754794,0.319817217865211
single_shape,tiny_gmp,pixel_permuted_template,release_default,2,observed_prob_error_reduction,100,0.19524084180015877,0.18704514818746262,0.20352532753995475
single_shape,tiny_gmp,pixel_permuted_template,release_default,2,additive_prob_error_reduction,100,0.19524084209511172,0.18712657667142912,0.20377830476607872
single_shape,tiny_gmp,pixel_permuted_template,release_default,2,centered_residual_energy_ratio,100,2.2855732150035057e-15,2.219534554586142e-15,2.3513566774956733e-15
single_shape,tiny_gmp,pixel_permuted_template,release_default,2,centered_residual_norm_mpp,100,4.986527502101597e-07,4.90989842134687e-07,5.062672593085971e-07
single_shape,tiny_gmp,pixel_permuted_template,release_default,2,cancellation_mean,100,0.07615761672803133,0.07257611312859218,0.07988717780935463
single_shape,tiny_gmp,pixel_permuted_template,release_default,2,g_individual_sum_mpp,100,60.394042466696966,59.38440285927855,61.43538574965538
single_shape,tiny_gmp,pixel_permuted_template,release_default,2,g_cross_term_mpp,100,-6.903839973821624,-7.155942590469434,-6.662808429713579
single_shape,tiny_gmp,pixel_permuted_template,release_default,2,g_nonadditive_correction_mpp,100,-5.816088333654093e-08,-1.0462375560156815e-07,-1.2602873969544439e-08
single_shape,tiny_gmp,pixel_permuted_template,release_default,3,observed_centered_logit_fidelity,100,0.42486819194079667,0.4203797632735097,0.4294168805869156
single_shape,tiny_gmp,pixel_permuted_template,release_default,3,additive_centered_logit_fidelity,100,0.4248681923885406,0.4202287342539451,0.42937134141306615
single_shape,tiny_gmp,pixel_permuted_template,release_default,3,observed_prob_error_reduction,100,0.50315272098646,0.4897044172930381,0.5169536610262004
single_shape,tiny_gmp,pixel_permuted_template,release_default,3,additive_prob_error_reduction,100,0.5031527216503455,0.48950925554802827,0.5168368831575934
single_shape,tiny_gmp,pixel_permuted_template,release_default,3,centered_residual_energy_ratio,100,5.370999450275795e-15,5.251890522881898e-15,5.496609485005383e-15
single_shape,tiny_gmp,pixel_permuted_template,release_default,3,centered_residual_norm_mpp,100,8.16825828201576e-07,8.073359525725886e-07,8.265417287419092e-07
single_shape,tiny_gmp,pixel_permuted_template,release_default,3,cancellation_mean,100,0.1360521781025512,0.13221061101571793,0.1399055090277005
single_shape,tiny_gmp,pixel_permuted_template,release_default,3,g_individual_sum_mpp,100,88.98304374762776,87.60547364158158,90.38419856251349
single_shape,tiny_gmp,pixel_permuted_template,release_default,3,g_cross_term_mpp,100,-16.99415421634405,-17.46577013168575,-16.526368385097697
single_shape,tiny_gmp,pixel_permuted_template,release_default,3,g_nonadditive_correction_mpp,100,-7.6423436684416e-08,-1.555159458619965e-07,4.873377988753022e-09
single_shape,tiny_gmp,pixel_permuted_template,release_default,4,observed_centered_logit_fidelity,100,0.5227050674987775,0.518328025415736,0.5269818733873652
single_shape,tiny_gmp,pixel_permuted_template,release_default,4,additive_centered_logit_fidelity,100,0.5227050677770851,0.5183281161713086,0.5268868935305528
single_shape,tiny_gmp,pixel_permuted_template,release_default,4,observed_prob_error_reduction,100,0.8681699011524355,0.8547294672628158,0.8809718185917844
single_shape,tiny_gmp,pixel_permuted_template,release_default,4,additive_prob_error_reduction,100,0.8681699017493937,0.8550416974384305,0.8813725019344802
single_shape,tiny_gmp,pixel_permuted_template,release_default,4,centered_residual_energy_ratio,100,9.325820315410786e-15,9.137632700609226e-15,9.520289026178998e-15
single_shape,tiny_gmp,pixel_permuted_template,release_default,4,centered_residual_norm_mpp,100,1.092215297005591e-06,1.080597644491082e-06,1.104041629606321e-06
single_shape,tiny_gmp,pixel_permuted_template,release_default,4,cancellation_mean,100,0.19129796159389276,0.18739436089562958,0.19518610976870732
single_shape,tiny_gmp,pixel_permuted_template,release_default,4,g_individual_sum_mpp,100,116.31090313452178,114.60743259024196,118.00444364123179
single_shape,tiny_gmp,pixel_permuted_template,release_default,4,g_cross_term_mpp,100,-27.726411605473974,-28.409039462524003,-27.055741401855567
single_shape,tiny_gmp,pixel_permuted_template,release_default,4,g_nonadditive_correction_mpp,100,-4.775462797360714e-08,-1.453299882736848e-07,5.450593426484291e-08
single_shape,tiny_gmp,pixel_permuted_template,release_default,5,observed_centered_logit_fidelity,100,0.6076180746234985,0.603695616505477,0.6114721642826253
single_shape,tiny_gmp,pixel_permuted_template,release_default,5,additive_centered_logit_fidelity,100,0.6076180749138559,0.603765006366057,0.6115322019346128
single_shape,tiny_gmp,pixel_permuted_template,release_default,5,observed_prob_error_reduction,100,1.2065677230493836,1.1935040927434075,1.2193408309620368
single_shape,tiny_gmp,pixel_permuted_template,release_default,5,additive_prob_error_reduction,100,1.2065677239323405,1.1933951526492919,1.2199512061336764
single_shape,tiny_gmp,pixel_permuted_template,release_default,5,centered_residual_energy_ratio,100,1.4239856761111765e-14,1.3955906667779224e-14,1.4520505944693323e-14
single_shape,tiny_gmp,pixel_permuted_template,release_default,5,centered_residual_norm_mpp,100,1.3567864669076554e-06,1.3426460455703813e-06,1.3717038541257587e-06
single_shape,tiny_gmp,pixel_permuted_template,release_default,5,cancellation_mean,100,0.23855315972854085,0.2353271173348845,0.241723731259229
single_shape,tiny_gmp,pixel_permuted_template,release_default,5,g_individual_sum_mpp,100,142.01447849529075,140.09921160694478,143.94006392133846
single_shape,tiny_gmp,pixel_permuted_template,release_default,5,g_cross_term_mpp,100,-39.059828245076616,-39.85322392587652,-38.25840279139088
single_shape,tiny_gmp,pixel_permuted_template,release_default,5,g_nonadditive_correction_mpp,100,-5.0399540885030594e-08,-1.7157957631348663e-07,6.56888618599944e-08
single_shape,tiny_gmp,pixel_permuted_template,release_default,6,observed_centered_logit_fidelity,100,0.676916775052094,0.6736157930208737,0.6800173940229406
single_shape,tiny_gmp,pixel_permuted_template,release_default,6,additive_centered_logit_fidelity,100,0.6769167753026065,0.6737147882419001,0.6800948249700848
single_shape,tiny_gmp,pixel_permuted_template,release_default,6,observed_prob_error_reduction,100,1.4669592817285453,1.4563396696981623,1.4774703040975696
single_shape,tiny_gmp,pixel_permuted_template,release_default,6,additive_prob_error_reduction,100,1.4669592823530038,1.455983182600875,1.477525038096023
single_shape,tiny_gmp,pixel_permuted_template,release_default,6,centered_residual_energy_ratio,100,1.9952172562739565e-14,1.9561141965461518e-14,2.0364450140355686e-14
single_shape,tiny_gmp,pixel_permuted_template,release_default,6,centered_residual_norm_mpp,100,1.6109930344036854e-06,1.5933628353958886e-06,1.6287891885822277e-06
single_shape,tiny_gmp,pixel_permuted_template,release_default,6,cancellation_mean,100,0.2766007452897079,0.2743112516466229,0.27895401635598777
single_shape,tiny_gmp,pixel_permuted_template,release_default,6,g_individual_sum_mpp,100,165.2488633678842,163.09137609546772,167.43929454475588
single_shape,tiny_gmp,pixel_permuted_template,release_default,6,g_cross_term_mpp,100,-50.54938261183334,-51.38556701378522,-49.72174780640027
single_shape,tiny_gmp,pixel_permuted_template,release_default,6,g_nonadditive_correction_mpp,100,-4.258634449047632e-08,-1.676879103334836e-07,8.553521967244649e-08
single_shape,tiny_gmp,pixel_permuted_template,release_default,7,observed_centered_logit_fidelity,100,0.733444766777451,0.7306142800307606,0.7363943981877742
single_shape,tiny_gmp,pixel_permuted_template,release_default,7,additive_centered_logit_fidelity,100,0.7334447668943631,0.7305156646017591,0.7363282189703219
single_shape,tiny_gmp,pixel_permuted_template,release_default,7,observed_prob_error_reduction,100,1.6526472659505727,1.6446667355842122,1.6605042195617312
single_shape,tiny_gmp,pixel_permuted_template,release_default,7,additive_prob_error_reduction,100,1.652647267041457,1.6447660381072324,1.6606435039104228
single_shape,tiny_gmp,pixel_permuted_template,release_default,7,centered_residual_energy_ratio,100,2.6762243894313377e-14,2.6199393801095886e-14,2.7321512600603156e-14
single_shape,tiny_gmp,pixel_permuted_template,release_default,7,centered_residual_norm_mpp,100,1.869382642523223e-06,1.8488905515530597e-06,1.8906263715235924e-06
single_shape,tiny_gmp,pixel_permuted_template,release_default,7,cancellation_mean,100,0.30805657129426217,0.306005858595148,0.3100812538525466
single_shape,tiny_gmp,pixel_permuted_template,release_default,7,g_individual_sum_mpp,100,185.3546727850434,182.96206309882012,187.75532859851967
single_shape,tiny_gmp,pixel_permuted_template,release_default,7,g_cross_term_mpp,100,-61.07235836656498,-62.049288365361264,-60.09187189449894
single_shape,tiny_gmp,pixel_permuted_template,release_default,7,g_nonadditive_correction_mpp,100,-2.0316201885765338e-08,-1.557604169605971e-07,1.1805005436195801e-07
single_shape,tiny_gmp,pixel_permuted_template,release_default,8,observed_centered_logit_fidelity,100,0.7814145655388214,0.7791936290422264,0.7835727873186424
single_shape,tiny_gmp,pixel_permuted_template,release_default,8,additive_centered_logit_fidelity,100,0.7814145656402726,0.779244598824125,0.7835743832456805
single_shape,tiny_gmp,pixel_permuted_template,release_default,8,observed_prob_error_reduction,100,1.7782088883816056,1.771223106407611,1.7848679476533438
single_shape,tiny_gmp,pixel_permuted_template,release_default,8,additive_prob_error_reduction,100,1.7782088885143563,1.771347075936173,1.7850135087787877
single_shape,tiny_gmp,pixel_permuted_template,release_default,8,centered_residual_energy_ratio,100,3.4496131400396034e-14,3.374958440288293e-14,3.5242563266246414e-14
single_shape,tiny_gmp,pixel_permuted_template,release_default,8,centered_residual_norm_mpp,100,2.124653645890215e-06,2.0998957164462366e-06,2.1493864416674615e-06
single_shape,tiny_gmp,pixel_permuted_template,release_default,8,cancellation_mean,100,0.33495659554182283,0.3331498803506495,0.33675072827717567
single_shape,tiny_gmp,pixel_permuted_template,release_default,8,g_individual_sum_mpp,100,201.6067666231633,198.98007770501545,204.27427038307198
single_shape,tiny_gmp,pixel_permuted_template,release_default,8,g_cross_term_mpp,100,-69.16814219213859,-70.33801982247527,-68.03561053550177
single_shape,tiny_gmp,pixel_permuted_template,release_default,8,g_nonadditive_correction_mpp,100,-1.7222140771708652e-08,-1.5484934608673419e-07,1.225626936250973e-07
single_shape,tiny_gmp,pixel_permuted_template,release_default,9,observed_centered_logit_fidelity,100,0.8219698670833909,0.8200603005350048,0.8239083347810547
single_shape,tiny_gmp,pixel_permuted_template,release_default,9,additive_centered_logit_fidelity,100,0.8219698673711959,0.8200705110130402,0.8238459549625894
single_shape,tiny_gmp,pixel_permuted_template,release_default,9,observed_prob_error_reduction,100,1.8635657378449735,1.8579886166541821,1.8690171961954503
single_shape,tiny_gmp,pixel_permuted_template,release_default,9,additive_prob_error_reduction,100,1.8635657378941257,1.8581886105851757,1.8689456148211099
single_shape,tiny_gmp,pixel_permuted_template,release_default,9,centered_residual_energy_ratio,100,4.293401848242181e-14,4.201084803395102e-14,4.383256000081377e-14
single_shape,tiny_gmp,pixel_permuted_template,release_default,9,centered_residual_norm_mpp,100,2.372934374087941e-06,2.345765717486625e-06,2.400493750437037e-06
single_shape,tiny_gmp,pixel_permuted_template,release_default,9,cancellation_mean,100,0.35899989949340466,0.3573734398863322,0.3606395258591046
single_shape,tiny_gmp,pixel_permuted_template,release_default,9,g_individual_sum_mpp,100,214.5004452941125,211.655321347708,217.28600273541642
single_shape,tiny_gmp,pixel_permuted_template,release_default,9,g_cross_term_mpp,100,-75.1934987216824,-76.42010515262324,-73.95039265055266
single_shape,tiny_gmp,pixel_permuted_template,release_default,9,g_nonadditive_correction_mpp,100,-4.790270078377169e-08,-1.867562876249304e-07,9.382314772360464e-08
single_shape,tiny_gmp,pixel_permuted_template,release_default,10,observed_centered_logit_fidelity,100,0.8587610142993498,0.8568981109622781,0.8606221265484466
single_shape,tiny_gmp,pixel_permuted_template,release_default,10,additive_centered_logit_fidelity,100,0.858761014543826,0.856892095422939,0.8606353645423912
single_shape,tiny_gmp,pixel_permuted_template,release_default,10,observed_prob_error_reduction,100,1.9235690209340135,1.9191496517228739,1.9278811729356555
single_shape,tiny_gmp,pixel_permuted_template,release_default,10,additive_prob_error_reduction,100,1.9235690213701946,1.9192576973678208,1.927921843619699
single_shape,tiny_gmp,pixel_permuted_template,release_default,10,centered_residual_energy_ratio,100,5.2159006951300206e-14,5.1092498374125985e-14,5.325238929624803e-14
single_shape,tiny_gmp,pixel_permuted_template,release_default,10,centered_residual_norm_mpp,100,2.6177313785963324e-06,2.5878627055700027e-06,2.648599082487311e-06
single_shape,tiny_gmp,pixel_permuted_template,release_default,10,cancellation_mean,100,0.3807952417262567,0.3792708576956848,0.3823653849479628
single_shape,tiny_gmp,pixel_permuted_template,release_default,10,g_individual_sum_mpp,100,224.88756369067775,222.05297463395996,227.76979322602088
single_shape,tiny_gmp,pixel_permuted_template,release_default,10,g_cross_term_mpp,100,-79.36642215374664,-80.6002213256892,-78.11115058870553
single_shape,tiny_gmp,pixel_permuted_template,release_default,10,g_nonadditive_correction_mpp,100,-4.039896907406939e-08,-1.7475719545755248e-07,9.540654188487373e-08
single_shape,tiny_gmp,pixel_permuted_template,release_default,11,observed_centered_logit_fidelity,100,0.8910060957746687,0.8892236986307674,0.8927393318210811
single_shape,tiny_gmp,pixel_permuted_template,release_default,11,additive_centered_logit_fidelity,100,0.8910060961681762,0.8892223574599631,0.892752483765023
single_shape,tiny_gmp,pixel_permuted_template,release_default,11,observed_prob_error_reduction,100,1.9563925173275545,1.953421105204228,1.9591376453355978
single_shape,tiny_gmp,pixel_permuted_template,release_default,11,additive_prob_error_reduction,100,1.9563925175833428,1.9535429219662237,1.9591714648214824
single_shape,tiny_gmp,pixel_permuted_template,release_default,11,centered_residual_energy_ratio,100,6.24242475107069e-14,6.11912483560343e-14,6.368447001820314e-14
single_shape,tiny_gmp,pixel_permuted_template,release_default,11,centered_residual_norm_mpp,100,2.866463069734643e-06,2.835012389413462e-06,2.8980289771460806e-06
single_shape,tiny_gmp,pixel_permuted_template,release_default,11,cancellation_mean,100,0.4010203268621564,0.39960051591644136,0.40248429120666884
single_shape,tiny_gmp,pixel_permuted_template,release_default,11,g_individual_sum_mpp,100,233.79398907669486,230.91086402397144,236.69817808749096
single_shape,tiny_gmp,pixel_permuted_template,release_default,11,g_cross_term_mpp,100,-82.81349451460963,-83.99710435504389,-81.59376056840124
single_shape,tiny_gmp,pixel_permuted_template,release_default,11,g_nonadditive_correction_mpp,100,-6.495498341067534e-08,-1.8973895205360862e-07,6.427793352819954e-08
single_shape,tiny_gmp,pixel_permuted_template,release_default,12,observed_centered_logit_fidelity,100,0.9194004309417462,0.9178713280790561,0.9209225931246827
single_shape,tiny_gmp,pixel_permuted_template,release_default,12,additive_centered_logit_fidelity,100,0.9194004312996705,0.9178171868961338,0.9209262831564939
single_shape,tiny_gmp,pixel_permuted_template,release_default,12,observed_prob_error_reduction,100,1.972419935798209,1.970735002479582,1.9740434075655584
single_shape,tiny_gmp,pixel_permuted_template,release_default,12,additive_prob_error_reduction,100,1.9724199359179198,1.9707305940241941,1.9740589068673726
single_shape,tiny_gmp,pixel_permuted_template,release_default,12,centered_residual_energy_ratio,100,7.357552703319113e-14,7.219186938019013e-14,7.501740910262022e-14
single_shape,tiny_gmp,pixel_permuted_template,release_default,12,centered_residual_norm_mpp,100,3.113852191901255e-06,3.080133106720874e-06,3.147858292439966e-06
single_shape,tiny_gmp,pixel_permuted_template,release_default,12,cancellation_mean,100,0.41906518245180796,0.4175460253945986,0.4205648263952771
single_shape,tiny_gmp,pixel_permuted_template,release_default,12,g_individual_sum_mpp,100,242.12812247066225,239.06997244490069,245.18656327896937
single_shape,tiny_gmp,pixel_permuted_template,release_default,12,g_cross_term_mpp,100,-86.35381379196576,-87.53626458331279,-85.17764391856215
single_shape,tiny_gmp,pixel_permuted_template,release_default,12,g_nonadditive_correction_mpp,100,-5.908111849497182e-08,-1.7128001191082874e-07,5.8082482568523146e-08
single_shape,tiny_gmp,pixel_permuted_template,release_default,13,observed_centered_logit_fidelity,100,0.9442788327834934,0.9429798650397356,0.9456166430126629
single_shape,tiny_gmp,pixel_permuted_template,release_default,13,additive_centered_logit_fidelity,100,0.9442788330695601,0.9429746828810428,0.9455799680146963
single_shape,tiny_gmp,pixel_permuted_template,release_default,13,observed_prob_error_reduction,100,1.9786898631466292,1.9773314154548665,1.9800408667455043
single_shape,tiny_gmp,pixel_permuted_template,release_default,13,additive_prob_error_reduction,100,1.978689863018841,1.9773186548062238,1.9799638960979742
single_shape,tiny_gmp,pixel_permuted_template,release_default,13,centered_residual_energy_ratio,100,8.561789889450707e-14,8.402737801469147e-14,8.723209219081342e-14
single_shape,tiny_gmp,pixel_permuted_template,release_default,13,centered_residual_norm_mpp,100,3.3608448172893248e-06,3.3242346767910605e-06,3.3983202601005406e-06
single_shape,tiny_gmp,pixel_permuted_template,release_default,13,cancellation_mean,100,0.43545103275593233,0.4339794754825256,0.43688778155997177
single_shape,tiny_gmp,pixel_permuted_template,release_default,13,g_individual_sum_mpp,100,249.89639069846123,246.7699343050869,252.91044732279806
single_shape,tiny_gmp,pixel_permuted_template,release_default,13,g_cross_term_mpp,100,-89.88884134798685,-91.09284255293969,-88.6926546869853
single_shape,tiny_gmp,pixel_permuted_template,release_default,13,g_nonadditive_correction_mpp,100,-4.613374782580583e-08,-1.4441469739429458e-07,5.5317616849204564e-08
single_shape,tiny_gmp,pixel_permuted_template,release_default,14,observed_centered_logit_fidelity,100,0.9676081155685108,0.96680858754479,0.9683693263999704
single_shape,tiny_gmp,pixel_permuted_template,release_default,14,additive_centered_logit_fidelity,100,0.9676081158891812,0.9668425267981727,0.9683703598904366
single_shape,tiny_gmp,pixel_permuted_template,release_default,14,observed_prob_error_reduction,100,1.9817390073659609,1.9806573167331376,1.9827771525046012
single_shape,tiny_gmp,pixel_permuted_template,release_default,14,additive_prob_error_reduction,100,1.9817390073167291,1.980670374385945,1.9828023891294182
single_shape,tiny_gmp,pixel_permuted_template,release_default,14,centered_residual_energy_ratio,100,9.841537105397841e-14,9.669070244719062e-14,1.0019981231014285e-13
single_shape,tiny_gmp,pixel_permuted_template,release_default,14,centered_residual_norm_mpp,100,3.6052618880631775e-06,3.568584021530368e-06,3.6429721420683116e-06
single_shape,tiny_gmp,pixel_permuted_template,release_default,14,cancellation_mean,100,0.4496621173742165,0.44823250073512094,0.45107117943314556
single_shape,tiny_gmp,pixel_permuted_template,release_default,14,g_individual_sum_mpp,100,258.0708032552614,254.8137082715317,261.36548266081815
single_shape,tiny_gmp,pixel_permuted_template,release_default,14,g_cross_term_mpp,100,-94.11436684989673,-95.41790148646656,-92.80965944653107
single_shape,tiny_gmp,pixel_permuted_template,release_default,14,g_nonadditive_correction_mpp,100,-5.181541123422825e-08,-1.2504839092859164e-07,2.1361522001459672e-08
single_shape,tiny_gmp,pixel_permuted_template,release_default,15,observed_centered_logit_fidelity,100,0.987821793364527,0.9873808370650257,0.9882494087364638
single_shape,tiny_gmp,pixel_permuted_template,release_default,15,additive_centered_logit_fidelity,100,0.9878217935941455,0.987385972442072,0.988245864654791
single_shape,tiny_gmp,pixel_permuted_template,release_default,15,observed_prob_error_reduction,100,1.9825431382550565,1.9815155571885248,1.9835342372005575
single_shape,tiny_gmp,pixel_permuted_template,release_default,15,additive_prob_error_reduction,100,1.9825431382500378,1.9814960782435267,1.9835449137841317
single_shape,tiny_gmp,pixel_permuted_template,release_default,15,centered_residual_energy_ratio,100,1.1276244298245648e-13,1.1072497591266565e-13,1.148081989392552e-13
single_shape,tiny_gmp,pixel_permuted_template,release_default,15,centered_residual_norm_mpp,100,3.860018597412949e-06,3.820191710112497e-06,3.9016460647721835e-06
single_shape,tiny_gmp,pixel_permuted_template,release_default,15,cancellation_mean,100,0.4619943536303286,0.4605914733560204,0.46335905618056333
single_shape,tiny_gmp,pixel_permuted_template,release_default,15,g_individual_sum_mpp,100,267.1390915556113,263.7552052280983,270.4755515052894
single_shape,tiny_gmp,pixel_permuted_template,release_default,15,g_cross_term_mpp,100,-99.75716637718942,-101.15086917393359,-98.36813570775506
single_shape,tiny_gmp,pixel_permuted_template,release_default,15,g_nonadditive_correction_mpp,100,-3.745505348304104e-08,-8.058367164979104e-08,6.231597785316193e-09
single_shape,tiny_gmp,pixel_permuted_template,release_default,16,observed_centered_logit_fidelity,100,1.0,1.0,1.0
single_shape,tiny_gmp,pixel_permuted_template,release_default,16,additive_centered_logit_fidelity,100,0.999999999999872,0.9999999999998699,0.9999999999998742
single_shape,tiny_gmp,pixel_permuted_template,release_default,16,observed_prob_error_reduction,100,1.982736278079787,1.981721544889361,1.983708109230687
single_shape,tiny_gmp,pixel_permuted_template,release_default,16,additive_prob_error_reduction,100,1.982736278079786,1.9817454510683707,1.9836998101252403
single_shape,tiny_gmp,pixel_permuted_template,release_default,16,centered_residual_energy_ratio,100,1.280126912325872e-13,1.2582620069804025e-13,1.302414423423745e-13
single_shape,tiny_gmp,pixel_permuted_template,release_default,16,centered_residual_norm_mpp,100,4.113252147412775e-06,4.071963692981163e-06,4.154168727670949e-06
single_shape,tiny_gmp,pixel_permuted_template,release_default,16,cancellation_mean,100,0.4722780942763461,0.47082942946751827,0.47368385884635994
single_shape,tiny_gmp,pixel_permuted_template,release_default,16,g_individual_sum_mpp,100,275.7470616309578,272.3021459279687,279.1906091864848
single_shape,tiny_gmp,pixel_permuted_template,release_default,16,g_cross_term_mpp,100,-106.30834483587574,-107.80325871135396,-104.7841760421988
single_shape,tiny_gmp,pixel_permuted_template,release_default,16,g_nonadditive_correction_mpp,100,2.168519121543643e-11,2.125492459641064e-11,2.213337468006366e-11
single_shape,tiny_gmp,pixel_permuted_template,retention_1,0,observed_centered_logit_fidelity,100,0.0,0.0,0.0
single_shape,tiny_gmp,pixel_permuted_template,retention_1,0,additive_centered_logit_fidelity,100,0.0,0.0,0.0
single_shape,tiny_gmp,pixel_permuted_template,retention_1,0,observed_prob_error_reduction,100,0.0,0.0,0.0
single_shape,tiny_gmp,pixel_permuted_template,retention_1,0,additive_prob_error_reduction,100,0.0,0.0,0.0
single_shape,tiny_gmp,pixel_permuted_template,retention_1,0,centered_residual_energy_ratio,100,0.0,0.0,0.0
single_shape,tiny_gmp,pixel_permuted_template,retention_1,0,centered_residual_norm_mpp,100,0.0,0.0,0.0
single_shape,tiny_gmp,pixel_permuted_template,retention_1,0,cancellation_mean,0,,,
single_shape,tiny_gmp,pixel_permuted_template,retention_1,0,g_individual_sum_mpp,100,0.0,0.0,0.0
single_shape,tiny_gmp,pixel_permuted_template,retention_1,0,g_cross_term_mpp,100,0.0,0.0,0.0
single_shape,tiny_gmp,pixel_permuted_template,retention_1,0,g_nonadditive_correction_mpp,100,0.0,0.0,0.0
single_shape,tiny_gmp,pixel_permuted_template,retention_1,1,observed_centered_logit_fidelity,100,0.18891360219158607,0.18544022897561496,0.19248649566824064
single_shape,tiny_gmp,pixel_permuted_template,retention_1,1,additive_centered_logit_fidelity,100,0.18891360219158607,0.1853931932340656,0.19253877185589133
single_shape,tiny_gmp,pixel_permuted_template,retention_1,1,observed_prob_error_reduction,100,0.14320873672569281,0.13926069028444107,0.14737732597778777
single_shape,tiny_gmp,pixel_permuted_template,retention_1,1,additive_prob_error_reduction,100,0.14320873672569281,0.1391976282257867,0.14728405691884106
single_shape,tiny_gmp,pixel_permuted_template,retention_1,1,centered_residual_energy_ratio,100,0.0,0.0,0.0
single_shape,tiny_gmp,pixel_permuted_template,retention_1,1,centered_residual_norm_mpp,100,0.0,0.0,0.0
single_shape,tiny_gmp,pixel_permuted_template,retention_1,1,cancellation_mean,100,0.0,0.0,0.0
single_shape,tiny_gmp,pixel_permuted_template,retention_1,1,g_individual_sum_mpp,100,6.7556734821634725,6.614059023026918,6.8957349999210225
single_shape,tiny_gmp,pixel_permuted_template,retention_1,1,g_cross_term_mpp,100,0.0,0.0,0.0
single_shape,tiny_gmp,pixel_permuted_template,retention_1,1,g_nonadditive_correction_mpp,100,0.0,0.0,0.0
single_shape,tiny_gmp,pixel_permuted_template,retention_1,2,observed_centered_logit_fidelity,100,0.3201138530823508,0.3156594164783346,0.324596590226516
single_shape,tiny_gmp,pixel_permuted_template,retention_1,2,additive_centered_logit_fidelity,100,0.3201138531038869,0.3156100142461204,0.324576460829548
single_shape,tiny_gmp,pixel_permuted_template,retention_1,2,observed_prob_error_reduction,100,0.3728977140667346,0.36542590339552183,0.3805633396445427
single_shape,tiny_gmp,pixel_permuted_template,retention_1,2,additive_prob_error_reduction,100,0.3728977139206956,0.36520011289150317,0.38040210955870524
single_shape,tiny_gmp,pixel_permuted_template,retention_1,2,centered_residual_energy_ratio,100,3.3699659823187286e-15,3.2497656841671383e-15,3.4947754205390736e-15
single_shape,tiny_gmp,pixel_permuted_template,retention_1,2,centered_residual_norm_mpp,100,2.745396271655237e-07,2.6928354645028175e-07,2.798183665951107e-07
single_shape,tiny_gmp,pixel_permuted_template,retention_1,2,cancellation_mean,100,0.08552379950236906,0.08180191257740439,0.08932058750436113
single_shape,tiny_gmp,pixel_permuted_template,retention_1,2,g_individual_sum_mpp,100,13.094793642890373,12.880532555008514,13.316313396452543
single_shape,tiny_gmp,pixel_permuted_template,retention_1,2,g_cross_term_mpp,100,-1.6456434459985716,-1.7050048966283502,-1.5879232529580487
single_shape,tiny_gmp,pixel_permuted_template,retention_1,2,g_nonadditive_correction_mpp,100,-1.2250724575696656e-11,-9.12426877159474e-09,8.982970291592757e-09
single_shape,tiny_gmp,pixel_permuted_template,retention_1,3,observed_centered_logit_fidelity,100,0.4287366742419949,0.4235860552353243,0.4336800311962389
single_shape,tiny_gmp,pixel_permuted_template,retention_1,3,additive_centered_logit_fidelity,100,0.4287366743119185,0.42366242577949303,0.4337205892292542
single_shape,tiny_gmp,pixel_permuted_template,retention_1,3,observed_prob_error_reduction,100,0.6428113040270078,0.6326917588110653,0.652753266378193
single_shape,tiny_gmp,pixel_permuted_template,retention_1,3,additive_prob_error_reduction,100,0.642811303834306,0.6326281193585042,0.6529668794562825
single_shape,tiny_gmp,pixel_permuted_template,retention_1,3,centered_residual_energy_ratio,100,7.647419414757104e-15,7.425249092911099e-15,7.873328907598421e-15
single_shape,tiny_gmp,pixel_permuted_template,retention_1,3,centered_residual_norm_mpp,100,4.434614734003067e-07,4.3711936571660916e-07,4.4988712260181993e-07
single_shape,tiny_gmp,pixel_permuted_template,retention_1,3,cancellation_mean,100,0.150573377233462,0.1461574720830635,0.15500270477810468
single_shape,tiny_gmp,pixel_permuted_template,retention_1,3,g_individual_sum_mpp,100,19.331341430888443,19.043785578797085,19.60982388469008
single_shape,tiny_gmp,pixel_permuted_template,retention_1,3,g_cross_term_mpp,100,-3.9898204389686485,-4.113565837163043,-3.8680221748886474
single_shape,tiny_gmp,pixel_permuted_template,retention_1,3,g_nonadditive_correction_mpp,100,-1.2727723430402554e-09,-1.6098035017049196e-08,1.3392015560037323e-08
single_shape,tiny_gmp,pixel_permuted_template,retention_1,4,observed_centered_logit_fidelity,100,0.5217787439194335,0.5167332847580814,0.5267161171048076
single_shape,tiny_gmp,pixel_permuted_template,retention_1,4,additive_centered_logit_fidelity,100,0.5217787441072048,0.5167322838639683,0.5267760871772916
single_shape,tiny_gmp,pixel_permuted_template,retention_1,4,observed_prob_error_reduction,100,0.8969943691152745,0.8868190298003732,0.9072668019809778
single_shape,tiny_gmp,pixel_permuted_template,retention_1,4,additive_prob_error_reduction,100,0.8969943691903309,0.8865161570187623,0.9073045494875741
single_shape,tiny_gmp,pixel_permuted_template,retention_1,4,centered_residual_energy_ratio,100,1.3397563657097383e-14,1.3033529876055203e-14,1.3765079835638327e-14
single_shape,tiny_gmp,pixel_permuted_template,retention_1,4,centered_residual_norm_mpp,100,5.974201545044857e-07,5.896580291178944e-07,6.055568713189226e-07
single_shape,tiny_gmp,pixel_permuted_template,retention_1,4,cancellation_mean,100,0.2070249662781519,0.20321561179353065,0.21069555609981516
single_shape,tiny_gmp,pixel_permuted_template,retention_1,4,g_individual_sum_mpp,100,25.303560207817682,24.98707988305749,25.61307149942345
single_shape,tiny_gmp,pixel_permuted_template,retention_1,4,g_cross_term_mpp,100,-6.62921576075772,-6.7846765263491084,-6.474017803154416
single_shape,tiny_gmp,pixel_permuted_template,retention_1,4,g_nonadditive_correction_mpp,100,-5.2190050563097315e-09,-2.348751497729841e-08,1.3302094190207218e-08
single_shape,tiny_gmp,pixel_permuted_template,retention_1,5,observed_centered_logit_fidelity,100,0.6013675749841002,0.5969960316772563,0.605689101140103
single_shape,tiny_gmp,pixel_permuted_template,retention_1,5,additive_centered_logit_fidelity,100,0.6013675752087847,0.5969308524081361,0.6055651086674076
single_shape,tiny_gmp,pixel_permuted_template,retention_1,5,observed_prob_error_reduction,100,1.1123387623365526,1.1028081121018531,1.1217479276206843
single_shape,tiny_gmp,pixel_permuted_template,retention_1,5,additive_prob_error_reduction,100,1.1123387623994345,1.1029239073298234,1.1214349819388523
single_shape,tiny_gmp,pixel_permuted_template,retention_1,5,centered_residual_energy_ratio,100,2.062148406824355e-14,2.006910807560649e-14,2.1188732931966058e-14
single_shape,tiny_gmp,pixel_permuted_template,retention_1,5,centered_residual_norm_mpp,100,7.456400025314124e-07,7.356904283913662e-07,7.555161253066914e-07
single_shape,tiny_gmp,pixel_permuted_template,retention_1,5,cancellation_mean,100,0.25357802678173286,0.2503314615664815,0.25685854812480285
single_shape,tiny_gmp,pixel_permuted_template,retention_1,5,g_individual_sum_mpp,100,31.011293203513628,30.636349636282027,31.38566705965073
single_shape,tiny_gmp,pixel_permuted_template,retention_1,5,g_cross_term_mpp,100,-9.478007749362236,-9.659794181681237,-9.295531745185988
single_shape,tiny_gmp,pixel_permuted_template,retention_1,5,g_nonadditive_correction_mpp,100,-6.759046102392652e-09,-2.8996953431116e-08,1.598857074900346e-08
single_shape,tiny_gmp,pixel_permuted_template,retention_1,6,observed_centered_logit_fidelity,100,0.6672745869470582,0.6637159252515856,0.6707000873347501
single_shape,tiny_gmp,pixel_permuted_template,retention_1,6,additive_centered_logit_fidelity,100,0.6672745871377873,0.6636948220976703,0.6707914467652951
single_shape,tiny_gmp,pixel_permuted_template,retention_1,6,observed_prob_error_reduction,100,1.2623174043741157,1.2543485629370081,1.2700645774622783
single_shape,tiny_gmp,pixel_permuted_template,retention_1,6,additive_prob_error_reduction,100,1.2623174045412962,1.2544106298739943,1.2701049183350317
single_shape,tiny_gmp,pixel_permuted_template,retention_1,6,centered_residual_energy_ratio,100,2.9129208149380407e-14,2.833248464076771e-14,2.9930474551097094e-14
single_shape,tiny_gmp,pixel_permuted_template,retention_1,6,centered_residual_norm_mpp,100,8.889401039341888e-07,8.771530327518463e-07,9.004854626790547e-07
single_shape,tiny_gmp,pixel_permuted_template,retention_1,6,cancellation_mean,100,0.29252012872147587,0.28997368446425215,0.2950386125344914
single_shape,tiny_gmp,pixel_permuted_template,retention_1,6,g_individual_sum_mpp,100,36.09128038890946,35.68015625957641,36.50113898426482
single_shape,tiny_gmp,pixel_permuted_template,retention_1,6,g_cross_term_mpp,100,-12.19347314335007,-12.393805853246722,-11.995358368866471
single_shape,tiny_gmp,pixel_permuted_template,retention_1,6,g_nonadditive_correction_mpp,100,-5.66078249508083e-09,-2.9533065193607417e-08,1.8334707442357333e-08
single_shape,tiny_gmp,pixel_permuted_template,retention_1,7,observed_centered_logit_fidelity,100,0.7208329250367816,0.717391222645998,0.7242362076190367
single_shape,tiny_gmp,pixel_permuted_template,retention_1,7,additive_centered_logit_fidelity,100,0.7208329254915021,0.7173056152776869,0.7242317757245663
single_shape,tiny_gmp,pixel_permuted_template,retention_1,7,observed_prob_error_reduction,100,1.361016900721292,1.3535200583442923,1.3683204795964838
single_shape,tiny_gmp,pixel_permuted_template,retention_1,7,additive_prob_error_reduction,100,1.361016901222903,1.353537806148594,1.3682904068846184
single_shape,tiny_gmp,pixel_permuted_template,retention_1,7,centered_residual_energy_ratio,100,3.893875604079446e-14,3.7885780504311916e-14,4.001888597254386e-14
single_shape,tiny_gmp,pixel_permuted_template,retention_1,7,centered_residual_norm_mpp,100,1.0299023237501287e-06,1.0164780846650236e-06,1.0436949331064778e-06
single_shape,tiny_gmp,pixel_permuted_template,retention_1,7,cancellation_mean,100,0.32487172021879807,0.322695405486641,0.3269330370052161
single_shape,tiny_gmp,pixel_permuted_template,retention_1,7,g_individual_sum_mpp,100,40.469762776936086,40.011590910243164,40.92773667269456
single_shape,tiny_gmp,pixel_permuted_template,retention_1,7,g_cross_term_mpp,100,-14.6456614202062,-14.874428796108067,-14.426941198172509
single_shape,tiny_gmp,pixel_permuted_template,retention_1,7,g_nonadditive_correction_mpp,100,-1.5612082478685133e-08,-3.993834414299306e-08,8.38204684639311e-09
single_shape,tiny_gmp,pixel_permuted_template,retention_1,8,observed_centered_logit_fidelity,100,0.7652174841129796,0.7623079331600767,0.7680356511204139
single_shape,tiny_gmp,pixel_permuted_template,retention_1,8,additive_centered_logit_fidelity,100,0.7652174846357427,0.7622938671655376,0.768085393220015
single_shape,tiny_gmp,pixel_permuted_template,retention_1,8,observed_prob_error_reduction,100,1.4251603629101717,1.4175214022923002,1.4327385058454027
single_shape,tiny_gmp,pixel_permuted_template,retention_1,8,additive_prob_error_reduction,100,1.4251603636506838,1.4174595213718126,1.4325977150214337
single_shape,tiny_gmp,pixel_permuted_template,retention_1,8,centered_residual_energy_ratio,100,4.994608402338712e-14,4.8557324260116287e-14,5.131276485102833e-14
single_shape,tiny_gmp,pixel_permuted_template,retention_1,8,centered_residual_norm_mpp,100,1.1680203221405493e-06,1.1527406838435056e-06,1.1833548765914661e-06
single_shape,tiny_gmp,pixel_permuted_template,retention_1,8,cancellation_mean,100,0.3541235579215662,0.35224882524166956,0.35596579479038515
single_shape,tiny_gmp,pixel_permuted_template,retention_1,8,g_individual_sum_mpp,100,43.73287525228748,43.21877483668616,44.24498657021066
single_shape,tiny_gmp,pixel_permuted_template,retention_1,8,g_cross_term_mpp,100,-16.31844557676251,-16.574227754047758,-16.068427638767872
single_shape,tiny_gmp,pixel_permuted_template,retention_1,8,g_nonadditive_correction_mpp,100,-1.8260175147271526e-08,-4.2330890825712144e-08,6.181456422330642e-09
single_shape,tiny_gmp,pixel_permuted_template,retention_1,9,observed_centered_logit_fidelity,100,0.8056922204257563,0.8026656539475219,0.8085243638651802
single_shape,tiny_gmp,pixel_permuted_template,retention_1,9,additive_centered_logit_fidelity,100,0.8056922210952955,0.8027792183307798,0.8085585991231534
single_shape,tiny_gmp,pixel_permuted_template,retention_1,9,observed_prob_error_reduction,100,1.4762087868672364,1.468462118981072,1.4838351807217778
single_shape,tiny_gmp,pixel_permuted_template,retention_1,9,additive_prob_error_reduction,100,1.4762087875207675,1.4685683196123909,1.48373496799128
single_shape,tiny_gmp,pixel_permuted_template,retention_1,9,centered_residual_energy_ratio,100,6.211087615344667e-14,6.047852462164457e-14,6.375342077827607e-14
single_shape,tiny_gmp,pixel_permuted_template,retention_1,9,centered_residual_norm_mpp,100,1.3049877022512919e-06,1.2877538245931045e-06,1.3220098342130122e-06
single_shape,tiny_gmp,pixel_permuted_template,retention_1,9,cancellation_mean,100,0.3794384745025357,0.3777496357301142,0.38114357672801635
single_shape,tiny_gmp,pixel_permuted_template,retention_1,9,g_individual_sum_mpp,100,46.1789833477392,45.6361624252657,46.70672978535198
single_shape,tiny_gmp,pixel_permuted_template,retention_1,9,g_cross_term_mpp,100,-17.315919074502865,-17.57681239972627,-17.043412943099117
single_shape,tiny_gmp,pixel_permuted_template,retention_1,9,g_nonadditive_correction_mpp,100,-2.326853060936366e-08,-4.753671631110087e-08,1.6042045865688472e-09
single_shape,tiny_gmp,pixel_permuted_template,retention_1,10,observed_centered_logit_fidelity,100,0.8437972439290978,0.8411672548307854,0.8464347966633485
single_shape,tiny_gmp,pixel_permuted_template,retention_1,10,additive_centered_logit_fidelity,100,0.8437972445418285,0.8411689943897754,0.8463847158873438
single_shape,tiny_gmp,pixel_permuted_template,retention_1,10,observed_prob_error_reduction,100,1.5194973145699688,1.5118452159831253,1.5270678036717107
single_shape,tiny_gmp,pixel_permuted_template,retention_1,10,additive_prob_error_reduction,100,1.519497314925995,1.5118354353326195,1.526857580089443
single_shape,tiny_gmp,pixel_permuted_template,retention_1,10,centered_residual_energy_ratio,100,7.543342583633904e-14,7.354312160860838e-14,7.737579034740827e-14
single_shape,tiny_gmp,pixel_permuted_template,retention_1,10,centered_residual_norm_mpp,100,1.4401664399323774e-06,1.422013566122363e-06,1.4580332365893197e-06
single_shape,tiny_gmp,pixel_permuted_template,retention_1,10,cancellation_mean,100,0.40203162856544017,0.4004501778101028,0.403625490494096
single_shape,tiny_gmp,pixel_permuted_template,retention_1,10,g_individual_sum_mpp,100,48.04015525285019,47.49413652108029,48.58742226229494
single_shape,tiny_gmp,pixel_permuted_template,retention_1,10,g_cross_term_mpp,100,-17.816104247776117,-18.08176741315706,-17.54471969060008
single_shape,tiny_gmp,pixel_permuted_template,retention_1,10,g_nonadditive_correction_mpp,100,-2.1241497041555762e-08,-4.4404885283150024e-08,2.3419686408641333e-09
single_shape,tiny_gmp,pixel_permuted_template,retention_1,11,observed_centered_logit_fidelity,100,0.8807076646228316,0.8781985865211798,0.883178462730415
single_shape,tiny_gmp,pixel_permuted_template,retention_1,11,additive_centered_logit_fidelity,100,0.8807076651329847,0.8781491262045305,0.8832279344650406
single_shape,tiny_gmp,pixel_permuted_template,retention_1,11,observed_prob_error_reduction,100,1.554544090161195,1.5471217059546283,1.5618154729985807
single_shape,tiny_gmp,pixel_permuted_template,retention_1,11,additive_prob_error_reduction,100,1.5545440907366066,1.5472394892524124,1.561653577944719
single_shape,tiny_gmp,pixel_permuted_template,retention_1,11,centered_residual_energy_ratio,100,9.010507847703763e-14,8.793950720698634e-14,9.231300587520117e-14
single_shape,tiny_gmp,pixel_permuted_template,retention_1,11,centered_residual_norm_mpp,100,1.5764269668717615e-06,1.5575132041839435e-06,1.5954909280739842e-06
single_shape,tiny_gmp,pixel_permuted_template,retention_1,11,cancellation_mean,100,0.42353169325502604,0.42197553908505264,0.4250838510157253
single_shape,tiny_gmp,pixel_permuted_template,retention_1,11,g_individual_sum_mpp,100,49.51026281419249,48.952712179419386,50.06812103047854
single_shape,tiny_gmp,pixel_permuted_template,retention_1,11,g_cross_term_mpp,100,-17.96673777369124,-18.21584758317536,-17.7093860659116
single_shape,tiny_gmp,pixel_permuted_template,retention_1,11,g_nonadditive_correction_mpp,100,-1.7635177145619706e-08,-3.926033446897964e-08,3.867380143318114e-09
single_shape,tiny_gmp,pixel_permuted_template,retention_1,12,observed_centered_logit_fidelity,100,0.9121234143818547,0.9100077374619294,0.9141032440518077
single_shape,tiny_gmp,pixel_permuted_template,retention_1,12,additive_centered_logit_fidelity,100,0.9121234148415968,0.9100582624607378,0.9140846243920479
single_shape,tiny_gmp,pixel_permuted_template,retention_1,12,observed_prob_error_reduction,100,1.5762016561453631,1.5693431231444739,1.5831609190384763
single_shape,tiny_gmp,pixel_permuted_template,retention_1,12,additive_prob_error_reduction,100,1.5762016564649013,1.5691834389478874,1.5832279715912725
single_shape,tiny_gmp,pixel_permuted_template,retention_1,12,centered_residual_energy_ratio,100,1.0603113097828642e-13,1.0348179576066956e-13,1.0861885349220728e-13
single_shape,tiny_gmp,pixel_permuted_template,retention_1,12,centered_residual_norm_mpp,100,1.7120005317750506e-06,1.6919708895421282e-06,1.7321216151657155e-06
single_shape,tiny_gmp,pixel_permuted_template,retention_1,12,cancellation_mean,100,0.4425563668534141,0.44096547010495746,0.4441286320434618
single_shape,tiny_gmp,pixel_permuted_template,retention_1,12,g_individual_sum_mpp,100,50.73785490090767,50.17749268337317,51.28962299314269
single_shape,tiny_gmp,pixel_permuted_template,retention_1,12,g_cross_term_mpp,100,-18.071852188258546,-18.31643879999788,-17.82271639295248
single_shape,tiny_gmp,pixel_permuted_template,retention_1,12,g_nonadditive_correction_mpp,100,-1.57736990574584e-08,-3.5677554352645624e-08,3.196580668026779e-09
single_shape,tiny_gmp,pixel_permuted_template,retention_1,13,observed_centered_logit_fidelity,100,0.9405351396214954,0.939023862480286,0.9420198384083074
single_shape,tiny_gmp,pixel_permuted_template,retention_1,13,additive_centered_logit_fidelity,100,0.9405351399695522,0.9390172470414956,0.9419949682515342
single_shape,tiny_gmp,pixel_permuted_template,retention_1,13,observed_prob_error_reduction,100,1.5896693303699352,1.582742507414229,1.5965629577274527
single_shape,tiny_gmp,pixel_permuted_template,retention_1,13,additive_prob_error_reduction,100,1.5896693305747323,1.5827108040383193,1.5962628568568524
single_shape,tiny_gmp,pixel_permuted_template,retention_1,13,centered_residual_energy_ratio,100,1.2334709555876694e-13,1.204750269237631e-13,1.2615703631124058e-13
single_shape,tiny_gmp,pixel_permuted_template,retention_1,13,centered_residual_norm_mpp,100,1.84821418017524e-06,1.827258505193367e-06,1.869661095749671e-06
single_shape,tiny_gmp,pixel_permuted_template,retention_1,13,cancellation_mean,100,0.4598105397039392,0.45828336760433797,0.4613196396489734
single_shape,tiny_gmp,pixel_permuted_template,retention_1,13,g_individual_sum_mpp,100,51.93221306313183,51.3637599165412,52.49140914840365
single_shape,tiny_gmp,pixel_permuted_template,retention_1,13,g_cross_term_mpp,100,-18.248239766431148,-18.486248065659996,-18.009149313753422
single_shape,tiny_gmp,pixel_permuted_template,retention_1,13,g_nonadditive_correction_mpp,100,-1.1759338710318597e-08,-2.7960541110041244e-08,4.150300610770005e-09
single_shape,tiny_gmp,pixel_permuted_template,retention_1,14,observed_centered_logit_fidelity,100,0.9650060973399865,0.9639426899439124,0.9660417928756955
single_shape,tiny_gmp,pixel_permuted_template,retention_1,14,additive_centered_logit_fidelity,100,0.9650060975722247,0.9639572705711722,0.966004540857046
single_shape,tiny_gmp,pixel_permuted_template,retention_1,14,observed_prob_error_reduction,100,1.5983157607561898,1.5916735487918086,1.6048890603896007
single_shape,tiny_gmp,pixel_permuted_template,retention_1,14,additive_prob_error_reduction,100,1.5983157608271825,1.5916447519791082,1.6050022597438036
single_shape,tiny_gmp,pixel_permuted_template,retention_1,14,centered_residual_energy_ratio,100,1.4194623340252248e-13,1.3872815707672138e-13,1.4506328295127668e-13
single_shape,tiny_gmp,pixel_permuted_template,retention_1,14,centered_residual_norm_mpp,100,1.984417195798224e-06,1.961620595397375e-06,2.007536800067693e-06
single_shape,tiny_gmp,pixel_permuted_template,retention_1,14,cancellation_mean,100,0.4749926366778965,0.47335778657411737,0.47656141163263394
single_shape,tiny_gmp,pixel_permuted_template,retention_1,14,g_individual_sum_mpp,100,53.06797770672386,52.49793035146873,53.65138292986643
single_shape,tiny_gmp,pixel_permuted_template,retention_1,14,g_cross_term_mpp,100,-18.506572546058127,-18.743698085499215,-18.267373422572835
single_shape,tiny_gmp,pixel_permuted_template,retention_1,14,g_nonadditive_correction_mpp,100,-7.753743552071323e-09,-1.9920553899811438e-08,4.295874174986152e-09
single_shape,tiny_gmp,pixel_permuted_template,retention_1,15,observed_centered_logit_fidelity,100,0.9858727581918835,0.985395448104648,0.9863539916693701
single_shape,tiny_gmp,pixel_permuted_template,retention_1,15,additive_centered_logit_fidelity,100,0.9858727583304561,0.9854036653291741,0.9863538228569411
single_shape,tiny_gmp,pixel_permuted_template,retention_1,15,observed_prob_error_reduction,100,1.6031179548403662,1.5964975183385288,1.609626460047241
single_shape,tiny_gmp,pixel_permuted_template,retention_1,15,additive_prob_error_reduction,100,1.6031179548738967,1.5965140745095336,1.6096413617356071
single_shape,tiny_gmp,pixel_permuted_template,retention_1,15,centered_residual_energy_ratio,100,1.6232215288221185e-13,1.5868764811443307e-13,1.659828814808559e-13
single_shape,tiny_gmp,pixel_permuted_template,retention_1,15,centered_residual_norm_mpp,100,2.12345730803774e-06,2.099356501912368e-06,2.1476200573622538e-06
single_shape,tiny_gmp,pixel_permuted_template,retention_1,15,cancellation_mean,100,0.48759245061027834,0.48585411065847683,0.48927717890629624
single_shape,tiny_gmp,pixel_permuted_template,retention_1,15,g_individual_sum_mpp,100,54.38119282143588,53.77508994319333,54.991555930086214
single_shape,tiny_gmp,pixel_permuted_template,retention_1,15,g_cross_term_mpp,100,-19.073577027594514,-19.33707430071028,-18.798489647264947
single_shape,tiny_gmp,pixel_permuted_template,retention_1,15,g_nonadditive_correction_mpp,100,-4.603221825314185e-09,-1.3552289441931023e-08,4.3992042722394414e-09
single_shape,tiny_gmp,pixel_permuted_template,retention_1,16,observed_centered_logit_fidelity,100,1.0,1.0,1.0
single_shape,tiny_gmp,pixel_permuted_template,retention_1,16,additive_centered_logit_fidelity,100,0.9999999999998163,0.9999999999998122,0.9999999999998201
single_shape,tiny_gmp,pixel_permuted_template,retention_1,16,observed_prob_error_reduction,100,1.6055991480870275,1.5990596655169538,1.6120519785260738
single_shape,tiny_gmp,pixel_permuted_template,retention_1,16,additive_prob_error_reduction,100,1.605599148086999,1.5990296849168664,1.6118226617835743
single_shape,tiny_gmp,pixel_permuted_template,retention_1,16,centered_residual_energy_ratio,100,1.8384238402019068e-13,1.7989444919726935e-13,1.878152927014431e-13
single_shape,tiny_gmp,pixel_permuted_template,retention_1,16,centered_residual_norm_mpp,100,2.2607698033558833e-06,2.2353838563762708e-06,2.286030013827445e-06
single_shape,tiny_gmp,pixel_permuted_template,retention_1,16,cancellation_mean,100,0.49788775982590394,0.49615971805000864,0.4996220317838639
single_shape,tiny_gmp,pixel_permuted_template,retention_1,16,g_individual_sum_mpp,100,55.89370383754396,55.244734080903854,56.52326140566077
single_shape,tiny_gmp,pixel_permuted_template,retention_1,16,g_cross_term_mpp,100,-20.080524060071625,-20.369537927433296,-19.791210232178024
single_shape,tiny_gmp,pixel_permuted_template,retention_1,16,g_nonadditive_correction_mpp,100,6.585555630681372e-12,6.437311178310312e-12,6.743174953733338e-12
single_shape,tiny_gmp,structured_template,release_default,0,observed_centered_logit_fidelity,100,0.0,0.0,0.0
single_shape,tiny_gmp,structured_template,release_default,0,additive_centered_logit_fidelity,100,0.0,0.0,0.0
single_shape,tiny_gmp,structured_template,release_default,0,observed_prob_error_reduction,100,0.0,0.0,0.0
single_shape,tiny_gmp,structured_template,release_default,0,additive_prob_error_reduction,100,0.0,0.0,0.0
single_shape,tiny_gmp,structured_template,release_default,0,centered_residual_energy_ratio,100,0.0,0.0,0.0
single_shape,tiny_gmp,structured_template,release_default,0,centered_residual_norm_mpp,100,0.0,0.0,0.0
single_shape,tiny_gmp,structured_template,release_default,0,cancellation_mean,0,,,
single_shape,tiny_gmp,structured_template,release_default,0,g_individual_sum_mpp,100,0.0,0.0,0.0
single_shape,tiny_gmp,structured_template,release_default,0,g_cross_term_mpp,100,0.0,0.0,0.0
single_shape,tiny_gmp,structured_template,release_default,0,g_nonadditive_correction_mpp,100,0.0,0.0,0.0
single_shape,tiny_gmp,structured_template,release_default,1,observed_centered_logit_fidelity,100,0.20359991678020553,0.20016014479436917,0.2071233713937005
single_shape,tiny_gmp,structured_template,release_default,1,additive_centered_logit_fidelity,100,0.20359991678020553,0.20017530570799583,0.20703737055458576
single_shape,tiny_gmp,structured_template,release_default,1,observed_prob_error_reduction,100,0.04477547474085761,0.042041004939932104,0.04763952217881681
single_shape,tiny_gmp,structured_template,release_default,1,additive_prob_error_reduction,100,0.04477547474085761,0.04198540154588286,0.04770505652604521
single_shape,tiny_gmp,structured_template,release_default,1,centered_residual_energy_ratio,100,0.0,0.0,0.0
single_shape,tiny_gmp,structured_template,release_default,1,centered_residual_norm_mpp,100,0.0,0.0,0.0
single_shape,tiny_gmp,structured_template,release_default,1,cancellation_mean,100,0.0,0.0,0.0
single_shape,tiny_gmp,structured_template,release_default,1,g_individual_sum_mpp,100,33.61162524815025,32.92572400200418,34.3347488139452
single_shape,tiny_gmp,structured_template,release_default,1,g_cross_term_mpp,100,0.0,0.0,0.0
single_shape,tiny_gmp,structured_template,release_default,1,g_nonadditive_correction_mpp,100,0.0,0.0,0.0
single_shape,tiny_gmp,structured_template,release_default,2,observed_centered_logit_fidelity,100,0.3393450349835488,0.33509965971861766,0.34371526394253266
single_shape,tiny_gmp,structured_template,release_default,2,additive_centered_logit_fidelity,100,0.33934503516814374,0.33505355548106663,0.34378742089575776
single_shape,tiny_gmp,structured_template,release_default,2,observed_prob_error_reduction,100,0.24468047312077065,0.2360138028085085,0.2539763818915851
single_shape,tiny_gmp,structured_template,release_default,2,additive_prob_error_reduction,100,0.24468047393038972,0.23580214787960033,0.2539039710351767
single_shape,tiny_gmp,structured_template,release_default,2,centered_residual_energy_ratio,100,2.1054227940203346e-15,2.0522611459047254e-15,2.1610099706187774e-15
single_shape,tiny_gmp,structured_template,release_default,2,centered_residual_norm_mpp,100,4.7139016180122317e-07,4.6439737231899213e-07,4.783975233685923e-07
single_shape,tiny_gmp,structured_template,release_default,2,cancellation_mean,100,0.06331156108251194,0.060267519016328645,0.06651176555643372
single_shape,tiny_gmp,structured_template,release_default,2,g_individual_sum_mpp,100,63.810737419494075,62.6086461228738,65.01833775447784
single_shape,tiny_gmp,structured_template,release_default,2,g_cross_term_mpp,100,-7.762638957189491,-8.030786748273554,-7.4999311034252605
single_shape,tiny_gmp,structured_template,release_default,2,g_nonadditive_correction_mpp,100,-3.135226809500112e-08,-7.710676372583667e-08,1.3664948601472139e-08
single_shape,tiny_gmp,structured_template,release_default,3,observed_centered_logit_fidelity,100,0.45431819053284245,0.45007106365379174,0.4585604222394101
single_shape,tiny_gmp,structured_template,release_default,3,additive_centered_logit_fidelity,100,0.45431819087194825,0.4499832879689865,0.45859597501549404
single_shape,tiny_gmp,structured_template,release_default,3,observed_prob_error_reduction,100,0.6091202985987466,0.5958238729563313,0.6224685574161138
single_shape,tiny_gmp,structured_template,release_default,3,additive_prob_error_reduction,100,0.6091202997701608,0.595971653524977,0.622351667377521
single_shape,tiny_gmp,structured_template,release_default,3,centered_residual_energy_ratio,100,5.048673330499834e-15,4.9434940611603886e-15,5.156949268905445e-15
single_shape,tiny_gmp,structured_template,release_default,3,centered_residual_norm_mpp,100,7.756916855001635e-07,7.667520743452727e-07,7.845206994076692e-07
single_shape,tiny_gmp,structured_template,release_default,3,cancellation_mean,100,0.12404445348140439,0.12097754289373418,0.12707853440563152
single_shape,tiny_gmp,structured_template,release_default,3,g_individual_sum_mpp,100,93.79903095724421,92.31532497846207,95.34034172346915
single_shape,tiny_gmp,structured_template,release_default,3,g_cross_term_mpp,100,-18.768186627331776,-19.231764646599366,-18.313614207619263
single_shape,tiny_gmp,structured_template,release_default,3,g_nonadditive_correction_mpp,100,-5.7573492964729783e-08,-1.2664236722258375e-07,1.1921447043993169e-08
single_shape,tiny_gmp,structured_template,release_default,4,observed_centered_logit_fidelity,100,0.5427300215677827,0.5389335214810703,0.5465702631219962
single_shape,tiny_gmp,structured_template,release_default,4,additive_centered_logit_fidelity,100,0.5427300219809954,0.5388506282340623,0.5466509622289651
single_shape,tiny_gmp,structured_template,release_default,4,observed_prob_error_reduction,100,0.9861722481425975,0.9725019989807939,1.000096314144275
single_shape,tiny_gmp,structured_template,release_default,4,additive_prob_error_reduction,100,0.986172249380071,0.9726317592544198,0.99997219491061
single_shape,tiny_gmp,structured_template,release_default,4,centered_residual_energy_ratio,100,8.987292889767649e-15,8.798838409076746e-15,9.178646979461436e-15
single_shape,tiny_gmp,structured_template,release_default,4,centered_residual_norm_mpp,100,1.0501528688939957e-06,1.0384425522781293e-06,1.0618054611966012e-06
single_shape,tiny_gmp,structured_template,release_default,4,cancellation_mean,100,0.16930919024669142,0.16678776261159972,0.17186484436759658
single_shape,tiny_gmp,structured_template,release_default,4,g_individual_sum_mpp,100,121.85371037295265,120.02417905990502,123.67284323752378
single_shape,tiny_gmp,structured_template,release_default,4,g_cross_term_mpp,100,-32.21120513239425,-32.861245614799174,-31.583528719575305
single_shape,tiny_gmp,structured_template,release_default,4,g_nonadditive_correction_mpp,100,-6.840161841427633e-08,-1.5391944315935915e-07,1.6787210287025357e-08
single_shape,tiny_gmp,structured_template,release_default,5,observed_centered_logit_fidelity,100,0.6134842393334634,0.6100333566735795,0.6170692001336552
single_shape,tiny_gmp,structured_template,release_default,5,additive_centered_logit_fidelity,100,0.6134842398116049,0.6100980128704524,0.6170315328434941
single_shape,tiny_gmp,structured_template,release_default,5,observed_prob_error_reduction,100,1.2739026789535248,1.261404463239721,1.286328767464863
single_shape,tiny_gmp,structured_template,release_default,5,additive_prob_error_reduction,100,1.2739026799727706,1.261290992097874,1.2863917376968046
single_shape,tiny_gmp,structured_template,release_default,5,centered_residual_energy_ratio,100,1.3784298660211994e-14,1.3484803905689578e-14,1.4095460755510071e-14
single_shape,tiny_gmp,structured_template,release_default,5,centered_residual_norm_mpp,100,1.3086656968574495e-06,1.2935561542626875e-06,1.3243690384275497e-06
single_shape,tiny_gmp,structured_template,release_default,5,cancellation_mean,100,0.214558825400366,0.21196930811923392,0.21717799996519538
single_shape,tiny_gmp,structured_template,release_default,5,g_individual_sum_mpp,100,145.44992910867404,143.50134635206115,147.3546760782509
single_shape,tiny_gmp,structured_template,release_default,5,g_cross_term_mpp,100,-44.146856110290564,-44.91853072519201,-43.34836277805316
single_shape,tiny_gmp,structured_template,release_default,5,g_nonadditive_correction_mpp,100,-7.939844726065503e-08,-1.8363636604295976e-07,2.014128467932285e-08
single_shape,tiny_gmp,structured_template,release_default,6,observed_centered_logit_fidelity,100,0.6790993527286666,0.6758030799705138,0.6826037191682538
single_shape,tiny_gmp,structured_template,release_default,6,additive_centered_logit_fidelity,100,0.6790993531259949,0.6758127428961009,0.6824745845986236
single_shape,tiny_gmp,structured_template,release_default,6,observed_prob_error_reduction,100,1.5018878962592226,1.4909804564256826,1.5127582003872186
single_shape,tiny_gmp,structured_template,release_default,6,additive_prob_error_reduction,100,1.501887896269888,1.491000186982444,1.512865625756601
single_shape,tiny_gmp,structured_template,release_default,6,centered_residual_energy_ratio,100,1.9217192332952815e-14,1.8805473117292458e-14,1.965731427807953e-14
single_shape,tiny_gmp,structured_template,release_default,6,centered_residual_norm_mpp,100,1.5524036249548456e-06,1.5336332479320243e-06,1.570842875017503e-06
single_shape,tiny_gmp,structured_template,release_default,6,cancellation_mean,100,0.25580736455954173,0.2534053389028948,0.25815065516826186
single_shape,tiny_gmp,structured_template,release_default,6,g_individual_sum_mpp,100,166.20880369443267,164.00254824258624,168.42784414979795
single_shape,tiny_gmp,structured_template,release_default,6,g_cross_term_mpp,100,-54.06678906096347,-55.03469766430534,-53.12943417875347
single_shape,tiny_gmp,structured_template,release_default,6,g_nonadditive_correction_mpp,100,-6.73104136195675e-08,-1.7184523094051614e-07,3.380470091067642e-08
single_shape,tiny_gmp,structured_template,release_default,7,observed_centered_logit_fidelity,100,0.7375551582499129,0.7347120891823522,0.7404414084306722
single_shape,tiny_gmp,structured_template,release_default,7,additive_centered_logit_fidelity,100,0.7375551585263359,0.7346813602131389,0.7404068484898912
single_shape,tiny_gmp,structured_template,release_default,7,observed_prob_error_reduction,100,1.674235095192514,1.6661409362303656,1.6821644582665518
single_shape,tiny_gmp,structured_template,release_default,7,additive_prob_error_reduction,100,1.6742350947076943,1.6662453067103278,1.6820237363871926
single_shape,tiny_gmp,structured_template,release_default,7,centered_residual_energy_ratio,100,2.541035869009547e-14,2.4864530904703516e-14,2.5969091080975027e-14
single_shape,tiny_gmp,structured_template,release_default,7,centered_residual_norm_mpp,100,1.789951713070553e-06,1.7676065192066744e-06,1.8122446494121553e-06
single_shape,tiny_gmp,structured_template,release_default,7,cancellation_mean,100,0.28958010251906996,0.2875687659964635,0.2916154698297681
single_shape,tiny_gmp,structured_template,release_default,7,g_individual_sum_mpp,100,183.68635143991926,181.21839638265246,186.14208749398526
single_shape,tiny_gmp,structured_template,release_default,7,g_cross_term_mpp,100,-61.860509096593205,-62.949280781130625,-60.83210559521726
single_shape,tiny_gmp,structured_template,release_default,7,g_nonadditive_correction_mpp,100,-4.608278224496355e-08,-1.4198259654814946e-07,5.0038097876026537e-08
single_shape,tiny_gmp,structured_template,release_default,8,observed_centered_logit_fidelity,100,0.7869646401992589,0.7845038351740807,0.78946126866077
single_shape,tiny_gmp,structured_template,release_default,8,additive_centered_logit_fidelity,100,0.7869646405543403,0.7845284409936544,0.7894550247552756
single_shape,tiny_gmp,structured_template,release_default,8,observed_prob_error_reduction,100,1.7928576258956752,1.7859002330779898,1.7995236258113376
single_shape,tiny_gmp,structured_template,release_default,8,additive_prob_error_reduction,100,1.792857624670823,1.785867957257121,1.799310150381983
single_shape,tiny_gmp,structured_template,release_default,8,centered_residual_energy_ratio,100,3.2417198884102066e-14,3.1747660707044994e-14,3.3121869696208624e-14
single_shape,tiny_gmp,structured_template,release_default,8,centered_residual_norm_mpp,100,2.02527827151812e-06,2.0004632542904206e-06,2.049912227811017e-06
single_shape,tiny_gmp,structured_template,release_default,8,cancellation_mean,100,0.31789997564417943,0.3161807093456174,0.3196120289882109
single_shape,tiny_gmp,structured_template,release_default,8,g_individual_sum_mpp,100,197.62764175002053,194.98941531167893,200.34910880134555
single_shape,tiny_gmp,structured_template,release_default,8,g_cross_term_mpp,100,-67.6339353990688,-68.83268178962777,-66.47370204744529
single_shape,tiny_gmp,structured_template,release_default,8,g_nonadditive_correction_mpp,100,-5.7445002735642844e-08,-1.6170484800620744e-07,4.546785989798978e-08
single_shape,tiny_gmp,structured_template,release_default,9,observed_centered_logit_fidelity,100,0.830264246882366,0.8279549067808121,0.8326669421564148
single_shape,tiny_gmp,structured_template,release_default,9,additive_centered_logit_fidelity,100,0.8302642471694702,0.8279534253119294,0.8326673770738005
single_shape,tiny_gmp,structured_template,release_default,9,observed_prob_error_reduction,100,1.8770499368073883,1.8718345642773833,1.8822281627731963
single_shape,tiny_gmp,structured_template,release_default,9,additive_prob_error_reduction,100,1.877049935779152,1.8717463634371845,1.8822572838261495
single_shape,tiny_gmp,structured_template,release_default,9,centered_residual_energy_ratio,100,4.0088907120902536e-14,3.928779105949829e-14,4.0912453241537717e-14
single_shape,tiny_gmp,structured_template,release_default,9,centered_residual_norm_mpp,100,2.255445191138877e-06,2.2282091978121508e-06,2.281185491899029e-06
single_shape,tiny_gmp,structured_template,release_default,9,cancellation_mean,100,0.34242932978494905,0.3406946453575137,0.3441513671183523
single_shape,tiny_gmp,structured_template,release_default,9,g_individual_sum_mpp,100,209.6850758375253,206.8682269548849,212.46534739896947
single_shape,tiny_gmp,structured_template,release_default,9,g_cross_term_mpp,100,-72.5471264849818,-73.73974497884632,-71.383711417511
single_shape,tiny_gmp,structured_template,release_default,9,g_nonadditive_correction_mpp,100,-4.5325850574745316e-08,-1.51279306949834e-07,5.7661933042727464e-08
single_shape,tiny_gmp,structured_template,release_default,10,observed_centered_logit_fidelity,100,0.8666151175802264,0.8647497679923258,0.8685097915819243
single_shape,tiny_gmp,structured_template,release_default,10,additive_centered_logit_fidelity,100,0.8666151179808577,0.8647285596595882,0.868523941843073
single_shape,tiny_gmp,structured_template,release_default,10,observed_prob_error_reduction,100,1.928244026894127,1.9249905608242646,1.9314533708763022
single_shape,tiny_gmp,structured_template,release_default,10,additive_prob_error_reduction,100,1.9282440263407272,1.9250351681701563,1.931402751526431
single_shape,tiny_gmp,structured_template,release_default,10,centered_residual_energy_ratio,100,4.875916444800314e-14,4.7817129998413996e-14,4.972673062585339e-14
single_shape,tiny_gmp,structured_template,release_default,10,centered_residual_norm_mpp,100,2.489039129965716e-06,2.4601799774353396e-06,2.5185527240105663e-06
single_shape,tiny_gmp,structured_template,release_default,10,cancellation_mean,100,0.36494838600175233,0.36331441569339207,0.36654598380014547
single_shape,tiny_gmp,structured_template,release_default,10,g_individual_sum_mpp,100,219.9387612642518,217.0227215977749,222.81861922468477
single_shape,tiny_gmp,structured_template,release_default,10,g_cross_term_mpp,100,-76.7875051378348,-78.04585563169435,-75.5998061244671
single_shape,tiny_gmp,structured_template,release_default,10,g_nonadditive_correction_mpp,100,-6.56299834747414e-08,-1.672942023480656e-07,3.567032535216082e-08
single_shape,tiny_gmp,structured_template,release_default,11,observed_centered_logit_fidelity,100,0.8964195298062825,0.8949763078428691,0.897873044793344
single_shape,tiny_gmp,structured_template,release_default,11,additive_centered_logit_fidelity,100,0.8964195302944314,0.8949811698218346,0.8978631667649373
single_shape,tiny_gmp,structured_template,release_default,11,observed_prob_error_reduction,100,1.9540060275434143,1.9518474625304798,1.9561401800095655
single_shape,tiny_gmp,structured_template,release_default,11,additive_prob_error_reduction,100,1.9540060272602477,1.9518299237509467,1.9561852954877774
single_shape,tiny_gmp,structured_template,release_default,11,centered_residual_energy_ratio,100,5.833202924958984e-14,5.72229629367243e-14,5.94396999575916e-14
single_shape,tiny_gmp,structured_template,release_default,11,centered_residual_norm_mpp,100,2.7231313499848472e-06,2.692442570602199e-06,2.754391688528903e-06
single_shape,tiny_gmp,structured_template,release_default,11,cancellation_mean,100,0.3842324051709067,0.38271591988559417,0.38571900030930056
single_shape,tiny_gmp,structured_template,release_default,11,g_individual_sum_mpp,100,229.12714757640046,226.16209690061967,232.13411780841273
single_shape,tiny_gmp,structured_template,release_default,11,g_cross_term_mpp,100,-81.05709916176552,-82.34690254500606,-79.79891124074464
single_shape,tiny_gmp,structured_template,release_default,11,g_nonadditive_correction_mpp,100,-8.133948663155644e-08,-1.762485616984341e-07,1.2299850030823449e-08
single_shape,tiny_gmp,structured_template,release_default,12,observed_centered_logit_fidelity,100,0.9216908969771478,0.9203294353305619,0.9229991418944876
single_shape,tiny_gmp,structured_template,release_default,12,additive_centered_logit_fidelity,100,0.9216908975079321,0.9203419417930543,0.9230374161133659
single_shape,tiny_gmp,structured_template,release_default,12,observed_prob_error_reduction,100,1.9688656437259562,1.9672242982297443,1.9704063331665544
single_shape,tiny_gmp,structured_template,release_default,12,additive_prob_error_reduction,100,1.9688656436676275,1.9672771118835306,1.9704398422032106
single_shape,tiny_gmp,structured_template,release_default,12,centered_residual_energy_ratio,100,6.880778948659489e-14,6.751451297298831e-14,7.007451597403324e-14
single_shape,tiny_gmp,structured_template,release_default,12,centered_residual_norm_mpp,100,2.9590729126605732e-06,2.9255918918277324e-06,2.992530118813751e-06
single_shape,tiny_gmp,structured_template,release_default,12,cancellation_mean,100,0.40158302731764933,0.40011666428667864,0.4030638121259119
single_shape,tiny_gmp,structured_template,release_default,12,g_individual_sum_mpp,100,237.1539607937215,234.08522965183556,240.22357854376887
single_shape,tiny_gmp,structured_template,release_default,12,g_cross_term_mpp,100,-84.90179960950616,-86.15236076803987,-83.66999344410573
single_shape,tiny_gmp,structured_template,release_default,12,g_nonadditive_correction_mpp,100,-8.816117687628905e-08,-1.7358284899203456e-07,3.96325681832116e-10
single_shape,tiny_gmp,structured_template,release_default,13,observed_centered_logit_fidelity,100,0.9458830474199732,0.9448348090749331,0.9469230573066386
single_shape,tiny_gmp,structured_template,release_default,13,additive_centered_logit_fidelity,100,0.9458830478048971,0.9448045453478897,0.9469155649100149
single_shape,tiny_gmp,structured_template,release_default,13,observed_prob_error_reduction,100,1.9764487216263222,1.975215959156689,1.9776548747220841
single_shape,tiny_gmp,structured_template,release_default,13,additive_prob_error_reduction,100,1.9764487215349158,1.9751973249709132,1.9776634734391805
single_shape,tiny_gmp,structured_template,release_default,13,centered_residual_energy_ratio,100,7.991809333449675e-14,7.844585715862297e-14,8.137926223445042e-14
single_shape,tiny_gmp,structured_template,release_default,13,centered_residual_norm_mpp,100,3.189908970132132e-06,3.15423547815998e-06,3.2266498427369796e-06
single_shape,tiny_gmp,structured_template,release_default,13,cancellation_mean,100,0.41744465793617463,0.4159249051409779,0.4189922087344222
single_shape,tiny_gmp,structured_template,release_default,13,g_individual_sum_mpp,100,244.99201893228238,241.80444905501287,248.11835165192426
single_shape,tiny_gmp,structured_template,release_default,13,g_cross_term_mpp,100,-88.75307621078298,-90.02311446306797,-87.5110670620457
single_shape,tiny_gmp,structured_template,release_default,13,g_nonadditive_correction_mpp,100,-6.148618367718578e-08,-1.3617795738386476e-07,1.423716770340549e-08
single_shape,tiny_gmp,structured_template,release_default,14,observed_centered_logit_fidelity,100,0.9683237011469906,0.9673668160318701,0.9692738139771777
single_shape,tiny_gmp,structured_template,release_default,14,additive_centered_logit_fidelity,100,0.9683237013586689,0.9673421189022544,0.9692761152351678
single_shape,tiny_gmp,structured_template,release_default,14,observed_prob_error_reduction,100,1.9794296653926704,1.9782885755496087,1.980556677962306
single_shape,tiny_gmp,structured_template,release_default,14,additive_prob_error_reduction,100,1.9794296653775074,1.9782924549871987,1.980559872933429
single_shape,tiny_gmp,structured_template,release_default,14,centered_residual_energy_ratio,100,9.212022565703471e-14,9.042192799735128e-14,9.381593588636593e-14
single_shape,tiny_gmp,structured_template,release_default,14,centered_residual_norm_mpp,100,3.425181666362873e-06,3.387813531359355e-06,3.464117103180701e-06
single_shape,tiny_gmp,structured_template,release_default,14,cancellation_mean,100,0.4313581870139382,0.42986025960435104,0.4328665839028275
single_shape,tiny_gmp,structured_template,release_default,14,g_individual_sum_mpp,100,253.18164138868357,249.94487735146328,256.3986424468274
single_shape,tiny_gmp,structured_template,release_default,14,g_cross_term_mpp,100,-93.2298884230257,-94.55281371583217,-91.91866408746755
single_shape,tiny_gmp,structured_template,release_default,14,g_nonadditive_correction_mpp,100,-3.367266171556026e-08,-9.277000774668673e-08,2.4794307630595633e-08
single_shape,tiny_gmp,structured_template,release_default,15,observed_centered_logit_fidelity,100,0.9882565672835995,0.9878339798518134,0.9886849041111099
single_shape,tiny_gmp,structured_template,release_default,15,additive_centered_logit_fidelity,100,0.9882565673350007,0.9878372670029707,0.9886855168644639
single_shape,tiny_gmp,structured_template,release_default,15,observed_prob_error_reduction,100,1.9802701896612762,1.979124713046346,1.9813516637855624
single_shape,tiny_gmp,structured_template,release_default,15,additive_prob_error_reduction,100,1.9802701896772787,1.97916918981108,1.9813507981513712
single_shape,tiny_gmp,structured_template,release_default,15,centered_residual_energy_ratio,100,1.0574048807882713e-13,1.0382557072507498e-13,1.0763710123518337e-13
single_shape,tiny_gmp,structured_template,release_default,15,centered_residual_norm_mpp,100,3.669195493957385e-06,3.62826027935698e-06,3.709934188739862e-06
single_shape,tiny_gmp,structured_template,release_default,15,cancellation_mean,100,0.44356405885790634,0.4421067264922784,0.4450860113003431
single_shape,tiny_gmp,structured_template,release_default,15,g_individual_sum_mpp,100,261.8480894101156,258.4598860415877,265.25815865360386
single_shape,tiny_gmp,structured_template,release_default,15,g_cross_term_mpp,100,-98.60301320796744,-100.0130377147726,-97.20136540847163
single_shape,tiny_gmp,structured_template,release_default,15,g_nonadditive_correction_mpp,100,-7.432954579031948e-09,-3.9622770488176285e-08,2.4471238275608356e-08
single_shape,tiny_gmp,structured_template,release_default,16,observed_centered_logit_fidelity,100,1.0,1.0,1.0
single_shape,tiny_gmp,structured_template,release_default,16,additive_centered_logit_fidelity,100,0.9999999999998793,0.9999999999998772,0.9999999999998813
single_shape,tiny_gmp,structured_template,release_default,16,observed_prob_error_reduction,100,1.9804712720543938,1.9793943437574844,1.981562934587185
single_shape,tiny_gmp,structured_template,release_default,16,additive_prob_error_reduction,100,1.9804712720543924,1.9793656128313057,1.9815407074077445
single_shape,tiny_gmp,structured_template,release_default,16,centered_residual_energy_ratio,100,1.206690053353805e-13,1.1857877247924777e-13,1.2278771848425893e-13
single_shape,tiny_gmp,structured_template,release_default,16,centered_residual_norm_mpp,100,3.918868628919811e-06,3.876942486171691e-06,3.9620464052239555e-06
single_shape,tiny_gmp,structured_template,release_default,16,cancellation_mean,100,0.4534764760877784,0.4519980625006362,0.45497465682743915
single_shape,tiny_gmp,structured_template,release_default,16,g_individual_sum_mpp,100,270.62440848493094,267.1851105569102,274.2232832775459
single_shape,tiny_gmp,structured_template,release_default,16,g_cross_term_mpp,100,-105.4400721563923,-106.94078556225965,-103.89279590007168
single_shape,tiny_gmp,structured_template,release_default,16,g_nonadditive_correction_mpp,100,1.9913545960180256e-11,1.9485888271209672e-11,2.033278992659719e-11
single_shape,tiny_gmp,structured_template,retention_1,0,observed_centered_logit_fidelity,100,0.0,0.0,0.0
single_shape,tiny_gmp,structured_template,retention_1,0,additive_centered_logit_fidelity,100,0.0,0.0,0.0
single_shape,tiny_gmp,structured_template,retention_1,0,observed_prob_error_reduction,100,0.0,0.0,0.0
single_shape,tiny_gmp,structured_template,retention_1,0,additive_prob_error_reduction,100,0.0,0.0,0.0
single_shape,tiny_gmp,structured_template,retention_1,0,centered_residual_energy_ratio,100,0.0,0.0,0.0
single_shape,tiny_gmp,structured_template,retention_1,0,centered_residual_norm_mpp,100,0.0,0.0,0.0
single_shape,tiny_gmp,structured_template,retention_1,0,cancellation_mean,0,,,
single_shape,tiny_gmp,structured_template,retention_1,0,g_individual_sum_mpp,100,0.0,0.0,0.0
single_shape,tiny_gmp,structured_template,retention_1,0,g_cross_term_mpp,100,0.0,0.0,0.0
single_shape,tiny_gmp,structured_template,retention_1,0,g_nonadditive_correction_mpp,100,0.0,0.0,0.0
single_shape,tiny_gmp,structured_template,retention_1,1,observed_centered_logit_fidelity,100,0.24279875726337485,0.23891389821963932,0.24662324091569476
single_shape,tiny_gmp,structured_template,retention_1,1,additive_centered_logit_fidelity,100,0.24279875726337485,0.23905830150316038,0.24665248511624122
single_shape,tiny_gmp,structured_template,retention_1,1,observed_prob_error_reduction,100,0.21156228457620255,0.20581691859868406,0.21730269654841597
single_shape,tiny_gmp,structured_template,retention_1,1,additive_prob_error_reduction,100,0.21156228457620255,0.20582562273637725,0.217376831154136
single_shape,tiny_gmp,structured_template,retention_1,1,centered_residual_energy_ratio,100,0.0,0.0,0.0
single_shape,tiny_gmp,structured_template,retention_1,1,centered_residual_norm_mpp,100,0.0,0.0,0.0
single_shape,tiny_gmp,structured_template,retention_1,1,cancellation_mean,100,0.0,0.0,0.0
single_shape,tiny_gmp,structured_template,retention_1,1,g_individual_sum_mpp,100,8.640413360477076,8.485198712982834,8.795549981802635
single_shape,tiny_gmp,structured_template,retention_1,1,g_cross_term_mpp,100,0.0,0.0,0.0
single_shape,tiny_gmp,structured_template,retention_1,1,g_nonadditive_correction_mpp,100,0.0,0.0,0.0
single_shape,tiny_gmp,structured_template,retention_1,2,observed_centered_logit_fidelity,100,0.39710131874992827,0.39206672503769624,0.40220091484565046
single_shape,tiny_gmp,structured_template,retention_1,2,additive_centered_logit_fidelity,100,0.3971013186731353,0.39205795198586774,0.402183293211532
single_shape,tiny_gmp,structured_template,retention_1,2,observed_prob_error_reduction,100,0.540180383514142,0.5301431908328117,0.5506301651321455
single_shape,tiny_gmp,structured_template,retention_1,2,additive_prob_error_reduction,100,0.5401803833854567,0.5298078191259369,0.5502915324586127
single_shape,tiny_gmp,structured_template,retention_1,2,centered_residual_energy_ratio,100,3.726913027374628e-15,3.581877582132103e-15,3.87197116972391e-15
single_shape,tiny_gmp,structured_template,retention_1,2,centered_residual_norm_mpp,100,2.827022024392884e-07,2.767942043518315e-07,2.8862413614062856e-07
single_shape,tiny_gmp,structured_template,retention_1,2,cancellation_mean,100,0.09926277974079274,0.09606543818081249,0.10250388678175266
single_shape,tiny_gmp,structured_template,retention_1,2,g_individual_sum_mpp,100,16.406901820566215,16.152203966926024,16.662511999502353
single_shape,tiny_gmp,structured_template,retention_1,2,g_cross_term_mpp,100,-2.2743092313482034,-2.3545449646373706,-2.19572666836956
single_shape,tiny_gmp,structured_template,retention_1,2,g_nonadditive_correction_mpp,100,3.0744444007976272e-09,-7.818237790801914e-09,1.4365507139874989e-08
single_shape,tiny_gmp,structured_template,retention_1,3,observed_centered_logit_fidelity,100,0.4892876174827769,0.48470658070501715,0.4938233226423192
single_shape,tiny_gmp,structured_template,retention_1,3,additive_centered_logit_fidelity,100,0.4892876173509031,0.4847864509533499,0.49383736660668903
single_shape,tiny_gmp,structured_template,retention_1,3,observed_prob_error_reduction,100,0.8397891297754054,0.829151878867171,0.8502617142919158
single_shape,tiny_gmp,structured_template,retention_1,3,additive_prob_error_reduction,100,0.8397891295171338,0.8291957612184748,0.8503110062494363
single_shape,tiny_gmp,structured_template,retention_1,3,centered_residual_energy_ratio,100,8.873859385616456e-15,8.584477901200712e-15,9.16647727867153e-15
single_shape,tiny_gmp,structured_template,retention_1,3,centered_residual_norm_mpp,100,4.673529821864301e-07,4.5977604261963144e-07,4.7512586009067833e-07
single_shape,tiny_gmp,structured_template,retention_1,3,cancellation_mean,100,0.15556473382377076,0.15264259780490286,0.1585983870355115
single_shape,tiny_gmp,structured_template,retention_1,3,g_individual_sum_mpp,100,23.236610884144874,22.916734340777886,23.560181897607446
single_shape,tiny_gmp,structured_template,retention_1,3,g_cross_term_mpp,100,-5.7984209882403555,-5.936590836674551,-5.659093043238837
single_shape,tiny_gmp,structured_template,retention_1,3,g_nonadditive_correction_mpp,100,4.993952715160752e-09,-1.1982436634794348e-08,2.160461257777077e-08
single_shape,tiny_gmp,structured_template,retention_1,4,observed_centered_logit_fidelity,100,0.5497967371039507,0.5462046524927529,0.5535336223661999
single_shape,tiny_gmp,structured_template,retention_1,4,additive_centered_logit_fidelity,100,0.5497967368792872,0.5461587752657295,0.5534629729381059
single_shape,tiny_gmp,structured_template,retention_1,4,observed_prob_error_reduction,100,1.0631367885601686,1.0542802587199174,1.071657839289219
single_shape,tiny_gmp,structured_template,retention_1,4,additive_prob_error_reduction,100,1.0631367882981706,1.054617984639876,1.0716979875249921
single_shape,tiny_gmp,structured_template,retention_1,4,centered_residual_energy_ratio,100,1.5095311555379994e-14,1.4632961070407268e-14,1.557762902801901e-14
single_shape,tiny_gmp,structured_template,retention_1,4,centered_residual_norm_mpp,100,6.220598971236805e-07,6.125513552580557e-07,6.316845589927149e-07
single_shape,tiny_gmp,structured_template,retention_1,4,cancellation_mean,100,0.19293263984588116,0.19020432293759124,0.19570780802114268
single_shape,tiny_gmp,structured_template,retention_1,4,g_individual_sum_mpp,100,29.18526619321311,28.80258380960177,29.568059775448546
single_shape,tiny_gmp,structured_template,retention_1,4,g_cross_term_mpp,100,-9.581876250567037,-9.763743521242011,-9.401025846009524
single_shape,tiny_gmp,structured_template,retention_1,4,g_nonadditive_correction_mpp,100,8.52909203164238e-09,-1.374135371322432e-08,3.080627812618847e-08
single_shape,tiny_gmp,structured_template,retention_1,5,observed_centered_logit_fidelity,100,0.6003338984152037,0.5967526215139466,0.6038721235428814
single_shape,tiny_gmp,structured_template,retention_1,5,additive_centered_logit_fidelity,100,0.6003338982151384,0.5967145777153532,0.6038574123903158
single_shape,tiny_gmp,structured_template,retention_1,5,observed_prob_error_reduction,100,1.2257266290699627,1.218050632119878,1.2334392489271115
single_shape,tiny_gmp,structured_template,retention_1,5,additive_prob_error_reduction,100,1.2257266283930475,1.2182015864794298,1.2333341671870697
single_shape,tiny_gmp,structured_template,retention_1,5,centered_residual_energy_ratio,100,2.1892029965070062e-14,2.1260706830196666e-14,2.2530622142446505e-14
single_shape,tiny_gmp,structured_template,retention_1,5,centered_residual_norm_mpp,100,7.59309304528435e-07,7.479429004855251e-07,7.704308095201307e-07
single_shape,tiny_gmp,structured_template,retention_1,5,cancellation_mean,100,0.22894467359721282,0.2259339831218894,0.23194466077126036
single_shape,tiny_gmp,structured_template,retention_1,5,g_individual_sum_mpp,100,34.08255968164074,33.650144370263305,34.51810494759373
single_shape,tiny_gmp,structured_template,retention_1,5,g_cross_term_mpp,100,-12.68413194560305,-12.935714849981391,-12.436644238431992
single_shape,tiny_gmp,structured_template,retention_1,5,g_nonadditive_correction_mpp,100,7.842762837596858e-09,-1.5800374411993675e-08,3.1937192878553245e-08
single_shape,tiny_gmp,structured_template,retention_1,6,observed_centered_logit_fidelity,100,0.6500086192261477,0.6460814802918403,0.6539218582968568
single_shape,tiny_gmp,structured_template,retention_1,6,additive_centered_logit_fidelity,100,0.6500086189568783,0.6461416861194992,0.6538920050161633
single_shape,tiny_gmp,structured_template,retention_1,6,observed_prob_error_reduction,100,1.3411919889354311,1.3339140929872872,1.3483303218191454
single_shape,tiny_gmp,structured_template,retention_1,6,additive_prob_error_reduction,100,1.341191988519856,1.3339739510779305,1.3484086075883195
single_shape,tiny_gmp,structured_template,retention_1,6,centered_residual_energy_ratio,100,2.9887739643989316e-14,2.906832361064178e-14,3.072564499229577e-14
single_shape,tiny_gmp,structured_template,retention_1,6,centered_residual_norm_mpp,100,8.956114384570141e-07,8.822859121582136e-07,9.084619787012647e-07
single_shape,tiny_gmp,structured_template,retention_1,6,cancellation_mean,100,0.266310598380483,0.2634847904895429,0.2691556787600386
single_shape,tiny_gmp,structured_template,retention_1,6,g_individual_sum_mpp,100,38.22634685143092,37.754044627733364,38.67947842880705
single_shape,tiny_gmp,structured_template,retention_1,6,g_cross_term_mpp,100,-15.054118856743768,-15.310535523617645,-14.797514307361508
single_shape,tiny_gmp,structured_template,retention_1,6,g_nonadditive_correction_mpp,100,1.0442462574954897e-08,-1.2794795260965716e-08,3.461283786209222e-08
single_shape,tiny_gmp,structured_template,retention_1,7,observed_centered_logit_fidelity,100,0.702720436838309,0.6992064633787732,0.7061973661610356
single_shape,tiny_gmp,structured_template,retention_1,7,additive_centered_logit_fidelity,100,0.7027204366147198,0.6993058222815745,0.7061535203239169
single_shape,tiny_gmp,structured_template,retention_1,7,observed_prob_error_reduction,100,1.4212108151357845,1.4141415400945223,1.4282079078636842
single_shape,tiny_gmp,structured_template,retention_1,7,additive_prob_error_reduction,100,1.4212108142480664,1.4141548412754907,1.4281876440317411
single_shape,tiny_gmp,structured_template,retention_1,7,centered_residual_energy_ratio,100,3.893172300799911e-14,3.7933196468294296e-14,3.9952305532424185e-14
single_shape,tiny_gmp,structured_template,retention_1,7,centered_residual_norm_mpp,100,1.0286316001738154e-06,1.0141591109491848e-06,1.0431183649876696e-06
single_shape,tiny_gmp,structured_template,retention_1,7,cancellation_mean,100,0.3025078443114479,0.30032314630929147,0.3047479582402143
single_shape,tiny_gmp,structured_template,retention_1,7,g_individual_sum_mpp,100,41.70797566958459,41.20994405510997,42.227728956220126
single_shape,tiny_gmp,structured_template,retention_1,7,g_cross_term_mpp,100,-16.651949972199777,-16.916496579161894,-16.388082356383148
single_shape,tiny_gmp,structured_template,retention_1,7,g_nonadditive_correction_mpp,100,8.630894654517642e-09,-1.5946525101687792e-08,3.388414095817594e-08
single_shape,tiny_gmp,structured_template,retention_1,8,observed_centered_logit_fidelity,100,0.7543837716573638,0.7506905383039879,0.7580503844522533
single_shape,tiny_gmp,structured_template,retention_1,8,additive_centered_logit_fidelity,100,0.7543837712946331,0.7507017778010889,0.7580784691113276
single_shape,tiny_gmp,structured_template,retention_1,8,observed_prob_error_reduction,100,1.4733301784026562,1.4661856088635343,1.4803274257734236
single_shape,tiny_gmp,structured_template,retention_1,8,additive_prob_error_reduction,100,1.4733301772889233,1.4661747039702466,1.4802596710808793
single_shape,tiny_gmp,structured_template,retention_1,8,centered_residual_energy_ratio,100,4.925997110251891e-14,4.8034707414585845e-14,5.0502825921354306e-14
single_shape,tiny_gmp,structured_template,retention_1,8,centered_residual_norm_mpp,100,1.1619678376068995e-06,1.1455011615488934e-06,1.1783817795063494e-06
single_shape,tiny_gmp,structured_template,retention_1,8,cancellation_mean,100,0.33443165060074465,0.3324246379772214,0.3364519029663355
single_shape,tiny_gmp,structured_template,retention_1,8,g_individual_sum_mpp,100,44.44380819616932,43.906178068395185,44.98297723541712
single_shape,tiny_gmp,structured_template,retention_1,8,g_cross_term_mpp,100,-17.54120994963889,-17.822724489726735,-17.266905050434065
single_shape,tiny_gmp,structured_template,retention_1,8,g_nonadditive_correction_mpp,100,1.3643768207241717e-08,-1.1682131186438619e-08,3.93477468105687e-08
single_shape,tiny_gmp,structured_template,retention_1,9,observed_centered_logit_fidelity,100,0.8025909866644747,0.7996681867328841,0.8055570685136793
single_shape,tiny_gmp,structured_template,retention_1,9,additive_centered_logit_fidelity,100,0.8025909861022837,0.7996737947686378,0.805531238474364
single_shape,tiny_gmp,structured_template,retention_1,9,observed_prob_error_reduction,100,1.5107916133952182,1.503921335412589,1.5175791947451935
single_shape,tiny_gmp,structured_template,retention_1,9,additive_prob_error_reduction,100,1.5107916122484732,1.5039590186778384,1.517693769203434
single_shape,tiny_gmp,structured_template,retention_1,9,centered_residual_energy_ratio,100,6.068291929580435e-14,5.915374180939993e-14,6.219225911430953e-14
single_shape,tiny_gmp,structured_template,retention_1,9,centered_residual_norm_mpp,100,1.2931121512287752e-06,1.2756772631522827e-06,1.310915468168073e-06
single_shape,tiny_gmp,structured_template,retention_1,9,cancellation_mean,100,0.3624665870340379,0.3607236621418951,0.3641993840917429
single_shape,tiny_gmp,structured_template,retention_1,9,g_individual_sum_mpp,100,46.5408580824294,46.00657742943549,47.0801418744061
single_shape,tiny_gmp,structured_template,retention_1,9,g_cross_term_mpp,100,-17.919983995863966,-18.183987743645236,-17.649925758147127
single_shape,tiny_gmp,structured_template,retention_1,9,g_nonadditive_correction_mpp,100,2.040018692850222e-08,-4.679588463514228e-09,4.517979835115235e-08
single_shape,tiny_gmp,structured_template,retention_1,10,observed_centered_logit_fidelity,100,0.8447207428449204,0.8420981938253821,0.8473290229409988
single_shape,tiny_gmp,structured_template,retention_1,10,additive_centered_logit_fidelity,100,0.8447207422512594,0.842163689035546,0.8472834877206414
single_shape,tiny_gmp,structured_template,retention_1,10,observed_prob_error_reduction,100,1.5387143499648206,1.5320666773710072,1.5453744168248431
single_shape,tiny_gmp,structured_template,retention_1,10,additive_prob_error_reduction,100,1.5387143487846269,1.5320318026886228,1.54514212057986
single_shape,tiny_gmp,structured_template,retention_1,10,centered_residual_energy_ratio,100,7.366988419034935e-14,7.184105756387961e-14,7.554960381115519e-14
single_shape,tiny_gmp,structured_template,retention_1,10,centered_residual_norm_mpp,100,1.4273561322647658e-06,1.4075047318023867e-06,1.4473894673310776e-06
single_shape,tiny_gmp,structured_template,retention_1,10,cancellation_mean,100,0.38721818607823816,0.3856035989260287,0.3888364329233574
single_shape,tiny_gmp,structured_template,retention_1,10,g_individual_sum_mpp,100,48.152081667480985,47.58700036835636,48.710986759462386
single_shape,tiny_gmp,structured_template,retention_1,10,g_cross_term_mpp,100,-18.02972326896711,-18.280923190951775,-17.769305442887493
single_shape,tiny_gmp,structured_template,retention_1,10,g_nonadditive_correction_mpp,100,2.1500130193061985e-08,-2.1056724981573003e-09,4.5611840005961365e-08
single_shape,tiny_gmp,structured_template,retention_1,11,observed_centered_logit_fidelity,100,0.8817509941804664,0.8794233208325184,0.8840100363609924
single_shape,tiny_gmp,structured_template,retention_1,11,additive_centered_logit_fidelity,100,0.8817509935459478,0.8795064296885925,0.884046184878809
single_shape,tiny_gmp,structured_template,retention_1,11,observed_prob_error_reduction,100,1.563751008031929,1.5572440516531345,1.5701554762567091
single_shape,tiny_gmp,structured_template,retention_1,11,additive_prob_error_reduction,100,1.563751006790218,1.5572553962727431,1.5702379360718004
single_shape,tiny_gmp,structured_template,retention_1,11,centered_residual_energy_ratio,100,8.827302057772166e-14,8.615461250234817e-14,9.042470879556678e-14
single_shape,tiny_gmp,structured_template,retention_1,11,centered_residual_norm_mpp,100,1.564487903416167e-06,1.5429150979582212e-06,1.586740358811712e-06
single_shape,tiny_gmp,structured_template,retention_1,11,cancellation_mean,100,0.4089965983045943,0.40743659121009457,0.41058124964573933
single_shape,tiny_gmp,structured_template,retention_1,11,g_individual_sum_mpp,100,49.43991548882531,48.866288696289416,50.01467519319313
single_shape,tiny_gmp,structured_template,retention_1,11,g_cross_term_mpp,100,-17.997003240088542,-18.23823788414404,-17.756361359983355
single_shape,tiny_gmp,structured_template,retention_1,11,g_nonadditive_correction_mpp,100,2.2588223882854015e-08,7.273823623669914e-10,4.4016052784600444e-08
single_shape,tiny_gmp,structured_template,retention_1,12,observed_centered_logit_fidelity,100,0.9136425264050648,0.9116350201476859,0.9155847104693428
single_shape,tiny_gmp,structured_template,retention_1,12,additive_centered_logit_fidelity,100,0.9136425258394938,0.9116104888268554,0.9156334236297642
single_shape,tiny_gmp,structured_template,retention_1,12,observed_prob_error_reduction,100,1.5831369338203334,1.5763161517280055,1.589705839384402
single_shape,tiny_gmp,structured_template,retention_1,12,additive_prob_error_reduction,100,1.5831369328748235,1.5761831148290435,1.5898349801228155
single_shape,tiny_gmp,structured_template,retention_1,12,centered_residual_energy_ratio,100,1.0431194111886738e-13,1.0186961414474249e-13,1.0684192952061533e-13
single_shape,tiny_gmp,structured_template,retention_1,12,centered_residual_norm_mpp,100,1.7026862518077298e-06,1.6796631007961404e-06,1.7261636890761554e-06
single_shape,tiny_gmp,structured_template,retention_1,12,cancellation_mean,100,0.42899760748517735,0.42748228219995266,0.4305014875644032
single_shape,tiny_gmp,structured_template,retention_1,12,g_individual_sum_mpp,100,50.54634705634352,49.93917574859396,51.14841526656408
single_shape,tiny_gmp,structured_template,retention_1,12,g_cross_term_mpp,100,-17.961149855272,-18.207426617329038,-17.713843677399236
single_shape,tiny_gmp,structured_template,retention_1,12,g_nonadditive_correction_mpp,100,2.0019249247449176e-08,1.7705729029532415e-09,3.854967420182806e-08
single_shape,tiny_gmp,structured_template,retention_1,13,observed_centered_logit_fidelity,100,0.9402147327498258,0.9386872124372234,0.9417271255037455
single_shape,tiny_gmp,structured_template,retention_1,13,additive_centered_logit_fidelity,100,0.9402147323610618,0.9387038899929381,0.9417214908741398
single_shape,tiny_gmp,structured_template,retention_1,13,observed_prob_error_reduction,100,1.5984293772673253,1.5916759627576242,1.604912674142591
single_shape,tiny_gmp,structured_template,retention_1,13,additive_prob_error_reduction,100,1.5984293768140843,1.5916225009751344,1.605176963876302
single_shape,tiny_gmp,structured_template,retention_1,13,centered_residual_energy_ratio,100,1.218028719807996e-13,1.190554020773001e-13,1.2464571517168943e-13
single_shape,tiny_gmp,structured_template,retention_1,13,centered_residual_norm_mpp,100,1.841914808435801e-06,1.8176361519381194e-06,1.8659827831018222e-06
single_shape,tiny_gmp,structured_template,retention_1,13,cancellation_mean,100,0.4462877910310173,0.44466744095815786,0.44786218631073776
single_shape,tiny_gmp,structured_template,retention_1,13,g_individual_sum_mpp,100,51.51847603507204,50.8970387892376,52.13863891560868
single_shape,tiny_gmp,structured_template,retention_1,13,g_cross_term_mpp,100,-17.986528005305296,-18.248622006315802,-17.73183795097845
single_shape,tiny_gmp,structured_template,retention_1,13,g_nonadditive_correction_mpp,100,1.3513470451745027e-08,-2.6492611285735513e-09,2.9437999326832346e-08
single_shape,tiny_gmp,structured_template,retention_1,14,observed_centered_logit_fidelity,100,0.9632207610007757,0.9620628094122177,0.9643907094401872
single_shape,tiny_gmp,structured_template,retention_1,14,additive_centered_logit_fidelity,100,0.9632207606820379,0.9620409577669393,0.9643692773314413
single_shape,tiny_gmp,structured_template,retention_1,14,observed_prob_error_reduction,100,1.6086827799720924,1.6019478306795771,1.615242115962587
single_shape,tiny_gmp,structured_template,retention_1,14,additive_prob_error_reduction,100,1.6086827797817866,1.6020433604781437,1.615220033759814
single_shape,tiny_gmp,structured_template,retention_1,14,centered_residual_energy_ratio,100,1.4031156399833065e-13,1.3723264767814287e-13,1.434965543283231e-13
single_shape,tiny_gmp,structured_template,retention_1,14,centered_residual_norm_mpp,100,1.9786897725609175e-06,1.9525326482919534e-06,2.0049199604453895e-06
single_shape,tiny_gmp,structured_template,retention_1,14,cancellation_mean,100,0.4622194373286011,0.460595052190104,0.4638239352515353
single_shape,tiny_gmp,structured_template,retention_1,14,g_individual_sum_mpp,100,52.36450084918429,51.73623778614892,53.004248649118274
single_shape,tiny_gmp,structured_template,retention_1,14,g_cross_term_mpp,100,-18.012755043997398,-18.28719533180376,-17.741589502431196
single_shape,tiny_gmp,structured_template,retention_1,14,g_nonadditive_correction_mpp,100,1.1349165658148717e-08,-1.652147006292136e-09,2.4376446121599192e-08
single_shape,tiny_gmp,structured_template,retention_1,15,observed_centered_logit_fidelity,100,0.9850615455705817,0.9844788967962833,0.9856220788014892
single_shape,tiny_gmp,structured_template,retention_1,15,additive_centered_logit_fidelity,100,0.9850615453320504,0.9844849148361157,0.98563972189208
single_shape,tiny_gmp,structured_template,retention_1,15,observed_prob_error_reduction,100,1.6151063124140563,1.6083988835170937,1.6216784661247896
single_shape,tiny_gmp,structured_template,retention_1,15,additive_prob_error_reduction,100,1.615106312309899,1.6084394492781144,1.6216857442187347
single_shape,tiny_gmp,structured_template,retention_1,15,centered_residual_energy_ratio,100,1.610829844146192e-13,1.5747410938302597e-13,1.6483046137224084e-13
single_shape,tiny_gmp,structured_template,retention_1,15,centered_residual_norm_mpp,100,2.120419101745918e-06,2.0929324662770244e-06,2.1485223110607005e-06
single_shape,tiny_gmp,structured_template,retention_1,15,cancellation_mean,100,0.47638924922144116,0.47470859540365623,0.47803366531418456
single_shape,tiny_gmp,structured_template,retention_1,15,g_individual_sum_mpp,100,53.38289523699175,52.72353029173559,54.05690728105264
single_shape,tiny_gmp,structured_template,retention_1,15,g_cross_term_mpp,100,-18.253688152010216,-18.54666455770698,-17.965619374510872
single_shape,tiny_gmp,structured_template,retention_1,15,g_nonadditive_correction_mpp,100,8.338724144113672e-09,-8.839104885222199e-10,1.764072371625281e-08
single_shape,tiny_gmp,structured_template,retention_1,16,observed_centered_logit_fidelity,100,1.0,1.0,1.0
single_shape,tiny_gmp,structured_template,retention_1,16,additive_centered_logit_fidelity,100,0.9999999999998164,0.9999999999998123,0.9999999999998207
single_shape,tiny_gmp,structured_template,retention_1,16,observed_prob_error_reduction,100,1.6179259906580403,1.6111533447011932,1.624440408439491
single_shape,tiny_gmp,structured_template,retention_1,16,additive_prob_error_reduction,100,1.617925990658016,1.6112933409053567,1.6243450108053608
single_shape,tiny_gmp,structured_template,retention_1,16,centered_residual_energy_ratio,100,1.8345421345511098e-13,1.794664969750714e-13,1.8762549807425728e-13
single_shape,tiny_gmp,structured_template,retention_1,16,centered_residual_norm_mpp,100,2.2631006007885284e-06,2.2334445195076064e-06,2.2937693261976986e-06
single_shape,tiny_gmp,structured_template,retention_1,16,cancellation_mean,100,0.487828155170396,0.48610887258598473,0.4895681046859009
single_shape,tiny_gmp,structured_template,retention_1,16,g_individual_sum_mpp,100,54.7052783084282,54.023912328867105,55.39571698411751
single_shape,tiny_gmp,structured_template,retention_1,16,g_cross_term_mpp,100,-19.04489870306441,-19.355716385921014,-18.728874000680996
single_shape,tiny_gmp,structured_template,retention_1,16,g_nonadditive_correction_mpp,100,6.5516980857588245e-12,6.380207470085641e-12,6.719532937334252e-12
two_concepts,plain2_w16_gap,pixel_permuted_template,release_default,0,observed_centered_logit_fidelity,100,0.0,0.0,0.0
two_concepts,plain2_w16_gap,pixel_permuted_template,release_default,0,additive_centered_logit_fidelity,100,0.0,0.0,0.0
two_concepts,plain2_w16_gap,pixel_permuted_template,release_default,0,observed_prob_error_reduction,100,0.0,0.0,0.0
two_concepts,plain2_w16_gap,pixel_permuted_template,release_default,0,additive_prob_error_reduction,100,0.0,0.0,0.0
two_concepts,plain2_w16_gap,pixel_permuted_template,release_default,0,centered_residual_energy_ratio,100,0.0,0.0,0.0
two_concepts,plain2_w16_gap,pixel_permuted_template,release_default,0,centered_residual_norm_mpp,100,0.0,0.0,0.0
two_concepts,plain2_w16_gap,pixel_permuted_template,release_default,0,cancellation_mean,0,,,
two_concepts,plain2_w16_gap,pixel_permuted_template,release_default,0,g_individual_sum_mpp,100,0.0,0.0,0.0
two_concepts,plain2_w16_gap,pixel_permuted_template,release_default,0,g_cross_term_mpp,100,0.0,0.0,0.0
two_concepts,plain2_w16_gap,pixel_permuted_template,release_default,0,g_nonadditive_correction_mpp,100,0.0,0.0,0.0
two_concepts,plain2_w16_gap,pixel_permuted_template,release_default,1,observed_centered_logit_fidelity,100,0.14903213621487865,0.1393683975315132,0.15870380555479752
two_concepts,plain2_w16_gap,pixel_permuted_template,release_default,1,additive_centered_logit_fidelity,100,0.14903213621487865,0.1395470122684984,0.15891222267234598
two_concepts,plain2_w16_gap,pixel_permuted_template,release_default,1,observed_prob_error_reduction,100,0.08921638863017696,0.0827432794893061,0.09621893470071648
two_concepts,plain2_w16_gap,pixel_permuted_template,release_default,1,additive_prob_error_reduction,100,0.08921638863017696,0.08260868576318646,0.09613094823787592
two_concepts,plain2_w16_gap,pixel_permuted_template,release_default,1,centered_residual_energy_ratio,100,0.0,0.0,0.0
two_concepts,plain2_w16_gap,pixel_permuted_template,release_default,1,centered_residual_norm_mpp,100,0.0,0.0,0.0
two_concepts,plain2_w16_gap,pixel_permuted_template,release_default,1,cancellation_mean,100,0.0,0.0,0.0
two_concepts,plain2_w16_gap,pixel_permuted_template,release_default,1,g_individual_sum_mpp,100,33.644113249963546,31.08050745553468,36.21272385184621
two_concepts,plain2_w16_gap,pixel_permuted_template,release_default,1,g_cross_term_mpp,100,0.0,0.0,0.0
two_concepts,plain2_w16_gap,pixel_permuted_template,release_default,1,g_nonadditive_correction_mpp,100,0.0,0.0,0.0
two_concepts,plain2_w16_gap,pixel_permuted_template,release_default,2,observed_centered_logit_fidelity,100,0.2885003025939873,0.2769075985960156,0.2998973011035303
two_concepts,plain2_w16_gap,pixel_permuted_template,release_default,2,additive_centered_logit_fidelity,100,0.28465638377564334,0.2731606995943435,0.29606255649666957
two_concepts,plain2_w16_gap,pixel_permuted_template,release_default,2,observed_prob_error_reduction,100,0.2060231971923047,0.19572618046330956,0.21639123612359895
two_concepts,plain2_w16_gap,pixel_permuted_template,release_default,2,additive_prob_error_reduction,100,0.20388816940379859,0.1939386630103209,0.2141643067007707
two_concepts,plain2_w16_gap,pixel_permuted_template,release_default,2,centered_residual_energy_ratio,100,0.0001221520636182266,9.854360054797422e-05,0.00014969843964720122
two_concepts,plain2_w16_gap,pixel_permuted_template,release_default,2,centered_residual_norm_mpp,100,0.08026132457624705,0.07428812745042976,0.08665090843625614
two_concepts,plain2_w16_gap,pixel_permuted_template,release_default,2,cancellation_mean,100,0.10593863914158685,0.09731276211137743,0.11471964046401563
two_concepts,plain2_w16_gap,pixel_permuted_template,release_default,2,g_individual_sum_mpp,100,67.27995463315325,63.75914372789301,71.00109214990731
two_concepts,plain2_w16_gap,pixel_permuted_template,release_default,2,g_cross_term_mpp,100,-3.4082521131944192,-3.7672006440463686,-3.060393786663538
two_concepts,plain2_w16_gap,pixel_permuted_template,release_default,2,g_nonadditive_correction_mpp,100,1.0040436679793885,0.8302148934581036,1.178995057325365
two_concepts,plain2_w16_gap,pixel_permuted_template,release_default,3,observed_centered_logit_fidelity,100,0.4053534687228472,0.3928666975143868,0.4180461405835295
two_concepts,plain2_w16_gap,pixel_permuted_template,release_default,3,additive_centered_logit_fidelity,100,0.39682453403350154,0.3847688441923576,0.40911916985720287
two_concepts,plain2_w16_gap,pixel_permuted_template,release_default,3,observed_prob_error_reduction,100,0.3379649788212592,0.32335421899906835,0.35303178564783216
two_concepts,plain2_w16_gap,pixel_permuted_template,release_default,3,additive_prob_error_reduction,100,0.3314490037179998,0.31701510150594864,0.3463068048485702
two_concepts,plain2_w16_gap,pixel_permuted_template,release_default,3,centered_residual_energy_ratio,100,0.0004228494163240406,0.0003547776980509036,0.0004974756661309306
two_concepts,plain2_w16_gap,pixel_permuted_template,release_default,3,centered_residual_norm_mpp,100,0.16243567263126465,0.15068284000490412,0.17492955648864517
two_concepts,plain2_w16_gap,pixel_permuted_template,release_default,3,cancellation_mean,100,0.14220995753433605,0.13375458201359802,0.15057767202928946
two_concepts,plain2_w16_gap,pixel_permuted_template,release_default,3,g_individual_sum_mpp,100,98.04941022622407,93.60810315996778,102.71254718396106
two_concepts,plain2_w16_gap,pixel_permuted_template,release_default,3,g_cross_term_mpp,100,-9.08415485772796,-9.841218585250056,-8.372713614738256
two_concepts,plain2_w16_gap,pixel_permuted_template,release_default,3,g_nonadditive_correction_mpp,100,2.146902817348209,1.881856686014511,2.4130176072574048
two_concepts,plain2_w16_gap,pixel_permuted_template,release_default,4,observed_centered_logit_fidelity,100,0.5069365418797627,0.4952995840042837,0.5186686817400985
two_concepts,plain2_w16_gap,pixel_permuted_template,release_default,4,additive_centered_logit_fidelity,100,0.4931548825807912,0.4815392372112902,0.5048004375999421
two_concepts,plain2_w16_gap,pixel_permuted_template,release_default,4,observed_prob_error_reduction,100,0.47150480152639007,0.4520222471343195,0.49079589959866454
two_concepts,plain2_w16_gap,pixel_permuted_template,release_default,4,additive_prob_error_reduction,100,0.4583671419983283,0.4394110045265482,0.47767153875912555
two_concepts,plain2_w16_gap,pixel_permuted_template,release_default,4,centered_residual_energy_ratio,100,0.0008916189501625006,0.00076615702699767,0.0010216115472817882
two_concepts,plain2_w16_gap,pixel_permuted_template,release_default,4,centered_residual_norm_mpp,100,0.2510715857101004,0.23591902409399063,0.2674371751735146
two_concepts,plain2_w16_gap,pixel_permuted_template,release_default,4,cancellation_mean,100,0.1592177711380428,0.1503696890937326,0.16820456062104275
two_concepts,plain2_w16_gap,pixel_permuted_template,release_default,4,g_individual_sum_mpp,100,127.32244477489446,121.95250320302341,132.69570690143848
two_concepts,plain2_w16_gap,pixel_permuted_template,release_default,4,g_cross_term_mpp,100,-16.57663221172598,-17.651779417778645,-15.532728174822704
two_concepts,plain2_w16_gap,pixel_permuted_template,release_default,4,g_nonadditive_correction_mpp,100,3.3949157199396502,3.0615939143631037,3.7434102227580337
two_concepts,plain2_w16_gap,pixel_permuted_template,release_default,5,observed_centered_logit_fidelity,100,0.5939384109483135,0.5831989252598075,0.6042586019755064
two_concepts,plain2_w16_gap,pixel_permuted_template,release_default,5,additive_centered_logit_fidelity,100,0.5754260233483194,0.5651750516351888,0.5859737647015726
two_concepts,plain2_w16_gap,pixel_permuted_template,release_default,5,observed_prob_error_reduction,100,0.5967777812080688,0.5749861175478663,0.6187718341460967
two_concepts,plain2_w16_gap,pixel_permuted_template,release_default,5,additive_prob_error_reduction,100,0.5759186807697179,0.5547671598702566,0.5975801842962657
two_concepts,plain2_w16_gap,pixel_permuted_template,release_default,5,centered_residual_energy_ratio,100,0.0015917673758058424,0.001372560285270395,0.0018315436152104758
two_concepts,plain2_w16_gap,pixel_permuted_template,release_default,5,centered_residual_norm_mpp,100,0.3428453133163007,0.32285511209287154,0.3641553293275402
two_concepts,plain2_w16_gap,pixel_permuted_template,release_default,5,cancellation_mean,100,0.17235194039629448,0.16349765436917255,0.18100895217345178
two_concepts,plain2_w16_gap,pixel_permuted_template,release_default,5,g_individual_sum_mpp,100,153.44241040879885,147.36482013105842,159.5986759796429
two_concepts,plain2_w16_gap,pixel_permuted_template,release_default,5,g_cross_term_mpp,100,-25.081364347737686,-26.54276188184465,-23.674561969902907
two_concepts,plain2_w16_gap,pixel_permuted_template,release_default,5,g_nonadditive_correction_mpp,100,4.437719893340369,4.061690162313514,4.840560698071651
two_concepts,plain2_w16_gap,pixel_permuted_template,release_default,6,observed_centered_logit_fidelity,100,0.6679133676510528,0.657581878707681,0.6780509396889228
two_concepts,plain2_w16_gap,pixel_permuted_template,release_default,6,additive_centered_logit_fidelity,100,0.644503331738887,0.6343169946740856,0.6546806019223077
two_concepts,plain2_w16_gap,pixel_permuted_template,release_default,6,observed_prob_error_reduction,100,0.7119145809509446,0.6882479908555992,0.7369025347351555
two_concepts,plain2_w16_gap,pixel_permuted_template,release_default,6,additive_prob_error_reduction,100,0.6822674521617066,0.6586247716092231,0.7063861068005558
two_concepts,plain2_w16_gap,pixel_permuted_template,release_default,6,centered_residual_energy_ratio,100,0.002680569829614101,0.0022455697673526283,0.0031961765288418134
two_concepts,plain2_w16_gap,pixel_permuted_template,release_default,6,centered_residual_norm_mpp,100,0.44184992722493194,0.4152286434878473,0.46958117532496463
two_concepts,plain2_w16_gap,pixel_permuted_template,release_default,6,cancellation_mean,100,0.17973073925326644,0.17084913281076808,0.18863522854662682
two_concepts,plain2_w16_gap,pixel_permuted_template,release_default,6,g_individual_sum_mpp,100,178.13081030588958,171.37640732595213,184.90783177982226
two_concepts,plain2_w16_gap,pixel_permuted_template,release_default,6,g_cross_term_mpp,100,-34.7922094534631,-36.644589824703694,-32.937844659008924
two_concepts,plain2_w16_gap,pixel_permuted_template,release_default,6,g_nonadditive_correction_mpp,100,5.492737466456576,5.025499443949671,5.974352848378615
two_concepts,plain2_w16_gap,pixel_permuted_template,release_default,7,observed_centered_logit_fidelity,100,0.7384220904373454,0.7293605148812498,0.7471151861242714
two_concepts,plain2_w16_gap,pixel_permuted_template,release_default,7,additive_centered_logit_fidelity,100,0.7115659920335727,0.702012294983646,0.7207247962433632
two_concepts,plain2_w16_gap,pixel_permuted_template,release_default,7,observed_prob_error_reduction,100,0.8329066889173518,0.8072293752365362,0.8593265315216432
two_concepts,plain2_w16_gap,pixel_permuted_template,release_default,7,additive_prob_error_reduction,100,0.7931468683546811,0.7682956471791266,0.818141945402388
two_concepts,plain2_w16_gap,pixel_permuted_template,release_default,7,centered_residual_energy_ratio,100,0.0037907623449215623,0.003222794873296949,0.004455352604646872
two_concepts,plain2_w16_gap,pixel_permuted_template,release_default,7,centered_residual_norm_mpp,100,0.5363406108841563,0.5071352801009505,0.5664530811539038
two_concepts,plain2_w16_gap,pixel_permuted_template,release_default,7,cancellation_mean,100,0.18376315869521684,0.1751576953246676,0.19226691419782194
two_concepts,plain2_w16_gap,pixel_permuted_template,release_default,7,g_individual_sum_mpp,100,203.89109781397613,196.7734090210515,211.05379188529764
two_concepts,plain2_w16_gap,pixel_permuted_template,release_default,7,g_cross_term_mpp,100,-46.19477638117951,-48.40835925515461,-43.89572862389031
two_concepts,plain2_w16_gap,pixel_permuted_template,release_default,7,g_nonadditive_correction_mpp,100,6.238319675852341,5.771907252484143,6.748723075456434
two_concepts,plain2_w16_gap,pixel_permuted_template,release_default,8,observed_centered_logit_fidelity,100,0.7949104130400879,0.7868686551397706,0.8025733981309905
two_concepts,plain2_w16_gap,pixel_permuted_template,release_default,8,additive_centered_logit_fidelity,100,0.7651137755648185,0.7566223868218989,0.7735929843010448
two_concepts,plain2_w16_gap,pixel_permuted_template,release_default,8,observed_prob_error_reduction,100,0.9354079603525607,0.9095644867093959,0.9616727243522933
two_concepts,plain2_w16_gap,pixel_permuted_template,release_default,8,additive_prob_error_reduction,100,0.8876059970042586,0.8619754311487947,0.9136718382484341
two_concepts,plain2_w16_gap,pixel_permuted_template,release_default,8,centered_residual_energy_ratio,100,0.0054143027607701346,0.004463493276337767,0.006602554821467418
two_concepts,plain2_w16_gap,pixel_permuted_template,release_default,8,centered_residual_norm_mpp,100,0.6318414516336404,0.5971996073121459,0.6701228357266615
two_concepts,plain2_w16_gap,pixel_permuted_template,release_default,8,cancellation_mean,100,0.1885076633793586,0.18002128953561694,0.19700016653472066
two_concepts,plain2_w16_gap,pixel_permuted_template,release_default,8,g_individual_sum_mpp,100,226.20387704542057,218.5991907703491,233.58944141921555
two_concepts,plain2_w16_gap,pixel_permuted_template,release_default,8,g_cross_term_mpp,100,-57.0393582895482,-59.56395892604463,-54.50776023323788
two_concepts,plain2_w16_gap,pixel_permuted_template,release_default,8,g_nonadditive_correction_mpp,100,6.797283593546897,6.3108854424505525,7.354311440967815
two_concepts,plain2_w16_gap,pixel_permuted_template,release_default,9,observed_centered_logit_fidelity,100,0.8421577268167794,0.8351398265795869,0.8489611930154647
two_concepts,plain2_w16_gap,pixel_permuted_template,release_default,9,additive_centered_logit_fidelity,100,0.8101075508039461,0.8021176016600386,0.8178243998053599
two_concepts,plain2_w16_gap,pixel_permuted_template,release_default,9,observed_prob_error_reduction,100,1.0242574052097657,0.9990068245834696,1.050422834179784
two_concepts,plain2_w16_gap,pixel_permuted_template,release_default,9,additive_prob_error_reduction,100,0.9685930576726516,0.943549574159307,0.9938887569082366
two_concepts,plain2_w16_gap,pixel_permuted_template,release_default,9,centered_residual_energy_ratio,100,0.00716804870590655,0.006050372288130141,0.008541819658775804
two_concepts,plain2_w16_gap,pixel_permuted_template,release_default,9,centered_residual_norm_mpp,100,0.7288105232874064,0.6897891623335054,0.7712848286098354
two_concepts,plain2_w16_gap,pixel_permuted_template,release_default,9,cancellation_mean,100,0.19345149989414026,0.18534727078862265,0.20146020801990103
two_concepts,plain2_w16_gap,pixel_permuted_template,release_default,9,g_individual_sum_mpp,100,247.94401095214147,239.63985797159407,256.241082887671
two_concepts,plain2_w16_gap,pixel_permuted_template,release_default,9,g_cross_term_mpp,100,-68.98316028947768,-71.96817659295323,-66.0662425511728
two_concepts,plain2_w16_gap,pixel_permuted_template,release_default,9,g_nonadditive_correction_mpp,100,7.213923699360364,6.694906351856086,7.763215261695396
two_concepts,plain2_w16_gap,pixel_permuted_template,release_default,10,observed_centered_logit_fidelity,100,0.8827329709247954,0.8768006750941236,0.8887270595502674
two_concepts,plain2_w16_gap,pixel_permuted_template,release_default,10,additive_centered_logit_fidelity,100,0.8492552493809218,0.8417948638961018,0.8563940692093198
two_concepts,plain2_w16_gap,pixel_permuted_template,release_default,10,observed_prob_error_reduction,100,1.1043309580774041,1.0778930039144174,1.1293305974106458
two_concepts,plain2_w16_gap,pixel_permuted_template,release_default,10,additive_prob_error_reduction,100,1.0440733885938156,1.0195920552980222,1.069166139839404
two_concepts,plain2_w16_gap,pixel_permuted_template,release_default,10,centered_residual_energy_ratio,100,0.009933329917712973,0.00793506151725102,0.012428941442848642
two_concepts,plain2_w16_gap,pixel_permuted_template,release_default,10,centered_residual_norm_mpp,100,0.8347423734688991,0.7883567280934792,0.8850549587749901
two_concepts,plain2_w16_gap,pixel_permuted_template,release_default,10,cancellation_mean,100,0.1968126189588006,0.18863761913265154,0.2050620521504618
two_concepts,plain2_w16_gap,pixel_permuted_template,release_default,10,g_individual_sum_mpp,100,269.7951273586751,260.80260850136676,278.96092780295294
two_concepts,plain2_w16_gap,pixel_permuted_template,release_default,10,g_cross_term_mpp,100,-82.21525086805852,-85.73316158987113,-78.86497928400836
two_concepts,plain2_w16_gap,pixel_permuted_template,release_default,10,g_nonadditive_correction_mpp,100,7.410031769264567,6.821113901427822,8.065280018361289
two_concepts,plain2_w16_gap,pixel_permuted_template,release_default,11,observed_centered_logit_fidelity,100,0.9172356620821185,0.9124173283146301,0.9219048246615706
two_concepts,plain2_w16_gap,pixel_permuted_template,release_default,11,additive_centered_logit_fidelity,100,0.8833181154393123,0.8764603355151236,0.889758989527187
two_concepts,plain2_w16_gap,pixel_permuted_template,release_default,11,observed_prob_error_reduction,100,1.172195911809548,1.1476698506834486,1.1969829782784207
two_concepts,plain2_w16_gap,pixel_permuted_template,release_default,11,additive_prob_error_reduction,100,1.1091561337730729,1.0854824608124984,1.1338186954046323
two_concepts,plain2_w16_gap,pixel_permuted_template,release_default,11,centered_residual_energy_ratio,100,0.01243328429742362,0.010024816562872935,0.01531344488449112
two_concepts,plain2_w16_gap,pixel_permuted_template,release_default,11,centered_residual_norm_mpp,100,0.9341378777793655,0.8839386422597723,0.9891646679175359
two_concepts,plain2_w16_gap,pixel_permuted_template,release_default,11,cancellation_mean,100,0.19900678852633683,0.19052584682584794,0.20750116457931628
two_concepts,plain2_w16_gap,pixel_permuted_template,release_default,11,g_individual_sum_mpp,100,291.9772500505959,282.3369751280494,301.532857438662
two_concepts,plain2_w16_gap,pixel_permuted_template,release_default,11,g_cross_term_mpp,100,-96.72641820238474,-100.42378338502655,-92.996632487599
two_concepts,plain2_w16_gap,pixel_permuted_template,release_default,11,g_nonadditive_correction_mpp,100,7.39244496866691,6.801529585289118,8.036589662329964
two_concepts,plain2_w16_gap,pixel_permuted_template,release_default,12,observed_centered_logit_fidelity,100,0.9459894212638047,0.9422227652384292,0.9495857679654787
two_concepts,plain2_w16_gap,pixel_permuted_template,release_default,12,additive_centered_logit_fidelity,100,0.9122593339944336,0.9056387861738597,0.9181906881714375
two_concepts,plain2_w16_gap,pixel_permuted_template,release_default,12,observed_prob_error_reduction,100,1.226113439400082,1.202497773897549,1.2502882736946717
two_concepts,plain2_w16_gap,pixel_permuted_template,release_default,12,additive_prob_error_reduction,100,1.1620597570173092,1.1384640448750165,1.1857942300504996
two_concepts,plain2_w16_gap,pixel_permuted_template,release_default,12,centered_residual_energy_ratio,100,0.01520656003078678,0.012426450450011341,0.01865171100439279
two_concepts,plain2_w16_gap,pixel_permuted_template,release_default,12,centered_residual_norm_mpp,100,1.0367306478168794,0.9786032097450292,1.0983428559201605
two_concepts,plain2_w16_gap,pixel_permuted_template,release_default,12,cancellation_mean,100,0.20236912803608123,0.19447835269351155,0.21044803558008154
two_concepts,plain2_w16_gap,pixel_permuted_template,release_default,12,g_individual_sum_mpp,100,313.46924617868814,303.15629092793125,323.71283528285664
two_concepts,plain2_w16_gap,pixel_permuted_template,release_default,12,g_cross_term_mpp,100,-111.77195999659617,-115.99215983110585,-107.51121596331485
two_concepts,plain2_w16_gap,pixel_permuted_template,release_default,12,g_nonadditive_correction_mpp,100,7.228200536484247,6.610203310708418,7.912345141301049
two_concepts,plain2_w16_gap,pixel_permuted_template,release_default,13,observed_centered_logit_fidelity,100,0.9670007003700521,0.964438306208514,0.969502908812289
two_concepts,plain2_w16_gap,pixel_permuted_template,release_default,13,additive_centered_logit_fidelity,100,0.9344176235567246,0.9289258206208206,0.939349423283936
two_concepts,plain2_w16_gap,pixel_permuted_template,release_default,13,observed_prob_error_reduction,100,1.2650639972431639,1.2418786201600849,1.2883788499874582
two_concepts,plain2_w16_gap,pixel_permuted_template,release_default,13,additive_prob_error_reduction,100,1.201592222479307,1.1787389885277741,1.2247945709444352
two_concepts,plain2_w16_gap,pixel_permuted_template,release_default,13,centered_residual_energy_ratio,100,0.017474004189985536,0.014386100119882037,0.021094792799635095
two_concepts,plain2_w16_gap,pixel_permuted_template,release_default,13,centered_residual_norm_mpp,100,1.1210861460055195,1.0603521813301604,1.1874511214399552
two_concepts,plain2_w16_gap,pixel_permuted_template,release_default,13,cancellation_mean,100,0.20697877560248337,0.19921833729930918,0.21493062299037158
two_concepts,plain2_w16_gap,pixel_permuted_template,release_default,13,g_individual_sum_mpp,100,332.73088787688755,322.24099472324093,343.5102754068392
two_concepts,plain2_w16_gap,pixel_permuted_template,release_default,13,g_cross_term_mpp,100,-126.08573415601764,-130.759412669245,-121.41690621931782
two_concepts,plain2_w16_gap,pixel_permuted_template,release_default,13,g_nonadditive_correction_mpp,100,6.8839447427470954,6.255510915245158,7.556982256806244
two_concepts,plain2_w16_gap,pixel_permuted_template,release_default,14,observed_centered_logit_fidelity,100,0.9840429722542072,0.9825929336518751,0.9854533204010044
two_concepts,plain2_w16_gap,pixel_permuted_template,release_default,14,additive_centered_logit_fidelity,100,0.9529181635878801,0.9481125813969806,0.9573371188814978
two_concepts,plain2_w16_gap,pixel_permuted_template,release_default,14,observed_prob_error_reduction,100,1.293810128112571,1.2721439934874763,1.3154515254056947
two_concepts,plain2_w16_gap,pixel_permuted_template,release_default,14,additive_prob_error_reduction,100,1.2327365614277053,1.210499400468319,1.2541777065073296
two_concepts,plain2_w16_gap,pixel_permuted_template,release_default,14,centered_residual_energy_ratio,100,0.02048412091340601,0.01716143924853323,0.024439041658676195
two_concepts,plain2_w16_gap,pixel_permuted_template,release_default,14,centered_residual_norm_mpp,100,1.2193036600985385,1.1519555265537091,1.2932754451620756
two_concepts,plain2_w16_gap,pixel_permuted_template,release_default,14,cancellation_mean,100,0.21227027133958087,0.20445521734486816,0.22018287811250697
two_concepts,plain2_w16_gap,pixel_permuted_template,release_default,14,g_individual_sum_mpp,100,352.305876215212,341.0192660898982,363.78231200824786
two_concepts,plain2_w16_gap,pixel_permuted_template,release_default,14,g_cross_term_mpp,100,-141.6447658752974,-146.6048860885765,-136.6745720968637
two_concepts,plain2_w16_gap,pixel_permuted_template,release_default,14,g_nonadditive_correction_mpp,100,6.4609086349723475,5.837677706984614,7.15139369287353
two_concepts,plain2_w16_gap,pixel_permuted_template,release_default,15,observed_centered_logit_fidelity,100,0.9947950446112851,0.9941927023659133,0.995363615959286
two_concepts,plain2_w16_gap,pixel_permuted_template,release_default,15,additive_centered_logit_fidelity,100,0.9653856392707446,0.9603530849218457,0.9697122200292022
two_concepts,plain2_w16_gap,pixel_permuted_template,release_default,15,observed_prob_error_reduction,100,1.3108230510433743,1.2891054035380216,1.3320951630413096
two_concepts,plain2_w16_gap,pixel_permuted_template,release_default,15,additive_prob_error_reduction,100,1.2523490888019249,1.230996581520623,1.2733737812551136
two_concepts,plain2_w16_gap,pixel_permuted_template,release_default,15,centered_residual_energy_ratio,100,0.023792438307181613,0.020040216240946665,0.028247223782033856
two_concepts,plain2_w16_gap,pixel_permuted_template,release_default,15,centered_residual_norm_mpp,100,1.315149252419954,1.2452351478566608,1.3907040165302833
two_concepts,plain2_w16_gap,pixel_permuted_template,release_default,15,cancellation_mean,100,0.2173203835855012,0.209423678050951,0.22512574721091355
two_concepts,plain2_w16_gap,pixel_permuted_template,release_default,15,g_individual_sum_mpp,100,371.2130714256611,359.51071124978455,382.8292685490783
two_concepts,plain2_w16_gap,pixel_permuted_template,release_default,15,g_cross_term_mpp,100,-157.77483663133836,-163.16074267574427,-152.48385511741822
two_concepts,plain2_w16_gap,pixel_permuted_template,release_default,15,g_nonadditive_correction_mpp,100,5.98092639474071,5.319102723986879,6.704439749730435
two_concepts,plain2_w16_gap,pixel_permuted_template,release_default,16,observed_centered_logit_fidelity,100,1.0,1.0,1.0
two_concepts,plain2_w16_gap,pixel_permuted_template,release_default,16,additive_centered_logit_fidelity,100,0.9726352178821562,0.9677931328358723,0.9768744675782126
two_concepts,plain2_w16_gap,pixel_permuted_template,release_default,16,observed_prob_error_reduction,100,1.3181447002352749,1.2968674277111985,1.3391154912567385
two_concepts,plain2_w16_gap,pixel_permuted_template,release_default,16,additive_prob_error_reduction,100,1.2612676263912457,1.2399012345909202,1.2827967801815523
two_concepts,plain2_w16_gap,pixel_permuted_template,release_default,16,centered_residual_energy_ratio,100,0.027364782117843798,0.02316128700859157,0.03224310696137892
two_concepts,plain2_w16_gap,pixel_permuted_template,release_default,16,centered_residual_norm_mpp,100,1.4178180750987703,1.3426844201378965,1.4985972873519975
two_concepts,plain2_w16_gap,pixel_permuted_template,release_default,16,cancellation_mean,100,0.22078966219517743,0.2133566785237898,0.228468844682953
two_concepts,plain2_w16_gap,pixel_permuted_template,release_default,16,g_individual_sum_mpp,100,389.56859503182903,377.72249359879476,401.27620183178357
two_concepts,plain2_w16_gap,pixel_permuted_template,release_default,16,g_cross_term_mpp,100,-174.52876704414186,-179.9208733690043,-169.18587128080273
two_concepts,plain2_w16_gap,pixel_permuted_template,release_default,16,g_nonadditive_correction_mpp,100,5.452080024597434,4.767493577905768,6.2062049216407384
two_concepts,plain2_w16_gap,pixel_permuted_template,retention_1,0,observed_centered_logit_fidelity,100,0.0,0.0,0.0
two_concepts,plain2_w16_gap,pixel_permuted_template,retention_1,0,additive_centered_logit_fidelity,100,0.0,0.0,0.0
two_concepts,plain2_w16_gap,pixel_permuted_template,retention_1,0,observed_prob_error_reduction,100,0.0,0.0,0.0
two_concepts,plain2_w16_gap,pixel_permuted_template,retention_1,0,additive_prob_error_reduction,100,0.0,0.0,0.0
two_concepts,plain2_w16_gap,pixel_permuted_template,retention_1,0,centered_residual_energy_ratio,100,0.0,0.0,0.0
two_concepts,plain2_w16_gap,pixel_permuted_template,retention_1,0,centered_residual_norm_mpp,100,0.0,0.0,0.0
two_concepts,plain2_w16_gap,pixel_permuted_template,retention_1,0,cancellation_mean,0,,,
two_concepts,plain2_w16_gap,pixel_permuted_template,retention_1,0,g_individual_sum_mpp,100,0.0,0.0,0.0
two_concepts,plain2_w16_gap,pixel_permuted_template,retention_1,0,g_cross_term_mpp,100,0.0,0.0,0.0
two_concepts,plain2_w16_gap,pixel_permuted_template,retention_1,0,g_nonadditive_correction_mpp,100,0.0,0.0,0.0
two_concepts,plain2_w16_gap,pixel_permuted_template,retention_1,1,observed_centered_logit_fidelity,100,0.13622632746932864,0.12450578165127485,0.1480473363822839
two_concepts,plain2_w16_gap,pixel_permuted_template,retention_1,1,additive_centered_logit_fidelity,100,0.13622632746932864,0.12443733696585287,0.1480564033910814
two_concepts,plain2_w16_gap,pixel_permuted_template,retention_1,1,observed_prob_error_reduction,100,0.05215224506668837,0.04769784818298014,0.05687837487248392
two_concepts,plain2_w16_gap,pixel_permuted_template,retention_1,1,additive_prob_error_reduction,100,0.05215224506668837,0.04771218751009406,0.056903082691701794
two_concepts,plain2_w16_gap,pixel_permuted_template,retention_1,1,centered_residual_energy_ratio,100,0.0,0.0,0.0
two_concepts,plain2_w16_gap,pixel_permuted_template,retention_1,1,centered_residual_norm_mpp,100,0.0,0.0,0.0
two_concepts,plain2_w16_gap,pixel_permuted_template,retention_1,1,cancellation_mean,100,0.0,0.0,0.0
two_concepts,plain2_w16_gap,pixel_permuted_template,retention_1,1,g_individual_sum_mpp,100,6.0268063614319205,5.510159046213936,6.588976320691036
two_concepts,plain2_w16_gap,pixel_permuted_template,retention_1,1,g_cross_term_mpp,100,0.0,0.0,0.0
two_concepts,plain2_w16_gap,pixel_permuted_template,retention_1,1,g_nonadditive_correction_mpp,100,0.0,0.0,0.0
two_concepts,plain2_w16_gap,pixel_permuted_template,retention_1,2,observed_centered_logit_fidelity,100,0.26045285338446894,0.24590308421602355,0.2756643503284965
two_concepts,plain2_w16_gap,pixel_permuted_template,retention_1,2,additive_centered_logit_fidelity,100,0.2573799529536443,0.2424156832724216,0.2725642925625297
two_concepts,plain2_w16_gap,pixel_permuted_template,retention_1,2,observed_prob_error_reduction,100,0.10623162472589862,0.09914141530336283,0.1138666887251626
two_concepts,plain2_w16_gap,pixel_permuted_template,retention_1,2,additive_prob_error_reduction,100,0.10504992306680451,0.09772541892528479,0.11262178596645504
two_concepts,plain2_w16_gap,pixel_permuted_template,retention_1,2,centered_residual_energy_ratio,100,0.00010072385744043337,7.828375948022491e-05,0.00012596588214587018
two_concepts,plain2_w16_gap,pixel_permuted_template,retention_1,2,centered_residual_norm_mpp,100,0.030076835165633812,0.02702030800294883,0.033274930059981465
two_concepts,plain2_w16_gap,pixel_permuted_template,retention_1,2,cancellation_mean,100,0.11593122034918517,0.10696163390450313,0.12504187664626767
two_concepts,plain2_w16_gap,pixel_permuted_template,retention_1,2,g_individual_sum_mpp,100,11.896812459474024,11.127844843184121,12.697111337552347
two_concepts,plain2_w16_gap,pixel_permuted_template,retention_1,2,g_cross_term_mpp,100,-0.5550706840756942,-0.6489522116962203,-0.47054874002820557
two_concepts,plain2_w16_gap,pixel_permuted_template,retention_1,2,g_nonadditive_correction_mpp,100,0.1493527774793259,0.11064715917955942,0.18775107137417407
two_concepts,plain2_w16_gap,pixel_permuted_template,retention_1,3,observed_centered_logit_fidelity,100,0.38021966346991676,0.36329603737251137,0.39693348749719837
two_concepts,plain2_w16_gap,pixel_permuted_template,retention_1,3,additive_centered_logit_fidelity,100,0.3739239637242445,0.3569422374026535,0.39064014967655464
two_concepts,plain2_w16_gap,pixel_permuted_template,retention_1,3,observed_prob_error_reduction,100,0.16672576141594875,0.1568302050946537,0.17661923019963913
two_concepts,plain2_w16_gap,pixel_permuted_template,retention_1,3,additive_prob_error_reduction,100,0.1639645195304754,0.15473197412232348,0.17393690985631444
two_concepts,plain2_w16_gap,pixel_permuted_template,retention_1,3,centered_residual_energy_ratio,100,0.00029250810821881826,0.00023441206405317713,0.00035851643496712614
two_concepts,plain2_w16_gap,pixel_permuted_template,retention_1,3,centered_residual_norm_mpp,100,0.05804853058942504,0.053112978911124965,0.06334000651864229
two_concepts,plain2_w16_gap,pixel_permuted_template,retention_1,3,cancellation_mean,100,0.1525370479154356,0.1427103927710549,0.1624923854563122
two_concepts,plain2_w16_gap,pixel_permuted_template,retention_1,3,g_individual_sum_mpp,100,17.999209967241903,16.972224569483455,19.057437508927393
two_concepts,plain2_w16_gap,pixel_permuted_template,retention_1,3,g_cross_term_mpp,100,-1.5163202554481794,-1.706385131076506,-1.3417502181130712
two_concepts,plain2_w16_gap,pixel_permuted_template,retention_1,3,g_nonadditive_correction_mpp,100,0.29946552212453165,0.2464684595129697,0.35556251728523763
two_concepts,plain2_w16_gap,pixel_permuted_template,retention_1,4,observed_centered_logit_fidelity,100,0.47976193748857826,0.4630860858650271,0.49641999162321887
two_concepts,plain2_w16_gap,pixel_permuted_template,retention_1,4,additive_centered_logit_fidelity,100,0.4702507806194825,0.45387979193783,0.4864734346181809
two_concepts,plain2_w16_gap,pixel_permuted_template,retention_1,4,observed_prob_error_reduction,100,0.22245871796341832,0.2112116949712514,0.2342882217792364
two_concepts,plain2_w16_gap,pixel_permuted_template,retention_1,4,additive_prob_error_reduction,100,0.2177451285613302,0.20662725468735396,0.22923169887198705
two_concepts,plain2_w16_gap,pixel_permuted_template,retention_1,4,centered_residual_energy_ratio,100,0.0005781139831727573,0.00047437939693347424,0.0006959780338944726
two_concepts,plain2_w16_gap,pixel_permuted_template,retention_1,4,centered_residual_norm_mpp,100,0.0866751341007764,0.08054746926118977,0.0931377437978185
two_concepts,plain2_w16_gap,pixel_permuted_template,retention_1,4,cancellation_mean,100,0.18230749789631343,0.17164035305787698,0.19280191798777746
two_concepts,plain2_w16_gap,pixel_permuted_template,retention_1,4,g_individual_sum_mpp,100,23.45066746981688,22.208582813595605,24.670839681938787
two_concepts,plain2_w16_gap,pixel_permuted_template,retention_1,4,g_cross_term_mpp,100,-2.757542536503262,-3.0062968406708377,-2.5087298904135853
two_concepts,plain2_w16_gap,pixel_permuted_template,retention_1,4,g_nonadditive_correction_mpp,100,0.45842888182537295,0.3915322849785011,0.5305188100617435
two_concepts,plain2_w16_gap,pixel_permuted_template,retention_1,5,observed_centered_logit_fidelity,100,0.566185771773108,0.5507530567928745,0.5819274207767533
two_concepts,plain2_w16_gap,pixel_permuted_template,retention_1,5,additive_centered_logit_fidelity,100,0.5538491328260919,0.5377570026628992,0.569725360612678
two_concepts,plain2_w16_gap,pixel_permuted_template,retention_1,5,observed_prob_error_reduction,100,0.27634988302917635,0.2635660622348659,0.28941012592850374
two_concepts,plain2_w16_gap,pixel_permuted_template,retention_1,5,additive_prob_error_reduction,100,0.2696081975415956,0.2573154999099229,0.2825032799713157
two_concepts,plain2_w16_gap,pixel_permuted_template,retention_1,5,centered_residual_energy_ratio,100,0.0009873391908759841,0.0008136549431053476,0.0011880171687479212
two_concepts,plain2_w16_gap,pixel_permuted_template,retention_1,5,centered_residual_norm_mpp,100,0.11696679935808695,0.10887299620207716,0.1257694146345188
two_concepts,plain2_w16_gap,pixel_permuted_template,retention_1,5,cancellation_mean,100,0.19093471604337714,0.18039822260853758,0.20150467218216375
two_concepts,plain2_w16_gap,pixel_permuted_template,retention_1,5,g_individual_sum_mpp,100,28.745184109442047,27.342031779419987,30.160312578217564
two_concepts,plain2_w16_gap,pixel_permuted_template,retention_1,5,g_cross_term_mpp,100,-4.360682716292267,-4.698796233459384,-4.036947081320256
two_concepts,plain2_w16_gap,pixel_permuted_template,retention_1,5,g_nonadditive_correction_mpp,100,0.6003726452579563,0.5144705283226425,0.698880231182517
two_concepts,plain2_w16_gap,pixel_permuted_template,retention_1,6,observed_centered_logit_fidelity,100,0.6458599015245323,0.6308548987430017,0.6603958844784498
two_concepts,plain2_w16_gap,pixel_permuted_template,retention_1,6,additive_centered_logit_fidelity,100,0.6312202489556088,0.61583993925775,0.6462409738768006
two_concepts,plain2_w16_gap,pixel_permuted_template,retention_1,6,observed_prob_error_reduction,100,0.32793758133611983,0.31391485128696767,0.34216067390834454
two_concepts,plain2_w16_gap,pixel_permuted_template,retention_1,6,additive_prob_error_reduction,100,0.31886338649261736,0.30511877822762346,0.33304730932825166
two_concepts,plain2_w16_gap,pixel_permuted_template,retention_1,6,centered_residual_energy_ratio,100,0.0014952656000563685,0.0012494767941172303,0.0017739644798609522
two_concepts,plain2_w16_gap,pixel_permuted_template,retention_1,6,centered_residual_norm_mpp,100,0.14715971331598834,0.13768844879129968,0.1572998786349999
two_concepts,plain2_w16_gap,pixel_permuted_template,retention_1,6,cancellation_mean,100,0.19934883214174953,0.18896546979695295,0.20943457472137164
two_concepts,plain2_w16_gap,pixel_permuted_template,retention_1,6,g_individual_sum_mpp,100,34.17880916754045,32.63893231041019,35.76476555891983
two_concepts,plain2_w16_gap,pixel_permuted_template,retention_1,6,g_cross_term_mpp,100,-6.3450807241124405,-6.805205922586771,-5.914131619369471
two_concepts,plain2_w16_gap,pixel_permuted_template,retention_1,6,g_nonadditive_correction_mpp,100,0.7058625648778519,0.6160497574511974,0.8111897106821878
two_concepts,plain2_w16_gap,pixel_permuted_template,retention_1,7,observed_centered_logit_fidelity,100,0.7153300307608343,0.7014193776716016,0.7297040772540743
two_concepts,plain2_w16_gap,pixel_permuted_template,retention_1,7,additive_centered_logit_fidelity,100,0.6990612380223356,0.6844289999856231,0.7134801951741251
two_concepts,plain2_w16_gap,pixel_permuted_template,retention_1,7,observed_prob_error_reduction,100,0.37590327129509377,0.36062789783415966,0.391792333944529
two_concepts,plain2_w16_gap,pixel_permuted_template,retention_1,7,additive_prob_error_reduction,100,0.36479067750612015,0.34973650783728266,0.3804096115828279
two_concepts,plain2_w16_gap,pixel_permuted_template,retention_1,7,centered_residual_energy_ratio,100,0.0021099379968732516,0.0017723522931738065,0.002507817503048026
two_concepts,plain2_w16_gap,pixel_permuted_template,retention_1,7,centered_residual_norm_mpp,100,0.17637709519590522,0.16555420911335603,0.18755104950922194
two_concepts,plain2_w16_gap,pixel_permuted_template,retention_1,7,cancellation_mean,100,0.21078439202884802,0.2010187937313769,0.22069080231469898
two_concepts,plain2_w16_gap,pixel_permuted_template,retention_1,7,g_individual_sum_mpp,100,39.206090894791345,37.42700373930764,41.01536870344177
two_concepts,plain2_w16_gap,pixel_permuted_template,retention_1,7,g_cross_term_mpp,100,-8.373526462352327,-8.914019362361705,-7.8429184685969755
two_concepts,plain2_w16_gap,pixel_permuted_template,retention_1,7,g_nonadditive_correction_mpp,100,0.7649339986154575,0.6756890387851185,0.8663117092254214
two_concepts,plain2_w16_gap,pixel_permuted_template,retention_1,8,observed_centered_logit_fidelity,100,0.7741618968739337,0.7616619963892279,0.7866636424421531
two_concepts,plain2_w16_gap,pixel_permuted_template,retention_1,8,additive_centered_logit_fidelity,100,0.7563622307394176,0.742744922255454,0.7693898526618809
two_concepts,plain2_w16_gap,pixel_permuted_template,retention_1,8,observed_prob_error_reduction,100,0.4165268135044653,0.40058172709910544,0.4330528269102861
two_concepts,plain2_w16_gap,pixel_permuted_template,retention_1,8,additive_prob_error_reduction,100,0.40360317745075386,0.38837569091731267,0.41957313400650886
two_concepts,plain2_w16_gap,pixel_permuted_template,retention_1,8,centered_residual_energy_ratio,100,0.0028846670633053094,0.002319489456843106,0.003653953228649956
two_concepts,plain2_w16_gap,pixel_permuted_template,retention_1,8,centered_residual_norm_mpp,100,0.20562112226614956,0.19330992178394904,0.21926135276006686
two_concepts,plain2_w16_gap,pixel_permuted_template,retention_1,8,cancellation_mean,100,0.21467588712490662,0.2054062893540525,0.22407780464379254
two_concepts,plain2_w16_gap,pixel_permuted_template,retention_1,8,g_individual_sum_mpp,100,43.90081886101231,41.994150312788975,45.90479850811513
two_concepts,plain2_w16_gap,pixel_permuted_template,retention_1,8,g_cross_term_mpp,100,-10.639135252230806,-11.319454117556779,-9.988593524420722
two_concepts,plain2_w16_gap,pixel_permuted_template,retention_1,8,g_nonadditive_correction_mpp,100,0.8240052714252113,0.7266529510382852,0.9326769795971539
two_concepts,plain2_w16_gap,pixel_permuted_template,retention_1,9,observed_centered_logit_fidelity,100,0.8272632951870554,0.8165705570954054,0.8380456226939149
two_concepts,plain2_w16_gap,pixel_permuted_template,retention_1,9,additive_centered_logit_fidelity,100,0.808523448648296,0.7968199563421058,0.8199830984978124
two_concepts,plain2_w16_gap,pixel_permuted_template,retention_1,9,observed_prob_error_reduction,100,0.4559225581550432,0.4403576520482773,0.47204427035058755
two_concepts,plain2_w16_gap,pixel_permuted_template,retention_1,9,additive_prob_error_reduction,100,0.44137400157948276,0.42617233795133885,0.45667191165855897
two_concepts,plain2_w16_gap,pixel_permuted_template,retention_1,9,centered_residual_energy_ratio,100,0.0038809329921007185,0.0031180140626362795,0.0049150047678550145
two_concepts,plain2_w16_gap,pixel_permuted_template,retention_1,9,centered_residual_norm_mpp,100,0.23815456575418564,0.22278559034788534,0.2548556409096899
two_concepts,plain2_w16_gap,pixel_permuted_template,retention_1,9,cancellation_mean,100,0.2219979451375473,0.21268610572948737,0.2316439548287423
two_concepts,plain2_w16_gap,pixel_permuted_template,retention_1,9,g_individual_sum_mpp,100,48.765398549271666,46.71186745770031,50.87438608421171
two_concepts,plain2_w16_gap,pixel_permuted_template,retention_1,9,g_cross_term_mpp,100,-13.232045203892314,-13.99170693250976,-12.498117667446612
two_concepts,plain2_w16_gap,pixel_permuted_template,retention_1,9,g_nonadditive_correction_mpp,100,0.8549916980767529,0.750884290322973,0.9793841321153469
two_concepts,plain2_w16_gap,pixel_permuted_template,retention_1,10,observed_centered_logit_fidelity,100,0.8712796864876935,0.8627138056328335,0.8797943965023467
two_concepts,plain2_w16_gap,pixel_permuted_template,retention_1,10,additive_centered_logit_fidelity,100,0.8521299447530869,0.8426140816878587,0.861215518374275
two_concepts,plain2_w16_gap,pixel_permuted_template,retention_1,10,observed_prob_error_reduction,100,0.48888851024019303,0.47297238714091566,0.5051392514825339
two_concepts,plain2_w16_gap,pixel_permuted_template,retention_1,10,additive_prob_error_reduction,100,0.4731832530202907,0.4578707212949533,0.4893230408008624
two_concepts,plain2_w16_gap,pixel_permuted_template,retention_1,10,centered_residual_energy_ratio,100,0.004997332656420255,0.004002273343632575,0.006345516627316286
two_concepts,plain2_w16_gap,pixel_permuted_template,retention_1,10,centered_residual_norm_mpp,100,0.27032414891723716,0.2527128302937606,0.28916608655597775
two_concepts,plain2_w16_gap,pixel_permuted_template,retention_1,10,cancellation_mean,100,0.2277736952322554,0.21879781305971063,0.23669318421800806
two_concepts,plain2_w16_gap,pixel_permuted_template,retention_1,10,g_individual_sum_mpp,100,53.19022903612853,51.03518891772098,55.36515026967891
two_concepts,plain2_w16_gap,pixel_permuted_template,retention_1,10,g_cross_term_mpp,100,-15.82365156816722,-16.633974861737023,-15.008407817755423
two_concepts,plain2_w16_gap,pixel_permuted_template,retention_1,10,g_nonadditive_correction_mpp,100,0.8575635685176073,0.7535591352931087,0.9719016084188455
two_concepts,plain2_w16_gap,pixel_permuted_template,retention_1,11,observed_centered_logit_fidelity,100,0.9063748560518613,0.8988107391122943,0.9136641388414805
two_concepts,plain2_w16_gap,pixel_permuted_template,retention_1,11,additive_centered_logit_fidelity,100,0.8874672988832866,0.8790071745195775,0.8956794652315078
two_concepts,plain2_w16_gap,pixel_permuted_template,retention_1,11,observed_prob_error_reduction,100,0.5164533685610455,0.5003329775860444,0.5332145467270876
two_concepts,plain2_w16_gap,pixel_permuted_template,retention_1,11,additive_prob_error_reduction,100,0.5003547329480653,0.4847809202184382,0.5166687811271924
two_concepts,plain2_w16_gap,pixel_permuted_template,retention_1,11,centered_residual_energy_ratio,100,0.006123576259626624,0.004940039858752867,0.007696027538297577
two_concepts,plain2_w16_gap,pixel_permuted_template,retention_1,11,centered_residual_norm_mpp,100,0.3001513104521381,0.28163527952305445,0.32007269051126325
two_concepts,plain2_w16_gap,pixel_permuted_template,retention_1,11,cancellation_mean,100,0.2341923155974776,0.22571213626345368,0.2427213127626846
two_concepts,plain2_w16_gap,pixel_permuted_template,retention_1,11,g_individual_sum_mpp,100,57.718508057031016,55.49652608979378,59.94785829257339
two_concepts,plain2_w16_gap,pixel_permuted_template,retention_1,11,g_cross_term_mpp,100,-18.76602161882041,-19.653329932245306,-17.923701157483272
two_concepts,plain2_w16_gap,pixel_permuted_template,retention_1,11,g_nonadditive_correction_mpp,100,0.8308221371523866,0.7338256314588061,0.9422498527348756
two_concepts,plain2_w16_gap,pixel_permuted_template,retention_1,12,observed_centered_logit_fidelity,100,0.9370242097973761,0.9312354589309201,0.9427672494889605
two_concepts,plain2_w16_gap,pixel_permuted_template,retention_1,12,additive_centered_logit_fidelity,100,0.9185080474653451,0.9111939801875477,0.9255568048684284
two_concepts,plain2_w16_gap,pixel_permuted_template,retention_1,12,observed_prob_error_reduction,100,0.5397850838318073,0.5232234579025128,0.5563059785191824
two_concepts,plain2_w16_gap,pixel_permuted_template,retention_1,12,additive_prob_error_reduction,100,0.5236748481783221,0.5081145489268896,0.5395242067527493
two_concepts,plain2_w16_gap,pixel_permuted_template,retention_1,12,centered_residual_energy_ratio,100,0.007514091756831629,0.00606572229062462,0.009304538134173692
two_concepts,plain2_w16_gap,pixel_permuted_template,retention_1,12,centered_residual_norm_mpp,100,0.3322474112742533,0.31228942882212385,0.3539299254052956
two_concepts,plain2_w16_gap,pixel_permuted_template,retention_1,12,cancellation_mean,100,0.24194255978439488,0.23384450168029636,0.25041718318217615
two_concepts,plain2_w16_gap,pixel_permuted_template,retention_1,12,g_individual_sum_mpp,100,62.25422297644471,59.96136844321341,64.62497266807289
two_concepts,plain2_w16_gap,pixel_permuted_template,retention_1,12,g_cross_term_mpp,100,-21.940184566172537,-22.910345206313085,-20.98374283691857
two_concepts,plain2_w16_gap,pixel_permuted_template,retention_1,12,g_nonadditive_correction_mpp,100,0.7972928115757921,0.7026422601954754,0.9005283467325291
two_concepts,plain2_w16_gap,pixel_permuted_template,retention_1,13,observed_centered_logit_fidelity,100,0.9595450420780393,0.9548676727723455,0.9638892166351924
two_concepts,plain2_w16_gap,pixel_permuted_template,retention_1,13,additive_centered_logit_fidelity,100,0.9416906330586875,0.9357908228406604,0.9474563442564305
two_concepts,plain2_w16_gap,pixel_permuted_template,retention_1,13,observed_prob_error_reduction,100,0.5567080516152081,0.5405280957087839,0.5734848107847398
two_concepts,plain2_w16_gap,pixel_permuted_template,retention_1,13,additive_prob_error_reduction,100,0.5410900655208929,0.5253754611170354,0.5571241555711083
two_concepts,plain2_w16_gap,pixel_permuted_template,retention_1,13,centered_residual_energy_ratio,100,0.009056305287005571,0.007447369029673627,0.010967347977380979
two_concepts,plain2_w16_gap,pixel_permuted_template,retention_1,13,centered_residual_norm_mpp,100,0.3668073713295058,0.3445535232124253,0.39029299518224575
two_concepts,plain2_w16_gap,pixel_permuted_template,retention_1,13,cancellation_mean,100,0.24813624357003536,0.24027063402259802,0.2560082402419767
two_concepts,plain2_w16_gap,pixel_permuted_template,retention_1,13,g_individual_sum_mpp,100,66.4942407316942,64.13844794183318,68.95222320460539
two_concepts,plain2_w16_gap,pixel_permuted_template,retention_1,13,g_cross_term_mpp,100,-25.162057122247294,-26.2297419455486,-24.101052277331203
two_concepts,plain2_w16_gap,pixel_permuted_template,retention_1,13,g_nonadditive_correction_mpp,100,0.7466346373733941,0.6549472095416053,0.8467992352988206
two_concepts,plain2_w16_gap,pixel_permuted_template,retention_1,14,observed_centered_logit_fidelity,100,0.9795017448665952,0.9769137390321458,0.9819904708254799
two_concepts,plain2_w16_gap,pixel_permuted_template,retention_1,14,additive_centered_logit_fidelity,100,0.9628729827620022,0.958540365712383,0.9668949705041845
two_concepts,plain2_w16_gap,pixel_permuted_template,retention_1,14,observed_prob_error_reduction,100,0.5712037591283768,0.5545650802220181,0.5879251138170373
two_concepts,plain2_w16_gap,pixel_permuted_template,retention_1,14,additive_prob_error_reduction,100,0.5567416084212621,0.5409773177483315,0.5730307282437385
two_concepts,plain2_w16_gap,pixel_permuted_template,retention_1,14,centered_residual_energy_ratio,100,0.010672638007739106,0.008776569032525192,0.012982110249093922
two_concepts,plain2_w16_gap,pixel_permuted_template,retention_1,14,centered_residual_norm_mpp,100,0.3966956004229113,0.3728038057297886,0.42206338139896105
two_concepts,plain2_w16_gap,pixel_permuted_template,retention_1,14,cancellation_mean,100,0.25392581190640195,0.24630194279383574,0.261700762118055
two_concepts,plain2_w16_gap,pixel_permuted_template,retention_1,14,g_individual_sum_mpp,100,70.62331781474818,68.07733625109499,73.2245605195045
two_concepts,plain2_w16_gap,pixel_permuted_template,retention_1,14,g_cross_term_mpp,100,-28.369170224487963,-29.47633529514656,-27.27911610649104
two_concepts,plain2_w16_gap,pixel_permuted_template,retention_1,14,g_nonadditive_correction_mpp,100,0.6701128154548887,0.5870046985303696,0.7604429327519905
two_concepts,plain2_w16_gap,pixel_permuted_template,retention_1,15,observed_centered_logit_fidelity,100,0.9932376898335497,0.9923626059352398,0.9940649198557934
two_concepts,plain2_w16_gap,pixel_permuted_template,retention_1,15,additive_centered_logit_fidelity,100,0.977604493445559,0.9742910199889522,0.9805058896676575
two_concepts,plain2_w16_gap,pixel_permuted_template,retention_1,15,observed_prob_error_reduction,100,0.5808783924116118,0.5641553206568231,0.5978608673756834
two_concepts,plain2_w16_gap,pixel_permuted_template,retention_1,15,additive_prob_error_reduction,100,0.567539263108943,0.5515446438733891,0.5840180212057051
two_concepts,plain2_w16_gap,pixel_permuted_template,retention_1,15,centered_residual_energy_ratio,100,0.012598060907796735,0.01029149562283563,0.015254421450790716
two_concepts,plain2_w16_gap,pixel_permuted_template,retention_1,15,centered_residual_norm_mpp,100,0.4293846527627088,0.4019510249327564,0.457053144032948
two_concepts,plain2_w16_gap,pixel_permuted_template,retention_1,15,cancellation_mean,100,0.2613913342811684,0.25410639580782396,0.2689781786157176
two_concepts,plain2_w16_gap,pixel_permuted_template,retention_1,15,g_individual_sum_mpp,100,74.38147955061005,71.75256739554918,77.02263991334189
two_concepts,plain2_w16_gap,pixel_permuted_template,retention_1,15,g_cross_term_mpp,100,-31.491978529128332,-32.64486507576718,-30.398557839317405
two_concepts,plain2_w16_gap,pixel_permuted_template,retention_1,15,g_nonadditive_correction_mpp,100,0.6065815011610243,0.5272394152237498,0.6929743586200668
two_concepts,plain2_w16_gap,pixel_permuted_template,retention_1,16,observed_centered_logit_fidelity,100,1.0,1.0,1.0
two_concepts,plain2_w16_gap,pixel_permuted_template,retention_1,16,additive_centered_logit_fidelity,100,0.9850792442463765,0.9819936158364495,0.9877852038608184
two_concepts,plain2_w16_gap,pixel_permuted_template,retention_1,16,observed_prob_error_reduction,100,0.585299073984358,0.5693629068130232,0.6023185040608481
two_concepts,plain2_w16_gap,pixel_permuted_template,retention_1,16,additive_prob_error_reduction,100,0.5731189299362983,0.5572130105235028,0.5890406684678808
two_concepts,plain2_w16_gap,pixel_permuted_template,retention_1,16,centered_residual_energy_ratio,100,0.014920755753623345,0.012190595863198924,0.018001694262021802
two_concepts,plain2_w16_gap,pixel_permuted_template,retention_1,16,centered_residual_norm_mpp,100,0.4633940826526841,0.4340423579971443,0.4936171090621539
two_concepts,plain2_w16_gap,pixel_permuted_template,retention_1,16,cancellation_mean,100,0.27121854164806547,0.2638079228588616,0.2788958365400702
two_concepts,plain2_w16_gap,pixel_permuted_template,retention_1,16,g_individual_sum_mpp,100,77.44498482649908,74.70068602309341,80.20675695929555
two_concepts,plain2_w16_gap,pixel_permuted_template,retention_1,16,g_cross_term_mpp,100,-34.21591909134687,-35.452560632181346,-32.97652560630227
two_concepts,plain2_w16_gap,pixel_permuted_template,retention_1,16,g_nonadditive_correction_mpp,100,0.5475128075839721,0.4710118245090555,0.6296095553241005
two_concepts,plain2_w16_gap,structured_template,release_default,0,observed_centered_logit_fidelity,100,0.0,0.0,0.0
two_concepts,plain2_w16_gap,structured_template,release_default,0,additive_centered_logit_fidelity,100,0.0,0.0,0.0
two_concepts,plain2_w16_gap,structured_template,release_default,0,observed_prob_error_reduction,100,0.0,0.0,0.0
two_concepts,plain2_w16_gap,structured_template,release_default,0,additive_prob_error_reduction,100,0.0,0.0,0.0
two_concepts,plain2_w16_gap,structured_template,release_default,0,centered_residual_energy_ratio,100,0.0,0.0,0.0
two_concepts,plain2_w16_gap,structured_template,release_default,0,centered_residual_norm_mpp,100,0.0,0.0,0.0
two_concepts,plain2_w16_gap,structured_template,release_default,0,cancellation_mean,0,,,
two_concepts,plain2_w16_gap,structured_template,release_default,0,g_individual_sum_mpp,100,0.0,0.0,0.0
two_concepts,plain2_w16_gap,structured_template,release_default,0,g_cross_term_mpp,100,0.0,0.0,0.0
two_concepts,plain2_w16_gap,structured_template,release_default,0,g_nonadditive_correction_mpp,100,0.0,0.0,0.0
two_concepts,plain2_w16_gap,structured_template,release_default,1,observed_centered_logit_fidelity,100,0.04932336821431216,0.03694252835792498,0.06249934029946922
two_concepts,plain2_w16_gap,structured_template,release_default,1,additive_centered_logit_fidelity,100,0.04932336821431216,0.036565920746385996,0.06230881909263934
two_concepts,plain2_w16_gap,structured_template,release_default,1,observed_prob_error_reduction,100,0.06415019230698947,0.05892568812292265,0.06940691918530653
two_concepts,plain2_w16_gap,structured_template,release_default,1,additive_prob_error_reduction,100,0.06415019230698947,0.058814434499107913,0.06932089921282267
two_concepts,plain2_w16_gap,structured_template,release_default,1,centered_residual_energy_ratio,100,0.0,0.0,0.0
two_concepts,plain2_w16_gap,structured_template,release_default,1,centered_residual_norm_mpp,100,0.0,0.0,0.0
two_concepts,plain2_w16_gap,structured_template,release_default,1,cancellation_mean,100,0.0,0.0,0.0
two_concepts,plain2_w16_gap,structured_template,release_default,1,g_individual_sum_mpp,100,14.32049343274565,10.754027177423968,18.169397312078672
two_concepts,plain2_w16_gap,structured_template,release_default,1,g_cross_term_mpp,100,0.0,0.0,0.0
two_concepts,plain2_w16_gap,structured_template,release_default,1,g_nonadditive_correction_mpp,100,0.0,0.0,0.0
two_concepts,plain2_w16_gap,structured_template,release_default,2,observed_centered_logit_fidelity,100,0.19367597997851568,0.1787468180977364,0.20863958440156793
two_concepts,plain2_w16_gap,structured_template,release_default,2,additive_centered_logit_fidelity,100,0.19288704728389153,0.17824481606213832,0.20769889307911277
two_concepts,plain2_w16_gap,structured_template,release_default,2,observed_prob_error_reduction,100,0.16041574525697283,0.15014960560575735,0.1705249289502549
two_concepts,plain2_w16_gap,structured_template,release_default,2,additive_prob_error_reduction,100,0.1591967990286403,0.14927719627966643,0.16900669228276338
two_concepts,plain2_w16_gap,structured_template,release_default,2,centered_residual_energy_ratio,100,5.089148331280881e-05,3.975739768948795e-05,6.337256538810264e-05
two_concepts,plain2_w16_gap,structured_template,release_default,2,centered_residual_norm_mpp,100,0.057752465589695795,0.05373739051773304,0.061917199130604436
two_concepts,plain2_w16_gap,structured_template,release_default,2,cancellation_mean,100,0.17809866424743262,0.16512973845794598,0.19091165391107262
two_concepts,plain2_w16_gap,structured_template,release_default,2,g_individual_sum_mpp,100,53.54246302595403,48.850412148339686,58.55226924725783
two_concepts,plain2_w16_gap,structured_template,release_default,2,g_cross_term_mpp,100,-1.0333067126082585,-1.3943328036304465,-0.6912665426862017
two_concepts,plain2_w16_gap,structured_template,release_default,2,g_nonadditive_correction_mpp,100,0.289374906589972,0.1808689072609993,0.4014734617821665
two_concepts,plain2_w16_gap,structured_template,release_default,3,observed_centered_logit_fidelity,100,0.3373702459185073,0.3204328065850122,0.3536837858418313
two_concepts,plain2_w16_gap,structured_template,release_default,3,additive_centered_logit_fidelity,100,0.3347209592863614,0.31764878849945655,0.3506719349969076
two_concepts,plain2_w16_gap,structured_template,release_default,3,observed_prob_error_reduction,100,0.2668797515740625,0.25173673001165436,0.28182271981297446
two_concepts,plain2_w16_gap,structured_template,release_default,3,additive_prob_error_reduction,100,0.2637773183928275,0.2493586242962906,0.27856008059323484
two_concepts,plain2_w16_gap,structured_template,release_default,3,centered_residual_energy_ratio,100,0.00021011116296448543,0.00016941613324114203,0.00025853080197976524
two_concepts,plain2_w16_gap,structured_template,release_default,3,centered_residual_norm_mpp,100,0.12984565266676934,0.12128955664164257,0.13913361187389092
two_concepts,plain2_w16_gap,structured_template,release_default,3,cancellation_mean,100,0.21230485977313623,0.20064025827007867,0.22457338044189085
two_concepts,plain2_w16_gap,structured_template,release_default,3,g_individual_sum_mpp,100,96.3517944568112,90.11894904721858,102.90572146995699
two_concepts,plain2_w16_gap,structured_template,release_default,3,g_cross_term_mpp,100,-5.6017983636374815,-6.509095733988007,-4.741646795710943
two_concepts,plain2_w16_gap,structured_template,release_default,3,g_nonadditive_correction_mpp,100,0.9151670647954842,0.6939046335419873,1.1349110469507242
two_concepts,plain2_w16_gap,structured_template,release_default,4,observed_centered_logit_fidelity,100,0.47117195324984773,0.4535721032828144,0.48936624256389943
two_concepts,plain2_w16_gap,structured_template,release_default,4,additive_centered_logit_fidelity,100,0.464961067395172,0.44778785278356764,0.48222185992569644
two_concepts,plain2_w16_gap,structured_template,release_default,4,observed_prob_error_reduction,100,0.3860407363397276,0.3681935752217153,0.40473601712174717
two_concepts,plain2_w16_gap,structured_template,release_default,4,additive_prob_error_reduction,100,0.3796102494269729,0.3614413131014667,0.3976527524865183
two_concepts,plain2_w16_gap,structured_template,release_default,4,centered_residual_energy_ratio,100,0.0004457578507708913,0.0003691380400973749,0.0005355020728366097
two_concepts,plain2_w16_gap,structured_template,release_default,4,centered_residual_norm_mpp,100,0.1956061513487336,0.1830547962031966,0.20883163098767935
two_concepts,plain2_w16_gap,structured_template,release_default,4,cancellation_mean,100,0.21171521698661624,0.20053626706889696,0.22310779385864699
two_concepts,plain2_w16_gap,structured_template,release_default,4,g_individual_sum_mpp,100,139.27779998246547,131.69011254006978,147.19358519670538
two_concepts,plain2_w16_gap,structured_template,release_default,4,g_cross_term_mpp,100,-13.917082713669277,-15.565474502684552,-12.326662431950064
two_concepts,plain2_w16_gap,structured_template,release_default,4,g_nonadditive_correction_mpp,100,1.9779385993418712,1.6623993219151625,2.304812266499326
two_concepts,plain2_w16_gap,structured_template,release_default,5,observed_centered_logit_fidelity,100,0.5724852503047605,0.5550059344949266,0.5901974308288755
two_concepts,plain2_w16_gap,structured_template,release_default,5,additive_centered_logit_fidelity,100,0.5630397684966819,0.5459688360422708,0.580508008552202
two_concepts,plain2_w16_gap,structured_template,release_default,5,observed_prob_error_reduction,100,0.5059835660067793,0.48437011033085137,0.5275041221806386
two_concepts,plain2_w16_gap,structured_template,release_default,5,additive_prob_error_reduction,100,0.4952169349649267,0.4738703219625124,0.5174102757942298
two_concepts,plain2_w16_gap,structured_template,release_default,5,centered_residual_energy_ratio,100,0.0007316392771194891,0.0006136324186457125,0.0008701288007310064
two_concepts,plain2_w16_gap,structured_template,release_default,5,centered_residual_norm_mpp,100,0.2569402365503984,0.24144297143859905,0.27306274584086715
two_concepts,plain2_w16_gap,structured_template,release_default,5,cancellation_mean,100,0.21033490891324916,0.2004599936023059,0.22044348650614046
two_concepts,plain2_w16_gap,structured_template,release_default,5,g_individual_sum_mpp,100,174.32106949415743,165.86214469674798,182.77849225503726
two_concepts,plain2_w16_gap,structured_template,release_default,5,g_cross_term_mpp,100,-23.065016124575635,-25.256093721482387,-21.008788227661356
two_concepts,plain2_w16_gap,structured_template,release_default,5,g_nonadditive_correction_mpp,100,2.9314664470195275,2.557474352326517,3.3152755335440376
two_concepts,plain2_w16_gap,structured_template,release_default,6,observed_centered_logit_fidelity,100,0.6539286420932576,0.6383122353475322,0.6694071152734584
two_concepts,plain2_w16_gap,structured_template,release_default,6,additive_centered_logit_fidelity,100,0.6414690831663762,0.6260239142287053,0.6567327056977703
two_concepts,plain2_w16_gap,structured_template,release_default,6,observed_prob_error_reduction,100,0.6151118168624885,0.5914222237589746,0.6384987213319087
two_concepts,plain2_w16_gap,structured_template,release_default,6,additive_prob_error_reduction,100,0.5988201500793662,0.5756924056771981,0.6225166983429417
two_concepts,plain2_w16_gap,structured_template,release_default,6,centered_residual_energy_ratio,100,0.0010859454540279897,0.0009258146628923288,0.001268448947200561
two_concepts,plain2_w16_gap,structured_template,release_default,6,centered_residual_norm_mpp,100,0.32070767792959964,0.3044081297900427,0.3381269816922
two_concepts,plain2_w16_gap,structured_template,release_default,6,cancellation_mean,100,0.21567390131524167,0.2064462677068348,0.22510537708505524
two_concepts,plain2_w16_gap,structured_template,release_default,6,g_individual_sum_mpp,100,206.85007673619154,197.86282177809397,215.95764607188883
two_concepts,plain2_w16_gap,structured_template,release_default,6,g_cross_term_mpp,100,-33.70092126778846,-36.16675953019853,-31.224998648299483
two_concepts,plain2_w16_gap,structured_template,release_default,6,g_nonadditive_correction_mpp,100,3.8179679585467845,3.3898424482158704,4.262954317364731
two_concepts,plain2_w16_gap,structured_template,release_default,7,observed_centered_logit_fidelity,100,0.721580689927066,0.709146367137106,0.7337255267373699
two_concepts,plain2_w16_gap,structured_template,release_default,7,additive_centered_logit_fidelity,100,0.7067519932121649,0.6947462927195733,0.7184788141531606
two_concepts,plain2_w16_gap,structured_template,release_default,7,observed_prob_error_reduction,100,0.7241058492178998,0.7005542976406263,0.7473855204142766
two_concepts,plain2_w16_gap,structured_template,release_default,7,additive_prob_error_reduction,100,0.7020255355425177,0.6789755135571225,0.7250785701684306
two_concepts,plain2_w16_gap,structured_template,release_default,7,centered_residual_energy_ratio,100,0.0015383849355494637,0.0012866020192603546,0.0018617908368924235
two_concepts,plain2_w16_gap,structured_template,release_default,7,centered_residual_norm_mpp,100,0.38417439493448524,0.3659002908265414,0.4026257752194019
two_concepts,plain2_w16_gap,structured_template,release_default,7,cancellation_mean,100,0.22088891447703957,0.21249309950832518,0.22928605997619297
two_concepts,plain2_w16_gap,structured_template,release_default,7,g_individual_sum_mpp,100,235.67855350004768,226.22300384300246,245.19709848915352
two_concepts,plain2_w16_gap,structured_template,release_default,7,g_cross_term_mpp,100,-44.508513669242696,-47.34022370615428,-41.73465309137068
two_concepts,plain2_w16_gap,structured_template,release_default,7,g_nonadditive_correction_mpp,100,4.491157557985927,4.029444317823491,4.960162533984421
two_concepts,plain2_w16_gap,structured_template,release_default,8,observed_centered_logit_fidelity,100,0.7759525226210711,0.7654689307705849,0.7859037754650997
two_concepts,plain2_w16_gap,structured_template,release_default,8,additive_centered_logit_fidelity,100,0.7589019541841401,0.7484745933571565,0.7685079239806153
two_concepts,plain2_w16_gap,structured_template,release_default,8,observed_prob_error_reduction,100,0.8288733868103358,0.8052890806214431,0.8521319526646415
two_concepts,plain2_w16_gap,structured_template,release_default,8,additive_prob_error_reduction,100,0.7998268647700825,0.7764779991054078,0.8221742746868141
two_concepts,plain2_w16_gap,structured_template,release_default,8,centered_residual_energy_ratio,100,0.0019616628702103798,0.0016285366526482671,0.0023997995613302793
two_concepts,plain2_w16_gap,structured_template,release_default,8,centered_residual_norm_mpp,100,0.4406801216950569,0.4218754970163688,0.46035933523747935
two_concepts,plain2_w16_gap,structured_template,release_default,8,cancellation_mean,100,0.22701401196577595,0.2191382304101067,0.23525219415070933
two_concepts,plain2_w16_gap,structured_template,release_default,8,g_individual_sum_mpp,100,261.3998407388959,251.3771953357142,271.9715612863098
two_concepts,plain2_w16_gap,structured_template,release_default,8,g_cross_term_mpp,100,-56.062479524577185,-59.3007297125123,-52.915334818962194
two_concepts,plain2_w16_gap,structured_template,release_default,8,g_nonadditive_correction_mpp,100,5.078088417201617,4.601468806670331,5.559491055623129
two_concepts,plain2_w16_gap,structured_template,release_default,9,observed_centered_logit_fidelity,100,0.8259743943470673,0.8182095523376339,0.8335311449915713
two_concepts,plain2_w16_gap,structured_template,release_default,9,additive_centered_logit_fidelity,100,0.807147733654143,0.7993974632221936,0.8143953041727564
two_concepts,plain2_w16_gap,structured_template,release_default,9,observed_prob_error_reduction,100,0.9292274270180662,0.9081693284539432,0.949760667770336
two_concepts,plain2_w16_gap,structured_template,release_default,9,additive_prob_error_reduction,100,0.8946029528266872,0.8736594978709371,0.9148625101569631
two_concepts,plain2_w16_gap,structured_template,release_default,9,centered_residual_energy_ratio,100,0.0024995015991568772,0.002149045222947905,0.002980393085613378
two_concepts,plain2_w16_gap,structured_template,release_default,9,centered_residual_norm_mpp,100,0.5079394495485576,0.4875438981879681,0.5307053735154715
two_concepts,plain2_w16_gap,structured_template,release_default,9,cancellation_mean,100,0.2314876757653852,0.22430000077414936,0.2392549986172361
two_concepts,plain2_w16_gap,structured_template,release_default,9,g_individual_sum_mpp,100,287.7170149840716,276.83395604862716,298.71379133206756
two_concepts,plain2_w16_gap,structured_template,release_default,9,g_cross_term_mpp,100,-69.53585743034037,-73.3098608121998,-65.80794401221497
two_concepts,plain2_w16_gap,structured_template,release_default,9,g_nonadditive_correction_mpp,100,5.524592324831599,5.0364584450960175,6.013180519162804
two_concepts,plain2_w16_gap,structured_template,release_default,10,observed_centered_logit_fidelity,100,0.8724477683073083,0.8664528864272338,0.8783641302545329
two_concepts,plain2_w16_gap,structured_template,release_default,10,additive_centered_logit_fidelity,100,0.8526255836249803,0.8467536996461571,0.8585376103210074
two_concepts,plain2_w16_gap,structured_template,release_default,10,observed_prob_error_reduction,100,1.0302210973244128,1.009902931015671,1.0501029636063692
two_concepts,plain2_w16_gap,structured_template,release_default,10,additive_prob_error_reduction,100,0.9912909313465438,0.9707867333150749,1.011441516524349
two_concepts,plain2_w16_gap,structured_template,release_default,10,centered_residual_energy_ratio,100,0.0031896107111314027,0.0028054761386338734,0.0037265267543978593
two_concepts,plain2_w16_gap,structured_template,release_default,10,centered_residual_norm_mpp,100,0.579473280375376,0.5581135574593742,0.60288458894707
two_concepts,plain2_w16_gap,structured_template,release_default,10,cancellation_mean,100,0.2332078209149836,0.22598920225423166,0.24048211578566855
two_concepts,plain2_w16_gap,structured_template,release_default,10,g_individual_sum_mpp,100,317.0528933690751,305.230665828153,329.09010968410524
two_concepts,plain2_w16_gap,structured_template,release_default,10,g_cross_term_mpp,100,-86.48249161821137,-90.7339592024856,-82.26510965494539
two_concepts,plain2_w16_gap,structured_template,release_default,10,g_nonadditive_correction_mpp,100,5.7410671483026245,5.281559206957207,6.208117958089607
two_concepts,plain2_w16_gap,structured_template,release_default,11,observed_centered_logit_fidelity,100,0.9101927474774001,0.9054013814529666,0.9150940127843877
two_concepts,plain2_w16_gap,structured_template,release_default,11,additive_centered_logit_fidelity,100,0.889823450421691,0.8848627449251836,0.8946533767626913
two_concepts,plain2_w16_gap,structured_template,release_default,11,observed_prob_error_reduction,100,1.1200820210003817,1.1018228532296335,1.1384431248822204
two_concepts,plain2_w16_gap,structured_template,release_default,11,additive_prob_error_reduction,100,1.0782947253543147,1.0595525864254824,1.0971219571297324
two_concepts,plain2_w16_gap,structured_template,release_default,11,centered_residual_energy_ratio,100,0.0041303169043960235,0.0036506484504552376,0.004708856672631584
two_concepts,plain2_w16_gap,structured_template,release_default,11,centered_residual_norm_mpp,100,0.6587633336210171,0.633444784364405,0.6843144584947481
two_concepts,plain2_w16_gap,structured_template,release_default,11,cancellation_mean,100,0.2327807660990322,0.22579045474621454,0.24010840832105623
two_concepts,plain2_w16_gap,structured_template,release_default,11,g_individual_sum_mpp,100,345.1515059173919,332.178420763674,358.43011276345703
two_concepts,plain2_w16_gap,structured_template,release_default,11,g_cross_term_mpp,100,-104.16803658048171,-109.4078421875913,-99.12378823441166
two_concepts,plain2_w16_gap,structured_template,release_default,11,g_nonadditive_correction_mpp,100,5.771979064768807,5.355961997368477,6.208512464881888
two_concepts,plain2_w16_gap,structured_template,release_default,12,observed_centered_logit_fidelity,100,0.9407027375605607,0.9374133519557263,0.943912207448492
two_concepts,plain2_w16_gap,structured_template,release_default,12,additive_centered_logit_fidelity,100,0.9203635060471136,0.9169105887263858,0.923780990599426
two_concepts,plain2_w16_gap,structured_template,release_default,12,observed_prob_error_reduction,100,1.189361779559323,1.173141055431376,1.2056096913242058
two_concepts,plain2_w16_gap,structured_template,release_default,12,additive_prob_error_reduction,100,1.146669347035126,1.129600910638244,1.1636914415016306
two_concepts,plain2_w16_gap,structured_template,release_default,12,centered_residual_energy_ratio,100,0.00533264542943632,0.004791742922019885,0.005975840450294344
two_concepts,plain2_w16_gap,structured_template,release_default,12,centered_residual_norm_mpp,100,0.7495960186540874,0.7210870616473156,0.7792214817095567
two_concepts,plain2_w16_gap,structured_template,release_default,12,cancellation_mean,100,0.2343327324954163,0.22773175183698277,0.24112949418870475
two_concepts,plain2_w16_gap,structured_template,release_default,12,g_individual_sum_mpp,100,371.4022109318275,358.34872107502645,384.8649770895069
two_concepts,plain2_w16_gap,structured_template,release_default,12,g_cross_term_mpp,100,-122.3566668998637,-127.87614255006908,-117.03481740794803
two_concepts,plain2_w16_gap,structured_template,release_default,12,g_nonadditive_correction_mpp,100,5.6676396183218545,5.278772155029366,6.076381782578009
two_concepts,plain2_w16_gap,structured_template,release_default,13,observed_centered_logit_fidelity,100,0.9662756062542054,0.9639435307112844,0.9685324709423572
two_concepts,plain2_w16_gap,structured_template,release_default,13,additive_centered_logit_fidelity,100,0.9469618478397144,0.9443337104353592,0.9495360381882856
two_concepts,plain2_w16_gap,structured_template,release_default,13,observed_prob_error_reduction,100,1.2418423140061923,1.2262787469713505,1.2572230563146272
two_concepts,plain2_w16_gap,structured_template,release_default,13,additive_prob_error_reduction,100,1.202572581029512,1.1867760058153665,1.2183887794430084
two_concepts,plain2_w16_gap,structured_template,release_default,13,centered_residual_energy_ratio,100,0.006683110627995656,0.006114481916963747,0.007318495625792338
two_concepts,plain2_w16_gap,structured_template,release_default,13,centered_residual_norm_mpp,100,0.8490983269542542,0.8165602087770697,0.882049754948736
two_concepts,plain2_w16_gap,structured_template,release_default,13,cancellation_mean,100,0.23523178487006371,0.22861452146378666,0.24182239929924976
two_concepts,plain2_w16_gap,structured_template,release_default,13,g_individual_sum_mpp,100,400.09362923339876,386.2506778769902,413.9473432377545
two_concepts,plain2_w16_gap,structured_template,release_default,13,g_cross_term_mpp,100,-143.89801911385527,-149.68304022206283,-138.02257094630372
two_concepts,plain2_w16_gap,structured_template,release_default,13,g_nonadditive_correction_mpp,100,5.242660396125833,4.900804068527178,5.592762190190878
two_concepts,plain2_w16_gap,structured_template,release_default,14,observed_centered_logit_fidelity,100,0.9837218746734219,0.9825396217952579,0.9848194122815431
two_concepts,plain2_w16_gap,structured_template,release_default,14,additive_centered_logit_fidelity,100,0.9660156164681587,0.9643911283882237,0.9675963553020946
two_concepts,plain2_w16_gap,structured_template,release_default,14,observed_prob_error_reduction,100,1.2767050315676776,1.2615901106942795,1.2915050689116938
two_concepts,plain2_w16_gap,structured_template,release_default,14,additive_prob_error_reduction,100,1.2414706780476623,1.2259030568132703,1.256298533432646
two_concepts,plain2_w16_gap,structured_template,release_default,14,centered_residual_energy_ratio,100,0.008264896257293845,0.007646284471551811,0.008943292746541444
two_concepts,plain2_w16_gap,structured_template,release_default,14,centered_residual_norm_mpp,100,0.9428388912150533,0.9083621014887299,0.9782482894460806
two_concepts,plain2_w16_gap,structured_template,release_default,14,cancellation_mean,100,0.23698827894999064,0.2311093530910831,0.24309960957922072
two_concepts,plain2_w16_gap,structured_template,release_default,14,g_individual_sum_mpp,100,425.756056746619,411.35583220770684,440.5236300720635
two_concepts,plain2_w16_gap,structured_template,release_default,14,g_cross_term_mpp,100,-164.30679331260734,-170.56264484051624,-158.30503815477982
two_concepts,plain2_w16_gap,structured_template,release_default,14,g_nonadditive_correction_mpp,100,4.686784938205615,4.400721402532025,4.984537371049912
two_concepts,plain2_w16_gap,structured_template,release_default,15,observed_centered_logit_fidelity,100,0.9948154555978966,0.9943555543808129,0.9952357239703624
two_concepts,plain2_w16_gap,structured_template,release_default,15,additive_centered_logit_fidelity,100,0.979259818473084,0.9781451463147891,0.9802857642937084
two_concepts,plain2_w16_gap,structured_template,release_default,15,observed_prob_error_reduction,100,1.2969217240457427,1.2824518468708266,1.3113070210551405
two_concepts,plain2_w16_gap,structured_template,release_default,15,additive_prob_error_reduction,100,1.2658345694676902,1.251101261426918,1.2803480914671999
two_concepts,plain2_w16_gap,structured_template,release_default,15,centered_residual_energy_ratio,100,0.010558801967224848,0.009729132341368412,0.011444517266207937
two_concepts,plain2_w16_gap,structured_template,release_default,15,centered_residual_norm_mpp,100,1.0575603083151086,1.016187846149379,1.1003721157265212
two_concepts,plain2_w16_gap,structured_template,release_default,15,cancellation_mean,100,0.23614928801068008,0.23015107000206794,0.24208523871545756
two_concepts,plain2_w16_gap,structured_template,release_default,15,g_individual_sum_mpp,100,452.33192299310423,437.25428811973376,467.33359379585636
two_concepts,plain2_w16_gap,structured_template,release_default,15,g_cross_term_mpp,100,-187.27644728908663,-193.88236820116435,-180.71953241621432
two_concepts,plain2_w16_gap,structured_template,release_default,15,g_nonadditive_correction_mpp,100,3.9939795030202743,3.7041055962408898,4.2941732170425775
two_concepts,plain2_w16_gap,structured_template,release_default,16,observed_centered_logit_fidelity,100,1.0,1.0,1.0
two_concepts,plain2_w16_gap,structured_template,release_default,16,additive_centered_logit_fidelity,100,0.9866142218366845,0.9855366160707514,0.9876771179921474
two_concepts,plain2_w16_gap,structured_template,release_default,16,observed_prob_error_reduction,100,1.306418901378866,1.291911096730645,1.3203570087354246
two_concepts,plain2_w16_gap,structured_template,release_default,16,additive_prob_error_reduction,100,1.2768629413065091,1.2618512912685127,1.2910613320221302
two_concepts,plain2_w16_gap,structured_template,release_default,16,centered_residual_energy_ratio,100,0.013385778163315664,0.012320089846004868,0.014478206730843678
two_concepts,plain2_w16_gap,structured_template,release_default,16,centered_residual_norm_mpp,100,1.1819279860029248,1.1328569994411832,1.2311599036929688
two_concepts,plain2_w16_gap,structured_template,release_default,16,cancellation_mean,100,0.23393181416836423,0.22814334998687136,0.23980432706365049
two_concepts,plain2_w16_gap,structured_template,release_default,16,g_individual_sum_mpp,100,477.62512178634,462.20062875021614,493.85623285292974
two_concepts,plain2_w16_gap,structured_template,release_default,16,g_cross_term_mpp,100,-210.52823316121976,-217.55608413008187,-203.68819824893657
two_concepts,plain2_w16_gap,structured_template,release_default,16,g_nonadditive_correction_mpp,100,3.29936920953176,3.005520913647805,3.603017879709011
two_concepts,plain2_w16_gap,structured_template,retention_1,0,observed_centered_logit_fidelity,100,0.0,0.0,0.0
two_concepts,plain2_w16_gap,structured_template,retention_1,0,additive_centered_logit_fidelity,100,0.0,0.0,0.0
two_concepts,plain2_w16_gap,structured_template,retention_1,0,observed_prob_error_reduction,100,0.0,0.0,0.0
two_concepts,plain2_w16_gap,structured_template,retention_1,0,additive_prob_error_reduction,100,0.0,0.0,0.0
two_concepts,plain2_w16_gap,structured_template,retention_1,0,centered_residual_energy_ratio,100,0.0,0.0,0.0
two_concepts,plain2_w16_gap,structured_template,retention_1,0,centered_residual_norm_mpp,100,0.0,0.0,0.0
two_concepts,plain2_w16_gap,structured_template,retention_1,0,cancellation_mean,0,,,
two_concepts,plain2_w16_gap,structured_template,retention_1,0,g_individual_sum_mpp,100,0.0,0.0,0.0
two_concepts,plain2_w16_gap,structured_template,retention_1,0,g_cross_term_mpp,100,0.0,0.0,0.0
two_concepts,plain2_w16_gap,structured_template,retention_1,0,g_nonadditive_correction_mpp,100,0.0,0.0,0.0
two_concepts,plain2_w16_gap,structured_template,retention_1,1,observed_centered_logit_fidelity,100,-0.04524230358421488,-0.04747123434041066,-0.042997737480333684
two_concepts,plain2_w16_gap,structured_template,retention_1,1,additive_centered_logit_fidelity,100,-0.04524230358421488,-0.047465573377189554,-0.04299244399820692
two_concepts,plain2_w16_gap,structured_template,retention_1,1,observed_prob_error_reduction,100,-0.008290709107963798,-0.008935485119020542,-0.007535860545258375
two_concepts,plain2_w16_gap,structured_template,retention_1,1,additive_prob_error_reduction,100,-0.008290709107963798,-0.008930335102154699,-0.007556379560094865
two_concepts,plain2_w16_gap,structured_template,retention_1,1,centered_residual_energy_ratio,100,0.0,0.0,0.0
two_concepts,plain2_w16_gap,structured_template,retention_1,1,centered_residual_norm_mpp,100,0.0,0.0,0.0
two_concepts,plain2_w16_gap,structured_template,retention_1,1,cancellation_mean,100,0.0,0.0,0.0
two_concepts,plain2_w16_gap,structured_template,retention_1,1,g_individual_sum_mpp,100,-2.1363012184110692,-2.2478593101441366,-2.0257795531643557
two_concepts,plain2_w16_gap,structured_template,retention_1,1,g_cross_term_mpp,100,0.0,0.0,0.0
two_concepts,plain2_w16_gap,structured_template,retention_1,1,g_nonadditive_correction_mpp,100,0.0,0.0,0.0
two_concepts,plain2_w16_gap,structured_template,retention_1,2,observed_centered_logit_fidelity,100,-0.056631285304597274,-0.06685694893302384,-0.04568288647229202
two_concepts,plain2_w16_gap,structured_template,retention_1,2,additive_centered_logit_fidelity,100,-0.058767795219697536,-0.06904266933609027,-0.047893634980544844
two_concepts,plain2_w16_gap,structured_template,retention_1,2,observed_prob_error_reduction,100,-0.009664240264662316,-0.012102616561150654,-0.006956685925525237
two_concepts,plain2_w16_gap,structured_template,retention_1,2,additive_prob_error_reduction,100,-0.010310433697659733,-0.012728565230583931,-0.0075601029562396525
two_concepts,plain2_w16_gap,structured_template,retention_1,2,centered_residual_energy_ratio,100,1.5592083248071836e-05,1.2989974886013065e-05,1.8502933578564112e-05
two_concepts,plain2_w16_gap,structured_template,retention_1,2,centered_residual_norm_mpp,100,0.015765361088541797,0.014657553615378512,0.016938607555382817
two_concepts,plain2_w16_gap,structured_template,retention_1,2,cancellation_mean,100,0.14683141544178965,0.13699991917175156,0.15638656309523333
two_concepts,plain2_w16_gap,structured_template,retention_1,2,g_individual_sum_mpp,100,-2.4628091089027215,-2.992260674659901,-1.8783284659082065
two_concepts,plain2_w16_gap,structured_template,retention_1,2,g_cross_term_mpp,100,-0.043976007366425963,-0.05915837198646605,-0.027525733604701216
two_concepts,plain2_w16_gap,structured_template,retention_1,2,g_nonadditive_correction_mpp,100,0.10173686792046194,0.08744679293016112,0.11692819705702784
two_concepts,plain2_w16_gap,structured_template,retention_1,3,observed_centered_logit_fidelity,100,0.015668488991111323,-0.00983681605703945,0.04211168221080453
two_concepts,plain2_w16_gap,structured_template,retention_1,3,additive_centered_logit_fidelity,100,0.006691434723757761,-0.0192065192484021,0.03335199690754371
two_concepts,plain2_w16_gap,structured_template,retention_1,3,observed_prob_error_reduction,100,0.012953230685495715,0.006862934671067163,0.019523160065356114
two_concepts,plain2_w16_gap,structured_template,retention_1,3,additive_prob_error_reduction,100,0.010716730881848048,0.004491570090357275,0.017142199896369687
two_concepts,plain2_w16_gap,structured_template,retention_1,3,centered_residual_energy_ratio,100,0.00013164756384710823,0.00011472537191544932,0.00015036727421867917
two_concepts,plain2_w16_gap,structured_template,retention_1,3,centered_residual_norm_mpp,100,0.04412508346951133,0.04161972495498484,0.04672099379113992
two_concepts,plain2_w16_gap,structured_template,retention_1,3,cancellation_mean,100,0.21452007988606506,0.20356223776810417,0.22565153656641007
two_concepts,plain2_w16_gap,structured_template,retention_1,3,g_individual_sum_mpp,100,1.6263602543979159,0.3102843653406368,2.950306783358702
two_concepts,plain2_w16_gap,structured_template,retention_1,3,g_cross_term_mpp,100,-0.01130454928477159,-0.05586112876130704,0.03515509681205397
two_concepts,plain2_w16_gap,structured_template,retention_1,3,g_nonadditive_correction_mpp,100,0.41543653351684556,0.3744684614322111,0.4571019627224032
two_concepts,plain2_w16_gap,structured_template,retention_1,4,observed_centered_logit_fidelity,100,0.089617012164043,0.06108740418370312,0.11888648781358317
two_concepts,plain2_w16_gap,structured_template,retention_1,4,additive_centered_logit_fidelity,100,0.07706285989383119,0.04689426548372628,0.10658507380358129
two_concepts,plain2_w16_gap,structured_template,retention_1,4,observed_prob_error_reduction,100,0.033773410333652734,0.026577568771584917,0.04131240534750728
two_concepts,plain2_w16_gap,structured_template,retention_1,4,additive_prob_error_reduction,100,0.031024233266165012,0.0235772879953156,0.03888319733223583
two_concepts,plain2_w16_gap,structured_template,retention_1,4,centered_residual_energy_ratio,100,0.0003753649495079759,0.00031875612231460924,0.00043630846551600026
two_concepts,plain2_w16_gap,structured_template,retention_1,4,centered_residual_norm_mpp,100,0.07502539074082906,0.07078566386232502,0.07950555453232974
two_concepts,plain2_w16_gap,structured_template,retention_1,4,cancellation_mean,100,0.29638302916644976,0.2834751143225919,0.30963164481000194
two_concepts,plain2_w16_gap,structured_template,retention_1,4,g_individual_sum_mpp,100,5.35101917253121,3.926427274203963,6.758608384499792
two_concepts,plain2_w16_gap,structured_template,retention_1,4,g_cross_term_mpp,100,0.04799594267065059,-0.03220567184637844,0.12958730347037348
two_concepts,plain2_w16_gap,structured_template,retention_1,4,g_nonadditive_correction_mpp,100,0.5733269212548194,0.5005917117805389,0.6478673666197599
two_concepts,plain2_w16_gap,structured_template,retention_1,5,observed_centered_logit_fidelity,100,0.23192180926007436,0.20225416750857803,0.26165032369355407
two_concepts,plain2_w16_gap,structured_template,retention_1,5,additive_centered_logit_fidelity,100,0.22213733810272218,0.19145857542232972,0.2518235679824511
two_concepts,plain2_w16_gap,structured_template,retention_1,5,observed_prob_error_reduction,100,0.08172616823630247,0.07175580292790189,0.09183433808368208
two_concepts,plain2_w16_gap,structured_template,retention_1,5,additive_prob_error_reduction,100,0.0794379735388626,0.06951668892235861,0.08987309709590433
two_concepts,plain2_w16_gap,structured_template,retention_1,5,centered_residual_energy_ratio,100,0.0004732974932324755,0.0004301207558107657,0.000519292378660197
two_concepts,plain2_w16_gap,structured_template,retention_1,5,centered_residual_norm_mpp,100,0.10053456621617769,0.09591438743919604,0.10526638256757223
two_concepts,plain2_w16_gap,structured_template,retention_1,5,cancellation_mean,100,0.3688047088570449,0.35226490430937585,0.3846987563866361
two_concepts,plain2_w16_gap,structured_template,retention_1,5,g_individual_sum_mpp,100,12.504288707321168,10.727906074932294,14.284927090152475
two_concepts,plain2_w16_gap,structured_template,retention_1,5,g_cross_term_mpp,100,-0.20318399119054292,-0.41477459971874353,-0.002161839634186422
two_concepts,plain2_w16_gap,structured_template,retention_1,5,g_nonadditive_correction_mpp,100,0.5327355613895006,0.45154835475058575,0.615673374210604
two_concepts,plain2_w16_gap,structured_template,retention_1,6,observed_centered_logit_fidelity,100,0.3873372661417753,0.3575315501351824,0.41592244629165026
two_concepts,plain2_w16_gap,structured_template,retention_1,6,additive_centered_logit_fidelity,100,0.382144653657518,0.35332942899819025,0.4113586976505616
two_concepts,plain2_w16_gap,structured_template,retention_1,6,observed_prob_error_reduction,100,0.14572841753432056,0.13302546920125433,0.15863575088867438
two_concepts,plain2_w16_gap,structured_template,retention_1,6,additive_prob_error_reduction,100,0.14463422891076402,0.1320741328087897,0.15726003485953105
two_concepts,plain2_w16_gap,structured_template,retention_1,6,centered_residual_energy_ratio,100,0.0008436639801239561,0.0007553591835481521,0.0009428653771775731
two_concepts,plain2_w16_gap,structured_template,retention_1,6,centered_residual_norm_mpp,100,0.1320168886193217,0.12660062374415743,0.13774812143725965
two_concepts,plain2_w16_gap,structured_template,retention_1,6,cancellation_mean,100,0.4099716347000242,0.3946771820043941,0.42521319379617456
two_concepts,plain2_w16_gap,structured_template,retention_1,6,g_individual_sum_mpp,100,20.42423878256346,18.462812843549834,22.345431512125536
two_concepts,plain2_w16_gap,structured_template,retention_1,6,g_cross_term_mpp,100,-0.7935355137303116,-1.1100913484755117,-0.48936857981330445
two_concepts,plain2_w16_gap,structured_template,retention_1,6,g_nonadditive_correction_mpp,100,0.3915547190314499,0.30959118637578215,0.4725144560358188
two_concepts,plain2_w16_gap,structured_template,retention_1,7,observed_centered_logit_fidelity,100,0.5476137437280376,0.5238797068552233,0.5707747416320599
two_concepts,plain2_w16_gap,structured_template,retention_1,7,additive_centered_logit_fidelity,100,0.5417894395495949,0.518775004290298,0.5637783797857976
two_concepts,plain2_w16_gap,structured_template,retention_1,7,observed_prob_error_reduction,100,0.22673007547529525,0.21482637338892596,0.23859439257764276
two_concepts,plain2_w16_gap,structured_template,retention_1,7,additive_prob_error_reduction,100,0.22393441174862802,0.21236501125685933,0.23527826597868975
two_concepts,plain2_w16_gap,structured_template,retention_1,7,centered_residual_energy_ratio,100,0.001202381933888591,0.001086628098041009,0.0013398953430768293
two_concepts,plain2_w16_gap,structured_template,retention_1,7,centered_residual_norm_mpp,100,0.15666253074574857,0.15089323222561238,0.1627835445322975
two_concepts,plain2_w16_gap,structured_template,retention_1,7,cancellation_mean,100,0.41325303146838216,0.4012871780333448,0.4252593248768248
two_concepts,plain2_w16_gap,structured_template,retention_1,7,g_individual_sum_mpp,100,28.464013216646773,26.829904426915117,30.05858965133484
two_concepts,plain2_w16_gap,structured_template,retention_1,7,g_cross_term_mpp,100,-1.9196098585721888,-2.2191302597958127,-1.6206215868914071
two_concepts,plain2_w16_gap,structured_template,retention_1,7,g_nonadditive_correction_mpp,100,0.4545910689634642,0.354773445629537,0.5567332992612883
two_concepts,plain2_w16_gap,structured_template,retention_1,8,observed_centered_logit_fidelity,100,0.6233779944944614,0.6090927513649883,0.6375386217826678
two_concepts,plain2_w16_gap,structured_template,retention_1,8,additive_centered_logit_fidelity,100,0.617364414687266,0.6030062480721942,0.6316795239744233
two_concepts,plain2_w16_gap,structured_template,retention_1,8,observed_prob_error_reduction,100,0.26641249235285885,0.2575354178807807,0.2754392509618871
two_concepts,plain2_w16_gap,structured_template,retention_1,8,additive_prob_error_reduction,100,0.263900251326434,0.25509115591803866,0.2728236675795431
two_concepts,plain2_w16_gap,structured_template,retention_1,8,centered_residual_energy_ratio,100,0.0017910263909094073,0.0016106629240613928,0.002011494913367833
two_concepts,plain2_w16_gap,structured_template,retention_1,8,centered_residual_norm_mpp,100,0.187410295508119,0.18013279453430311,0.19509077925844812
two_concepts,plain2_w16_gap,structured_template,retention_1,8,cancellation_mean,100,0.43320351248138506,0.4231249393485961,0.4431384222704243
two_concepts,plain2_w16_gap,structured_template,retention_1,8,g_individual_sum_mpp,100,32.452405544344,31.28210245735936,33.641867018942385
two_concepts,plain2_w16_gap,structured_template,retention_1,8,g_cross_term_mpp,100,-2.518726067419266,-2.786618952361125,-2.2551997120072493
two_concepts,plain2_w16_gap,structured_template,retention_1,8,g_nonadditive_correction_mpp,100,0.5250584099536255,0.4025758047460082,0.6511589496337574
two_concepts,plain2_w16_gap,structured_template,retention_1,9,observed_centered_logit_fidelity,100,0.6774148987692495,0.6662316689121068,0.6884728904230212
two_concepts,plain2_w16_gap,structured_template,retention_1,9,additive_centered_logit_fidelity,100,0.6692358147675337,0.6571953774806004,0.6813778476502453
two_concepts,plain2_w16_gap,structured_template,retention_1,9,observed_prob_error_reduction,100,0.3028847906582256,0.2939652015545393,0.31197178897046934
two_concepts,plain2_w16_gap,structured_template,retention_1,9,additive_prob_error_reduction,100,0.2984600737868355,0.28896282037693644,0.30775283780113183
two_concepts,plain2_w16_gap,structured_template,retention_1,9,centered_residual_energy_ratio,100,0.002557169960628567,0.0023165097842450786,0.0028294471631110517
two_concepts,plain2_w16_gap,structured_template,retention_1,9,centered_residual_norm_mpp,100,0.22170492535797592,0.21307527574038243,0.23100833722409309
two_concepts,plain2_w16_gap,structured_template,retention_1,9,cancellation_mean,100,0.4451343518532925,0.43736852912387936,0.4529485584038962
two_concepts,plain2_w16_gap,structured_template,retention_1,9,g_individual_sum_mpp,100,35.68515338804787,34.6734078368316,36.7126102820472
two_concepts,plain2_w16_gap,structured_template,retention_1,9,g_cross_term_mpp,100,-3.4490741366113027,-3.6938408748300735,-3.209400558420751
two_concepts,plain2_w16_gap,structured_template,retention_1,9,g_nonadditive_correction_mpp,100,0.659443388913799,0.5177711844659065,0.8060472508276642
two_concepts,plain2_w16_gap,structured_template,retention_1,10,observed_centered_logit_fidelity,100,0.730956438135483,0.721357244663519,0.7405541659386444
two_concepts,plain2_w16_gap,structured_template,retention_1,10,additive_centered_logit_fidelity,100,0.7232723367550231,0.7128337432884997,0.7337543469331066
two_concepts,plain2_w16_gap,structured_template,retention_1,10,observed_prob_error_reduction,100,0.34687679853857306,0.3377496767200291,0.3559667971155708
two_concepts,plain2_w16_gap,structured_template,retention_1,10,additive_prob_error_reduction,100,0.3400674781710743,0.33100125068766495,0.34927017680347894
two_concepts,plain2_w16_gap,structured_template,retention_1,10,centered_residual_energy_ratio,100,0.003374642346488846,0.003072191470233654,0.003705602330157482
two_concepts,plain2_w16_gap,structured_template,retention_1,10,centered_residual_norm_mpp,100,0.2510359294317431,0.24098092324791937,0.26126586100037413
two_concepts,plain2_w16_gap,structured_template,retention_1,10,cancellation_mean,100,0.4486178596432384,0.4415905015361048,0.45557569305477563
two_concepts,plain2_w16_gap,structured_template,retention_1,10,g_individual_sum_mpp,100,40.40674589111858,39.13367535662066,41.66961384639694
two_concepts,plain2_w16_gap,structured_template,retention_1,10,g_cross_term_mpp,100,-5.2877493538917495,-5.642299342378106,-4.942244984163346
two_concepts,plain2_w16_gap,structured_template,retention_1,10,g_nonadditive_correction_mpp,100,0.6321229123139335,0.493615129747853,0.7706397697322059
two_concepts,plain2_w16_gap,structured_template,retention_1,11,observed_centered_logit_fidelity,100,0.788145591996564,0.7807876969772685,0.7953682613211905
two_concepts,plain2_w16_gap,structured_template,retention_1,11,additive_centered_logit_fidelity,100,0.7819713437423945,0.77428933895264,0.7894507179586739
two_concepts,plain2_w16_gap,structured_template,retention_1,11,observed_prob_error_reduction,100,0.3953323184876964,0.3871867374262481,0.4034186603343051
two_concepts,plain2_w16_gap,structured_template,retention_1,11,additive_prob_error_reduction,100,0.3873771545261394,0.3794682634528421,0.39516359197067413
two_concepts,plain2_w16_gap,structured_template,retention_1,11,centered_residual_energy_ratio,100,0.0039340148891177165,0.0035854919515183503,0.004294380581756702
two_concepts,plain2_w16_gap,structured_template,retention_1,11,centered_residual_norm_mpp,100,0.27166882891455585,0.26135521138210743,0.28272673030912343
two_concepts,plain2_w16_gap,structured_template,retention_1,11,cancellation_mean,100,0.4449902218216157,0.43798393121269047,0.45196065881996283
two_concepts,plain2_w16_gap,structured_template,retention_1,11,g_individual_sum_mpp,100,46.39534233946969,44.8038169306398,48.04861571262238
two_concepts,plain2_w16_gap,structured_template,retention_1,11,g_cross_term_mpp,100,-8.023446490584037,-8.574672862271225,-7.486828366986362
two_concepts,plain2_w16_gap,structured_template,retention_1,11,g_nonadditive_correction_mpp,100,0.537082140149206,0.40799438364905105,0.670960513211479
two_concepts,plain2_w16_gap,structured_template,retention_1,12,observed_centered_logit_fidelity,100,0.8783550014546306,0.8717028770496613,0.8847494583116092
two_concepts,plain2_w16_gap,structured_template,retention_1,12,additive_centered_logit_fidelity,100,0.8696165933446587,0.8624829591514235,0.8766718676025116
two_concepts,plain2_w16_gap,structured_template,retention_1,12,observed_prob_error_reduction,100,0.4657998263005212,0.4584827705929262,0.4733524377247209
two_concepts,plain2_w16_gap,structured_template,retention_1,12,additive_prob_error_reduction,100,0.4549132398365622,0.44761899080036055,0.4621509554949468
two_concepts,plain2_w16_gap,structured_template,retention_1,12,centered_residual_energy_ratio,100,0.0040032368768701245,0.003659145025556489,0.0043558319235287996
two_concepts,plain2_w16_gap,structured_template,retention_1,12,centered_residual_norm_mpp,100,0.27919738640940434,0.26764253460558,0.2909802216738663
two_concepts,plain2_w16_gap,structured_template,retention_1,12,cancellation_mean,100,0.4273567637366203,0.4207826601851687,0.43358526864290214
two_concepts,plain2_w16_gap,structured_template,retention_1,12,g_individual_sum_mpp,100,56.31782969522119,54.629321617549486,58.015764283741376
two_concepts,plain2_w16_gap,structured_template,retention_1,12,g_cross_term_mpp,100,-13.736946204504315,-14.329285427288987,-13.142113069227394
two_concepts,plain2_w16_gap,structured_template,retention_1,12,g_nonadditive_correction_mpp,100,0.6078227407383382,0.500608774081958,0.7168789984514616
two_concepts,plain2_w16_gap,structured_template,retention_1,13,observed_centered_logit_fidelity,100,0.9291193518698238,0.9238770434198897,0.934427991739788
two_concepts,plain2_w16_gap,structured_template,retention_1,13,additive_centered_logit_fidelity,100,0.9212212111975664,0.9156482109680627,0.9266418258001363
two_concepts,plain2_w16_gap,structured_template,retention_1,13,observed_prob_error_reduction,100,0.5077232771784622,0.49945650280314025,0.5161375339090789
two_concepts,plain2_w16_gap,structured_template,retention_1,13,additive_prob_error_reduction,100,0.4971527065175944,0.4889941802592723,0.5051800979006198
two_concepts,plain2_w16_gap,structured_template,retention_1,13,centered_residual_energy_ratio,100,0.004927317945520146,0.004513530879273843,0.005345968982138126
two_concepts,plain2_w16_gap,structured_template,retention_1,13,centered_residual_norm_mpp,100,0.3073767630569474,0.2954507073231195,0.31999222669636307
two_concepts,plain2_w16_gap,structured_template,retention_1,13,cancellation_mean,100,0.41609631644986567,0.4089425889184248,0.42311298409642645
two_concepts,plain2_w16_gap,structured_template,retention_1,13,g_individual_sum_mpp,100,64.64896077719116,62.5366697092352,66.72870068872851
two_concepts,plain2_w16_gap,structured_template,retention_1,13,g_cross_term_mpp,100,-19.251511103414156,-20.0851147677415,-18.43431474357203
two_concepts,plain2_w16_gap,structured_template,retention_1,13,g_nonadditive_correction_mpp,100,0.5182404713138002,0.42713061771829575,0.6125896684782804
two_concepts,plain2_w16_gap,structured_template,retention_1,14,observed_centered_logit_fidelity,100,0.9693823186327186,0.9665686223571055,0.9721185060692923
two_concepts,plain2_w16_gap,structured_template,retention_1,14,additive_centered_logit_fidelity,100,0.9625866004383409,0.9594533987946535,0.9654617792558128
two_concepts,plain2_w16_gap,structured_template,retention_1,14,observed_prob_error_reduction,100,0.5392667748312574,0.5309818340394454,0.5473061221306692
two_concepts,plain2_w16_gap,structured_template,retention_1,14,additive_prob_error_reduction,100,0.530826304367417,0.5228476088887676,0.5388459690217475
two_concepts,plain2_w16_gap,structured_template,retention_1,14,centered_residual_energy_ratio,100,0.005855543240512061,0.005381168603019566,0.00636665786727749
two_concepts,plain2_w16_gap,structured_template,retention_1,14,centered_residual_norm_mpp,100,0.33171927578745225,0.31903696767343553,0.3446319545445319
two_concepts,plain2_w16_gap,structured_template,retention_1,14,cancellation_mean,100,0.40212946916377534,0.39495240901311895,0.40923370956831323
two_concepts,plain2_w16_gap,structured_template,retention_1,14,g_individual_sum_mpp,100,73.38670278587162,71.10578305356022,75.68899453495999
two_concepts,plain2_w16_gap,structured_template,retention_1,14,g_cross_term_mpp,100,-25.82439855828183,-26.750048658649312,-24.920312213331155
two_concepts,plain2_w16_gap,structured_template,retention_1,14,g_nonadditive_correction_mpp,100,0.4042602559045702,0.34099793554772473,0.4705608941588199
two_concepts,plain2_w16_gap,structured_template,retention_1,15,observed_centered_logit_fidelity,100,0.9923743044228196,0.9916422003786236,0.9931039159854482
two_concepts,plain2_w16_gap,structured_template,retention_1,15,additive_centered_logit_fidelity,100,0.9853571097757471,0.984420655468725,0.9862800107455674
two_concepts,plain2_w16_gap,structured_template,retention_1,15,observed_prob_error_reduction,100,0.5563588457882782,0.5482381237523288,0.5644282836483527
two_concepts,plain2_w16_gap,structured_template,retention_1,15,additive_prob_error_reduction,100,0.5501771312865789,0.5423053342438423,0.557949622207675
two_concepts,plain2_w16_gap,structured_template,retention_1,15,centered_residual_energy_ratio,100,0.006353520915934384,0.005830174767715709,0.0069256204213318795
two_concepts,plain2_w16_gap,structured_template,retention_1,15,centered_residual_norm_mpp,100,0.3450930036728602,0.3324015733007842,0.35813755860353513
two_concepts,plain2_w16_gap,structured_template,retention_1,15,cancellation_mean,100,0.38511185305037493,0.37845039553268794,0.39183913547805893
two_concepts,plain2_w16_gap,structured_template,retention_1,15,g_individual_sum_mpp,100,80.5462694118963,78.15030812359225,82.88518934196019
two_concepts,plain2_w16_gap,structured_template,retention_1,15,g_cross_term_mpp,100,-31.799456662420102,-32.72450471675626,-30.88958408676362
two_concepts,plain2_w16_gap,structured_template,retention_1,15,g_nonadditive_correction_mpp,100,0.3498148648580158,0.31631947099572255,0.3844756019529562
two_concepts,plain2_w16_gap,structured_template,retention_1,16,observed_centered_logit_fidelity,100,1.0,1.0,1.0
two_concepts,plain2_w16_gap,structured_template,retention_1,16,additive_centered_logit_fidelity,100,0.9934692902422149,0.9928593446536875,0.994025720644645
two_concepts,plain2_w16_gap,structured_template,retention_1,16,observed_prob_error_reduction,100,0.5625842831149922,0.5539326049439488,0.5713413461214444
two_concepts,plain2_w16_gap,structured_template,retention_1,16,additive_prob_error_reduction,100,0.5578223337954067,0.5495640650826059,0.5659926295602994
two_concepts,plain2_w16_gap,structured_template,retention_1,16,centered_residual_energy_ratio,100,0.006530709757785167,0.005966670268870068,0.00714547107938793
two_concepts,plain2_w16_gap,structured_template,retention_1,16,centered_residual_norm_mpp,100,0.35335297486781236,0.3400478861751301,0.36687535675506233
two_concepts,plain2_w16_gap,structured_template,retention_1,16,cancellation_mean,100,0.37100656892541517,0.3639722726566474,0.37794015601175746
two_concepts,plain2_w16_gap,structured_template,retention_1,16,g_individual_sum_mpp,100,85.31608848427724,82.60767068575437,87.96135531490239
two_concepts,plain2_w16_gap,structured_template,retention_1,16,g_cross_term_mpp,100,-36.1195492876755,-37.250940395438505,-34.976419340259014
two_concepts,plain2_w16_gap,structured_template,retention_1,16,g_nonadditive_correction_mpp,100,0.29383898095784156,0.27138818303964735,0.3173944324693026
two_concepts,plain2_w16_gmp,pixel_permuted_template,release_default,0,observed_centered_logit_fidelity,100,0.0,0.0,0.0
two_concepts,plain2_w16_gmp,pixel_permuted_template,release_default,0,additive_centered_logit_fidelity,100,0.0,0.0,0.0
two_concepts,plain2_w16_gmp,pixel_permuted_template,release_default,0,observed_prob_error_reduction,100,0.0,0.0,0.0
two_concepts,plain2_w16_gmp,pixel_permuted_template,release_default,0,additive_prob_error_reduction,100,0.0,0.0,0.0
two_concepts,plain2_w16_gmp,pixel_permuted_template,release_default,0,centered_residual_energy_ratio,100,0.0,0.0,0.0
two_concepts,plain2_w16_gmp,pixel_permuted_template,release_default,0,centered_residual_norm_mpp,100,0.0,0.0,0.0
two_concepts,plain2_w16_gmp,pixel_permuted_template,release_default,0,cancellation_mean,0,,,
two_concepts,plain2_w16_gmp,pixel_permuted_template,release_default,0,g_individual_sum_mpp,100,0.0,0.0,0.0
two_concepts,plain2_w16_gmp,pixel_permuted_template,release_default,0,g_cross_term_mpp,100,0.0,0.0,0.0
two_concepts,plain2_w16_gmp,pixel_permuted_template,release_default,0,g_nonadditive_correction_mpp,100,0.0,0.0,0.0
two_concepts,plain2_w16_gmp,pixel_permuted_template,release_default,1,observed_centered_logit_fidelity,100,0.1304755727612643,0.12766367687526245,0.13329454505495142
two_concepts,plain2_w16_gmp,pixel_permuted_template,release_default,1,additive_centered_logit_fidelity,100,0.1304755727612643,0.12761652398852338,0.13321550529735324
two_concepts,plain2_w16_gmp,pixel_permuted_template,release_default,1,observed_prob_error_reduction,100,0.012392496972708113,0.011499181927701028,0.013297487075065477
two_concepts,plain2_w16_gmp,pixel_permuted_template,release_default,1,additive_prob_error_reduction,100,0.012392496972708113,0.011490797995877483,0.013326181315659671
two_concepts,plain2_w16_gmp,pixel_permuted_template,release_default,1,centered_residual_energy_ratio,100,0.0,0.0,0.0
two_concepts,plain2_w16_gmp,pixel_permuted_template,release_default,1,centered_residual_norm_mpp,100,0.0,0.0,0.0
two_concepts,plain2_w16_gmp,pixel_permuted_template,release_default,1,cancellation_mean,100,0.0,0.0,0.0
two_concepts,plain2_w16_gmp,pixel_permuted_template,release_default,1,g_individual_sum_mpp,100,57.54770356891361,56.035145392150675,59.014718042148665
two_concepts,plain2_w16_gmp,pixel_permuted_template,release_default,1,g_cross_term_mpp,100,0.0,0.0,0.0
two_concepts,plain2_w16_gmp,pixel_permuted_template,release_default,1,g_nonadditive_correction_mpp,100,0.0,0.0,0.0
two_concepts,plain2_w16_gmp,pixel_permuted_template,release_default,2,observed_centered_logit_fidelity,100,0.2528215887685864,0.24825159411539566,0.25724406381381276
two_concepts,plain2_w16_gmp,pixel_permuted_template,release_default,2,additive_centered_logit_fidelity,100,0.24277656780823267,0.2385720945820837,0.24690870848342417
two_concepts,plain2_w16_gmp,pixel_permuted_template,release_default,2,observed_prob_error_reduction,100,0.05120387617135355,0.04761101307902531,0.055001455931451365
two_concepts,plain2_w16_gmp,pixel_permuted_template,release_default,2,additive_prob_error_reduction,100,0.05080653488533365,0.04725736976278425,0.05442007191619441
two_concepts,plain2_w16_gmp,pixel_permuted_template,release_default,2,centered_residual_energy_ratio,100,0.0005476847242524237,0.0004988919569390059,0.0006002176613086549
two_concepts,plain2_w16_gmp,pixel_permuted_template,release_default,2,centered_residual_norm_mpp,100,0.3149333616994239,0.3048372200201256,0.32547273809990657
two_concepts,plain2_w16_gmp,pixel_permuted_template,release_default,2,cancellation_mean,100,0.06037850849881999,0.05780679268372459,0.06309629881546208
two_concepts,plain2_w16_gmp,pixel_permuted_template,release_default,2,g_individual_sum_mpp,100,113.72914976190253,111.15360189578007,116.37711073062978
two_concepts,plain2_w16_gmp,pixel_permuted_template,release_default,2,g_cross_term_mpp,100,-6.4768720058248475,-6.777462555325494,-6.164058463166593
two_concepts,plain2_w16_gmp,pixel_permuted_template,release_default,2,g_nonadditive_correction_mpp,100,4.421982393841472,3.9825083309934475,4.8732253498473685
two_concepts,plain2_w16_gmp,pixel_permuted_template,release_default,3,observed_centered_logit_fidelity,100,0.36471581722979246,0.3595670409641661,0.3698289667336742
two_concepts,plain2_w16_gmp,pixel_permuted_template,release_default,3,additive_centered_logit_fidelity,100,0.3371546364387457,0.33257789789136505,0.34190216855058053
two_concepts,plain2_w16_gmp,pixel_permuted_template,release_default,3,observed_prob_error_reduction,100,0.14763178728207912,0.13787092585450267,0.15750841996112225
two_concepts,plain2_w16_gmp,pixel_permuted_template,release_default,3,additive_prob_error_reduction,100,0.14400327758999368,0.1348084265529712,0.1535254004525481
two_concepts,plain2_w16_gmp,pixel_permuted_template,release_default,3,centered_residual_energy_ratio,100,0.0024815081083894974,0.0022716195261064387,0.0027097750998540076
two_concepts,plain2_w16_gmp,pixel_permuted_template,release_default,3,centered_residual_norm_mpp,100,0.6912903472301809,0.6699851347540297,0.7138117469291013
two_concepts,plain2_w16_gmp,pixel_permuted_template,release_default,3,cancellation_mean,100,0.08179089648310772,0.07910282783711686,0.08449853666813072
two_concepts,plain2_w16_gmp,pixel_permuted_template,release_default,3,g_individual_sum_mpp,100,167.32261087792307,163.8371908524857,170.8410199841159
two_concepts,plain2_w16_gmp,pixel_permuted_template,release_default,3,g_cross_term_mpp,100,-18.410080850525848,-19.221078829834653,-17.61862130005916
two_concepts,plain2_w16_gmp,pixel_permuted_template,release_default,3,g_nonadditive_correction_mpp,100,12.141795999256942,11.162329861893912,13.132564600541313
two_concepts,plain2_w16_gmp,pixel_permuted_template,release_default,4,observed_centered_logit_fidelity,100,0.46530088689938287,0.45929473903525614,0.47127658104844494
two_concepts,plain2_w16_gmp,pixel_permuted_template,release_default,4,additive_centered_logit_fidelity,100,0.4149650275654513,0.4100051374765615,0.4199163567625272
two_concepts,plain2_w16_gmp,pixel_permuted_template,release_default,4,observed_prob_error_reduction,100,0.3099568705671435,0.2943093202099465,0.32552082257640774
two_concepts,plain2_w16_gmp,pixel_permuted_template,release_default,4,additive_prob_error_reduction,100,0.2876850252190794,0.2741260290085931,0.30111784366507083
two_concepts,plain2_w16_gmp,pixel_permuted_template,release_default,4,centered_residual_energy_ratio,100,0.006512471808044797,0.005956402413334819,0.007114660062024011
two_concepts,plain2_w16_gmp,pixel_permuted_template,release_default,4,centered_residual_norm_mpp,100,1.1583642089899626,1.1219285649751112,1.1961864507189974
two_concepts,plain2_w16_gmp,pixel_permuted_template,release_default,4,cancellation_mean,100,0.09320316319646621,0.09025018226596003,0.09618425772239339
two_concepts,plain2_w16_gmp,pixel_permuted_template,release_default,4,g_individual_sum_mpp,100,217.29859593647114,213.16094457272098,221.63717351573834
two_concepts,plain2_w16_gmp,pixel_permuted_template,release_default,4,g_cross_term_mpp,100,-34.069749821911614,-35.37786969940424,-32.785895486493814
two_concepts,plain2_w16_gmp,pixel_permuted_template,release_default,4,g_nonadditive_correction_mpp,100,22.247440905343026,20.80189925191051,23.69772639359534
two_concepts,plain2_w16_gmp,pixel_permuted_template,release_default,5,observed_centered_logit_fidelity,100,0.5576317487257504,0.5512994782053977,0.5638499839082066
two_concepts,plain2_w16_gmp,pixel_permuted_template,release_default,5,additive_centered_logit_fidelity,100,0.4823338658892579,0.4770136346895412,0.4875830741405043
two_concepts,plain2_w16_gmp,pixel_permuted_template,release_default,5,observed_prob_error_reduction,100,0.5415461956023425,0.5222198277561544,0.5611167931277927
two_concepts,plain2_w16_gmp,pixel_permuted_template,release_default,5,additive_prob_error_reduction,100,0.47079111734627177,0.45661884471337444,0.48470648520924947
two_concepts,plain2_w16_gmp,pixel_permuted_template,release_default,5,centered_residual_energy_ratio,100,0.013078010564643194,0.012086225385127651,0.014119308421036843
two_concepts,plain2_w16_gmp,pixel_permuted_template,release_default,5,centered_residual_norm_mpp,100,1.695919136090566,1.6472516959507308,1.7451685879569485
two_concepts,plain2_w16_gmp,pixel_permuted_template,release_default,5,cancellation_mean,100,0.09896091049515661,0.09579521765702742,0.10206626767751839
two_concepts,plain2_w16_gmp,pixel_permuted_template,release_default,5,g_individual_sum_mpp,100,266.774394117115,262.0168631307198,271.5716806589662
two_concepts,plain2_w16_gmp,pixel_permuted_template,release_default,5,g_cross_term_mpp,100,-53.77861706567646,-55.62701836796592,-51.998410758517345
two_concepts,plain2_w16_gmp,pixel_permuted_template,release_default,5,g_nonadditive_correction_mpp,100,33.25875759588854,31.373988366216416,35.179356801003536
two_concepts,plain2_w16_gmp,pixel_permuted_template,release_default,6,observed_centered_logit_fidelity,100,0.6378936814042675,0.6312928746153955,0.6441322616024593
two_concepts,plain2_w16_gmp,pixel_permuted_template,release_default,6,additive_centered_logit_fidelity,100,0.5378071974284867,0.5324682362170312,0.5433182269226474
two_concepts,plain2_w16_gmp,pixel_permuted_template,release_default,6,observed_prob_error_reduction,100,0.8105577041302832,0.7881784621498735,0.8330062480385498
two_concepts,plain2_w16_gmp,pixel_permuted_template,release_default,6,additive_prob_error_reduction,100,0.6581118263837934,0.6439847197203166,0.6722260709766507
two_concepts,plain2_w16_gmp,pixel_permuted_template,release_default,6,centered_residual_energy_ratio,100,0.022644026130485426,0.02102290033970967,0.024328675687519955
two_concepts,plain2_w16_gmp,pixel_permuted_template,release_default,6,centered_residual_norm_mpp,100,2.295691535314163,2.228692774669416,2.365192565782745
two_concepts,plain2_w16_gmp,pixel_permuted_template,release_default,6,cancellation_mean,100,0.10368700008506902,0.10072351226338161,0.10667206721518992
two_concepts,plain2_w16_gmp,pixel_permuted_template,release_default,6,g_individual_sum_mpp,100,313.9457072114628,308.52630369606544,319.68832581985424
two_concepts,plain2_w16_gmp,pixel_permuted_template,release_default,6,g_cross_term_mpp,100,-76.46219381763767,-78.91341411490407,-74.07722094404545
two_concepts,plain2_w16_gmp,pixel_permuted_template,release_default,6,g_nonadditive_correction_mpp,100,44.23098903191479,41.84907579778951,46.60581045691934
two_concepts,plain2_w16_gmp,pixel_permuted_template,release_default,7,observed_centered_logit_fidelity,100,0.7118638771539791,0.7059565495094662,0.7175675180989283
two_concepts,plain2_w16_gmp,pixel_permuted_template,release_default,7,additive_centered_logit_fidelity,100,0.5863037788635889,0.5808012362337936,0.591956825682764
two_concepts,plain2_w16_gmp,pixel_permuted_template,release_default,7,observed_prob_error_reduction,100,1.1067655376928194,1.0843992542756642,1.12930718595494
two_concepts,plain2_w16_gmp,pixel_permuted_template,release_default,7,additive_prob_error_reduction,100,0.8399866514989884,0.826445076107496,0.8532043320058602
two_concepts,plain2_w16_gmp,pixel_permuted_template,release_default,7,centered_residual_energy_ratio,100,0.035665572916075854,0.03330064798611197,0.038189261611968964
two_concepts,plain2_w16_gmp,pixel_permuted_template,release_default,7,centered_residual_norm_mpp,100,2.9618605213625835,2.8812759180654943,3.0452816079323024
two_concepts,plain2_w16_gmp,pixel_permuted_template,release_default,7,cancellation_mean,100,0.10658654043871676,0.10356837002084525,0.10965963397402209
two_concepts,plain2_w16_gmp,pixel_permuted_template,release_default,7,g_individual_sum_mpp,100,362.022472213099,355.63167398960843,368.33809315936924
two_concepts,plain2_w16_gmp,pixel_permuted_template,release_default,7,g_cross_term_mpp,100,-103.09735062726986,-106.13013380394416,-100.05945403961859
two_concepts,plain2_w16_gmp,pixel_permuted_template,release_default,7,g_nonadditive_correction_mpp,100,55.48829808938527,52.76126403628114,58.18614310121481
two_concepts,plain2_w16_gmp,pixel_permuted_template,release_default,8,observed_centered_logit_fidelity,100,0.7750227107049321,0.7699972034271146,0.7799810298781741
two_concepts,plain2_w16_gmp,pixel_permuted_template,release_default,8,additive_centered_logit_fidelity,100,0.6246885646434914,0.6185633349563844,0.6308734528343243
two_concepts,plain2_w16_gmp,pixel_permuted_template,release_default,8,observed_prob_error_reduction,100,1.3845612681178374,1.3641358110961244,1.4050637133289225
two_concepts,plain2_w16_gmp,pixel_permuted_template,release_default,8,additive_prob_error_reduction,100,0.9928060367645241,0.9789687868991707,1.007410691219476
two_concepts,plain2_w16_gmp,pixel_permuted_template,release_default,8,centered_residual_energy_ratio,100,0.052443213069765376,0.049486917748376436,0.055457218242734606
two_concepts,plain2_w16_gmp,pixel_permuted_template,release_default,8,centered_residual_norm_mpp,100,3.686095080332579,3.597242415108681,3.775936509056172
two_concepts,plain2_w16_gmp,pixel_permuted_template,release_default,8,cancellation_mean,100,0.10877953810669772,0.10588305147056389,0.11171114410982304
two_concepts,plain2_w16_gmp,pixel_permuted_template,release_default,8,g_individual_sum_mpp,100,408.61519256920167,401.67645742520716,415.56701821849657
two_concepts,plain2_w16_gmp,pixel_permuted_template,release_default,8,g_cross_term_mpp,100,-132.76979167309827,-136.37600182026947,-129.32409546646429
two_concepts,plain2_w16_gmp,pixel_permuted_template,release_default,8,g_nonadditive_correction_mpp,100,66.38307415971356,63.433969177271166,69.34062190428293
two_concepts,plain2_w16_gmp,pixel_permuted_template,release_default,9,observed_centered_logit_fidelity,100,0.829588612073881,0.8254153627729105,0.8336941506685759
two_concepts,plain2_w16_gmp,pixel_permuted_template,release_default,9,additive_centered_logit_fidelity,100,0.6542271066870833,0.6474692361710986,0.660945657326348
two_concepts,plain2_w16_gmp,pixel_permuted_template,release_default,9,observed_prob_error_reduction,100,1.6175415063479703,1.6014515019508662,1.6333638857806112
two_concepts,plain2_w16_gmp,pixel_permuted_template,release_default,9,additive_prob_error_reduction,100,1.1176255079759774,1.1021293879832819,1.1326904016805326
two_concepts,plain2_w16_gmp,pixel_permuted_template,release_default,9,centered_residual_energy_ratio,100,0.0746894397554332,0.07116894040234276,0.07835845168208036
two_concepts,plain2_w16_gmp,pixel_permuted_template,release_default,9,centered_residual_norm_mpp,100,4.489629147439557,4.388178111216686,4.590850259955103
two_concepts,plain2_w16_gmp,pixel_permuted_template,release_default,9,cancellation_mean,100,0.11098905557954084,0.10811477004923868,0.11387698625613811
two_concepts,plain2_w16_gmp,pixel_permuted_template,release_default,9,g_individual_sum_mpp,100,454.9744260491867,447.55562509640646,462.35369768840644
two_concepts,plain2_w16_gmp,pixel_permuted_template,release_default,9,g_cross_term_mpp,100,-166.07189789781066,-170.14566745571935,-162.28434450333532
two_concepts,plain2_w16_gmp,pixel_permuted_template,release_default,9,g_nonadditive_correction_mpp,100,77.41044163119682,74.09589493573812,80.81050925007753
two_concepts,plain2_w16_gmp,pixel_permuted_template,release_default,10,observed_centered_logit_fidelity,100,0.8758495066061854,0.8724004089575269,0.8792467011260979
two_concepts,plain2_w16_gmp,pixel_permuted_template,release_default,10,additive_centered_logit_fidelity,100,0.6759061070380542,0.6685102836835269,0.6833088924232462
two_concepts,plain2_w16_gmp,pixel_permuted_template,release_default,10,observed_prob_error_reduction,100,1.7848270795275596,1.7732978900674703,1.7962781784914492
two_concepts,plain2_w16_gmp,pixel_permuted_template,release_default,10,additive_prob_error_reduction,100,1.2165012740156078,1.2002242208140699,1.233182150940494
two_concepts,plain2_w16_gmp,pixel_permuted_template,release_default,10,centered_residual_energy_ratio,100,0.10116060332501692,0.09653384883703647,0.1057652488670769
two_concepts,plain2_w16_gmp,pixel_permuted_template,release_default,10,centered_residual_norm_mpp,100,5.322681920370453,5.209979747976681,5.4378936321084055
two_concepts,plain2_w16_gmp,pixel_permuted_template,release_default,10,cancellation_mean,100,0.1128345694059821,0.11017390025666016,0.1155475964405626
two_concepts,plain2_w16_gmp,pixel_permuted_template,release_default,10,g_individual_sum_mpp,100,499.7890981232884,491.8097076056573,507.84560858362494
two_concepts,plain2_w16_gmp,pixel_permuted_template,release_default,10,g_cross_term_mpp,100,-201.34311697676793,-205.92113448504915,-196.87808692516754
two_concepts,plain2_w16_gmp,pixel_permuted_template,release_default,10,g_nonadditive_correction_mpp,100,88.22651859082742,84.50001565104023,92.01370470112917
two_concepts,plain2_w16_gmp,pixel_permuted_template,release_default,11,observed_centered_logit_fidelity,100,0.9128476265058093,0.9100652642259405,0.9156611315279988
two_concepts,plain2_w16_gmp,pixel_permuted_template,release_default,11,additive_centered_logit_fidelity,100,0.6892128542998521,0.6811401840100042,0.6972228125706333
two_concepts,plain2_w16_gmp,pixel_permuted_template,release_default,11,observed_prob_error_reduction,100,1.8783704094757232,1.870645074380495,1.8862181043531236
two_concepts,plain2_w16_gmp,pixel_permuted_template,release_default,11,additive_prob_error_reduction,100,1.2921580203751182,1.2744949467011106,1.3097048090268977
two_concepts,plain2_w16_gmp,pixel_permuted_template,release_default,11,centered_residual_energy_ratio,100,0.13135081577233637,0.12586357821181998,0.13702961865138508
two_concepts,plain2_w16_gmp,pixel_permuted_template,release_default,11,centered_residual_norm_mpp,100,6.164868943053738,6.034025535218004,6.29795799592739
two_concepts,plain2_w16_gmp,pixel_permuted_template,release_default,11,cancellation_mean,100,0.11499084596496957,0.11219931489723964,0.11781501971976925
two_concepts,plain2_w16_gmp,pixel_permuted_template,release_default,11,g_individual_sum_mpp,100,542.3616406801943,533.8358904538842,551.1606089749185
two_concepts,plain2_w16_gmp,pixel_permuted_template,release_default,11,g_cross_term_mpp,100,-238.00667844932477,-243.24164853516217,-232.83017858436878
two_concepts,plain2_w16_gmp,pixel_permuted_template,release_default,11,g_nonadditive_correction_mpp,100,98.611216047066,94.58009456217106,102.70327670574446
two_concepts,plain2_w16_gmp,pixel_permuted_template,release_default,12,observed_centered_logit_fidelity,100,0.9438016551653409,0.9416837279423526,0.9458241506655781
two_concepts,plain2_w16_gmp,pixel_permuted_template,release_default,12,additive_centered_logit_fidelity,100,0.6955804660668592,0.6870700131634052,0.7045096576250038
two_concepts,plain2_w16_gmp,pixel_permuted_template,release_default,12,observed_prob_error_reduction,100,1.927925413277536,1.9222714615400702,1.9334511611528804
two_concepts,plain2_w16_gmp,pixel_permuted_template,release_default,12,additive_prob_error_reduction,100,1.3541642772702076,1.3358434904579377,1.372564653854042
two_concepts,plain2_w16_gmp,pixel_permuted_template,release_default,12,centered_residual_energy_ratio,100,0.16761316774852833,0.1610639872678892,0.17430679902062676
two_concepts,plain2_w16_gmp,pixel_permuted_template,release_default,12,centered_residual_norm_mpp,100,7.0531844915097555,6.907573841547321,7.200137703572172
two_concepts,plain2_w16_gmp,pixel_permuted_template,release_default,12,cancellation_mean,100,0.11664799609421307,0.11382285053052456,0.11947367672173291
two_concepts,plain2_w16_gmp,pixel_permuted_template,release_default,12,g_individual_sum_mpp,100,585.3859996468374,576.0884542587789,594.5310138249273
two_concepts,plain2_w16_gmp,pixel_permuted_template,release_default,12,g_cross_term_mpp,100,-278.1772389891628,-283.8845679577653,-272.5709998226504
two_concepts,plain2_w16_gmp,pixel_permuted_template,release_default,12,g_nonadditive_correction_mpp,100,109.35861127908525,105.04923205045871,113.71957117033804
two_concepts,plain2_w16_gmp,pixel_permuted_template,release_default,13,observed_centered_logit_fidelity,100,0.9668807936403178,0.9654904575191353,0.9682449447072404
two_concepts,plain2_w16_gmp,pixel_permuted_template,release_default,13,additive_centered_logit_fidelity,100,0.6955365451808175,0.686067393090055,0.7051173064174526
two_concepts,plain2_w16_gmp,pixel_permuted_template,release_default,13,observed_prob_error_reduction,100,1.9494265201843621,1.944942284585907,1.953768644996641
two_concepts,plain2_w16_gmp,pixel_permuted_template,release_default,13,additive_prob_error_reduction,100,1.4023580919121523,1.384095966704369,1.4208387197442098
two_concepts,plain2_w16_gmp,pixel_permuted_template,release_default,13,centered_residual_energy_ratio,100,0.20537017687487777,0.197654424216307,0.21343392865181132
two_concepts,plain2_w16_gmp,pixel_permuted_template,release_default,13,centered_residual_norm_mpp,100,7.888303793083487,7.729897836003699,8.042255927689043
two_concepts,plain2_w16_gmp,pixel_permuted_template,release_default,13,cancellation_mean,100,0.11895422540482228,0.11612302157947287,0.12181680724223366
two_concepts,plain2_w16_gmp,pixel_permuted_template,release_default,13,g_individual_sum_mpp,100,625.9415513648345,615.8673389203851,636.0542660462442
two_concepts,plain2_w16_gmp,pixel_permuted_template,release_default,13,g_cross_term_mpp,100,-318.7177560604144,-325.43963529704445,-312.2212660723854
two_concepts,plain2_w16_gmp,pixel_permuted_template,release_default,13,g_nonadditive_correction_mpp,100,119.47734474697477,114.75806197514761,124.15221536270272
two_concepts,plain2_w16_gmp,pixel_permuted_template,release_default,14,observed_centered_logit_fidelity,100,0.9841116612632177,0.9833204817233807,0.9848629128552163
two_concepts,plain2_w16_gmp,pixel_permuted_template,release_default,14,additive_centered_logit_fidelity,100,0.688780402764075,0.6785638020820528,0.6994912667034433
two_concepts,plain2_w16_gmp,pixel_permuted_template,release_default,14,observed_prob_error_reduction,100,1.9585898227935383,1.954623108565945,1.962374608246941
two_concepts,plain2_w16_gmp,pixel_permuted_template,release_default,14,additive_prob_error_reduction,100,1.4417744573985223,1.4236185175531824,1.4606230665610145
two_concepts,plain2_w16_gmp,pixel_permuted_template,release_default,14,centered_residual_energy_ratio,100,0.24845038996346797,0.23949222529594022,0.2573758669686459
two_concepts,plain2_w16_gmp,pixel_permuted_template,release_default,14,centered_residual_norm_mpp,100,8.76243765291025,8.590821362751367,8.933228426089457
two_concepts,plain2_w16_gmp,pixel_permuted_template,release_default,14,cancellation_mean,100,0.12088288003775659,0.11806199622531607,0.1236421070125835
two_concepts,plain2_w16_gmp,pixel_permuted_template,release_default,14,g_individual_sum_mpp,100,666.670068580147,656.3958795132002,676.8517810778271
two_concepts,plain2_w16_gmp,pixel_permuted_template,release_default,14,g_cross_term_mpp,100,-362.35497971055383,-369.31021091512946,-355.5323543009304
two_concepts,plain2_w16_gmp,pixel_permuted_template,release_default,14,g_nonadditive_correction_mpp,100,129.94175762396455,124.90571827436557,134.85623964708293
two_concepts,plain2_w16_gmp,pixel_permuted_template,release_default,15,observed_centered_logit_fidelity,100,0.995036954416743,0.9946718320717177,0.9953657755791954
two_concepts,plain2_w16_gmp,pixel_permuted_template,release_default,15,additive_centered_logit_fidelity,100,0.6762560902686316,0.6650106022173673,0.6870583630682678
two_concepts,plain2_w16_gmp,pixel_permuted_template,release_default,15,observed_prob_error_reduction,100,1.962120132107209,1.9584366274742535,1.9656562932368449
two_concepts,plain2_w16_gmp,pixel_permuted_template,release_default,15,additive_prob_error_reduction,100,1.4737532674545273,1.4556376270087628,1.4920039546467612
two_concepts,plain2_w16_gmp,pixel_permuted_template,release_default,15,centered_residual_energy_ratio,100,0.2939212971503045,0.28329930084552596,0.3041822154856984
two_concepts,plain2_w16_gmp,pixel_permuted_template,release_default,15,centered_residual_norm_mpp,100,9.613500471421103,9.433089794535594,9.789220104801448
two_concepts,plain2_w16_gmp,pixel_permuted_template,release_default,15,cancellation_mean,100,0.12293421851944016,0.12008136968005466,0.1256662938883004
two_concepts,plain2_w16_gmp,pixel_permuted_template,release_default,15,g_individual_sum_mpp,100,705.3738038577886,694.7975222069842,716.3662155077888
two_concepts,plain2_w16_gmp,pixel_permuted_template,release_default,15,g_cross_term_mpp,100,-406.5101432525687,-414.119120756219,-399.12322082485525
two_concepts,plain2_w16_gmp,pixel_permuted_template,release_default,15,g_nonadditive_correction_mpp,100,140.1828768444458,134.97708990568455,145.27779065547483
two_concepts,plain2_w16_gmp,pixel_permuted_template,release_default,16,observed_centered_logit_fidelity,100,1.0,1.0,1.0
two_concepts,plain2_w16_gmp,pixel_permuted_template,release_default,16,additive_centered_logit_fidelity,100,0.657953536999463,0.6461408116828355,0.6694841528425433
two_concepts,plain2_w16_gmp,pixel_permuted_template,release_default,16,observed_prob_error_reduction,100,1.9632327863077734,1.959556639808121,1.9667322103089941
two_concepts,plain2_w16_gmp,pixel_permuted_template,release_default,16,additive_prob_error_reduction,100,1.4999698994054498,1.4825509712662384,1.518206587632282
two_concepts,plain2_w16_gmp,pixel_permuted_template,release_default,16,centered_residual_energy_ratio,100,0.3420464630005368,0.3303213812874148,0.3539296980347766
two_concepts,plain2_w16_gmp,pixel_permuted_template,release_default,16,centered_residual_norm_mpp,100,10.461315938479817,10.26661642979325,10.657400148425943
two_concepts,plain2_w16_gmp,pixel_permuted_template,release_default,16,cancellation_mean,100,0.12466307193123104,0.12176012824056291,0.12754415120126528
two_concepts,plain2_w16_gmp,pixel_permuted_template,release_default,16,g_individual_sum_mpp,100,744.1309339969798,732.536427663924,756.0182605202206
two_concepts,plain2_w16_gmp,pixel_permuted_template,release_default,16,g_cross_term_mpp,100,-453.3112440205734,-462.3522828451669,-444.5108518243796
two_concepts,plain2_w16_gmp,pixel_permuted_template,release_default,16,g_nonadditive_correction_mpp,100,150.41533575909415,144.99277254212848,156.00827842553144
two_concepts,plain2_w16_gmp,pixel_permuted_template,retention_1,0,observed_centered_logit_fidelity,100,0.0,0.0,0.0
two_concepts,plain2_w16_gmp,pixel_permuted_template,retention_1,0,additive_centered_logit_fidelity,100,0.0,0.0,0.0
two_concepts,plain2_w16_gmp,pixel_permuted_template,retention_1,0,observed_prob_error_reduction,100,0.0,0.0,0.0
two_concepts,plain2_w16_gmp,pixel_permuted_template,retention_1,0,additive_prob_error_reduction,100,0.0,0.0,0.0
two_concepts,plain2_w16_gmp,pixel_permuted_template,retention_1,0,centered_residual_energy_ratio,100,0.0,0.0,0.0
two_concepts,plain2_w16_gmp,pixel_permuted_template,retention_1,0,centered_residual_norm_mpp,100,0.0,0.0,0.0
two_concepts,plain2_w16_gmp,pixel_permuted_template,retention_1,0,cancellation_mean,0,,,
two_concepts,plain2_w16_gmp,pixel_permuted_template,retention_1,0,g_individual_sum_mpp,100,0.0,0.0,0.0
two_concepts,plain2_w16_gmp,pixel_permuted_template,retention_1,0,g_cross_term_mpp,100,0.0,0.0,0.0
two_concepts,plain2_w16_gmp,pixel_permuted_template,retention_1,0,g_nonadditive_correction_mpp,100,0.0,0.0,0.0
two_concepts,plain2_w16_gmp,pixel_permuted_template,retention_1,1,observed_centered_logit_fidelity,100,0.13537782473368812,0.13170796500811827,0.1390858581416958
two_concepts,plain2_w16_gmp,pixel_permuted_template,retention_1,1,additive_centered_logit_fidelity,100,0.13537782473368812,0.13173641846414613,0.13912959153325186
two_concepts,plain2_w16_gmp,pixel_permuted_template,retention_1,1,observed_prob_error_reduction,100,0.03384464400370738,0.03179920920420007,0.03601774389006122
two_concepts,plain2_w16_gmp,pixel_permuted_template,retention_1,1,additive_prob_error_reduction,100,0.03384464400370738,0.03177558527749519,0.03603145704300041
two_concepts,plain2_w16_gmp,pixel_permuted_template,retention_1,1,centered_residual_energy_ratio,100,0.0,0.0,0.0
two_concepts,plain2_w16_gmp,pixel_permuted_template,retention_1,1,centered_residual_norm_mpp,100,0.0,0.0,0.0
two_concepts,plain2_w16_gmp,pixel_permuted_template,retention_1,1,cancellation_mean,100,0.0,0.0,0.0
two_concepts,plain2_w16_gmp,pixel_permuted_template,retention_1,1,g_individual_sum_mpp,100,24.556847500331454,23.802750670559384,25.30670437348667
two_concepts,plain2_w16_gmp,pixel_permuted_template,retention_1,1,g_cross_term_mpp,100,0.0,0.0,0.0
two_concepts,plain2_w16_gmp,pixel_permuted_template,retention_1,1,g_nonadditive_correction_mpp,100,0.0,0.0,0.0
two_concepts,plain2_w16_gmp,pixel_permuted_template,retention_1,2,observed_centered_logit_fidelity,100,0.2532893758791009,0.2477968205240681,0.2588000487541717
two_concepts,plain2_w16_gmp,pixel_permuted_template,retention_1,2,additive_centered_logit_fidelity,100,0.2447825961110442,0.23962978247877006,0.24994993143659827
two_concepts,plain2_w16_gmp,pixel_permuted_template,retention_1,2,observed_prob_error_reduction,100,0.11148267007606709,0.10500393420686155,0.11816495868907353
two_concepts,plain2_w16_gmp,pixel_permuted_template,retention_1,2,additive_prob_error_reduction,100,0.11142464754271658,0.10496502581464708,0.11826360442032365
two_concepts,plain2_w16_gmp,pixel_permuted_template,retention_1,2,centered_residual_energy_ratio,100,0.0008123830371094,0.0007458343833357269,0.0008848315023066686
two_concepts,plain2_w16_gmp,pixel_permuted_template,retention_1,2,centered_residual_norm_mpp,100,0.25803983166951266,0.250063517029769,0.2666250577473678
two_concepts,plain2_w16_gmp,pixel_permuted_template,retention_1,2,cancellation_mean,100,0.07987680271691006,0.07672899472490718,0.08297734720864244
two_concepts,plain2_w16_gmp,pixel_permuted_template,retention_1,2,g_individual_sum_mpp,100,47.41176163870643,46.12716204583202,48.70984849863753
two_concepts,plain2_w16_gmp,pixel_permuted_template,retention_1,2,g_cross_term_mpp,100,-3.0110832081004117,-3.1967624438338342,-2.832077300298299
two_concepts,plain2_w16_gmp,pixel_permuted_template,retention_1,2,g_nonadditive_correction_mpp,100,1.537070823907814,1.3674193657883764,1.704604076241068
two_concepts,plain2_w16_gmp,pixel_permuted_template,retention_1,3,observed_centered_logit_fidelity,100,0.3592331038169652,0.353069034413938,0.36531299877224543
two_concepts,plain2_w16_gmp,pixel_permuted_template,retention_1,3,additive_centered_logit_fidelity,100,0.33674902189212796,0.3310710437357986,0.3423254752658353
two_concepts,plain2_w16_gmp,pixel_permuted_template,retention_1,3,observed_prob_error_reduction,100,0.2433413945660125,0.23202373606877535,0.25480871169475416
two_concepts,plain2_w16_gmp,pixel_permuted_template,retention_1,3,additive_prob_error_reduction,100,0.24121005623868158,0.23056074127545412,0.25247936721184067
two_concepts,plain2_w16_gmp,pixel_permuted_template,retention_1,3,centered_residual_energy_ratio,100,0.0032193778210853406,0.002973557558195817,0.00348295223405778
two_concepts,plain2_w16_gmp,pixel_permuted_template,retention_1,3,centered_residual_norm_mpp,100,0.5382500614195991,0.5220628065365286,0.5547826405204418
two_concepts,plain2_w16_gmp,pixel_permuted_template,retention_1,3,cancellation_mean,100,0.1067473231224147,0.1033758782730244,0.1101352158254951
two_concepts,plain2_w16_gmp,pixel_permuted_template,retention_1,3,g_individual_sum_mpp,100,69.33250850337393,67.67151221896577,71.02572509172809
two_concepts,plain2_w16_gmp,pixel_permuted_template,retention_1,3,g_cross_term_mpp,100,-8.244772198348185,-8.63461238368839,-7.8561564795543175
two_concepts,plain2_w16_gmp,pixel_permuted_template,retention_1,3,g_nonadditive_correction_mpp,100,4.074945791326122,3.7443998382738544,4.416956284856037
two_concepts,plain2_w16_gmp,pixel_permuted_template,retention_1,4,observed_centered_logit_fidelity,100,0.4533697291489905,0.4466715145495326,0.4599751320748531
two_concepts,plain2_w16_gmp,pixel_permuted_template,retention_1,4,additive_centered_logit_fidelity,100,0.4134148950656612,0.40794363091557595,0.4188755812892924
two_concepts,plain2_w16_gmp,pixel_permuted_template,retention_1,4,observed_prob_error_reduction,100,0.42148757335840775,0.4058182818381434,0.43744937266710826
two_concepts,plain2_w16_gmp,pixel_permuted_template,retention_1,4,additive_prob_error_reduction,100,0.4054418706896091,0.3916307466400791,0.419201837315251
two_concepts,plain2_w16_gmp,pixel_permuted_template,retention_1,4,centered_residual_energy_ratio,100,0.007632403782671803,0.007054728021700918,0.008222276026963852
two_concepts,plain2_w16_gmp,pixel_permuted_template,retention_1,4,centered_residual_norm_mpp,100,0.85544481787163,0.8286675820622861,0.8824130073214279
two_concepts,plain2_w16_gmp,pixel_permuted_template,retention_1,4,cancellation_mean,100,0.12315235503266987,0.11983624728301942,0.12654639305712898
two_concepts,plain2_w16_gmp,pixel_permuted_template,retention_1,4,g_individual_sum_mpp,100,90.32042644931207,88.44146390586404,92.2399712942171
two_concepts,plain2_w16_gmp,pixel_permuted_template,retention_1,4,g_cross_term_mpp,100,-15.39924475994933,-16.053686391061436,-14.762909858998773
two_concepts,plain2_w16_gmp,pixel_permuted_template,retention_1,4,g_nonadditive_correction_mpp,100,7.2645028202988815,6.684817919814438,7.860363016678295
two_concepts,plain2_w16_gmp,pixel_permuted_template,retention_1,5,observed_centered_logit_fidelity,100,0.5412111110310671,0.5346042425513725,0.5480250077890554
two_concepts,plain2_w16_gmp,pixel_permuted_template,retention_1,5,additive_centered_logit_fidelity,100,0.479202906958988,0.47363796930630553,0.4849083459664397
two_concepts,plain2_w16_gmp,pixel_permuted_template,retention_1,5,observed_prob_error_reduction,100,0.6388189218915471,0.6209794485105871,0.6569396196851257
two_concepts,plain2_w16_gmp,pixel_permuted_template,retention_1,5,additive_prob_error_reduction,100,0.5829611620940035,0.5689826127803638,0.597031027231262
two_concepts,plain2_w16_gmp,pixel_permuted_template,retention_1,5,centered_residual_energy_ratio,100,0.015165692645527648,0.014030550687494543,0.016346048336936835
two_concepts,plain2_w16_gmp,pixel_permuted_template,retention_1,5,centered_residual_norm_mpp,100,1.2309733735148494,1.1924128367638345,1.2703449617491676
two_concepts,plain2_w16_gmp,pixel_permuted_template,retention_1,5,cancellation_mean,100,0.13146112104172383,0.128145940685426,0.13481911121950985
two_concepts,plain2_w16_gmp,pixel_permuted_template,retention_1,5,g_individual_sum_mpp,100,111.23308516086303,109.06630831834813,113.50463414692841
two_concepts,plain2_w16_gmp,pixel_permuted_template,retention_1,5,g_cross_term_mpp,100,-24.423962199289043,-25.36810759458081,-23.52307381410776
two_concepts,plain2_w16_gmp,pixel_permuted_template,retention_1,5,g_nonadditive_correction_mpp,100,11.29760007866113,10.516520842071392,12.09318719154209
two_concepts,plain2_w16_gmp,pixel_permuted_template,retention_1,6,observed_centered_logit_fidelity,100,0.6174618914125298,0.6107902702891268,0.6240168175486613
two_concepts,plain2_w16_gmp,pixel_permuted_template,retention_1,6,additive_centered_logit_fidelity,100,0.5311282551313713,0.5250062129137798,0.5370272856782203
two_concepts,plain2_w16_gmp,pixel_permuted_template,retention_1,6,observed_prob_error_reduction,100,0.8637243836858599,0.8443316144239206,0.8833997528697836
two_concepts,plain2_w16_gmp,pixel_permuted_template,retention_1,6,additive_prob_error_reduction,100,0.7486165870736979,0.7346662758413054,0.7625541446170865
two_concepts,plain2_w16_gmp,pixel_permuted_template,retention_1,6,centered_residual_energy_ratio,100,0.025926429432504318,0.02398549420074676,0.02792842958020595
two_concepts,plain2_w16_gmp,pixel_permuted_template,retention_1,6,centered_residual_norm_mpp,100,1.64681820758245,1.5968744836125162,1.698041109315488
two_concepts,plain2_w16_gmp,pixel_permuted_template,retention_1,6,cancellation_mean,100,0.1384305323288323,0.13523582388646063,0.1415903867452574
two_concepts,plain2_w16_gmp,pixel_permuted_template,retention_1,6,g_individual_sum_mpp,100,131.1388002209512,128.7695064171962,133.58998260605136
two_concepts,plain2_w16_gmp,pixel_permuted_template,retention_1,6,g_cross_term_mpp,100,-34.9111239575365,-36.14225444215391,-33.72438638402651
two_concepts,plain2_w16_gmp,pixel_permuted_template,retention_1,6,g_nonadditive_correction_mpp,100,15.734859831333148,14.773649317709195,16.740836749048672
two_concepts,plain2_w16_gmp,pixel_permuted_template,retention_1,7,observed_centered_logit_fidelity,100,0.6908017297933973,0.6843441707681187,0.6970054338507542
two_concepts,plain2_w16_gmp,pixel_permuted_template,retention_1,7,additive_centered_logit_fidelity,100,0.5752453333224574,0.5690240233995997,0.5816814303631478
two_concepts,plain2_w16_gmp,pixel_permuted_template,retention_1,7,observed_prob_error_reduction,100,1.1085934197882277,1.0884020318440477,1.1289240568974725
two_concepts,plain2_w16_gmp,pixel_permuted_template,retention_1,7,additive_prob_error_reduction,100,0.9011781883426058,0.8875799720582815,0.914789185442065
two_concepts,plain2_w16_gmp,pixel_permuted_template,retention_1,7,centered_residual_energy_ratio,100,0.04129500855700617,0.03883473699822212,0.04387306500078266
two_concepts,plain2_w16_gmp,pixel_permuted_template,retention_1,7,centered_residual_norm_mpp,100,2.135409957257886,2.0813029660979594,2.1922742261697854
two_concepts,plain2_w16_gmp,pixel_permuted_template,retention_1,7,cancellation_mean,100,0.14177699029851282,0.13856535979039858,0.1450309992725165
two_concepts,plain2_w16_gmp,pixel_permuted_template,retention_1,7,g_individual_sum_mpp,100,151.63396326978472,149.02787484764767,154.330385470012
two_concepts,plain2_w16_gmp,pixel_permuted_template,retention_1,7,g_cross_term_mpp,100,-47.41105985657035,-48.859429303530284,-46.04565760998237
two_concepts,plain2_w16_gmp,pixel_permuted_template,retention_1,7,g_nonadditive_correction_mpp,100,21.00109754026532,19.891224886133227,22.105720893578905
two_concepts,plain2_w16_gmp,pixel_permuted_template,retention_1,8,observed_centered_logit_fidelity,100,0.7515013785248083,0.7457323701762509,0.7570745422673367
two_concepts,plain2_w16_gmp,pixel_permuted_template,retention_1,8,additive_centered_logit_fidelity,100,0.6078098859078477,0.6011539082966032,0.614712359432708
two_concepts,plain2_w16_gmp,pixel_permuted_template,retention_1,8,observed_prob_error_reduction,100,1.326300137190109,1.3072665521171554,1.345027817803742
two_concepts,plain2_w16_gmp,pixel_permuted_template,retention_1,8,additive_prob_error_reduction,100,1.0213788807488597,1.0073718150438302,1.035397939245269
two_concepts,plain2_w16_gmp,pixel_permuted_template,retention_1,8,centered_residual_energy_ratio,100,0.06002242415714613,0.05676805889825963,0.06331740101486996
two_concepts,plain2_w16_gmp,pixel_permuted_template,retention_1,8,centered_residual_norm_mpp,100,2.6340248062471505,2.5719778366470996,2.6993574912633136
two_concepts,plain2_w16_gmp,pixel_permuted_template,retention_1,8,cancellation_mean,100,0.1455695315819579,0.14242922605603012,0.1487329650790545
two_concepts,plain2_w16_gmp,pixel_permuted_template,retention_1,8,g_individual_sum_mpp,100,170.5332176299857,167.64142391535694,173.4656699455758
two_concepts,plain2_w16_gmp,pixel_permuted_template,retention_1,8,g_cross_term_mpp,100,-60.4016053574617,-62.09647237932384,-58.74170054967144
two_concepts,plain2_w16_gmp,pixel_permuted_template,retention_1,8,g_nonadditive_correction_mpp,100,26.084731314840027,24.831616852001954,27.38424566316732
two_concepts,plain2_w16_gmp,pixel_permuted_template,retention_1,9,observed_centered_logit_fidelity,100,0.806688282087584,0.801797555170245,0.8115172042390171
two_concepts,plain2_w16_gmp,pixel_permuted_template,retention_1,9,additive_centered_logit_fidelity,100,0.6306476193537773,0.6232736453957,0.638026321356425
two_concepts,plain2_w16_gmp,pixel_permuted_template,retention_1,9,observed_prob_error_reduction,100,1.5173789847202295,1.500805907661455,1.533551706464186
two_concepts,plain2_w16_gmp,pixel_permuted_template,retention_1,9,additive_prob_error_reduction,100,1.1160018848229685,1.1017811411600988,1.1309383145562382
two_concepts,plain2_w16_gmp,pixel_permuted_template,retention_1,9,centered_residual_energy_ratio,100,0.08430838213746342,0.08025581999186548,0.08850473424217414
two_concepts,plain2_w16_gmp,pixel_permuted_template,retention_1,9,centered_residual_norm_mpp,100,3.1815213564913165,3.1106923710064285,3.2521994111315604
two_concepts,plain2_w16_gmp,pixel_permuted_template,retention_1,9,cancellation_mean,100,0.1487562542628701,0.1455909385097966,0.1518057869061868
two_concepts,plain2_w16_gmp,pixel_permuted_template,retention_1,9,g_individual_sum_mpp,100,189.21593606893714,186.03652455171644,192.45811409637375
two_concepts,plain2_w16_gmp,pixel_permuted_template,retention_1,9,g_cross_term_mpp,100,-74.92635459015726,-76.94734613964569,-72.96484300776393
two_concepts,plain2_w16_gmp,pixel_permuted_template,retention_1,9,g_nonadditive_correction_mpp,100,31.93114462851612,30.480458286460895,33.386860351155505
two_concepts,plain2_w16_gmp,pixel_permuted_template,retention_1,10,observed_centered_logit_fidelity,100,0.8563891990896009,0.8519649224836942,0.8608098933086893
two_concepts,plain2_w16_gmp,pixel_permuted_template,retention_1,10,additive_centered_logit_fidelity,100,0.6453733974394145,0.6371386134866964,0.6533665798736622
two_concepts,plain2_w16_gmp,pixel_permuted_template,retention_1,10,observed_prob_error_reduction,100,1.6735778588323982,1.6592151988766939,1.6874420047967975
two_concepts,plain2_w16_gmp,pixel_permuted_template,retention_1,10,additive_prob_error_reduction,100,1.1951921147278406,1.1795784264509426,1.2111558017226431
two_concepts,plain2_w16_gmp,pixel_permuted_template,retention_1,10,centered_residual_energy_ratio,100,0.11673149923666172,0.11169136737227696,0.12190820153701329
two_concepts,plain2_w16_gmp,pixel_permuted_template,retention_1,10,centered_residual_norm_mpp,100,3.797061228547405,3.7179457981342017,3.878000900232911
two_concepts,plain2_w16_gmp,pixel_permuted_template,retention_1,10,cancellation_mean,100,0.15113405378274253,0.14804279084420588,0.15436608469810997
two_concepts,plain2_w16_gmp,pixel_permuted_template,retention_1,10,g_individual_sum_mpp,100,208.08128826514215,204.76601598280195,211.47209438200335
two_concepts,plain2_w16_gmp,pixel_permuted_template,retention_1,10,g_cross_term_mpp,100,-91.11864306446645,-93.2986470294142,-88.92190405071821
two_concepts,plain2_w16_gmp,pixel_permuted_template,retention_1,10,g_nonadditive_correction_mpp,100,38.2351063098473,36.590928719732624,39.84716040041356
two_concepts,plain2_w16_gmp,pixel_permuted_template,retention_1,11,observed_centered_logit_fidelity,100,0.8975896608003302,0.8942493833862263,0.9008301500362808
two_concepts,plain2_w16_gmp,pixel_permuted_template,retention_1,11,additive_centered_logit_fidelity,100,0.652971170180932,0.6446318216105782,0.6617084286125776
two_concepts,plain2_w16_gmp,pixel_permuted_template,retention_1,11,observed_prob_error_reduction,100,1.7781018845015826,1.7680879642019076,1.7877874836268075
two_concepts,plain2_w16_gmp,pixel_permuted_template,retention_1,11,additive_prob_error_reduction,100,1.2580120586119568,1.2420018593956863,1.2741135143554911
two_concepts,plain2_w16_gmp,pixel_permuted_template,retention_1,11,centered_residual_energy_ratio,100,0.1522461595672806,0.14635916932414914,0.1582380964714579
two_concepts,plain2_w16_gmp,pixel_permuted_template,retention_1,11,centered_residual_norm_mpp,100,4.38914926730106,4.304414705245116,4.476100521437604
two_concepts,plain2_w16_gmp,pixel_permuted_template,retention_1,11,cancellation_mean,100,0.15375596161186894,0.15091372481312787,0.1566302554159318
two_concepts,plain2_w16_gmp,pixel_permuted_template,retention_1,11,g_individual_sum_mpp,100,226.08216885276784,222.67224780719042,229.6911878020613
two_concepts,plain2_w16_gmp,pixel_permuted_template,retention_1,11,g_cross_term_mpp,100,-107.72648933821719,-110.12463407410618,-105.40263304172841
two_concepts,plain2_w16_gmp,pixel_permuted_template,retention_1,11,g_nonadditive_correction_mpp,100,44.28397226732327,42.57467857765622,46.03836981842405
two_concepts,plain2_w16_gmp,pixel_permuted_template,retention_1,12,observed_centered_logit_fidelity,100,0.9323371703945281,0.9299113283415897,0.9348195237726719
two_concepts,plain2_w16_gmp,pixel_permuted_template,retention_1,12,additive_centered_logit_fidelity,100,0.6519115762598513,0.6424461074179133,0.6615733611458133
two_concepts,plain2_w16_gmp,pixel_permuted_template,retention_1,12,observed_prob_error_reduction,100,1.8418024698106432,1.834208558709126,1.8492635391075858
two_concepts,plain2_w16_gmp,pixel_permuted_template,retention_1,12,additive_prob_error_reduction,100,1.3075725972511034,1.2912435534875877,1.324666349833295
two_concepts,plain2_w16_gmp,pixel_permuted_template,retention_1,12,centered_residual_energy_ratio,100,0.19583578194620974,0.1889774186569119,0.2028941595552395
two_concepts,plain2_w16_gmp,pixel_permuted_template,retention_1,12,centered_residual_norm_mpp,100,5.035322735542653,4.9446470241475495,5.128437526840283
two_concepts,plain2_w16_gmp,pixel_permuted_template,retention_1,12,cancellation_mean,100,0.15586302306223335,0.15283793288349506,0.15888218956970154
two_concepts,plain2_w16_gmp,pixel_permuted_template,retention_1,12,g_individual_sum_mpp,100,244.16390679710966,240.52031456788168,247.85889777208618
two_concepts,plain2_w16_gmp,pixel_permuted_template,retention_1,12,g_cross_term_mpp,100,-125.94379078294385,-128.53161523105004,-123.34161457526079
two_concepts,plain2_w16_gmp,pixel_permuted_template,retention_1,12,g_nonadditive_correction_mpp,100,50.70410180273555,48.81654858181144,52.58806636871927
two_concepts,plain2_w16_gmp,pixel_permuted_template,retention_1,13,observed_centered_logit_fidelity,100,0.9604071409322392,0.958913222656233,0.9619021915133253
two_concepts,plain2_w16_gmp,pixel_permuted_template,retention_1,13,additive_centered_logit_fidelity,100,0.6437974377918819,0.6334119577559796,0.6541445415636459
two_concepts,plain2_w16_gmp,pixel_permuted_template,retention_1,13,observed_prob_error_reduction,100,1.875324833315604,1.8691529198914565,1.8810987454448866
two_concepts,plain2_w16_gmp,pixel_permuted_template,retention_1,13,additive_prob_error_reduction,100,1.349574305080295,1.332842870493999,1.3664252370818497
two_concepts,plain2_w16_gmp,pixel_permuted_template,retention_1,13,centered_residual_energy_ratio,100,0.2447837426383176,0.23648584304060374,0.2529562834813297
two_concepts,plain2_w16_gmp,pixel_permuted_template,retention_1,13,centered_residual_norm_mpp,100,5.675674348819261,5.571924194518009,5.775081937083218
two_concepts,plain2_w16_gmp,pixel_permuted_template,retention_1,13,cancellation_mean,100,0.15698487048570753,0.15426743071100565,0.1597883102601716
two_concepts,plain2_w16_gmp,pixel_permuted_template,retention_1,13,g_individual_sum_mpp,100,262.47104965266885,258.61764373852793,266.38969159571707
two_concepts,plain2_w16_gmp,pixel_permuted_template,retention_1,13,g_cross_term_mpp,100,-145.68963582220232,-148.48980992944738,-142.98423888567274
two_concepts,plain2_w16_gmp,pixel_permuted_template,retention_1,13,g_nonadditive_correction_mpp,100,57.20532836440849,55.1376627486638,59.223220807928755
two_concepts,plain2_w16_gmp,pixel_permuted_template,retention_1,14,observed_centered_logit_fidelity,100,0.9807310496725755,0.9799052735450373,0.9815525638686203
two_concepts,plain2_w16_gmp,pixel_permuted_template,retention_1,14,additive_centered_logit_fidelity,100,0.6277466389222226,0.6164742482016855,0.6390977551144434
two_concepts,plain2_w16_gmp,pixel_permuted_template,retention_1,14,observed_prob_error_reduction,100,1.8901344619789717,1.8846692107806993,1.8954371028157995
two_concepts,plain2_w16_gmp,pixel_permuted_template,retention_1,14,additive_prob_error_reduction,100,1.3816360396670735,1.3650256332707975,1.3983018224482326
two_concepts,plain2_w16_gmp,pixel_permuted_template,retention_1,14,centered_residual_energy_ratio,100,0.29971621736731613,0.2900482128863722,0.3092316810393845
two_concepts,plain2_w16_gmp,pixel_permuted_template,retention_1,14,centered_residual_norm_mpp,100,6.3266716541383206,6.21353234545747,6.439608975445982
two_concepts,plain2_w16_gmp,pixel_permuted_template,retention_1,14,cancellation_mean,100,0.1587481616301503,0.15596922858506163,0.1614516919239264
two_concepts,plain2_w16_gmp,pixel_permuted_template,retention_1,14,g_individual_sum_mpp,100,280.0225222175474,275.9300335061795,284.04440195560795
two_concepts,plain2_w16_gmp,pixel_permuted_template,retention_1,14,g_cross_term_mpp,100,-166.11943280736457,-169.2573261449279,-162.98496123414955
two_concepts,plain2_w16_gmp,pixel_permuted_template,retention_1,14,g_nonadditive_correction_mpp,100,63.74901779368756,61.51785034572491,65.99328982855326
two_concepts,plain2_w16_gmp,pixel_permuted_template,retention_1,15,observed_centered_logit_fidelity,100,0.9939623424029456,0.9936752846946508,0.9942422271747439
two_concepts,plain2_w16_gmp,pixel_permuted_template,retention_1,15,additive_centered_logit_fidelity,100,0.6047028072741797,0.5923188744554343,0.617470296051352
two_concepts,plain2_w16_gmp,pixel_permuted_template,retention_1,15,observed_prob_error_reduction,100,1.8956018698164383,1.8902898061662465,1.9006836760900545
two_concepts,plain2_w16_gmp,pixel_permuted_template,retention_1,15,additive_prob_error_reduction,100,1.4086408098602339,1.392061539526732,1.425716340392771
two_concepts,plain2_w16_gmp,pixel_permuted_template,retention_1,15,centered_residual_energy_ratio,100,0.3604850706980611,0.34868241523505,0.37192865060545294
two_concepts,plain2_w16_gmp,pixel_permuted_template,retention_1,15,centered_residual_norm_mpp,100,6.986187968024149,6.8615494136102635,7.108810682236004
two_concepts,plain2_w16_gmp,pixel_permuted_template,retention_1,15,cancellation_mean,100,0.16025203090366588,0.15747636158927636,0.16313026346601445
two_concepts,plain2_w16_gmp,pixel_permuted_template,retention_1,15,g_individual_sum_mpp,100,297.4397562819551,293.1191627088006,301.6356542561494
two_concepts,plain2_w16_gmp,pixel_permuted_template,retention_1,15,g_cross_term_mpp,100,-187.648107972328,-190.92985963738587,-184.36653083701825
two_concepts,plain2_w16_gmp,pixel_permuted_template,retention_1,15,g_nonadditive_correction_mpp,100,70.24703802421374,67.90411671966895,72.65249611966658
two_concepts,plain2_w16_gmp,pixel_permuted_template,retention_1,16,observed_centered_logit_fidelity,100,1.0,1.0,1.0
two_concepts,plain2_w16_gmp,pixel_permuted_template,retention_1,16,additive_centered_logit_fidelity,100,0.5765666459123849,0.5633859001055092,0.5900310950861153
two_concepts,plain2_w16_gmp,pixel_permuted_template,retention_1,16,observed_prob_error_reduction,100,1.8972100039374644,1.8919782685830928,1.9022659726024898
two_concepts,plain2_w16_gmp,pixel_permuted_template,retention_1,16,additive_prob_error_reduction,100,1.4315830090602415,1.4145443092614673,1.4488387182855613
two_concepts,plain2_w16_gmp,pixel_permuted_template,retention_1,16,centered_residual_energy_ratio,100,0.42343335408761507,0.4099248370816267,0.4368917005256352
two_concepts,plain2_w16_gmp,pixel_permuted_template,retention_1,16,centered_residual_norm_mpp,100,7.6157258761503375,7.479659433224399,7.748695574400054
two_concepts,plain2_w16_gmp,pixel_permuted_template,retention_1,16,cancellation_mean,100,0.16195016097719886,0.15896847150578675,0.16492946281986332
two_concepts,plain2_w16_gmp,pixel_permuted_template,retention_1,16,g_individual_sum_mpp,100,314.22950661983066,309.77428416001754,318.71406403572615
two_concepts,plain2_w16_gmp,pixel_permuted_template,retention_1,16,g_cross_term_mpp,100,-209.47496986955585,-213.04021343757861,-205.95713732610886
two_concepts,plain2_w16_gmp,pixel_permuted_template,retention_1,16,g_nonadditive_correction_mpp,100,76.37352591802802,73.83832264610076,78.88208526462658
two_concepts,plain2_w16_gmp,structured_template,release_default,0,observed_centered_logit_fidelity,100,0.0,0.0,0.0
two_concepts,plain2_w16_gmp,structured_template,release_default,0,additive_centered_logit_fidelity,100,0.0,0.0,0.0
two_concepts,plain2_w16_gmp,structured_template,release_default,0,observed_prob_error_reduction,100,0.0,0.0,0.0
two_concepts,plain2_w16_gmp,structured_template,release_default,0,additive_prob_error_reduction,100,0.0,0.0,0.0
two_concepts,plain2_w16_gmp,structured_template,release_default,0,centered_residual_energy_ratio,100,0.0,0.0,0.0
two_concepts,plain2_w16_gmp,structured_template,release_default,0,centered_residual_norm_mpp,100,0.0,0.0,0.0
two_concepts,plain2_w16_gmp,structured_template,release_default,0,cancellation_mean,0,,,
two_concepts,plain2_w16_gmp,structured_template,release_default,0,g_individual_sum_mpp,100,0.0,0.0,0.0
two_concepts,plain2_w16_gmp,structured_template,release_default,0,g_cross_term_mpp,100,0.0,0.0,0.0
two_concepts,plain2_w16_gmp,structured_template,release_default,0,g_nonadditive_correction_mpp,100,0.0,0.0,0.0
two_concepts,plain2_w16_gmp,structured_template,release_default,1,observed_centered_logit_fidelity,100,0.1389496561987083,0.13423302792523537,0.14370700541524387
two_concepts,plain2_w16_gmp,structured_template,release_default,1,additive_centered_logit_fidelity,100,0.1389496561987083,0.13412343831010445,0.14374506987923197
two_concepts,plain2_w16_gmp,structured_template,release_default,1,observed_prob_error_reduction,100,0.012972150156199555,0.011855076439445295,0.014122090832807984
two_concepts,plain2_w16_gmp,structured_template,release_default,1,additive_prob_error_reduction,100,0.012972150156199555,0.011857359864435906,0.014127024458263445
two_concepts,plain2_w16_gmp,structured_template,release_default,1,centered_residual_energy_ratio,100,0.0,0.0,0.0
two_concepts,plain2_w16_gmp,structured_template,release_default,1,centered_residual_norm_mpp,100,0.0,0.0,0.0
two_concepts,plain2_w16_gmp,structured_template,release_default,1,cancellation_mean,100,0.0,0.0,0.0
two_concepts,plain2_w16_gmp,structured_template,release_default,1,g_individual_sum_mpp,100,58.35852348521854,56.103130396511325,60.66103396958655
two_concepts,plain2_w16_gmp,structured_template,release_default,1,g_cross_term_mpp,100,0.0,0.0,0.0
two_concepts,plain2_w16_gmp,structured_template,release_default,1,g_nonadditive_correction_mpp,100,0.0,0.0,0.0
two_concepts,plain2_w16_gmp,structured_template,release_default,2,observed_centered_logit_fidelity,100,0.26308815087589726,0.25681195542649643,0.2694019966215646
two_concepts,plain2_w16_gmp,structured_template,release_default,2,additive_centered_logit_fidelity,100,0.24806809419450446,0.24238177978892744,0.25356930444294384
two_concepts,plain2_w16_gmp,structured_template,release_default,2,observed_prob_error_reduction,100,0.05315512801874206,0.049333137657608085,0.057338316560058125
two_concepts,plain2_w16_gmp,structured_template,release_default,2,additive_prob_error_reduction,100,0.05005974461858255,0.046716941579911034,0.05351514911072018
two_concepts,plain2_w16_gmp,structured_template,release_default,2,centered_residual_energy_ratio,100,0.0008992001184108171,0.0008263819286698743,0.0009745214794852188
two_concepts,plain2_w16_gmp,structured_template,release_default,2,centered_residual_norm_mpp,100,0.40558010452898935,0.39198481283615866,0.4197673727206855
two_concepts,plain2_w16_gmp,structured_template,release_default,2,cancellation_mean,100,0.07326832363232257,0.06956330544752654,0.07717278219694747
two_concepts,plain2_w16_gmp,structured_template,release_default,2,g_individual_sum_mpp,100,110.00457129910583,106.79520427092476,113.13499664708876
two_concepts,plain2_w16_gmp,structured_template,release_default,2,g_cross_term_mpp,100,-5.855540441945242,-6.203591626697414,-5.519784464104813
two_concepts,plain2_w16_gmp,structured_template,release_default,2,g_nonadditive_correction_mpp,100,6.34747506988591,5.806065376120403,6.892945571655598
two_concepts,plain2_w16_gmp,structured_template,release_default,3,observed_centered_logit_fidelity,100,0.3694294254008185,0.3620727899811159,0.37647035946280616
two_concepts,plain2_w16_gmp,structured_template,release_default,3,additive_centered_logit_fidelity,100,0.3415476196611887,0.3352102738475742,0.3477334348876857
two_concepts,plain2_w16_gmp,structured_template,release_default,3,observed_prob_error_reduction,100,0.13851601671238004,0.1301753160596465,0.1468524392787209
two_concepts,plain2_w16_gmp,structured_template,release_default,3,additive_prob_error_reduction,100,0.13208321398253298,0.12468463468330698,0.13971006843976982
two_concepts,plain2_w16_gmp,structured_template,release_default,3,centered_residual_energy_ratio,100,0.0027786418160898984,0.0026036475981294402,0.0029655055177342043
two_concepts,plain2_w16_gmp,structured_template,release_default,3,centered_residual_norm_mpp,100,0.7642425083675579,0.7430245446577934,0.7866799219978097
two_concepts,plain2_w16_gmp,structured_template,release_default,3,cancellation_mean,100,0.10003233125220232,0.09578971609151896,0.1045151060021147
two_concepts,plain2_w16_gmp,structured_template,release_default,3,g_individual_sum_mpp,100,158.9907042057764,154.81342073267112,163.12598286377266
two_concepts,plain2_w16_gmp,structured_template,release_default,3,g_cross_term_mpp,100,-15.715105206798903,-16.476309331374818,-14.984462421353692
two_concepts,plain2_w16_gmp,structured_template,release_default,3,g_nonadditive_correction_mpp,100,11.739976075025035,10.960110582905395,12.490786030371032
two_concepts,plain2_w16_gmp,structured_template,release_default,4,observed_centered_logit_fidelity,100,0.4569079895831294,0.44946185115760645,0.46433168457022567
two_concepts,plain2_w16_gmp,structured_template,release_default,4,additive_centered_logit_fidelity,100,0.41685658044458657,0.4106497633795558,0.42300090464759244
two_concepts,plain2_w16_gmp,structured_template,release_default,4,observed_prob_error_reduction,100,0.27371566188888247,0.2593651369296169,0.28818504228024666
two_concepts,plain2_w16_gmp,structured_template,release_default,4,additive_prob_error_reduction,100,0.25668290973986435,0.24404572892680032,0.26978578066315084
two_concepts,plain2_w16_gmp,structured_template,release_default,4,centered_residual_energy_ratio,100,0.005783922361523237,0.005357119764813177,0.006257089243339426
two_concepts,plain2_w16_gmp,structured_template,release_default,4,centered_residual_norm_mpp,100,1.1329208563128654,1.0981374518729579,1.1714503033130894
two_concepts,plain2_w16_gmp,structured_template,release_default,4,cancellation_mean,100,0.11526372508368253,0.11072161888427572,0.1199557765216473
two_concepts,plain2_w16_gmp,structured_template,release_default,4,g_individual_sum_mpp,100,202.68274556906556,198.21360990159715,207.25464406237595
two_concepts,plain2_w16_gmp,structured_template,release_default,4,g_cross_term_mpp,100,-28.03128635088387,-29.189502903382554,-26.89496150618411
two_concepts,plain2_w16_gmp,structured_template,release_default,4,g_nonadditive_correction_mpp,100,16.842564424780335,15.811576431789593,17.86984366338408
two_concepts,plain2_w16_gmp,structured_template,release_default,5,observed_centered_logit_fidelity,100,0.5330743443400384,0.5252634820738825,0.5408918898143201
two_concepts,plain2_w16_gmp,structured_template,release_default,5,additive_centered_logit_fidelity,100,0.4810094336010867,0.47461927485457467,0.4872525601979212
two_concepts,plain2_w16_gmp,structured_template,release_default,5,observed_prob_error_reduction,100,0.4594480877964676,0.43910428206801966,0.4796640480827773
two_concepts,plain2_w16_gmp,structured_template,release_default,5,additive_prob_error_reduction,100,0.41487357326994756,0.39819615887547416,0.43179438000053516
two_concepts,plain2_w16_gmp,structured_template,release_default,5,centered_residual_energy_ratio,100,0.009677281168652623,0.009070621472868478,0.010337055680524928
two_concepts,plain2_w16_gmp,structured_template,release_default,5,centered_residual_norm_mpp,100,1.5036324121940836,1.462347940696804,1.5467590678671328
two_concepts,plain2_w16_gmp,structured_template,release_default,5,cancellation_mean,100,0.12652955942852245,0.12205761691387675,0.13091419926324765
two_concepts,plain2_w16_gmp,structured_template,release_default,5,g_individual_sum_mpp,100,243.79837084197342,238.7389942010126,248.8880800427723
two_concepts,plain2_w16_gmp,structured_template,release_default,5,g_cross_term_mpp,100,-42.36826825764142,-43.90886354982851,-40.78683207865533
two_concepts,plain2_w16_gmp,structured_template,release_default,5,g_nonadditive_correction_mpp,100,21.836733141093283,20.585035529642784,23.094836643308966
two_concepts,plain2_w16_gmp,structured_template,release_default,6,observed_centered_logit_fidelity,100,0.604098992076445,0.5965831872098647,0.6114657496385827
two_concepts,plain2_w16_gmp,structured_template,release_default,6,additive_centered_logit_fidelity,100,0.5382952990118376,0.532202462735488,0.5441746468559634
two_concepts,plain2_w16_gmp,structured_template,release_default,6,observed_prob_error_reduction,100,0.6923860380521824,0.6678714556330488,0.71746712748983
two_concepts,plain2_w16_gmp,structured_template,release_default,6,additive_prob_error_reduction,100,0.5946494154021651,0.5763779333367213,0.6138077921411513
two_concepts,plain2_w16_gmp,structured_template,release_default,6,centered_residual_energy_ratio,100,0.015118490884801527,0.014233026485817703,0.016050071993481674
two_concepts,plain2_w16_gmp,structured_template,release_default,6,centered_residual_norm_mpp,100,1.9223570658432354,1.8732067405782415,1.9731633332159966
two_concepts,plain2_w16_gmp,structured_template,release_default,6,cancellation_mean,100,0.13291619404059968,0.12891361071986104,0.13705562984912983
two_concepts,plain2_w16_gmp,structured_template,release_default,6,g_individual_sum_mpp,100,284.68076387378807,279.3802974416291,290.09833320793723
two_concepts,plain2_w16_gmp,structured_template,release_default,6,g_cross_term_mpp,100,-59.300204897188316,-61.23793039225351,-57.35507837588301
two_concepts,plain2_w16_gmp,structured_template,release_default,6,g_nonadditive_correction_mpp,100,27.571256375485483,26.158569215586947,29.04297165929494
two_concepts,plain2_w16_gmp,structured_template,release_default,7,observed_centered_logit_fidelity,100,0.6658940777296978,0.659454935490982,0.6722393089852908
two_concepts,plain2_w16_gmp,structured_template,release_default,7,additive_centered_logit_fidelity,100,0.5875427120119545,0.5823824938720455,0.5927364978385331
two_concepts,plain2_w16_gmp,structured_template,release_default,7,observed_prob_error_reduction,100,0.9408156187548602,0.9145855106802476,0.9675428159260268
two_concepts,plain2_w16_gmp,structured_template,release_default,7,additive_prob_error_reduction,100,0.7752468084485606,0.7566311291310166,0.793905478674021
two_concepts,plain2_w16_gmp,structured_template,release_default,7,centered_residual_energy_ratio,100,0.021467087152309293,0.020316615725348194,0.022703665506435614
two_concepts,plain2_w16_gmp,structured_template,release_default,7,centered_residual_norm_mpp,100,2.3350849746558335,2.2799067759995286,2.3929126286332245
two_concepts,plain2_w16_gmp,structured_template,release_default,7,cancellation_mean,100,0.13779623575239458,0.13398803873047202,0.14179769641407153
two_concepts,plain2_w16_gmp,structured_template,release_default,7,g_individual_sum_mpp,100,323.76627667723267,318.28453607947915,329.059281622599
two_concepts,plain2_w16_gmp,structured_template,release_default,7,g_cross_term_mpp,100,-77.74087379159914,-79.96743828578856,-75.54350665976396
two_concepts,plain2_w16_gmp,structured_template,release_default,7,g_nonadditive_correction_mpp,100,32.80448374229364,31.29960034292187,34.33809841938081
two_concepts,plain2_w16_gmp,structured_template,release_default,8,observed_centered_logit_fidelity,100,0.7221882714030592,0.7164259581800544,0.7280211873259447
two_concepts,plain2_w16_gmp,structured_template,release_default,8,additive_centered_logit_fidelity,100,0.6299207554789557,0.6251535369822171,0.6346752033902546
two_concepts,plain2_w16_gmp,structured_template,release_default,8,observed_prob_error_reduction,100,1.1961845180624306,1.1699862145236113,1.2221317718316735
two_concepts,plain2_w16_gmp,structured_template,release_default,8,additive_prob_error_reduction,100,0.9461965352715184,0.9288265880859159,0.9633706696460954
two_concepts,plain2_w16_gmp,structured_template,release_default,8,centered_residual_energy_ratio,100,0.02993552594814054,0.02856666683158062,0.03141814795191871
two_concepts,plain2_w16_gmp,structured_template,release_default,8,centered_residual_norm_mpp,100,2.804358388813082,2.7466499298220723,2.8641383328819447
two_concepts,plain2_w16_gmp,structured_template,release_default,8,cancellation_mean,100,0.1422524937677056,0.13853927404688648,0.14600654375197572
two_concepts,plain2_w16_gmp,structured_template,release_default,8,g_individual_sum_mpp,100,362.06551324595915,356.2695619601369,367.9129879640176
two_concepts,plain2_w16_gmp,structured_template,release_default,8,g_cross_term_mpp,100,-98.27157134696162,-100.56765916952764,-95.94807890335743
two_concepts,plain2_w16_gmp,structured_template,release_default,8,g_nonadditive_correction_mpp,100,38.626939267291,36.97814867252528,40.267434676879994
two_concepts,plain2_w16_gmp,structured_template,release_default,9,observed_centered_logit_fidelity,100,0.7739511590623586,0.7681194650447074,0.7797642992131683
two_concepts,plain2_w16_gmp,structured_template,release_default,9,additive_centered_logit_fidelity,100,0.6676947013745865,0.6629657306751275,0.6724650401960752
two_concepts,plain2_w16_gmp,structured_template,release_default,9,observed_prob_error_reduction,100,1.4331906320499825,1.4071497458610414,1.4583527002707242
two_concepts,plain2_w16_gmp,structured_template,release_default,9,additive_prob_error_reduction,100,1.100182145214303,1.0833310611403553,1.1169676764709866
two_concepts,plain2_w16_gmp,structured_template,release_default,9,centered_residual_energy_ratio,100,0.04090124914271765,0.039083963263870834,0.04283335806184625
two_concepts,plain2_w16_gmp,structured_template,release_default,9,centered_residual_norm_mpp,100,3.3127056858426114,3.2443776403612232,3.38121849922525
two_concepts,plain2_w16_gmp,structured_template,release_default,9,cancellation_mean,100,0.14564098827865724,0.14192977944697377,0.1493270555139151
two_concepts,plain2_w16_gmp,structured_template,release_default,9,g_individual_sum_mpp,100,400.99455380165875,394.54954685422456,407.1921459047516
two_concepts,plain2_w16_gmp,structured_template,release_default,9,g_cross_term_mpp,100,-121.2863534638233,-124.24258327067864,-118.29210212457114
two_concepts,plain2_w16_gmp,structured_template,release_default,9,g_nonadditive_correction_mpp,100,44.439348578379814,42.609131445452725,46.30189233908646
two_concepts,plain2_w16_gmp,structured_template,release_default,10,observed_centered_logit_fidelity,100,0.8204567016034807,0.8152980811563739,0.8256084199495766
two_concepts,plain2_w16_gmp,structured_template,release_default,10,additive_centered_logit_fidelity,100,0.6999284732564233,0.695507621209159,0.7044042504547452
two_concepts,plain2_w16_gmp,structured_template,release_default,10,observed_prob_error_reduction,100,1.629214115191607,1.6072974215619953,1.650046003444802
two_concepts,plain2_w16_gmp,structured_template,release_default,10,additive_prob_error_reduction,100,1.2306529748689266,1.2159619557855181,1.2452953187436486
two_concepts,plain2_w16_gmp,structured_template,release_default,10,centered_residual_energy_ratio,100,0.053947403717385684,0.051674560417360224,0.05632910359206849
two_concepts,plain2_w16_gmp,structured_template,release_default,10,centered_residual_norm_mpp,100,3.8481658710041198,3.773395112640064,3.925700098411523
two_concepts,plain2_w16_gmp,structured_template,release_default,10,cancellation_mean,100,0.14684884612590923,0.14339921981117212,0.1502699233795069
two_concepts,plain2_w16_gmp,structured_template,release_default,10,g_individual_sum_mpp,100,440.22289361832236,433.27194649968413,447.40129788617935
two_concepts,plain2_w16_gmp,structured_template,release_default,10,g_cross_term_mpp,100,-146.9116517799817,-150.4143210545468,-143.50459735410763
two_concepts,plain2_w16_gmp,structured_template,release_default,10,g_nonadditive_correction_mpp,100,50.40874778698726,48.45027071231507,52.432527919546104
two_concepts,plain2_w16_gmp,structured_template,release_default,11,observed_centered_logit_fidelity,100,0.8643535272228919,0.8602000376403596,0.8683732866118271
two_concepts,plain2_w16_gmp,structured_template,release_default,11,additive_centered_logit_fidelity,100,0.727850136562258,0.7233219179477676,0.7323076830051395
two_concepts,plain2_w16_gmp,structured_template,release_default,11,observed_prob_error_reduction,100,1.7800715632790582,1.7666187494849233,1.7930091688883167
two_concepts,plain2_w16_gmp,structured_template,release_default,11,additive_prob_error_reduction,100,1.3397242619029623,1.3262008279340567,1.3533012651234229
two_concepts,plain2_w16_gmp,structured_template,release_default,11,centered_residual_energy_ratio,100,0.06977682336234581,0.06708516938882675,0.07249621186797872
two_concepts,plain2_w16_gmp,structured_template,release_default,11,centered_residual_norm_mpp,100,4.420791782108989,4.340781969846565,4.502001924636296
two_concepts,plain2_w16_gmp,structured_template,release_default,11,cancellation_mean,100,0.1474840010125575,0.14412445136221,0.15086408045847982
two_concepts,plain2_w16_gmp,structured_template,release_default,11,g_individual_sum_mpp,100,481.70564609364783,474.28992182773476,489.06312469649595
two_concepts,plain2_w16_gmp,structured_template,release_default,11,g_cross_term_mpp,100,-176.65735188927002,-180.47501107636995,-172.9312727595112
two_concepts,plain2_w16_gmp,structured_template,release_default,11,g_nonadditive_correction_mpp,100,57.068510412010255,54.977120557132736,59.15065843773789
two_concepts,plain2_w16_gmp,structured_template,release_default,12,observed_centered_logit_fidelity,100,0.9034471759515402,0.9005213107806795,0.9062722713971485
two_concepts,plain2_w16_gmp,structured_template,release_default,12,additive_centered_logit_fidelity,100,0.7495308924562054,0.7448612992211673,0.7540082392572762
two_concepts,plain2_w16_gmp,structured_template,release_default,12,observed_prob_error_reduction,100,1.8773128665983538,1.8690791510806046,1.8854468676332576
two_concepts,plain2_w16_gmp,structured_template,release_default,12,additive_prob_error_reduction,100,1.428191525195151,1.4150526393815361,1.4414523043359013
two_concepts,plain2_w16_gmp,structured_template,release_default,12,centered_residual_energy_ratio,100,0.0895371078827512,0.08646069170410678,0.09282414311862025
two_concepts,plain2_w16_gmp,structured_template,release_default,12,centered_residual_norm_mpp,100,5.050573653682868,4.967107404530013,5.1371543497565995
two_concepts,plain2_w16_gmp,structured_template,release_default,12,cancellation_mean,100,0.14759627403611536,0.14451513550896505,0.15072722696336482
two_concepts,plain2_w16_gmp,structured_template,release_default,12,g_individual_sum_mpp,100,524.5452124313811,516.9089822710998,532.3870402590221
two_concepts,plain2_w16_gmp,structured_template,release_default,12,g_cross_term_mpp,100,-210.34751545886385,-214.86170887722875,-206.0437286636262
two_concepts,plain2_w16_gmp,structured_template,release_default,12,g_nonadditive_correction_mpp,100,64.32655669289215,62.18905071336125,66.49830271459783
two_concepts,plain2_w16_gmp,structured_template,release_default,13,observed_centered_logit_fidelity,100,0.9383272586382221,0.9363147899944813,0.9403695640628026
two_concepts,plain2_w16_gmp,structured_template,release_default,13,additive_centered_logit_fidelity,100,0.7649152432342798,0.7597564893752814,0.7700415282790604
two_concepts,plain2_w16_gmp,structured_template,release_default,13,observed_prob_error_reduction,100,1.93096513651145,1.9254704857435432,1.9360404006941876
two_concepts,plain2_w16_gmp,structured_template,release_default,13,additive_prob_error_reduction,100,1.501017735048533,1.48802127794544,1.5138627130334974
two_concepts,plain2_w16_gmp,structured_template,release_default,13,centered_residual_energy_ratio,100,0.11448386270940407,0.11065540655818176,0.1184693389423002
two_concepts,plain2_w16_gmp,structured_template,release_default,13,centered_residual_norm_mpp,100,5.74736720485505,5.654793857297044,5.841316805245048
two_concepts,plain2_w16_gmp,structured_template,release_default,13,cancellation_mean,100,0.14627365178121501,0.14326854287220459,0.14932680329856188
two_concepts,plain2_w16_gmp,structured_template,release_default,13,g_individual_sum_mpp,100,570.0774719764121,561.8283801678109,578.4614560491209
two_concepts,plain2_w16_gmp,structured_template,release_default,13,g_cross_term_mpp,100,-249.33511845123974,-254.16088757577813,-244.57770938907157
two_concepts,plain2_w16_gmp,structured_template,release_default,13,g_nonadditive_correction_mpp,100,72.40508131264066,69.94560670464571,74.86692270777681
two_concepts,plain2_w16_gmp,structured_template,release_default,14,observed_centered_logit_fidelity,100,0.9674259652932042,0.9662767160303989,0.9685867349867134
two_concepts,plain2_w16_gmp,structured_template,release_default,14,additive_centered_logit_fidelity,100,0.7717377971852324,0.7658256935556098,0.777427180975937
two_concepts,plain2_w16_gmp,structured_template,release_default,14,observed_prob_error_reduction,100,1.9539951707549355,1.94990320274475,1.9580421995165436
two_concepts,plain2_w16_gmp,structured_template,release_default,14,additive_prob_error_reduction,100,1.5574520202123114,1.5442328744467493,1.5704172975607487
two_concepts,plain2_w16_gmp,structured_template,release_default,14,centered_residual_energy_ratio,100,0.14550052384775083,0.14074908272691267,0.15023528761013136
two_concepts,plain2_w16_gmp,structured_template,release_default,14,centered_residual_norm_mpp,100,6.525088362885121,6.420979453796856,6.633633772609135
two_concepts,plain2_w16_gmp,structured_template,release_default,14,cancellation_mean,100,0.1444949196862717,0.14159306320532908,0.1474899355377642
two_concepts,plain2_w16_gmp,structured_template,release_default,14,g_individual_sum_mpp,100,617.9758110433536,608.9631221313779,627.2811496108653
two_concepts,plain2_w16_gmp,structured_template,release_default,14,g_cross_term_mpp,100,-294.30516653419465,-299.9244106206329,-288.70529251291765
two_concepts,plain2_w16_gmp,structured_template,release_default,14,g_nonadditive_correction_mpp,100,81.64744948152908,79.02744249529415,84.39321429504221
two_concepts,plain2_w16_gmp,structured_template,release_default,15,observed_centered_logit_fidelity,100,0.9887403501611262,0.9882930718421113,0.9891895641184993
two_concepts,plain2_w16_gmp,structured_template,release_default,15,additive_centered_logit_fidelity,100,0.7691692645712598,0.7623572990759999,0.7758909669438473
two_concepts,plain2_w16_gmp,structured_template,release_default,15,observed_prob_error_reduction,100,1.9613862444195136,1.9576611688882826,1.9650284359649286
two_concepts,plain2_w16_gmp,structured_template,release_default,15,additive_prob_error_reduction,100,1.6037650714911604,1.590464347104482,1.6167953223183593
two_concepts,plain2_w16_gmp,structured_template,release_default,15,centered_residual_energy_ratio,100,0.18463536507160203,0.17881437894370167,0.19049232517513323
two_concepts,plain2_w16_gmp,structured_template,release_default,15,centered_residual_norm_mpp,100,7.377895453691048,7.260391218839427,7.497540458152181
two_concepts,plain2_w16_gmp,structured_template,release_default,15,cancellation_mean,100,0.14207117994405083,0.13933413969775685,0.14484932295791292
two_concepts,plain2_w16_gmp,structured_template,release_default,15,g_individual_sum_mpp,100,668.7237346651585,659.428228816705,678.3096961238759
two_concepts,plain2_w16_gmp,structured_template,release_default,15,g_cross_term_mpp,100,-346.00087329625273,-352.05365984654713,-340.2909789430833
two_concepts,plain2_w16_gmp,structured_template,release_default,15,g_nonadditive_correction_mpp,100,91.46566195094466,88.46065757177024,94.50203840537121
two_concepts,plain2_w16_gmp,structured_template,release_default,16,observed_centered_logit_fidelity,100,1.0,1.0,1.0
two_concepts,plain2_w16_gmp,structured_template,release_default,16,additive_centered_logit_fidelity,100,0.745218515161059,0.7371439214328257,0.7530761317939388
two_concepts,plain2_w16_gmp,structured_template,release_default,16,observed_prob_error_reduction,100,1.9633670799491822,1.9598379553893637,1.96693064069564
two_concepts,plain2_w16_gmp,structured_template,release_default,16,additive_prob_error_reduction,100,1.6409116094702665,1.6287911531673602,1.652950548918482
two_concepts,plain2_w16_gmp,structured_template,release_default,16,centered_residual_energy_ratio,100,0.25478148483894114,0.24679799697959895,0.2630224411632514
two_concepts,plain2_w16_gmp,structured_template,release_default,16,centered_residual_norm_mpp,100,8.675246933268276,8.531639414165507,8.819472561540758
two_concepts,plain2_w16_gmp,structured_template,release_default,16,cancellation_mean,100,0.13766977807408043,0.13505781987570628,0.14028532968672758
two_concepts,plain2_w16_gmp,structured_template,release_default,16,g_individual_sum_mpp,100,730.7818370517546,720.3201141672317,741.3364721701666
two_concepts,plain2_w16_gmp,structured_template,release_default,16,g_cross_term_mpp,100,-417.9640761706074,-425.20888272316904,-411.0314725972951
two_concepts,plain2_w16_gmp,structured_template,release_default,16,g_nonadditive_correction_mpp,100,106.07818136241347,102.521817482516,109.70618034350062
two_concepts,plain2_w16_gmp,structured_template,retention_1,0,observed_centered_logit_fidelity,100,0.0,0.0,0.0
two_concepts,plain2_w16_gmp,structured_template,retention_1,0,additive_centered_logit_fidelity,100,0.0,0.0,0.0
two_concepts,plain2_w16_gmp,structured_template,retention_1,0,observed_prob_error_reduction,100,0.0,0.0,0.0
two_concepts,plain2_w16_gmp,structured_template,retention_1,0,additive_prob_error_reduction,100,0.0,0.0,0.0
two_concepts,plain2_w16_gmp,structured_template,retention_1,0,centered_residual_energy_ratio,100,0.0,0.0,0.0
two_concepts,plain2_w16_gmp,structured_template,retention_1,0,centered_residual_norm_mpp,100,0.0,0.0,0.0
two_concepts,plain2_w16_gmp,structured_template,retention_1,0,cancellation_mean,0,,,
two_concepts,plain2_w16_gmp,structured_template,retention_1,0,g_individual_sum_mpp,100,0.0,0.0,0.0
two_concepts,plain2_w16_gmp,structured_template,retention_1,0,g_cross_term_mpp,100,0.0,0.0,0.0
two_concepts,plain2_w16_gmp,structured_template,retention_1,0,g_nonadditive_correction_mpp,100,0.0,0.0,0.0
two_concepts,plain2_w16_gmp,structured_template,retention_1,1,observed_centered_logit_fidelity,100,0.12641426936110284,0.12134070226039323,0.1315007194437479
two_concepts,plain2_w16_gmp,structured_template,retention_1,1,additive_centered_logit_fidelity,100,0.12641426936110284,0.12125249089524279,0.13161979520980668
two_concepts,plain2_w16_gmp,structured_template,retention_1,1,observed_prob_error_reduction,100,0.030365647250336386,0.028100085925593318,0.03278293856193886
two_concepts,plain2_w16_gmp,structured_template,retention_1,1,additive_prob_error_reduction,100,0.030365647250336386,0.028136636078183643,0.032796631736042504
two_concepts,plain2_w16_gmp,structured_template,retention_1,1,centered_residual_energy_ratio,100,0.0,0.0,0.0
two_concepts,plain2_w16_gmp,structured_template,retention_1,1,centered_residual_norm_mpp,100,0.0,0.0,0.0
two_concepts,plain2_w16_gmp,structured_template,retention_1,1,cancellation_mean,100,0.0,0.0,0.0
two_concepts,plain2_w16_gmp,structured_template,retention_1,1,g_individual_sum_mpp,100,26.83761951086681,25.64094768714445,28.018732865479723
two_concepts,plain2_w16_gmp,structured_template,retention_1,1,g_cross_term_mpp,100,0.0,0.0,0.0
two_concepts,plain2_w16_gmp,structured_template,retention_1,1,g_nonadditive_correction_mpp,100,0.0,0.0,0.0
two_concepts,plain2_w16_gmp,structured_template,retention_1,2,observed_centered_logit_fidelity,100,0.2610042414350533,0.25408758340272203,0.2680558753205119
two_concepts,plain2_w16_gmp,structured_template,retention_1,2,additive_centered_logit_fidelity,100,0.24334781988266233,0.23658993841506512,0.25005163660611524
two_concepts,plain2_w16_gmp,structured_template,retention_1,2,observed_prob_error_reduction,100,0.10248050139633179,0.09602801841009447,0.10947861912376793
two_concepts,plain2_w16_gmp,structured_template,retention_1,2,additive_prob_error_reduction,100,0.09818336987772139,0.0919164945642213,0.1052573881247488
two_concepts,plain2_w16_gmp,structured_template,retention_1,2,centered_residual_energy_ratio,100,0.0014645097228394202,0.0013792974031260519,0.0015541705920209443
two_concepts,plain2_w16_gmp,structured_template,retention_1,2,centered_residual_norm_mpp,100,0.3927403474865316,0.38283516134257994,0.4027267027055095
two_concepts,plain2_w16_gmp,structured_template,retention_1,2,cancellation_mean,100,0.09304697493700285,0.0884683922308672,0.0978190446385239
two_concepts,plain2_w16_gmp,structured_template,retention_1,2,g_individual_sum_mpp,100,54.71677936816561,52.95949019869931,56.47415754968933
two_concepts,plain2_w16_gmp,structured_template,retention_1,2,g_cross_term_mpp,100,-2.995706962972666,-3.145127731447758,-2.851853054657311
two_concepts,plain2_w16_gmp,structured_template,retention_1,2,g_nonadditive_correction_mpp,100,3.7452251362465985,3.5005191848318944,3.991311477266794
two_concepts,plain2_w16_gmp,structured_template,retention_1,3,observed_centered_logit_fidelity,100,0.393365104425317,0.3863066607561437,0.40061713700532325
two_concepts,plain2_w16_gmp,structured_template,retention_1,3,additive_centered_logit_fidelity,100,0.37033091289595865,0.3639136152635577,0.37672580612708956
two_concepts,plain2_w16_gmp,structured_template,retention_1,3,observed_prob_error_reduction,100,0.25192248051183713,0.2397581559698254,0.26506891445413505
two_concepts,plain2_w16_gmp,structured_template,retention_1,3,additive_prob_error_reduction,100,0.2478417803753895,0.23627501960837244,0.26027617048156804
two_concepts,plain2_w16_gmp,structured_template,retention_1,3,centered_residual_energy_ratio,100,0.005124684372142996,0.004775843966521397,0.005551987457980931
two_concepts,plain2_w16_gmp,structured_template,retention_1,3,centered_residual_norm_mpp,100,0.7698333189151318,0.7513405723624497,0.7900076468038939
two_concepts,plain2_w16_gmp,structured_template,retention_1,3,cancellation_mean,100,0.1310230295344911,0.12628082321115736,0.13584340013044513
two_concepts,plain2_w16_gmp,structured_template,retention_1,3,g_individual_sum_mpp,100,88.61983629164175,86.55229974739146,90.76692619016346
two_concepts,plain2_w16_gmp,structured_template,retention_1,3,g_cross_term_mpp,100,-10.057440925709509,-10.429632788323875,-9.701396535512716
two_concepts,plain2_w16_gmp,structured_template,retention_1,3,g_nonadditive_correction_mpp,100,4.86528453711561,4.411816646615775,5.305132715941459
two_concepts,plain2_w16_gmp,structured_template,retention_1,4,observed_centered_logit_fidelity,100,0.5009765711526143,0.4929903943257322,0.5087319729611655
two_concepts,plain2_w16_gmp,structured_template,retention_1,4,additive_centered_logit_fidelity,100,0.4693999499654393,0.46283019425445965,0.47579054544485444
two_concepts,plain2_w16_gmp,structured_template,retention_1,4,observed_prob_error_reduction,100,0.4730263909131046,0.4548081996169448,0.4923176543333266
two_concepts,plain2_w16_gmp,structured_template,retention_1,4,additive_prob_error_reduction,100,0.4945387460236179,0.47846979223676644,0.5108487886836293
two_concepts,plain2_w16_gmp,structured_template,retention_1,4,centered_residual_energy_ratio,100,0.019441165818553995,0.01838465237574374,0.020625918006920808
two_concepts,plain2_w16_gmp,structured_template,retention_1,4,centered_residual_norm_mpp,100,1.49423107602054,1.4594172014095372,1.5294526943956883
two_concepts,plain2_w16_gmp,structured_template,retention_1,4,cancellation_mean,100,0.14221134311858197,0.13747898156172267,0.1469902842906507
two_concepts,plain2_w16_gmp,structured_template,retention_1,4,g_individual_sum_mpp,100,121.48077655126653,119.1240119502073,123.90833449721683
two_concepts,plain2_w16_gmp,structured_template,retention_1,4,g_cross_term_mpp,100,-22.025893468859763,-22.688019349511823,-21.37103506285351
two_concepts,plain2_w16_gmp,structured_template,retention_1,4,g_nonadditive_correction_mpp,100,6.67702389386351,5.983732023228506,7.352369313681266
two_concepts,plain2_w16_gmp,structured_template,retention_1,5,observed_centered_logit_fidelity,100,0.5650014959945563,0.557404760483154,0.5723524913786258
two_concepts,plain2_w16_gmp,structured_template,retention_1,5,additive_centered_logit_fidelity,100,0.5261623052243491,0.5199519883429402,0.5322492193127683
two_concepts,plain2_w16_gmp,structured_template,retention_1,5,observed_prob_error_reduction,100,0.6679338090205992,0.6461732105498444,0.6909808329035088
two_concepts,plain2_w16_gmp,structured_template,retention_1,5,additive_prob_error_reduction,100,0.6689276499340262,0.6502580355715616,0.6878178714770549
two_concepts,plain2_w16_gmp,structured_template,retention_1,5,centered_residual_energy_ratio,100,0.024536556452874638,0.023283753160090608,0.025881351461300786
two_concepts,plain2_w16_gmp,structured_template,retention_1,5,centered_residual_norm_mpp,100,1.728643845779667,1.6929665202825532,1.7648609349476474
two_concepts,plain2_w16_gmp,structured_template,retention_1,5,cancellation_mean,100,0.15757491622820716,0.15267196920673567,0.16260384566714048
two_concepts,plain2_w16_gmp,structured_template,retention_1,5,g_individual_sum_mpp,100,142.52284391932955,139.82945076910661,145.19484760532376
two_concepts,plain2_w16_gmp,structured_template,retention_1,5,g_cross_term_mpp,100,-31.057869067593465,-31.88883812378981,-30.21604622431427
two_concepts,plain2_w16_gmp,structured_template,retention_1,5,g_nonadditive_correction_mpp,100,8.178544428755472,7.425691513507243,8.95525297414168
two_concepts,plain2_w16_gmp,structured_template,retention_1,6,observed_centered_logit_fidelity,100,0.6250556365654885,0.6183732645776571,0.6313409367840325
two_concepts,plain2_w16_gmp,structured_template,retention_1,6,additive_centered_logit_fidelity,100,0.5744884192325531,0.5690067171561544,0.5801212940128193
two_concepts,plain2_w16_gmp,structured_template,retention_1,6,observed_prob_error_reduction,100,0.8715331690035929,0.849379619890845,0.8931769450762576
two_concepts,plain2_w16_gmp,structured_template,retention_1,6,additive_prob_error_reduction,100,0.8244248204592448,0.80654707311186,0.8422025064515746
two_concepts,plain2_w16_gmp,structured_template,retention_1,6,centered_residual_energy_ratio,100,0.029116903265859792,0.02781538291276707,0.03052196264828659
two_concepts,plain2_w16_gmp,structured_template,retention_1,6,centered_residual_norm_mpp,100,1.9360729489855957,1.9015958132229251,1.9717562620065732
two_concepts,plain2_w16_gmp,structured_template,retention_1,6,cancellation_mean,100,0.16984273915896117,0.16528572422508292,0.1743583333031727
two_concepts,plain2_w16_gmp,structured_template,retention_1,6,g_individual_sum_mpp,100,162.95302078354368,160.08637518386072,165.84602419264104
two_concepts,plain2_w16_gmp,structured_template,retention_1,6,g_cross_term_mpp,100,-41.24454774657362,-42.29735667664866,-40.19352004078774
two_concepts,plain2_w16_gmp,structured_template,retention_1,6,g_nonadditive_correction_mpp,100,10.622795129649207,9.846144460088341,11.366839133723941
two_concepts,plain2_w16_gmp,structured_template,retention_1,7,observed_centered_logit_fidelity,100,0.676555575292018,0.6702420452113976,0.682706898065743
two_concepts,plain2_w16_gmp,structured_template,retention_1,7,additive_centered_logit_fidelity,100,0.6116290138394159,0.6062743227182124,0.6170466103243208
two_concepts,plain2_w16_gmp,structured_template,retention_1,7,observed_prob_error_reduction,100,1.0631899987190965,1.0399716212985766,1.0868942824175614
two_concepts,plain2_w16_gmp,structured_template,retention_1,7,additive_prob_error_reduction,100,0.959465398545296,0.9421602968453887,0.9766648702194549
two_concepts,plain2_w16_gmp,structured_template,retention_1,7,centered_residual_energy_ratio,100,0.03817537396804446,0.03644645698201946,0.04000503122779682
two_concepts,plain2_w16_gmp,structured_template,retention_1,7,centered_residual_norm_mpp,100,2.251149686797683,2.211185548287342,2.292903544163599
two_concepts,plain2_w16_gmp,structured_template,retention_1,7,cancellation_mean,100,0.17859704288139955,0.17433233442606078,0.18305136404625405
two_concepts,plain2_w16_gmp,structured_template,retention_1,7,g_individual_sum_mpp,100,181.9349293326685,178.85937165734293,185.03696608565755
two_concepts,plain2_w16_gmp,structured_template,retention_1,7,g_cross_term_mpp,100,-52.314711949393484,-53.65120910323149,-51.000328462135954
two_concepts,plain2_w16_gmp,structured_template,retention_1,7,g_nonadditive_correction_mpp,100,13.62933343171136,12.818783235616976,14.425886634693612
two_concepts,plain2_w16_gmp,structured_template,retention_1,8,observed_centered_logit_fidelity,100,0.7117403048023786,0.7061651009921016,0.7172212844710445
two_concepts,plain2_w16_gmp,structured_template,retention_1,8,additive_centered_logit_fidelity,100,0.6359214604139727,0.6310738483096123,0.6408790482226887
two_concepts,plain2_w16_gmp,structured_template,retention_1,8,observed_prob_error_reduction,100,1.1964663077090942,1.1750799493764814,1.2174810877165196
two_concepts,plain2_w16_gmp,structured_template,retention_1,8,additive_prob_error_reduction,100,1.048780838902404,1.0335338618003511,1.0643917990838094
two_concepts,plain2_w16_gmp,structured_template,retention_1,8,centered_residual_energy_ratio,100,0.04965895389889687,0.04747703487710302,0.05185867969421223
two_concepts,plain2_w16_gmp,structured_template,retention_1,8,centered_residual_norm_mpp,100,2.583072193847603,2.541287176203595,2.6259717326588943
two_concepts,plain2_w16_gmp,structured_template,retention_1,8,cancellation_mean,100,0.1928137422286982,0.18855832095355377,0.1971683325317822
two_concepts,plain2_w16_gmp,structured_template,retention_1,8,g_individual_sum_mpp,100,196.39621895791188,193.18346673227043,199.7171461844758
two_concepts,plain2_w16_gmp,structured_template,retention_1,8,g_cross_term_mpp,100,-61.5839929862177,-63.1871273010862,-60.054400759367
two_concepts,plain2_w16_gmp,structured_template,retention_1,8,g_nonadditive_correction_mpp,100,15.898459222667482,15.026871847688746,16.738026612503727
two_concepts,plain2_w16_gmp,structured_template,retention_1,9,observed_centered_logit_fidelity,100,0.7505839184469595,0.7454527120658411,0.7556870374798632
two_concepts,plain2_w16_gmp,structured_template,retention_1,9,additive_centered_logit_fidelity,100,0.6612043800448033,0.6564929920835573,0.6659957163391442
two_concepts,plain2_w16_gmp,structured_template,retention_1,9,observed_prob_error_reduction,100,1.3373245998448722,1.3177161928637475,1.35729505955883
two_concepts,plain2_w16_gmp,structured_template,retention_1,9,additive_prob_error_reduction,100,1.136392766901569,1.1219035872966416,1.1510463194644447
two_concepts,plain2_w16_gmp,structured_template,retention_1,9,centered_residual_energy_ratio,100,0.06199248232361025,0.059555136664222595,0.06456195304051414
two_concepts,plain2_w16_gmp,structured_template,retention_1,9,centered_residual_norm_mpp,100,2.911418060647906,2.8645514501683524,2.957643798945318
two_concepts,plain2_w16_gmp,structured_template,retention_1,9,cancellation_mean,100,0.2015795396546085,0.1973648889969581,0.20586681107147106
two_concepts,plain2_w16_gmp,structured_template,retention_1,9,g_individual_sum_mpp,100,212.15853235791047,208.78991431813594,215.60390724799134
two_concepts,plain2_w16_gmp,structured_template,retention_1,9,g_cross_term_mpp,100,-72.02976157147037,-73.81809836474709,-70.21855852894308
two_concepts,plain2_w16_gmp,structured_template,retention_1,9,g_nonadditive_correction_mpp,100,18.74331206640337,17.887112924153307,19.58756528502146
two_concepts,plain2_w16_gmp,structured_template,retention_1,10,observed_centered_logit_fidelity,100,0.7886876524543078,0.7835625876708361,0.7937890688255057
two_concepts,plain2_w16_gmp,structured_template,retention_1,10,additive_centered_logit_fidelity,100,0.6793084392489791,0.6745474180138563,0.6839495997589333
two_concepts,plain2_w16_gmp,structured_template,retention_1,10,observed_prob_error_reduction,100,1.4768462958773418,1.458360046362889,1.4952632200556533
two_concepts,plain2_w16_gmp,structured_template,retention_1,10,additive_prob_error_reduction,100,1.211710191831168,1.1977537407000187,1.226195904352982
two_concepts,plain2_w16_gmp,structured_template,retention_1,10,centered_residual_energy_ratio,100,0.08066017769729235,0.07722892349520127,0.0842898864507627
two_concepts,plain2_w16_gmp,structured_template,retention_1,10,centered_residual_norm_mpp,100,3.321600900597718,3.265320081063871,3.3800153375734743
two_concepts,plain2_w16_gmp,structured_template,retention_1,10,cancellation_mean,100,0.21011955298387772,0.2058631435748618,0.2145278459714974
two_concepts,plain2_w16_gmp,structured_template,retention_1,10,g_individual_sum_mpp,100,227.61711738723946,223.9239772591579,231.31229565059982
two_concepts,plain2_w16_gmp,structured_template,retention_1,10,g_cross_term_mpp,100,-83.67268602842829,-85.98815311954286,-81.46883686624447
two_concepts,plain2_w16_gmp,structured_template,retention_1,10,g_nonadditive_correction_mpp,100,22.934533694832243,21.95403883322374,23.888262230822928
two_concepts,plain2_w16_gmp,structured_template,retention_1,11,observed_centered_logit_fidelity,100,0.8217601541889193,0.8158207311681154,0.8277462756108811
two_concepts,plain2_w16_gmp,structured_template,retention_1,11,additive_centered_logit_fidelity,100,0.6994569664175927,0.6945937261109688,0.7044598776673052
two_concepts,plain2_w16_gmp,structured_template,retention_1,11,observed_prob_error_reduction,100,1.5916743137715597,1.573527437841014,1.6100024175385963
two_concepts,plain2_w16_gmp,structured_template,retention_1,11,additive_prob_error_reduction,100,1.2864656781972557,1.2723129843823842,1.3009127815065296
two_concepts,plain2_w16_gmp,structured_template,retention_1,11,centered_residual_energy_ratio,100,0.09742187125230979,0.09341483636497873,0.10162452427722371
two_concepts,plain2_w16_gmp,structured_template,retention_1,11,centered_residual_norm_mpp,100,3.6789292200786736,3.6185026302257315,3.743781067253497
two_concepts,plain2_w16_gmp,structured_template,retention_1,11,cancellation_mean,100,0.21652175400054435,0.2118260132460844,0.22128830704880598
two_concepts,plain2_w16_gmp,structured_template,retention_1,11,g_individual_sum_mpp,100,242.16248868128855,238.0542951463922,246.27001996172106
two_concepts,plain2_w16_gmp,structured_template,retention_1,11,g_cross_term_mpp,100,-93.95416244572627,-96.7997150349126,-91.10864405445993
two_concepts,plain2_w16_gmp,structured_template,retention_1,11,g_nonadditive_correction_mpp,100,25.634865180940945,24.50050814754002,26.782128510792944
two_concepts,plain2_w16_gmp,structured_template,retention_1,12,observed_centered_logit_fidelity,100,0.874854978383945,0.8713115135558558,0.878395338298502
two_concepts,plain2_w16_gmp,structured_template,retention_1,12,additive_centered_logit_fidelity,100,0.7268594116764869,0.7220409378662038,0.7318399756393417
two_concepts,plain2_w16_gmp,structured_template,retention_1,12,observed_prob_error_reduction,100,1.748651862276981,1.7374253717562138,1.7595487523504707
two_concepts,plain2_w16_gmp,structured_template,retention_1,12,additive_prob_error_reduction,100,1.3892387276974418,1.3769031944815238,1.4014373514066663
two_concepts,plain2_w16_gmp,structured_template,retention_1,12,centered_residual_energy_ratio,100,0.12129558565295837,0.11676769633129455,0.1258331192019052
two_concepts,plain2_w16_gmp,structured_template,retention_1,12,centered_residual_norm_mpp,100,4.121142728591358,4.058753364731086,4.183067178249563
two_concepts,plain2_w16_gmp,structured_template,retention_1,12,cancellation_mean,100,0.21144206600637055,0.20731325820217195,0.21557007452054172
two_concepts,plain2_w16_gmp,structured_template,retention_1,12,g_individual_sum_mpp,100,269.28704576719264,265.3935870399395,273.2499442594302
two_concepts,plain2_w16_gmp,structured_template,retention_1,12,g_cross_term_mpp,100,-115.23457353757745,-117.92213431014046,-112.57767835495315
two_concepts,plain2_w16_gmp,structured_template,retention_1,12,g_nonadditive_correction_mpp,100,31.04303140153796,29.92167194520692,32.16623853859848
two_concepts,plain2_w16_gmp,structured_template,retention_1,13,observed_centered_logit_fidelity,100,0.9106415698475636,0.9078806777613301,0.9134026250779779
two_concepts,plain2_w16_gmp,structured_template,retention_1,13,additive_centered_logit_fidelity,100,0.7379347957944,0.7320444418376947,0.743504040921817
two_concepts,plain2_w16_gmp,structured_template,retention_1,13,observed_prob_error_reduction,100,1.827673278387247,1.8201691837982779,1.8352863188264816
two_concepts,plain2_w16_gmp,structured_template,retention_1,13,additive_prob_error_reduction,100,1.4530594916270223,1.4413258757189442,1.4648464791136413
two_concepts,plain2_w16_gmp,structured_template,retention_1,13,centered_residual_energy_ratio,100,0.14246210448286586,0.1370689832565689,0.1478160632942905
two_concepts,plain2_w16_gmp,structured_template,retention_1,13,centered_residual_norm_mpp,100,4.497331043191556,4.423420834394704,4.570173739720682
two_concepts,plain2_w16_gmp,structured_template,retention_1,13,cancellation_mean,100,0.20932551418744605,0.20564618875941917,0.2129559233316033
two_concepts,plain2_w16_gmp,structured_template,retention_1,13,g_individual_sum_mpp,100,291.32021759651104,287.0843697883383,295.68587583786575
two_concepts,plain2_w16_gmp,structured_template,retention_1,13,g_cross_term_mpp,100,-134.86230423556466,-137.99243723747782,-131.85116761184142
two_concepts,plain2_w16_gmp,structured_template,retention_1,13,g_nonadditive_correction_mpp,100,36.21167525193004,34.9119665305489,37.56494371830533
two_concepts,plain2_w16_gmp,structured_template,retention_1,14,observed_centered_logit_fidelity,100,0.9507219960749991,0.9494125182502362,0.9520293187469281
two_concepts,plain2_w16_gmp,structured_template,retention_1,14,additive_centered_logit_fidelity,100,0.7387277253777943,0.7320380955013287,0.7453122500698802
two_concepts,plain2_w16_gmp,structured_template,retention_1,14,observed_prob_error_reduction,100,1.8790935237698219,1.8734058314138593,1.8849290252472137
two_concepts,plain2_w16_gmp,structured_template,retention_1,14,additive_prob_error_reduction,100,1.5085079221885913,1.4968376520736775,1.5199878330379182
two_concepts,plain2_w16_gmp,structured_template,retention_1,14,centered_residual_energy_ratio,100,0.17746388593882811,0.17156624776773935,0.18363633759975914
two_concepts,plain2_w16_gmp,structured_template,retention_1,14,centered_residual_norm_mpp,100,5.048322756226303,4.9728644058182265,5.12169447409321
two_concepts,plain2_w16_gmp,structured_template,retention_1,14,cancellation_mean,100,0.20424800760347656,0.20077845254951618,0.207818111098629
two_concepts,plain2_w16_gmp,structured_template,retention_1,14,g_individual_sum_mpp,100,318.4257938254217,313.8287254072918,323.1324232029625
two_concepts,plain2_w16_gmp,structured_template,retention_1,14,g_cross_term_mpp,100,-161.7541216095633,-165.05632362411976,-158.5492126760856
two_concepts,plain2_w16_gmp,structured_template,retention_1,14,g_nonadditive_correction_mpp,100,44.46591223049925,43.03994697174348,45.91058122337497
two_concepts,plain2_w16_gmp,structured_template,retention_1,15,observed_centered_logit_fidelity,100,0.9825331126139907,0.9818489139223014,0.9832055195967668
two_concepts,plain2_w16_gmp,structured_template,retention_1,15,additive_centered_logit_fidelity,100,0.7297803440037327,0.7216782724768479,0.7378672451838776
two_concepts,plain2_w16_gmp,structured_template,retention_1,15,observed_prob_error_reduction,100,1.898924842458171,1.8937124908134302,1.904256003339135
two_concepts,plain2_w16_gmp,structured_template,retention_1,15,additive_prob_error_reduction,100,1.567526679830752,1.55597717393763,1.579102161355062
two_concepts,plain2_w16_gmp,structured_template,retention_1,15,centered_residual_energy_ratio,100,0.22637711013719186,0.2185545964894491,0.23432285878111805
two_concepts,plain2_w16_gmp,structured_template,retention_1,15,centered_residual_norm_mpp,100,5.714350789991344,5.6250162206344765,5.8052767296875025
two_concepts,plain2_w16_gmp,structured_template,retention_1,15,cancellation_mean,100,0.19648823472024202,0.19314553571869703,0.199851525138995
two_concepts,plain2_w16_gmp,structured_template,retention_1,15,g_individual_sum_mpp,100,351.24599726089633,346.20919867521104,356.44848312089573
two_concepts,plain2_w16_gmp,structured_template,retention_1,15,g_cross_term_mpp,100,-196.4182529727028,-200.25747603051371,-192.6990865539253
two_concepts,plain2_w16_gmp,structured_template,retention_1,15,g_nonadditive_correction_mpp,100,53.027916447721175,51.292704595553666,54.75714623872524
two_concepts,plain2_w16_gmp,structured_template,retention_1,16,observed_centered_logit_fidelity,100,1.0,1.0,1.0
two_concepts,plain2_w16_gmp,structured_template,retention_1,16,additive_centered_logit_fidelity,100,0.6915293964397218,0.6816375596934711,0.7011144441248733
two_concepts,plain2_w16_gmp,structured_template,retention_1,16,observed_prob_error_reduction,100,1.9035058519855528,1.8985336014151117,1.90849569182846
two_concepts,plain2_w16_gmp,structured_template,retention_1,16,additive_prob_error_reduction,100,1.6084645361187393,1.5976043013433898,1.6195198904540173
two_concepts,plain2_w16_gmp,structured_template,retention_1,16,centered_residual_energy_ratio,100,0.30847060356027817,0.29873832930133937,0.3181690891068143
two_concepts,plain2_w16_gmp,structured_template,retention_1,16,centered_residual_norm_mpp,100,6.682565113570106,6.584394522228214,6.7871452631764635
two_concepts,plain2_w16_gmp,structured_template,retention_1,16,cancellation_mean,100,0.187526874488136,0.18434084602188502,0.19076511667541557
two_concepts,plain2_w16_gmp,structured_template,retention_1,16,g_individual_sum_mpp,100,390.76497172752795,385.307413211065,396.3148746061177
two_concepts,plain2_w16_gmp,structured_template,retention_1,16,g_cross_term_mpp,100,-243.94145964823076,-248.39216697658284,-239.58686410998362
two_concepts,plain2_w16_gmp,structured_template,retention_1,16,g_nonadditive_correction_mpp,100,64.70932097935643,62.64765852423901,66.80848981226345
two_concepts,tiny_gap,pixel_permuted_template,release_default,0,observed_centered_logit_fidelity,100,0.0,0.0,0.0
two_concepts,tiny_gap,pixel_permuted_template,release_default,0,additive_centered_logit_fidelity,100,0.0,0.0,0.0
two_concepts,tiny_gap,pixel_permuted_template,release_default,0,observed_prob_error_reduction,100,0.0,0.0,0.0
two_concepts,tiny_gap,pixel_permuted_template,release_default,0,additive_prob_error_reduction,100,0.0,0.0,0.0
two_concepts,tiny_gap,pixel_permuted_template,release_default,0,centered_residual_energy_ratio,100,0.0,0.0,0.0
two_concepts,tiny_gap,pixel_permuted_template,release_default,0,centered_residual_norm_mpp,100,0.0,0.0,0.0
two_concepts,tiny_gap,pixel_permuted_template,release_default,0,cancellation_mean,0,,,
two_concepts,tiny_gap,pixel_permuted_template,release_default,0,g_individual_sum_mpp,100,0.0,0.0,0.0
two_concepts,tiny_gap,pixel_permuted_template,release_default,0,g_cross_term_mpp,100,0.0,0.0,0.0
two_concepts,tiny_gap,pixel_permuted_template,release_default,0,g_nonadditive_correction_mpp,100,0.0,0.0,0.0
two_concepts,tiny_gap,pixel_permuted_template,release_default,1,observed_centered_logit_fidelity,100,0.16954266907749702,0.159931295159568,0.17940539812383657
two_concepts,tiny_gap,pixel_permuted_template,release_default,1,additive_centered_logit_fidelity,100,0.16954266907749702,0.15997774679018453,0.17929594146308034
two_concepts,tiny_gap,pixel_permuted_template,release_default,1,observed_prob_error_reduction,100,0.017329391220275003,0.016012777718895862,0.018688505110878093
two_concepts,tiny_gap,pixel_permuted_template,release_default,1,additive_prob_error_reduction,100,0.017329391220275003,0.016020653961294273,0.01866803179458194
two_concepts,tiny_gap,pixel_permuted_template,release_default,1,centered_residual_energy_ratio,100,0.0,0.0,0.0
two_concepts,tiny_gap,pixel_permuted_template,release_default,1,centered_residual_norm_mpp,100,0.0,0.0,0.0
two_concepts,tiny_gap,pixel_permuted_template,release_default,1,cancellation_mean,100,0.0,0.0,0.0
two_concepts,tiny_gap,pixel_permuted_template,release_default,1,g_individual_sum_mpp,100,0.4436546157338364,0.4037969769841837,0.4852479452573619
two_concepts,tiny_gap,pixel_permuted_template,release_default,1,g_cross_term_mpp,100,0.0,0.0,0.0
two_concepts,tiny_gap,pixel_permuted_template,release_default,1,g_nonadditive_correction_mpp,100,0.0,0.0,0.0
two_concepts,tiny_gap,pixel_permuted_template,release_default,2,observed_centered_logit_fidelity,100,0.3128331478646137,0.3000004790728952,0.32569560568528944
two_concepts,tiny_gap,pixel_permuted_template,release_default,2,additive_centered_logit_fidelity,100,0.31283314820564206,0.3002041658094907,0.32604314901855636
two_concepts,tiny_gap,pixel_permuted_template,release_default,2,observed_prob_error_reduction,100,0.03343784191100785,0.0314142786187753,0.03555821917625485
two_concepts,tiny_gap,pixel_permuted_template,release_default,2,additive_prob_error_reduction,100,0.033437841918020406,0.03135337492484207,0.03551124975872906
two_concepts,tiny_gap,pixel_permuted_template,release_default,2,centered_residual_energy_ratio,100,1.5194602076237005e-14,1.442625002799344e-14,1.5949434263081867e-14
two_concepts,tiny_gap,pixel_permuted_template,release_default,2,centered_residual_norm_mpp,100,1.3206564565558206e-07,1.2811608658688991e-07,1.3614090400980385e-07
two_concepts,tiny_gap,pixel_permuted_template,release_default,2,cancellation_mean,100,0.06361031451505691,0.058941451602450796,0.06819895681136492
two_concepts,tiny_gap,pixel_permuted_template,release_default,2,g_individual_sum_mpp,100,0.8775275001097184,0.814853260107572,0.9448337439159691
two_concepts,tiny_gap,pixel_permuted_template,release_default,2,g_cross_term_mpp,100,-0.052609030926871185,-0.05915066474813693,-0.046392899836051486
two_concepts,tiny_gap,pixel_permuted_template,release_default,2,g_nonadditive_correction_mpp,100,-1.1141981267172654e-09,-2.488652283440078e-09,2.8855359450517884e-10
two_concepts,tiny_gap,pixel_permuted_template,release_default,3,observed_centered_logit_fidelity,100,0.43296468456193066,0.4183866021140975,0.44741374986932886
two_concepts,tiny_gap,pixel_permuted_template,release_default,3,additive_centered_logit_fidelity,100,0.43296468469562854,0.41866453917779894,0.44726836287438965
two_concepts,tiny_gap,pixel_permuted_template,release_default,3,observed_prob_error_reduction,100,0.048150516739392975,0.04550423461421532,0.05077100823513292
two_concepts,tiny_gap,pixel_permuted_template,release_default,3,additive_prob_error_reduction,100,0.04815051673662582,0.04552274600838223,0.05074460544395484
two_concepts,tiny_gap,pixel_permuted_template,release_default,3,centered_residual_energy_ratio,100,3.326101573646266e-14,3.1879073820446936e-14,3.4649855633749076e-14
two_concepts,tiny_gap,pixel_permuted_template,release_default,3,centered_residual_norm_mpp,100,2.2085029404666546e-07,2.157742110406628e-07,2.2606692472528117e-07
two_concepts,tiny_gap,pixel_permuted_template,release_default,3,cancellation_mean,100,0.09566411904345032,0.08946997448845417,0.10208384315339408
two_concepts,tiny_gap,pixel_permuted_template,release_default,3,g_individual_sum_mpp,100,1.299254791506827,1.2146306517107588,1.3872897747541943
two_concepts,tiny_gap,pixel_permuted_template,release_default,3,g_cross_term_mpp,100,-0.14199856507312714,-0.1558231808592161,-0.12840888829214403
two_concepts,tiny_gap,pixel_permuted_template,release_default,3,g_nonadditive_correction_mpp,100,-1.2398516244281968e-10,-1.8419070246388664e-09,1.6310889591047159e-09
two_concepts,tiny_gap,pixel_permuted_template,release_default,4,observed_centered_logit_fidelity,100,0.536467791237754,0.5210603680441763,0.5520449466784405
two_concepts,tiny_gap,pixel_permuted_template,release_default,4,additive_centered_logit_fidelity,100,0.5364677912932582,0.5212222518527484,0.5518506052146724
two_concepts,tiny_gap,pixel_permuted_template,release_default,4,observed_prob_error_reduction,100,0.06142892684124424,0.058166145826345744,0.06475902361010318
two_concepts,tiny_gap,pixel_permuted_template,release_default,4,additive_prob_error_reduction,100,0.06142892685402883,0.058137181382657596,0.06485517629807602
two_concepts,tiny_gap,pixel_permuted_template,release_default,4,centered_residual_energy_ratio,100,5.713106689051403e-14,5.481101379156087e-14,5.951472963767059e-14
two_concepts,tiny_gap,pixel_permuted_template,release_default,4,centered_residual_norm_mpp,100,2.9710216744763135e-07,2.906449940876144e-07,3.040857092961398e-07
two_concepts,tiny_gap,pixel_permuted_template,release_default,4,cancellation_mean,100,0.12206418770183683,0.11495008581401739,0.12950761532580604
two_concepts,tiny_gap,pixel_permuted_template,release_default,4,g_individual_sum_mpp,100,1.7023782365804356,1.5902654161155858,1.815374936773255
two_concepts,tiny_gap,pixel_permuted_template,release_default,4,g_cross_term_mpp,100,-0.2599518317034331,-0.282398140157022,-0.2384073945417957
two_concepts,tiny_gap,pixel_permuted_template,release_default,4,g_nonadditive_correction_mpp,100,-1.0767150987532441e-10,-2.2656690660102696e-09,2.0863725169184823e-09
two_concepts,tiny_gap,pixel_permuted_template,release_default,5,observed_centered_logit_fidelity,100,0.6211201587211383,0.6067609432645263,0.6355926014661974
two_concepts,tiny_gap,pixel_permuted_template,release_default,5,additive_centered_logit_fidelity,100,0.6211201583042365,0.6064757965836262,0.6354916056752182
two_concepts,tiny_gap,pixel_permuted_template,release_default,5,observed_prob_error_reduction,100,0.07244716061296534,0.06894825935765955,0.07605816660562109
two_concepts,tiny_gap,pixel_permuted_template,release_default,5,additive_prob_error_reduction,100,0.0724471605825304,0.06897743308006912,0.07599321866935611
two_concepts,tiny_gap,pixel_permuted_template,release_default,5,centered_residual_energy_ratio,100,8.683004786046908e-14,8.337370075961259e-14,9.031077186775028e-14
two_concepts,tiny_gap,pixel_permuted_template,release_default,5,centered_residual_norm_mpp,100,3.6872540486465584e-07,3.6080983024749575e-07,3.768330332239585e-07
two_concepts,tiny_gap,pixel_permuted_template,release_default,5,cancellation_mean,100,0.14845967074284153,0.14065335731678316,0.15645716746181176
two_concepts,tiny_gap,pixel_permuted_template,release_default,5,g_individual_sum_mpp,100,2.060051313186401,1.9393729463352811,2.185189929283579
two_concepts,tiny_gap,pixel_permuted_template,release_default,5,g_cross_term_mpp,100,-0.386096379883169,-0.4142956173485273,-0.358106980984105
two_concepts,tiny_gap,pixel_permuted_template,release_default,5,g_nonadditive_correction_mpp,100,8.132160506969799e-10,-1.7419135408604538e-09,3.3859710586945334e-09
two_concepts,tiny_gap,pixel_permuted_template,release_default,6,observed_centered_logit_fidelity,100,0.6979092947189989,0.6852853822058224,0.7102996716105341
two_concepts,tiny_gap,pixel_permuted_template,release_default,6,additive_centered_logit_fidelity,100,0.6979092943643324,0.6851389868608633,0.7104488455578846
two_concepts,tiny_gap,pixel_permuted_template,release_default,6,observed_prob_error_reduction,100,0.08286500196340324,0.07904345263120705,0.08669324770752412
two_concepts,tiny_gap,pixel_permuted_template,release_default,6,additive_prob_error_reduction,100,0.08286500193193737,0.07895688016732924,0.08681411791608311
two_concepts,tiny_gap,pixel_permuted_template,release_default,6,centered_residual_energy_ratio,100,1.2252830124473826e-13,1.1770426755660833e-13,1.2729567717714217e-13
two_concepts,tiny_gap,pixel_permuted_template,release_default,6,centered_residual_norm_mpp,100,4.3997511350249383e-07,4.3108200492832125e-07,4.4889828177882023e-07
two_concepts,tiny_gap,pixel_permuted_template,release_default,6,cancellation_mean,100,0.16931817062191082,0.16205822611260393,0.17646807317496152
two_concepts,tiny_gap,pixel_permuted_template,release_default,6,g_individual_sum_mpp,100,2.431898237664469,2.291138472875561,2.575308369003254
two_concepts,tiny_gap,pixel_permuted_template,release_default,6,g_cross_term_mpp,100,-0.5373846425302233,-0.5742354106124989,-0.5021153247047266
two_concepts,tiny_gap,pixel_permuted_template,release_default,6,g_nonadditive_correction_mpp,100,1.1530387440910998e-09,-1.5068069861900794e-09,3.92826125415269e-09
two_concepts,tiny_gap,pixel_permuted_template,release_default,7,observed_centered_logit_fidelity,100,0.7605660447572332,0.74894769021129,0.7718080736418058
two_concepts,tiny_gap,pixel_permuted_template,release_default,7,additive_centered_logit_fidelity,100,0.7605660445932324,0.7493281128872815,0.7720730269987992
two_concepts,tiny_gap,pixel_permuted_template,release_default,7,observed_prob_error_reduction,100,0.09121776902603101,0.08676956636891071,0.09557470113643683
two_concepts,tiny_gap,pixel_permuted_template,release_default,7,additive_prob_error_reduction,100,0.09121776901421505,0.08683431231962246,0.09572499775180322
two_concepts,tiny_gap,pixel_permuted_template,release_default,7,centered_residual_energy_ratio,100,1.6440093019261e-13,1.5792825762102828e-13,1.7093586115948734e-13
two_concepts,tiny_gap,pixel_permuted_template,release_default,7,centered_residual_norm_mpp,100,5.099663976522495e-07,4.997544916577644e-07,5.205775091000853e-07
two_concepts,tiny_gap,pixel_permuted_template,release_default,7,cancellation_mean,100,0.18901025728568865,0.18126736862015738,0.1969760673168841
two_concepts,tiny_gap,pixel_permuted_template,release_default,7,g_individual_sum_mpp,100,2.7713473106437254,2.6048264411489637,2.9409842141917837
two_concepts,tiny_gap,pixel_permuted_template,release_default,7,g_cross_term_mpp,100,-0.6974925225597872,-0.7453125526621175,-0.6512991120252164
two_concepts,tiny_gap,pixel_permuted_template,release_default,7,g_nonadditive_correction_mpp,100,9.918391058482725e-10,-1.699931364072181e-09,3.81632822115603e-09
two_concepts,tiny_gap,pixel_permuted_template,release_default,8,observed_centered_logit_fidelity,100,0.8088775567085661,0.7982018408696516,0.8188278987504235
two_concepts,tiny_gap,pixel_permuted_template,release_default,8,additive_centered_logit_fidelity,100,0.8088775565408429,0.7983434688804957,0.8190313179207905
two_concepts,tiny_gap,pixel_permuted_template,release_default,8,observed_prob_error_reduction,100,0.09736569147652437,0.09273264874679218,0.1020818339607576
two_concepts,tiny_gap,pixel_permuted_template,release_default,8,additive_prob_error_reduction,100,0.09736569146194944,0.09268108761345926,0.1020058522635754
two_concepts,tiny_gap,pixel_permuted_template,release_default,8,centered_residual_energy_ratio,100,2.1279592958976428e-13,2.0417017162001542e-13,2.2133504367607122e-13
two_concepts,tiny_gap,pixel_permuted_template,release_default,8,centered_residual_norm_mpp,100,5.804061434181987e-07,5.688888371252943e-07,5.923380115469415e-07
two_concepts,tiny_gap,pixel_permuted_template,release_default,8,cancellation_mean,100,0.2034227085752317,0.1958811322814827,0.2109349159413443
two_concepts,tiny_gap,pixel_permuted_template,release_default,8,g_individual_sum_mpp,100,3.045439561719088,2.8659451940288023,3.2298390816612756
two_concepts,tiny_gap,pixel_permuted_template,release_default,8,g_cross_term_mpp,100,-0.8396265740533135,-0.8964993843425919,-0.7832219095117743
two_concepts,tiny_gap,pixel_permuted_template,release_default,8,g_nonadditive_correction_mpp,100,1.1608618136259384e-09,-1.5069122120828303e-09,3.93866427038974e-09
two_concepts,tiny_gap,pixel_permuted_template,release_default,9,observed_centered_logit_fidelity,100,0.8515851922736364,0.8422995661448074,0.8606488733190332
two_concepts,tiny_gap,pixel_permuted_template,release_default,9,additive_centered_logit_fidelity,100,0.8515851925834752,0.8423117023521428,0.8605416168047056
two_concepts,tiny_gap,pixel_permuted_template,release_default,9,observed_prob_error_reduction,100,0.10288853646257025,0.0980158286313704,0.10787792803906965
two_concepts,tiny_gap,pixel_permuted_template,release_default,9,additive_prob_error_reduction,100,0.10288853653237875,0.09807029751183378,0.10787509862509553
two_concepts,tiny_gap,pixel_permuted_template,release_default,9,centered_residual_energy_ratio,100,2.670398224258812e-13,2.561525982620054e-13,2.7801990814986414e-13
two_concepts,tiny_gap,pixel_permuted_template,release_default,9,centered_residual_norm_mpp,100,6.510993619252021e-07,6.383583811502256e-07,6.641409343689804e-07
two_concepts,tiny_gap,pixel_permuted_template,release_default,9,cancellation_mean,100,0.21923131096490941,0.2110729655933919,0.22735619934411563
two_concepts,tiny_gap,pixel_permuted_template,release_default,9,g_individual_sum_mpp,100,3.3283183091300463,3.1321357156307643,3.5326890412375134
two_concepts,tiny_gap,pixel_permuted_template,release_default,9,g_cross_term_mpp,100,-1.0009799661450751,-1.0686981675409315,-0.9342322361859092
two_concepts,tiny_gap,pixel_permuted_template,release_default,9,g_nonadditive_correction_mpp,100,-2.240356573608021e-10,-2.9357381409797065e-09,2.6182851633801532e-09
two_concepts,tiny_gap,pixel_permuted_template,release_default,10,observed_centered_logit_fidelity,100,0.8876047667253806,0.8799953001233183,0.8949944058927926
two_concepts,tiny_gap,pixel_permuted_template,release_default,10,additive_centered_logit_fidelity,100,0.8876047671736634,0.8801888703183708,0.8947999207350102
two_concepts,tiny_gap,pixel_permuted_template,release_default,10,observed_prob_error_reduction,100,0.10717690301218574,0.10204405660265914,0.11241597523287522
two_concepts,tiny_gap,pixel_permuted_template,release_default,10,additive_prob_error_reduction,100,0.1071769031116225,0.10201843621429227,0.11233373733825622
two_concepts,tiny_gap,pixel_permuted_template,release_default,10,centered_residual_energy_ratio,100,3.2865678891735944e-13,3.1511462790181593e-13,3.4221075692993044e-13
two_concepts,tiny_gap,pixel_permuted_template,release_default,10,centered_residual_norm_mpp,100,7.224719582319832e-07,7.087957465601138e-07,7.371386451245914e-07
two_concepts,tiny_gap,pixel_permuted_template,release_default,10,cancellation_mean,100,0.23227264262897673,0.2243836076243795,0.24037594153923725
two_concepts,tiny_gap,pixel_permuted_template,release_default,10,g_individual_sum_mpp,100,3.5808378532119223,3.3680240227269858,3.8032931943951005
two_concepts,tiny_gap,pixel_permuted_template,release_default,10,g_cross_term_mpp,100,-1.1581623721706549,-1.2348002736091301,-1.0826327847570576
two_concepts,tiny_gap,pixel_permuted_template,release_default,10,g_nonadditive_correction_mpp,100,-3.6687016203066325e-10,-2.9056554471028837e-09,2.233410901570937e-09
two_concepts,tiny_gap,pixel_permuted_template,release_default,11,observed_centered_logit_fidelity,100,0.9191637473023013,0.9130665408219081,0.92501396083578
two_concepts,tiny_gap,pixel_permuted_template,release_default,11,additive_centered_logit_fidelity,100,0.9191637474803721,0.9130235164366,0.924966733714724
two_concepts,tiny_gap,pixel_permuted_template,release_default,11,observed_prob_error_reduction,100,0.11106139872303142,0.10566601979325294,0.11653090435382377
two_concepts,tiny_gap,pixel_permuted_template,release_default,11,additive_prob_error_reduction,100,0.11106139876966573,0.10587730061724746,0.11637363782198448
two_concepts,tiny_gap,pixel_permuted_template,release_default,11,centered_residual_energy_ratio,100,3.9587549749061973e-13,3.7931443543951184e-13,4.1236848534648463e-13
two_concepts,tiny_gap,pixel_permuted_template,release_default,11,centered_residual_norm_mpp,100,7.935877576949147e-07,7.782997136218282e-07,8.096324856067045e-07
two_concepts,tiny_gap,pixel_permuted_template,release_default,11,cancellation_mean,100,0.2436033361550285,0.23580351257883195,0.25143257620836673
two_concepts,tiny_gap,pixel_permuted_template,release_default,11,g_individual_sum_mpp,100,3.834734354892472,3.605827301426487,4.066081586460346
two_concepts,tiny_gap,pixel_permuted_template,release_default,11,g_cross_term_mpp,100,-1.3246961556089507,-1.410001656192484,-1.2418018522348506
two_concepts,tiny_gap,pixel_permuted_template,release_default,11,g_nonadditive_correction_mpp,100,6.291169484559482e-10,-1.6779285940423218e-09,3.0834125339323853e-09
two_concepts,tiny_gap,pixel_permuted_template,release_default,12,observed_centered_logit_fidelity,100,0.9459964446289686,0.9418925582189572,0.9499321710479505
two_concepts,tiny_gap,pixel_permuted_template,release_default,12,additive_centered_logit_fidelity,100,0.9459964448895306,0.941944136603913,0.9498330147515058
two_concepts,tiny_gap,pixel_permuted_template,release_default,12,observed_prob_error_reduction,100,0.11405442252730252,0.10864614727823703,0.11966379342120911
two_concepts,tiny_gap,pixel_permuted_template,release_default,12,additive_prob_error_reduction,100,0.11405442257082728,0.10861899655032901,0.11966111568502576
two_concepts,tiny_gap,pixel_permuted_template,release_default,12,centered_residual_energy_ratio,100,4.697302516100836e-13,4.507237115399075e-13,4.886342058783431e-13
two_concepts,tiny_gap,pixel_permuted_template,release_default,12,centered_residual_norm_mpp,100,8.653036664717003e-07,8.488832858687296e-07,8.828713930138859e-07
two_concepts,tiny_gap,pixel_permuted_template,release_default,12,cancellation_mean,100,0.2551958188553469,0.24776733585189117,0.2627429852030039
two_concepts,tiny_gap,pixel_permuted_template,release_default,12,g_individual_sum_mpp,100,4.062699976480905,3.8204271230719176,4.306746957975387
two_concepts,tiny_gap,pixel_permuted_template,release_default,12,g_cross_term_mpp,100,-1.4862612980763428,-1.5781798774077922,-1.3952830267107084
two_concepts,tiny_gap,pixel_permuted_template,release_default,12,g_nonadditive_correction_mpp,100,5.982836761707528e-10,-1.417697882645963e-09,2.661214522562712e-09
two_concepts,tiny_gap,pixel_permuted_template,release_default,13,observed_centered_logit_fidelity,100,0.9678279392816624,0.965465307294828,0.970074296263036
two_concepts,tiny_gap,pixel_permuted_template,release_default,13,additive_centered_logit_fidelity,100,0.9678279393061184,0.9654638128061944,0.9700930432514302
two_concepts,tiny_gap,pixel_permuted_template,release_default,13,observed_prob_error_reduction,100,0.11656711440981211,0.11102341491274154,0.12215763662408782
two_concepts,tiny_gap,pixel_permuted_template,release_default,13,additive_prob_error_reduction,100,0.11656711441272752,0.11110021019139463,0.12211008590590683
two_concepts,tiny_gap,pixel_permuted_template,release_default,13,centered_residual_energy_ratio,100,5.506052138301306e-13,5.281003879818885e-13,5.732852002465367e-13
two_concepts,tiny_gap,pixel_permuted_template,release_default,13,centered_residual_norm_mpp,100,9.36666798312302e-07,9.183508153073022e-07,9.55467698423687e-07
two_concepts,tiny_gap,pixel_permuted_template,release_default,13,cancellation_mean,100,0.2645900134842388,0.2574548467258106,0.2717588845067708
two_concepts,tiny_gap,pixel_permuted_template,release_default,13,g_individual_sum_mpp,100,4.302948728681526,4.052658148564671,4.5616762969916
two_concepts,tiny_gap,pixel_permuted_template,release_default,13,g_cross_term_mpp,100,-1.6684268911107654,-1.7687136203549665,-1.5672973523854017
two_concepts,tiny_gap,pixel_permuted_template,release_default,13,g_nonadditive_correction_mpp,100,8.36734317560036e-10,-8.491883576067519e-10,2.544047185620775e-09
two_concepts,tiny_gap,pixel_permuted_template,release_default,14,observed_centered_logit_fidelity,100,0.9837130056150053,0.982329859672681,0.9850341359337702
two_concepts,tiny_gap,pixel_permuted_template,release_default,14,additive_centered_logit_fidelity,100,0.9837130054931105,0.9823153772002762,0.9850537652287304
two_concepts,tiny_gap,pixel_permuted_template,release_default,14,observed_prob_error_reduction,100,0.11836873510212398,0.1127725132326662,0.1240742850793794
two_concepts,tiny_gap,pixel_permuted_template,release_default,14,additive_prob_error_reduction,100,0.11836873510257134,0.11268959846726428,0.12409043918156588
two_concepts,tiny_gap,pixel_permuted_template,release_default,14,centered_residual_energy_ratio,100,6.409954837188197e-13,6.139812532767116e-13,6.680050016509657e-13
two_concepts,tiny_gap,pixel_permuted_template,release_default,14,centered_residual_norm_mpp,100,1.0108984213345162e-06,9.914352189849505e-07,1.0305367400282437e-06
two_concepts,tiny_gap,pixel_permuted_template,release_default,14,cancellation_mean,100,0.27393303229596505,0.26742470360442494,0.28058697812533956
two_concepts,tiny_gap,pixel_permuted_template,release_default,14,g_individual_sum_mpp,100,4.525123661487396,4.264396333910196,4.803006932179613
two_concepts,tiny_gap,pixel_permuted_template,release_default,14,g_cross_term_mpp,100,-1.8485040748115609,-1.962682843521323,-1.7405938799926277
two_concepts,tiny_gap,pixel_permuted_template,release_default,14,g_nonadditive_correction_mpp,100,8.9883520816938e-10,-4.5611025009290626e-10,2.2627601193713347e-09
two_concepts,tiny_gap,pixel_permuted_template,release_default,15,observed_centered_logit_fidelity,100,0.994784640845251,0.9941480905491193,0.9953751267541132
two_concepts,tiny_gap,pixel_permuted_template,release_default,15,additive_centered_logit_fidelity,100,0.9947846407030343,0.9941460734002525,0.9953946741652737
two_concepts,tiny_gap,pixel_permuted_template,release_default,15,observed_prob_error_reduction,100,0.1195330606320179,0.11380946562612512,0.1253195723914997
two_concepts,tiny_gap,pixel_permuted_template,release_default,15,additive_prob_error_reduction,100,0.11953306061213004,0.11373724578127523,0.12524923981325173
two_concepts,tiny_gap,pixel_permuted_template,release_default,15,centered_residual_energy_ratio,100,7.377355388767238e-13,7.072935377650355e-13,7.68303765284981e-13
two_concepts,tiny_gap,pixel_permuted_template,release_default,15,centered_residual_norm_mpp,100,1.0846801361839325e-06,1.0638784573102942e-06,1.1062435342541713e-06
two_concepts,tiny_gap,pixel_permuted_template,release_default,15,cancellation_mean,100,0.2812049842376056,0.27480067786497736,0.2876648591804424
two_concepts,tiny_gap,pixel_permuted_template,release_default,15,g_individual_sum_mpp,100,4.749088754884963,4.473896149659812,5.032887173030407
two_concepts,tiny_gap,pixel_permuted_template,release_default,15,g_cross_term_mpp,100,-2.044866062339604,-2.1684846499153068,-1.9224266819078983
two_concepts,tiny_gap,pixel_permuted_template,release_default,15,g_nonadditive_correction_mpp,100,8.115720675312341e-10,2.2197919149840297e-11,1.6427632343461349e-09
two_concepts,tiny_gap,pixel_permuted_template,release_default,16,observed_centered_logit_fidelity,100,1.0,1.0,1.0
two_concepts,tiny_gap,pixel_permuted_template,release_default,16,additive_centered_logit_fidelity,100,0.9999999999991614,0.9999999999991267,0.999999999999196
two_concepts,tiny_gap,pixel_permuted_template,release_default,16,observed_prob_error_reduction,100,0.12009015272271097,0.11450921731025393,0.12583705756491934
two_concepts,tiny_gap,pixel_permuted_template,release_default,16,additive_prob_error_reduction,100,0.12009015272259951,0.114436249655943,0.12590390467774323
two_concepts,tiny_gap,pixel_permuted_template,release_default,16,centered_residual_energy_ratio,100,8.387437241326914e-13,8.045804075330467e-13,8.723513748467409e-13
two_concepts,tiny_gap,pixel_permuted_template,release_default,16,centered_residual_norm_mpp,100,1.1574079756869166e-06,1.1360477433307184e-06,1.18002258553726e-06
two_concepts,tiny_gap,pixel_permuted_template,release_default,16,cancellation_mean,100,0.28751746360374214,0.28103874527005973,0.2940562036376233
two_concepts,tiny_gap,pixel_permuted_template,release_default,16,g_individual_sum_mpp,100,4.943674076328613,4.654786585270708,5.243068144572948
two_concepts,tiny_gap,pixel_permuted_template,release_default,16,g_cross_term_mpp,100,-2.2258774534369175,-2.3619341003272027,-2.0893753830639623
two_concepts,tiny_gap,pixel_permuted_template,release_default,16,g_nonadditive_correction_mpp,100,1.8296667371291153e-12,1.7520593900124861e-12,1.906848040388433e-12
two_concepts,tiny_gap,pixel_permuted_template,retention_1,0,observed_centered_logit_fidelity,100,0.0,0.0,0.0
two_concepts,tiny_gap,pixel_permuted_template,retention_1,0,additive_centered_logit_fidelity,100,0.0,0.0,0.0
two_concepts,tiny_gap,pixel_permuted_template,retention_1,0,observed_prob_error_reduction,100,0.0,0.0,0.0
two_concepts,tiny_gap,pixel_permuted_template,retention_1,0,additive_prob_error_reduction,100,0.0,0.0,0.0
two_concepts,tiny_gap,pixel_permuted_template,retention_1,0,centered_residual_energy_ratio,100,0.0,0.0,0.0
two_concepts,tiny_gap,pixel_permuted_template,retention_1,0,centered_residual_norm_mpp,100,0.0,0.0,0.0
two_concepts,tiny_gap,pixel_permuted_template,retention_1,0,cancellation_mean,0,,,
two_concepts,tiny_gap,pixel_permuted_template,retention_1,0,g_individual_sum_mpp,100,0.0,0.0,0.0
two_concepts,tiny_gap,pixel_permuted_template,retention_1,0,g_cross_term_mpp,100,0.0,0.0,0.0
two_concepts,tiny_gap,pixel_permuted_template,retention_1,0,g_nonadditive_correction_mpp,100,0.0,0.0,0.0
two_concepts,tiny_gap,pixel_permuted_template,retention_1,1,observed_centered_logit_fidelity,100,0.12089204241293601,0.11552677989878621,0.12624053486224426
two_concepts,tiny_gap,pixel_permuted_template,retention_1,1,additive_centered_logit_fidelity,100,0.12089204241293601,0.11551312974508,0.12625567597410672
two_concepts,tiny_gap,pixel_permuted_template,retention_1,1,observed_prob_error_reduction,100,0.00085818774292802,0.0008193881449682581,0.0008974439926647175
two_concepts,tiny_gap,pixel_permuted_template,retention_1,1,additive_prob_error_reduction,100,0.00085818774292802,0.0008201271838068966,0.000897455397079
two_concepts,tiny_gap,pixel_permuted_template,retention_1,1,centered_residual_energy_ratio,100,0.0,0.0,0.0
two_concepts,tiny_gap,pixel_permuted_template,retention_1,1,centered_residual_norm_mpp,100,0.0,0.0,0.0
two_concepts,tiny_gap,pixel_permuted_template,retention_1,1,cancellation_mean,100,0.0,0.0,0.0
two_concepts,tiny_gap,pixel_permuted_template,retention_1,1,g_individual_sum_mpp,100,0.014903101145722734,0.014234783135166294,0.015586914426233571
two_concepts,tiny_gap,pixel_permuted_template,retention_1,1,g_cross_term_mpp,100,0.0,0.0,0.0
two_concepts,tiny_gap,pixel_permuted_template,retention_1,1,g_nonadditive_correction_mpp,100,0.0,0.0,0.0
two_concepts,tiny_gap,pixel_permuted_template,retention_1,2,observed_centered_logit_fidelity,100,0.23252249069566006,0.22552964067469447,0.23975433669237362
two_concepts,tiny_gap,pixel_permuted_template,retention_1,2,additive_centered_logit_fidelity,100,0.232522490189102,0.22545703981434162,0.2396281350187334
two_concepts,tiny_gap,pixel_permuted_template,retention_1,2,observed_prob_error_reduction,100,0.0016495562972123176,0.001598235551467603,0.001701424417811205
two_concepts,tiny_gap,pixel_permuted_template,retention_1,2,additive_prob_error_reduction,100,0.001649556294469316,0.0015978823068955868,0.0017021986873717297
two_concepts,tiny_gap,pixel_permuted_template,retention_1,2,centered_residual_energy_ratio,100,6.49408606859722e-14,6.297430248804274e-14,6.684726480813134e-14
two_concepts,tiny_gap,pixel_permuted_template,retention_1,2,centered_residual_norm_mpp,100,6.520994097405799e-08,6.368302420628375e-08,6.682727035800393e-08
two_concepts,tiny_gap,pixel_permuted_template,retention_1,2,cancellation_mean,100,0.03828973378726272,0.035934749318046556,0.04076673490642514
two_concepts,tiny_gap,pixel_permuted_template,retention_1,2,g_individual_sum_mpp,100,0.029581333817123294,0.028605570198616415,0.030573298097619016
two_concepts,tiny_gap,pixel_permuted_template,retention_1,2,g_cross_term_mpp,100,-0.000989473099806551,-0.001059417320704547,-0.0009235698405403292
two_concepts,tiny_gap,pixel_permuted_template,retention_1,2,g_nonadditive_correction_mpp,100,5.306657424792617e-11,-1.0287701532446492e-10,2.1175437257302317e-10
two_concepts,tiny_gap,pixel_permuted_template,retention_1,3,observed_centered_logit_fidelity,100,0.33751988201800787,0.32975340772240264,0.3453361087719342
two_concepts,tiny_gap,pixel_permuted_template,retention_1,3,additive_centered_logit_fidelity,100,0.33751988082883144,0.32948568440127707,0.3455980385894195
two_concepts,tiny_gap,pixel_permuted_template,retention_1,3,observed_prob_error_reduction,100,0.0024022253478659735,0.0023365784036018856,0.00246647081337938
two_concepts,tiny_gap,pixel_permuted_template,retention_1,3,additive_prob_error_reduction,100,0.0024022253409966407,0.002335722174752313,0.0024658275112114892
two_concepts,tiny_gap,pixel_permuted_template,retention_1,3,centered_residual_energy_ratio,100,1.3910191914008789e-13,1.3615911799874132e-13,1.4208629563120274e-13
two_concepts,tiny_gap,pixel_permuted_template,retention_1,3,centered_residual_norm_mpp,100,1.0988057634257329e-07,1.0827578902994924e-07,1.1147927757011383e-07
two_concepts,tiny_gap,pixel_permuted_template,retention_1,3,cancellation_mean,100,0.05250509976867953,0.0495337206860985,0.05548286561078879
two_concepts,tiny_gap,pixel_permuted_template,retention_1,3,g_individual_sum_mpp,100,0.044534159576720855,0.043227413036745724,0.0458429768335248
two_concepts,tiny_gap,pixel_permuted_template,retention_1,3,g_cross_term_mpp,100,-0.002953793026992751,-0.0031049250420534325,-0.0028038362199597922
two_concepts,tiny_gap,pixel_permuted_template,retention_1,3,g_nonadditive_correction_mpp,100,1.2987754896185386e-10,-8.28471164568325e-11,3.4434683043077136e-10
two_concepts,tiny_gap,pixel_permuted_template,retention_1,4,observed_centered_logit_fidelity,100,0.4378310377363054,0.4300315053960874,0.44574109464765016
two_concepts,tiny_gap,pixel_permuted_template,retention_1,4,additive_centered_logit_fidelity,100,0.4378310358081834,0.4299524779468102,0.44567215619193823
two_concepts,tiny_gap,pixel_permuted_template,retention_1,4,observed_prob_error_reduction,100,0.0031189756588546817,0.0030481310457094023,0.0031906451985299275
two_concepts,tiny_gap,pixel_permuted_template,retention_1,4,additive_prob_error_reduction,100,0.0031189756483435077,0.0030453276583126965,0.0031904501110690655
two_concepts,tiny_gap,pixel_permuted_template,retention_1,4,centered_residual_energy_ratio,100,2.38995829346509e-13,2.3408211519969897e-13,2.44013166054988e-13
two_concepts,tiny_gap,pixel_permuted_template,retention_1,4,centered_residual_norm_mpp,100,1.48004126260082e-07,1.4612793946397089e-07,1.4986488235540557e-07
two_concepts,tiny_gap,pixel_permuted_template,retention_1,4,cancellation_mean,100,0.05851237755528297,0.055601445803146146,0.06133087689818689
two_concepts,tiny_gap,pixel_permuted_template,retention_1,4,g_individual_sum_mpp,100,0.05988533851382413,0.05838838049430846,0.0614531595731673
two_concepts,tiny_gap,pixel_permuted_template,retention_1,4,g_cross_term_mpp,100,-0.0059596605748542366,-0.006215680030417126,-0.005714241352403587
two_concepts,tiny_gap,pixel_permuted_template,retention_1,4,g_nonadditive_correction_mpp,100,1.9755055966292136e-10,-5.72716017012561e-11,4.5826211443489454e-10
two_concepts,tiny_gap,pixel_permuted_template,retention_1,5,observed_centered_logit_fidelity,100,0.5258794392796525,0.5170040287224166,0.5348120520366748
two_concepts,tiny_gap,pixel_permuted_template,retention_1,5,additive_centered_logit_fidelity,100,0.5258794364395097,0.5169762730303709,0.5348709733010242
two_concepts,tiny_gap,pixel_permuted_template,retention_1,5,observed_prob_error_reduction,100,0.0037511419980347975,0.003664080263958625,0.0038390056646179943
two_concepts,tiny_gap,pixel_permuted_template,retention_1,5,additive_prob_error_reduction,100,0.003751141981165156,0.0036645377155459825,0.0038414489317297375
two_concepts,tiny_gap,pixel_permuted_template,retention_1,5,centered_residual_energy_ratio,100,3.7034637265172296e-13,3.6303597780313424e-13,3.7757320883046197e-13
two_concepts,tiny_gap,pixel_permuted_template,retention_1,5,centered_residual_norm_mpp,100,1.8598205325983687e-07,1.8382968536569347e-07,1.8810964421016485e-07
two_concepts,tiny_gap,pixel_permuted_template,retention_1,5,cancellation_mean,100,0.06086287399602617,0.058054120702116456,0.06368579073541457
two_concepts,tiny_gap,pixel_permuted_template,retention_1,5,g_individual_sum_mpp,100,0.07460444669019582,0.07261001911288523,0.0765347704389226
two_concepts,tiny_gap,pixel_permuted_template,retention_1,5,g_cross_term_mpp,100,-0.009804224307741034,-0.010242976646560134,-0.009385215513914549
two_concepts,tiny_gap,pixel_permuted_template,retention_1,5,g_nonadditive_correction_mpp,100,2.9878830202752575e-10,-9.879457234148726e-12,6.098542131171181e-10
two_concepts,tiny_gap,pixel_permuted_template,retention_1,6,observed_centered_logit_fidelity,100,0.6062707978479213,0.5979107071244935,0.6145458459845188
two_concepts,tiny_gap,pixel_permuted_template,retention_1,6,additive_centered_logit_fidelity,100,0.6062707950533348,0.5978828626003067,0.6146269688311916
two_concepts,tiny_gap,pixel_permuted_template,retention_1,6,observed_prob_error_reduction,100,0.004332007380653337,0.0042390188023383926,0.004426428360163713
two_concepts,tiny_gap,pixel_permuted_template,retention_1,6,additive_prob_error_reduction,100,0.004332007364882711,0.0042381619586775564,0.004428057379166723
two_concepts,tiny_gap,pixel_permuted_template,retention_1,6,centered_residual_energy_ratio,100,5.288728050691554e-13,5.188361300491675e-13,5.393196024352915e-13
two_concepts,tiny_gap,pixel_permuted_template,retention_1,6,centered_residual_norm_mpp,100,2.2308143278074305e-07,2.2056303677720057e-07,2.2564353483733993e-07
two_concepts,tiny_gap,pixel_permuted_template,retention_1,6,cancellation_mean,100,0.06260893623080067,0.05980933634289404,0.06542889888453216
two_concepts,tiny_gap,pixel_permuted_template,retention_1,6,g_individual_sum_mpp,100,0.08938926339303876,0.08713461160877327,0.09167390975029764
two_concepts,tiny_gap,pixel_permuted_template,retention_1,6,g_cross_term_mpp,100,-0.014599629915287491,-0.015202522344075316,-0.014027940624693456
two_concepts,tiny_gap,pixel_permuted_template,retention_1,6,g_nonadditive_correction_mpp,100,2.796759748444067e-10,-4.9122744227148405e-11,6.048436896338856e-10
two_concepts,tiny_gap,pixel_permuted_template,retention_1,7,observed_centered_logit_fidelity,100,0.6813973965799776,0.6738765684983504,0.6890001727734533
two_concepts,tiny_gap,pixel_permuted_template,retention_1,7,additive_centered_logit_fidelity,100,0.6813973936288135,0.6738889463764676,0.688936762292644
two_concepts,tiny_gap,pixel_permuted_template,retention_1,7,observed_prob_error_reduction,100,0.004872384691337066,0.0047756513656267265,0.004971061971235651
two_concepts,tiny_gap,pixel_permuted_template,retention_1,7,additive_prob_error_reduction,100,0.004872384674120502,0.004773693355722057,0.004973992763980964
two_concepts,tiny_gap,pixel_permuted_template,retention_1,7,centered_residual_energy_ratio,100,7.176660303190726e-13,7.045539473686479e-13,7.308102562921639e-13
two_concepts,tiny_gap,pixel_permuted_template,retention_1,7,centered_residual_norm_mpp,100,2.6062334911931146e-07,2.577990381703173e-07,2.634514956203848e-07
two_concepts,tiny_gap,pixel_permuted_template,retention_1,7,cancellation_mean,100,0.06330153711284246,0.0606519983486573,0.06593857065165941
two_concepts,tiny_gap,pixel_permuted_template,retention_1,7,g_individual_sum_mpp,100,0.1044685042674354,0.10207420096855262,0.10687249239606735
two_concepts,tiny_gap,pixel_permuted_template,retention_1,7,g_cross_term_mpp,100,-0.02040766293863213,-0.021117300830692673,-0.019722662323264042
two_concepts,tiny_gap,pixel_permuted_template,retention_1,7,g_nonadditive_correction_mpp,100,3.082466920394881e-10,-4.910073770952785e-11,6.715043342290225e-10
two_concepts,tiny_gap,pixel_permuted_template,retention_1,8,observed_centered_logit_fidelity,100,0.7497444517602376,0.7426759166945746,0.7565629680863233
two_concepts,tiny_gap,pixel_permuted_template,retention_1,8,additive_centered_logit_fidelity,100,0.7497444492652394,0.7424825167502692,0.7565684147726678
two_concepts,tiny_gap,pixel_permuted_template,retention_1,8,observed_prob_error_reduction,100,0.0053667633298552795,0.005259365383029134,0.005475068883309537
two_concepts,tiny_gap,pixel_permuted_template,retention_1,8,additive_prob_error_reduction,100,0.0053667633159000016,0.005256983859415505,0.00547395379299231
two_concepts,tiny_gap,pixel_permuted_template,retention_1,8,centered_residual_energy_ratio,100,9.383533597692497e-13,9.215470604344569e-13,9.556609120571043e-13
two_concepts,tiny_gap,pixel_permuted_template,retention_1,8,centered_residual_norm_mpp,100,2.9859045135673277e-07,2.9539017410339747e-07,3.017401750526855e-07
two_concepts,tiny_gap,pixel_permuted_template,retention_1,8,cancellation_mean,100,0.06379515635797638,0.06109614011863822,0.06646376517526328
two_concepts,tiny_gap,pixel_permuted_template,retention_1,8,g_individual_sum_mpp,100,0.12000506335418834,0.11721176213228064,0.1228722489492816
two_concepts,tiny_gap,pixel_permuted_template,retention_1,8,g_cross_term_mpp,100,-0.027443545254587455,-0.028370645918067254,-0.02654571086125279
two_concepts,tiny_gap,pixel_permuted_template,retention_1,8,g_nonadditive_correction_mpp,100,2.552765086566867e-10,-9.665969826540971e-11,6.257476497316501e-10
two_concepts,tiny_gap,pixel_permuted_template,retention_1,9,observed_centered_logit_fidelity,100,0.8086607258639715,0.802652050484642,0.814549151964348
two_concepts,tiny_gap,pixel_permuted_template,retention_1,9,additive_centered_logit_fidelity,100,0.8086607230640293,0.8025968638922691,0.814447391453464
two_concepts,tiny_gap,pixel_permuted_template,retention_1,9,observed_prob_error_reduction,100,0.005789729615602219,0.005681701800889899,0.005899885494130569
two_concepts,tiny_gap,pixel_permuted_template,retention_1,9,additive_prob_error_reduction,100,0.0057897295992369105,0.005682547896976748,0.005901170957020012
two_concepts,tiny_gap,pixel_permuted_template,retention_1,9,centered_residual_energy_ratio,100,1.1867015895724155e-12,1.166359739020363e-12,1.2071125847044926e-12
two_concepts,tiny_gap,pixel_permuted_template,retention_1,9,centered_residual_norm_mpp,100,3.363080969937906e-07,3.327658202451053e-07,3.3988412809148796e-07
two_concepts,tiny_gap,pixel_permuted_template,retention_1,9,cancellation_mean,100,0.06445054100180678,0.06181954029774075,0.06709776644876536
two_concepts,tiny_gap,pixel_permuted_template,retention_1,9,g_individual_sum_mpp,100,0.135057791421899,0.13209223213497842,0.1380002478896837
two_concepts,tiny_gap,pixel_permuted_template,retention_1,9,g_cross_term_mpp,100,-0.0352354787516061,-0.036310536595278234,-0.03418977604670511
two_concepts,tiny_gap,pixel_permuted_template,retention_1,9,g_nonadditive_correction_mpp,100,2.955629606338217e-10,-6.099588989818583e-11,6.445731713556495e-10
two_concepts,tiny_gap,pixel_permuted_template,retention_1,10,observed_centered_logit_fidelity,100,0.8591723340175526,0.85388807907755,0.864388036242897
two_concepts,tiny_gap,pixel_permuted_template,retention_1,10,additive_centered_logit_fidelity,100,0.8591723311299946,0.8539874056467613,0.8642651448734308
two_concepts,tiny_gap,pixel_permuted_template,retention_1,10,observed_prob_error_reduction,100,0.006151524586250232,0.006039203183570775,0.006264191092641323
two_concepts,tiny_gap,pixel_permuted_template,retention_1,10,additive_prob_error_reduction,100,0.0061515245691532525,0.006038704519313149,0.0062634184455904835
two_concepts,tiny_gap,pixel_permuted_template,retention_1,10,centered_residual_energy_ratio,100,1.4661805139006624e-12,1.4423134110797255e-12,1.4902588871186218e-12
two_concepts,tiny_gap,pixel_permuted_template,retention_1,10,centered_residual_norm_mpp,100,3.7429028957064995e-07,3.7035271823688377e-07,3.7816151529097666e-07
two_concepts,tiny_gap,pixel_permuted_template,retention_1,10,cancellation_mean,100,0.06485473591119147,0.0622705897944535,0.06744552341458529
two_concepts,tiny_gap,pixel_permuted_template,retention_1,10,g_individual_sum_mpp,100,0.14997254266672852,0.1467705808403652,0.15318963131897217
two_concepts,tiny_gap,pixel_permuted_template,retention_1,10,g_cross_term_mpp,100,-0.04393474625357675,-0.04516111854918315,-0.04269559206874611
two_concepts,tiny_gap,pixel_permuted_template,retention_1,10,g_nonadditive_correction_mpp,100,3.1446826014177276e-10,-2.3025252812790052e-12,6.37671516101081e-10
two_concepts,tiny_gap,pixel_permuted_template,retention_1,11,observed_centered_logit_fidelity,100,0.9022811993771788,0.8983448023916485,0.9062234367308781
two_concepts,tiny_gap,pixel_permuted_template,retention_1,11,additive_centered_logit_fidelity,100,0.9022811968807427,0.8981436827526412,0.9062549352574542
two_concepts,tiny_gap,pixel_permuted_template,retention_1,11,observed_prob_error_reduction,100,0.006459116107999738,0.006340661036978617,0.006577031210344827
two_concepts,tiny_gap,pixel_permuted_template,retention_1,11,additive_prob_error_reduction,100,0.006459116093232604,0.0063469222190749445,0.0065772885514622
two_concepts,tiny_gap,pixel_permuted_template,retention_1,11,centered_residual_energy_ratio,100,1.7735092248949817e-12,1.744215228702738e-12,1.8023177359530473e-12
two_concepts,tiny_gap,pixel_permuted_template,retention_1,11,centered_residual_norm_mpp,100,4.1219539250932415e-07,4.0796319106042886e-07,4.1639607981005357e-07
two_concepts,tiny_gap,pixel_permuted_template,retention_1,11,cancellation_mean,100,0.06531224513594473,0.06277693741885858,0.06789341448226371
two_concepts,tiny_gap,pixel_permuted_template,retention_1,11,g_individual_sum_mpp,100,0.16489528347266147,0.16144079261212804,0.16829350261361642
two_concepts,tiny_gap,pixel_permuted_template,retention_1,11,g_cross_term_mpp,100,-0.053566196535328396,-0.054959931746496306,-0.05220964114546976
two_concepts,tiny_gap,pixel_permuted_template,retention_1,11,g_nonadditive_correction_mpp,100,2.71069360364062e-10,-3.083847982136628e-11,5.711866202635049e-10
two_concepts,tiny_gap,pixel_permuted_template,retention_1,12,observed_centered_logit_fidelity,100,0.9367684920456272,0.9339370402390977,0.9394700344466218
two_concepts,tiny_gap,pixel_permuted_template,retention_1,12,additive_centered_logit_fidelity,100,0.9367684900599219,0.9339648162507779,0.9394731453552896
two_concepts,tiny_gap,pixel_permuted_template,retention_1,12,observed_prob_error_reduction,100,0.006706475974025589,0.0065860282576540394,0.006829536904392011
two_concepts,tiny_gap,pixel_permuted_template,retention_1,12,additive_prob_error_reduction,100,0.006706475962091444,0.006587675667915486,0.006830159342866001
two_concepts,tiny_gap,pixel_permuted_template,retention_1,12,centered_residual_energy_ratio,100,2.112358971514064e-12,2.0788778709993257e-12,2.1466398338918516e-12
two_concepts,tiny_gap,pixel_permuted_template,retention_1,12,centered_residual_norm_mpp,100,4.5038272056887983e-07,4.457205976499064e-07,4.549957372140402e-07
two_concepts,tiny_gap,pixel_permuted_template,retention_1,12,cancellation_mean,100,0.06587549569324064,0.06332862008426884,0.06841244858262925
two_concepts,tiny_gap,pixel_permuted_template,retention_1,12,g_individual_sum_mpp,100,0.1793485707755294,0.17569627012187836,0.18302178429557284
two_concepts,tiny_gap,pixel_permuted_template,retention_1,12,g_cross_term_mpp,100,-0.06375856752767659,-0.06532587728347804,-0.062200829269600376
two_concepts,tiny_gap,pixel_permuted_template,retention_1,12,g_nonadditive_correction_mpp,100,2.1671682426589212e-10,-5.007267007734078e-11,4.849612836525091e-10
two_concepts,tiny_gap,pixel_permuted_template,retention_1,13,observed_centered_logit_fidelity,100,0.9628941917404706,0.9609714584829783,0.9648294670560156
two_concepts,tiny_gap,pixel_permuted_template,retention_1,13,additive_centered_logit_fidelity,100,0.9628941899481511,0.9609794854481838,0.9647873356371975
two_concepts,tiny_gap,pixel_permuted_template,retention_1,13,observed_prob_error_reduction,100,0.006893743904244496,0.006770381065576487,0.007019255804412852
two_concepts,tiny_gap,pixel_permuted_template,retention_1,13,additive_prob_error_reduction,100,0.006893743893328797,0.006770656231243453,0.0070172074882421925
two_concepts,tiny_gap,pixel_permuted_template,retention_1,13,centered_residual_energy_ratio,100,2.4753404247316838e-12,2.43731836172846e-12,2.5146704749698726e-12
two_concepts,tiny_gap,pixel_permuted_template,retention_1,13,centered_residual_norm_mpp,100,4.879423639567548e-07,4.827814755808241e-07,4.93023509330677e-07
two_concepts,tiny_gap,pixel_permuted_template,retention_1,13,cancellation_mean,100,0.06627760907823892,0.06362433203246849,0.06897943592493291
two_concepts,tiny_gap,pixel_permuted_template,retention_1,13,g_individual_sum_mpp,100,0.19356040312967315,0.1896616954030401,0.19755789391593442
two_concepts,tiny_gap,pixel_permuted_template,retention_1,13,g_cross_term_mpp,100,-0.07473642916678798,-0.07642108846072805,-0.0730177684966765
two_concepts,tiny_gap,pixel_permuted_template,retention_1,13,g_nonadditive_correction_mpp,100,1.9730248282905224e-10,-2.4318635819584707e-11,4.1658384580559527e-10
two_concepts,tiny_gap,pixel_permuted_template,retention_1,14,observed_centered_logit_fidelity,100,0.9826964430635462,0.9814704747581401,0.9839008464338577
two_concepts,tiny_gap,pixel_permuted_template,retention_1,14,additive_centered_logit_fidelity,100,0.9826964418895959,0.9814721169528997,0.9838881457412644
two_concepts,tiny_gap,pixel_permuted_template,retention_1,14,observed_prob_error_reduction,100,0.007035780400420037,0.006912538412728962,0.007162534259073372
two_concepts,tiny_gap,pixel_permuted_template,retention_1,14,additive_prob_error_reduction,100,0.00703578039338534,0.006910790968549117,0.007160607561807922
two_concepts,tiny_gap,pixel_permuted_template,retention_1,14,centered_residual_energy_ratio,100,2.875474261914995e-12,2.8318961871633107e-12,2.9197742008395453e-12
two_concepts,tiny_gap,pixel_permuted_template,retention_1,14,centered_residual_norm_mpp,100,5.264409702328627e-07,5.209630541618132e-07,5.319790746390957e-07
two_concepts,tiny_gap,pixel_permuted_template,retention_1,14,cancellation_mean,100,0.06635401122602815,0.06371730775391132,0.0690388372558561
two_concepts,tiny_gap,pixel_permuted_template,retention_1,14,g_individual_sum_mpp,100,0.20831807633350302,0.2042445264476714,0.2125944198244107
two_concepts,tiny_gap,pixel_permuted_template,retention_1,14,g_cross_term_mpp,100,-0.08703570057547594,-0.08901352686752668,-0.08508291870129196
two_concepts,tiny_gap,pixel_permuted_template,retention_1,14,g_nonadditive_correction_mpp,100,1.281223644192253e-10,-3.6984639964965025e-11,2.9348121324338476e-10
two_concepts,tiny_gap,pixel_permuted_template,retention_1,15,observed_centered_logit_fidelity,100,0.9951323089352846,0.9946961019980641,0.99555025979271
two_concepts,tiny_gap,pixel_permuted_template,retention_1,15,additive_centered_logit_fidelity,100,0.995132308470983,0.9947017847081933,0.9955587334846283
two_concepts,tiny_gap,pixel_permuted_template,retention_1,15,observed_prob_error_reduction,100,0.007124915340742947,0.006997253492171136,0.00725266503927267
two_concepts,tiny_gap,pixel_permuted_template,retention_1,15,additive_prob_error_reduction,100,0.007124915338138593,0.006998013554830829,0.007252327121448363
two_concepts,tiny_gap,pixel_permuted_template,retention_1,15,centered_residual_energy_ratio,100,3.3001259565879363e-12,3.2506401332094235e-12,3.350555693911299e-12
two_concepts,tiny_gap,pixel_permuted_template,retention_1,15,centered_residual_norm_mpp,100,5.643496349711197e-07,5.586422706338945e-07,5.700920953184447e-07
two_concepts,tiny_gap,pixel_permuted_template,retention_1,15,cancellation_mean,100,0.0664263146085759,0.06382989144957812,0.06901403967234533
two_concepts,tiny_gap,pixel_permuted_template,retention_1,15,g_individual_sum_mpp,100,0.22271873094192596,0.2183733779735619,0.22715324021338207
two_concepts,tiny_gap,pixel_permuted_template,retention_1,15,g_cross_term_mpp,100,-0.09988727961858038,-0.10195479257219506,-0.09783225524802505
two_concepts,tiny_gap,pixel_permuted_template,retention_1,15,g_nonadditive_correction_mpp,100,4.9893370136343956e-11,-4.050923839619513e-11,1.3834778050684433e-10
two_concepts,tiny_gap,pixel_permuted_template,retention_1,16,observed_centered_logit_fidelity,100,1.0,1.0,1.0
two_concepts,tiny_gap,pixel_permuted_template,retention_1,16,additive_centered_logit_fidelity,100,0.9999999999962432,0.9999999999961868,0.999999999996299
two_concepts,tiny_gap,pixel_permuted_template,retention_1,16,observed_prob_error_reduction,100,0.007159361661688212,0.007035984834017687,0.007286003245941756
two_concepts,tiny_gap,pixel_permuted_template,retention_1,16,additive_prob_error_reduction,100,0.0071593616616599095,0.0070337331492659255,0.007285141636873523
two_concepts,tiny_gap,pixel_permuted_template,retention_1,16,centered_residual_energy_ratio,100,3.756788537725809e-12,3.700619119756193e-12,3.812588226538555e-12
two_concepts,tiny_gap,pixel_permuted_template,retention_1,16,centered_residual_norm_mpp,100,6.024545054945914e-07,5.965913932429343e-07,6.083410574169976e-07
two_concepts,tiny_gap,pixel_permuted_template,retention_1,16,cancellation_mean,100,0.06650093412430091,0.0638965651487959,0.06904752078802859
two_concepts,tiny_gap,pixel_permuted_template,retention_1,16,g_individual_sum_mpp,100,0.23707462102184965,0.23237658625641738,0.24169841079147505
two_concepts,tiny_gap,pixel_permuted_template,retention_1,16,g_cross_term_mpp,100,-0.11364448849446719,-0.11589102756979594,-0.11137746937766568
two_concepts,tiny_gap,pixel_permuted_template,retention_1,16,g_nonadditive_correction_mpp,100,4.605704251141318e-13,4.5185230134348743e-13,4.696965357885857e-13
two_concepts,tiny_gap,structured_template,release_default,0,observed_centered_logit_fidelity,100,0.0,0.0,0.0
two_concepts,tiny_gap,structured_template,release_default,0,additive_centered_logit_fidelity,100,0.0,0.0,0.0
two_concepts,tiny_gap,structured_template,release_default,0,observed_prob_error_reduction,100,0.0,0.0,0.0
two_concepts,tiny_gap,structured_template,release_default,0,additive_prob_error_reduction,100,0.0,0.0,0.0
two_concepts,tiny_gap,structured_template,release_default,0,centered_residual_energy_ratio,100,0.0,0.0,0.0
two_concepts,tiny_gap,structured_template,release_default,0,centered_residual_norm_mpp,100,0.0,0.0,0.0
two_concepts,tiny_gap,structured_template,release_default,0,cancellation_mean,0,,,
two_concepts,tiny_gap,structured_template,release_default,0,g_individual_sum_mpp,100,0.0,0.0,0.0
two_concepts,tiny_gap,structured_template,release_default,0,g_cross_term_mpp,100,0.0,0.0,0.0
two_concepts,tiny_gap,structured_template,release_default,0,g_nonadditive_correction_mpp,100,0.0,0.0,0.0
two_concepts,tiny_gap,structured_template,release_default,1,observed_centered_logit_fidelity,100,0.2797733745834533,0.2710563146345789,0.28777842834922046
two_concepts,tiny_gap,structured_template,release_default,1,additive_centered_logit_fidelity,100,0.2797733745834533,0.2716305900769126,0.28780577874606483
two_concepts,tiny_gap,structured_template,release_default,1,observed_prob_error_reduction,100,0.04474707287674116,0.04332878362631158,0.046140290287553634
two_concepts,tiny_gap,structured_template,release_default,1,additive_prob_error_reduction,100,0.04474707287674116,0.04332594139392743,0.04611627087078579
two_concepts,tiny_gap,structured_template,release_default,1,centered_residual_energy_ratio,100,0.0,0.0,0.0
two_concepts,tiny_gap,structured_template,release_default,1,centered_residual_norm_mpp,100,0.0,0.0,0.0
two_concepts,tiny_gap,structured_template,release_default,1,cancellation_mean,100,0.0,0.0,0.0
two_concepts,tiny_gap,structured_template,release_default,1,g_individual_sum_mpp,100,1.4827612279712654,1.4183171049850107,1.5466460311044634
two_concepts,tiny_gap,structured_template,release_default,1,g_cross_term_mpp,100,0.0,0.0,0.0
two_concepts,tiny_gap,structured_template,release_default,1,g_nonadditive_correction_mpp,100,0.0,0.0,0.0
two_concepts,tiny_gap,structured_template,release_default,2,observed_centered_logit_fidelity,100,0.5359317208044326,0.5270582030401432,0.5445744957152076
two_concepts,tiny_gap,structured_template,release_default,2,additive_centered_logit_fidelity,100,0.5359317205582926,0.5270545142510393,0.5449674129760992
two_concepts,tiny_gap,structured_template,release_default,2,observed_prob_error_reduction,100,0.0946506933751937,0.09198472790705424,0.09737158143023603
two_concepts,tiny_gap,structured_template,release_default,2,additive_prob_error_reduction,100,0.09465069327726243,0.09192809995179962,0.09731788157863036
two_concepts,tiny_gap,structured_template,release_default,2,centered_residual_energy_ratio,100,1.7430170505911123e-14,1.685945638646408e-14,1.800961026899107e-14
two_concepts,tiny_gap,structured_template,release_default,2,centered_residual_norm_mpp,100,2.0714147033582977e-07,2.0209897145472216e-07,2.1208746455755e-07
two_concepts,tiny_gap,structured_template,release_default,2,cancellation_mean,100,0.04004729839094887,0.03591340140603023,0.044580902531840015
two_concepts,tiny_gap,structured_template,release_default,2,g_individual_sum_mpp,100,3.12149921794533,2.9900960859723344,3.2531809342529328
two_concepts,tiny_gap,structured_template,release_default,2,g_cross_term_mpp,100,-0.2881730816259461,-0.30194662804238953,-0.27455643089349674
two_concepts,tiny_gap,structured_template,release_default,2,g_nonadditive_correction_mpp,100,1.4616512476078348e-09,-2.448300663142252e-09,5.402249018609603e-09
two_concepts,tiny_gap,structured_template,release_default,3,observed_centered_logit_fidelity,100,0.7188468839737537,0.7102813005294358,0.7273269915140967
two_concepts,tiny_gap,structured_template,release_default,3,additive_centered_logit_fidelity,100,0.718846883985832,0.709966307058866,0.7270361099723432
two_concepts,tiny_gap,structured_template,release_default,3,observed_prob_error_reduction,100,0.13482428918937953,0.1309952546012748,0.13857901437763662
two_concepts,tiny_gap,structured_template,release_default,3,additive_prob_error_reduction,100,0.134824289136253,0.13096263857693752,0.13864435785915413
two_concepts,tiny_gap,structured_template,release_default,3,centered_residual_energy_ratio,100,3.919092955373475e-14,3.8111238154276466e-14,4.0248129179165535e-14
two_concepts,tiny_gap,structured_template,release_default,3,centered_residual_norm_mpp,100,3.362233567985935e-07,3.292373767899057e-07,3.43076060751418e-07
two_concepts,tiny_gap,structured_template,release_default,3,cancellation_mean,100,0.06407908847791244,0.05841867895574734,0.06981803806001088
two_concepts,tiny_gap,structured_template,release_default,3,g_individual_sum_mpp,100,4.692646997495682,4.500726857370592,4.881779787152178
two_concepts,tiny_gap,structured_template,release_default,3,g_cross_term_mpp,100,-0.864034739612903,-0.9046149773295321,-0.8238923065032063
two_concepts,tiny_gap,structured_template,release_default,3,g_nonadditive_correction_mpp,100,-2.6643396390611114e-10,-4.352962900499164e-09,3.8321189530367635e-09
two_concepts,tiny_gap,structured_template,release_default,4,observed_centered_logit_fidelity,100,0.7957613629684918,0.788771740137693,0.8025579176928813
two_concepts,tiny_gap,structured_template,release_default,4,additive_centered_logit_fidelity,100,0.7957613631869523,0.788706475235111,0.8025344074297817
two_concepts,tiny_gap,structured_template,release_default,4,observed_prob_error_reduction,100,0.15216666442831972,0.14822367922768637,0.1562174824464067
two_concepts,tiny_gap,structured_template,release_default,4,additive_prob_error_reduction,100,0.15216666440063092,0.1481097753832775,0.1561811555218454
two_concepts,tiny_gap,structured_template,release_default,4,centered_residual_energy_ratio,100,6.2858728307403e-14,6.117778472830614e-14,6.459775475824631e-14
two_concepts,tiny_gap,structured_template,release_default,4,centered_residual_norm_mpp,100,4.38646267252467e-07,4.300869726720105e-07,4.4731595195502413e-07
two_concepts,tiny_gap,structured_template,release_default,4,cancellation_mean,100,0.09972811414055299,0.09256549254989187,0.10707243591299366
two_concepts,tiny_gap,structured_template,release_default,4,g_individual_sum_mpp,100,5.5009552114716085,5.289920023637592,5.712125019936908
two_concepts,tiny_gap,structured_template,release_default,4,g_cross_term_mpp,100,-1.2484529416083796,-1.294188033240485,-1.2031482489118082
two_concepts,tiny_gap,structured_template,release_default,4,g_nonadditive_correction_mpp,100,-2.1083023690011623e-09,-6.577754973923942e-09,2.3324848477753876e-09
two_concepts,tiny_gap,structured_template,release_default,5,observed_centered_logit_fidelity,100,0.8355743621433089,0.8297895199485738,0.841427923237371
two_concepts,tiny_gap,structured_template,release_default,5,additive_centered_logit_fidelity,100,0.8355743621434327,0.8296900681773123,0.8413472483088306
two_concepts,tiny_gap,structured_template,release_default,5,observed_prob_error_reduction,100,0.161970660392585,0.15733243409394868,0.16657250353571518
two_concepts,tiny_gap,structured_template,release_default,5,additive_prob_error_reduction,100,0.1619706602995545,0.15749436661839442,0.16651038917990005
two_concepts,tiny_gap,structured_template,release_default,5,centered_residual_energy_ratio,100,8.490976873598642e-14,8.267041354573337e-14,8.718053441028007e-14
two_concepts,tiny_gap,structured_template,release_default,5,centered_residual_norm_mpp,100,5.180240646513288e-07,5.087381186512559e-07,5.274685531113621e-07
two_concepts,tiny_gap,structured_template,release_default,5,cancellation_mean,100,0.14037889975443926,0.13254762881536045,0.14822227078552705
two_concepts,tiny_gap,structured_template,release_default,5,g_individual_sum_mpp,100,6.027870663309404,5.787858464474794,6.2818261997387435
two_concepts,tiny_gap,structured_template,release_default,5,g_cross_term_mpp,100,-1.5273283300906406,-1.5848483302140157,-1.4688032305134908
two_concepts,tiny_gap,structured_template,release_default,5,g_nonadditive_correction_mpp,100,2.3875768632129756e-10,-3.792956029958859e-09,4.2860516840609395e-09
two_concepts,tiny_gap,structured_template,release_default,6,observed_centered_logit_fidelity,100,0.8646999314487648,0.8599284042155875,0.8694740619455679
two_concepts,tiny_gap,structured_template,release_default,6,additive_centered_logit_fidelity,100,0.8646999314758703,0.8599348855598832,0.869367843716835
two_concepts,tiny_gap,structured_template,release_default,6,observed_prob_error_reduction,100,0.16972878454778315,0.164632203601558,0.17494576858827846
two_concepts,tiny_gap,structured_template,release_default,6,additive_prob_error_reduction,100,0.16972878446841946,0.16465916449389198,0.1750735983732403
two_concepts,tiny_gap,structured_template,release_default,6,centered_residual_energy_ratio,100,1.0739459715709448e-13,1.0443416991867452e-13,1.1024384979676419e-13
two_concepts,tiny_gap,structured_template,release_default,6,centered_residual_norm_mpp,100,5.892671463587491e-07,5.791968078933594e-07,5.996274871427361e-07
two_concepts,tiny_gap,structured_template,release_default,6,cancellation_mean,100,0.18204266299442626,0.17393803751300824,0.19003692916657416
two_concepts,tiny_gap,structured_template,release_default,6,g_individual_sum_mpp,100,6.502068603028436,6.216884441106813,6.802053129235785
two_concepts,tiny_gap,structured_template,release_default,6,g_cross_term_mpp,100,-1.7928413364407692,-1.8748548086449652,-1.7138205458385212
two_concepts,tiny_gap,structured_template,release_default,6,g_nonadditive_correction_mpp,100,-5.899751147299057e-10,-4.545666553427042e-09,3.249742233186351e-09
two_concepts,tiny_gap,structured_template,release_default,7,observed_centered_logit_fidelity,100,0.8913857895851807,0.8871913298634485,0.8955100487305564
two_concepts,tiny_gap,structured_template,release_default,7,additive_centered_logit_fidelity,100,0.8913857893916682,0.8870673042030242,0.8956651475399802
two_concepts,tiny_gap,structured_template,release_default,7,observed_prob_error_reduction,100,0.17646917059698417,0.17089937826235382,0.18187484466041612
two_concepts,tiny_gap,structured_template,release_default,7,additive_prob_error_reduction,100,0.1764691704855766,0.17110907517354723,0.1819800733662952
two_concepts,tiny_gap,structured_template,release_default,7,centered_residual_energy_ratio,100,1.3060573894681258e-13,1.2687380691111733e-13,1.3431879113217497e-13
two_concepts,tiny_gap,structured_template,release_default,7,centered_residual_norm_mpp,100,6.550297101464594e-07,6.441975439601478e-07,6.661401840442205e-07
two_concepts,tiny_gap,structured_template,release_default,7,cancellation_mean,100,0.21340329525257143,0.20606216233612004,0.2208110065403908
two_concepts,tiny_gap,structured_template,release_default,7,g_individual_sum_mpp,100,6.978899151026079,6.662988056141967,7.300827145276057
two_concepts,tiny_gap,structured_template,release_default,7,g_cross_term_mpp,100,-2.0852309407342027,-2.1878671143673425,-1.9853661457056255
two_concepts,tiny_gap,structured_template,release_default,7,g_nonadditive_correction_mpp,100,1.4918464248138679e-09,-2.1862855790906176e-09,5.184867977355934e-09
two_concepts,tiny_gap,structured_template,release_default,8,observed_centered_logit_fidelity,100,0.9155509165574759,0.9118267390334449,0.919070850569328
two_concepts,tiny_gap,structured_template,release_default,8,additive_centered_logit_fidelity,100,0.9155509161177008,0.911950873217739,0.9191469211752629
two_concepts,tiny_gap,structured_template,release_default,8,observed_prob_error_reduction,100,0.18194892898990125,0.17621642234292034,0.18762564111314975
two_concepts,tiny_gap,structured_template,release_default,8,additive_prob_error_reduction,100,0.18194892886279634,0.17632501560171185,0.1878531794234456
two_concepts,tiny_gap,structured_template,release_default,8,centered_residual_energy_ratio,100,1.55527090672706e-13,1.5101261623708371e-13,1.600771187419269e-13
two_concepts,tiny_gap,structured_template,release_default,8,centered_residual_norm_mpp,100,7.19097965052693e-07,7.065845658470153e-07,7.312977139908441e-07
two_concepts,tiny_gap,structured_template,release_default,8,cancellation_mean,100,0.23735460983700904,0.23025100290203665,0.24441965240625424
two_concepts,tiny_gap,structured_template,release_default,8,g_individual_sum_mpp,100,7.433819778871228,7.086189048677245,7.7877897902433455
two_concepts,tiny_gap,structured_template,release_default,8,g_cross_term_mpp,100,-2.38868011321099,-2.5060194274457754,-2.2705441589300683
two_concepts,tiny_gap,structured_template,release_default,8,g_nonadditive_correction_mpp,100,2.7899008404831583e-09,-6.171614028373413e-10,6.103773094949391e-09
two_concepts,tiny_gap,structured_template,release_default,9,observed_centered_logit_fidelity,100,0.9362450409359492,0.9337280561391377,0.9386690654127554
two_concepts,tiny_gap,structured_template,release_default,9,additive_centered_logit_fidelity,100,0.9362450407801296,0.9337134876672033,0.938693884219127
two_concepts,tiny_gap,structured_template,release_default,9,observed_prob_error_reduction,100,0.18641317637882066,0.18058932076129006,0.19226900848561454
two_concepts,tiny_gap,structured_template,release_default,9,additive_prob_error_reduction,100,0.1864131763257604,0.18049945490829067,0.19234144362114122
two_concepts,tiny_gap,structured_template,release_default,9,centered_residual_energy_ratio,100,1.8315442709246232e-13,1.7751579477357528e-13,1.887593326235359e-13
two_concepts,tiny_gap,structured_template,release_default,9,centered_residual_norm_mpp,100,7.846842240810062e-07,7.722985387033878e-07,7.972207407991293e-07
two_concepts,tiny_gap,structured_template,release_default,9,cancellation_mean,100,0.2513867369336631,0.2445229397470429,0.25816665484824425
two_concepts,tiny_gap,structured_template,release_default,9,g_individual_sum_mpp,100,7.846302789784005,7.477778902443825,8.230837906946329
two_concepts,tiny_gap,structured_template,release_default,9,g_cross_term_mpp,100,-2.6799683302064867,-2.817358695328968,-2.546272744514984
two_concepts,tiny_gap,structured_template,release_default,9,g_nonadditive_correction_mpp,100,1.1163301043564007e-09,-2.0529787886406323e-09,4.184115649339401e-09
two_concepts,tiny_gap,structured_template,release_default,10,observed_centered_logit_fidelity,100,0.9521261369927445,0.9504177486297198,0.9537914785020615
two_concepts,tiny_gap,structured_template,release_default,10,additive_centered_logit_fidelity,100,0.9521261368347343,0.9504443596531941,0.9537777216296036
two_concepts,tiny_gap,structured_template,release_default,10,observed_prob_error_reduction,100,0.18953440779943442,0.18369585769908486,0.19557210852164117
two_concepts,tiny_gap,structured_template,release_default,10,additive_prob_error_reduction,100,0.18953440775321048,0.18360393236454148,0.19552431160123987
two_concepts,tiny_gap,structured_template,release_default,10,centered_residual_energy_ratio,100,2.1438212410062741e-13,2.0788247579423355e-13,2.210320094907256e-13
two_concepts,tiny_gap,structured_template,release_default,10,centered_residual_norm_mpp,100,8.525400979830462e-07,8.387365817767683e-07,8.661129896017321e-07
two_concepts,tiny_gap,structured_template,release_default,10,cancellation_mean,100,0.26651647696557373,0.259837056862545,0.2730257829551527
two_concepts,tiny_gap,structured_template,release_default,10,g_individual_sum_mpp,100,8.148717993068113,7.765223249868847,8.535718626568997
two_concepts,tiny_gap,structured_template,release_default,10,g_cross_term_mpp,100,-2.9002294319788837,-3.044170553344521,-2.757503097035034
two_concepts,tiny_gap,structured_template,release_default,10,g_nonadditive_correction_mpp,100,9.00424152388635e-10,-1.968077401921114e-09,3.7380873037745705e-09
two_concepts,tiny_gap,structured_template,release_default,11,observed_centered_logit_fidelity,100,0.965884222063618,0.9646578182943507,0.9671107401162466
two_concepts,tiny_gap,structured_template,release_default,11,additive_centered_logit_fidelity,100,0.9658842219425142,0.9646504129107517,0.9671006393711673
two_concepts,tiny_gap,structured_template,release_default,11,observed_prob_error_reduction,100,0.1921224637082617,0.18623415950522948,0.198053551340097
two_concepts,tiny_gap,structured_template,release_default,11,additive_prob_error_reduction,100,0.1921224636919719,0.1863291310588548,0.1982522819691533
two_concepts,tiny_gap,structured_template,release_default,11,centered_residual_energy_ratio,100,2.5050977872255346e-13,2.425197397115566e-13,2.5860060205198284e-13
two_concepts,tiny_gap,structured_template,release_default,11,centered_residual_norm_mpp,100,9.25022339113909e-07,9.09798577406268e-07,9.404607342051888e-07
two_concepts,tiny_gap,structured_template,release_default,11,cancellation_mean,100,0.27971594136021644,0.27329723631874947,0.286026519968836
two_concepts,tiny_gap,structured_template,release_default,11,g_individual_sum_mpp,100,8.463222431373724,8.063152630867739,8.868310263859229
two_concepts,tiny_gap,structured_template,release_default,11,g_cross_term_mpp,100,-3.1435069816125525,-3.29668339025936,-2.9914646046278515
two_concepts,tiny_gap,structured_template,release_default,11,g_nonadditive_correction_mpp,100,3.584094272453611e-10,-2.3919031070349e-09,3.097183226763e-09
two_concepts,tiny_gap,structured_template,release_default,12,observed_centered_logit_fidelity,100,0.9760170098493782,0.9751071767818585,0.9769251597856858
two_concepts,tiny_gap,structured_template,release_default,12,additive_centered_logit_fidelity,100,0.9760170097661822,0.9750868807319459,0.9769532423683931
two_concepts,tiny_gap,structured_template,release_default,12,observed_prob_error_reduction,100,0.19395730312878479,0.18784829689949756,0.20021711651397692
two_concepts,tiny_gap,structured_template,release_default,12,additive_prob_error_reduction,100,0.19395730311866888,0.18792126885519267,0.20005588718197714
two_concepts,tiny_gap,structured_template,release_default,12,centered_residual_energy_ratio,100,2.930051863843538e-13,2.836491055460619e-13,3.0222627359715604e-13
two_concepts,tiny_gap,structured_template,release_default,12,centered_residual_norm_mpp,100,1.003231832165001e-06,9.867240325029438e-07,1.0201712454303365e-06
two_concepts,tiny_gap,structured_template,release_default,12,cancellation_mean,100,0.29184358026010937,0.2851655014347674,0.29841244160615454
two_concepts,tiny_gap,structured_template,release_default,12,g_individual_sum_mpp,100,8.75578778227261,8.351590393353149,9.179899157309336
two_concepts,tiny_gap,structured_template,release_default,12,g_cross_term_mpp,100,-3.3809661993718088,-3.548424286845391,-3.219877714612742
two_concepts,tiny_gap,structured_template,release_default,12,g_nonadditive_correction_mpp,100,1.390740424407101e-10,-2.3689200637133287e-09,2.5383515752228277e-09
two_concepts,tiny_gap,structured_template,release_default,13,observed_centered_logit_fidelity,100,0.9841691539854702,0.9835499581674997,0.9847754578447617
two_concepts,tiny_gap,structured_template,release_default,13,additive_centered_logit_fidelity,100,0.9841691538376722,0.9835381934260763,0.9847768960230943
two_concepts,tiny_gap,structured_template,release_default,13,observed_prob_error_reduction,100,0.19540455386819588,0.18950101840361644,0.20149863867838527
two_concepts,tiny_gap,structured_template,release_default,13,additive_prob_error_reduction,100,0.19540455386289657,0.18938781841323998,0.20161559468201862
two_concepts,tiny_gap,structured_template,release_default,13,centered_residual_energy_ratio,100,3.4074743273603075e-13,3.3007341679566986e-13,3.5133383702276654e-13
two_concepts,tiny_gap,structured_template,release_default,13,centered_residual_norm_mpp,100,1.0856186264604933e-06,1.0671006677351332e-06,1.1034365019265616e-06
two_concepts,tiny_gap,structured_template,release_default,13,cancellation_mean,100,0.30604048983607635,0.2995551646570696,0.3122591051113524
two_concepts,tiny_gap,structured_template,release_default,13,g_individual_sum_mpp,100,9.008707357049948,8.586600417917596,9.442208806412264
two_concepts,tiny_gap,structured_template,release_default,13,g_cross_term_mpp,100,-3.589874883111325,-3.7671253769664244,-3.4156608838139473
two_concepts,tiny_gap,structured_template,release_default,13,g_nonadditive_correction_mpp,100,4.0563383702841607e-10,-1.7315510951408088e-09,2.490176630471273e-09
two_concepts,tiny_gap,structured_template,release_default,14,observed_centered_logit_fidelity,100,0.9908020128378312,0.9902804303618975,0.9913045633112116
two_concepts,tiny_gap,structured_template,release_default,14,additive_centered_logit_fidelity,100,0.990802012679522,0.9902898607860454,0.9913222414507463
two_concepts,tiny_gap,structured_template,release_default,14,observed_prob_error_reduction,100,0.19657705986472718,0.190367086852616,0.20271178437329884
two_concepts,tiny_gap,structured_template,release_default,14,additive_prob_error_reduction,100,0.19657705985113944,0.1906368831822789,0.2028230287416455
two_concepts,tiny_gap,structured_template,release_default,14,centered_residual_energy_ratio,100,3.968091714172695e-13,3.843890441416561e-13,4.090049706330792e-13
two_concepts,tiny_gap,structured_template,release_default,14,centered_residual_norm_mpp,100,1.1754388251394986e-06,1.1558803822531597e-06,1.1954244204176329e-06
two_concepts,tiny_gap,structured_template,release_default,14,cancellation_mean,100,0.3172781954128372,0.31062862375884853,0.32371612602535765
two_concepts,tiny_gap,structured_template,release_default,14,g_individual_sum_mpp,100,9.298987111089843,8.864798112696533,9.745739982409278
two_concepts,tiny_gap,structured_template,release_default,14,g_cross_term_mpp,100,-3.8427549977183757,-4.038606534301456,-3.657213826933331
two_concepts,tiny_gap,structured_template,release_default,14,g_nonadditive_correction_mpp,100,7.41844709963935e-10,-1.0673746702040908e-09,2.491674901100202e-09
two_concepts,tiny_gap,structured_template,release_default,15,observed_centered_logit_fidelity,100,0.9967639934699554,0.996496667185578,0.9970111643041845
two_concepts,tiny_gap,structured_template,release_default,15,additive_centered_logit_fidelity,100,0.9967639933122482,0.9964894375240995,0.9970071346276503
two_concepts,tiny_gap,structured_template,release_default,15,observed_prob_error_reduction,100,0.19758095264273628,0.19143459458831177,0.2038355878273984
two_concepts,tiny_gap,structured_template,release_default,15,additive_prob_error_reduction,100,0.19758095263812442,0.1912421895860371,0.2037414261880222
two_concepts,tiny_gap,structured_template,release_default,15,centered_residual_energy_ratio,100,4.592366944535639e-13,4.4523280479177274e-13,4.731017219928009e-13
two_concepts,tiny_gap,structured_template,release_default,15,centered_residual_norm_mpp,100,1.2671798646446729e-06,1.2457207918612255e-06,1.2889502535538045e-06
two_concepts,tiny_gap,structured_template,release_default,15,cancellation_mean,100,0.325191879453334,0.3186686795196096,0.33137483187965167
two_concepts,tiny_gap,structured_template,release_default,15,g_individual_sum_mpp,100,9.665391332345786,9.211153780568468,10.142858206338184
two_concepts,tiny_gap,structured_template,release_default,15,g_cross_term_mpp,100,-4.176944530226113,-4.3873007845428225,-3.9691989035361814
two_concepts,tiny_gap,structured_template,release_default,15,g_nonadditive_correction_mpp,100,5.11691742639429e-10,-6.260872994276869e-10,1.5993359996399446e-09
two_concepts,tiny_gap,structured_template,release_default,16,observed_centered_logit_fidelity,100,1.0,1.0,1.0
two_concepts,tiny_gap,structured_template,release_default,16,additive_centered_logit_fidelity,100,0.9999999999994729,0.9999999999994564,0.9999999999994894
two_concepts,tiny_gap,structured_template,release_default,16,observed_prob_error_reduction,100,0.19812254201324675,0.19202248076119802,0.20419301519024308
two_concepts,tiny_gap,structured_template,release_default,16,additive_prob_error_reduction,100,0.19812254201308388,0.19183095125664257,0.20445841960542588
two_concepts,tiny_gap,structured_template,release_default,16,centered_residual_energy_ratio,100,5.271234219424827e-13,5.104418829621261e-13,5.44110165569136e-13
two_concepts,tiny_gap,structured_template,release_default,16,centered_residual_norm_mpp,100,1.3577345970330385e-06,1.3348725476603185e-06,1.381177034207411e-06
two_concepts,tiny_gap,structured_template,release_default,16,cancellation_mean,100,0.3287180633898461,0.32244285863258226,0.3346135187106582
two_concepts,tiny_gap,structured_template,release_default,16,g_individual_sum_mpp,100,10.083115083669464,9.613722609561327,10.572254684454984
two_concepts,tiny_gap,structured_template,release_default,16,g_cross_term_mpp,100,-4.577875392544875,-4.806153611119489,-4.357458531433575
two_concepts,tiny_gap,structured_template,release_default,16,g_nonadditive_correction_mpp,100,2.552670790674158e-12,2.4663931907280366e-12,2.6412755911185607e-12
two_concepts,tiny_gap,structured_template,retention_1,0,observed_centered_logit_fidelity,100,0.0,0.0,0.0
two_concepts,tiny_gap,structured_template,retention_1,0,additive_centered_logit_fidelity,100,0.0,0.0,0.0
two_concepts,tiny_gap,structured_template,retention_1,0,observed_prob_error_reduction,100,0.0,0.0,0.0
two_concepts,tiny_gap,structured_template,retention_1,0,additive_prob_error_reduction,100,0.0,0.0,0.0
two_concepts,tiny_gap,structured_template,retention_1,0,centered_residual_energy_ratio,100,0.0,0.0,0.0
two_concepts,tiny_gap,structured_template,retention_1,0,centered_residual_norm_mpp,100,0.0,0.0,0.0
two_concepts,tiny_gap,structured_template,retention_1,0,cancellation_mean,0,,,
two_concepts,tiny_gap,structured_template,retention_1,0,g_individual_sum_mpp,100,0.0,0.0,0.0
two_concepts,tiny_gap,structured_template,retention_1,0,g_cross_term_mpp,100,0.0,0.0,0.0
two_concepts,tiny_gap,structured_template,retention_1,0,g_nonadditive_correction_mpp,100,0.0,0.0,0.0
two_concepts,tiny_gap,structured_template,retention_1,1,observed_centered_logit_fidelity,100,0.05124357455341937,0.048760778815209724,0.05370165922475236
two_concepts,tiny_gap,structured_template,retention_1,1,additive_centered_logit_fidelity,100,0.05124357455341937,0.0488113009653869,0.053612565733109685
two_concepts,tiny_gap,structured_template,retention_1,1,observed_prob_error_reduction,100,0.00046717590430074953,0.0004429359092565895,0.0004912845455104268
two_concepts,tiny_gap,structured_template,retention_1,1,additive_prob_error_reduction,100,0.00046717590430074953,0.0004430643153249954,0.0004923484503107627
two_concepts,tiny_gap,structured_template,retention_1,1,centered_residual_energy_ratio,100,0.0,0.0,0.0
two_concepts,tiny_gap,structured_template,retention_1,1,centered_residual_norm_mpp,100,0.0,0.0,0.0
two_concepts,tiny_gap,structured_template,retention_1,1,cancellation_mean,100,0.0,0.0,0.0
two_concepts,tiny_gap,structured_template,retention_1,1,g_individual_sum_mpp,100,0.008287065007696423,0.007850368110255357,0.008725694939826084
two_concepts,tiny_gap,structured_template,retention_1,1,g_cross_term_mpp,100,0.0,0.0,0.0
two_concepts,tiny_gap,structured_template,retention_1,1,g_nonadditive_correction_mpp,100,0.0,0.0,0.0
two_concepts,tiny_gap,structured_template,retention_1,2,observed_centered_logit_fidelity,100,0.08752031558824232,0.08459238240454374,0.0904942312963094
two_concepts,tiny_gap,structured_template,retention_1,2,additive_centered_logit_fidelity,100,0.0875203154285054,0.08455020359214831,0.09052329822198038
two_concepts,tiny_gap,structured_template,retention_1,2,observed_prob_error_reduction,100,0.0007956595243105006,0.0007653908558198169,0.0008256053594702703
two_concepts,tiny_gap,structured_template,retention_1,2,additive_prob_error_reduction,100,0.00079565952250508,0.0007661222103595673,0.0008259833746131221
two_concepts,tiny_gap,structured_template,retention_1,2,centered_residual_energy_ratio,100,4.571174237642587e-14,4.3718957432341695e-14,4.775471205592004e-14
two_concepts,tiny_gap,structured_template,retention_1,2,centered_residual_norm_mpp,100,6.32162291910692e-08,6.071269798487838e-08,6.57641220326547e-08
two_concepts,tiny_gap,structured_template,retention_1,2,cancellation_mean,100,0.06013660059276775,0.056887701194004284,0.06346159495358669
two_concepts,tiny_gap,structured_template,retention_1,2,g_individual_sum_mpp,100,0.014420845130657112,0.01386348971146479,0.014967969470886041
two_concepts,tiny_gap,structured_template,retention_1,2,g_cross_term_mpp,100,-0.0003022372513803941,-0.0003154305932868021,-0.00028967157361333974
two_concepts,tiny_gap,structured_template,retention_1,2,g_nonadditive_correction_mpp,100,3.215928829334615e-11,-1.2752638714851722e-10,1.9896834333693968e-10
two_concepts,tiny_gap,structured_template,retention_1,3,observed_centered_logit_fidelity,100,0.11955609549055968,0.11625285367331548,0.1228651642166339
two_concepts,tiny_gap,structured_template,retention_1,3,additive_centered_logit_fidelity,100,0.1195560952486137,0.1161788718861986,0.12299734035246664
two_concepts,tiny_gap,structured_template,retention_1,3,observed_prob_error_reduction,100,0.0010860619025891002,0.001051956136707158,0.0011209291528489478
two_concepts,tiny_gap,structured_template,retention_1,3,additive_prob_error_reduction,100,0.0010860619003942834,0.0010516474830488624,0.0011210428768962568
two_concepts,tiny_gap,structured_template,retention_1,3,centered_residual_energy_ratio,100,7.786798356336021e-14,7.64617539002389e-14,7.935592387809161e-14
two_concepts,tiny_gap,structured_template,retention_1,3,centered_residual_norm_mpp,100,9.217997830898155e-08,9.092726265544111e-08,9.339257016660958e-08
two_concepts,tiny_gap,structured_template,retention_1,3,cancellation_mean,100,0.08566797023099756,0.08220964304077216,0.08907143476891163
two_concepts,tiny_gap,structured_template,retention_1,3,g_individual_sum_mpp,100,0.020034414908743473,0.01936666550322948,0.02070318252934639
two_concepts,tiny_gap,structured_template,retention_1,3,g_cross_term_mpp,100,-0.0007588318747495138,-0.0007866726213565919,-0.0007322151970212854
two_concepts,tiny_gap,structured_template,retention_1,3,g_nonadditive_correction_mpp,100,4.0133379376966827e-11,-1.4118834003404994e-10,2.1995082925542426e-10
two_concepts,tiny_gap,structured_template,retention_1,4,observed_centered_logit_fidelity,100,0.1539409061794534,0.1485375185628446,0.16038566888610034
two_concepts,tiny_gap,structured_template,retention_1,4,additive_centered_logit_fidelity,100,0.15394090606787708,0.14860058873931647,0.1604329781394171
two_concepts,tiny_gap,structured_template,retention_1,4,observed_prob_error_reduction,100,0.0013977342569566622,0.0013449981699874315,0.001459361893874126
two_concepts,tiny_gap,structured_template,retention_1,4,additive_prob_error_reduction,100,0.001397734255552635,0.0013449235199224315,0.0014597953944975343
two_concepts,tiny_gap,structured_template,retention_1,4,centered_residual_energy_ratio,100,1.4416035096425032e-13,1.419677008827339e-13,1.4635189047723816e-13
two_concepts,tiny_gap,structured_template,retention_1,4,centered_residual_norm_mpp,100,1.3022291261005347e-07,1.2889437873256027e-07,1.3155309172418238e-07
two_concepts,tiny_gap,structured_template,retention_1,4,cancellation_mean,100,0.09607640754592367,0.09321592985893362,0.09900923210220468
two_concepts,tiny_gap,structured_template,retention_1,4,g_individual_sum_mpp,100,0.026274023195097612,0.025277731853518705,0.027422460589500153
two_concepts,tiny_gap,structured_template,retention_1,4,g_cross_term_mpp,100,-0.0014488830506836957,-0.001504181357391833,-0.0013984418827462529
two_concepts,tiny_gap,structured_template,retention_1,4,g_nonadditive_correction_mpp,100,2.0499721135013028e-11,-2.1642102393130752e-10,2.580666939273142e-10
two_concepts,tiny_gap,structured_template,retention_1,5,observed_centered_logit_fidelity,100,0.30541131825992907,0.2880459211796803,0.32266736605407453
two_concepts,tiny_gap,structured_template,retention_1,5,additive_centered_logit_fidelity,100,0.3054113185291785,0.2879236220028657,0.32301525213793386
two_concepts,tiny_gap,structured_template,retention_1,5,observed_prob_error_reduction,100,0.0027725210197942158,0.0026106724985162865,0.0029328528155475792
two_concepts,tiny_gap,structured_template,retention_1,5,additive_prob_error_reduction,100,0.00277252102166415,0.0026126466558395282,0.002934770338742046
two_concepts,tiny_gap,structured_template,retention_1,5,centered_residual_energy_ratio,100,2.0451920358687328e-13,2.0117250835118794e-13,2.0780729909114523e-13
two_concepts,tiny_gap,structured_template,retention_1,5,centered_residual_norm_mpp,100,1.5518991811352038e-07,1.537005535178245e-07,1.5670318873346318e-07
two_concepts,tiny_gap,structured_template,retention_1,5,cancellation_mean,100,0.13359660169738527,0.12944055728294052,0.13773479844802833
two_concepts,tiny_gap,structured_template,retention_1,5,g_individual_sum_mpp,100,0.05232681193378264,0.04918449867437683,0.055424308160598505
two_concepts,tiny_gap,structured_template,retention_1,5,g_cross_term_mpp,100,-0.0033137838085945635,-0.00353750743116139,-0.003091884345974433
two_concepts,tiny_gap,structured_template,retention_1,5,g_nonadditive_correction_mpp,100,-4.5267161578399844e-11,-3.1471637354670276e-10,2.2503838881848307e-10
two_concepts,tiny_gap,structured_template,retention_1,6,observed_centered_logit_fidelity,100,0.4484187568606519,0.4453891306053031,0.4515161475928942
two_concepts,tiny_gap,structured_template,retention_1,6,additive_centered_logit_fidelity,100,0.44841875667653786,0.4453732724013431,0.4514864770160042
two_concepts,tiny_gap,structured_template,retention_1,6,observed_prob_error_reduction,100,0.004082849698121299,0.004026996213405466,0.004139426284441635
two_concepts,tiny_gap,structured_template,retention_1,6,additive_prob_error_reduction,100,0.004082849694430854,0.004026124139524997,0.004139156464146079
two_concepts,tiny_gap,structured_template,retention_1,6,centered_residual_energy_ratio,100,2.9508703111163855e-13,2.901748472654133e-13,3.0009747705009885e-13
two_concepts,tiny_gap,structured_template,retention_1,6,centered_residual_norm_mpp,100,1.8749687219647304e-07,1.8558084941004694e-07,1.8941354408904007e-07
two_concepts,tiny_gap,structured_template,retention_1,6,cancellation_mean,100,0.13505951219931847,0.13130715072898494,0.13882071213676128
two_concepts,tiny_gap,structured_template,retention_1,6,g_individual_sum_mpp,100,0.07870224345621155,0.07742073192835343,0.08002248771060663
two_concepts,tiny_gap,structured_template,retention_1,6,g_cross_term_mpp,100,-0.006733220855462767,-0.006934569848482007,-0.0065365791162024355
two_concepts,tiny_gap,structured_template,retention_1,6,g_nonadditive_correction_mpp,100,4.050959793739511e-11,-2.6142450484324046e-10,3.4869752875147835e-10
two_concepts,tiny_gap,structured_template,retention_1,7,observed_centered_logit_fidelity,100,0.6176643237175076,0.5994003342304774,0.6355544876046387
two_concepts,tiny_gap,structured_template,retention_1,7,additive_centered_logit_fidelity,100,0.6176643236558962,0.5997822069172271,0.6353101554490449
two_concepts,tiny_gap,structured_template,retention_1,7,observed_prob_error_reduction,100,0.005630491401472663,0.005451544622110091,0.005804188108738069
two_concepts,tiny_gap,structured_template,retention_1,7,additive_prob_error_reduction,100,0.005630491398731737,0.005453838276248794,0.005804425527396438
two_concepts,tiny_gap,structured_template,retention_1,7,centered_residual_energy_ratio,100,4.105817156155031e-13,4.0531981850251137e-13,4.159440611160873e-13
two_concepts,tiny_gap,structured_template,retention_1,7,centered_residual_norm_mpp,100,2.2237044616008645e-07,2.2046486104674704e-07,2.2434132518263888e-07
two_concepts,tiny_gap,structured_template,retention_1,7,cancellation_mean,100,0.12925890592160977,0.12564235247561026,0.1327895362393704
two_concepts,tiny_gap,structured_template,retention_1,7,g_individual_sum_mpp,100,0.11607068386523595,0.11181457434904073,0.12027138094726407
two_concepts,tiny_gap,structured_template,retention_1,7,g_cross_term_mpp,100,-0.017062906686438502,-0.018187781513543562,-0.015899457008241098
two_concepts,tiny_gap,structured_template,retention_1,7,g_nonadditive_correction_mpp,100,3.2302652651274717e-11,-2.7962710257576143e-10,3.6738082265987015e-10
two_concepts,tiny_gap,structured_template,retention_1,8,observed_centered_logit_fidelity,100,0.6978144267598206,0.6950138252904177,0.7008263501016442
two_concepts,tiny_gap,structured_template,retention_1,8,additive_centered_logit_fidelity,100,0.6978144268966598,0.6950275736457261,0.7008286044566474
two_concepts,tiny_gap,structured_template,retention_1,8,observed_prob_error_reduction,100,0.0063722224910308075,0.0062879711360264295,0.006456284138534899
two_concepts,tiny_gap,structured_template,retention_1,8,additive_prob_error_reduction,100,0.006372222488808668,0.006289304729011937,0.006456720315107617
two_concepts,tiny_gap,structured_template,retention_1,8,centered_residual_energy_ratio,100,5.506114037041956e-13,5.442876828984579e-13,5.568871693302824e-13
two_concepts,tiny_gap,structured_template,retention_1,8,centered_residual_norm_mpp,100,2.583931341823997e-07,2.56139221980689e-07,2.6056686252100945e-07
two_concepts,tiny_gap,structured_template,retention_1,8,cancellation_mean,100,0.12880441079461794,0.1258222702539864,0.1318553371877249
two_concepts,tiny_gap,structured_template,retention_1,8,g_individual_sum_mpp,100,0.1352086749050734,0.13309895428816107,0.13740719956649242
two_concepts,tiny_gap,structured_template,retention_1,8,g_cross_term_mpp,100,-0.02326067531288714,-0.023820741455361765,-0.02274383151373836
two_concepts,tiny_gap,structured_template,retention_1,8,g_nonadditive_correction_mpp,100,1.2453096670181351e-12,-3.398384150492175e-10,3.58130424573023e-10
two_concepts,tiny_gap,structured_template,retention_1,9,observed_centered_logit_fidelity,100,0.780018717230887,0.7748551370711371,0.7847433216434894
two_concepts,tiny_gap,structured_template,retention_1,9,additive_centered_logit_fidelity,100,0.7800187173834153,0.774894591337489,0.7847840398745501
two_concepts,tiny_gap,structured_template,retention_1,9,observed_prob_error_reduction,100,0.0071250082646106975,0.007032301532297912,0.007219578991033933
two_concepts,tiny_gap,structured_template,retention_1,9,additive_prob_error_reduction,100,0.0071250082626776534,0.007031130879883162,0.007217907940521118
two_concepts,tiny_gap,structured_template,retention_1,9,centered_residual_energy_ratio,100,7.25312771198199e-13,7.165605233683218e-13,7.341642108199121e-13
two_concepts,tiny_gap,structured_template,retention_1,9,centered_residual_norm_mpp,100,2.970731249162556e-07,2.9449666714168715e-07,2.9973037148793314e-07
two_concepts,tiny_gap,structured_template,retention_1,9,cancellation_mean,100,0.1263791381871103,0.123430969360888,0.12928723398529413
two_concepts,tiny_gap,structured_template,retention_1,9,g_individual_sum_mpp,100,0.16024971736244395,0.15761300126886119,0.16293600674098385
two_concepts,tiny_gap,structured_template,retention_1,9,g_cross_term_mpp,100,-0.03515376252094111,-0.036017954219443926,-0.034269265098673035
two_concepts,tiny_gap,structured_template,retention_1,9,g_nonadditive_correction_mpp,100,2.026720200085791e-12,-3.365980683766743e-10,3.487187739909056e-10
two_concepts,tiny_gap,structured_template,retention_1,10,observed_centered_logit_fidelity,100,0.8349363794634201,0.8304138085315348,0.8394800997421019
two_concepts,tiny_gap,structured_template,retention_1,10,additive_centered_logit_fidelity,100,0.8349363799942643,0.8303018278119856,0.8394716472214621
two_concepts,tiny_gap,structured_template,retention_1,10,observed_prob_error_reduction,100,0.0076328429995479695,0.007529544146306418,0.007738293089074271
two_concepts,tiny_gap,structured_template,retention_1,10,additive_prob_error_reduction,100,0.00763284300272931,0.007526615508880893,0.007739639734624033
two_concepts,tiny_gap,structured_template,retention_1,10,centered_residual_energy_ratio,100,9.18142020618097e-13,9.073775997687481e-13,9.288941957951803e-13
two_concepts,tiny_gap,structured_template,retention_1,10,centered_residual_norm_mpp,100,3.344905679085422e-07,3.315661911346497e-07,3.374504430327672e-07
two_concepts,tiny_gap,structured_template,retention_1,10,cancellation_mean,100,0.1265029465160329,0.12386252415599737,0.1291729939139462
two_concepts,tiny_gap,structured_template,retention_1,10,g_individual_sum_mpp,100,0.17977505545100733,0.17656667126511782,0.18305258263176996
two_concepts,tiny_gap,structured_template,retention_1,10,g_cross_term_mpp,100,-0.04579595486120979,-0.04704325837100431,-0.044538065194941745
two_concepts,tiny_gap,structured_template,retention_1,10,g_nonadditive_correction_mpp,100,-5.389878133545654e-11,-3.9431198994236813e-10,3.0843496939396985e-10
two_concepts,tiny_gap,structured_template,retention_1,11,observed_centered_logit_fidelity,100,0.877126379040043,0.8738431429550111,0.8803980992009417
two_concepts,tiny_gap,structured_template,retention_1,11,additive_centered_logit_fidelity,100,0.8771263792735401,0.8738219462810616,0.8803954160856672
two_concepts,tiny_gap,structured_template,retention_1,11,observed_prob_error_reduction,100,0.008020107485727903,0.007917451540151275,0.008125750192003772
two_concepts,tiny_gap,structured_template,retention_1,11,additive_prob_error_reduction,100,0.008020107485984203,0.007916048014778566,0.008124348666684206
two_concepts,tiny_gap,structured_template,retention_1,11,centered_residual_energy_ratio,100,1.1386190005363498e-12,1.12510634308357e-12,1.152224615756436e-12
two_concepts,tiny_gap,structured_template,retention_1,11,centered_residual_norm_mpp,100,3.728986823432719e-07,3.6975259388897185e-07,3.7606879023614004e-07
two_concepts,tiny_gap,structured_template,retention_1,11,cancellation_mean,100,0.12566814649205973,0.12297014045909545,0.12845005741286064
two_concepts,tiny_gap,structured_template,retention_1,11,g_individual_sum_mpp,100,0.19682417998102467,0.19367321081190408,0.20009724422566996
two_concepts,tiny_gap,structured_template,retention_1,11,g_cross_term_mpp,100,-0.05607620982946876,-0.057308826729432584,-0.05483310064908555
two_concepts,tiny_gap,structured_template,retention_1,11,g_nonadditive_correction_mpp,100,-4.523562332006681e-12,-3.307064593342747e-10,3.269469419048904e-10
two_concepts,tiny_gap,structured_template,retention_1,12,observed_centered_logit_fidelity,100,0.907525512307075,0.904764576700837,0.910561647615679
two_concepts,tiny_gap,structured_template,retention_1,12,additive_centered_logit_fidelity,100,0.90752551227734,0.9047588857234584,0.9105992729679184
two_concepts,tiny_gap,structured_template,retention_1,12,observed_prob_error_reduction,100,0.008299236768571722,0.008191250347664525,0.008406317035482282
two_concepts,tiny_gap,structured_template,retention_1,12,additive_prob_error_reduction,100,0.008299236767182196,0.008192113531097047,0.008406477801020724
two_concepts,tiny_gap,structured_template,retention_1,12,centered_residual_energy_ratio,100,1.3812042479910625e-12,1.3659178614262164e-12,1.396306836345796e-12
two_concepts,tiny_gap,structured_template,retention_1,12,centered_residual_norm_mpp,100,4.111582187096649e-07,4.0775392203451974e-07,4.144896126871529e-07
two_concepts,tiny_gap,structured_template,retention_1,12,cancellation_mean,100,0.12370222703369559,0.12111573225013968,0.12641663960397345
two_concepts,tiny_gap,structured_template,retention_1,12,g_individual_sum_mpp,100,0.21129550675052428,0.2076513049905817,0.2150433894588479
two_concepts,tiny_gap,structured_template,retention_1,12,g_cross_term_mpp,100,-0.06565038722029763,-0.06739046298418279,-0.06405575038656292
two_concepts,tiny_gap,structured_template,retention_1,12,g_nonadditive_correction_mpp,100,3.214876333787302e-11,-2.8945517000148587e-10,3.585511233711408e-10
two_concepts,tiny_gap,structured_template,retention_1,13,observed_centered_logit_fidelity,100,0.9744235679880862,0.9735213803708587,0.9752617313695306
two_concepts,tiny_gap,structured_template,retention_1,13,additive_centered_logit_fidelity,100,0.9744235678461428,0.9734882520424192,0.9752709125279179
two_concepts,tiny_gap,structured_template,retention_1,13,observed_prob_error_reduction,100,0.008906613755425823,0.008796804945187104,0.009017809207785575
two_concepts,tiny_gap,structured_template,retention_1,13,additive_prob_error_reduction,100,0.008906613753879848,0.008797926349231391,0.009015853867181744
two_concepts,tiny_gap,structured_template,retention_1,13,centered_residual_energy_ratio,100,1.6975862035118246e-12,1.6802015061041617e-12,1.7150707794834554e-12
two_concepts,tiny_gap,structured_template,retention_1,13,centered_residual_norm_mpp,100,4.5636092920802804e-07,4.5260577039760784e-07,4.600686521967017e-07
two_concepts,tiny_gap,structured_template,retention_1,13,cancellation_mean,100,0.11808312033608051,0.11575781868205855,0.12044036235603599
two_concepts,tiny_gap,structured_template,retention_1,13,g_individual_sum_mpp,100,0.25401593788655336,0.25031071862606763,0.2576528648898363
two_concepts,tiny_gap,structured_template,retention_1,13,g_cross_term_mpp,100,-0.09767878828726366,-0.09926156371770907,-0.09610018844642101
two_concepts,tiny_gap,structured_template,retention_1,13,g_nonadditive_correction_mpp,100,3.6456198655590924e-11,-1.5362122158919474e-10,2.322855751992511e-10
two_concepts,tiny_gap,structured_template,retention_1,14,observed_centered_logit_fidelity,100,0.9904520707877252,0.9900821102514528,0.9908092008326902
two_concepts,tiny_gap,structured_template,retention_1,14,additive_centered_logit_fidelity,100,0.9904520706004719,0.9900831512489912,0.9908109927432369
two_concepts,tiny_gap,structured_template,retention_1,14,observed_prob_error_reduction,100,0.009052344256971932,0.008940224266082633,0.009160878603007065
two_concepts,tiny_gap,structured_template,retention_1,14,additive_prob_error_reduction,100,0.009052344255342681,0.008942463988520378,0.009163766316716821
two_concepts,tiny_gap,structured_template,retention_1,14,centered_residual_energy_ratio,100,2.003107322108231e-12,1.9822326301236815e-12,2.0241425843069307e-12
two_concepts,tiny_gap,structured_template,retention_1,14,centered_residual_norm_mpp,100,4.963580968859149e-07,4.922592896178201e-07,5.005109291015749e-07
two_concepts,tiny_gap,structured_template,retention_1,14,cancellation_mean,100,0.11473646768277355,0.11239544886446687,0.11702824390769426
two_concepts,tiny_gap,structured_template,retention_1,14,g_individual_sum_mpp,100,0.2730934975182602,0.26922604935422384,0.2769623278402324
two_concepts,tiny_gap,structured_template,retention_1,14,g_cross_term_mpp,100,-0.11418090695936214,-0.11590105880871096,-0.11243880822483346
two_concepts,tiny_gap,structured_template,retention_1,14,g_nonadditive_correction_mpp,100,3.7072674482141116e-11,-9.06684102707704e-11,1.6643363094173965e-10
two_concepts,tiny_gap,structured_template,retention_1,15,observed_centered_logit_fidelity,100,0.9981528359750862,0.9980451162930128,0.99825796769508
two_concepts,tiny_gap,structured_template,retention_1,15,additive_centered_logit_fidelity,100,0.9981528359644776,0.9980458576410582,0.998258869740056
two_concepts,tiny_gap,structured_template,retention_1,15,observed_prob_error_reduction,100,0.009122417002314732,0.009010676914059261,0.009232487240187935
two_concepts,tiny_gap,structured_template,retention_1,15,additive_prob_error_reduction,100,0.009122417002095368,0.009012411758344174,0.00923272680187044
two_concepts,tiny_gap,structured_template,retention_1,15,centered_residual_energy_ratio,100,2.306731222155594e-12,2.2819654366362e-12,2.330804578751619e-12
two_concepts,tiny_gap,structured_template,retention_1,15,centered_residual_norm_mpp,100,5.330983442266924e-07,5.286737757744166e-07,5.375776465215852e-07
two_concepts,tiny_gap,structured_template,retention_1,15,cancellation_mean,100,0.11445083993626225,0.1122011714049981,0.11676150145319074
two_concepts,tiny_gap,structured_template,retention_1,15,g_individual_sum_mpp,100,0.29002812371575687,0.28605247732703876,0.29424509537391536
two_concepts,tiny_gap,structured_template,retention_1,15,g_cross_term_mpp,100,-0.1298757522231896,-0.13174630413442687,-0.12800072803820098
two_concepts,tiny_gap,structured_template,retention_1,15,g_nonadditive_correction_mpp,100,4.625617678602131e-12,-5.6809365372046534e-11,6.812259931043732e-11
two_concepts,tiny_gap,structured_template,retention_1,16,observed_centered_logit_fidelity,100,1.0,1.0,1.0
two_concepts,tiny_gap,structured_template,retention_1,16,additive_centered_logit_fidelity,100,0.9999999999973288,0.9999999999973014,0.9999999999973558
two_concepts,tiny_gap,structured_template,retention_1,16,observed_prob_error_reduction,100,0.009139324874235214,0.009025458988750934,0.009248584995805846
two_concepts,tiny_gap,structured_template,retention_1,16,additive_prob_error_reduction,100,0.009139324874208848,0.009026854078770555,0.009254009830591946
two_concepts,tiny_gap,structured_template,retention_1,16,centered_residual_energy_ratio,100,2.671323927713083e-12,2.644210760787228e-12,2.6986849970215403e-12
two_concepts,tiny_gap,structured_template,retention_1,16,centered_residual_norm_mpp,100,5.745922557947565e-07,5.697830944940125e-07,5.794348236106301e-07
two_concepts,tiny_gap,structured_template,retention_1,16,cancellation_mean,100,0.11431798758923772,0.11204669745258516,0.11655664000673449
two_concepts,tiny_gap,structured_template,retention_1,16,g_individual_sum_mpp,100,0.3022233687160963,0.29787487346995445,0.3064964683273922
two_concepts,tiny_gap,structured_template,retention_1,16,g_cross_term_mpp,100,-0.1417729166532567,-0.14378736533815953,-0.13972770790731212
two_concepts,tiny_gap,structured_template,retention_1,16,g_nonadditive_correction_mpp,100,4.2852292569429963e-13,4.217509894923963e-13,4.352385391654355e-13
two_concepts,tiny_gmp,pixel_permuted_template,release_default,0,observed_centered_logit_fidelity,100,0.0,0.0,0.0
two_concepts,tiny_gmp,pixel_permuted_template,release_default,0,additive_centered_logit_fidelity,100,0.0,0.0,0.0
two_concepts,tiny_gmp,pixel_permuted_template,release_default,0,observed_prob_error_reduction,100,0.0,0.0,0.0
two_concepts,tiny_gmp,pixel_permuted_template,release_default,0,additive_prob_error_reduction,100,0.0,0.0,0.0
two_concepts,tiny_gmp,pixel_permuted_template,release_default,0,centered_residual_energy_ratio,100,0.0,0.0,0.0
two_concepts,tiny_gmp,pixel_permuted_template,release_default,0,centered_residual_norm_mpp,100,0.0,0.0,0.0
two_concepts,tiny_gmp,pixel_permuted_template,release_default,0,cancellation_mean,0,,,
two_concepts,tiny_gmp,pixel_permuted_template,release_default,0,g_individual_sum_mpp,100,0.0,0.0,0.0
two_concepts,tiny_gmp,pixel_permuted_template,release_default,0,g_cross_term_mpp,100,0.0,0.0,0.0
two_concepts,tiny_gmp,pixel_permuted_template,release_default,0,g_nonadditive_correction_mpp,100,0.0,0.0,0.0
two_concepts,tiny_gmp,pixel_permuted_template,release_default,1,observed_centered_logit_fidelity,100,0.4117701850095494,0.404217742536363,0.4193858463797582
two_concepts,tiny_gmp,pixel_permuted_template,release_default,1,additive_centered_logit_fidelity,100,0.4117701850095494,0.4041658142356353,0.41949673405601134
two_concepts,tiny_gmp,pixel_permuted_template,release_default,1,observed_prob_error_reduction,100,0.2910992151106422,0.27370966385770984,0.3092478626206966
two_concepts,tiny_gmp,pixel_permuted_template,release_default,1,additive_prob_error_reduction,100,0.2910992151106422,0.27353434546820915,0.3090221909486982
two_concepts,tiny_gmp,pixel_permuted_template,release_default,1,centered_residual_energy_ratio,100,0.0,0.0,0.0
two_concepts,tiny_gmp,pixel_permuted_template,release_default,1,centered_residual_norm_mpp,100,0.0,0.0,0.0
two_concepts,tiny_gmp,pixel_permuted_template,release_default,1,cancellation_mean,100,0.0,0.0,0.0
two_concepts,tiny_gmp,pixel_permuted_template,release_default,1,g_individual_sum_mpp,100,72.6480578053835,71.18338471669823,74.16456116152199
two_concepts,tiny_gmp,pixel_permuted_template,release_default,1,g_cross_term_mpp,100,0.0,0.0,0.0
two_concepts,tiny_gmp,pixel_permuted_template,release_default,1,g_nonadditive_correction_mpp,100,0.0,0.0,0.0
two_concepts,tiny_gmp,pixel_permuted_template,release_default,2,observed_centered_logit_fidelity,100,0.6762733409921706,0.6695002966967477,0.683105937756044
two_concepts,tiny_gmp,pixel_permuted_template,release_default,2,additive_centered_logit_fidelity,100,0.6762733410400336,0.6692925444470325,0.6831223941310839
two_concepts,tiny_gmp,pixel_permuted_template,release_default,2,observed_prob_error_reduction,100,0.9699785968839287,0.9458643366905916,0.9941827211461439
two_concepts,tiny_gmp,pixel_permuted_template,release_default,2,additive_prob_error_reduction,100,0.9699785969067178,0.9459611634482975,0.993863769834809
two_concepts,tiny_gmp,pixel_permuted_template,release_default,2,centered_residual_energy_ratio,100,3.20060886287143e-15,3.0484752901575693e-15,3.3547320781259588e-15
two_concepts,tiny_gmp,pixel_permuted_template,release_default,2,centered_residual_norm_mpp,100,6.089731884302205e-07,5.930780094682516e-07,6.253000405255422e-07
two_concepts,tiny_gmp,pixel_permuted_template,release_default,2,cancellation_mean,100,0.01044275647510195,0.009625101182259238,0.011272745961519266
two_concepts,tiny_gmp,pixel_permuted_template,release_default,2,g_individual_sum_mpp,100,140.74837441970945,138.17525906657605,143.30172495162205
two_concepts,tiny_gmp,pixel_permuted_template,release_default,2,g_cross_term_mpp,100,-21.129546126122694,-21.919754470518182,-20.33983792540339
two_concepts,tiny_gmp,pixel_permuted_template,release_default,2,g_nonadditive_correction_mpp,100,-5.978146743626472e-09,-4.808963212500116e-08,3.630588144496825e-08
two_concepts,tiny_gmp,pixel_permuted_template,release_default,3,observed_centered_logit_fidelity,100,0.817903693938396,0.8135398896948789,0.8222934365849145
two_concepts,tiny_gmp,pixel_permuted_template,release_default,3,additive_centered_logit_fidelity,100,0.8179036940360508,0.8134387702167736,0.8223516457620667
two_concepts,tiny_gmp,pixel_permuted_template,release_default,3,observed_prob_error_reduction,100,1.427388200769668,1.4112513870762664,1.4430133944573846
two_concepts,tiny_gmp,pixel_permuted_template,release_default,3,additive_prob_error_reduction,100,1.4273882020033803,1.4110862343083606,1.4434820883087853
two_concepts,tiny_gmp,pixel_permuted_template,release_default,3,centered_residual_energy_ratio,100,7.7751231352516e-15,7.468083213976141e-15,8.075569530212353e-15
two_concepts,tiny_gmp,pixel_permuted_template,release_default,3,centered_residual_norm_mpp,100,9.965163265587026e-07,9.76074510104393e-07,1.0174587548275e-06
two_concepts,tiny_gmp,pixel_permuted_template,release_default,3,cancellation_mean,100,0.019313553780565436,0.01824807324079673,0.02037654863352075
two_concepts,tiny_gmp,pixel_permuted_template,release_default,3,g_individual_sum_mpp,100,194.79879701627817,191.80846984867156,197.87252941535354
two_concepts,tiny_gmp,pixel_permuted_template,release_default,3,g_cross_term_mpp,100,-50.020106646119466,-51.320989942953474,-48.77016093814094
two_concepts,tiny_gmp,pixel_permuted_template,release_default,3,g_nonadditive_correction_mpp,100,-1.6277317919773674e-08,-6.64925313963322e-08,3.341190657105863e-08
two_concepts,tiny_gmp,pixel_permuted_template,release_default,4,observed_centered_logit_fidelity,100,0.8897284640528352,0.8865726800209721,0.8929276520819692
two_concepts,tiny_gmp,pixel_permuted_template,release_default,4,additive_centered_logit_fidelity,100,0.889728464147125,0.8865541053657312,0.8929699251194307
two_concepts,tiny_gmp,pixel_permuted_template,release_default,4,observed_prob_error_reduction,100,1.6617315016073229,1.6489385339431089,1.6740262756649615
two_concepts,tiny_gmp,pixel_permuted_template,release_default,4,additive_prob_error_reduction,100,1.6617315022387995,1.6492842446034672,1.6741667340247561
two_concepts,tiny_gmp,pixel_permuted_template,release_default,4,centered_residual_energy_ratio,100,1.301365686491851e-14,1.258942988135579e-14,1.343804078653283e-14
two_concepts,tiny_gmp,pixel_permuted_template,release_default,4,centered_residual_norm_mpp,100,1.3021836806626822e-06,1.2797388422265162e-06,1.3259509598977293e-06
two_concepts,tiny_gmp,pixel_permuted_template,release_default,4,cancellation_mean,100,0.03441277998722109,0.032950518636412934,0.03591081075776942
two_concepts,tiny_gmp,pixel_permuted_template,release_default,4,g_individual_sum_mpp,100,230.70674638789285,227.33518210884424,234.14075432908768
two_concepts,tiny_gmp,pixel_permuted_template,release_default,4,g_cross_term_mpp,100,-73.18276867148262,-74.71182050518874,-71.67636273951973
two_concepts,tiny_gmp,pixel_permuted_template,release_default,4,g_nonadditive_correction_mpp,100,-1.5786887238063892e-08,-6.566279366792701e-08,3.3795770459978476e-08
two_concepts,tiny_gmp,pixel_permuted_template,release_default,5,observed_centered_logit_fidelity,100,0.9310070895500229,0.9285067567556845,0.9334447676461838
two_concepts,tiny_gmp,pixel_permuted_template,release_default,5,additive_centered_logit_fidelity,100,0.9310070895764443,0.9284856436532692,0.9334748015060071
two_concepts,tiny_gmp,pixel_permuted_template,release_default,5,observed_prob_error_reduction,100,1.7859068729018792,1.776418040772697,1.7951620071249363
two_concepts,tiny_gmp,pixel_permuted_template,release_default,5,additive_prob_error_reduction,100,1.7859068733860242,1.7765298964685534,1.7949715439519864
two_concepts,tiny_gmp,pixel_permuted_template,release_default,5,centered_residual_energy_ratio,100,1.8571457458016024e-14,1.8068508935062292e-14,1.90901001154271e-14
two_concepts,tiny_gmp,pixel_permuted_template,release_default,5,centered_residual_norm_mpp,100,1.5620040420677466e-06,1.53794215435067e-06,1.585970116057715e-06
two_concepts,tiny_gmp,pixel_permuted_template,release_default,5,cancellation_mean,100,0.050161061442355256,0.04829347510755279,0.05201461734913311
two_concepts,tiny_gmp,pixel_permuted_template,release_default,5,g_individual_sum_mpp,100,254.5055556840117,251.00842178923247,258.00547648666554
two_concepts,tiny_gmp,pixel_permuted_template,release_default,5,g_cross_term_mpp,100,-89.68101078357039,-91.2445432181445,-88.09562605910111
two_concepts,tiny_gmp,pixel_permuted_template,release_default,5,g_nonadditive_correction_mpp,100,-4.341628147875104e-09,-4.793544546611856e-08,3.9145888557572635e-08
two_concepts,tiny_gmp,pixel_permuted_template,release_default,6,observed_centered_logit_fidelity,100,0.9568044352317867,0.954865755123417,0.9587216269833587
two_concepts,tiny_gmp,pixel_permuted_template,release_default,6,additive_centered_logit_fidelity,100,0.956804435246937,0.9549008738281609,0.9586998984070382
two_concepts,tiny_gmp,pixel_permuted_template,release_default,6,observed_prob_error_reduction,100,1.8474485738562894,1.8399619838076917,1.8546283772607832
two_concepts,tiny_gmp,pixel_permuted_template,release_default,6,additive_prob_error_reduction,100,1.8474485739008384,1.8397887910575392,1.8544610843339868
two_concepts,tiny_gmp,pixel_permuted_template,release_default,6,centered_residual_energy_ratio,100,2.4452751752470833e-14,2.3812738914919847e-14,2.5100460746100047e-14
two_concepts,tiny_gmp,pixel_permuted_template,release_default,6,centered_residual_norm_mpp,100,1.7913253702880766e-06,1.7656889781726428e-06,1.817720293661621e-06
two_concepts,tiny_gmp,pixel_permuted_template,release_default,6,cancellation_mean,100,0.06488140480893673,0.06278405792386853,0.06698556788807959
two_concepts,tiny_gmp,pixel_permuted_template,release_default,6,g_individual_sum_mpp,100,271.3901645342937,267.8509497608593,275.00973726760543
two_concepts,tiny_gmp,pixel_permuted_template,release_default,6,g_cross_term_mpp,100,-101.99497306686149,-103.626917926514,-100.38695101669808
two_concepts,tiny_gmp,pixel_permuted_template,release_default,6,g_nonadditive_correction_mpp,100,-1.4359049825834693e-09,-3.744529109609685e-08,3.5182216154046434e-08
two_concepts,tiny_gmp,pixel_permuted_template,release_default,7,observed_centered_logit_fidelity,100,0.9727368075910037,0.9713731587895993,0.9740383801441233
two_concepts,tiny_gmp,pixel_permuted_template,release_default,7,additive_centered_logit_fidelity,100,0.9727368075861024,0.9713791838085093,0.9740895301276006
two_concepts,tiny_gmp,pixel_permuted_template,release_default,7,observed_prob_error_reduction,100,1.876198050326324,1.8701478440608426,1.8821068330586819
two_concepts,tiny_gmp,pixel_permuted_template,release_default,7,additive_prob_error_reduction,100,1.876198049933555,1.8700642051230632,1.882312122190294
two_concepts,tiny_gmp,pixel_permuted_template,release_default,7,centered_residual_energy_ratio,100,3.02536531903606e-14,2.953853779627222e-14,3.1000923755184135e-14
two_concepts,tiny_gmp,pixel_permuted_template,release_default,7,centered_residual_norm_mpp,100,1.990521456904318e-06,1.9643830062682873e-06,2.01739723664542e-06
two_concepts,tiny_gmp,pixel_permuted_template,release_default,7,cancellation_mean,100,0.07759794686717131,0.07510395171746047,0.08009522646271135
two_concepts,tiny_gmp,pixel_permuted_template,release_default,7,g_individual_sum_mpp,100,283.64662286990557,279.96189757813084,287.3459057700722
two_concepts,tiny_gmp,pixel_permuted_template,release_default,7,g_cross_term_mpp,100,-111.42816867694178,-113.08606245840974,-109.68435206708287
two_concepts,tiny_gmp,pixel_permuted_template,release_default,7,g_nonadditive_correction_mpp,100,1.6377494814227157e-09,-3.026813564018237e-08,3.3321461351432e-08
two_concepts,tiny_gmp,pixel_permuted_template,release_default,8,observed_centered_logit_fidelity,100,0.9824403211922583,0.981628120937506,0.983238787319947
two_concepts,tiny_gmp,pixel_permuted_template,release_default,8,additive_centered_logit_fidelity,100,0.9824403211802255,0.981598754335065,0.983256378561654
two_concepts,tiny_gmp,pixel_permuted_template,release_default,8,observed_prob_error_reduction,100,1.8890345803847362,1.883304595668106,1.8945983313789723
two_concepts,tiny_gmp,pixel_permuted_template,release_default,8,additive_prob_error_reduction,100,1.889034580240151,1.8832645882116674,1.8946384229422129
two_concepts,tiny_gmp,pixel_permuted_template,release_default,8,centered_residual_energy_ratio,100,3.6122912462748206e-14,3.5292801979330236e-14,3.69670473273809e-14
two_concepts,tiny_gmp,pixel_permuted_template,release_default,8,centered_residual_norm_mpp,100,2.170163168778575e-06,2.142848045829062e-06,2.197967639427044e-06
two_concepts,tiny_gmp,pixel_permuted_template,release_default,8,cancellation_mean,100,0.08841051171811727,0.08572783865457326,0.09105858708536799
two_concepts,tiny_gmp,pixel_permuted_template,release_default,8,g_individual_sum_mpp,100,292.6445346020499,288.963259492739,296.36024187868264
two_concepts,tiny_gmp,pixel_permuted_template,release_default,8,g_cross_term_mpp,100,-118.71160112095997,-120.39524023726882,-116.99786988844761
two_concepts,tiny_gmp,pixel_permuted_template,release_default,8,g_nonadditive_correction_mpp,100,2.1754256696689137e-09,-2.6303927440710827e-08,2.9574142739763947e-08
two_concepts,tiny_gmp,pixel_permuted_template,release_default,9,observed_centered_logit_fidelity,100,0.9878017796225214,0.9872289607488822,0.9883716211581239
two_concepts,tiny_gmp,pixel_permuted_template,release_default,9,additive_centered_logit_fidelity,100,0.9878017796369799,0.9872211628345616,0.9883698528533299
two_concepts,tiny_gmp,pixel_permuted_template,release_default,9,observed_prob_error_reduction,100,1.8942504183514473,1.88881488405952,1.8996237253584316
two_concepts,tiny_gmp,pixel_permuted_template,release_default,9,additive_prob_error_reduction,100,1.8942504183631275,1.8886320662259877,1.8995833485678544
two_concepts,tiny_gmp,pixel_permuted_template,release_default,9,centered_residual_energy_ratio,100,4.1637525641504506e-14,4.069751444840169e-14,4.258314258490589e-14
two_concepts,tiny_gmp,pixel_permuted_template,release_default,9,centered_residual_norm_mpp,100,2.32446936051504e-06,2.2957140332797253e-06,2.353840340137478e-06
two_concepts,tiny_gmp,pixel_permuted_template,release_default,9,cancellation_mean,100,0.09920008776206458,0.09630940939061575,0.10197208846519532
two_concepts,tiny_gmp,pixel_permuted_template,release_default,9,g_individual_sum_mpp,100,299.0758877286709,295.20358540542543,302.870444580088
two_concepts,tiny_gmp,pixel_permuted_template,release_default,9,g_cross_term_mpp,100,-124.1974888588088,-125.98795382024332,-122.40205379412183
two_concepts,tiny_gmp,pixel_permuted_template,release_default,9,g_nonadditive_correction_mpp,100,-2.2266257704861483e-09,-2.7908592394063945e-08,2.3550183944970713e-08
two_concepts,tiny_gmp,pixel_permuted_template,release_default,10,observed_centered_logit_fidelity,100,0.990890520010443,0.9904838655548621,0.991292049157079
two_concepts,tiny_gmp,pixel_permuted_template,release_default,10,additive_centered_logit_fidelity,100,0.9908905200368805,0.9904902490411488,0.9912894770035284
two_concepts,tiny_gmp,pixel_permuted_template,release_default,10,observed_prob_error_reduction,100,1.8967806774675744,1.8913050392499846,1.902004422423873
two_concepts,tiny_gmp,pixel_permuted_template,release_default,10,additive_prob_error_reduction,100,1.8967806773817701,1.8914018027114823,1.9020615736228697
two_concepts,tiny_gmp,pixel_permuted_template,release_default,10,centered_residual_energy_ratio,100,4.689789800937847e-14,4.590291742556454e-14,4.78995714728797e-14
two_concepts,tiny_gmp,pixel_permuted_template,release_default,10,centered_residual_norm_mpp,100,2.462124938030224e-06,2.433039416494887e-06,2.491962352960608e-06
two_concepts,tiny_gmp,pixel_permuted_template,release_default,10,cancellation_mean,100,0.10973439369236919,0.10687526407341316,0.11260129721770865
two_concepts,tiny_gmp,pixel_permuted_template,release_default,10,g_individual_sum_mpp,100,303.1611280216614,299.17236682161047,307.00889994931987
two_concepts,tiny_gmp,pixel_permuted_template,release_default,10,g_cross_term_mpp,100,-127.7394227282676,-129.59675779192804,-125.91191672647247
two_concepts,tiny_gmp,pixel_permuted_template,release_default,10,g_nonadditive_correction_mpp,100,-3.9540682584518e-09,-2.5407712167538193e-08,1.8118359876317618e-08
two_concepts,tiny_gmp,pixel_permuted_template,release_default,11,observed_centered_logit_fidelity,100,0.9928452499591898,0.9924954940486335,0.9931962131959169
two_concepts,tiny_gmp,pixel_permuted_template,release_default,11,additive_centered_logit_fidelity,100,0.992845250010693,0.9924919870176954,0.9931965693517651
two_concepts,tiny_gmp,pixel_permuted_template,release_default,11,observed_prob_error_reduction,100,1.8980980207982847,1.8926851635169342,1.9033197603201621
two_concepts,tiny_gmp,pixel_permuted_template,release_default,11,additive_prob_error_reduction,100,1.8980980208665295,1.8927669403924197,1.9032158560236847
two_concepts,tiny_gmp,pixel_permuted_template,release_default,11,centered_residual_energy_ratio,100,5.197594752015238e-14,5.090644758578846e-14,5.305424161517637e-14
two_concepts,tiny_gmp,pixel_permuted_template,release_default,11,centered_residual_norm_mpp,100,2.585655031059633e-06,2.5563657792544104e-06,2.615143958693019e-06
two_concepts,tiny_gmp,pixel_permuted_template,release_default,11,cancellation_mean,100,0.11972142575181767,0.11689109488470428,0.12256203464907695
two_concepts,tiny_gmp,pixel_permuted_template,release_default,11,g_individual_sum_mpp,100,305.85974691426736,301.8472633122702,309.82297186824434
two_concepts,tiny_gmp,pixel_permuted_template,release_default,11,g_cross_term_mpp,100,-130.09870002806866,-131.98892387649104,-128.27402954722268
two_concepts,tiny_gmp,pixel_permuted_template,release_default,11,g_nonadditive_correction_mpp,100,-8.581327597062322e-09,-2.922192102346701e-08,1.1466022372829703e-08
two_concepts,tiny_gmp,pixel_permuted_template,release_default,12,observed_centered_logit_fidelity,100,0.9944560858057726,0.9941249838470515,0.9947846303189556
two_concepts,tiny_gmp,pixel_permuted_template,release_default,12,additive_centered_logit_fidelity,100,0.9944560858645195,0.9941199430197567,0.9947756046205282
two_concepts,tiny_gmp,pixel_permuted_template,release_default,12,observed_prob_error_reduction,100,1.8990519767058713,1.8938476342585544,1.904072163915491
two_concepts,tiny_gmp,pixel_permuted_template,release_default,12,additive_prob_error_reduction,100,1.8990519768720713,1.8937156234354071,1.9041949230966424
two_concepts,tiny_gmp,pixel_permuted_template,release_default,12,centered_residual_energy_ratio,100,5.69759747319635e-14,5.5830772225422684e-14,5.81290470683808e-14
two_concepts,tiny_gmp,pixel_permuted_template,release_default,12,centered_residual_norm_mpp,100,2.7011147151987105e-06,2.6706641131216046e-06,2.730242483150217e-06
two_concepts,tiny_gmp,pixel_permuted_template,release_default,12,cancellation_mean,100,0.12946157385479354,0.12661419559457027,0.13233416596911232
two_concepts,tiny_gmp,pixel_permuted_template,release_default,12,g_individual_sum_mpp,100,307.67431571493523,303.7372060206522,311.68379587249336
two_concepts,tiny_gmp,pixel_permuted_template,release_default,12,g_cross_term_mpp,100,-131.63407790368996,-133.54314703859973,-129.77319592258564
two_concepts,tiny_gmp,pixel_permuted_template,release_default,12,g_nonadditive_correction_mpp,100,-1.0180619982826557e-08,-2.7965443465739453e-08,8.057264926213872e-09
two_concepts,tiny_gmp,pixel_permuted_template,release_default,13,observed_centered_logit_fidelity,100,0.9963458619745773,0.996083423587538,0.9965969375290769
two_concepts,tiny_gmp,pixel_permuted_template,release_default,13,additive_centered_logit_fidelity,100,0.9963458620222704,0.9960832598095813,0.9965913486130319
two_concepts,tiny_gmp,pixel_permuted_template,release_default,13,observed_prob_error_reduction,100,1.9003275542581315,1.8948748617645075,1.9053661249300744
two_concepts,tiny_gmp,pixel_permuted_template,release_default,13,additive_prob_error_reduction,100,1.9003275543060425,1.8949669796848412,1.9055049451834145
two_concepts,tiny_gmp,pixel_permuted_template,release_default,13,centered_residual_energy_ratio,100,6.134620090844519e-14,6.015082698488077e-14,6.256077972810498e-14
two_concepts,tiny_gmp,pixel_permuted_template,release_default,13,centered_residual_norm_mpp,100,2.7968625749045014e-06,2.7663654283580093e-06,2.8263111225663655e-06
two_concepts,tiny_gmp,pixel_permuted_template,release_default,13,cancellation_mean,100,0.13895679007112344,0.13612472698363237,0.14168717946841117
two_concepts,tiny_gmp,pixel_permuted_template,release_default,13,g_individual_sum_mpp,100,308.74465961124923,304.8093835247673,312.66411633925395
two_concepts,tiny_gmp,pixel_permuted_template,release_default,13,g_cross_term_mpp,100,-132.3712336120865,-134.2454342751298,-130.53464871155836
two_concepts,tiny_gmp,pixel_permuted_template,release_default,13,g_nonadditive_correction_mpp,100,-8.47351771195232e-09,-2.2282772588984994e-08,5.514481605885067e-09
two_concepts,tiny_gmp,pixel_permuted_template,release_default,14,observed_centered_logit_fidelity,100,0.9981389648686195,0.9979855945722177,0.9982895958853781
two_concepts,tiny_gmp,pixel_permuted_template,release_default,14,additive_centered_logit_fidelity,100,0.9981389649018613,0.9979883957249777,0.9982910049966464
two_concepts,tiny_gmp,pixel_permuted_template,release_default,14,observed_prob_error_reduction,100,1.9012596594254552,1.895873373409445,1.9063172782997817
two_concepts,tiny_gmp,pixel_permuted_template,release_default,14,additive_prob_error_reduction,100,1.9012596594122004,1.8959469865396914,1.9062761286158563
two_concepts,tiny_gmp,pixel_permuted_template,release_default,14,centered_residual_energy_ratio,100,6.540104155159747e-14,6.408760640481403e-14,6.67624359963558e-14
two_concepts,tiny_gmp,pixel_permuted_template,release_default,14,centered_residual_norm_mpp,100,2.882878153814423e-06,2.8516856309377145e-06,2.915183219769692e-06
two_concepts,tiny_gmp,pixel_permuted_template,release_default,14,cancellation_mean,100,0.14753161014839913,0.14474553982620642,0.1503635038073012
two_concepts,tiny_gmp,pixel_permuted_template,release_default,14,g_individual_sum_mpp,100,309.28936877952293,305.3331606228678,313.2951407906985
two_concepts,tiny_gmp,pixel_permuted_template,release_default,14,g_cross_term_mpp,100,-132.6012154263361,-134.4596551255234,-130.7408523818996
two_concepts,tiny_gmp,pixel_permuted_template,release_default,14,g_nonadditive_correction_mpp,100,-6.311556795549213e-09,-1.746685295997512e-08,4.399655460550208e-09
two_concepts,tiny_gmp,pixel_permuted_template,release_default,15,observed_centered_logit_fidelity,100,0.999342728001957,0.9992746752747665,0.9994046711396374
two_concepts,tiny_gmp,pixel_permuted_template,release_default,15,additive_centered_logit_fidelity,100,0.9993427279988235,0.9992743457512424,0.9994040668259936
two_concepts,tiny_gmp,pixel_permuted_template,release_default,15,observed_prob_error_reduction,100,1.9017381863490903,1.8963457568840705,1.9067885084144007
two_concepts,tiny_gmp,pixel_permuted_template,release_default,15,additive_prob_error_reduction,100,1.9017381863002292,1.896370066970408,1.906856723132259
two_concepts,tiny_gmp,pixel_permuted_template,release_default,15,centered_residual_energy_ratio,100,6.928677458429122e-14,6.782538422181196e-14,7.077461398615188e-14
two_concepts,tiny_gmp,pixel_permuted_template,release_default,15,centered_residual_norm_mpp,100,2.9618671727977707e-06,2.928920850842803e-06,2.996100889906782e-06
two_concepts,tiny_gmp,pixel_permuted_template,release_default,15,cancellation_mean,100,0.15460576820025074,0.15183162725726815,0.1572919932206132
two_concepts,tiny_gmp,pixel_permuted_template,release_default,15,g_individual_sum_mpp,100,309.61349934364074,305.5797107803552,313.60246079475974
two_concepts,tiny_gmp,pixel_permuted_template,release_default,15,g_cross_term_mpp,100,-132.7161783852133,-134.5338985901415,-130.87120016576884
two_concepts,tiny_gmp,pixel_permuted_template,release_default,15,g_nonadditive_correction_mpp,100,1.536580464784948e-10,-6.040456073757687e-09,6.28061967383617e-09
two_concepts,tiny_gmp,pixel_permuted_template,release_default,16,observed_centered_logit_fidelity,100,1.0,1.0,1.0
two_concepts,tiny_gmp,pixel_permuted_template,release_default,16,additive_centered_logit_fidelity,100,0.9999999999999265,0.999999999999925,0.999999999999928
two_concepts,tiny_gmp,pixel_permuted_template,release_default,16,observed_prob_error_reduction,100,1.9019547994762005,1.8967737007076935,1.9069899314376457
two_concepts,tiny_gmp,pixel_permuted_template,release_default,16,additive_prob_error_reduction,100,1.9019547994761854,1.8966851168105494,1.907062783513273
two_concepts,tiny_gmp,pixel_permuted_template,release_default,16,centered_residual_energy_ratio,100,7.349071201611963e-14,7.198894114332809e-14,7.503361239862442e-14
two_concepts,tiny_gmp,pixel_permuted_template,release_default,16,centered_residual_norm_mpp,100,3.0429724791387247e-06,3.0091605438172966e-06,3.07653688812288e-06
two_concepts,tiny_gmp,pixel_permuted_template,release_default,16,cancellation_mean,100,0.16057161566219907,0.15787652803986488,0.16329926481191773
two_concepts,tiny_gmp,pixel_permuted_template,release_default,16,g_individual_sum_mpp,100,309.77659753187913,305.8130073755476,313.7283722585654
two_concepts,tiny_gmp,pixel_permuted_template,release_default,16,g_cross_term_mpp,100,-132.7654492133552,-134.62839849902156,-130.89882045053557
two_concepts,tiny_gmp,pixel_permuted_template,release_default,16,g_nonadditive_correction_mpp,100,1.2979752186380516e-11,1.2705400859739498e-11,1.3275296832473116e-11
two_concepts,tiny_gmp,pixel_permuted_template,retention_1,0,observed_centered_logit_fidelity,100,0.0,0.0,0.0
two_concepts,tiny_gmp,pixel_permuted_template,retention_1,0,additive_centered_logit_fidelity,100,0.0,0.0,0.0
two_concepts,tiny_gmp,pixel_permuted_template,retention_1,0,observed_prob_error_reduction,100,0.0,0.0,0.0
two_concepts,tiny_gmp,pixel_permuted_template,retention_1,0,additive_prob_error_reduction,100,0.0,0.0,0.0
two_concepts,tiny_gmp,pixel_permuted_template,retention_1,0,centered_residual_energy_ratio,100,0.0,0.0,0.0
two_concepts,tiny_gmp,pixel_permuted_template,retention_1,0,centered_residual_norm_mpp,100,0.0,0.0,0.0
two_concepts,tiny_gmp,pixel_permuted_template,retention_1,0,cancellation_mean,0,,,
two_concepts,tiny_gmp,pixel_permuted_template,retention_1,0,g_individual_sum_mpp,100,0.0,0.0,0.0
two_concepts,tiny_gmp,pixel_permuted_template,retention_1,0,g_cross_term_mpp,100,0.0,0.0,0.0
two_concepts,tiny_gmp,pixel_permuted_template,retention_1,0,g_nonadditive_correction_mpp,100,0.0,0.0,0.0
two_concepts,tiny_gmp,pixel_permuted_template,retention_1,1,observed_centered_logit_fidelity,100,0.4625459493382836,0.45553272036178905,0.4696575735695455
two_concepts,tiny_gmp,pixel_permuted_template,retention_1,1,additive_centered_logit_fidelity,100,0.4625459493382836,0.45556219506883955,0.46959288997698445
two_concepts,tiny_gmp,pixel_permuted_template,retention_1,1,observed_prob_error_reduction,100,0.41020320018696693,0.40065068376448343,0.4197570138685222
two_concepts,tiny_gmp,pixel_permuted_template,retention_1,1,additive_prob_error_reduction,100,0.41020320018696693,0.4009200279302922,0.41960933720629384
two_concepts,tiny_gmp,pixel_permuted_template,retention_1,1,centered_residual_energy_ratio,100,0.0,0.0,0.0
two_concepts,tiny_gmp,pixel_permuted_template,retention_1,1,centered_residual_norm_mpp,100,0.0,0.0,0.0
two_concepts,tiny_gmp,pixel_permuted_template,retention_1,1,cancellation_mean,100,0.0,0.0,0.0
two_concepts,tiny_gmp,pixel_permuted_template,retention_1,1,g_individual_sum_mpp,100,13.397148217060284,13.153754678383196,13.64649504069511
two_concepts,tiny_gmp,pixel_permuted_template,retention_1,1,g_cross_term_mpp,100,0.0,0.0,0.0
two_concepts,tiny_gmp,pixel_permuted_template,retention_1,1,g_nonadditive_correction_mpp,100,0.0,0.0,0.0
two_concepts,tiny_gmp,pixel_permuted_template,retention_1,2,observed_centered_logit_fidelity,100,0.7160898146570154,0.7097529883121192,0.7223877135273828
two_concepts,tiny_gmp,pixel_permuted_template,retention_1,2,additive_centered_logit_fidelity,100,0.7160898146778061,0.7096036024597759,0.7223894350449144
two_concepts,tiny_gmp,pixel_permuted_template,retention_1,2,observed_prob_error_reduction,100,0.7742049774347939,0.7631415569464721,0.7857192519597922
two_concepts,tiny_gmp,pixel_permuted_template,retention_1,2,additive_prob_error_reduction,100,0.774204977637771,0.7628141565070071,0.7852083254585631
two_concepts,tiny_gmp,pixel_permuted_template,retention_1,2,centered_residual_energy_ratio,100,4.5074585231066324e-15,4.251305573688243e-15,4.769043286264246e-15
two_concepts,tiny_gmp,pixel_permuted_template,retention_1,2,centered_residual_norm_mpp,100,2.840625031686735e-07,2.750103001988816e-07,2.931231313789229e-07
two_concepts,tiny_gmp,pixel_permuted_template,retention_1,2,cancellation_mean,100,0.011908564676242532,0.010845988408059698,0.01307699926549175
two_concepts,tiny_gmp,pixel_permuted_template,retention_1,2,g_individual_sum_mpp,100,24.87542389128618,24.44991656335962,25.316328222998195
two_concepts,tiny_gmp,pixel_permuted_template,retention_1,2,g_cross_term_mpp,100,-4.082536283914459,-4.217803383326663,-3.9503402724426597
two_concepts,tiny_gmp,pixel_permuted_template,retention_1,2,g_nonadditive_correction_mpp,100,-2.539953840863067e-10,-6.210773654469049e-09,5.613780516308555e-09
two_concepts,tiny_gmp,pixel_permuted_template,retention_1,3,observed_centered_logit_fidelity,100,0.8401793044158155,0.8355085393137439,0.8447374922775492
two_concepts,tiny_gmp,pixel_permuted_template,retention_1,3,additive_centered_logit_fidelity,100,0.8401793044983628,0.8356287562685423,0.8447342501657691
two_concepts,tiny_gmp,pixel_permuted_template,retention_1,3,observed_prob_error_reduction,100,0.9569553141358941,0.9464907850601143,0.9673726044133681
two_concepts,tiny_gmp,pixel_permuted_template,retention_1,3,additive_prob_error_reduction,100,0.9569553144798713,0.9465771078844982,0.967358855325508
two_concepts,tiny_gmp,pixel_permuted_template,retention_1,3,centered_residual_energy_ratio,100,1.0488041505268834e-14,1.0028589804197798e-14,1.0962535581797354e-14
two_concepts,tiny_gmp,pixel_permuted_template,retention_1,3,centered_residual_norm_mpp,100,4.6281276904887855e-07,4.5235183275746734e-07,4.733758862737356e-07
two_concepts,tiny_gmp,pixel_permuted_template,retention_1,3,cancellation_mean,100,0.022619128658796176,0.02133070310907527,0.02392427006629251
two_concepts,tiny_gmp,pixel_permuted_template,retention_1,3,g_individual_sum_mpp,100,33.524686935743524,32.99554308405171,34.0604675856722
two_concepts,tiny_gmp,pixel_permuted_template,retention_1,3,g_cross_term_mpp,100,-9.112965763105114,-9.333829363635795,-8.898299108563018
two_concepts,tiny_gmp,pixel_permuted_template,retention_1,3,g_nonadditive_correction_mpp,100,-1.958017607407173e-09,-8.609401020723592e-09,4.868487660460609e-09
two_concepts,tiny_gmp,pixel_permuted_template,retention_1,4,observed_centered_logit_fidelity,100,0.8993059946973834,0.895750285574553,0.9027621395744192
two_concepts,tiny_gmp,pixel_permuted_template,retention_1,4,additive_centered_logit_fidelity,100,0.8993059947588461,0.8958300850693959,0.9026808784621771
two_concepts,tiny_gmp,pixel_permuted_template,retention_1,4,observed_prob_error_reduction,100,1.0412912935141136,1.0306000645451612,1.0518118979714097
two_concepts,tiny_gmp,pixel_permuted_template,retention_1,4,additive_prob_error_reduction,100,1.041291293886586,1.030894042484899,1.0516410257535531
two_concepts,tiny_gmp,pixel_permuted_template,retention_1,4,centered_residual_energy_ratio,100,1.724874055755285e-14,1.661570207237275e-14,1.7897250178311548e-14
two_concepts,tiny_gmp,pixel_permuted_template,retention_1,4,centered_residual_norm_mpp,100,6.022980194292453e-07,5.905711353162e-07,6.146735873828587e-07
two_concepts,tiny_gmp,pixel_permuted_template,retention_1,4,cancellation_mean,100,0.03824853475684127,0.036668934595897505,0.03981683973097259
two_concepts,tiny_gmp,pixel_permuted_template,retention_1,4,g_individual_sum_mpp,100,38.86774770584953,38.25626150808388,39.475886300464346
two_concepts,tiny_gmp,pixel_permuted_template,retention_1,4,g_cross_term_mpp,100,-12.729628199751478,-12.991299559308581,-12.472638361243742
two_concepts,tiny_gmp,pixel_permuted_template,retention_1,4,g_nonadditive_correction_mpp,100,-1.521310405831945e-09,-7.917443136828464e-09,5.05983572949083e-09
two_concepts,tiny_gmp,pixel_permuted_template,retention_1,5,observed_centered_logit_fidelity,100,0.9343858784417485,0.9315665341733639,0.9370506929233442
two_concepts,tiny_gmp,pixel_permuted_template,retention_1,5,additive_centered_logit_fidelity,100,0.9343858784549169,0.9316488648486784,0.9370234376830141
two_concepts,tiny_gmp,pixel_permuted_template,retention_1,5,observed_prob_error_reduction,100,1.0897196557852746,1.0793108945672008,1.0999410705975916
two_concepts,tiny_gmp,pixel_permuted_template,retention_1,5,additive_prob_error_reduction,100,1.0897196559200457,1.0789622887334294,1.1001405041117411
two_concepts,tiny_gmp,pixel_permuted_template,retention_1,5,centered_residual_energy_ratio,100,2.411268436158951e-14,2.3314584143256552e-14,2.4932502250892896e-14
two_concepts,tiny_gmp,pixel_permuted_template,retention_1,5,centered_residual_norm_mpp,100,7.157501846795173e-07,7.029712012799187e-07,7.285120364032591e-07
two_concepts,tiny_gmp,pixel_permuted_template,retention_1,5,cancellation_mean,100,0.05573490722988053,0.053845033712173584,0.05763185691328757
two_concepts,tiny_gmp,pixel_permuted_template,retention_1,5,g_individual_sum_mpp,100,42.32451657486198,41.687047469962465,42.957055597791026
two_concepts,tiny_gmp,pixel_permuted_template,retention_1,5,g_cross_term_mpp,100,-15.16472093141533,-15.444751905227513,-14.878098102675805
two_concepts,tiny_gmp,pixel_permuted_template,retention_1,5,g_nonadditive_correction_mpp,100,-3.2244002357309616e-10,-6.593538067372672e-09,5.896634410022484e-09
two_concepts,tiny_gmp,pixel_permuted_template,retention_1,6,observed_centered_logit_fidelity,100,0.956277334873903,0.9542514380911845,0.9581964717206778
two_concepts,tiny_gmp,pixel_permuted_template,retention_1,6,additive_centered_logit_fidelity,100,0.9562773348640693,0.9542212529242753,0.9581956925160164
two_concepts,tiny_gmp,pixel_permuted_template,retention_1,6,observed_prob_error_reduction,100,1.1174787883686896,1.1066047805798747,1.128220224683969
two_concepts,tiny_gmp,pixel_permuted_template,retention_1,6,additive_prob_error_reduction,100,1.1174787884814896,1.1066534615594774,1.1280681890179929
two_concepts,tiny_gmp,pixel_permuted_template,retention_1,6,centered_residual_energy_ratio,100,3.130389026429024e-14,3.0329980595132973e-14,3.2366716269757464e-14
two_concepts,tiny_gmp,pixel_permuted_template,retention_1,6,centered_residual_norm_mpp,100,8.161251317619678e-07,8.029240342329015e-07,8.302173831667618e-07
two_concepts,tiny_gmp,pixel_permuted_template,retention_1,6,cancellation_mean,100,0.0716767606989313,0.06958430102737909,0.07377004179075378
two_concepts,tiny_gmp,pixel_permuted_template,retention_1,6,g_individual_sum_mpp,100,44.65495726538938,43.994047528664446,45.29829600096103
two_concepts,tiny_gmp,pixel_permuted_template,retention_1,6,g_cross_term_mpp,100,-16.855238824960917,-17.15360049203187,-16.552913976486956
two_concepts,tiny_gmp,pixel_permuted_template,retention_1,6,g_nonadditive_correction_mpp,100,4.61659943099919e-10,-5.060802843749993e-09,6.1125605115249085e-09
two_concepts,tiny_gmp,pixel_permuted_template,retention_1,7,observed_centered_logit_fidelity,100,0.9698122823621256,0.9681971290559579,0.9713172795609389
two_concepts,tiny_gmp,pixel_permuted_template,retention_1,7,additive_centered_logit_fidelity,100,0.9698122822934816,0.9682012203626187,0.9713111721826753
two_concepts,tiny_gmp,pixel_permuted_template,retention_1,7,observed_prob_error_reduction,100,1.1331065945834213,1.122226016300157,1.144083562401279
two_concepts,tiny_gmp,pixel_permuted_template,retention_1,7,additive_prob_error_reduction,100,1.1331065945732235,1.1221935916796582,1.1439390333307025
two_concepts,tiny_gmp,pixel_permuted_template,retention_1,7,centered_residual_energy_ratio,100,3.8308464061497604e-14,3.716963893301163e-14,3.949990823476211e-14
two_concepts,tiny_gmp,pixel_permuted_template,retention_1,7,centered_residual_norm_mpp,100,9.023056097377327e-07,8.879678556790919e-07,9.172883415291708e-07
two_concepts,tiny_gmp,pixel_permuted_template,retention_1,7,cancellation_mean,100,0.0857402404468516,0.08338291104991542,0.08811757677626429
two_concepts,tiny_gmp,pixel_permuted_template,retention_1,7,g_individual_sum_mpp,100,46.22342761046362,45.52925361929205,46.91057892039218
two_concepts,tiny_gmp,pixel_permuted_template,retention_1,7,g_cross_term_mpp,100,-18.031091470180275,-18.34984452249312,-17.709024868776762
two_concepts,tiny_gmp,pixel_permuted_template,retention_1,7,g_nonadditive_correction_mpp,100,2.091986437456649e-09,-3.2171127824715915e-09,7.212890788875116e-09
two_concepts,tiny_gmp,pixel_permuted_template,retention_1,8,observed_centered_logit_fidelity,100,0.9785479344231015,0.9775043256605997,0.9795505673706463
two_concepts,tiny_gmp,pixel_permuted_template,retention_1,8,additive_centered_logit_fidelity,100,0.9785479344073793,0.9774983796548062,0.9795381790135875
two_concepts,tiny_gmp,pixel_permuted_template,retention_1,8,observed_prob_error_reduction,100,1.1422301294808974,1.1312440619739585,1.1533611100997034
two_concepts,tiny_gmp,pixel_permuted_template,retention_1,8,additive_prob_error_reduction,100,1.1422301294285702,1.131195538914898,1.1533213672121856
two_concepts,tiny_gmp,pixel_permuted_template,retention_1,8,centered_residual_energy_ratio,100,4.549897464879414e-14,4.424033119686398e-14,4.677913702711608e-14
two_concepts,tiny_gmp,pixel_permuted_template,retention_1,8,centered_residual_norm_mpp,100,9.824940028665797e-07,9.677685717326957e-07,9.973507883708365e-07
two_concepts,tiny_gmp,pixel_permuted_template,retention_1,8,cancellation_mean,100,0.09797028102649613,0.09556358177024755,0.10046093920080554
two_concepts,tiny_gmp,pixel_permuted_template,retention_1,8,g_individual_sum_mpp,100,47.41205198003293,46.70901699237398,48.11276130448521
two_concepts,tiny_gmp,pixel_permuted_template,retention_1,8,g_cross_term_mpp,100,-18.9667433508681,-19.292504135165835,-18.639787609767254
two_concepts,tiny_gmp,pixel_permuted_template,retention_1,8,g_nonadditive_correction_mpp,100,4.5348258207185317e-10,-4.266968122519727e-09,5.1165260442252436e-09
two_concepts,tiny_gmp,pixel_permuted_template,retention_1,9,observed_centered_logit_fidelity,100,0.9841224103661459,0.9834344537702211,0.9847986757067088
two_concepts,tiny_gmp,pixel_permuted_template,retention_1,9,additive_centered_logit_fidelity,100,0.9841224103228065,0.9834238412785518,0.9848007109490085
two_concepts,tiny_gmp,pixel_permuted_template,retention_1,9,observed_prob_error_reduction,100,1.1475941052653813,1.1363334212949512,1.1586312184038543
two_concepts,tiny_gmp,pixel_permuted_template,retention_1,9,additive_prob_error_reduction,100,1.1475941051878882,1.136554134488335,1.15878913365506
two_concepts,tiny_gmp,pixel_permuted_template,retention_1,9,centered_residual_energy_ratio,100,5.257284523410823e-14,5.124851618175053e-14,5.3957853709457006e-14
two_concepts,tiny_gmp,pixel_permuted_template,retention_1,9,centered_residual_norm_mpp,100,1.0547337926527177e-06,1.040223180097938e-06,1.0691692204678538e-06
two_concepts,tiny_gmp,pixel_permuted_template,retention_1,9,cancellation_mean,100,0.10987738152953706,0.10710751219542781,0.11260862967307991
two_concepts,tiny_gmp,pixel_permuted_template,retention_1,9,g_individual_sum_mpp,100,48.317806594204455,47.613833743199024,49.023544538700726
two_concepts,tiny_gmp,pixel_permuted_template,retention_1,9,g_cross_term_mpp,100,-19.7115402594567,-20.038792202851194,-19.381826854404252
two_concepts,tiny_gmp,pixel_permuted_template,retention_1,9,g_nonadditive_correction_mpp,100,1.2269493656554678e-09,-3.1886036398477326e-09,5.655090275306678e-09
two_concepts,tiny_gmp,pixel_permuted_template,retention_1,10,observed_centered_logit_fidelity,100,0.9874693559140898,0.9869272606720488,0.9879979607842267
two_concepts,tiny_gmp,pixel_permuted_template,retention_1,10,additive_centered_logit_fidelity,100,0.9874693558967205,0.9869325966585473,0.9879961616295133
two_concepts,tiny_gmp,pixel_permuted_template,retention_1,10,observed_prob_error_reduction,100,1.150541452477896,1.1393709109278618,1.1616449303138616
two_concepts,tiny_gmp,pixel_permuted_template,retention_1,10,additive_prob_error_reduction,100,1.150541452376282,1.1395343285267674,1.1616950085047608
two_concepts,tiny_gmp,pixel_permuted_template,retention_1,10,centered_residual_energy_ratio,100,5.970847616355884e-14,5.826955969103415e-14,6.117232637288337e-14
two_concepts,tiny_gmp,pixel_permuted_template,retention_1,10,centered_residual_norm_mpp,100,1.1216580906059259e-06,1.1068420201352547e-06,1.1367543513096252e-06
two_concepts,tiny_gmp,pixel_permuted_template,retention_1,10,cancellation_mean,100,0.12065618523301672,0.11787158137141676,0.12337506161029813
two_concepts,tiny_gmp,pixel_permuted_template,retention_1,10,g_individual_sum_mpp,100,48.97213694409372,48.259922038548886,49.7026658300145
two_concepts,tiny_gmp,pixel_permuted_template,retention_1,10,g_cross_term_mpp,100,-20.269666926835963,-20.610549300478276,-19.938492822639805
two_concepts,tiny_gmp,pixel_permuted_template,retention_1,10,g_nonadditive_correction_mpp,100,4.674022602288708e-10,-3.5663740197137865e-09,4.439753992333287e-09
two_concepts,tiny_gmp,pixel_permuted_template,retention_1,11,observed_centered_logit_fidelity,100,0.9896549807310434,0.9891539655706724,0.9901322474644818
two_concepts,tiny_gmp,pixel_permuted_template,retention_1,11,additive_centered_logit_fidelity,100,0.9896549807045709,0.9891612227268752,0.990136623557986
two_concepts,tiny_gmp,pixel_permuted_template,retention_1,11,observed_prob_error_reduction,100,1.1522551555388256,1.1409975255745712,1.1631141754376024
two_concepts,tiny_gmp,pixel_permuted_template,retention_1,11,additive_prob_error_reduction,100,1.1522551553964362,1.1414556070103772,1.1630682511734078
two_concepts,tiny_gmp,pixel_permuted_template,retention_1,11,centered_residual_energy_ratio,100,6.687479227082873e-14,6.528935223289751e-14,6.848561283127571e-14
two_concepts,tiny_gmp,pixel_permuted_template,retention_1,11,centered_residual_norm_mpp,100,1.1845368430071295e-06,1.1696127294866167e-06,1.1996683458575202e-06
two_concepts,tiny_gmp,pixel_permuted_template,retention_1,11,cancellation_mean,100,0.13173409932730748,0.12900245072811894,0.13441477972105162
two_concepts,tiny_gmp,pixel_permuted_template,retention_1,11,g_individual_sum_mpp,100,49.36741846697965,48.63404350154075,50.08897176536853
two_concepts,tiny_gmp,pixel_permuted_template,retention_1,11,g_cross_term_mpp,100,-20.602291596642264,-20.941940127018086,-20.263503567203365
two_concepts,tiny_gmp,pixel_permuted_template,retention_1,11,g_nonadditive_correction_mpp,100,7.509664149467887e-10,-3.1698877407117483e-09,4.699496703084941e-09
two_concepts,tiny_gmp,pixel_permuted_template,retention_1,12,observed_centered_logit_fidelity,100,0.9917274930116884,0.9912994589391282,0.9921386926138034
two_concepts,tiny_gmp,pixel_permuted_template,retention_1,12,additive_centered_logit_fidelity,100,0.9917274929741007,0.9912942328016324,0.9921336763661447
two_concepts,tiny_gmp,pixel_permuted_template,retention_1,12,observed_prob_error_reduction,100,1.1539660501495208,1.1429068295894091,1.1650254857781919
two_concepts,tiny_gmp,pixel_permuted_template,retention_1,12,additive_prob_error_reduction,100,1.1539660500197637,1.1429313057272503,1.1648458514018325
two_concepts,tiny_gmp,pixel_permuted_template,retention_1,12,centered_residual_energy_ratio,100,7.324802425267094e-14,7.157785481652376e-14,7.499397731050756e-14
two_concepts,tiny_gmp,pixel_permuted_template,retention_1,12,centered_residual_norm_mpp,100,1.2375644087371436e-06,1.2219635890299694e-06,1.2530475372638703e-06
two_concepts,tiny_gmp,pixel_permuted_template,retention_1,12,cancellation_mean,100,0.1416998167486664,0.13903731869189692,0.14436313549619276
two_concepts,tiny_gmp,pixel_permuted_template,retention_1,12,g_individual_sum_mpp,100,49.64767005330874,48.90768807380087,50.36772440387212
two_concepts,tiny_gmp,pixel_permuted_template,retention_1,12,g_cross_term_mpp,100,-20.82310243943534,-21.16758090210524,-20.482884246486794
two_concepts,tiny_gmp,pixel_permuted_template,retention_1,12,g_nonadditive_correction_mpp,100,1.0825700107542681e-09,-2.5716555229374136e-09,4.782773005249151e-09
two_concepts,tiny_gmp,pixel_permuted_template,retention_1,13,observed_centered_logit_fidelity,100,0.994130815489912,0.9937961948658597,0.9944505478475659
two_concepts,tiny_gmp,pixel_permuted_template,retention_1,13,additive_centered_logit_fidelity,100,0.9941308154836258,0.9938018519747016,0.9944412286879553
two_concepts,tiny_gmp,pixel_permuted_template,retention_1,13,observed_prob_error_reduction,100,1.1557917524404941,1.1445930798280648,1.166731948392652
two_concepts,tiny_gmp,pixel_permuted_template,retention_1,13,additive_prob_error_reduction,100,1.1557917523722678,1.1448223404294193,1.1668242665104773
two_concepts,tiny_gmp,pixel_permuted_template,retention_1,13,centered_residual_energy_ratio,100,7.963694010185481e-14,7.782512412864716e-14,8.150958710316165e-14
two_concepts,tiny_gmp,pixel_permuted_template,retention_1,13,centered_residual_norm_mpp,100,1.2879605156924435e-06,1.2718341736303702e-06,1.3039935173065448e-06
two_concepts,tiny_gmp,pixel_permuted_template,retention_1,13,cancellation_mean,100,0.1517190895878111,0.14898812352402663,0.15441497011830288
two_concepts,tiny_gmp,pixel_permuted_template,retention_1,13,g_individual_sum_mpp,100,49.84258591338678,49.1303588877839,50.5804016292029
two_concepts,tiny_gmp,pixel_permuted_template,retention_1,13,g_cross_term_mpp,100,-20.94784822299615,-21.299381747573243,-20.62103144075688
two_concepts,tiny_gmp,pixel_permuted_template,retention_1,13,g_nonadditive_correction_mpp,100,2.211897919511845e-10,-3.1198677445342664e-09,3.603878927979229e-09
two_concepts,tiny_gmp,pixel_permuted_template,retention_1,14,observed_centered_logit_fidelity,100,0.9966782399393272,0.9964333906567743,0.9969144596508462
two_concepts,tiny_gmp,pixel_permuted_template,retention_1,14,additive_centered_logit_fidelity,100,0.9966782399499645,0.9964307146716349,0.9969105449393687
two_concepts,tiny_gmp,pixel_permuted_template,retention_1,14,observed_prob_error_reduction,100,1.157660038840284,1.1467021781598923,1.1686292315655509
two_concepts,tiny_gmp,pixel_permuted_template,retention_1,14,additive_prob_error_reduction,100,1.157660038937563,1.146509693843611,1.168884203724559
two_concepts,tiny_gmp,pixel_permuted_template,retention_1,14,centered_residual_energy_ratio,100,8.547962233593855e-14,8.351573967959065e-14,8.75128446193817e-14
two_concepts,tiny_gmp,pixel_permuted_template,retention_1,14,centered_residual_norm_mpp,100,1.332433846806212e-06,1.3157738528060852e-06,1.3493933580507138e-06
two_concepts,tiny_gmp,pixel_permuted_template,retention_1,14,cancellation_mean,100,0.16164474254206815,0.1589438321956406,0.16431967657053834
two_concepts,tiny_gmp,pixel_permuted_template,retention_1,14,g_individual_sum_mpp,100,49.976402738407884,49.24849272435266,50.71935609101099
two_concepts,tiny_gmp,pixel_permuted_template,retention_1,14,g_cross_term_mpp,100,-21.008472474491004,-21.3407461411746,-20.67315910895048
two_concepts,tiny_gmp,pixel_permuted_template,retention_1,14,g_nonadditive_correction_mpp,100,-2.9438262039514543e-10,-2.783216717810116e-09,2.145563622973513e-09
two_concepts,tiny_gmp,pixel_permuted_template,retention_1,15,observed_centered_logit_fidelity,100,0.9987334443236423,0.9985942948396651,0.9988517473059733
two_concepts,tiny_gmp,pixel_permuted_template,retention_1,15,additive_centered_logit_fidelity,100,0.9987334443548487,0.9985944181715547,0.9988531358876832
two_concepts,tiny_gmp,pixel_permuted_template,retention_1,15,observed_prob_error_reduction,100,1.1590204087084577,1.148349056846811,1.1700802372796886
two_concepts,tiny_gmp,pixel_permuted_template,retention_1,15,additive_prob_error_reduction,100,1.1590204087530616,1.147949236406666,1.169979293151739
two_concepts,tiny_gmp,pixel_permuted_template,retention_1,15,centered_residual_energy_ratio,100,9.089275574194162e-14,8.884325068563329e-14,9.302314551934448e-14
two_concepts,tiny_gmp,pixel_permuted_template,retention_1,15,centered_residual_norm_mpp,100,1.3719818648118216e-06,1.355160110899981e-06,1.3891733340874286e-06
two_concepts,tiny_gmp,pixel_permuted_template,retention_1,15,cancellation_mean,100,0.1701891758557197,0.1676316707422779,0.17283930800180164
two_concepts,tiny_gmp,pixel_permuted_template,retention_1,15,g_individual_sum_mpp,100,50.06877902550898,49.34405137468774,50.81975516790757
two_concepts,tiny_gmp,pixel_permuted_template,retention_1,15,g_cross_term_mpp,100,-21.041843644187438,-21.384500255909565,-20.70310208859289
two_concepts,tiny_gmp,pixel_permuted_template,retention_1,15,g_nonadditive_correction_mpp,100,-9.794350423333465e-10,-2.548906507607555e-09,6.058420878342846e-10
two_concepts,tiny_gmp,pixel_permuted_template,retention_1,16,observed_centered_logit_fidelity,100,1.0,1.0,1.0
two_concepts,tiny_gmp,pixel_permuted_template,retention_1,16,additive_centered_logit_fidelity,100,0.999999999999903,0.9999999999999006,0.9999999999999052
two_concepts,tiny_gmp,pixel_permuted_template,retention_1,16,observed_prob_error_reduction,100,1.1598000002541624,1.1491337968950008,1.17072680257548
two_concepts,tiny_gmp,pixel_permuted_template,retention_1,16,additive_prob_error_reduction,100,1.159800000254116,1.1489486823832358,1.1704614485095364
two_concepts,tiny_gmp,pixel_permuted_template,retention_1,16,centered_residual_energy_ratio,100,9.702631507399286e-14,9.480465315824908e-14,9.926198069941384e-14
two_concepts,tiny_gmp,pixel_permuted_template,retention_1,16,centered_residual_norm_mpp,100,1.413844665387681e-06,1.3962226335211136e-06,1.4311282684221773e-06
two_concepts,tiny_gmp,pixel_permuted_template,retention_1,16,cancellation_mean,100,0.17791997068511967,0.17524527532997883,0.1805510057434356
two_concepts,tiny_gmp,pixel_permuted_template,retention_1,16,g_individual_sum_mpp,100,50.131984342039374,49.423106514553666,50.84607921245596
two_concepts,tiny_gmp,pixel_permuted_template,retention_1,16,g_cross_term_mpp,100,-21.069018930030897,-21.411598758714618,-20.729138659732502
two_concepts,tiny_gmp,pixel_permuted_template,retention_1,16,g_nonadditive_correction_mpp,100,2.8140591455914983e-12,2.743026558059474e-12,2.8846028689310713e-12
two_concepts,tiny_gmp,structured_template,release_default,0,observed_centered_logit_fidelity,100,0.0,0.0,0.0
two_concepts,tiny_gmp,structured_template,release_default,0,additive_centered_logit_fidelity,100,0.0,0.0,0.0
two_concepts,tiny_gmp,structured_template,release_default,0,observed_prob_error_reduction,100,0.0,0.0,0.0
two_concepts,tiny_gmp,structured_template,release_default,0,additive_prob_error_reduction,100,0.0,0.0,0.0
two_concepts,tiny_gmp,structured_template,release_default,0,centered_residual_energy_ratio,100,0.0,0.0,0.0
two_concepts,tiny_gmp,structured_template,release_default,0,centered_residual_norm_mpp,100,0.0,0.0,0.0
two_concepts,tiny_gmp,structured_template,release_default,0,cancellation_mean,0,,,
two_concepts,tiny_gmp,structured_template,release_default,0,g_individual_sum_mpp,100,0.0,0.0,0.0
two_concepts,tiny_gmp,structured_template,release_default,0,g_cross_term_mpp,100,0.0,0.0,0.0
two_concepts,tiny_gmp,structured_template,release_default,0,g_nonadditive_correction_mpp,100,0.0,0.0,0.0
two_concepts,tiny_gmp,structured_template,release_default,1,observed_centered_logit_fidelity,100,0.40982734912589014,0.4004778883756093,0.419593791329587
two_concepts,tiny_gmp,structured_template,release_default,1,additive_centered_logit_fidelity,100,0.40982734912589014,0.4005447433943397,0.41981556127273423
two_concepts,tiny_gmp,structured_template,release_default,1,observed_prob_error_reduction,100,0.2919711292532783,0.2759869190447873,0.3086333449383848
two_concepts,tiny_gmp,structured_template,release_default,1,additive_prob_error_reduction,100,0.2919711292532783,0.27609857505172875,0.30846608691318483
two_concepts,tiny_gmp,structured_template,release_default,1,centered_residual_energy_ratio,100,0.0,0.0,0.0
two_concepts,tiny_gmp,structured_template,release_default,1,centered_residual_norm_mpp,100,0.0,0.0,0.0
two_concepts,tiny_gmp,structured_template,release_default,1,cancellation_mean,100,0.0,0.0,0.0
two_concepts,tiny_gmp,structured_template,release_default,1,g_individual_sum_mpp,100,62.78089129253671,61.0818283088107,64.44316486382569
two_concepts,tiny_gmp,structured_template,release_default,1,g_cross_term_mpp,100,0.0,0.0,0.0
two_concepts,tiny_gmp,structured_template,release_default,1,g_nonadditive_correction_mpp,100,0.0,0.0,0.0
two_concepts,tiny_gmp,structured_template,release_default,2,observed_centered_logit_fidelity,100,0.6704036361195083,0.6617556027425436,0.6789707600053264
two_concepts,tiny_gmp,structured_template,release_default,2,additive_centered_logit_fidelity,100,0.6704036363191638,0.6616127121999412,0.6792685934761764
two_concepts,tiny_gmp,structured_template,release_default,2,observed_prob_error_reduction,100,0.9415118064770239,0.9141703358220309,0.9684192284133648
two_concepts,tiny_gmp,structured_template,release_default,2,additive_prob_error_reduction,100,0.9415118075017584,0.9144293976564223,0.9689826985824541
two_concepts,tiny_gmp,structured_template,release_default,2,centered_residual_energy_ratio,100,2.2450398817260694e-15,2.1652679382581097e-15,2.3252423810388417e-15
two_concepts,tiny_gmp,structured_template,release_default,2,centered_residual_norm_mpp,100,4.7113199700496896e-07,4.618512522635724e-07,4.803952634355091e-07
two_concepts,tiny_gmp,structured_template,release_default,2,cancellation_mean,100,0.021003182696043576,0.019446401400694806,0.022568941208544458
two_concepts,tiny_gmp,structured_template,release_default,2,g_individual_sum_mpp,100,117.87586779511706,115.67141430543849,120.08004001628134
two_concepts,tiny_gmp,structured_template,release_default,2,g_cross_term_mpp,100,-15.147151757749379,-15.711474108753112,-14.603837164150885
two_concepts,tiny_gmp,structured_template,release_default,2,g_nonadditive_correction_mpp,100,-3.0464615480974154e-08,-6.435720419767335e-08,4.9649726338394994e-09
two_concepts,tiny_gmp,structured_template,release_default,3,observed_centered_logit_fidelity,100,0.8294315423796506,0.8236635595066485,0.8350973512515844
two_concepts,tiny_gmp,structured_template,release_default,3,additive_centered_logit_fidelity,100,0.8294315426438966,0.8236920805221701,0.8350352084882677
two_concepts,tiny_gmp,structured_template,release_default,3,observed_prob_error_reduction,100,1.4827995718840163,1.4638688050289508,1.5020354857371832
two_concepts,tiny_gmp,structured_template,release_default,3,additive_prob_error_reduction,100,1.4827995739728772,1.4640016121211779,1.5018533317493452
two_concepts,tiny_gmp,structured_template,release_default,3,centered_residual_energy_ratio,100,5.7981993215774855e-15,5.6638263077781924e-15,5.934877647460098e-15
two_concepts,tiny_gmp,structured_template,release_default,3,centered_residual_norm_mpp,100,8.046156683286784e-07,7.949489555173889e-07,8.140841983947318e-07
two_concepts,tiny_gmp,structured_template,release_default,3,cancellation_mean,100,0.036349757893413444,0.03464148213509128,0.03802590293541926
two_concepts,tiny_gmp,structured_template,release_default,3,g_individual_sum_mpp,100,165.74903732188324,163.09665165452918,168.4014812149715
two_concepts,tiny_gmp,structured_template,release_default,3,g_cross_term_mpp,100,-38.49822076696441,-39.47436257159399,-37.53621837553394
two_concepts,tiny_gmp,structured_template,release_default,3,g_nonadditive_correction_mpp,100,-4.0355479908923054e-08,-8.598325246064058e-08,4.319443897175663e-09
two_concepts,tiny_gmp,structured_template,release_default,4,observed_centered_logit_fidelity,100,0.9071067540484866,0.903455663526843,0.9108691207869973
two_concepts,tiny_gmp,structured_template,release_default,4,additive_centered_logit_fidelity,100,0.9071067543306409,0.9033991072955451,0.9108698589783759
two_concepts,tiny_gmp,structured_template,release_default,4,observed_prob_error_reduction,100,1.7196519999108155,1.707167175644823,1.732108817880487
two_concepts,tiny_gmp,structured_template,release_default,4,additive_prob_error_reduction,100,1.7196520014693837,1.7072893029439171,1.7319878364907497
two_concepts,tiny_gmp,structured_template,release_default,4,centered_residual_energy_ratio,100,1.1032923478371878e-14,1.0841183698775332e-14,1.1239730593362019e-14
two_concepts,tiny_gmp,structured_template,release_default,4,centered_residual_norm_mpp,100,1.124285842136267e-06,1.1139172678092037e-06,1.1347116983047525e-06
two_concepts,tiny_gmp,structured_template,release_default,4,cancellation_mean,100,0.05237452614656163,0.05038569295984851,0.054392001047792626
two_concepts,tiny_gmp,structured_template,release_default,4,g_individual_sum_mpp,100,200.92837980586978,197.4797108250144,204.36684014872958
two_concepts,tiny_gmp,structured_template,release_default,4,g_cross_term_mpp,100,-61.63980004277608,-63.04215661779283,-60.2635101446321
two_concepts,tiny_gmp,structured_template,release_default,4,g_nonadditive_correction_mpp,100,-4.3067909569097634e-08,-8.67866119209376e-08,1.413695586396413e-09
two_concepts,tiny_gmp,structured_template,release_default,5,observed_centered_logit_fidelity,100,0.9454155605719666,0.9428898688667267,0.9478506761505292
two_concepts,tiny_gmp,structured_template,release_default,5,additive_centered_logit_fidelity,100,0.9454155608382273,0.9429022656865527,0.9478917376671344
two_concepts,tiny_gmp,structured_template,release_default,5,observed_prob_error_reduction,100,1.811035210753165,1.801924560779358,1.8200366047527232
two_concepts,tiny_gmp,structured_template,release_default,5,additive_prob_error_reduction,100,1.8110352112877188,1.802099482444815,1.8200227699002989
two_concepts,tiny_gmp,structured_template,release_default,5,centered_residual_energy_ratio,100,1.7516832179482406e-14,1.7213904335748028e-14,1.7819929738688244e-14
two_concepts,tiny_gmp,structured_template,release_default,5,centered_residual_norm_mpp,100,1.4231204945947721e-06,1.4105448372628574e-06,1.4361046988282851e-06
two_concepts,tiny_gmp,structured_template,release_default,5,cancellation_mean,100,0.07186753637989404,0.0697995852565723,0.0740335551250186
two_concepts,tiny_gmp,structured_template,release_default,5,g_individual_sum_mpp,100,224.85268945537388,221.16725577010533,228.6899375530205
two_concepts,tiny_gmp,structured_template,release_default,5,g_cross_term_mpp,100,-79.65656485730254,-81.33448483869107,-77.9970518758654
two_concepts,tiny_gmp,structured_template,release_default,5,g_nonadditive_correction_mpp,100,-4.1897094050990826e-08,-7.87497395929157e-08,-5.347805184324339e-09
two_concepts,tiny_gmp,structured_template,release_default,6,observed_centered_logit_fidelity,100,0.9654373785238733,0.9636077965272284,0.96724027846179
two_concepts,tiny_gmp,structured_template,release_default,6,additive_centered_logit_fidelity,100,0.9654373786868651,0.9636439829205373,0.96724473877898
two_concepts,tiny_gmp,structured_template,release_default,6,observed_prob_error_reduction,100,1.8489265195114057,1.8419987471351134,1.855926130572955
two_concepts,tiny_gmp,structured_template,release_default,6,additive_prob_error_reduction,100,1.8489265197733173,1.8418044123128814,1.8558638735073294
two_concepts,tiny_gmp,structured_template,release_default,6,centered_residual_energy_ratio,100,2.4765298595754346e-14,2.4325031255522038e-14,2.5200586614991646e-14
two_concepts,tiny_gmp,structured_template,release_default,6,centered_residual_norm_mpp,100,1.6949618213970265e-06,1.6789788994475518e-06,1.7111713696715949e-06
two_concepts,tiny_gmp,structured_template,release_default,6,cancellation_mean,100,0.09381811284013927,0.09143440038904817,0.09621563588795323
two_concepts,tiny_gmp,structured_template,release_default,6,g_individual_sum_mpp,100,240.02732331787672,236.1634887950974,243.87564540772223
two_concepts,tiny_gmp,structured_template,release_default,6,g_cross_term_mpp,100,-91.78561929559096,-93.57740004788671,-89.98315773963247
two_concepts,tiny_gmp,structured_template,release_default,6,g_nonadditive_correction_mpp,100,-2.5787922656079283e-08,-5.898750488644335e-08,8.321648184759449e-09
two_concepts,tiny_gmp,structured_template,release_default,7,observed_centered_logit_fidelity,100,0.9768386342229983,0.9756043428504345,0.9780573005236071
two_concepts,tiny_gmp,structured_template,release_default,7,additive_centered_logit_fidelity,100,0.9768386343292095,0.9756198829315594,0.9780460984755437
two_concepts,tiny_gmp,structured_template,release_default,7,observed_prob_error_reduction,100,1.8684580931058843,1.8626836500605577,1.8742882204939086
two_concepts,tiny_gmp,structured_template,release_default,7,additive_prob_error_reduction,100,1.8684580933664685,1.8626826066030076,1.8740978156085115
two_concepts,tiny_gmp,structured_template,release_default,7,centered_residual_energy_ratio,100,3.23753975187464e-14,3.178779690025911e-14,3.296740841727618e-14
two_concepts,tiny_gmp,structured_template,release_default,7,centered_residual_norm_mpp,100,1.93729720746708e-06,1.9183656957899034e-06,1.956615217169886e-06
two_concepts,tiny_gmp,structured_template,release_default,7,cancellation_mean,100,0.11344271203747787,0.11078389832604857,0.11618098620978679
two_concepts,tiny_gmp,structured_template,release_default,7,g_individual_sum_mpp,100,249.44721199117222,245.48843604108313,253.44872601055
two_concepts,tiny_gmp,structured_template,release_default,7,g_cross_term_mpp,100,-99.48483765535114,-101.38793617352245,-97.61100983595315
two_concepts,tiny_gmp,structured_template,release_default,7,g_nonadditive_correction_mpp,100,-1.6802070852391833e-08,-4.510414533684857e-08,1.1328566566164499e-08
two_concepts,tiny_gmp,structured_template,release_default,8,observed_centered_logit_fidelity,100,0.9841671164957857,0.9832809832123012,0.9850408267604066
two_concepts,tiny_gmp,structured_template,release_default,8,additive_centered_logit_fidelity,100,0.984167116590869,0.9832900493837351,0.9850119239838175
two_concepts,tiny_gmp,structured_template,release_default,8,observed_prob_error_reduction,100,1.8782841484773996,1.8728047502919514,1.8835815648204095
two_concepts,tiny_gmp,structured_template,release_default,8,additive_prob_error_reduction,100,1.8782841485164044,1.8728753842337797,1.8836399154425811
two_concepts,tiny_gmp,structured_template,release_default,8,centered_residual_energy_ratio,100,3.9595385763596626e-14,3.884627898157402e-14,4.034790377438211e-14
two_concepts,tiny_gmp,structured_template,release_default,8,centered_residual_norm_mpp,100,2.139141123730401e-06,2.1182875195534037e-06,2.1611163890372284e-06
two_concepts,tiny_gmp,structured_template,release_default,8,cancellation_mean,100,0.12902209158764152,0.12609521527018058,0.1319903696042606
two_concepts,tiny_gmp,structured_template,release_default,8,g_individual_sum_mpp,100,255.03595795071462,251.0772121163357,259.1182839488108
two_concepts,tiny_gmp,structured_template,release_default,8,g_cross_term_mpp,100,-103.97866610095669,-105.87072538791335,-102.10057265630257
two_concepts,tiny_gmp,structured_template,release_default,8,g_nonadditive_correction_mpp,100,-1.5026283897808628e-08,-4.052723774284252e-08,9.953280001831206e-09
two_concepts,tiny_gmp,structured_template,release_default,9,observed_centered_logit_fidelity,100,0.9890613209963571,0.9884722526466897,0.9896599499456644
two_concepts,tiny_gmp,structured_template,release_default,9,additive_centered_logit_fidelity,100,0.9890613210436915,0.9884588518056244,0.989657542034598
two_concepts,tiny_gmp,structured_template,release_default,9,observed_prob_error_reduction,100,1.8835397409286228,1.8783586238865313,1.8886205295121556
two_concepts,tiny_gmp,structured_template,release_default,9,additive_prob_error_reduction,100,1.8835397408218424,1.8785054995989727,1.8885997601533129
two_concepts,tiny_gmp,structured_template,release_default,9,centered_residual_energy_ratio,100,4.650668660334132e-14,4.560136331626707e-14,4.7445999733454095e-14
two_concepts,tiny_gmp,structured_template,release_default,9,centered_residual_norm_mpp,100,2.3136140435251634e-06,2.2889494083588242e-06,2.3380983390192303e-06
two_concepts,tiny_gmp,structured_template,release_default,9,cancellation_mean,100,0.14136999664128239,0.1383222520843595,0.14435536700623752
two_concepts,tiny_gmp,structured_template,release_default,9,g_individual_sum_mpp,100,258.75501006271037,254.8037298527462,262.72386879938904
two_concepts,tiny_gmp,structured_template,release_default,9,g_cross_term_mpp,100,-106.97396924198179,-108.85516392033593,-105.10316735194961
two_concepts,tiny_gmp,structured_template,release_default,9,g_nonadditive_correction_mpp,100,-7.205924427395337e-09,-2.797484780481788e-08,1.3975419062162162e-08
two_concepts,tiny_gmp,structured_template,release_default,10,observed_centered_logit_fidelity,100,0.9925133740606498,0.992075374205587,0.9929455644320528
two_concepts,tiny_gmp,structured_template,release_default,10,additive_centered_logit_fidelity,100,0.9925133740833237,0.9920563477298997,0.9929401261356583
two_concepts,tiny_gmp,structured_template,release_default,10,observed_prob_error_reduction,100,1.8863242359843044,1.8811378251687891,1.8914563659136243
two_concepts,tiny_gmp,structured_template,release_default,10,additive_prob_error_reduction,100,1.886324235854207,1.8812011418642,1.8914118468423429
two_concepts,tiny_gmp,structured_template,release_default,10,centered_residual_energy_ratio,100,5.295455440798327e-14,5.183055578142397e-14,5.4111425465696284e-14
two_concepts,tiny_gmp,structured_template,release_default,10,centered_residual_norm_mpp,100,2.4614009115190193e-06,2.435367324177253e-06,2.4875700720723053e-06
two_concepts,tiny_gmp,structured_template,release_default,10,cancellation_mean,100,0.15127258682932712,0.14832591264056108,0.15424663487214857
two_concepts,tiny_gmp,structured_template,release_default,10,g_individual_sum_mpp,100,261.5243050476745,257.6324929500257,265.42021671085183
two_concepts,tiny_gmp,structured_template,release_default,10,g_cross_term_mpp,100,-109.22866828068935,-111.05393172087675,-107.37964682164588
two_concepts,tiny_gmp,structured_template,release_default,10,g_nonadditive_correction_mpp,100,-3.378555457228905e-09,-2.267964435320458e-08,1.5702657547849682e-08
two_concepts,tiny_gmp,structured_template,release_default,11,observed_centered_logit_fidelity,100,0.9944889453165794,0.9941542013688776,0.9948189605551749
two_concepts,tiny_gmp,structured_template,release_default,11,additive_centered_logit_fidelity,100,0.9944889453133721,0.9941496361697073,0.9948148864038154
two_concepts,tiny_gmp,structured_template,release_default,11,observed_prob_error_reduction,100,1.8874650334976621,1.8823053061221162,1.8925052859047384
two_concepts,tiny_gmp,structured_template,release_default,11,additive_prob_error_reduction,100,1.8874650333655643,1.8823691749099685,1.892482804603852
two_concepts,tiny_gmp,structured_template,release_default,11,centered_residual_energy_ratio,100,5.91024819844597e-14,5.780383675401046e-14,6.037851761970368e-14
two_concepts,tiny_gmp,structured_template,release_default,11,centered_residual_norm_mpp,100,2.594502057800303e-06,2.5674328246500714e-06,2.6220267956446424e-06
two_concepts,tiny_gmp,structured_template,release_default,11,cancellation_mean,100,0.16009409538727362,0.15708146142537596,0.1631684752513295
two_concepts,tiny_gmp,structured_template,release_default,11,g_individual_sum_mpp,100,263.117505061754,259.2477707910645,267.04161139939504
two_concepts,tiny_gmp,structured_template,release_default,11,g_cross_term_mpp,100,-110.5285005649997,-112.39896790975895,-108.68482541806961
two_concepts,tiny_gmp,structured_template,release_default,11,g_nonadditive_correction_mpp,100,3.791712300267901e-10,-1.612312281675201e-08,1.735793562054195e-08
two_concepts,tiny_gmp,structured_template,release_default,12,observed_centered_logit_fidelity,100,0.9960440638562404,0.9958032331775292,0.9962852616524305
two_concepts,tiny_gmp,structured_template,release_default,12,additive_centered_logit_fidelity,100,0.9960440638367541,0.9957981137116051,0.9962789146934709
two_concepts,tiny_gmp,structured_template,release_default,12,observed_prob_error_reduction,100,1.8883107167713435,1.883144265281093,1.893255157673115
two_concepts,tiny_gmp,structured_template,release_default,12,additive_prob_error_reduction,100,1.8883107166385094,1.8832203834036756,1.8931633462163437
two_concepts,tiny_gmp,structured_template,release_default,12,centered_residual_energy_ratio,100,6.510201850815544e-14,6.368049610682113e-14,6.647784951806784e-14
two_concepts,tiny_gmp,structured_template,release_default,12,centered_residual_norm_mpp,100,2.715872771491297e-06,2.687697137283798e-06,2.7441476408664064e-06
two_concepts,tiny_gmp,structured_template,release_default,12,cancellation_mean,100,0.1680634905183327,0.16502336502311485,0.17109879914304268
two_concepts,tiny_gmp,structured_template,release_default,12,g_individual_sum_mpp,100,264.2410000191436,260.431321977532,268.1874041367046
two_concepts,tiny_gmp,structured_template,release_default,12,g_cross_term_mpp,100,-111.41746926364748,-113.22067674674928,-109.62751647348284
two_concepts,tiny_gmp,structured_template,release_default,12,g_nonadditive_correction_mpp,100,2.602368534116235e-09,-1.2273035398905527e-08,1.7375340015765627e-08
two_concepts,tiny_gmp,structured_template,release_default,13,observed_centered_logit_fidelity,100,0.9973879165583405,0.9971878274421646,0.9975846902407058
two_concepts,tiny_gmp,structured_template,release_default,13,additive_centered_logit_fidelity,100,0.9973879165919712,0.99718167792324,0.9975809703012355
two_concepts,tiny_gmp,structured_template,release_default,13,observed_prob_error_reduction,100,1.8888584551574752,1.8838253093981514,1.8937977885634485
two_concepts,tiny_gmp,structured_template,release_default,13,additive_prob_error_reduction,100,1.8888584551598948,1.8837466741724116,1.8938366183275281
two_concepts,tiny_gmp,structured_template,release_default,13,centered_residual_energy_ratio,100,7.079223388512357e-14,6.924037399218774e-14,7.233722719371989e-14
two_concepts,tiny_gmp,structured_template,release_default,13,centered_residual_norm_mpp,100,2.823203834574559e-06,2.7936473186381908e-06,2.8530446792151443e-06
two_concepts,tiny_gmp,structured_template,release_default,13,cancellation_mean,100,0.17521582843791117,0.17216015199829043,0.1782094401021883
two_concepts,tiny_gmp,structured_template,release_default,13,g_individual_sum_mpp,100,264.9702038839798,261.19224872947245,268.93313031851466
two_concepts,tiny_gmp,structured_template,release_default,13,g_cross_term_mpp,100,-111.94282009988184,-113.74813209895895,-110.16307350474324
two_concepts,tiny_gmp,structured_template,release_default,13,g_nonadditive_correction_mpp,100,-5.4752972520891926e-09,-1.7627753339838656e-08,6.23753563962353e-09
two_concepts,tiny_gmp,structured_template,release_default,14,observed_centered_logit_fidelity,100,0.998609320765032,0.9984924070890719,0.9987194755212867
two_concepts,tiny_gmp,structured_template,release_default,14,additive_centered_logit_fidelity,100,0.9986093208007061,0.9984936051444167,0.9987244007725744
two_concepts,tiny_gmp,structured_template,release_default,14,observed_prob_error_reduction,100,1.8893014787124125,1.8843085085967648,1.8943306312124002
two_concepts,tiny_gmp,structured_template,release_default,14,additive_prob_error_reduction,100,1.8893014786708153,1.8841307485318943,1.8942509120269793
two_concepts,tiny_gmp,structured_template,release_default,14,centered_residual_energy_ratio,100,7.594147218925625e-14,7.427523795709678e-14,7.762370198007136e-14
two_concepts,tiny_gmp,structured_template,release_default,14,centered_residual_norm_mpp,100,2.9180113839151447e-06,2.8879477057895216e-06,2.9487560459896442e-06
two_concepts,tiny_gmp,structured_template,release_default,14,cancellation_mean,100,0.18207423821261665,0.17907951918369716,0.1850642490536982
two_concepts,tiny_gmp,structured_template,release_default,14,g_individual_sum_mpp,100,265.34113591708393,261.5003930903498,269.21764871587567
two_concepts,tiny_gmp,structured_template,release_default,14,g_cross_term_mpp,100,-112.13015981901191,-113.96799752193316,-110.36004262170691
two_concepts,tiny_gmp,structured_template,release_default,14,g_nonadditive_correction_mpp,100,-5.643150496701836e-09,-1.4716932262855837e-08,3.4169682942043887e-09
two_concepts,tiny_gmp,structured_template,release_default,15,observed_centered_logit_fidelity,100,0.9994766184266125,0.9994321974556423,0.9995183481926229
two_concepts,tiny_gmp,structured_template,release_default,15,additive_centered_logit_fidelity,100,0.9994766184715445,0.9994319593328851,0.9995182007717828
two_concepts,tiny_gmp,structured_template,release_default,15,observed_prob_error_reduction,100,1.8895798294756638,1.8845152175802584,1.8945345171456391
two_concepts,tiny_gmp,structured_template,release_default,15,additive_prob_error_reduction,100,1.8895798294714228,1.8844859685836133,1.8945653991415432
two_concepts,tiny_gmp,structured_template,release_default,15,centered_residual_energy_ratio,100,8.043854112723241e-14,7.868316886444158e-14,8.2188782423767e-14
two_concepts,tiny_gmp,structured_template,release_default,15,centered_residual_norm_mpp,100,2.9967794969377608e-06,2.9649873763204435e-06,3.0283543154554637e-06
two_concepts,tiny_gmp,structured_template,release_default,15,cancellation_mean,100,0.18796403017676475,0.18488193156813001,0.1911041360574609
two_concepts,tiny_gmp,structured_template,release_default,15,g_individual_sum_mpp,100,265.5737127202908,261.7474821929283,269.51006176903076
two_concepts,tiny_gmp,structured_template,release_default,15,g_cross_term_mpp,100,-112.23243095387814,-114.0586334076279,-110.47888202065077
two_concepts,tiny_gmp,structured_template,release_default,15,g_nonadditive_correction_mpp,100,-6.8366697092733465e-09,-1.3005476745536474e-08,-8.887529121075781e-10
two_concepts,tiny_gmp,structured_template,release_default,16,observed_centered_logit_fidelity,100,1.0,1.0,1.0
two_concepts,tiny_gmp,structured_template,release_default,16,additive_centered_logit_fidelity,100,0.9999999999999152,0.9999999999999134,0.9999999999999172
two_concepts,tiny_gmp,structured_template,release_default,16,observed_prob_error_reduction,100,1.8897289665083195,1.8846736624933547,1.8946916198048536
two_concepts,tiny_gmp,structured_template,release_default,16,additive_prob_error_reduction,100,1.8897289665083028,1.8846766211004093,1.894615055404283
two_concepts,tiny_gmp,structured_template,release_default,16,centered_residual_energy_ratio,100,8.467980389009563e-14,8.281002478379024e-14,8.651586976383893e-14
two_concepts,tiny_gmp,structured_template,release_default,16,centered_residual_norm_mpp,100,3.068842421210864e-06,3.0363712058059395e-06,3.1004343279662673e-06
two_concepts,tiny_gmp,structured_template,release_default,16,cancellation_mean,100,0.19281540559033514,0.18968391961954253,0.19581999946718523
two_concepts,tiny_gmp,structured_template,release_default,16,g_individual_sum_mpp,100,265.70752055239916,261.84511832421197,269.66574132959994
two_concepts,tiny_gmp,structured_template,release_default,16,g_cross_term_mpp,100,-112.28695496027362,-114.10944498933321,-110.51727300852353
two_concepts,tiny_gmp,structured_template,release_default,16,g_nonadditive_correction_mpp,100,1.2916689154437395e-11,1.2632994642200316e-11,1.3185086623540425e-11
two_concepts,tiny_gmp,structured_template,retention_1,0,observed_centered_logit_fidelity,100,0.0,0.0,0.0
two_concepts,tiny_gmp,structured_template,retention_1,0,additive_centered_logit_fidelity,100,0.0,0.0,0.0
two_concepts,tiny_gmp,structured_template,retention_1,0,observed_prob_error_reduction,100,0.0,0.0,0.0
two_concepts,tiny_gmp,structured_template,retention_1,0,additive_prob_error_reduction,100,0.0,0.0,0.0
two_concepts,tiny_gmp,structured_template,retention_1,0,centered_residual_energy_ratio,100,0.0,0.0,0.0
two_concepts,tiny_gmp,structured_template,retention_1,0,centered_residual_norm_mpp,100,0.0,0.0,0.0
two_concepts,tiny_gmp,structured_template,retention_1,0,cancellation_mean,0,,,
two_concepts,tiny_gmp,structured_template,retention_1,0,g_individual_sum_mpp,100,0.0,0.0,0.0
two_concepts,tiny_gmp,structured_template,retention_1,0,g_cross_term_mpp,100,0.0,0.0,0.0
two_concepts,tiny_gmp,structured_template,retention_1,0,g_nonadditive_correction_mpp,100,0.0,0.0,0.0
two_concepts,tiny_gmp,structured_template,retention_1,1,observed_centered_logit_fidelity,100,0.5856636379937821,0.5746245152971864,0.596563138358663
two_concepts,tiny_gmp,structured_template,retention_1,1,additive_centered_logit_fidelity,100,0.5856636379937821,0.5743557217484064,0.5965963997911029
two_concepts,tiny_gmp,structured_template,retention_1,1,observed_prob_error_reduction,100,0.5184741716281891,0.5051802177772472,0.5316784502113585
two_concepts,tiny_gmp,structured_template,retention_1,1,additive_prob_error_reduction,100,0.5184741716281891,0.504943031966639,0.5315106730414039
two_concepts,tiny_gmp,structured_template,retention_1,1,centered_residual_energy_ratio,100,0.0,0.0,0.0
two_concepts,tiny_gmp,structured_template,retention_1,1,centered_residual_norm_mpp,100,0.0,0.0,0.0
two_concepts,tiny_gmp,structured_template,retention_1,1,cancellation_mean,100,0.0,0.0,0.0
two_concepts,tiny_gmp,structured_template,retention_1,1,g_individual_sum_mpp,100,14.715446114178674,14.377719495694516,15.048011349010682
two_concepts,tiny_gmp,structured_template,retention_1,1,g_cross_term_mpp,100,0.0,0.0,0.0
two_concepts,tiny_gmp,structured_template,retention_1,1,g_nonadditive_correction_mpp,100,0.0,0.0,0.0
two_concepts,tiny_gmp,structured_template,retention_1,2,observed_centered_logit_fidelity,100,0.8241547194286244,0.818980097503444,0.8293073347216865
two_concepts,tiny_gmp,structured_template,retention_1,2,additive_centered_logit_fidelity,100,0.8241547194048987,0.819010821467627,0.8291896359616339
two_concepts,tiny_gmp,structured_template,retention_1,2,observed_prob_error_reduction,100,0.8417962391842283,0.8301455359284085,0.8532933646308134
two_concepts,tiny_gmp,structured_template,retention_1,2,additive_prob_error_reduction,100,0.8417962390247665,0.8300743667387185,0.8531985895761107
two_concepts,tiny_gmp,structured_template,retention_1,2,centered_residual_energy_ratio,100,2.890898563413871e-15,2.7277495258370503e-15,3.061010233187518e-15
two_concepts,tiny_gmp,structured_template,retention_1,2,centered_residual_norm_mpp,100,2.0534570674117e-07,1.9915021542281523e-07,2.1176998489914696e-07
two_concepts,tiny_gmp,structured_template,retention_1,2,cancellation_mean,100,0.023600195005323468,0.0220518193840489,0.02513052454397119
two_concepts,tiny_gmp,structured_template,retention_1,2,g_individual_sum_mpp,100,25.10108523223597,24.660845866943546,25.550792156789782
two_concepts,tiny_gmp,structured_template,retention_1,2,g_cross_term_mpp,100,-4.362332219685384,-4.487487741948742,-4.236618072158634
two_concepts,tiny_gmp,structured_template,retention_1,2,g_nonadditive_correction_mpp,100,7.948843807682967e-10,-2.80354309342403e-09,4.420382199377356e-09
two_concepts,tiny_gmp,structured_template,retention_1,3,observed_centered_logit_fidelity,100,0.908108589560197,0.9045582023086325,0.9115067074906725
two_concepts,tiny_gmp,structured_template,retention_1,3,additive_centered_logit_fidelity,100,0.9081085895494749,0.9046245330395195,0.9115286673853884
two_concepts,tiny_gmp,structured_template,retention_1,3,observed_prob_error_reduction,100,0.9509658084320434,0.9396495380847224,0.9625377483505851
two_concepts,tiny_gmp,structured_template,retention_1,3,additive_prob_error_reduction,100,0.9509658083556606,0.9395704866125717,0.9625488735309596
two_concepts,tiny_gmp,structured_template,retention_1,3,centered_residual_energy_ratio,100,7.553788679199484e-15,7.275882205128867e-15,7.827439214707515e-15
two_concepts,tiny_gmp,structured_template,retention_1,3,centered_residual_norm_mpp,100,3.6145014369816366e-07,3.549657349102989e-07,3.679487394464742e-07
two_concepts,tiny_gmp,structured_template,retention_1,3,cancellation_mean,100,0.040899252016179936,0.03922677301124047,0.04264270214391411
two_concepts,tiny_gmp,structured_template,retention_1,3,g_individual_sum_mpp,100,31.50237201915114,30.96511860567719,32.04499541577546
two_concepts,tiny_gmp,structured_template,retention_1,3,g_cross_term_mpp,100,-8.653749308396003,-8.858406180041738,-8.45262488493989
two_concepts,tiny_gmp,structured_template,retention_1,3,g_nonadditive_correction_mpp,100,5.659437379444291e-10,-3.6588277084990194e-09,4.826553486130375e-09
two_concepts,tiny_gmp,structured_template,retention_1,4,observed_centered_logit_fidelity,100,0.942893613776161,0.9404324633452225,0.945292396163868
two_concepts,tiny_gmp,structured_template,retention_1,4,additive_centered_logit_fidelity,100,0.942893613835695,0.9404668153492747,0.9452833830760227
two_concepts,tiny_gmp,structured_template,retention_1,4,observed_prob_error_reduction,100,0.9943660719991899,0.9835678408533084,1.0048869564706358
two_concepts,tiny_gmp,structured_template,retention_1,4,additive_prob_error_reduction,100,0.9943660721920174,0.9836092046086536,1.0051564050502964
two_concepts,tiny_gmp,structured_template,retention_1,4,centered_residual_energy_ratio,100,1.5105372541321463e-14,1.4668657612334867e-14,1.5544042454939473e-14
two_concepts,tiny_gmp,structured_template,retention_1,4,centered_residual_norm_mpp,100,5.253186033288369e-07,5.182233528660121e-07,5.325807876146719e-07
two_concepts,tiny_gmp,structured_template,retention_1,4,cancellation_mean,100,0.0590118103566799,0.05691242412505726,0.061185256629404154
two_concepts,tiny_gmp,structured_template,retention_1,4,g_individual_sum_mpp,100,35.688470480317996,35.10209695894281,36.27312106919513
two_concepts,tiny_gmp,structured_template,retention_1,4,g_cross_term_mpp,100,-11.972674763137233,-12.215539766542125,-11.728847033101369
two_concepts,tiny_gmp,structured_template,retention_1,4,g_nonadditive_correction_mpp,100,-1.3574868570899338e-09,-6.005358114919051e-09,3.1037665555254545e-09
two_concepts,tiny_gmp,structured_template,retention_1,5,observed_centered_logit_fidelity,100,0.9600870971901375,0.9583634428537164,0.9617488131794658
two_concepts,tiny_gmp,structured_template,retention_1,5,additive_centered_logit_fidelity,100,0.9600870973361287,0.9584194539982093,0.9617149058905309
two_concepts,tiny_gmp,structured_template,retention_1,5,observed_prob_error_reduction,100,1.0164850421709717,1.006436973945284,1.0266112302143946
two_concepts,tiny_gmp,structured_template,retention_1,5,additive_prob_error_reduction,100,1.016485042380619,1.0064747642944734,1.0267677696822477
two_concepts,tiny_gmp,structured_template,retention_1,5,centered_residual_energy_ratio,100,2.44987882971409e-14,2.3806942063916297e-14,2.5178435299902703e-14
two_concepts,tiny_gmp,structured_template,retention_1,5,centered_residual_norm_mpp,100,6.770010747816239e-07,6.68079131521002e-07,6.86167616139348e-07
two_concepts,tiny_gmp,structured_template,retention_1,5,cancellation_mean,100,0.07790590188060303,0.07551204903780791,0.08030038598778837
two_concepts,tiny_gmp,structured_template,retention_1,5,g_individual_sum_mpp,100,38.60208700768485,37.97418965194723,39.237559858576425
two_concepts,tiny_gmp,structured_template,retention_1,5,g_cross_term_mpp,100,-14.463182248520564,-14.757412569403735,-14.180332470407356
two_concepts,tiny_gmp,structured_template,retention_1,5,g_nonadditive_correction_mpp,100,-3.47356623732139e-09,-7.421119432437246e-09,5.214474207664018e-10
two_concepts,tiny_gmp,structured_template,retention_1,6,observed_centered_logit_fidelity,100,0.969279746228796,0.967881545733341,0.9706009051035029
two_concepts,tiny_gmp,structured_template,retention_1,6,additive_centered_logit_fidelity,100,0.9692797463680879,0.9678856664176613,0.9705948661372089
two_concepts,tiny_gmp,structured_template,retention_1,6,observed_prob_error_reduction,100,1.0285879383106924,1.018902679951463,1.038675834515931
two_concepts,tiny_gmp,structured_template,retention_1,6,additive_prob_error_reduction,100,1.0285879383804934,1.0187203181274802,1.038450945290902
two_concepts,tiny_gmp,structured_template,retention_1,6,centered_residual_energy_ratio,100,3.493930893584993e-14,3.405196799000295e-14,3.585142432349451e-14
two_concepts,tiny_gmp,structured_template,retention_1,6,centered_residual_norm_mpp,100,8.124696289688924e-07,8.017852116914267e-07,8.23155579561349e-07
two_concepts,tiny_gmp,structured_template,retention_1,6,cancellation_mean,100,0.09700358314844174,0.09447539688159716,0.09956770020675011
two_concepts,tiny_gmp,structured_template,retention_1,6,g_individual_sum_mpp,100,40.28646157708456,39.647720027186985,40.92821830908362
two_concepts,tiny_gmp,structured_template,retention_1,6,g_cross_term_mpp,100,-15.920531181089137,-16.214660990086006,-15.621447822374341
two_concepts,tiny_gmp,structured_template,retention_1,6,g_nonadditive_correction_mpp,100,-3.5010633950713214e-09,-7.902628253561192e-09,8.235239163233266e-10
two_concepts,tiny_gmp,structured_template,retention_1,7,observed_centered_logit_fidelity,100,0.9755970585762159,0.9745587995512803,0.9765866879007168
two_concepts,tiny_gmp,structured_template,retention_1,7,additive_centered_logit_fidelity,100,0.9755970586538656,0.9745782274409538,0.9765933832951375
two_concepts,tiny_gmp,structured_template,retention_1,7,observed_prob_error_reduction,100,1.03621340046149,1.0266167864504787,1.0457156498003373
two_concepts,tiny_gmp,structured_template,retention_1,7,additive_prob_error_reduction,100,1.0362134004385037,1.0265331451090758,1.0460829255978756
two_concepts,tiny_gmp,structured_template,retention_1,7,centered_residual_energy_ratio,100,4.6254779830430463e-14,4.502112919576851e-14,4.744926790656518e-14
two_concepts,tiny_gmp,structured_template,retention_1,7,centered_residual_norm_mpp,100,9.358153941297596e-07,9.225352465724352e-07,9.491542584170145e-07
two_concepts,tiny_gmp,structured_template,retention_1,7,cancellation_mean,100,0.11660688743884821,0.11401536006932557,0.11919367350094051
two_concepts,tiny_gmp,structured_template,retention_1,7,g_individual_sum_mpp,100,41.11694078143617,40.4861719979631,41.7470169196211
two_concepts,tiny_gmp,structured_template,retention_1,7,g_cross_term_mpp,100,-16.597233353877215,-16.899156223426296,-16.293370995649667
two_concepts,tiny_gmp,structured_template,retention_1,7,g_nonadditive_correction_mpp,100,-1.828124011968586e-09,-5.961328009611065e-09,2.215651587534821e-09
two_concepts,tiny_gmp,structured_template,retention_1,8,observed_centered_logit_fidelity,100,0.980587555784609,0.9797845355386452,0.9813664179916655
two_concepts,tiny_gmp,structured_template,retention_1,8,additive_centered_logit_fidelity,100,0.9805875558634045,0.9797646988278119,0.9813538065995723
two_concepts,tiny_gmp,structured_template,retention_1,8,observed_prob_error_reduction,100,1.0407208655606626,1.031298928867826,1.0503099257345252
two_concepts,tiny_gmp,structured_template,retention_1,8,additive_prob_error_reduction,100,1.0407208654727116,1.0312996941614636,1.0503583649547932
two_concepts,tiny_gmp,structured_template,retention_1,8,centered_residual_energy_ratio,100,5.820857191052702e-14,5.667450136545536e-14,5.97385657308055e-14
two_concepts,tiny_gmp,structured_template,retention_1,8,centered_residual_norm_mpp,100,1.0494545317222252e-06,1.0344662372665804e-06,1.0642962001085734e-06
two_concepts,tiny_gmp,structured_template,retention_1,8,cancellation_mean,100,0.13554968414730065,0.13280838985794696,0.13819064831514075
two_concepts,tiny_gmp,structured_template,retention_1,8,g_individual_sum_mpp,100,41.37242001669473,40.74424326780517,42.00192433278105
two_concepts,tiny_gmp,structured_template,retention_1,8,g_cross_term_mpp,100,-16.73028199964979,-17.013604996235873,-16.439660864209465
two_concepts,tiny_gmp,structured_template,retention_1,8,g_nonadditive_correction_mpp,100,-1.895008401988765e-09,-6.110034470323957e-09,2.3714234366591102e-09
two_concepts,tiny_gmp,structured_template,retention_1,9,observed_centered_logit_fidelity,100,0.9841251424534576,0.9834129020907025,0.9848054877976167
two_concepts,tiny_gmp,structured_template,retention_1,9,additive_centered_logit_fidelity,100,0.9841251425457663,0.9833992218826804,0.9847978442324951
two_concepts,tiny_gmp,structured_template,retention_1,9,observed_prob_error_reduction,100,1.0434213993248223,1.0339763081763598,1.0532095582448129
two_concepts,tiny_gmp,structured_template,retention_1,9,additive_prob_error_reduction,100,1.0434213992029644,1.0339304677531536,1.0528331159222213
two_concepts,tiny_gmp,structured_template,retention_1,9,centered_residual_energy_ratio,100,7.053114688183755e-14,6.862537671288613e-14,7.241157202629301e-14
two_concepts,tiny_gmp,structured_template,retention_1,9,centered_residual_norm_mpp,100,1.1529442230746198e-06,1.1362834988403982e-06,1.1693260179484184e-06
two_concepts,tiny_gmp,structured_template,retention_1,9,cancellation_mean,100,0.15120938610669798,0.14832304375724584,0.15393465174826773
two_concepts,tiny_gmp,structured_template,retention_1,9,g_individual_sum_mpp,100,41.4287421762487,40.80794044823489,42.060802515314
two_concepts,tiny_gmp,structured_template,retention_1,9,g_cross_term_mpp,100,-16.698989160402718,-16.98086387953434,-16.416156868257932
two_concepts,tiny_gmp,structured_template,retention_1,9,g_nonadditive_correction_mpp,100,-2.049267571424835e-09,-6.742472029425201e-09,2.5811596914999786e-09
two_concepts,tiny_gmp,structured_template,retention_1,10,observed_centered_logit_fidelity,100,0.9871600232062215,0.9864600122930129,0.9878310927525201
two_concepts,tiny_gmp,structured_template,retention_1,10,additive_centered_logit_fidelity,100,0.9871600233469409,0.9864555094847771,0.9878230465013276
two_concepts,tiny_gmp,structured_template,retention_1,10,observed_prob_error_reduction,100,1.045339070926604,1.0358388981977176,1.0547460308915344
two_concepts,tiny_gmp,structured_template,retention_1,10,additive_prob_error_reduction,100,1.0453390708325825,1.0358608726916558,1.054898014635528
two_concepts,tiny_gmp,structured_template,retention_1,10,centered_residual_energy_ratio,100,8.279840878254606e-14,8.050040558021654e-14,8.516143159933315e-14
two_concepts,tiny_gmp,structured_template,retention_1,10,centered_residual_norm_mpp,100,1.2464870705668617e-06,1.2286033147815996e-06,1.2641586602816817e-06
two_concepts,tiny_gmp,structured_template,retention_1,10,cancellation_mean,100,0.16502360938734262,0.1622859219475969,0.16774679646213023
two_concepts,tiny_gmp,structured_template,retention_1,10,g_individual_sum_mpp,100,41.394728092016024,40.78293966330606,42.021862376439145
two_concepts,tiny_gmp,structured_template,retention_1,10,g_cross_term_mpp,100,-16.589958881588238,-16.87296801351902,-16.312214736947052
two_concepts,tiny_gmp,structured_template,retention_1,10,g_nonadditive_correction_mpp,100,-3.194699377831445e-09,-7.727259068130703e-09,1.106728690109531e-09
two_concepts,tiny_gmp,structured_template,retention_1,11,observed_centered_logit_fidelity,100,0.9897580815407518,0.9892013679085742,0.9902705578494193
two_concepts,tiny_gmp,structured_template,retention_1,11,additive_centered_logit_fidelity,100,0.9897580816525908,0.9892245301501873,0.9902737536958011
two_concepts,tiny_gmp,structured_template,retention_1,11,observed_prob_error_reduction,100,1.046863803601613,1.0375151053999587,1.056381615986309
two_concepts,tiny_gmp,structured_template,retention_1,11,additive_prob_error_reduction,100,1.0468638034770725,1.0373047383106684,1.0561715635256446
two_concepts,tiny_gmp,structured_template,retention_1,11,centered_residual_energy_ratio,100,9.441142814883332e-14,9.181762161353856e-14,9.703839861194425e-14
two_concepts,tiny_gmp,structured_template,retention_1,11,centered_residual_norm_mpp,100,1.3273757744642134e-06,1.3090264529304296e-06,1.3462295514539189e-06
two_concepts,tiny_gmp,structured_template,retention_1,11,cancellation_mean,100,0.1768097605133557,0.1741341585652705,0.17950871468681706
two_concepts,tiny_gmp,structured_template,retention_1,11,g_individual_sum_mpp,100,41.37606752168312,40.765475201474906,41.989686069233045
two_concepts,tiny_gmp,structured_template,retention_1,11,g_cross_term_mpp,100,-16.505922789746833,-16.783921477555015,-16.218235716853822
two_concepts,tiny_gmp,structured_template,retention_1,11,g_nonadditive_correction_mpp,100,-2.5619522492385535e-09,-7.1103921600339355e-09,1.7459547787986733e-09
two_concepts,tiny_gmp,structured_template,retention_1,12,observed_centered_logit_fidelity,100,0.9924508008189769,0.9920211634540589,0.9928748288829139
two_concepts,tiny_gmp,structured_template,retention_1,12,additive_centered_logit_fidelity,100,0.9924508008880812,0.9920010920691605,0.9928752750210388
two_concepts,tiny_gmp,structured_template,retention_1,12,observed_prob_error_reduction,100,1.0483875622677044,1.0390182174894766,1.057788738341695
two_concepts,tiny_gmp,structured_template,retention_1,12,additive_prob_error_reduction,100,1.0483875621569303,1.0390857710900643,1.0577401359116305
two_concepts,tiny_gmp,structured_template,retention_1,12,centered_residual_energy_ratio,100,1.0529999595521862e-13,1.0236749973351808e-13,1.0831804783622119e-13
two_concepts,tiny_gmp,structured_template,retention_1,12,centered_residual_norm_mpp,100,1.3976664259441383e-06,1.3777465225539415e-06,1.417611288179305e-06
two_concepts,tiny_gmp,structured_template,retention_1,12,cancellation_mean,100,0.18743661770893805,0.18481831207117844,0.1900752916488175
two_concepts,tiny_gmp,structured_template,retention_1,12,g_individual_sum_mpp,100,41.376306916182386,40.757272470957716,41.99333136929598
two_concepts,tiny_gmp,structured_template,retention_1,12,g_cross_term_mpp,100,-16.43858681762,-16.72002588761829,-16.16276055965336
two_concepts,tiny_gmp,structured_template,retention_1,12,g_nonadditive_correction_mpp,100,-1.5139270455406071e-09,-5.8320197171746785e-09,2.5120606508149755e-09
two_concepts,tiny_gmp,structured_template,retention_1,13,observed_centered_logit_fidelity,100,0.9948341976712815,0.9944393368608817,0.9952196968702852
two_concepts,tiny_gmp,structured_template,retention_1,13,additive_centered_logit_fidelity,100,0.9948341977444665,0.9944474158344141,0.9952112868091381
two_concepts,tiny_gmp,structured_template,retention_1,13,observed_prob_error_reduction,100,1.0496237240393864,1.0400823774968135,1.0589212339643364
two_concepts,tiny_gmp,structured_template,retention_1,13,additive_prob_error_reduction,100,1.0496237239076862,1.0400796113308104,1.0591024979104573
two_concepts,tiny_gmp,structured_template,retention_1,13,centered_residual_energy_ratio,100,1.1515349798624704e-13,1.1181855110859555e-13,1.1849681188306564e-13
two_concepts,tiny_gmp,structured_template,retention_1,13,centered_residual_norm_mpp,100,1.4580032569324708e-06,1.436797049866019e-06,1.4794409630740949e-06
two_concepts,tiny_gmp,structured_template,retention_1,13,cancellation_mean,100,0.1969946104685719,0.19423472114480603,0.1996167138048765
two_concepts,tiny_gmp,structured_template,retention_1,13,g_individual_sum_mpp,100,41.3943626769515,40.77488654667618,42.01846520632135
two_concepts,tiny_gmp,structured_template,retention_1,13,g_cross_term_mpp,100,-16.396910091011147,-16.675283533879885,-16.11975715779915
two_concepts,tiny_gmp,structured_template,retention_1,13,g_nonadditive_correction_mpp,100,-1.7416410037489623e-09,-5.6625144411242725e-09,2.0529632736343593e-09
two_concepts,tiny_gmp,structured_template,retention_1,14,observed_centered_logit_fidelity,100,0.9970380553811821,0.9967054976931445,0.9973438305782922
two_concepts,tiny_gmp,structured_template,retention_1,14,additive_centered_logit_fidelity,100,0.9970380554231716,0.9967000787335288,0.9973475066163539
two_concepts,tiny_gmp,structured_template,retention_1,14,observed_prob_error_reduction,100,1.0508142342961055,1.0413989414232678,1.0601224324904481
two_concepts,tiny_gmp,structured_template,retention_1,14,additive_prob_error_reduction,100,1.0508142342074354,1.0413665161396002,1.0601961034234055
two_concepts,tiny_gmp,structured_template,retention_1,14,centered_residual_energy_ratio,100,1.2521165910563306e-13,1.2153793864326027e-13,1.288928232046277e-13
two_concepts,tiny_gmp,structured_template,retention_1,14,centered_residual_norm_mpp,100,1.5167332321306437e-06,1.4943593448173952e-06,1.5384193762549929e-06
two_concepts,tiny_gmp,structured_template,retention_1,14,cancellation_mean,100,0.20601925835347604,0.20328409657650315,0.20871604050759116
two_concepts,tiny_gmp,structured_template,retention_1,14,g_individual_sum_mpp,100,41.4147932412284,40.79071040717099,42.039850890291476
two_concepts,tiny_gmp,structured_template,retention_1,14,g_cross_term_mpp,100,-16.36146067882696,-16.6393813166371,-16.08025379056695
two_concepts,tiny_gmp,structured_template,retention_1,14,g_nonadditive_correction_mpp,100,-8.604724421110918e-10,-3.663842267918267e-09,1.8342637638848598e-09
two_concepts,tiny_gmp,structured_template,retention_1,15,observed_centered_logit_fidelity,100,0.9987395803467345,0.9985166094135638,0.9989334869638543
two_concepts,tiny_gmp,structured_template,retention_1,15,additive_centered_logit_fidelity,100,0.9987395803607986,0.9985136668090088,0.9989355239258079
two_concepts,tiny_gmp,structured_template,retention_1,15,observed_prob_error_reduction,100,1.0516981908427132,1.0423073000451808,1.0609846287765694
two_concepts,tiny_gmp,structured_template,retention_1,15,additive_prob_error_reduction,100,1.0516981908322562,1.0420967662666796,1.0608982482616613
two_concepts,tiny_gmp,structured_template,retention_1,15,centered_residual_energy_ratio,100,1.3545598580491143e-13,1.3143702831698476e-13,1.3939097037062052e-13
two_concepts,tiny_gmp,structured_template,retention_1,15,centered_residual_norm_mpp,100,1.5738629489954375e-06,1.5515039704570182e-06,1.5966285683898922e-06
two_concepts,tiny_gmp,structured_template,retention_1,15,cancellation_mean,100,0.21401234443472997,0.21130404860597343,0.21667963450828648
two_concepts,tiny_gmp,structured_template,retention_1,15,g_individual_sum_mpp,100,41.434819704919285,40.81475285954528,42.049717202676455
two_concepts,tiny_gmp,structured_template,retention_1,15,g_cross_term_mpp,100,-16.33913657965015,-16.62309145922456,-16.055029070796923
two_concepts,tiny_gmp,structured_template,retention_1,15,g_nonadditive_correction_mpp,100,-3.1407428209326804e-10,-2.3095734830423803e-09,1.6026283907643508e-09
two_concepts,tiny_gmp,structured_template,retention_1,16,observed_centered_logit_fidelity,100,1.0,1.0,1.0
two_concepts,tiny_gmp,structured_template,retention_1,16,additive_centered_logit_fidelity,100,0.9999999999998533,0.9999999999998491,0.9999999999998574
two_concepts,tiny_gmp,structured_template,retention_1,16,observed_prob_error_reduction,100,1.052395797940615,1.0429734507393948,1.061769162227037
two_concepts,tiny_gmp,structured_template,retention_1,16,additive_prob_error_reduction,100,1.0523957979405412,1.0430965668758503,1.0616653484463086
two_concepts,tiny_gmp,structured_template,retention_1,16,centered_residual_energy_ratio,100,1.4675381693826573e-13,1.4259049593354147e-13,1.511081356857962e-13
two_concepts,tiny_gmp,structured_template,retention_1,16,centered_residual_norm_mpp,100,1.6333017786683327e-06,1.610037788719443e-06,1.657237761199857e-06
two_concepts,tiny_gmp,structured_template,retention_1,16,cancellation_mean,100,0.2214034230338898,0.21862016815369223,0.22419020169010986
two_concepts,tiny_gmp,structured_template,retention_1,16,g_individual_sum_mpp,100,41.459254721501566,40.8349335286541,42.09373773659078
two_concepts,tiny_gmp,structured_template,retention_1,16,g_cross_term_mpp,100,-16.332393034616224,-16.61959505444943,-16.045865953953772
two_concepts,tiny_gmp,structured_template,retention_1,16,g_nonadditive_correction_mpp,100,3.673808901297532e-12,3.5694290886142458e-12,3.777345519545293e-12
