task,architecture,anchor_family,treatment,k,metric,n,mean,ci_low,ci_high
single_shape,plain2_w16_gap,pixel_permuted_template,release_default,0,centered_logit_fidelity,100,0.0,0.0,0.0
single_shape,plain2_w16_gap,pixel_permuted_template,release_default,1,centered_logit_fidelity,100,0.0,0.0,0.0
single_shape,plain2_w16_gap,pixel_permuted_template,release_default,2,centered_logit_fidelity,100,0.00373338355044167,0.0028491432654247227,0.004652852531954467
single_shape,plain2_w16_gap,pixel_permuted_template,release_default,3,centered_logit_fidelity,100,0.0036688469418819213,0.002326079545981923,0.005049204956775384
single_shape,plain2_w16_gap,pixel_permuted_template,release_default,4,centered_logit_fidelity,100,0.0016343062199287777,-0.00015511802525235935,0.0034390343070236336
single_shape,plain2_w16_gap,pixel_permuted_template,release_default,5,centered_logit_fidelity,100,-0.004007422658285479,-0.006098150205615223,-0.0018869601444601847
single_shape,plain2_w16_gap,pixel_permuted_template,release_default,6,centered_logit_fidelity,100,-0.009600330082224471,-0.011879184385935217,-0.007368027138900683
single_shape,plain2_w16_gap,pixel_permuted_template,release_default,7,centered_logit_fidelity,100,-0.013384916385525183,-0.01589016761257764,-0.010881502559913788
single_shape,plain2_w16_gap,pixel_permuted_template,release_default,8,centered_logit_fidelity,100,-0.014716367145370295,-0.01804939849840562,-0.011415847415834455
single_shape,plain2_w16_gap,pixel_permuted_template,release_default,9,centered_logit_fidelity,100,-0.009435622252974788,-0.013426847216198076,-0.00552532595493677
single_shape,plain2_w16_gap,pixel_permuted_template,release_default,10,centered_logit_fidelity,100,0.002078309940487,-0.002199048238914184,0.006307935056306151
single_shape,plain2_w16_gap,pixel_permuted_template,release_default,11,centered_logit_fidelity,100,0.014970809216792263,0.011101786406935186,0.018863594641284745
single_shape,plain2_w16_gap,pixel_permuted_template,release_default,12,centered_logit_fidelity,100,0.024041402852899452,0.020294470979188517,0.027691614864852353
single_shape,plain2_w16_gap,pixel_permuted_template,release_default,13,centered_logit_fidelity,100,0.027249863300749317,0.02429184208502865,0.030368397414376178
single_shape,plain2_w16_gap,pixel_permuted_template,release_default,14,centered_logit_fidelity,100,0.025350653446015104,0.02248154000328657,0.028491529063842468
single_shape,plain2_w16_gap,pixel_permuted_template,release_default,15,centered_logit_fidelity,100,0.02456435500472807,0.021126706140302577,0.028737165208893477
single_shape,plain2_w16_gap,pixel_permuted_template,release_default,16,centered_logit_fidelity,100,0.027754924386906153,0.023652706812545776,0.03263679868306148
single_shape,plain2_w16_gap,pixel_permuted_template,retention_1,0,centered_logit_fidelity,100,0.0,0.0,0.0
single_shape,plain2_w16_gap,pixel_permuted_template,retention_1,1,centered_logit_fidelity,100,0.0,0.0,0.0
single_shape,plain2_w16_gap,pixel_permuted_template,retention_1,2,centered_logit_fidelity,100,-0.000259525530664651,-0.001144025761044264,0.000594489160781719
single_shape,plain2_w16_gap,pixel_permuted_template,retention_1,3,centered_logit_fidelity,100,-0.0031286241494729045,-0.004549235873282508,-0.0016939026738441974
single_shape,plain2_w16_gap,pixel_permuted_template,retention_1,4,centered_logit_fidelity,100,-0.008314293127188357,-0.009920770336437741,-0.00668116503143446
single_shape,plain2_w16_gap,pixel_permuted_template,retention_1,5,centered_logit_fidelity,100,-0.012494212202088819,-0.014403536708148278,-0.010515962430482082
single_shape,plain2_w16_gap,pixel_permuted_template,retention_1,6,centered_logit_fidelity,100,-0.013676493169483772,-0.01564259397050111,-0.011688260246406332
single_shape,plain2_w16_gap,pixel_permuted_template,retention_1,7,centered_logit_fidelity,100,-0.01047768115450911,-0.012954925105124986,-0.00794631131123075
single_shape,plain2_w16_gap,pixel_permuted_template,retention_1,8,centered_logit_fidelity,100,-0.004635398975443593,-0.007639823665985103,-0.0014761797212024484
single_shape,plain2_w16_gap,pixel_permuted_template,retention_1,9,centered_logit_fidelity,100,0.003067182783718887,-2.2869698025507957e-05,0.006282109396677822
single_shape,plain2_w16_gap,pixel_permuted_template,retention_1,10,centered_logit_fidelity,100,0.011583221891758477,0.008282953283368056,0.014937401817408253
single_shape,plain2_w16_gap,pixel_permuted_template,retention_1,11,centered_logit_fidelity,100,0.019307744272144295,0.01616150832177172,0.022681639975463828
single_shape,plain2_w16_gap,pixel_permuted_template,retention_1,12,centered_logit_fidelity,100,0.024077172539260994,0.021134829919079064,0.027074431273361007
single_shape,plain2_w16_gap,pixel_permuted_template,retention_1,13,centered_logit_fidelity,100,0.025683365264147263,0.023142250885501522,0.028308348118984566
single_shape,plain2_w16_gap,pixel_permuted_template,retention_1,14,centered_logit_fidelity,100,0.023401496086355226,0.021044572636952932,0.025867075356864347
single_shape,plain2_w16_gap,pixel_permuted_template,retention_1,15,centered_logit_fidelity,100,0.02107264031499369,0.018486085098245425,0.023873639710065744
single_shape,plain2_w16_gap,pixel_permuted_template,retention_1,16,centered_logit_fidelity,100,0.023318063845845772,0.019767206602092073,0.027513535290243064
single_shape,plain2_w16_gap,structured_template,release_default,0,centered_logit_fidelity,100,0.0,0.0,0.0
single_shape,plain2_w16_gap,structured_template,release_default,1,centered_logit_fidelity,100,0.0,0.0,0.0
single_shape,plain2_w16_gap,structured_template,release_default,2,centered_logit_fidelity,100,0.0021438508353646985,0.0011859609247910445,0.0031110085901461756
single_shape,plain2_w16_gap,structured_template,release_default,3,centered_logit_fidelity,100,0.002081848376475576,0.000602052182637666,0.0035216842773430424
single_shape,plain2_w16_gap,structured_template,release_default,4,centered_logit_fidelity,100,-0.00312929445508667,-0.005771433855323226,-0.0006071252877705636
single_shape,plain2_w16_gap,structured_template,release_default,5,centered_logit_fidelity,100,-0.026829109894406223,-0.033355810522994,-0.020453577876495547
single_shape,plain2_w16_gap,structured_template,release_default,6,centered_logit_fidelity,100,-0.05186568059884583,-0.06159112006890506,-0.04229339496660529
single_shape,plain2_w16_gap,structured_template,release_default,7,centered_logit_fidelity,100,-0.0621398204666008,-0.07470187925888694,-0.0495246038290058
single_shape,plain2_w16_gap,structured_template,release_default,8,centered_logit_fidelity,100,-0.03455814117097205,-0.04708590866728646,-0.022089555710847628
single_shape,plain2_w16_gap,structured_template,release_default,9,centered_logit_fidelity,100,0.01143702821118511,0.0008752764701938514,0.021730225755725696
single_shape,plain2_w16_gap,structured_template,release_default,10,centered_logit_fidelity,100,0.038329480001784426,0.028082691265722045,0.04843117764307388
single_shape,plain2_w16_gap,structured_template,release_default,11,centered_logit_fidelity,100,0.05808149714208824,0.047849301292930836,0.0683243143851957
single_shape,plain2_w16_gap,structured_template,release_default,12,centered_logit_fidelity,100,0.0758235329244627,0.06538202305623471,0.0862401799155866
single_shape,plain2_w16_gap,structured_template,release_default,13,centered_logit_fidelity,100,0.09318943322139894,0.0820122433321665,0.10540002121591341
single_shape,plain2_w16_gap,structured_template,release_default,14,centered_logit_fidelity,100,0.11948083232899248,0.10645719767670714,0.1336089997872889
single_shape,plain2_w16_gap,structured_template,release_default,15,centered_logit_fidelity,100,0.1464882014610311,0.13167913176350357,0.16309101267794524
single_shape,plain2_w16_gap,structured_template,release_default,16,centered_logit_fidelity,100,0.17211147660691364,0.15524446832300343,0.18993275802473525
single_shape,plain2_w16_gap,structured_template,retention_1,0,centered_logit_fidelity,100,0.0,0.0,0.0
single_shape,plain2_w16_gap,structured_template,retention_1,1,centered_logit_fidelity,100,0.0,0.0,0.0
single_shape,plain2_w16_gap,structured_template,retention_1,2,centered_logit_fidelity,100,0.0017340383192498354,0.0005559274072840694,0.002906028157574877
single_shape,plain2_w16_gap,structured_template,retention_1,3,centered_logit_fidelity,100,-0.00763784273060114,-0.010004001522487536,-0.00532723456921622
single_shape,plain2_w16_gap,structured_template,retention_1,4,centered_logit_fidelity,100,-0.02137847423338267,-0.02636508839484008,-0.0168019662860878
single_shape,plain2_w16_gap,structured_template,retention_1,5,centered_logit_fidelity,100,-0.03299343939664746,-0.04026809950128027,-0.026148275511749048
single_shape,plain2_w16_gap,structured_template,retention_1,6,centered_logit_fidelity,100,-0.03754579157498257,-0.047468379810702996,-0.027510066549125765
single_shape,plain2_w16_gap,structured_template,retention_1,7,centered_logit_fidelity,100,-0.023649058444124814,-0.03444452149462752,-0.013432443402116797
single_shape,plain2_w16_gap,structured_template,retention_1,8,centered_logit_fidelity,100,0.00871534996968918,0.0009805298184612883,0.01658871174978674
single_shape,plain2_w16_gap,structured_template,retention_1,9,centered_logit_fidelity,100,0.037518764625687664,0.030449924602697413,0.04462216996988036
single_shape,plain2_w16_gap,structured_template,retention_1,10,centered_logit_fidelity,100,0.05045808562278211,0.043282589184240154,0.057797364046944716
single_shape,plain2_w16_gap,structured_template,retention_1,11,centered_logit_fidelity,100,0.06278513161908796,0.05444180563825134,0.07154217819985352
single_shape,plain2_w16_gap,structured_template,retention_1,12,centered_logit_fidelity,100,0.08197549055945233,0.07181775198803232,0.09274409026779515
single_shape,plain2_w16_gap,structured_template,retention_1,13,centered_logit_fidelity,100,0.10773386274023122,0.09676727736467038,0.1193912921714299
single_shape,plain2_w16_gap,structured_template,retention_1,14,centered_logit_fidelity,100,0.1524000340840136,0.1394454805063599,0.16607420157203237
single_shape,plain2_w16_gap,structured_template,retention_1,15,centered_logit_fidelity,100,0.19067693503188315,0.17512673311526278,0.20730244030508788
single_shape,plain2_w16_gap,structured_template,retention_1,16,centered_logit_fidelity,100,0.2232637691398179,0.20518963640045254,0.24297333920380929
single_shape,plain2_w16_gmp,pixel_permuted_template,release_default,0,centered_logit_fidelity,100,0.0,0.0,0.0
single_shape,plain2_w16_gmp,pixel_permuted_template,release_default,1,centered_logit_fidelity,100,0.0,0.0,0.0
single_shape,plain2_w16_gmp,pixel_permuted_template,release_default,2,centered_logit_fidelity,100,0.016035340642972008,0.014948423574409399,0.017132142088243395
single_shape,plain2_w16_gmp,pixel_permuted_template,release_default,3,centered_logit_fidelity,100,0.03991017925919898,0.03797949910706636,0.041896199024675486
single_shape,plain2_w16_gmp,pixel_permuted_template,release_default,4,centered_logit_fidelity,100,0.06793072394097999,0.06508118926038751,0.07089411292820734
single_shape,plain2_w16_gmp,pixel_permuted_template,release_default,5,centered_logit_fidelity,100,0.09872690309684665,0.09534142331037875,0.10217324220055861
single_shape,plain2_w16_gmp,pixel_permuted_template,release_default,6,centered_logit_fidelity,100,0.13370746153920257,0.12965985172467923,0.13795784464069538
single_shape,plain2_w16_gmp,pixel_permuted_template,release_default,7,centered_logit_fidelity,100,0.17015371638817156,0.16575221842324928,0.1746899299466445
single_shape,plain2_w16_gmp,pixel_permuted_template,release_default,8,centered_logit_fidelity,100,0.20903533430597596,0.20400415556932536,0.2140549587041609
single_shape,plain2_w16_gmp,pixel_permuted_template,release_default,9,centered_logit_fidelity,100,0.25120050685999656,0.24606881254933874,0.25632041734880406
single_shape,plain2_w16_gmp,pixel_permuted_template,release_default,10,centered_logit_fidelity,100,0.2967294366582233,0.29137969190272295,0.30225368318968626
single_shape,plain2_w16_gmp,pixel_permuted_template,release_default,11,centered_logit_fidelity,100,0.34545501005865836,0.3395959639046044,0.3513127720574019
single_shape,plain2_w16_gmp,pixel_permuted_template,release_default,12,centered_logit_fidelity,100,0.3971612663186882,0.3905479177941649,0.4035720237413263
single_shape,plain2_w16_gmp,pixel_permuted_template,release_default,13,centered_logit_fidelity,100,0.45120847609055914,0.4441506699956398,0.4582656717451349
single_shape,plain2_w16_gmp,pixel_permuted_template,release_default,14,centered_logit_fidelity,100,0.5112880056166321,0.5036751452413907,0.5190483764570181
single_shape,plain2_w16_gmp,pixel_permuted_template,release_default,15,centered_logit_fidelity,100,0.5736185506491821,0.5650370442889584,0.5823061681671533
single_shape,plain2_w16_gmp,pixel_permuted_template,release_default,16,centered_logit_fidelity,100,0.6419818760909176,0.6328236401478036,0.651425745063071
single_shape,plain2_w16_gmp,pixel_permuted_template,retention_1,0,centered_logit_fidelity,100,0.0,0.0,0.0
single_shape,plain2_w16_gmp,pixel_permuted_template,retention_1,1,centered_logit_fidelity,100,0.0,0.0,0.0
single_shape,plain2_w16_gmp,pixel_permuted_template,retention_1,2,centered_logit_fidelity,100,0.01631985201255547,0.014913059636278928,0.017758664812150167
single_shape,plain2_w16_gmp,pixel_permuted_template,retention_1,3,centered_logit_fidelity,100,0.040927478739221514,0.038516173012448106,0.04334522829274421
single_shape,plain2_w16_gmp,pixel_permuted_template,retention_1,4,centered_logit_fidelity,100,0.06761077561292325,0.06424859119730825,0.07102254034324355
single_shape,plain2_w16_gmp,pixel_permuted_template,retention_1,5,centered_logit_fidelity,100,0.09915103044181592,0.09545459244809933,0.1028649921597032
single_shape,plain2_w16_gmp,pixel_permuted_template,retention_1,6,centered_logit_fidelity,100,0.13369898288500212,0.1294537261210606,0.1380323243943604
single_shape,plain2_w16_gmp,pixel_permuted_template,retention_1,7,centered_logit_fidelity,100,0.17273427059062255,0.16769118211091355,0.17790480400856237
single_shape,plain2_w16_gmp,pixel_permuted_template,retention_1,8,centered_logit_fidelity,100,0.21399998430306993,0.20865689476333696,0.21931206656714466
single_shape,plain2_w16_gmp,pixel_permuted_template,retention_1,9,centered_logit_fidelity,100,0.25910716268254796,0.2536498765357052,0.26471250142844144
single_shape,plain2_w16_gmp,pixel_permuted_template,retention_1,10,centered_logit_fidelity,100,0.31037952673442293,0.3037032313930979,0.3168583981706562
single_shape,plain2_w16_gmp,pixel_permuted_template,retention_1,11,centered_logit_fidelity,100,0.3645298678985805,0.3574744274837012,0.3714311975455428
single_shape,plain2_w16_gmp,pixel_permuted_template,retention_1,12,centered_logit_fidelity,100,0.4207116554775584,0.4127168142342755,0.4286541819092135
single_shape,plain2_w16_gmp,pixel_permuted_template,retention_1,13,centered_logit_fidelity,100,0.47847434281521123,0.4701847153626708,0.48669592652340854
single_shape,plain2_w16_gmp,pixel_permuted_template,retention_1,14,centered_logit_fidelity,100,0.5412670748054356,0.5324217941892289,0.5500011005372754
single_shape,plain2_w16_gmp,pixel_permuted_template,retention_1,15,centered_logit_fidelity,100,0.6080135806192826,0.5982776728829372,0.6174965050305091
single_shape,plain2_w16_gmp,pixel_permuted_template,retention_1,16,centered_logit_fidelity,100,0.6799888245312239,0.6689107626203405,0.6909138499310666
single_shape,plain2_w16_gmp,structured_template,release_default,0,centered_logit_fidelity,100,0.0,0.0,0.0
single_shape,plain2_w16_gmp,structured_template,release_default,1,centered_logit_fidelity,100,0.0,0.0,0.0
single_shape,plain2_w16_gmp,structured_template,release_default,2,centered_logit_fidelity,100,0.008853802313397252,0.007667209089044016,0.01010421845130366
single_shape,plain2_w16_gmp,structured_template,release_default,3,centered_logit_fidelity,100,0.01775595477148806,0.015948547605207232,0.019610910495365196
single_shape,plain2_w16_gmp,structured_template,release_default,4,centered_logit_fidelity,100,0.026147689179912587,0.023729455884490273,0.028553720699573716
single_shape,plain2_w16_gmp,structured_template,release_default,5,centered_logit_fidelity,100,0.03683378705167789,0.03387142571583065,0.03988765565972548
single_shape,plain2_w16_gmp,structured_template,release_default,6,centered_logit_fidelity,100,0.0515215396777661,0.04806586550241535,0.05497804091396599
single_shape,plain2_w16_gmp,structured_template,release_default,7,centered_logit_fidelity,100,0.07323582762937768,0.06916448522718706,0.07749946468680961
single_shape,plain2_w16_gmp,structured_template,release_default,8,centered_logit_fidelity,100,0.10329100422810673,0.0990432101570221,0.10756481239377878
single_shape,plain2_w16_gmp,structured_template,release_default,9,centered_logit_fidelity,100,0.14079644331375601,0.13612276965675416,0.14562865165489589
single_shape,plain2_w16_gmp,structured_template,release_default,10,centered_logit_fidelity,100,0.18863625441355222,0.1835550147850513,0.19366645990536327
single_shape,plain2_w16_gmp,structured_template,release_default,11,centered_logit_fidelity,100,0.24832775073563818,0.24320884198958553,0.2535349017802643
single_shape,plain2_w16_gmp,structured_template,release_default,12,centered_logit_fidelity,100,0.3181683332951766,0.31259994528681656,0.32377080197103253
single_shape,plain2_w16_gmp,structured_template,release_default,13,centered_logit_fidelity,100,0.3930869356509763,0.38687298595871333,0.3993752526450491
single_shape,plain2_w16_gmp,structured_template,release_default,14,centered_logit_fidelity,100,0.4765944668445668,0.4696728681806176,0.4835730254900435
single_shape,plain2_w16_gmp,structured_template,release_default,15,centered_logit_fidelity,100,0.5644047206420493,0.5564279584743346,0.5724170995746886
single_shape,plain2_w16_gmp,structured_template,release_default,16,centered_logit_fidelity,100,0.6632193381962905,0.6537566943385503,0.672811266831666
single_shape,plain2_w16_gmp,structured_template,retention_1,0,centered_logit_fidelity,100,0.0,0.0,0.0
single_shape,plain2_w16_gmp,structured_template,retention_1,1,centered_logit_fidelity,100,0.0,0.0,0.0
single_shape,plain2_w16_gmp,structured_template,retention_1,2,centered_logit_fidelity,100,0.008821257116704041,0.007502763578370438,0.010117275741062387
single_shape,plain2_w16_gmp,structured_template,retention_1,3,centered_logit_fidelity,100,0.015415812578684457,0.013218388715121042,0.01751396725668149
single_shape,plain2_w16_gmp,structured_template,retention_1,4,centered_logit_fidelity,100,0.013802647936551848,0.011531014397085844,0.016050256916415453
single_shape,plain2_w16_gmp,structured_template,retention_1,5,centered_logit_fidelity,100,0.008915118108413379,0.005931082381346887,0.011861542149299537
single_shape,plain2_w16_gmp,structured_template,retention_1,6,centered_logit_fidelity,100,0.011075387356277049,0.007301800888229132,0.014845776506207775
single_shape,plain2_w16_gmp,structured_template,retention_1,7,centered_logit_fidelity,100,0.033100876943609435,0.02900805436729112,0.03753095231898999
single_shape,plain2_w16_gmp,structured_template,retention_1,8,centered_logit_fidelity,100,0.06586557968826354,0.06163456126063052,0.07018338819693083
single_shape,plain2_w16_gmp,structured_template,retention_1,9,centered_logit_fidelity,100,0.1027651674898875,0.09809707724383014,0.1075906920392004
single_shape,plain2_w16_gmp,structured_template,retention_1,10,centered_logit_fidelity,100,0.1587067087323078,0.1532246948281321,0.16432143153579615
single_shape,plain2_w16_gmp,structured_template,retention_1,11,centered_logit_fidelity,100,0.24523728070864373,0.23892279368472752,0.2518407194205498
single_shape,plain2_w16_gmp,structured_template,retention_1,12,centered_logit_fidelity,100,0.34334445028432364,0.3356608828437634,0.351530877212072
single_shape,plain2_w16_gmp,structured_template,retention_1,13,centered_logit_fidelity,100,0.43216641196609584,0.423420414645427,0.4411843283285967
single_shape,plain2_w16_gmp,structured_template,retention_1,14,centered_logit_fidelity,100,0.5398020067824714,0.5306109567096902,0.5493100991609909
single_shape,plain2_w16_gmp,structured_template,retention_1,15,centered_logit_fidelity,100,0.6660424182081408,0.655788443773959,0.6766186121891973
single_shape,plain2_w16_gmp,structured_template,retention_1,16,centered_logit_fidelity,100,0.7893289381338607,0.7765247025739209,0.802646844567668
single_shape,tiny_gap,pixel_permuted_template,release_default,0,centered_logit_fidelity,100,0.0,0.0,0.0
single_shape,tiny_gap,pixel_permuted_template,release_default,1,centered_logit_fidelity,100,0.0,0.0,0.0
single_shape,tiny_gap,pixel_permuted_template,release_default,2,centered_logit_fidelity,100,1.5620017862483238e-10,-1.4490043102194371e-10,4.512488836899697e-10
single_shape,tiny_gap,pixel_permuted_template,release_default,3,centered_logit_fidelity,100,2.4367255102575316e-10,-1.970064149869888e-10,6.795539579107501e-10
single_shape,tiny_gap,pixel_permuted_template,release_default,4,centered_logit_fidelity,100,-7.857718864467955e-11,-6.787547888881251e-10,5.398798487848963e-10
single_shape,tiny_gap,pixel_permuted_template,release_default,5,centered_logit_fidelity,100,1.3948140864528114e-10,-5.99636989132013e-10,8.795058866611913e-10
single_shape,tiny_gap,pixel_permuted_template,release_default,6,centered_logit_fidelity,100,3.075148047315679e-10,-4.977270411099521e-10,1.1146173959641904e-09
single_shape,tiny_gap,pixel_permuted_template,release_default,7,centered_logit_fidelity,100,2.8012374420072205e-10,-5.960499461499235e-10,1.1843316416737527e-09
single_shape,tiny_gap,pixel_permuted_template,release_default,8,centered_logit_fidelity,100,2.0891797625210985e-10,-7.440616546505741e-10,1.1876004573641014e-09
single_shape,tiny_gap,pixel_permuted_template,release_default,9,centered_logit_fidelity,100,2.118057218503111e-10,-7.473105818334158e-10,1.1667085020317102e-09
single_shape,tiny_gap,pixel_permuted_template,release_default,10,centered_logit_fidelity,100,2.808897081596484e-10,-6.341886580885081e-10,1.2189845838006525e-09
single_shape,tiny_gap,pixel_permuted_template,release_default,11,centered_logit_fidelity,100,2.6068326941519614e-10,-5.90328417204855e-10,1.1161012895000149e-09
single_shape,tiny_gap,pixel_permuted_template,release_default,12,centered_logit_fidelity,100,3.4198022635933967e-10,-4.1113961399275037e-10,1.1228980751343264e-09
single_shape,tiny_gap,pixel_permuted_template,release_default,13,centered_logit_fidelity,100,1.8848587690634134e-10,-4.423872237979687e-10,8.129277758173181e-10
single_shape,tiny_gap,pixel_permuted_template,release_default,14,centered_logit_fidelity,100,1.882404110364888e-10,-2.6731339358709854e-10,6.311417685422871e-10
single_shape,tiny_gap,pixel_permuted_template,release_default,15,centered_logit_fidelity,100,9.689385516153948e-11,-2.1687266699155218e-10,4.006424712543754e-10
single_shape,tiny_gap,pixel_permuted_template,release_default,16,centered_logit_fidelity,100,2.703814949711614e-13,2.6578172995783684e-13,2.7511218303466476e-13
single_shape,tiny_gap,pixel_permuted_template,retention_1,0,centered_logit_fidelity,100,0.0,0.0,0.0
single_shape,tiny_gap,pixel_permuted_template,retention_1,1,centered_logit_fidelity,100,0.0,0.0,0.0
single_shape,tiny_gap,pixel_permuted_template,retention_1,2,centered_logit_fidelity,100,3.05085590124321e-11,-4.589835656265695e-10,5.06303599594193e-10
single_shape,tiny_gap,pixel_permuted_template,retention_1,3,centered_logit_fidelity,100,-1.4282540039545212e-10,-8.964347349010859e-10,5.957741846945861e-10
single_shape,tiny_gap,pixel_permuted_template,retention_1,4,centered_logit_fidelity,100,-2.1250430470853843e-10,-1.1772705754420352e-09,7.557693566667672e-10
single_shape,tiny_gap,pixel_permuted_template,retention_1,5,centered_logit_fidelity,100,-1.4185882801776017e-10,-1.2477456662884912e-09,9.594606750901181e-10
single_shape,tiny_gap,pixel_permuted_template,retention_1,6,centered_logit_fidelity,100,-1.8806441626217917e-10,-1.4232881476450298e-09,1.0251220903534357e-09
single_shape,tiny_gap,pixel_permuted_template,retention_1,7,centered_logit_fidelity,100,-3.543843996034468e-10,-1.6631987283244333e-09,9.32201893399931e-10
single_shape,tiny_gap,pixel_permuted_template,retention_1,8,centered_logit_fidelity,100,-2.9089103126267446e-10,-1.5647108218552751e-09,1.0281841281989383e-09
single_shape,tiny_gap,pixel_permuted_template,retention_1,9,centered_logit_fidelity,100,-2.8494725801131437e-10,-1.5804014538156606e-09,1.046395802950517e-09
single_shape,tiny_gap,pixel_permuted_template,retention_1,10,centered_logit_fidelity,100,-2.667433252057094e-10,-1.559945570744903e-09,1.0324182141696606e-09
single_shape,tiny_gap,pixel_permuted_template,retention_1,11,centered_logit_fidelity,100,-3.5779740614749753e-10,-1.528120139621114e-09,8.149417428104931e-10
single_shape,tiny_gap,pixel_permuted_template,retention_1,12,centered_logit_fidelity,100,-3.9179128941135843e-10,-1.4233313828104777e-09,6.529367781171745e-10
single_shape,tiny_gap,pixel_permuted_template,retention_1,13,centered_logit_fidelity,100,-3.023673122992676e-10,-1.1213379058905293e-09,5.265394807385522e-10
single_shape,tiny_gap,pixel_permuted_template,retention_1,14,centered_logit_fidelity,100,-1.921784342773236e-10,-7.799340530356691e-10,3.8542147648423763e-10
single_shape,tiny_gap,pixel_permuted_template,retention_1,15,centered_logit_fidelity,100,-9.934872702288544e-11,-4.204648400008004e-10,2.1371129307889974e-10
single_shape,tiny_gap,pixel_permuted_template,retention_1,16,centered_logit_fidelity,100,5.477873710191261e-13,5.422927662479537e-13,5.534163682874293e-13
single_shape,tiny_gap,structured_template,release_default,0,centered_logit_fidelity,100,0.0,0.0,0.0
single_shape,tiny_gap,structured_template,release_default,1,centered_logit_fidelity,100,0.0,0.0,0.0
single_shape,tiny_gap,structured_template,release_default,2,centered_logit_fidelity,100,-2.4843519130790526e-10,-5.284765536711644e-10,2.3683231147042472e-11
single_shape,tiny_gap,structured_template,release_default,3,centered_logit_fidelity,100,-2.976572033297487e-10,-6.818233846128674e-10,8.91288203519465e-11
single_shape,tiny_gap,structured_template,release_default,4,centered_logit_fidelity,100,-3.6252658319746444e-10,-8.461869364789764e-10,1.3419238069356513e-10
single_shape,tiny_gap,structured_template,release_default,5,centered_logit_fidelity,100,-1.8116918243382685e-10,-7.199468672475229e-10,3.7245444689526506e-10
single_shape,tiny_gap,structured_template,release_default,6,centered_logit_fidelity,100,-2.7123763790548596e-10,-8.314254891506057e-10,3.163040459552844e-10
single_shape,tiny_gap,structured_template,release_default,7,centered_logit_fidelity,100,-3.074971044458863e-10,-8.972509570326359e-10,2.953442390929428e-10
single_shape,tiny_gap,structured_template,release_default,8,centered_logit_fidelity,100,-3.748503807354808e-10,-1.006468711817199e-09,2.5097605887980345e-10
single_shape,tiny_gap,structured_template,release_default,9,centered_logit_fidelity,100,-2.22864099397313e-10,-8.425234080677857e-10,3.7854270282244835e-10
single_shape,tiny_gap,structured_template,release_default,10,centered_logit_fidelity,100,-1.627341039700525e-10,-7.289380322961225e-10,4.13285525441287e-10
single_shape,tiny_gap,structured_template,release_default,11,centered_logit_fidelity,100,2.705665469449059e-11,-5.350792285085948e-10,5.886365443408257e-10
single_shape,tiny_gap,structured_template,release_default,12,centered_logit_fidelity,100,-3.191827357973409e-11,-5.349172036983597e-10,4.792699907496534e-10
single_shape,tiny_gap,structured_template,release_default,13,centered_logit_fidelity,100,9.243571796879735e-11,-3.707508066663756e-10,5.79864590288803e-10
single_shape,tiny_gap,structured_template,release_default,14,centered_logit_fidelity,100,1.9606461454380054e-10,-2.41377338144888e-10,6.476270738575705e-10
single_shape,tiny_gap,structured_template,release_default,15,centered_logit_fidelity,100,2.821680578080077e-10,-7.076154495688769e-11,6.441919479793777e-10
single_shape,tiny_gap,structured_template,release_default,16,centered_logit_fidelity,100,2.380473596019783e-13,2.343547023109238e-13,2.4170443424509357e-13
single_shape,tiny_gap,structured_template,retention_1,0,centered_logit_fidelity,100,0.0,0.0,0.0
single_shape,tiny_gap,structured_template,retention_1,1,centered_logit_fidelity,100,0.0,0.0,0.0
single_shape,tiny_gap,structured_template,retention_1,2,centered_logit_fidelity,100,-2.504867685493295e-10,-7.464863411299483e-10,2.557017323018273e-10
single_shape,tiny_gap,structured_template,retention_1,3,centered_logit_fidelity,100,-4.721645074923231e-10,-1.100729508318743e-09,1.6705015652707074e-10
single_shape,tiny_gap,structured_template,retention_1,4,centered_logit_fidelity,100,-4.544963844166361e-10,-1.2872335831970447e-09,3.8778168161279754e-10
single_shape,tiny_gap,structured_template,retention_1,5,centered_logit_fidelity,100,-5.354702614646101e-10,-1.4584791722116464e-09,3.9209696453545955e-10
single_shape,tiny_gap,structured_template,retention_1,6,centered_logit_fidelity,100,-5.67777072024711e-10,-1.5748113744440406e-09,4.366829214896837e-10
single_shape,tiny_gap,structured_template,retention_1,7,centered_logit_fidelity,100,-7.99585114785728e-10,-1.8182511505315801e-09,2.280095127427104e-10
single_shape,tiny_gap,structured_template,retention_1,8,centered_logit_fidelity,100,-4.998438085657142e-10,-1.4890582319959655e-09,4.880566505660594e-10
single_shape,tiny_gap,structured_template,retention_1,9,centered_logit_fidelity,100,-3.382398527929098e-10,-1.2286302319142183e-09,5.547692909502183e-10
single_shape,tiny_gap,structured_template,retention_1,10,centered_logit_fidelity,100,-2.0958653590419373e-10,-1.0023107884504777e-09,5.689674923980981e-10
single_shape,tiny_gap,structured_template,retention_1,11,centered_logit_fidelity,100,-1.7547581276922132e-10,-9.114494020356912e-10,5.604421950133885e-10
single_shape,tiny_gap,structured_template,retention_1,12,centered_logit_fidelity,100,-1.282300077232179e-10,-6.950542855432839e-10,4.397115720145003e-10
single_shape,tiny_gap,structured_template,retention_1,13,centered_logit_fidelity,100,-1.0456767673971968e-11,-4.08126686862742e-10,3.8855511211299796e-10
single_shape,tiny_gap,structured_template,retention_1,14,centered_logit_fidelity,100,-1.7970426258173688e-11,-2.868355724328086e-10,2.4106930873735166e-10
single_shape,tiny_gap,structured_template,retention_1,15,centered_logit_fidelity,100,5.228008026492148e-12,-1.2432068263734663e-10,1.3476644936116776e-10
single_shape,tiny_gap,structured_template,retention_1,16,centered_logit_fidelity,100,4.867639624706044e-13,4.824692312332957e-13,4.910061524032727e-13
single_shape,tiny_gmp,pixel_permuted_template,release_default,0,centered_logit_fidelity,100,0.0,0.0,0.0
single_shape,tiny_gmp,pixel_permuted_template,release_default,1,centered_logit_fidelity,100,0.0,0.0,0.0
single_shape,tiny_gmp,pixel_permuted_template,release_default,2,centered_logit_fidelity,100,-3.514336321952527e-10,-6.201401826777531e-10,-7.780618933861395e-11
single_shape,tiny_gmp,pixel_permuted_template,release_default,3,centered_logit_fidelity,100,-4.4774384921897336e-10,-9.129702953220019e-10,1.6816798481533668e-11
single_shape,tiny_gmp,pixel_permuted_template,release_default,4,centered_logit_fidelity,100,-2.7830756754720907e-10,-8.695685037724e-10,3.17437157490441e-10
single_shape,tiny_gmp,pixel_permuted_template,release_default,5,centered_logit_fidelity,100,-2.903574403134712e-10,-9.857087271414322e-10,4.193606769620215e-10
single_shape,tiny_gmp,pixel_permuted_template,release_default,6,centered_logit_fidelity,100,-2.505125662466412e-10,-9.742557093017634e-10,4.749497708456114e-10
single_shape,tiny_gmp,pixel_permuted_template,release_default,7,centered_logit_fidelity,100,-1.1691183465778465e-10,-9.074530716302043e-10,6.827572056333774e-10
single_shape,tiny_gmp,pixel_permuted_template,release_default,8,centered_logit_fidelity,100,-1.0145144169193543e-10,-8.929477779140438e-10,7.374430120443695e-10
single_shape,tiny_gmp,pixel_permuted_template,release_default,9,centered_logit_fidelity,100,-2.8780489103041873e-10,-1.080183591850581e-09,5.413802251497123e-10
single_shape,tiny_gmp,pixel_permuted_template,release_default,10,centered_logit_fidelity,100,-2.4447610935673933e-10,-1.0176555643726106e-09,5.68854721078038e-10
single_shape,tiny_gmp,pixel_permuted_template,release_default,11,centered_logit_fidelity,100,-3.9350738001431295e-10,-1.1226672343156441e-09,3.463150333449235e-10
single_shape,tiny_gmp,pixel_permuted_template,release_default,12,centered_logit_fidelity,100,-3.579242646711833e-10,-1.0339617523558165e-09,3.140198955864368e-10
single_shape,tiny_gmp,pixel_permuted_template,release_default,13,centered_logit_fidelity,100,-2.860667303039577e-10,-8.638031701591053e-10,2.879599119431918e-10
single_shape,tiny_gmp,pixel_permuted_template,release_default,14,centered_logit_fidelity,100,-3.206702314795251e-10,-7.624505405645632e-10,1.0850747872437335e-10
single_shape,tiny_gmp,pixel_permuted_template,release_default,15,centered_logit_fidelity,100,-2.2961835877133297e-10,-4.842344963895684e-10,2.2514198977363597e-11
single_shape,tiny_gmp,pixel_permuted_template,release_default,16,centered_logit_fidelity,100,1.2801648630045292e-13,1.2584927544523337e-13,1.3022932732198456e-13
single_shape,tiny_gmp,pixel_permuted_template,retention_1,0,centered_logit_fidelity,100,0.0,0.0,0.0
single_shape,tiny_gmp,pixel_permuted_template,retention_1,1,centered_logit_fidelity,100,0.0,0.0,0.0
single_shape,tiny_gmp,pixel_permuted_template,retention_1,2,centered_logit_fidelity,100,-2.153613565258894e-11,-2.690287206480457e-10,2.3169019025548455e-10
single_shape,tiny_gmp,pixel_permuted_template,retention_1,3,centered_logit_fidelity,100,-6.992353140944375e-11,-4.746385240117501e-10,3.308199297280545e-10
single_shape,tiny_gmp,pixel_permuted_template,retention_1,4,centered_logit_fidelity,100,-1.8777138399705962e-10,-6.966760154603068e-10,3.157537896841809e-10
single_shape,tiny_gmp,pixel_permuted_template,retention_1,5,centered_logit_fidelity,100,-2.2468453098056785e-10,-8.366352881872263e-10,3.892915722003564e-10
single_shape,tiny_gmp,pixel_permuted_template,retention_1,6,centered_logit_fidelity,100,-1.9072928458818693e-10,-8.538075493558228e-10,4.872769591435231e-10
single_shape,tiny_gmp,pixel_permuted_template,retention_1,7,centered_logit_fidelity,100,-4.547207632654704e-10,-1.1216416362924697e-09,2.291329967429866e-10
single_shape,tiny_gmp,pixel_permuted_template,retention_1,8,centered_logit_fidelity,100,-5.227629285009528e-10,-1.202707066466635e-09,1.605410768212854e-10
single_shape,tiny_gmp,pixel_permuted_template,retention_1,9,centered_logit_fidelity,100,-6.695392007483037e-10,-1.3343516710728754e-09,1.2330785725822193e-11
single_shape,tiny_gmp,pixel_permuted_template,retention_1,10,centered_logit_fidelity,100,-6.127306151348933e-10,-1.2702875387127223e-09,5.6316238339348926e-11
single_shape,tiny_gmp,pixel_permuted_template,retention_1,11,centered_logit_fidelity,100,-5.101532063456205e-10,-1.11887745637973e-09,1.0081950213569609e-10
single_shape,tiny_gmp,pixel_permuted_template,retention_1,12,centered_logit_fidelity,100,-4.5974211992927393e-10,-1.0014211087316927e-09,7.113965175276062e-11
single_shape,tiny_gmp,pixel_permuted_template,retention_1,13,centered_logit_fidelity,100,-3.480565125002499e-10,-7.836628447832616e-10,9.21129043596202e-11
single_shape,tiny_gmp,pixel_permuted_template,retention_1,14,centered_logit_fidelity,100,-2.3223796108418072e-10,-5.687688593714046e-10,1.0387478716067378e-10
single_shape,tiny_gmp,pixel_permuted_template,retention_1,15,centered_logit_fidelity,100,-1.3857269109962545e-10,-3.864489614147093e-10,1.0991635648882613e-10
single_shape,tiny_gmp,pixel_permuted_template,retention_1,16,centered_logit_fidelity,100,1.8384183064767968e-13,1.7985607447812412e-13,1.8784984678887895e-13
single_shape,tiny_gmp,structured_template,release_default,0,centered_logit_fidelity,100,0.0,0.0,0.0
single_shape,tiny_gmp,structured_template,release_default,1,centered_logit_fidelity,100,0.0,0.0,0.0
single_shape,tiny_gmp,structured_template,release_default,2,centered_logit_fidelity,100,-1.8459488770883326e-10,-4.5642709320392607e-10,9.227016063706461e-11
single_shape,tiny_gmp,structured_template,release_default,3,centered_logit_fidelity,100,-3.391058289725635e-10,-7.605101067093001e-10,7.629570408784754e-11
single_shape,tiny_gmp,structured_template,release_default,4,centered_logit_fidelity,100,-4.1321257415738446e-10,-9.505702315004694e-10,1.1291233656396349e-10
single_shape,tiny_gmp,structured_template,release_default,5,centered_logit_fidelity,100,-4.781416218513357e-10,-1.088434967266849e-09,1.3912379603908653e-10
single_shape,tiny_gmp,structured_template,release_default,6,centered_logit_fidelity,100,-3.973280993108119e-10,-1.0250394522903773e-09,2.216697626566952e-10
single_shape,tiny_gmp,structured_template,release_default,7,centered_logit_fidelity,100,-2.764232576168979e-10,-8.615779633625031e-10,2.9814379776116323e-10
single_shape,tiny_gmp,structured_template,release_default,8,centered_logit_fidelity,100,-3.550812899266731e-10,-9.702445388781732e-10,2.6028492594587495e-10
single_shape,tiny_gmp,structured_template,release_default,9,centered_logit_fidelity,100,-2.8710383181973497e-10,-9.095374090550834e-10,3.3134179805438494e-10
single_shape,tiny_gmp,structured_template,release_default,10,centered_logit_fidelity,100,-4.006312859239358e-10,-1.009734347606761e-09,2.0933284114454815e-10
single_shape,tiny_gmp,structured_template,release_default,11,centered_logit_fidelity,100,-4.881488735453132e-10,-1.06273367761478e-09,8.771163911847039e-11
single_shape,tiny_gmp,structured_template,release_default,12,centered_logit_fidelity,100,-5.307842121382578e-10,-1.0458186760764488e-09,7.173796140458265e-12
single_shape,tiny_gmp,structured_template,release_default,13,centered_logit_fidelity,100,-3.8492384724087004e-10,-8.253207515740435e-10,7.16886040807992e-11
single_shape,tiny_gmp,structured_template,release_default,14,centered_logit_fidelity,100,-2.1167830488444394e-10,-5.635745214671584e-10,1.3463038064931428e-10
single_shape,tiny_gmp,structured_template,release_default,15,centered_logit_fidelity,100,-5.1401112255433645e-11,-2.5066127959383344e-10,1.3690926833898054e-10
single_shape,tiny_gmp,structured_template,release_default,16,centered_logit_fidelity,100,1.2066792010045903e-13,1.1858292126021296e-13,1.2272408089764044e-13
single_shape,tiny_gmp,structured_template,retention_1,0,centered_logit_fidelity,100,0.0,0.0,0.0
single_shape,tiny_gmp,structured_template,retention_1,1,centered_logit_fidelity,100,0.0,0.0,0.0
single_shape,tiny_gmp,structured_template,retention_1,2,centered_logit_fidelity,100,7.679296032403471e-11,-2.2907126620563822e-10,3.8285612126431883e-10
single_shape,tiny_gmp,structured_template,retention_1,3,centered_logit_fidelity,100,1.3187366920686117e-10,-3.501768822827822e-10,6.095941882250377e-10
single_shape,tiny_gmp,structured_template,retention_1,4,centered_logit_fidelity,100,2.2466354110406428e-10,-3.962736184470739e-10,8.344539542959327e-10
single_shape,tiny_gmp,structured_template,retention_1,5,centered_logit_fidelity,100,2.0006534207084313e-10,-4.60476988539682e-10,8.579955664000937e-10
single_shape,tiny_gmp,structured_template,retention_1,6,centered_logit_fidelity,100,2.692694489603298e-10,-4.098905092286831e-10,9.435306569105513e-10
single_shape,tiny_gmp,structured_template,retention_1,7,centered_logit_fidelity,100,2.2358940365840852e-10,-4.688470903735364e-10,9.304545251775929e-10
single_shape,tiny_gmp,structured_template,retention_1,8,centered_logit_fidelity,100,3.6273082759663565e-10,-3.639229391727561e-10,1.079029326528369e-09
single_shape,tiny_gmp,structured_template,retention_1,9,centered_logit_fidelity,100,5.621909471287267e-10,-1.488405104166368e-10,1.273266080265012e-09
single_shape,tiny_gmp,structured_template,retention_1,10,centered_logit_fidelity,100,5.936610025791822e-10,-9.619012167338957e-11,1.270599249675319e-09
single_shape,tiny_gmp,structured_template,retention_1,11,centered_logit_fidelity,100,6.345184011546934e-10,1.3186887137806049e-11,1.2457159393186584e-09
single_shape,tiny_gmp,structured_template,retention_1,12,centered_logit_fidelity,100,5.655710744179033e-10,5.089209684228103e-11,1.0936007564799065e-09
single_shape,tiny_gmp,structured_template,retention_1,13,centered_logit_fidelity,100,3.887640265265446e-10,-5.918302461993539e-11,8.551832029191074e-10
single_shape,tiny_gmp,structured_template,retention_1,14,centered_logit_fidelity,100,3.1873755967914974e-10,-4.831589195397612e-11,6.900314787616765e-10
single_shape,tiny_gmp,structured_template,retention_1,15,centered_logit_fidelity,100,2.3853126140949145e-10,-1.8965273768101194e-11,4.989326251592096e-10
single_shape,tiny_gmp,structured_template,retention_1,16,centered_logit_fidelity,100,1.8345547303511013e-13,1.7934653762097242e-13,1.8765447529212054e-13
two_concepts,plain2_w16_gap,pixel_permuted_template,release_default,0,centered_logit_fidelity,100,0.0,0.0,0.0
two_concepts,plain2_w16_gap,pixel_permuted_template,release_default,1,centered_logit_fidelity,100,0.0,0.0,0.0
two_concepts,plain2_w16_gap,pixel_permuted_template,release_default,2,centered_logit_fidelity,100,0.003843918818343888,0.003228178327128938,0.0044709399124505285
two_concepts,plain2_w16_gap,pixel_permuted_template,release_default,3,centered_logit_fidelity,100,0.008528934689345624,0.007537187638627742,0.009541855666130064
two_concepts,plain2_w16_gap,pixel_permuted_template,release_default,4,centered_logit_fidelity,100,0.013781659298971452,0.012553065026239605,0.01506689891298062
two_concepts,plain2_w16_gap,pixel_permuted_template,release_default,5,centered_logit_fidelity,100,0.01851238759999392,0.016953255850508324,0.02017805327846383
two_concepts,plain2_w16_gap,pixel_permuted_template,release_default,6,centered_logit_fidelity,100,0.023410035912165793,0.021471908595174817,0.02558118566727719
two_concepts,plain2_w16_gap,pixel_permuted_template,release_default,7,centered_logit_fidelity,100,0.026856098403772597,0.024878167605461292,0.02897077754494714
two_concepts,plain2_w16_gap,pixel_permuted_template,release_default,8,centered_logit_fidelity,100,0.029796637475269394,0.02744785413676102,0.03253324381778248
two_concepts,plain2_w16_gap,pixel_permuted_template,release_default,9,centered_logit_fidelity,100,0.03205017601283321,0.029695777450519784,0.03493864390277144
two_concepts,plain2_w16_gap,pixel_permuted_template,release_default,10,centered_logit_fidelity,100,0.03347772154387376,0.030485582238889065,0.03701085284474877
two_concepts,plain2_w16_gap,pixel_permuted_template,release_default,11,centered_logit_fidelity,100,0.03391754664280628,0.030626548581568405,0.03769763801889384
two_concepts,plain2_w16_gap,pixel_permuted_template,release_default,12,centered_logit_fidelity,100,0.03373008726937113,0.030248307440861807,0.037893181411110644
two_concepts,plain2_w16_gap,pixel_permuted_template,release_default,13,centered_logit_fidelity,100,0.03258307681332757,0.028994439789436752,0.036814626848389334
two_concepts,plain2_w16_gap,pixel_permuted_template,release_default,14,centered_logit_fidelity,100,0.03112480866632713,0.02743628764515633,0.035567028972446964
two_concepts,plain2_w16_gap,pixel_permuted_template,release_default,15,centered_logit_fidelity,100,0.029409405340540404,0.02530531362330106,0.0341620107898587
two_concepts,plain2_w16_gap,pixel_permuted_template,release_default,16,centered_logit_fidelity,100,0.02736478211784381,0.023148705164599003,0.03220491033843157
two_concepts,plain2_w16_gap,pixel_permuted_template,retention_1,0,centered_logit_fidelity,100,0.0,0.0,0.0
two_concepts,plain2_w16_gap,pixel_permuted_template,retention_1,1,centered_logit_fidelity,100,0.0,0.0,0.0
two_concepts,plain2_w16_gap,pixel_permuted_template,retention_1,2,centered_logit_fidelity,100,0.0030729004308246545,0.002369564856490382,0.003802216187401388
two_concepts,plain2_w16_gap,pixel_permuted_template,retention_1,3,centered_logit_fidelity,100,0.006295699745672213,0.00529756943651523,0.007367006166096388
two_concepts,plain2_w16_gap,pixel_permuted_template,retention_1,4,centered_logit_fidelity,100,0.009511156869095863,0.00828349415736159,0.010847885139062142
two_concepts,plain2_w16_gap,pixel_permuted_template,retention_1,5,centered_logit_fidelity,100,0.012336638947016053,0.010736533158943592,0.014010196936576465
two_concepts,plain2_w16_gap,pixel_permuted_template,retention_1,6,centered_logit_fidelity,100,0.014639652568923616,0.01303004042297319,0.01635207053344091
two_concepts,plain2_w16_gap,pixel_permuted_template,retention_1,7,centered_logit_fidelity,100,0.016268792738499068,0.014558505723198261,0.018087681304772455
two_concepts,plain2_w16_gap,pixel_permuted_template,retention_1,8,centered_logit_fidelity,100,0.017799666134516223,0.015843150511352867,0.019930430281490427
two_concepts,plain2_w16_gap,pixel_permuted_template,retention_1,9,centered_logit_fidelity,100,0.018739846538759534,0.01651170594333842,0.02121697961640978
two_concepts,plain2_w16_gap,pixel_permuted_template,retention_1,10,centered_logit_fidelity,100,0.01914974173460656,0.016813869760200675,0.02173275228907285
two_concepts,plain2_w16_gap,pixel_permuted_template,retention_1,11,centered_logit_fidelity,100,0.01890755716857472,0.016622661010571724,0.0215132986573727
two_concepts,plain2_w16_gap,pixel_permuted_template,retention_1,12,centered_logit_fidelity,100,0.018516162332031117,0.01614024254715625,0.021231407629906243
two_concepts,plain2_w16_gap,pixel_permuted_template,retention_1,13,centered_logit_fidelity,100,0.017854409019351637,0.015440428322050946,0.02061697462712025
two_concepts,plain2_w16_gap,pixel_permuted_template,retention_1,14,centered_logit_fidelity,100,0.016628762104593138,0.014133059792140974,0.019392450159070842
two_concepts,plain2_w16_gap,pixel_permuted_template,retention_1,15,centered_logit_fidelity,100,0.015633196387990832,0.01302690025681618,0.01863355288052753
two_concepts,plain2_w16_gap,pixel_permuted_template,retention_1,16,centered_logit_fidelity,100,0.014920755753623349,0.012190673655815786,0.018017700681235843
two_concepts,plain2_w16_gap,structured_template,release_default,0,centered_logit_fidelity,100,0.0,0.0,0.0
two_concepts,plain2_w16_gap,structured_template,release_default,1,centered_logit_fidelity,100,0.0,0.0,0.0
two_concepts,plain2_w16_gap,structured_template,release_default,2,centered_logit_fidelity,100,0.000788932694624167,0.0003849027024726272,0.001191388789535968
two_concepts,plain2_w16_gap,structured_template,release_default,3,centered_logit_fidelity,100,0.00264928663214581,0.0018371132134576578,0.0034462749805367217
two_concepts,plain2_w16_gap,structured_template,release_default,4,centered_logit_fidelity,100,0.0062108858546757175,0.005138606511886868,0.007297905049578777
two_concepts,plain2_w16_gap,structured_template,release_default,5,centered_logit_fidelity,100,0.009445481808078743,0.008238391550261598,0.010656477591531138
two_concepts,plain2_w16_gap,structured_template,release_default,6,centered_logit_fidelity,100,0.012459558926881442,0.011115281538122097,0.013822280382694972
two_concepts,plain2_w16_gap,structured_template,release_default,7,centered_logit_fidelity,100,0.014828696714901194,0.013425429938289098,0.016237084539647006
two_concepts,plain2_w16_gap,structured_template,release_default,8,centered_logit_fidelity,100,0.017050568436931025,0.015572769768596692,0.018462325027071742
two_concepts,plain2_w16_gap,structured_template,release_default,9,centered_logit_fidelity,100,0.01882666069292413,0.017404701200494452,0.02023499441401408
two_concepts,plain2_w16_gap,structured_template,release_default,10,centered_logit_fidelity,100,0.019822184682327958,0.018487174441814382,0.021169053587578483
two_concepts,plain2_w16_gap,structured_template,release_default,11,centered_logit_fidelity,100,0.020369297055708918,0.019186485419646543,0.02159519764213554
two_concepts,plain2_w16_gap,structured_template,release_default,12,centered_logit_fidelity,100,0.020339231513447135,0.01923478124912277,0.021484711199297003
two_concepts,plain2_w16_gap,structured_template,release_default,13,centered_logit_fidelity,100,0.019313758414491042,0.01838416072948847,0.020302108693710342
two_concepts,plain2_w16_gap,structured_template,release_default,14,centered_logit_fidelity,100,0.017706258205263253,0.01684847009933881,0.0185774313603257
two_concepts,plain2_w16_gap,structured_template,release_default,15,centered_logit_fidelity,100,0.01555563712481283,0.014572694575182336,0.016544752697781957
two_concepts,plain2_w16_gap,structured_template,release_default,16,centered_logit_fidelity,100,0.013385778163315659,0.012332422410552699,0.01446971790068732
two_concepts,plain2_w16_gap,structured_template,retention_1,0,centered_logit_fidelity,100,0.0,0.0,0.0
two_concepts,plain2_w16_gap,structured_template,retention_1,1,centered_logit_fidelity,100,0.0,0.0,0.0
two_concepts,plain2_w16_gap,structured_template,retention_1,2,centered_logit_fidelity,100,0.0021365099151002547,0.001860666632239198,0.0024286729621778055
two_concepts,plain2_w16_gap,structured_template,retention_1,3,centered_logit_fidelity,100,0.008977054267353561,0.008134974103800133,0.009849606661909068
two_concepts,plain2_w16_gap,structured_template,retention_1,4,centered_logit_fidelity,100,0.012554152270211798,0.01084269027616103,0.014274435268846803
two_concepts,plain2_w16_gap,structured_template,retention_1,5,centered_logit_fidelity,100,0.00978447115735213,0.008152722299633841,0.011425846059931962
two_concepts,plain2_w16_gap,structured_template,retention_1,6,centered_logit_fidelity,100,0.00519261248425727,0.0036615085292458715,0.006746759113970393
two_concepts,plain2_w16_gap,structured_template,retention_1,7,centered_logit_fidelity,100,0.0058243041784426,0.0039097849040106766,0.0077275755048374604
two_concepts,plain2_w16_gap,structured_template,retention_1,8,centered_logit_fidelity,100,0.006013579807195598,0.0036976554766543174,0.008301535930340524
two_concepts,plain2_w16_gap,structured_template,retention_1,9,centered_logit_fidelity,100,0.008179084001715924,0.0056835976215459175,0.010664152534202755
two_concepts,plain2_w16_gap,structured_template,retention_1,10,centered_logit_fidelity,100,0.007684101380460004,0.005363775586675055,0.009976447649682292
two_concepts,plain2_w16_gap,structured_template,retention_1,11,centered_logit_fidelity,100,0.006174248254169405,0.003946161594666108,0.008439879123989306
two_concepts,plain2_w16_gap,structured_template,retention_1,12,centered_logit_fidelity,100,0.008738408109971752,0.007053505151809583,0.01043441147939694
two_concepts,plain2_w16_gap,structured_template,retention_1,13,centered_logit_fidelity,100,0.007898140672257477,0.006451658731433699,0.00940656074244937
two_concepts,plain2_w16_gap,structured_template,retention_1,14,centered_logit_fidelity,100,0.006795718194377795,0.005784763840889047,0.007820142448870878
two_concepts,plain2_w16_gap,structured_template,retention_1,15,centered_logit_fidelity,100,0.007017194647072601,0.006419602072070722,0.007644180606966258
two_concepts,plain2_w16_gap,structured_template,retention_1,16,centered_logit_fidelity,100,0.0065307097577851705,0.005942638670573107,0.007143108836364928
two_concepts,plain2_w16_gmp,pixel_permuted_template,release_default,0,centered_logit_fidelity,100,0.0,0.0,0.0
two_concepts,plain2_w16_gmp,pixel_permuted_template,release_default,1,centered_logit_fidelity,100,0.0,0.0,0.0
two_concepts,plain2_w16_gmp,pixel_permuted_template,release_default,2,centered_logit_fidelity,100,0.010045020960353718,0.009070403034416355,0.011045817539213637
two_concepts,plain2_w16_gmp,pixel_permuted_template,release_default,3,centered_logit_fidelity,100,0.027561180791046816,0.02538877393158977,0.02975351179342031
two_concepts,plain2_w16_gmp,pixel_permuted_template,release_default,4,centered_logit_fidelity,100,0.05033585933393188,0.04703548173039513,0.053549325278619275
two_concepts,plain2_w16_gmp,pixel_permuted_template,release_default,5,centered_logit_fidelity,100,0.07529788283649247,0.07104544595351067,0.0795101746952003
two_concepts,plain2_w16_gmp,pixel_permuted_template,release_default,6,centered_logit_fidelity,100,0.10008648397578074,0.09494341680200351,0.10531052100025642
two_concepts,plain2_w16_gmp,pixel_permuted_template,release_default,7,centered_logit_fidelity,100,0.12556009829039042,0.11966689834035522,0.13149413381690286
two_concepts,plain2_w16_gmp,pixel_permuted_template,release_default,8,centered_logit_fidelity,100,0.15033414606144052,0.14402593671807357,0.15652887374530053
two_concepts,plain2_w16_gmp,pixel_permuted_template,release_default,9,centered_logit_fidelity,100,0.17536150538679768,0.16853172287738835,0.1823678581014566
two_concepts,plain2_w16_gmp,pixel_permuted_template,release_default,10,centered_logit_fidelity,100,0.19994339956813126,0.19219149991190498,0.20744603423696603
two_concepts,plain2_w16_gmp,pixel_permuted_template,release_default,11,centered_logit_fidelity,100,0.2236347722059573,0.215208233223089,0.2319513553628193
two_concepts,plain2_w16_gmp,pixel_permuted_template,release_default,12,centered_logit_fidelity,100,0.24822118909848145,0.23895769387054325,0.2573744236360592
two_concepts,plain2_w16_gmp,pixel_permuted_template,release_default,13,centered_logit_fidelity,100,0.2713442484595002,0.2614829321469468,0.2812569258132634
two_concepts,plain2_w16_gmp,pixel_permuted_template,release_default,14,centered_logit_fidelity,100,0.2953312584991429,0.2848680761907875,0.3054840123243364
two_concepts,plain2_w16_gmp,pixel_permuted_template,release_default,15,centered_logit_fidelity,100,0.3187808641481115,0.30736828976340047,0.3299421445557822
two_concepts,plain2_w16_gmp,pixel_permuted_template,release_default,16,centered_logit_fidelity,100,0.3420464630005368,0.33045349158048937,0.3539811886900189
two_concepts,plain2_w16_gmp,pixel_permuted_template,retention_1,0,centered_logit_fidelity,100,0.0,0.0,0.0
two_concepts,plain2_w16_gmp,pixel_permuted_template,retention_1,1,centered_logit_fidelity,100,0.0,0.0,0.0
two_concepts,plain2_w16_gmp,pixel_permuted_template,retention_1,2,centered_logit_fidelity,100,0.008506779768056732,0.007584970412219792,0.009458123057981322
two_concepts,plain2_w16_gmp,pixel_permuted_template,retention_1,3,centered_logit_fidelity,100,0.022484081924837328,0.020641805780812487,0.024408051937802468
two_concepts,plain2_w16_gmp,pixel_permuted_template,retention_1,4,centered_logit_fidelity,100,0.03995483408332932,0.03686637033685268,0.04306281367341399
two_concepts,plain2_w16_gmp,pixel_permuted_template,retention_1,5,centered_logit_fidelity,100,0.06200820407207917,0.057937346489393006,0.06614749100367324
two_concepts,plain2_w16_gmp,pixel_permuted_template,retention_1,6,centered_logit_fidelity,100,0.08633363628115853,0.08117572100828428,0.09151019750614062
two_concepts,plain2_w16_gmp,pixel_permuted_template,retention_1,7,centered_logit_fidelity,100,0.11555639647093983,0.1098583023069826,0.12131315140526117
two_concepts,plain2_w16_gmp,pixel_permuted_template,retention_1,8,centered_logit_fidelity,100,0.1436914926169604,0.1370836769646063,0.15018698800837835
two_concepts,plain2_w16_gmp,pixel_permuted_template,retention_1,9,centered_logit_fidelity,100,0.1760406627338067,0.16856177916760862,0.18342082123367937
two_concepts,plain2_w16_gmp,pixel_permuted_template,retention_1,10,centered_logit_fidelity,100,0.21101580165018632,0.202569212844262,0.2194283445498567
two_concepts,plain2_w16_gmp,pixel_permuted_template,retention_1,11,centered_logit_fidelity,100,0.24461849061939805,0.2354888988139252,0.25362186850064666
two_concepts,plain2_w16_gmp,pixel_permuted_template,retention_1,12,centered_logit_fidelity,100,0.28042559413467705,0.2705920441086012,0.2901779013282335
two_concepts,plain2_w16_gmp,pixel_permuted_template,retention_1,13,centered_logit_fidelity,100,0.31660970314035736,0.30587523657223536,0.3271788633225326
two_concepts,plain2_w16_gmp,pixel_permuted_template,retention_1,14,centered_logit_fidelity,100,0.3529844107503528,0.3414500277525952,0.3647261473398496
two_concepts,plain2_w16_gmp,pixel_permuted_template,retention_1,15,centered_logit_fidelity,100,0.38925953512876577,0.37700148496432173,0.4015381316238283
two_concepts,plain2_w16_gmp,pixel_permuted_template,retention_1,16,centered_logit_fidelity,100,0.42343335408761495,0.4099736110360027,0.43673856396162225
two_concepts,plain2_w16_gmp,structured_template,release_default,0,centered_logit_fidelity,100,0.0,0.0,0.0
two_concepts,plain2_w16_gmp,structured_template,release_default,1,centered_logit_fidelity,100,0.0,0.0,0.0
two_concepts,plain2_w16_gmp,structured_template,release_default,2,centered_logit_fidelity,100,0.015020056681392766,0.013798544080339065,0.0162361135239532
two_concepts,plain2_w16_gmp,structured_template,release_default,3,centered_logit_fidelity,100,0.027881805739629825,0.026122822865055052,0.029593210287580978
two_concepts,plain2_w16_gmp,structured_template,release_default,4,centered_logit_fidelity,100,0.04005140913854286,0.037757797710861594,0.04234720260510743
two_concepts,plain2_w16_gmp,structured_template,release_default,5,centered_logit_fidelity,100,0.05206491073895161,0.049223175794364166,0.054875563301942896
two_concepts,plain2_w16_gmp,structured_template,release_default,6,centered_logit_fidelity,100,0.06580369306460737,0.06259237020494578,0.06911051053908354
two_concepts,plain2_w16_gmp,structured_template,release_default,7,centered_logit_fidelity,100,0.0783513657177432,0.07490132108113906,0.08196728698429281
two_concepts,plain2_w16_gmp,structured_template,release_default,8,centered_logit_fidelity,100,0.09226751592410352,0.08860928599628458,0.09597090689902511
two_concepts,plain2_w16_gmp,structured_template,release_default,9,centered_logit_fidelity,100,0.10625645768777198,0.10231681579108176,0.11040540270170131
two_concepts,plain2_w16_gmp,structured_template,release_default,10,centered_logit_fidelity,100,0.1205282283470574,0.11606889099193468,0.12493543230479077
two_concepts,plain2_w16_gmp,structured_template,release_default,11,centered_logit_fidelity,100,0.13650339066063397,0.13198287889007662,0.14115980591936714
two_concepts,plain2_w16_gmp,structured_template,release_default,12,centered_logit_fidelity,100,0.15391628349533473,0.14925321379272333,0.158686361585665
two_concepts,plain2_w16_gmp,structured_template,release_default,13,centered_logit_fidelity,100,0.1734120154039425,0.16800030687799442,0.17867028067274018
two_concepts,plain2_w16_gmp,structured_template,release_default,14,centered_logit_fidelity,100,0.19568816810797202,0.18985939155266526,0.20148341235121298
two_concepts,plain2_w16_gmp,structured_template,release_default,15,centered_logit_fidelity,100,0.21957108558986627,0.21276093350678701,0.22648774664527918
two_concepts,plain2_w16_gmp,structured_template,release_default,16,centered_logit_fidelity,100,0.25478148483894114,0.2467684021768795,0.26295173801353244
two_concepts,plain2_w16_gmp,structured_template,retention_1,0,centered_logit_fidelity,100,0.0,0.0,0.0
two_concepts,plain2_w16_gmp,structured_template,retention_1,1,centered_logit_fidelity,100,0.0,0.0,0.0
two_concepts,plain2_w16_gmp,structured_template,retention_1,2,centered_logit_fidelity,100,0.017656421552390958,0.01651625529241168,0.01879274351135142
two_concepts,plain2_w16_gmp,structured_template,retention_1,3,centered_logit_fidelity,100,0.02303419152935835,0.020818453121344605,0.025153263529910243
two_concepts,plain2_w16_gmp,structured_template,retention_1,4,centered_logit_fidelity,100,0.03157662118717485,0.02812939399034901,0.03488953744774984
two_concepts,plain2_w16_gmp,structured_template,retention_1,5,centered_logit_fidelity,100,0.03883919077020714,0.03513210336464851,0.042398281401551656
two_concepts,plain2_w16_gmp,structured_template,retention_1,6,centered_logit_fidelity,100,0.050567217332935274,0.04683522960120039,0.05425160348486768
two_concepts,plain2_w16_gmp,structured_template,retention_1,7,centered_logit_fidelity,100,0.06492656145260202,0.06101784056253868,0.06871908285185685
two_concepts,plain2_w16_gmp,structured_template,retention_1,8,centered_logit_fidelity,100,0.07581884438840587,0.0717974425412101,0.07987214310162559
two_concepts,plain2_w16_gmp,structured_template,retention_1,9,centered_logit_fidelity,100,0.08937953840215605,0.08525286694077581,0.09342265419467483
two_concepts,plain2_w16_gmp,structured_template,retention_1,10,centered_logit_fidelity,100,0.1093792132053287,0.10446788363472839,0.11411686784007856
two_concepts,plain2_w16_gmp,structured_template,retention_1,11,centered_logit_fidelity,100,0.1223031877713268,0.11666397823733154,0.12799051995737618
two_concepts,plain2_w16_gmp,structured_template,retention_1,12,centered_logit_fidelity,100,0.14799556670745814,0.1425357128645263,0.1533002488064212
two_concepts,plain2_w16_gmp,structured_template,retention_1,13,centered_logit_fidelity,100,0.17270677405316362,0.16634611363631582,0.17910212294525343
two_concepts,plain2_w16_gmp,structured_template,retention_1,14,centered_logit_fidelity,100,0.21199427069720442,0.20491932348648234,0.21887626705337862
two_concepts,plain2_w16_gmp,structured_template,retention_1,15,centered_logit_fidelity,100,0.25275276861025764,0.24451170361871427,0.26119092920449527
two_concepts,plain2_w16_gmp,structured_template,retention_1,16,centered_logit_fidelity,100,0.30847060356027817,0.2987353246171745,0.3182775441239918
two_concepts,tiny_gap,pixel_permuted_template,release_default,0,centered_logit_fidelity,100,0.0,0.0,0.0
two_concepts,tiny_gap,pixel_permuted_template,release_default,1,centered_logit_fidelity,100,0.0,0.0,0.0
two_concepts,tiny_gap,pixel_permuted_template,release_default,2,centered_logit_fidelity,100,-3.4102836860006034e-10,-8.699777182888391e-10,1.8856101082626024e-10
two_concepts,tiny_gap,pixel_permuted_template,release_default,3,centered_logit_fidelity,100,-1.3369793050443944e-10,-8.030744277631729e-10,5.488980976825484e-10
two_concepts,tiny_gap,pixel_permuted_template,release_default,4,centered_logit_fidelity,100,-5.5504200680012163e-11,-8.154967989087991e-10,7.057235877350186e-10
two_concepts,tiny_gap,pixel_permuted_template,release_default,5,centered_logit_fidelity,100,4.1690173702146895e-10,-4.821979409791455e-10,1.3273059533691623e-09
two_concepts,tiny_gap,pixel_permuted_template,release_default,6,centered_logit_fidelity,100,3.5466656000959773e-10,-6.14236678075919e-10,1.3701665736443043e-09
two_concepts,tiny_gap,pixel_permuted_template,release_default,7,centered_logit_fidelity,100,1.6400078628464598e-10,-8.523380843339367e-10,1.17837571206314e-09
two_concepts,tiny_gap,pixel_permuted_template,release_default,8,centered_logit_fidelity,100,1.6772322863900513e-10,-8.600185643914404e-10,1.1880844462963659e-09
two_concepts,tiny_gap,pixel_permuted_template,release_default,9,centered_logit_fidelity,100,-3.098387191258212e-10,-1.3487334389328255e-09,7.140560747687092e-10
two_concepts,tiny_gap,pixel_permuted_template,release_default,10,centered_logit_fidelity,100,-4.482827808960366e-10,-1.3601279661434873e-09,4.6285922800093346e-10
two_concepts,tiny_gap,pixel_permuted_template,release_default,11,centered_logit_fidelity,100,-1.780708780430018e-10,-1.0825107764622645e-09,7.207425805344502e-10
two_concepts,tiny_gap,pixel_permuted_template,release_default,12,centered_logit_fidelity,100,-2.605618210083094e-10,-1.0541367072569585e-09,5.224549099458464e-10
two_concepts,tiny_gap,pixel_permuted_template,release_default,13,centered_logit_fidelity,100,-2.4456265901307005e-11,-6.959914863602368e-10,6.189620481156229e-10
two_concepts,tiny_gap,pixel_permuted_template,release_default,14,centered_logit_fidelity,100,1.218949863268648e-10,-3.794659564626546e-10,6.295605692596683e-10
two_concepts,tiny_gap,pixel_permuted_template,release_default,15,centered_logit_fidelity,100,1.4221657185231606e-10,-1.6011866865728308e-10,4.527154901512453e-10
two_concepts,tiny_gap,pixel_permuted_template,release_default,16,centered_logit_fidelity,100,8.38740188413567e-13,8.03985045205735e-13,8.728673062119441e-13
two_concepts,tiny_gap,pixel_permuted_template,retention_1,0,centered_logit_fidelity,100,0.0,0.0,0.0
two_concepts,tiny_gap,pixel_permuted_template,retention_1,1,centered_logit_fidelity,100,0.0,0.0,0.0
two_concepts,tiny_gap,pixel_permuted_template,retention_1,2,centered_logit_fidelity,100,5.065580099827826e-10,-7.15259837649751e-10,1.7355224103537955e-09
two_concepts,tiny_gap,pixel_permuted_template,retention_1,3,centered_logit_fidelity,100,1.1891764609139876e-09,-4.807966112532757e-10,2.9046033063820362e-09
two_concepts,tiny_gap,pixel_permuted_template,retention_1,4,centered_logit_fidelity,100,1.928121967642582e-09,-2.196438944057632e-10,4.100192045650153e-09
two_concepts,tiny_gap,pixel_permuted_template,retention_1,5,centered_logit_fidelity,100,2.8401428520119507e-09,2.800882265840966e-10,5.388043492801642e-09
two_concepts,tiny_gap,pixel_permuted_template,retention_1,6,centered_logit_fidelity,100,2.794586536625232e-09,1.1642121131028034e-10,5.5647023502192185e-09
two_concepts,tiny_gap,pixel_permuted_template,retention_1,7,centered_logit_fidelity,100,2.9511638410806285e-09,-2.6668964564491292e-11,5.920395830527613e-09
two_concepts,tiny_gap,pixel_permuted_template,retention_1,8,centered_logit_fidelity,100,2.494998274649163e-09,-4.813696528882527e-10,5.500395299118387e-09
two_concepts,tiny_gap,pixel_permuted_template,retention_1,9,centered_logit_fidelity,100,2.7999422957947218e-09,-4.3655656672969545e-11,5.684434444819253e-09
two_concepts,tiny_gap,pixel_permuted_template,retention_1,10,centered_logit_fidelity,100,2.8875577806619645e-09,1.9359265990281932e-10,5.520800392150304e-09
two_concepts,tiny_gap,pixel_permuted_template,retention_1,11,centered_logit_fidelity,100,2.4964359823798077e-09,7.620291428422909e-11,4.972206420011948e-09
two_concepts,tiny_gap,pixel_permuted_template,retention_1,12,centered_logit_fidelity,100,1.9857053801253243e-09,-1.5510748793690077e-10,4.111239367193818e-09
two_concepts,tiny_gap,pixel_permuted_template,retention_1,13,centered_logit_fidelity,100,1.7923193451618858e-09,3.933565223546299e-12,3.5290576926305655e-09
two_concepts,tiny_gap,pixel_permuted_template,retention_1,14,centered_logit_fidelity,100,1.173950205934915e-09,-1.552902904322639e-10,2.4846993056104606e-09
two_concepts,tiny_gap,pixel_permuted_template,retention_1,15,centered_logit_fidelity,100,4.6430143507691924e-10,-2.9076744770262226e-10,1.1876451016523682e-09
two_concepts,tiny_gap,pixel_permuted_template,retention_1,16,centered_logit_fidelity,100,3.756789324071974e-12,3.7019540488625325e-12,3.813886900738695e-12
two_concepts,tiny_gap,structured_template,release_default,0,centered_logit_fidelity,100,0.0,0.0,0.0
two_concepts,tiny_gap,structured_template,release_default,1,centered_logit_fidelity,100,0.0,0.0,0.0
two_concepts,tiny_gap,structured_template,release_default,2,centered_logit_fidelity,100,2.46139951753932e-10,-4.0912042580110164e-10,9.146165645401715e-10
two_concepts,tiny_gap,structured_template,release_default,3,centered_logit_fidelity,100,-1.207853705942341e-11,-7.019591369561429e-10,6.905192410922018e-10
two_concepts,tiny_gap,structured_template,release_default,4,centered_logit_fidelity,100,-2.1846042752571294e-10,-9.622108597950873e-10,5.257253717916299e-10
two_concepts,tiny_gap,structured_template,release_default,5,centered_logit_fidelity,100,-1.2396084159149722e-13,-6.709258729142853e-10,6.772012535460889e-10
two_concepts,tiny_gap,structured_template,release_default,6,centered_logit_fidelity,100,-2.7105614419653536e-11,-7.11064699121522e-10,6.786464866737061e-10
two_concepts,tiny_gap,structured_template,release_default,7,centered_logit_fidelity,100,1.9351258484512356e-10,-5.237016193204713e-10,9.236236480358871e-10
two_concepts,tiny_gap,structured_template,release_default,8,centered_logit_fidelity,100,4.397749997497868e-10,-2.453323555140496e-10,1.117520745580469e-09
two_concepts,tiny_gap,structured_template,release_default,9,centered_logit_fidelity,100,1.558197826323493e-10,-4.564189999278767e-10,7.780963189596424e-10
two_concepts,tiny_gap,structured_template,release_default,10,centered_logit_fidelity,100,1.5801028374617944e-10,-4.1873472586551047e-10,7.3499626948581e-10
two_concepts,tiny_gap,structured_template,release_default,11,centered_logit_fidelity,100,1.2110370484208488e-10,-4.036768628812304e-10,6.330758327288686e-10
two_concepts,tiny_gap,structured_template,release_default,12,centered_logit_fidelity,100,8.319573252535406e-11,-3.8890655729151287e-10,5.546062590844336e-10
two_concepts,tiny_gap,structured_template,release_default,13,centered_logit_fidelity,100,1.4779810042497842e-10,-2.5371220288561427e-10,5.359851014408167e-10
two_concepts,tiny_gap,structured_template,release_default,14,centered_logit_fidelity,100,1.5830926458626494e-10,-1.5717856549635201e-10,4.691994603123195e-10
two_concepts,tiny_gap,structured_template,release_default,15,centered_logit_fidelity,100,1.5770721173424818e-10,-6.355242854194642e-11,3.7867548705050596e-10
two_concepts,tiny_gap,structured_template,release_default,16,centered_logit_fidelity,100,5.271272307538765e-13,5.101603861579207e-13,5.43657813212306e-13
two_concepts,tiny_gap,structured_template,retention_1,0,centered_logit_fidelity,100,0.0,0.0,0.0
two_concepts,tiny_gap,structured_template,retention_1,1,centered_logit_fidelity,100,0.0,0.0,0.0
two_concepts,tiny_gap,structured_template,retention_1,2,centered_logit_fidelity,100,1.5973689176940197e-10,-8.387200530202144e-10,1.1692990352918366e-09
two_concepts,tiny_gap,structured_template,retention_1,3,centered_logit_fidelity,100,2.4194597741944434e-10,-8.780470197727874e-10,1.3626948487041602e-09
two_concepts,tiny_gap,structured_template,retention_1,4,centered_logit_fidelity,100,1.1157630874780722e-10,-1.3604178258005972e-09,1.6191620953037717e-09
two_concepts,tiny_gap,structured_template,retention_1,5,centered_logit_fidelity,100,-2.692494183165195e-10,-1.909238470619579e-09,1.3544441948218351e-09
two_concepts,tiny_gap,structured_template,retention_1,6,centered_logit_fidelity,100,1.8411408786445093e-10,-1.6985478818037914e-09,2.0831778188429295e-09
two_concepts,tiny_gap,structured_template,retention_1,7,centered_logit_fidelity,100,6.161117116487702e-11,-1.9041403825637016e-09,2.0907753968124598e-09
two_concepts,tiny_gap,structured_template,retention_1,8,centered_logit_fidelity,100,-1.3683925659258022e-10,-2.296644954546956e-09,2.0692949190825872e-09
two_concepts,tiny_gap,structured_template,retention_1,9,centered_logit_fidelity,100,-1.52528570884769e-10,-2.196154789274596e-09,1.9691965688350964e-09
two_concepts,tiny_gap,structured_template,retention_1,10,centered_logit_fidelity,100,-5.308441330953428e-10,-2.681455170294722e-09,1.6692315568667118e-09
two_concepts,tiny_gap,structured_template,retention_1,11,centered_logit_fidelity,100,-2.334971416217968e-10,-2.304272067682467e-09,1.9018589106911675e-09
two_concepts,tiny_gap,structured_template,retention_1,12,centered_logit_fidelity,100,2.9734915640844406e-11,-1.937121926864904e-09,2.0234282685493984e-09
two_concepts,tiny_gap,structured_template,retention_1,13,centered_logit_fidelity,100,1.4194335706818607e-10,-1.0507492271827345e-09,1.3375532269821462e-09
two_concepts,tiny_gap,structured_template,retention_1,14,centered_logit_fidelity,100,1.8725345163339567e-10,-6.067718218982777e-10,1.0139917739349078e-09
two_concepts,tiny_gap,structured_template,retention_1,15,centered_logit_fidelity,100,1.0608693923330747e-11,-3.625103545401576e-10,4.011100990797266e-10
two_concepts,tiny_gap,structured_template,retention_1,16,centered_logit_fidelity,100,2.6713242728959587e-12,2.644587576705604e-12,2.6982575895839746e-12
two_concepts,tiny_gmp,pixel_permuted_template,release_default,0,centered_logit_fidelity,100,0.0,0.0,0.0
two_concepts,tiny_gmp,pixel_permuted_template,release_default,1,centered_logit_fidelity,100,0.0,0.0,0.0
two_concepts,tiny_gmp,pixel_permuted_template,release_default,2,centered_logit_fidelity,100,-4.7862744878557354e-11,-2.8309677119198186e-10,1.9022249633793276e-10
two_concepts,tiny_gmp,pixel_permuted_template,release_default,3,centered_logit_fidelity,100,-9.765501407521527e-11,-3.9104742291518057e-10,1.8585845612539836e-10
two_concepts,tiny_gmp,pixel_permuted_template,release_default,4,centered_logit_fidelity,100,-9.428994474092178e-11,-3.825329814022282e-10,1.880798398967709e-10
two_concepts,tiny_gmp,pixel_permuted_template,release_default,5,centered_logit_fidelity,100,-2.6421381749131e-11,-2.720555748458864e-10,2.2689538153874974e-10
two_concepts,tiny_gmp,pixel_permuted_template,release_default,6,centered_logit_fidelity,100,-1.515009007135859e-11,-2.221764472398746e-10,1.9052707414535227e-10
two_concepts,tiny_gmp,pixel_permuted_template,release_default,7,centered_logit_fidelity,100,4.9013604286329836e-12,-1.8016063157988428e-10,1.8845769347852757e-10
two_concepts,tiny_gmp,pixel_permuted_template,release_default,8,centered_logit_fidelity,100,1.203313559905439e-11,-1.4665878586561655e-10,1.6809151581753666e-10
two_concepts,tiny_gmp,pixel_permuted_template,release_default,9,centered_logit_fidelity,100,-1.4458717556564693e-11,-1.6082420822849388e-10,1.3484091040960595e-10
two_concepts,tiny_gmp,pixel_permuted_template,release_default,10,centered_logit_fidelity,100,-2.6437592115513553e-11,-1.4897452055295801e-10,9.936919737052459e-11
two_concepts,tiny_gmp,pixel_permuted_template,release_default,11,centered_logit_fidelity,100,-5.150322390790052e-11,-1.7197568871751833e-10,6.732307006318548e-11
two_concepts,tiny_gmp,pixel_permuted_template,release_default,12,centered_logit_fidelity,100,-5.874672193151299e-11,-1.6117897144729555e-10,4.2573559760894495e-11
two_concepts,tiny_gmp,pixel_permuted_template,release_default,13,centered_logit_fidelity,100,-4.7692866322890384e-11,-1.259464779967967e-10,3.334505124796827e-11
two_concepts,tiny_gmp,pixel_permuted_template,release_default,14,centered_logit_fidelity,100,-3.324203801113867e-11,-9.687797261626051e-11,2.8365140153363548e-11
two_concepts,tiny_gmp,pixel_permuted_template,release_default,15,centered_logit_fidelity,100,3.1336833128392526e-12,-3.1830299368484916e-11,3.8390185613801366e-11
two_concepts,tiny_gmp,pixel_permuted_template,release_default,16,centered_logit_fidelity,100,7.348566199993911e-14,7.199124629764243e-14,7.498449083875869e-14
two_concepts,tiny_gmp,pixel_permuted_template,retention_1,0,centered_logit_fidelity,100,0.0,0.0,0.0
two_concepts,tiny_gmp,pixel_permuted_template,retention_1,1,centered_logit_fidelity,100,0.0,0.0,0.0
two_concepts,tiny_gmp,pixel_permuted_template,retention_1,2,centered_logit_fidelity,100,-2.0790467125664236e-11,-2.2308931410530697e-10,1.8049824621058083e-10
two_concepts,tiny_gmp,pixel_permuted_template,retention_1,3,centered_logit_fidelity,100,-8.254737005053414e-11,-3.10162261263347e-10,1.403461487581302e-10
two_concepts,tiny_gmp,pixel_permuted_template,retention_1,4,centered_logit_fidelity,100,-6.146272601981196e-11,-2.8796473144909737e-10,1.5692180249660114e-10
two_concepts,tiny_gmp,pixel_permuted_template,retention_1,5,centered_logit_fidelity,100,-1.316859732369835e-11,-2.385053147202498e-10,2.0278330145617745e-10
two_concepts,tiny_gmp,pixel_permuted_template,retention_1,6,centered_logit_fidelity,100,9.833897030020466e-12,-1.8287714792508678e-10,2.0237475786832876e-10
two_concepts,tiny_gmp,pixel_permuted_template,retention_1,7,centered_logit_fidelity,100,6.864380397431092e-11,-1.1476802874721415e-10,2.508832474823474e-10
two_concepts,tiny_gmp,pixel_permuted_template,retention_1,8,centered_logit_fidelity,100,1.57223623009628e-11,-1.4959879987563873e-10,1.8297047543747167e-10
two_concepts,tiny_gmp,pixel_permuted_template,retention_1,9,centered_logit_fidelity,100,4.33394409249388e-11,-1.1262531735001246e-10,1.9935968970097303e-10
two_concepts,tiny_gmp,pixel_permuted_template,retention_1,10,centered_logit_fidelity,100,1.7369360394425827e-11,-1.2365783155776632e-10,1.5676547177045913e-10
two_concepts,tiny_gmp,pixel_permuted_template,retention_1,11,centered_logit_fidelity,100,2.6472529723875483e-11,-1.1273362260366681e-10,1.6443701375545845e-10
two_concepts,tiny_gmp,pixel_permuted_template,retention_1,12,centered_logit_fidelity,100,3.7587561951824e-11,-9.052975355472447e-11,1.6645007305804426e-10
two_concepts,tiny_gmp,pixel_permuted_template,retention_1,13,centered_logit_fidelity,100,6.286422493673171e-12,-1.090171543316476e-10,1.2902586618568343e-10
two_concepts,tiny_gmp,pixel_permuted_template,retention_1,14,centered_logit_fidelity,100,-1.063714893945189e-11,-9.640376286146334e-11,7.8365993277929e-11
two_concepts,tiny_gmp,pixel_permuted_template,retention_1,15,centered_logit_fidelity,100,-3.1206282002926856e-11,-8.52914772697666e-11,2.505646423678342e-11
two_concepts,tiny_gmp,pixel_permuted_template,retention_1,16,centered_logit_fidelity,100,9.702239012199243e-14,9.4868529698644e-14,9.928305400030979e-14
two_concepts,tiny_gmp,structured_template,release_default,0,centered_logit_fidelity,100,0.0,0.0,0.0
two_concepts,tiny_gmp,structured_template,release_default,1,centered_logit_fidelity,100,0.0,0.0,0.0
two_concepts,tiny_gmp,structured_template,release_default,2,centered_logit_fidelity,100,-1.9965554765022376e-10,-4.2738495317773406e-10,3.651989430308864e-11
two_concepts,tiny_gmp,structured_template,release_default,3,centered_logit_fidelity,100,-2.6424604726571486e-10,-5.567063407763139e-10,3.6807601355715e-11
two_concepts,tiny_gmp,structured_template,release_default,4,centered_logit_fidelity,100,-2.8215429881406353e-10,-5.680905948435289e-10,1.2462863213658072e-11
two_concepts,tiny_gmp,structured_template,release_default,5,centered_logit_fidelity,100,-2.6626059246304123e-10,-5.154582254085493e-10,-8.185458422183034e-12
two_concepts,tiny_gmp,structured_template,release_default,6,centered_logit_fidelity,100,-1.629916290823985e-10,-3.8593366250005977e-10,6.354136411479412e-11
two_concepts,tiny_gmp,structured_template,release_default,7,centered_logit_fidelity,100,-1.0621128310184246e-10,-2.93250026012215e-10,9.074316856261255e-11
two_concepts,tiny_gmp,structured_template,release_default,8,centered_logit_fidelity,100,-9.50833223267722e-11,-2.7487509596246797e-10,8.163552517315147e-11
two_concepts,tiny_gmp,structured_template,release_default,9,centered_logit_fidelity,100,-4.7334215436123375e-11,-1.873179163169869e-10,9.596370445508202e-11
two_concepts,tiny_gmp,structured_template,release_default,10,centered_logit_fidelity,100,-2.2673831701069958e-11,-1.5060857991300303e-10,1.051605299506874e-10
two_concepts,tiny_gmp,structured_template,release_default,11,centered_logit_fidelity,100,3.2074065625664616e-12,-1.0852965612317966e-10,1.1409979594478866e-10
two_concepts,tiny_gmp,structured_template,release_default,12,centered_logit_fidelity,100,1.948648131744335e-11,-7.951707259312712e-11,1.2012268429950622e-10
two_concepts,tiny_gmp,structured_template,release_default,13,centered_logit_fidelity,100,-3.363086698016104e-11,-1.1130510688128759e-10,4.5948282428875936e-11
two_concepts,tiny_gmp,structured_template,release_default,14,centered_logit_fidelity,100,-3.567454220920752e-11,-9.65102567029863e-11,2.4556173289225195e-11
two_concepts,tiny_gmp,structured_template,release_default,15,centered_logit_fidelity,100,-4.4932237930339624e-11,-8.572677193119382e-11,-4.572792228208009e-12
two_concepts,tiny_gmp,structured_template,release_default,16,centered_logit_fidelity,100,8.468892254143156e-14,8.281819674493818e-14,8.652856209323545e-14
two_concepts,tiny_gmp,structured_template,retention_1,0,centered_logit_fidelity,100,0.0,0.0,0.0
two_concepts,tiny_gmp,structured_template,retention_1,1,centered_logit_fidelity,100,0.0,0.0,0.0
two_concepts,tiny_gmp,structured_template,retention_1,2,centered_logit_fidelity,100,2.3725916786787593e-11,-1.1663662746741466e-10,1.6772949143484256e-10
two_concepts,tiny_gmp,structured_template,retention_1,3,centered_logit_fidelity,100,1.072215427555534e-11,-1.5460472094219746e-10,1.8060090106741806e-10
two_concepts,tiny_gmp,structured_template,retention_1,4,centered_logit_fidelity,100,-5.953371795541785e-11,-2.487377486481979e-10,1.245629422386151e-10
two_concepts,tiny_gmp,structured_template,retention_1,5,centered_logit_fidelity,100,-1.4599112918567413e-10,-3.042098039029994e-10,1.1840956076758474e-11
two_concepts,tiny_gmp,structured_template,retention_1,6,centered_logit_fidelity,100,-1.3929180586735868e-10,-3.0769440306777084e-10,3.3097269452886194e-11
two_concepts,tiny_gmp,structured_template,retention_1,7,centered_logit_fidelity,100,-7.764972553836458e-11,-2.4122065783727106e-10,8.014778471454593e-11
two_concepts,tiny_gmp,structured_template,retention_1,8,centered_logit_fidelity,100,-7.87952525449498e-11,-2.4933456777009865e-10,8.797496561796513e-11
two_concepts,tiny_gmp,structured_template,retention_1,9,centered_logit_fidelity,100,-9.230884501221226e-11,-2.8261092899217744e-10,9.297348210757226e-11
two_concepts,tiny_gmp,structured_template,retention_1,10,centered_logit_fidelity,100,-1.4071946274896163e-10,-3.22503226124482e-10,3.536230422374053e-11
two_concepts,tiny_gmp,structured_template,retention_1,11,centered_logit_fidelity,100,-1.1183889703225702e-10,-2.978529375086136e-10,6.257979096035977e-11
two_concepts,tiny_gmp,structured_template,retention_1,12,centered_logit_fidelity,100,-6.910441552321345e-11,-2.461627729433147e-10,9.691037625159103e-11
two_concepts,tiny_gmp,structured_template,retention_1,13,centered_logit_fidelity,100,-7.318503136843902e-11,-2.318842662885068e-10,7.402498000685915e-11
two_concepts,tiny_gmp,structured_template,retention_1,14,centered_logit_fidelity,100,-4.198948855282936e-11,-1.592802813255023e-10,6.537418692498239e-11
two_concepts,tiny_gmp,structured_template,retention_1,15,centered_logit_fidelity,100,-1.406426863859167e-11,-9.756734598020955e-11,6.730416526878887e-11
two_concepts,tiny_gmp,structured_template,retention_1,16,centered_logit_fidelity,100,1.4675261006402706e-13,1.425447815339709e-13,1.5100370953646802e-13
single_shape,plain2_w16_gap,pixel_permuted_template,release_default,0,prob_error_reduction,100,0.0,0.0,0.0
single_shape,plain2_w16_gap,pixel_permuted_template,release_default,1,prob_error_reduction,100,0.0,0.0,0.0
single_shape,plain2_w16_gap,pixel_permuted_template,release_default,2,prob_error_reduction,100,-0.0006737854078457142,-0.001998685037532985,0.0006667008423625092
single_shape,plain2_w16_gap,pixel_permuted_template,release_default,3,prob_error_reduction,100,-0.004966784192383084,-0.007440358340433624,-0.0025604771924694425
single_shape,plain2_w16_gap,pixel_permuted_template,release_default,4,prob_error_reduction,100,-0.007447790918978123,-0.010816545143562872,-0.0041019046446934765
single_shape,plain2_w16_gap,pixel_permuted_template,release_default,5,prob_error_reduction,100,-0.007147115745563114,-0.011134235654328823,-0.0032235877750558524
single_shape,plain2_w16_gap,pixel_permuted_template,release_default,6,prob_error_reduction,100,-0.0058776162814613165,-0.011227700025961932,-0.0005569260264641929
single_shape,plain2_w16_gap,pixel_permuted_template,release_default,7,prob_error_reduction,100,-0.007574857713893702,-0.01261731768006612,-0.0024750937617643177
single_shape,plain2_w16_gap,pixel_permuted_template,release_default,8,prob_error_reduction,100,-0.0033693493120200424,-0.009058506033760363,0.0025473017962569892
single_shape,plain2_w16_gap,pixel_permuted_template,release_default,9,prob_error_reduction,100,0.00355743530000167,-0.0030430066765885786,0.010315464118040869
single_shape,plain2_w16_gap,pixel_permuted_template,release_default,10,prob_error_reduction,100,0.019331734752456687,0.012086276414594168,0.026983301724885247
single_shape,plain2_w16_gap,pixel_permuted_template,release_default,11,prob_error_reduction,100,0.0303444751650916,0.022885154045041628,0.03781633806575663
single_shape,plain2_w16_gap,pixel_permuted_template,release_default,12,prob_error_reduction,100,0.0462586328823131,0.038678656187701534,0.05441183056918606
single_shape,plain2_w16_gap,pixel_permuted_template,release_default,13,prob_error_reduction,100,0.05238912615990157,0.04469007036053001,0.06042832531639197
single_shape,plain2_w16_gap,pixel_permuted_template,release_default,14,prob_error_reduction,100,0.05847287832320922,0.0501937817904755,0.06743964916508799
single_shape,plain2_w16_gap,pixel_permuted_template,release_default,15,prob_error_reduction,100,0.07356746398027827,0.06507657318001314,0.08282404758176783
single_shape,plain2_w16_gap,pixel_permuted_template,release_default,16,prob_error_reduction,100,0.08666860276220648,0.07689827852718913,0.09729335497836608
single_shape,plain2_w16_gap,pixel_permuted_template,retention_1,0,prob_error_reduction,100,0.0,0.0,0.0
single_shape,plain2_w16_gap,pixel_permuted_template,retention_1,1,prob_error_reduction,100,0.0,0.0,0.0
single_shape,plain2_w16_gap,pixel_permuted_template,retention_1,2,prob_error_reduction,100,-0.0026803437492567412,-0.0036700858767232843,-0.00170646342043514
single_shape,plain2_w16_gap,pixel_permuted_template,retention_1,3,prob_error_reduction,100,-0.005199353382265918,-0.007368377377992696,-0.00306298773002267
single_shape,plain2_w16_gap,pixel_permuted_template,retention_1,4,prob_error_reduction,100,-0.005547317517838234,-0.008583915653291876,-0.0024019104925420386
single_shape,plain2_w16_gap,pixel_permuted_template,retention_1,5,prob_error_reduction,100,-0.005351226234062565,-0.008510367080123475,-0.002044357723301184
single_shape,plain2_w16_gap,pixel_permuted_template,retention_1,6,prob_error_reduction,100,-0.005136625563104533,-0.00881025680634117,-0.0015393897056685717
single_shape,plain2_w16_gap,pixel_permuted_template,retention_1,7,prob_error_reduction,100,-0.0043654596844239614,-0.008427195099275829,-0.00040154156924671476
single_shape,plain2_w16_gap,pixel_permuted_template,retention_1,8,prob_error_reduction,100,-0.0003082521271548666,-0.004221217181833298,0.003871091629911163
single_shape,plain2_w16_gap,pixel_permuted_template,retention_1,9,prob_error_reduction,100,0.0011528971972165436,-0.002830422291476396,0.005330118011703015
single_shape,plain2_w16_gap,pixel_permuted_template,retention_1,10,prob_error_reduction,100,0.008758648088286575,0.00467760609918422,0.012867937977590026
single_shape,plain2_w16_gap,pixel_permuted_template,retention_1,11,prob_error_reduction,100,0.013665787276469046,0.009904147088888694,0.017490692632835488
single_shape,plain2_w16_gap,pixel_permuted_template,retention_1,12,prob_error_reduction,100,0.022104008367040507,0.01803052192277513,0.026443023042093474
single_shape,plain2_w16_gap,pixel_permuted_template,retention_1,13,prob_error_reduction,100,0.027950270829320393,0.023902402350502422,0.03210194001504882
single_shape,plain2_w16_gap,pixel_permuted_template,retention_1,14,prob_error_reduction,100,0.03584270741069842,0.031587054653149975,0.0403863765223476
single_shape,plain2_w16_gap,pixel_permuted_template,retention_1,15,prob_error_reduction,100,0.047017901388141305,0.041832053685039616,0.05245301023026985
single_shape,plain2_w16_gap,pixel_permuted_template,retention_1,16,prob_error_reduction,100,0.05381582058204468,0.04751608896091988,0.06076961425895447
single_shape,plain2_w16_gap,structured_template,release_default,0,prob_error_reduction,100,0.0,0.0,0.0
single_shape,plain2_w16_gap,structured_template,release_default,1,prob_error_reduction,100,0.0,0.0,0.0
single_shape,plain2_w16_gap,structured_template,release_default,2,prob_error_reduction,100,0.000351985619006312,-0.0011221433671788164,0.0017985141884708361
single_shape,plain2_w16_gap,structured_template,release_default,3,prob_error_reduction,100,0.0002909186599596958,-0.0026247967062767476,0.0031886097054972928
single_shape,plain2_w16_gap,structured_template,release_default,4,prob_error_reduction,100,0.005367149413773574,0.0008371398975127299,0.009901675817678226
single_shape,plain2_w16_gap,structured_template,release_default,5,prob_error_reduction,100,0.01074544667074083,0.0036522315022227453,0.017918075500881554
single_shape,plain2_w16_gap,structured_template,release_default,6,prob_error_reduction,100,0.026417002034717064,0.016419987101937036,0.03618167042401365
single_shape,plain2_w16_gap,structured_template,release_default,7,prob_error_reduction,100,0.0622280543504086,0.05105720068098596,0.07376079031255542
single_shape,plain2_w16_gap,structured_template,release_default,8,prob_error_reduction,100,0.09219224290393045,0.07898677994528736,0.10562436646466226
single_shape,plain2_w16_gap,structured_template,release_default,9,prob_error_reduction,100,0.12930648229628228,0.11412800496002344,0.14512574487231672
single_shape,plain2_w16_gap,structured_template,release_default,10,prob_error_reduction,100,0.16588810812341062,0.14923043861980337,0.18232596156785677
single_shape,plain2_w16_gap,structured_template,release_default,11,prob_error_reduction,100,0.1858035887103966,0.16674072197903098,0.20464202220643002
single_shape,plain2_w16_gap,structured_template,release_default,12,prob_error_reduction,100,0.2046908975835516,0.18635625703047917,0.2232169289179878
single_shape,plain2_w16_gap,structured_template,release_default,13,prob_error_reduction,100,0.2056734723184657,0.18677235443067708,0.22498064237246568
single_shape,plain2_w16_gap,structured_template,release_default,14,prob_error_reduction,100,0.24103647483550522,0.22231612742772386,0.25989535402297426
single_shape,plain2_w16_gap,structured_template,release_default,15,prob_error_reduction,100,0.2839509366029414,0.26654049794778045,0.30155621760750834
single_shape,plain2_w16_gap,structured_template,release_default,16,prob_error_reduction,100,0.30841983792668176,0.2913678565317864,0.3260391231508337
single_shape,plain2_w16_gap,structured_template,retention_1,0,prob_error_reduction,100,0.0,0.0,0.0
single_shape,plain2_w16_gap,structured_template,retention_1,1,prob_error_reduction,100,0.0,0.0,0.0
single_shape,plain2_w16_gap,structured_template,retention_1,2,prob_error_reduction,100,0.0034814801821136305,0.001271408519524145,0.005646739636322456
single_shape,plain2_w16_gap,structured_template,retention_1,3,prob_error_reduction,100,-0.0058856140994164915,-0.010092230858920343,-0.0016366970101323632
single_shape,plain2_w16_gap,structured_template,retention_1,4,prob_error_reduction,100,-0.01211378371451075,-0.016395113294104927,-0.007974324776460874
single_shape,plain2_w16_gap,structured_template,retention_1,5,prob_error_reduction,100,-0.0006417399409985325,-0.006371312326146021,0.005165865158025812
single_shape,plain2_w16_gap,structured_template,retention_1,6,prob_error_reduction,100,0.02082122224994688,0.013958320608939558,0.027997850156776593
single_shape,plain2_w16_gap,structured_template,retention_1,7,prob_error_reduction,100,0.03833983246124907,0.030814384021979366,0.04614617488363194
single_shape,plain2_w16_gap,structured_template,retention_1,8,prob_error_reduction,100,0.0650066773816739,0.0561854143268907,0.07371298559655846
single_shape,plain2_w16_gap,structured_template,retention_1,9,prob_error_reduction,100,0.10674850276259956,0.09488263766178409,0.11846671322257522
single_shape,plain2_w16_gap,structured_template,retention_1,10,prob_error_reduction,100,0.12162030724786194,0.10996438815944103,0.13340804342508122
single_shape,plain2_w16_gap,structured_template,retention_1,11,prob_error_reduction,100,0.12399787696895677,0.11109672098289257,0.13676948655451016
single_shape,plain2_w16_gap,structured_template,retention_1,12,prob_error_reduction,100,0.14084095098100005,0.12692247379513172,0.15505931633398676
single_shape,plain2_w16_gap,structured_template,retention_1,13,prob_error_reduction,100,0.18079466346254464,0.16648337442002836,0.19527180965232696
single_shape,plain2_w16_gap,structured_template,retention_1,14,prob_error_reduction,100,0.2525196993702867,0.2382934115275572,0.26702364172348564
single_shape,plain2_w16_gap,structured_template,retention_1,15,prob_error_reduction,100,0.311377747458088,0.29655936023849916,0.32637392350983
single_shape,plain2_w16_gap,structured_template,retention_1,16,prob_error_reduction,100,0.3360775563859923,0.32092650545093737,0.3521851656691127
single_shape,plain2_w16_gmp,pixel_permuted_template,release_default,0,prob_error_reduction,100,0.0,0.0,0.0
single_shape,plain2_w16_gmp,pixel_permuted_template,release_default,1,prob_error_reduction,100,0.0,0.0,0.0
single_shape,plain2_w16_gmp,pixel_permuted_template,release_default,2,prob_error_reduction,100,0.0016682719323878195,0.0012880608344532348,0.0020853193213940593
single_shape,plain2_w16_gmp,pixel_permuted_template,release_default,3,prob_error_reduction,100,0.013917571816276366,0.011615948447494044,0.016270755347096624
single_shape,plain2_w16_gmp,pixel_permuted_template,release_default,4,prob_error_reduction,100,0.0451834395776394,0.03965897333633748,0.050566866616219765
single_shape,plain2_w16_gmp,pixel_permuted_template,release_default,5,prob_error_reduction,100,0.11719737981001539,0.10901475915644468,0.12535120348074352
single_shape,plain2_w16_gmp,pixel_permuted_template,release_default,6,prob_error_reduction,100,0.24427084219915174,0.2350316272508621,0.2538828643627256
single_shape,plain2_w16_gmp,pixel_permuted_template,release_default,7,prob_error_reduction,100,0.4071591428098349,0.3967520791225621,0.41784637039747047
single_shape,plain2_w16_gmp,pixel_permuted_template,release_default,8,prob_error_reduction,100,0.5811177130331582,0.5684921521941485,0.5938047094637646
single_shape,plain2_w16_gmp,pixel_permuted_template,release_default,9,prob_error_reduction,100,0.7453300701334339,0.7325812041949785,0.7579115066043802
single_shape,plain2_w16_gmp,pixel_permuted_template,release_default,10,prob_error_reduction,100,0.8974343695025169,0.8837921669881063,0.9113918018091426
single_shape,plain2_w16_gmp,pixel_permuted_template,release_default,11,prob_error_reduction,100,1.0113508136980314,0.9969041014336114,1.0261432769732775
single_shape,plain2_w16_gmp,pixel_permuted_template,release_default,12,prob_error_reduction,100,1.0709798123537513,1.056898432929423,1.0857602181162944
single_shape,plain2_w16_gmp,pixel_permuted_template,release_default,13,prob_error_reduction,100,1.0987051670153445,1.0858735114388163,1.1119735455328545
single_shape,plain2_w16_gmp,pixel_permuted_template,release_default,14,prob_error_reduction,100,1.131051070592168,1.1188709275997832,1.1431809173275544
single_shape,plain2_w16_gmp,pixel_permuted_template,release_default,15,prob_error_reduction,100,1.166484329379479,1.1552933622472557,1.1776539290205628
single_shape,plain2_w16_gmp,pixel_permuted_template,release_default,16,prob_error_reduction,100,1.214174511740343,1.2044701565088651,1.2243603225181101
single_shape,plain2_w16_gmp,pixel_permuted_template,retention_1,0,prob_error_reduction,100,0.0,0.0,0.0
single_shape,plain2_w16_gmp,pixel_permuted_template,retention_1,1,prob_error_reduction,100,0.0,0.0,0.0
single_shape,plain2_w16_gmp,pixel_permuted_template,retention_1,2,prob_error_reduction,100,0.004539767912009415,0.003427057821245123,0.005739905309562666
single_shape,plain2_w16_gmp,pixel_permuted_template,retention_1,3,prob_error_reduction,100,0.01957797514821676,0.016511822597549932,0.022677120315302068
single_shape,plain2_w16_gmp,pixel_permuted_template,retention_1,4,prob_error_reduction,100,0.04991137490401381,0.04435870162807205,0.05577835762683045
single_shape,plain2_w16_gmp,pixel_permuted_template,retention_1,5,prob_error_reduction,100,0.11363447276367532,0.10549881369057115,0.12192095220012862
single_shape,plain2_w16_gmp,pixel_permuted_template,retention_1,6,prob_error_reduction,100,0.21060739470145604,0.20064351233142141,0.22108393423557662
single_shape,plain2_w16_gmp,pixel_permuted_template,retention_1,7,prob_error_reduction,100,0.3394575599251985,0.32845185282819567,0.3506054361518013
single_shape,plain2_w16_gmp,pixel_permuted_template,retention_1,8,prob_error_reduction,100,0.48982603739430125,0.4785354426942317,0.5014101132693483
single_shape,plain2_w16_gmp,pixel_permuted_template,retention_1,9,prob_error_reduction,100,0.6335397825577684,0.6225079561744503,0.6447340868348828
single_shape,plain2_w16_gmp,pixel_permuted_template,retention_1,10,prob_error_reduction,100,0.7799389438864166,0.7661926262588712,0.7936725138729026
single_shape,plain2_w16_gmp,pixel_permuted_template,retention_1,11,prob_error_reduction,100,0.8977073982820517,0.8851264988395905,0.9105076785026798
single_shape,plain2_w16_gmp,pixel_permuted_template,retention_1,12,prob_error_reduction,100,0.9735883731894703,0.9606033196068805,0.9865250463426071
single_shape,plain2_w16_gmp,pixel_permuted_template,retention_1,13,prob_error_reduction,100,1.0063531411161277,0.9942174658101477,1.0181827759524278
single_shape,plain2_w16_gmp,pixel_permuted_template,retention_1,14,prob_error_reduction,100,1.027756732018913,1.0168577683921987,1.0385344173800244
single_shape,plain2_w16_gmp,pixel_permuted_template,retention_1,15,prob_error_reduction,100,1.0527386478746705,1.0423278214494516,1.0632129541973248
single_shape,plain2_w16_gmp,pixel_permuted_template,retention_1,16,prob_error_reduction,100,1.0857466060344334,1.0767400471912538,1.094784382757562
single_shape,plain2_w16_gmp,structured_template,release_default,0,prob_error_reduction,100,0.0,0.0,0.0
single_shape,plain2_w16_gmp,structured_template,release_default,1,prob_error_reduction,100,0.0,0.0,0.0
single_shape,plain2_w16_gmp,structured_template,release_default,2,prob_error_reduction,100,-0.00040281703098532696,-0.0010552461773741355,0.0003584955384455388
single_shape,plain2_w16_gmp,structured_template,release_default,3,prob_error_reduction,100,-0.00628952244813481,-0.009157397213008317,-0.0034599549976370813
single_shape,plain2_w16_gmp,structured_template,release_default,4,prob_error_reduction,100,-0.021075817831578345,-0.02655581366127619,-0.01565662886687104
single_shape,plain2_w16_gmp,structured_template,release_default,5,prob_error_reduction,100,-0.017322751458058547,-0.02545762901360915,-0.00914450127800544
single_shape,plain2_w16_gmp,structured_template,release_default,6,prob_error_reduction,100,0.04412425123660867,0.033521900083963344,0.05551136347597869
single_shape,plain2_w16_gmp,structured_template,release_default,7,prob_error_reduction,100,0.15559862009058464,0.14336221992701695,0.16813844246820228
single_shape,plain2_w16_gmp,structured_template,release_default,8,prob_error_reduction,100,0.2872935792666175,0.27261287034362713,0.30198401538964387
single_shape,plain2_w16_gmp,structured_template,release_default,9,prob_error_reduction,100,0.42434568122907323,0.4089446586288383,0.43964106172710193
single_shape,plain2_w16_gmp,structured_template,release_default,10,prob_error_reduction,100,0.5762110864512373,0.5593370477742673,0.593142893122435
single_shape,plain2_w16_gmp,structured_template,release_default,11,prob_error_reduction,100,0.7318056944502729,0.7151984965722222,0.74857339626371
single_shape,plain2_w16_gmp,structured_template,release_default,12,prob_error_reduction,100,0.8569299699884971,0.8415465719027403,0.8724136408072399
single_shape,plain2_w16_gmp,structured_template,release_default,13,prob_error_reduction,100,0.938748480822752,0.9251774164723966,0.9523642249847986
single_shape,plain2_w16_gmp,structured_template,release_default,14,prob_error_reduction,100,0.9931452733859443,0.9800915308118069,1.005868043479579
single_shape,plain2_w16_gmp,structured_template,release_default,15,prob_error_reduction,100,1.0377262025755891,1.023771720966345,1.0516648617442745
single_shape,plain2_w16_gmp,structured_template,release_default,16,prob_error_reduction,100,1.0818494223135862,1.069280378209362,1.0941964148448633
single_shape,plain2_w16_gmp,structured_template,retention_1,0,prob_error_reduction,100,0.0,0.0,0.0
single_shape,plain2_w16_gmp,structured_template,retention_1,1,prob_error_reduction,100,0.0,0.0,0.0
single_shape,plain2_w16_gmp,structured_template,retention_1,2,prob_error_reduction,100,-0.003387464859873042,-0.004975328191913997,-0.0017328514239503972
single_shape,plain2_w16_gmp,structured_template,retention_1,3,prob_error_reduction,100,-0.004779901386614923,-0.009728352591260191,5.833482414890453e-05
single_shape,plain2_w16_gmp,structured_template,retention_1,4,prob_error_reduction,100,-0.0046928164313617664,-0.011201526393515869,0.0018130613642144454
single_shape,plain2_w16_gmp,structured_template,retention_1,5,prob_error_reduction,100,-0.002192322458688142,-0.011026759683381173,0.006997421979554182
single_shape,plain2_w16_gmp,structured_template,retention_1,6,prob_error_reduction,100,0.020903030385548815,0.007863342850029943,0.034235980200465616
single_shape,plain2_w16_gmp,structured_template,retention_1,7,prob_error_reduction,100,0.09888077415720051,0.08326145854103302,0.11392275320062589
single_shape,plain2_w16_gmp,structured_template,retention_1,8,prob_error_reduction,100,0.19037391262328335,0.17642949291947999,0.20399547590247724
single_shape,plain2_w16_gmp,structured_template,retention_1,9,prob_error_reduction,100,0.26758981716947994,0.254052663019327,0.2803824540239931
single_shape,plain2_w16_gmp,structured_template,retention_1,10,prob_error_reduction,100,0.4015923219631234,0.3872768841559342,0.4163592719286478
single_shape,plain2_w16_gmp,structured_template,retention_1,11,prob_error_reduction,100,0.6001121494972168,0.5850368701017202,0.6149980082643618
single_shape,plain2_w16_gmp,structured_template,retention_1,12,prob_error_reduction,100,0.7933963092469634,0.7779415900667249,0.8092023466767038
single_shape,plain2_w16_gmp,structured_template,retention_1,13,prob_error_reduction,100,0.89593201956156,0.8811847896510124,0.9103436936272087
single_shape,plain2_w16_gmp,structured_template,retention_1,14,prob_error_reduction,100,0.9656210480197527,0.9516104770627494,0.9790607788883184
single_shape,plain2_w16_gmp,structured_template,retention_1,15,prob_error_reduction,100,1.0183054305595314,1.005179941743409,1.0311645232779636
single_shape,plain2_w16_gmp,structured_template,retention_1,16,prob_error_reduction,100,1.0538376602735835,1.041211239696448,1.0662831585777175
single_shape,tiny_gap,pixel_permuted_template,release_default,0,prob_error_reduction,100,0.0,0.0,0.0
single_shape,tiny_gap,pixel_permuted_template,release_default,1,prob_error_reduction,100,0.0,0.0,0.0
single_shape,tiny_gap,pixel_permuted_template,release_default,2,prob_error_reduction,100,-4.029286071460802e-12,-1.804543555833371e-10,1.6379178875008943e-10
single_shape,tiny_gap,pixel_permuted_template,release_default,3,prob_error_reduction,100,-1.0072104400515868e-10,-3.6499171286730193e-10,1.676113537477097e-10
single_shape,tiny_gap,pixel_permuted_template,release_default,4,prob_error_reduction,100,-3.8055243567480803e-10,-7.813281466123589e-10,7.851422387239456e-12
single_shape,tiny_gap,pixel_permuted_template,release_default,5,prob_error_reduction,100,-3.3448178643480377e-10,-8.703162173578915e-10,2.1164118876176846e-10
single_shape,tiny_gap,pixel_permuted_template,release_default,6,prob_error_reduction,100,-3.987291302687268e-10,-1.040321147866008e-09,2.324921627300246e-10
single_shape,tiny_gap,pixel_permuted_template,release_default,7,prob_error_reduction,100,-2.3008294824933273e-10,-1.0186423469588089e-09,5.986186537992872e-10
single_shape,tiny_gap,pixel_permuted_template,release_default,8,prob_error_reduction,100,-2.882946764648509e-10,-1.2587059816521195e-09,6.953561124817258e-10
single_shape,tiny_gap,pixel_permuted_template,release_default,9,prob_error_reduction,100,-6.394154278277497e-10,-1.72567002676427e-09,4.382517142936801e-10
single_shape,tiny_gap,pixel_permuted_template,release_default,10,prob_error_reduction,100,-5.43601906821678e-10,-1.6669268134289482e-09,5.930972640094673e-10
single_shape,tiny_gap,pixel_permuted_template,release_default,11,prob_error_reduction,100,-3.7620795700910035e-10,-1.4722474277056862e-09,7.491884252974755e-10
single_shape,tiny_gap,pixel_permuted_template,release_default,12,prob_error_reduction,100,-1.9889410451945367e-10,-1.1450589220141082e-09,7.840566288858096e-10
single_shape,tiny_gap,pixel_permuted_template,release_default,13,prob_error_reduction,100,-2.2032805024885248e-10,-1.048115849444642e-09,6.125561568537385e-10
single_shape,tiny_gap,pixel_permuted_template,release_default,14,prob_error_reduction,100,-8.172814203177836e-11,-7.083815392605608e-10,5.309343739379191e-10
single_shape,tiny_gap,pixel_permuted_template,release_default,15,prob_error_reduction,100,-8.112444049857004e-11,-4.4700247278650627e-10,2.7886265283050263e-10
single_shape,tiny_gap,pixel_permuted_template,release_default,16,prob_error_reduction,100,1.8368639942423215e-13,1.7953966091610596e-13,1.8794410472366961e-13
single_shape,tiny_gap,pixel_permuted_template,retention_1,0,prob_error_reduction,100,0.0,0.0,0.0
single_shape,tiny_gap,pixel_permuted_template,retention_1,1,prob_error_reduction,100,0.0,0.0,0.0
single_shape,tiny_gap,pixel_permuted_template,retention_1,2,prob_error_reduction,100,1.6172176792172975e-11,-3.624034408591242e-11,6.90026819138295e-11
single_shape,tiny_gap,pixel_permuted_template,retention_1,3,prob_error_reduction,100,1.9893723474107007e-12,-8.950459129408727e-11,9.201864402744172e-11
single_shape,tiny_gap,pixel_permuted_template,retention_1,4,prob_error_reduction,100,2.271547810961394e-12,-1.1382161978906735e-10,1.20238851104848e-10
single_shape,tiny_gap,pixel_permuted_template,retention_1,5,prob_error_reduction,100,-8.996026701346694e-12,-1.4617903786387498e-10,1.3236590823764715e-10
single_shape,tiny_gap,pixel_permuted_template,retention_1,6,prob_error_reduction,100,-3.926902136797139e-12,-1.6286461811468312e-10,1.5349980532139417e-10
single_shape,tiny_gap,pixel_permuted_template,retention_1,7,prob_error_reduction,100,-2.7592960832878434e-11,-1.980212893659683e-10,1.422014285282213e-10
single_shape,tiny_gap,pixel_permuted_template,retention_1,8,prob_error_reduction,100,-3.7118056128715435e-11,-2.2050086792915756e-10,1.4226775552766965e-10
single_shape,tiny_gap,pixel_permuted_template,retention_1,9,prob_error_reduction,100,-5.998982949284582e-11,-2.545033484686876e-10,1.309229971171999e-10
single_shape,tiny_gap,pixel_permuted_template,retention_1,10,prob_error_reduction,100,-6.179560529950833e-11,-2.623000505824757e-10,1.399499566061279e-10
single_shape,tiny_gap,pixel_permuted_template,retention_1,11,prob_error_reduction,100,-9.386845731262917e-11,-2.893524943606285e-10,1.030895093942496e-10
single_shape,tiny_gap,pixel_permuted_template,retention_1,12,prob_error_reduction,100,-1.0201069960968923e-10,-2.854771213589569e-10,7.839930818431808e-11
single_shape,tiny_gap,pixel_permuted_template,retention_1,13,prob_error_reduction,100,-8.535900999917522e-11,-2.377925438258599e-10,6.952550791333721e-11
single_shape,tiny_gap,pixel_permuted_template,retention_1,14,prob_error_reduction,100,-5.488210622073275e-11,-1.724206413304674e-10,6.105186148644409e-11
single_shape,tiny_gap,pixel_permuted_template,retention_1,15,prob_error_reduction,100,-3.4721951008842566e-11,-1.01862949436482e-10,3.146077974872097e-11
single_shape,tiny_gap,pixel_permuted_template,retention_1,16,prob_error_reduction,100,8.950701291254859e-14,8.819569727314125e-14,9.086248420331345e-14
single_shape,tiny_gap,structured_template,release_default,0,prob_error_reduction,100,0.0,0.0,0.0
single_shape,tiny_gap,structured_template,release_default,1,prob_error_reduction,100,0.0,0.0,0.0
single_shape,tiny_gap,structured_template,release_default,2,prob_error_reduction,100,6.979668232265368e-13,-1.8376282833257318e-10,1.8088164620636004e-10
single_shape,tiny_gap,structured_template,release_default,3,prob_error_reduction,100,-2.1380979042806558e-10,-5.217605651072765e-10,9.801831746952814e-11
single_shape,tiny_gap,structured_template,release_default,4,prob_error_reduction,100,-2.871669158022172e-10,-7.108817575568471e-10,1.416482316857202e-10
single_shape,tiny_gap,structured_template,release_default,5,prob_error_reduction,100,-1.1850901815435578e-10,-7.064584151700304e-10,4.4981537082600106e-10
single_shape,tiny_gap,structured_template,release_default,6,prob_error_reduction,100,-1.1603802640980376e-10,-7.946593259533507e-10,5.778183511384589e-10
single_shape,tiny_gap,structured_template,release_default,7,prob_error_reduction,100,-1.4703912976088418e-10,-9.168915622026485e-10,6.500868370701294e-10
single_shape,tiny_gap,structured_template,release_default,8,prob_error_reduction,100,-2.7264325463960405e-10,-1.0953277051889421e-09,5.834780863744889e-10
single_shape,tiny_gap,structured_template,release_default,9,prob_error_reduction,100,-4.125176311653434e-12,-8.526325427637981e-10,8.342694589325015e-10
single_shape,tiny_gap,structured_template,release_default,10,prob_error_reduction,100,5.4985936359663864e-11,-7.98908580221247e-10,8.683361475414483e-10
single_shape,tiny_gap,structured_template,release_default,11,prob_error_reduction,100,2.484931183044381e-10,-5.474395352866868e-10,9.97578582490055e-10
single_shape,tiny_gap,structured_template,release_default,12,prob_error_reduction,100,3.829678241196177e-11,-5.174492466175628e-10,6.0577857621813e-10
single_shape,tiny_gap,structured_template,release_default,13,prob_error_reduction,100,1.3119607067402227e-10,-2.9179810814849994e-10,5.531078642595499e-10
single_shape,tiny_gap,structured_template,release_default,14,prob_error_reduction,100,9.074968110311942e-11,-2.265293758962894e-10,4.0605764595191805e-10
single_shape,tiny_gap,structured_template,release_default,15,prob_error_reduction,100,6.346469683116141e-11,-1.2651155978371518e-10,2.366139570941783e-10
single_shape,tiny_gap,structured_template,release_default,16,prob_error_reduction,100,1.433120289107137e-13,1.3993251002375474e-13,1.4668274928020253e-13
single_shape,tiny_gap,structured_template,retention_1,0,prob_error_reduction,100,0.0,0.0,0.0
single_shape,tiny_gap,structured_template,retention_1,1,prob_error_reduction,100,0.0,0.0,0.0
single_shape,tiny_gap,structured_template,retention_1,2,prob_error_reduction,100,-6.71094042142828e-11,-1.2940275230868827e-10,-3.2777085438168344e-12
single_shape,tiny_gap,structured_template,retention_1,3,prob_error_reduction,100,-9.714012892680923e-11,-1.9496173406068075e-10,-1.1811229928132757e-12
single_shape,tiny_gap,structured_template,retention_1,4,prob_error_reduction,100,-6.128285170992064e-11,-2.0686106155104465e-10,8.546632778924643e-11
single_shape,tiny_gap,structured_template,retention_1,5,prob_error_reduction,100,-9.129416778108634e-11,-2.6644139776779707e-10,8.077465369835112e-11
single_shape,tiny_gap,structured_template,retention_1,6,prob_error_reduction,100,-9.489906763193723e-11,-2.964633574985276e-10,1.1056245861895671e-10
single_shape,tiny_gap,structured_template,retention_1,7,prob_error_reduction,100,-1.400569091258852e-10,-3.523829551904667e-10,6.904762870144072e-11
single_shape,tiny_gap,structured_template,retention_1,8,prob_error_reduction,100,-1.0130421695953018e-10,-3.092431565439313e-10,1.0538766244405632e-10
single_shape,tiny_gap,structured_template,retention_1,9,prob_error_reduction,100,-6.742929881120574e-11,-2.665689423017592e-10,1.303410800818082e-10
single_shape,tiny_gap,structured_template,retention_1,10,prob_error_reduction,100,-2.5892623323198193e-11,-1.9931025449504424e-10,1.4300244516318726e-10
single_shape,tiny_gap,structured_template,retention_1,11,prob_error_reduction,100,-2.722325920245794e-11,-1.783603332042305e-10,1.211395567191076e-10
single_shape,tiny_gap,structured_template,retention_1,12,prob_error_reduction,100,-9.778816367767007e-12,-1.2518526130295137e-10,1.0544882035612431e-10
single_shape,tiny_gap,structured_template,retention_1,13,prob_error_reduction,100,1.3477080562651622e-11,-5.98946201454953e-11,8.564831958240979e-11
single_shape,tiny_gap,structured_template,retention_1,14,prob_error_reduction,100,5.8936772129314365e-12,-3.7010963092887203e-11,4.792557788818596e-11
single_shape,tiny_gap,structured_template,retention_1,15,prob_error_reduction,100,5.859675522579266e-12,-1.2436646198987766e-11,2.3998458990870382e-11
single_shape,tiny_gap,structured_template,retention_1,16,prob_error_reduction,100,1.0035833275523487e-13,9.888033447591482e-14,1.0177143849876557e-13
single_shape,tiny_gmp,pixel_permuted_template,release_default,0,prob_error_reduction,100,0.0,0.0,0.0
single_shape,tiny_gmp,pixel_permuted_template,release_default,1,prob_error_reduction,100,0.0,0.0,0.0
single_shape,tiny_gmp,pixel_permuted_template,release_default,2,prob_error_reduction,100,-2.949529860629685e-10,-8.740409552891737e-10,3.102655988587721e-10
single_shape,tiny_gmp,pixel_permuted_template,release_default,3,prob_error_reduction,100,-6.638854566087815e-10,-1.9739251894135276e-09,6.817086650734438e-10
single_shape,tiny_gmp,pixel_permuted_template,release_default,4,prob_error_reduction,100,-5.96957966392253e-10,-2.4795301015179125e-09,1.2386184425061669e-09
single_shape,tiny_gmp,pixel_permuted_template,release_default,5,prob_error_reduction,100,-8.829567832435714e-10,-3.025446271953669e-09,1.2430510761829434e-09
single_shape,tiny_gmp,pixel_permuted_template,release_default,6,prob_error_reduction,100,-6.244584360715066e-10,-2.762295678249149e-09,1.4898858621270605e-09
single_shape,tiny_gmp,pixel_permuted_template,release_default,7,prob_error_reduction,100,-1.0908848557811268e-09,-3.22597831442506e-09,1.0273109839475934e-09
single_shape,tiny_gmp,pixel_permuted_template,release_default,8,prob_error_reduction,100,-1.3275011534474856e-10,-2.1443881554894515e-09,1.865230589592759e-09
single_shape,tiny_gmp,pixel_permuted_template,release_default,9,prob_error_reduction,100,-4.915243545511317e-11,-1.786839654738248e-09,1.68921864501792e-09
single_shape,tiny_gmp,pixel_permuted_template,release_default,10,prob_error_reduction,100,-4.3618113787502465e-10,-1.6493338901302223e-09,7.969315628519877e-10
single_shape,tiny_gmp,pixel_permuted_template,release_default,11,prob_error_reduction,100,-2.557886102927398e-10,-1.203062774013386e-09,6.857516234304304e-10
single_shape,tiny_gmp,pixel_permuted_template,release_default,12,prob_error_reduction,100,-1.1971116098408175e-10,-7.034413996298562e-10,4.657241191585724e-10
single_shape,tiny_gmp,pixel_permuted_template,release_default,13,prob_error_reduction,100,1.2778827107595702e-10,-2.6362619326425475e-10,5.291239674187764e-10
single_shape,tiny_gmp,pixel_permuted_template,release_default,14,prob_error_reduction,100,4.923161434078338e-11,-1.4591278291176126e-10,2.434090257130705e-10
single_shape,tiny_gmp,pixel_permuted_template,release_default,15,prob_error_reduction,100,5.018787607724562e-12,-5.133429625825414e-11,5.980532535865278e-11
single_shape,tiny_gmp,pixel_permuted_template,release_default,16,prob_error_reduction,100,1.0969003483296547e-15,9.01501095995627e-16,1.3233858453531866e-15
single_shape,tiny_gmp,pixel_permuted_template,retention_1,0,prob_error_reduction,100,0.0,0.0,0.0
single_shape,tiny_gmp,pixel_permuted_template,retention_1,1,prob_error_reduction,100,0.0,0.0,0.0
single_shape,tiny_gmp,pixel_permuted_template,retention_1,2,prob_error_reduction,100,1.4603896536513617e-10,-2.3165807455649557e-10,5.243720747200029e-10
single_shape,tiny_gmp,pixel_permuted_template,retention_1,3,prob_error_reduction,100,1.9270197770815402e-10,-5.227054121759167e-10,8.821428976457653e-10
single_shape,tiny_gmp,pixel_permuted_template,retention_1,4,prob_error_reduction,100,-7.505629007198422e-11,-1.0910648153006353e-09,9.312512209980191e-10
single_shape,tiny_gmp,pixel_permuted_template,retention_1,5,prob_error_reduction,100,-6.28816898551321e-11,-1.1838922554796572e-09,1.0599617046025411e-09
single_shape,tiny_gmp,pixel_permuted_template,retention_1,6,prob_error_reduction,100,-1.6718073370114438e-10,-1.3670983149416391e-09,9.784383060984501e-10
single_shape,tiny_gmp,pixel_permuted_template,retention_1,7,prob_error_reduction,100,-5.016112791800254e-10,-1.6866142766303051e-09,7.056973292396406e-10
single_shape,tiny_gmp,pixel_permuted_template,retention_1,8,prob_error_reduction,100,-7.405117230518954e-10,-1.879092983159136e-09,4.246699876753182e-10
single_shape,tiny_gmp,pixel_permuted_template,retention_1,9,prob_error_reduction,100,-6.535307939259383e-10,-1.6998655301136978e-09,4.2412585532503034e-10
single_shape,tiny_gmp,pixel_permuted_template,retention_1,10,prob_error_reduction,100,-3.560263817092846e-10,-1.2448864422087702e-09,5.464400963384185e-10
single_shape,tiny_gmp,pixel_permuted_template,retention_1,11,prob_error_reduction,100,-5.75411744918597e-10,-1.2538182612154003e-09,1.0388690940832385e-10
single_shape,tiny_gmp,pixel_permuted_template,retention_1,12,prob_error_reduction,100,-3.1953836909792696e-10,-8.138703351256992e-10,1.7105464944489047e-10
single_shape,tiny_gmp,pixel_permuted_template,retention_1,13,prob_error_reduction,100,-2.0479737239398332e-10,-5.129778576362653e-10,1.021425468650249e-10
single_shape,tiny_gmp,pixel_permuted_template,retention_1,14,prob_error_reduction,100,-7.099214993644409e-11,-2.581407996804508e-10,1.1745445371857937e-10
single_shape,tiny_gmp,pixel_permuted_template,retention_1,15,prob_error_reduction,100,-3.3530827003858124e-11,-1.2671507443329234e-10,6.175903044525199e-11
single_shape,tiny_gmp,pixel_permuted_template,retention_1,16,prob_error_reduction,100,2.829736445164599e-14,2.7124913426490594e-14,2.950756305963864e-14
single_shape,tiny_gmp,structured_template,release_default,0,prob_error_reduction,100,0.0,0.0,0.0
single_shape,tiny_gmp,structured_template,release_default,1,prob_error_reduction,100,0.0,0.0,0.0
single_shape,tiny_gmp,structured_template,release_default,2,prob_error_reduction,100,-8.096190826090144e-10,-1.454850323365231e-09,-1.574452494282345e-10
single_shape,tiny_gmp,structured_template,release_default,3,prob_error_reduction,100,-1.171414151790451e-09,-2.6565560971580917e-09,2.73056467645083e-10
single_shape,tiny_gmp,structured_template,release_default,4,prob_error_reduction,100,-1.2374736257925178e-09,-3.000633178068535e-09,5.57929616396002e-10
single_shape,tiny_gmp,structured_template,release_default,5,prob_error_reduction,100,-1.0192457677860035e-09,-2.867630780500896e-09,8.50528808216122e-10
single_shape,tiny_gmp,structured_template,release_default,6,prob_error_reduction,100,-1.0665157645917133e-11,-1.8577817972320609e-09,1.8650167014633276e-09
single_shape,tiny_gmp,structured_template,release_default,7,prob_error_reduction,100,4.848196688556073e-10,-1.3228572083856527e-09,2.3358960111186096e-09
single_shape,tiny_gmp,structured_template,release_default,8,prob_error_reduction,100,1.2248524394742333e-09,-5.962091708111572e-10,3.09398558745455e-09
single_shape,tiny_gmp,structured_template,release_default,9,prob_error_reduction,100,1.0282360229929566e-09,-6.07773366578801e-10,2.6484092737755185e-09
single_shape,tiny_gmp,structured_template,release_default,10,prob_error_reduction,100,5.533990532491373e-10,-6.479012352178515e-10,1.7972180988423677e-09
single_shape,tiny_gmp,structured_template,release_default,11,prob_error_reduction,100,2.8316680555917627e-10,-5.732201795449754e-10,1.1501978834371758e-09
single_shape,tiny_gmp,structured_template,release_default,12,prob_error_reduction,100,5.832878624545401e-11,-5.826969682876104e-10,7.095936336298788e-10
single_shape,tiny_gmp,structured_template,release_default,13,prob_error_reduction,100,9.140658230322174e-11,-2.1726424070944717e-10,3.9473136925760596e-10
single_shape,tiny_gmp,structured_template,release_default,14,prob_error_reduction,100,1.5163375000071256e-11,-1.5762253363638122e-10,1.9090074260263986e-10
single_shape,tiny_gmp,structured_template,release_default,15,prob_error_reduction,100,-1.6002923430846748e-11,-7.8535108527511e-11,4.287678712078246e-11
single_shape,tiny_gmp,structured_template,release_default,16,prob_error_reduction,100,1.3522516439934406e-15,1.114663916723657e-15,1.6076029396572267e-15
single_shape,tiny_gmp,structured_template,retention_1,0,prob_error_reduction,100,0.0,0.0,0.0
single_shape,tiny_gmp,structured_template,retention_1,1,prob_error_reduction,100,0.0,0.0,0.0
single_shape,tiny_gmp,structured_template,retention_1,2,prob_error_reduction,100,1.2868514087660544e-10,-4.2805261729617066e-10,6.787803882163377e-10
single_shape,tiny_gmp,structured_template,retention_1,3,prob_error_reduction,100,2.582715841192851e-10,-6.211057543281661e-10,1.1474135363787051e-09
single_shape,tiny_gmp,structured_template,retention_1,4,prob_error_reduction,100,2.619977546025609e-10,-8.313500108325655e-10,1.373696090739562e-09
single_shape,tiny_gmp,structured_template,retention_1,5,prob_error_reduction,100,6.769151883467828e-10,-3.4112160557375757e-10,1.724624697829746e-09
single_shape,tiny_gmp,structured_template,retention_1,6,prob_error_reduction,100,4.155749211420812e-10,-6.034088352868671e-10,1.4302504142138513e-09
single_shape,tiny_gmp,structured_template,retention_1,7,prob_error_reduction,100,8.877177193333807e-10,-1.1404624267186136e-10,1.8754132626308536e-09
single_shape,tiny_gmp,structured_template,retention_1,8,prob_error_reduction,100,1.1137329081201131e-09,1.8642089100184833e-10,2.030373042527511e-09
single_shape,tiny_gmp,structured_template,retention_1,9,prob_error_reduction,100,1.1467446969781748e-09,2.398989379925887e-10,2.033729637362924e-09
single_shape,tiny_gmp,structured_template,retention_1,10,prob_error_reduction,100,1.1801940713596082e-09,4.0157366404391935e-10,1.940859872262557e-09
single_shape,tiny_gmp,structured_template,retention_1,11,prob_error_reduction,100,1.2417108852247338e-09,6.289528761693752e-10,1.8404313472109023e-09
single_shape,tiny_gmp,structured_template,retention_1,12,prob_error_reduction,100,9.455095439925287e-10,3.9888203923199585e-10,1.4761994912571015e-09
single_shape,tiny_gmp,structured_template,retention_1,13,prob_error_reduction,100,4.532410535773579e-10,4.450007395906398e-11,8.598209864096873e-10
single_shape,tiny_gmp,structured_template,retention_1,14,prob_error_reduction,100,1.903055601992776e-10,-8.769177811673854e-11,4.680924214350843e-10
single_shape,tiny_gmp,structured_template,retention_1,15,prob_error_reduction,100,1.0415727835777488e-10,-3.5824923638738675e-11,2.533596688558681e-10
single_shape,tiny_gmp,structured_template,retention_1,16,prob_error_reduction,100,2.4638069362481473e-14,2.3643309532417335e-14,2.5650592760939616e-14
two_concepts,plain2_w16_gap,pixel_permuted_template,release_default,0,prob_error_reduction,100,0.0,0.0,0.0
two_concepts,plain2_w16_gap,pixel_permuted_template,release_default,1,prob_error_reduction,100,0.0,0.0,0.0
two_concepts,plain2_w16_gap,pixel_permuted_template,release_default,2,prob_error_reduction,100,0.0021350277885060177,0.0017420308652755564,0.0025213352173392677
two_concepts,plain2_w16_gap,pixel_permuted_template,release_default,3,prob_error_reduction,100,0.0065159751032594256,0.005639165774478109,0.007433399213621351
two_concepts,plain2_w16_gap,pixel_permuted_template,release_default,4,prob_error_reduction,100,0.013137659528061743,0.011631776508937063,0.014670853430589123
two_concepts,plain2_w16_gap,pixel_permuted_template,release_default,5,prob_error_reduction,100,0.020859100438350823,0.018898185627795907,0.022806521261496772
two_concepts,plain2_w16_gap,pixel_permuted_template,release_default,6,prob_error_reduction,100,0.02964712878923813,0.02734196206576879,0.03202377206792385
two_concepts,plain2_w16_gap,pixel_permuted_template,release_default,7,prob_error_reduction,100,0.039759820562670765,0.036756405361894284,0.04290813135953976
two_concepts,plain2_w16_gap,pixel_permuted_template,release_default,8,prob_error_reduction,100,0.04780196334830218,0.044222470480397555,0.051571416627688965
two_concepts,plain2_w16_gap,pixel_permuted_template,release_default,9,prob_error_reduction,100,0.0556643475371142,0.0512306473200712,0.06051948767720894
two_concepts,plain2_w16_gap,pixel_permuted_template,release_default,10,prob_error_reduction,100,0.06025756948358821,0.05494812674298847,0.06599991001761939
two_concepts,plain2_w16_gap,pixel_permuted_template,release_default,11,prob_error_reduction,100,0.06303977803647483,0.05733991472148076,0.06938870122376267
two_concepts,plain2_w16_gap,pixel_permuted_template,release_default,12,prob_error_reduction,100,0.06405368238277287,0.057774244010873034,0.07107347716448163
two_concepts,plain2_w16_gap,pixel_permuted_template,release_default,13,prob_error_reduction,100,0.06347177476385672,0.05670936776966691,0.07091066782942829
two_concepts,plain2_w16_gap,pixel_permuted_template,release_default,14,prob_error_reduction,100,0.06107356668486558,0.05423214735189896,0.06836606667941625
two_concepts,plain2_w16_gap,pixel_permuted_template,release_default,15,prob_error_reduction,100,0.05847396224144925,0.05142391551969379,0.06653234103980155
two_concepts,plain2_w16_gap,pixel_permuted_template,release_default,16,prob_error_reduction,100,0.056877073844029125,0.04983111526683424,0.06470936079706031
two_concepts,plain2_w16_gap,pixel_permuted_template,retention_1,0,prob_error_reduction,100,0.0,0.0,0.0
two_concepts,plain2_w16_gap,pixel_permuted_template,retention_1,1,prob_error_reduction,100,0.0,0.0,0.0
two_concepts,plain2_w16_gap,pixel_permuted_template,retention_1,2,prob_error_reduction,100,0.001181701659094088,0.000890075727362871,0.0014923889223329978
two_concepts,plain2_w16_gap,pixel_permuted_template,retention_1,3,prob_error_reduction,100,0.002761241885473371,0.0022858210493618496,0.0032611228836268795
two_concepts,plain2_w16_gap,pixel_permuted_template,retention_1,4,prob_error_reduction,100,0.0047135894020881005,0.004029037512917199,0.005435849302863732
two_concepts,plain2_w16_gap,pixel_permuted_template,retention_1,5,prob_error_reduction,100,0.006741685487580703,0.005854992888914438,0.007706856255589767
two_concepts,plain2_w16_gap,pixel_permuted_template,retention_1,6,prob_error_reduction,100,0.009074194843502487,0.008041408293693868,0.010164901684606372
two_concepts,plain2_w16_gap,pixel_permuted_template,retention_1,7,prob_error_reduction,100,0.01111259378897354,0.009936842558253577,0.012355833754536283
two_concepts,plain2_w16_gap,pixel_permuted_template,retention_1,8,prob_error_reduction,100,0.01292363605371136,0.011543687626409742,0.014372892804285909
two_concepts,plain2_w16_gap,pixel_permuted_template,retention_1,9,prob_error_reduction,100,0.01454855657556048,0.012952842526191524,0.016287250895694917
two_concepts,plain2_w16_gap,pixel_permuted_template,retention_1,10,prob_error_reduction,100,0.015705257219902475,0.013969958309689825,0.017527539640598354
two_concepts,plain2_w16_gap,pixel_permuted_template,retention_1,11,prob_error_reduction,100,0.016098635612980226,0.014230957732015265,0.01814412688100318
two_concepts,plain2_w16_gap,pixel_permuted_template,retention_1,12,prob_error_reduction,100,0.016110235653485187,0.014127514267756878,0.018242372992913532
two_concepts,plain2_w16_gap,pixel_permuted_template,retention_1,13,prob_error_reduction,100,0.015617986094315221,0.013544408936737116,0.017926153810756754
two_concepts,plain2_w16_gap,pixel_permuted_template,retention_1,14,prob_error_reduction,100,0.014462150707114747,0.012425778090774307,0.01673967629405366
two_concepts,plain2_w16_gap,pixel_permuted_template,retention_1,15,prob_error_reduction,100,0.013339129302668753,0.01124344529904832,0.01572139293322965
two_concepts,plain2_w16_gap,pixel_permuted_template,retention_1,16,prob_error_reduction,100,0.012180144048059562,0.010187400438999879,0.014404733198154737
two_concepts,plain2_w16_gap,structured_template,release_default,0,prob_error_reduction,100,0.0,0.0,0.0
two_concepts,plain2_w16_gap,structured_template,release_default,1,prob_error_reduction,100,0.0,0.0,0.0
two_concepts,plain2_w16_gap,structured_template,release_default,2,prob_error_reduction,100,0.0012189462283325506,0.0008911311017104023,0.001582555876194521
two_concepts,plain2_w16_gap,structured_template,release_default,3,prob_error_reduction,100,0.003102433181235074,0.002496783420811526,0.0037342619953261175
two_concepts,plain2_w16_gap,structured_template,release_default,4,prob_error_reduction,100,0.006430486912754685,0.00548057763668574,0.007393128964484279
two_concepts,plain2_w16_gap,structured_template,release_default,5,prob_error_reduction,100,0.010766631041852498,0.009286116203898938,0.01227210081757192
two_concepts,plain2_w16_gap,structured_template,release_default,6,prob_error_reduction,100,0.01629166678312241,0.014477969529239647,0.01816865868751567
two_concepts,plain2_w16_gap,structured_template,release_default,7,prob_error_reduction,100,0.0220803136753821,0.019701448080690406,0.024589270694731317
two_concepts,plain2_w16_gap,structured_template,release_default,8,prob_error_reduction,100,0.029046522040253153,0.02643311488171717,0.03168733634895252
two_concepts,plain2_w16_gap,structured_template,release_default,9,prob_error_reduction,100,0.03462447419137887,0.03204198763908033,0.03719799448440075
two_concepts,plain2_w16_gap,structured_template,release_default,10,prob_error_reduction,100,0.03893016597786904,0.036496864596010245,0.04148485610842622
two_concepts,plain2_w16_gap,structured_template,release_default,11,prob_error_reduction,100,0.0417872956460674,0.03929781558966619,0.04426805590577066
two_concepts,plain2_w16_gap,structured_template,release_default,12,prob_error_reduction,100,0.042692432524197035,0.04025811837073128,0.04532867046338362
two_concepts,plain2_w16_gap,structured_template,release_default,13,prob_error_reduction,100,0.03926973297668018,0.036933191421388005,0.04178168221635759
two_concepts,plain2_w16_gap,structured_template,release_default,14,prob_error_reduction,100,0.03523435352001533,0.033053696759793125,0.03754064422513473
two_concepts,plain2_w16_gap,structured_template,release_default,15,prob_error_reduction,100,0.03108715457805305,0.028569348750059783,0.03372746910574245
two_concepts,plain2_w16_gap,structured_template,release_default,16,prob_error_reduction,100,0.029555960072356814,0.026663518285882263,0.03247090008775204
two_concepts,plain2_w16_gap,structured_template,retention_1,0,prob_error_reduction,100,0.0,0.0,0.0
two_concepts,plain2_w16_gap,structured_template,retention_1,1,prob_error_reduction,100,0.0,0.0,0.0
two_concepts,plain2_w16_gap,structured_template,retention_1,2,prob_error_reduction,100,0.0006461934329974181,0.0005571564283599141,0.0007383123064964686
two_concepts,plain2_w16_gap,structured_template,retention_1,3,prob_error_reduction,100,0.0022364998036476656,0.0020021903185749083,0.0024730645706631583
two_concepts,plain2_w16_gap,structured_template,retention_1,4,prob_error_reduction,100,0.0027491770674877188,0.0022578187284357665,0.003225216139125141
two_concepts,plain2_w16_gap,structured_template,retention_1,5,prob_error_reduction,100,0.0022881946974398835,0.0016600856106834593,0.002892276747903612
two_concepts,plain2_w16_gap,structured_template,retention_1,6,prob_error_reduction,100,0.0010941886235565576,0.00030934704161053345,0.0018838155624395219
two_concepts,plain2_w16_gap,structured_template,retention_1,7,prob_error_reduction,100,0.002795663726667239,0.0016916364047037094,0.003907366147545626
two_concepts,plain2_w16_gap,structured_template,retention_1,8,prob_error_reduction,100,0.002512241026424854,0.0011869622032689017,0.0038319046007915763
two_concepts,plain2_w16_gap,structured_template,retention_1,9,prob_error_reduction,100,0.004424716871390173,0.0029084457902377025,0.005959504167852645
two_concepts,plain2_w16_gap,structured_template,retention_1,10,prob_error_reduction,100,0.006809320367498798,0.0052346600786074724,0.008456538700027987
two_concepts,plain2_w16_gap,structured_template,retention_1,11,prob_error_reduction,100,0.007955163961556893,0.0062550659470214836,0.009677750796663154
two_concepts,plain2_w16_gap,structured_template,retention_1,12,prob_error_reduction,100,0.010886586463958996,0.009519862457445342,0.01227206696263814
two_concepts,plain2_w16_gap,structured_template,retention_1,13,prob_error_reduction,100,0.010570570660867848,0.009274817567442244,0.011901927211857009
two_concepts,plain2_w16_gap,structured_template,retention_1,14,prob_error_reduction,100,0.008440470463840376,0.007390949031554686,0.00952345962748263
two_concepts,plain2_w16_gap,structured_template,retention_1,15,prob_error_reduction,100,0.006181714501699348,0.005474272162962518,0.0069345492452608185
two_concepts,plain2_w16_gap,structured_template,retention_1,16,prob_error_reduction,100,0.004761949319585426,0.004293333995126211,0.005264803494720372
two_concepts,plain2_w16_gmp,pixel_permuted_template,release_default,0,prob_error_reduction,100,0.0,0.0,0.0
two_concepts,plain2_w16_gmp,pixel_permuted_template,release_default,1,prob_error_reduction,100,0.0,0.0,0.0
two_concepts,plain2_w16_gmp,pixel_permuted_template,release_default,2,prob_error_reduction,100,0.0003973412860199076,-7.339099926921508e-05,0.00097789277943935
two_concepts,plain2_w16_gmp,pixel_permuted_template,release_default,3,prob_error_reduction,100,0.0036285096920854755,0.0015823042501176266,0.005649125155704961
two_concepts,plain2_w16_gmp,pixel_permuted_template,release_default,4,prob_error_reduction,100,0.0222718453480641,0.017059792495816548,0.027700875321299376
two_concepts,plain2_w16_gmp,pixel_permuted_template,release_default,5,prob_error_reduction,100,0.07075507825607069,0.06159379975488591,0.08033775085245888
two_concepts,plain2_w16_gmp,pixel_permuted_template,release_default,6,prob_error_reduction,100,0.15244587774648966,0.13923353612229677,0.1655215698669287
two_concepts,plain2_w16_gmp,pixel_permuted_template,release_default,7,prob_error_reduction,100,0.266778886193831,0.25055907209605527,0.28302451310857746
two_concepts,plain2_w16_gmp,pixel_permuted_template,release_default,8,prob_error_reduction,100,0.3917552313533135,0.3751287544070807,0.40785093181751547
two_concepts,plain2_w16_gmp,pixel_permuted_template,release_default,9,prob_error_reduction,100,0.4999159983719931,0.4848014989769031,0.5150188213391721
two_concepts,plain2_w16_gmp,pixel_permuted_template,release_default,10,prob_error_reduction,100,0.5683258055119519,0.5525689682566194,0.5836599406293217
two_concepts,plain2_w16_gmp,pixel_permuted_template,release_default,11,prob_error_reduction,100,0.5862123891006048,0.5697906274840893,0.6021022114054801
two_concepts,plain2_w16_gmp,pixel_permuted_template,release_default,12,prob_error_reduction,100,0.5737611360073285,0.5560437521644523,0.5909245754678276
two_concepts,plain2_w16_gmp,pixel_permuted_template,release_default,13,prob_error_reduction,100,0.5470684282722101,0.5288280243080832,0.5647672804012316
two_concepts,plain2_w16_gmp,pixel_permuted_template,release_default,14,prob_error_reduction,100,0.516815365395016,0.4984402543988618,0.5341504783723622
two_concepts,plain2_w16_gmp,pixel_permuted_template,release_default,15,prob_error_reduction,100,0.48836686465268164,0.47028398435443675,0.5054481511099627
two_concepts,plain2_w16_gmp,pixel_permuted_template,release_default,16,prob_error_reduction,100,0.46326288690232376,0.44616540904519847,0.4799830315397191
two_concepts,plain2_w16_gmp,pixel_permuted_template,retention_1,0,prob_error_reduction,100,0.0,0.0,0.0
two_concepts,plain2_w16_gmp,pixel_permuted_template,retention_1,1,prob_error_reduction,100,0.0,0.0,0.0
two_concepts,plain2_w16_gmp,pixel_permuted_template,retention_1,2,prob_error_reduction,100,5.8022533350491275e-05,-0.000612750323466645,0.0007238785975390803
two_concepts,plain2_w16_gmp,pixel_permuted_template,retention_1,3,prob_error_reduction,100,0.002131338327330841,-0.0005053624848846722,0.004792018853595032
two_concepts,plain2_w16_gmp,pixel_permuted_template,retention_1,4,prob_error_reduction,100,0.016045702668798643,0.01086291922393245,0.021213693620715394
two_concepts,plain2_w16_gmp,pixel_permuted_template,retention_1,5,prob_error_reduction,100,0.05585775979754355,0.04755628505800776,0.06420080629229695
two_concepts,plain2_w16_gmp,pixel_permuted_template,retention_1,6,prob_error_reduction,100,0.11510779661216165,0.10404148763294947,0.1261003918012613
two_concepts,plain2_w16_gmp,pixel_permuted_template,retention_1,7,prob_error_reduction,100,0.20741523144562202,0.19441327644479725,0.22044458179845178
two_concepts,plain2_w16_gmp,pixel_permuted_template,retention_1,8,prob_error_reduction,100,0.30492125644124934,0.29088362128116063,0.3188551985790006
two_concepts,plain2_w16_gmp,pixel_permuted_template,retention_1,9,prob_error_reduction,100,0.40137709989726117,0.38603443644145324,0.41609841175072265
two_concepts,plain2_w16_gmp,pixel_permuted_template,retention_1,10,prob_error_reduction,100,0.478385744104557,0.4633243884248223,0.49329205005951265
two_concepts,plain2_w16_gmp,pixel_permuted_template,retention_1,11,prob_error_reduction,100,0.5200898258896255,0.5051245750529684,0.5344094939985535
two_concepts,plain2_w16_gmp,pixel_permuted_template,retention_1,12,prob_error_reduction,100,0.5342298725595402,0.5186988699468508,0.5499601361434476
two_concepts,plain2_w16_gmp,pixel_permuted_template,retention_1,13,prob_error_reduction,100,0.5257505282353087,0.5099679828708621,0.5414999155293277
two_concepts,plain2_w16_gmp,pixel_permuted_template,retention_1,14,prob_error_reduction,100,0.5084984223118989,0.49299058782636235,0.52417348116206
two_concepts,plain2_w16_gmp,pixel_permuted_template,retention_1,15,prob_error_reduction,100,0.4869610599562037,0.47059639299345896,0.5030210410957395
two_concepts,plain2_w16_gmp,pixel_permuted_template,retention_1,16,prob_error_reduction,100,0.46562699487722325,0.4495708412343514,0.481097552846207
two_concepts,plain2_w16_gmp,structured_template,release_default,0,prob_error_reduction,100,0.0,0.0,0.0
two_concepts,plain2_w16_gmp,structured_template,release_default,1,prob_error_reduction,100,0.0,0.0,0.0
two_concepts,plain2_w16_gmp,structured_template,release_default,2,prob_error_reduction,100,0.003095383400159506,0.0022068887526893828,0.004110025207360614
two_concepts,plain2_w16_gmp,structured_template,release_default,3,prob_error_reduction,100,0.006432802729847044,0.004329204972404497,0.008743992229227731
two_concepts,plain2_w16_gmp,structured_template,release_default,4,prob_error_reduction,100,0.017032752149018084,0.012947633834945623,0.02137339734490538
two_concepts,plain2_w16_gmp,structured_template,release_default,5,prob_error_reduction,100,0.04457451452652007,0.037717573153699196,0.05162211713591164
two_concepts,plain2_w16_gmp,structured_template,release_default,6,prob_error_reduction,100,0.09773662265001723,0.08782422441469395,0.10785540383530963
two_concepts,plain2_w16_gmp,structured_template,release_default,7,prob_error_reduction,100,0.16556881030629964,0.15366645357644707,0.1774889957449167
two_concepts,plain2_w16_gmp,structured_template,release_default,8,prob_error_reduction,100,0.24998798279091225,0.23654538513124312,0.2637006633991355
two_concepts,plain2_w16_gmp,structured_template,release_default,9,prob_error_reduction,100,0.33300848683567985,0.3180388894483068,0.3476059087623892
two_concepts,plain2_w16_gmp,structured_template,release_default,10,prob_error_reduction,100,0.3985611403226808,0.38522344256550267,0.41197222202028133
two_concepts,plain2_w16_gmp,structured_template,release_default,11,prob_error_reduction,100,0.4403473013760961,0.42890999697684246,0.45173610965596595
two_concepts,plain2_w16_gmp,structured_template,release_default,12,prob_error_reduction,100,0.44912134140320265,0.4382145715074045,0.4602677376622164
two_concepts,plain2_w16_gmp,structured_template,release_default,13,prob_error_reduction,100,0.4299474014629166,0.418216818451042,0.4417318915200632
two_concepts,plain2_w16_gmp,structured_template,release_default,14,prob_error_reduction,100,0.3965431505426244,0.3839738532045935,0.4089745694388868
two_concepts,plain2_w16_gmp,structured_template,release_default,15,prob_error_reduction,100,0.35762117292835316,0.3448084835157946,0.3705957708867088
two_concepts,plain2_w16_gmp,structured_template,release_default,16,prob_error_reduction,100,0.32245547047891576,0.31048674047359215,0.3340563180007345
two_concepts,plain2_w16_gmp,structured_template,retention_1,0,prob_error_reduction,100,0.0,0.0,0.0
two_concepts,plain2_w16_gmp,structured_template,retention_1,1,prob_error_reduction,100,0.0,0.0,0.0
two_concepts,plain2_w16_gmp,structured_template,retention_1,2,prob_error_reduction,100,0.004297131518610409,0.0032411608549587053,0.005424130715491877
two_concepts,plain2_w16_gmp,structured_template,retention_1,3,prob_error_reduction,100,0.00408070013644762,0.0010973017662517619,0.00709434788789436
two_concepts,plain2_w16_gmp,structured_template,retention_1,4,prob_error_reduction,100,-0.02151235511051335,-0.029155924399917488,-0.013922354221588655
two_concepts,plain2_w16_gmp,structured_template,retention_1,5,prob_error_reduction,100,-0.0009938409134271498,-0.010411536968383947,0.008576039398317198
two_concepts,plain2_w16_gmp,structured_template,retention_1,6,prob_error_reduction,100,0.04710834854434819,0.03730357511222591,0.05722350519689594
two_concepts,plain2_w16_gmp,structured_template,retention_1,7,prob_error_reduction,100,0.10372460017380083,0.09311001786755066,0.11441405825216512
two_concepts,plain2_w16_gmp,structured_template,retention_1,8,prob_error_reduction,100,0.1476854688066903,0.13628860656034758,0.15889453524901634
two_concepts,plain2_w16_gmp,structured_template,retention_1,9,prob_error_reduction,100,0.20093183294330377,0.18902844207880323,0.21278930573912355
two_concepts,plain2_w16_gmp,structured_template,retention_1,10,prob_error_reduction,100,0.26513610404617394,0.252950461102804,0.27683925455915526
two_concepts,plain2_w16_gmp,structured_template,retention_1,11,prob_error_reduction,100,0.3052086355743044,0.2922221465732065,0.31799018552503006
two_concepts,plain2_w16_gmp,structured_template,retention_1,12,prob_error_reduction,100,0.3594131345795393,0.34762094495961515,0.37034763414132266
two_concepts,plain2_w16_gmp,structured_template,retention_1,13,prob_error_reduction,100,0.3746137867602244,0.36383736632452973,0.3858753362897663
two_concepts,plain2_w16_gmp,structured_template,retention_1,14,prob_error_reduction,100,0.37058560158123016,0.36013568638465504,0.38123704382605605
two_concepts,plain2_w16_gmp,structured_template,retention_1,15,prob_error_reduction,100,0.33139816262741967,0.3205794385147546,0.34203021703867176
two_concepts,plain2_w16_gmp,structured_template,retention_1,16,prob_error_reduction,100,0.29504131586681387,0.28551211535090926,0.3047077818186785
two_concepts,tiny_gap,pixel_permuted_template,release_default,0,prob_error_reduction,100,0.0,0.0,0.0
two_concepts,tiny_gap,pixel_permuted_template,release_default,1,prob_error_reduction,100,0.0,0.0,0.0
two_concepts,tiny_gap,pixel_permuted_template,release_default,2,prob_error_reduction,100,-7.012546793250252e-12,-7.909541323552344e-11,6.66162220143429e-11
two_concepts,tiny_gap,pixel_permuted_template,release_default,3,prob_error_reduction,100,2.7671475874568862e-12,-1.0762064606845145e-10,1.0905045304699513e-10
two_concepts,tiny_gap,pixel_permuted_template,release_default,4,prob_error_reduction,100,-1.2784585542990889e-11,-1.5318222373709998e-10,1.22718903410729e-10
two_concepts,tiny_gap,pixel_permuted_template,release_default,5,prob_error_reduction,100,3.043493096432925e-11,-1.2526660670211798e-10,1.826961419457845e-10
two_concepts,tiny_gap,pixel_permuted_template,release_default,6,prob_error_reduction,100,3.146587150559821e-11,-1.371432540343831e-10,2.001690118068333e-10
two_concepts,tiny_gap,pixel_permuted_template,release_default,7,prob_error_reduction,100,1.1815975836659832e-11,-1.5165609850223414e-10,1.8244056822387665e-10
two_concepts,tiny_gap,pixel_permuted_template,release_default,8,prob_error_reduction,100,1.45749569357978e-11,-1.4717072147930887e-10,1.801405275208417e-10
two_concepts,tiny_gap,pixel_permuted_template,release_default,9,prob_error_reduction,100,-6.980851070814698e-11,-2.3088716714393665e-10,9.422457487515129e-11
two_concepts,tiny_gap,pixel_permuted_template,release_default,10,prob_error_reduction,100,-9.943677041490683e-11,-2.4869738278476825e-10,4.8569071375847845e-11
two_concepts,tiny_gap,pixel_permuted_template,release_default,11,prob_error_reduction,100,-4.6634311273718865e-11,-1.8464957774258494e-10,9.311369323500294e-11
two_concepts,tiny_gap,pixel_permuted_template,release_default,12,prob_error_reduction,100,-4.3524736731415104e-11,-1.667313376529922e-10,8.081265225404194e-11
two_concepts,tiny_gap,pixel_permuted_template,release_default,13,prob_error_reduction,100,-2.9153802982850864e-12,-1.0351737238581404e-10,9.783725317055733e-11
two_concepts,tiny_gap,pixel_permuted_template,release_default,14,prob_error_reduction,100,-4.4736409021695067e-13,-7.37732412034453e-11,7.305568835297424e-11
two_concepts,tiny_gap,pixel_permuted_template,release_default,15,prob_error_reduction,100,1.9887846230970398e-11,-2.674166085098184e-11,6.739853152318285e-11
two_concepts,tiny_gap,pixel_permuted_template,release_default,16,prob_error_reduction,100,1.1146431000419455e-13,1.0685035842228352e-13,1.1643868508270926e-13
two_concepts,tiny_gap,pixel_permuted_template,retention_1,0,prob_error_reduction,100,0.0,0.0,0.0
two_concepts,tiny_gap,pixel_permuted_template,retention_1,1,prob_error_reduction,100,0.0,0.0,0.0
two_concepts,tiny_gap,pixel_permuted_template,retention_1,2,prob_error_reduction,100,2.74300150952464e-12,-6.468150535088226e-12,1.2053534027931397e-11
two_concepts,tiny_gap,pixel_permuted_template,retention_1,3,prob_error_reduction,100,6.869332626596031e-12,-5.140851202579174e-12,1.909534107918942e-11
two_concepts,tiny_gap,pixel_permuted_template,retention_1,4,prob_error_reduction,100,1.0511172696126002e-11,-4.697303574211463e-12,2.5481568265476282e-11
two_concepts,tiny_gap,pixel_permuted_template,retention_1,5,prob_error_reduction,100,1.6869640866515323e-11,-8.565838852028071e-13,3.4710231714470824e-11
two_concepts,tiny_gap,pixel_permuted_template,retention_1,6,prob_error_reduction,100,1.5770625092295653e-11,-3.925026692878051e-12,3.589105596253118e-11
two_concepts,tiny_gap,pixel_permuted_template,retention_1,7,prob_error_reduction,100,1.721656269371846e-11,-3.81823397226956e-12,3.888885613057349e-11
two_concepts,tiny_gap,pixel_permuted_template,retention_1,8,prob_error_reduction,100,1.3955278052937836e-11,-7.359390874700846e-12,3.565844120933386e-11
two_concepts,tiny_gap,pixel_permuted_template,retention_1,9,prob_error_reduction,100,1.636530870020858e-11,-4.183167966968076e-12,3.7657414992927143e-11
two_concepts,tiny_gap,pixel_permuted_template,retention_1,10,prob_error_reduction,100,1.709698035923246e-11,-1.8906817847441634e-12,3.66210367419139e-11
two_concepts,tiny_gap,pixel_permuted_template,retention_1,11,prob_error_reduction,100,1.476713212648917e-11,-3.228667352353151e-12,3.297632447597959e-11
two_concepts,tiny_gap,pixel_permuted_template,retention_1,12,prob_error_reduction,100,1.193414493963485e-11,-4.262490295404639e-12,2.8244240501528597e-11
two_concepts,tiny_gap,pixel_permuted_template,retention_1,13,prob_error_reduction,100,1.0915699065125461e-11,-2.2262249762833992e-12,2.366170701647435e-11
two_concepts,tiny_gap,pixel_permuted_template,retention_1,14,prob_error_reduction,100,7.034695603813645e-12,-3.037567929825568e-12,1.696935049552359e-11
two_concepts,tiny_gap,pixel_permuted_template,retention_1,15,prob_error_reduction,100,2.6043549261611785e-12,-2.891423524871081e-12,8.121030989826846e-12
two_concepts,tiny_gap,pixel_permuted_template,retention_1,16,prob_error_reduction,100,2.8303514046368327e-14,2.7766727936015533e-14,2.884946621872775e-14
two_concepts,tiny_gap,structured_template,release_default,0,prob_error_reduction,100,0.0,0.0,0.0
two_concepts,tiny_gap,structured_template,release_default,1,prob_error_reduction,100,0.0,0.0,0.0
two_concepts,tiny_gap,structured_template,release_default,2,prob_error_reduction,100,9.793132721425124e-11,-5.148928657744411e-11,2.49029467401518e-10
two_concepts,tiny_gap,structured_template,release_default,3,prob_error_reduction,100,5.3126518045898405e-11,-1.3339140665646898e-10,2.4270386908206705e-10
two_concepts,tiny_gap,structured_template,release_default,4,prob_error_reduction,100,2.7688791537361367e-11,-1.5384559469769355e-10,2.11368709559373e-10
two_concepts,tiny_gap,structured_template,release_default,5,prob_error_reduction,100,9.303050857445428e-11,-7.893192667529636e-11,2.649601615473118e-10
two_concepts,tiny_gap,structured_template,release_default,6,prob_error_reduction,100,7.936374391004364e-11,-9.421915398571956e-11,2.5554797318527713e-10
two_concepts,tiny_gap,structured_template,release_default,7,prob_error_reduction,100,1.1140762479211475e-10,-5.831765027830559e-11,2.79225907603986e-10
two_concepts,tiny_gap,structured_template,release_default,8,prob_error_reduction,100,1.2710493019207904e-10,-3.104373989815112e-11,2.871986544070169e-10
two_concepts,tiny_gap,structured_template,release_default,9,prob_error_reduction,100,5.306021191864296e-11,-8.974668977076994e-11,2.0059795313720482e-10
two_concepts,tiny_gap,structured_template,release_default,10,prob_error_reduction,100,4.6223866123629166e-11,-8.599424234506658e-11,1.771831237146193e-10
two_concepts,tiny_gap,structured_template,release_default,11,prob_error_reduction,100,1.6289821991311014e-11,-1.1079996366930577e-10,1.4212351826664573e-10
two_concepts,tiny_gap,structured_template,release_default,12,prob_error_reduction,100,1.0115923099185408e-11,-1.0106188111369541e-10,1.2464567566983214e-10
two_concepts,tiny_gap,structured_template,release_default,13,prob_error_reduction,100,5.299281014004009e-12,-9.851833181195868e-11,1.0683935159488955e-10
two_concepts,tiny_gap,structured_template,release_default,14,prob_error_reduction,100,1.3587744818188696e-11,-6.831982633792588e-11,9.543143512924512e-11
two_concepts,tiny_gap,structured_template,release_default,15,prob_error_reduction,100,4.6118298069330874e-12,-5.673954199536535e-11,6.492753212156144e-11
two_concepts,tiny_gap,structured_template,release_default,16,prob_error_reduction,100,1.6281337389401074e-13,1.573118926789796e-13,1.6859738605212726e-13
two_concepts,tiny_gap,structured_template,retention_1,0,prob_error_reduction,100,0.0,0.0,0.0
two_concepts,tiny_gap,structured_template,retention_1,1,prob_error_reduction,100,0.0,0.0,0.0
two_concepts,tiny_gap,structured_template,retention_1,2,prob_error_reduction,100,1.8054207472561686e-12,-7.359901288962159e-12,1.0608965315072289e-11
two_concepts,tiny_gap,structured_template,retention_1,3,prob_error_reduction,100,2.1948169594710605e-12,-7.690091157125986e-12,1.2255894833046061e-11
two_concepts,tiny_gap,structured_template,retention_1,4,prob_error_reduction,100,1.4040277024774533e-12,-1.1591116353548573e-11,1.4577223637164333e-11
two_concepts,tiny_gap,structured_template,retention_1,5,prob_error_reduction,100,-1.869934892692604e-12,-1.6791848818538402e-11,1.3191135741661893e-11
two_concepts,tiny_gap,structured_template,retention_1,6,prob_error_reduction,100,3.690442890516565e-12,-1.3011565212425745e-11,2.0773927081698705e-11
two_concepts,tiny_gap,structured_template,retention_1,7,prob_error_reduction,100,2.7409273939058008e-12,-1.5111624544479444e-11,2.1472285225364836e-11
two_concepts,tiny_gap,structured_template,retention_1,8,prob_error_reduction,100,2.2221389658905187e-12,-1.7958853591737434e-11,2.2603582955447304e-11
two_concepts,tiny_gap,structured_template,retention_1,9,prob_error_reduction,100,1.9330424934349553e-12,-1.782532626278671e-11,2.1693852229800308e-11
two_concepts,tiny_gap,structured_template,retention_1,10,prob_error_reduction,100,-3.181341631103285e-12,-2.3025616438694662e-11,1.74384684891067e-11
two_concepts,tiny_gap,structured_template,retention_1,11,prob_error_reduction,100,-2.5629983378683276e-13,-1.8935229128581866e-11,1.925883693081227e-11
two_concepts,tiny_gap,structured_template,retention_1,12,prob_error_reduction,100,1.389525638648137e-12,-1.6796727827627504e-11,1.960187930765202e-11
two_concepts,tiny_gap,structured_template,retention_1,13,prob_error_reduction,100,1.5459745983381624e-12,-9.506102933466709e-12,1.2941733955763171e-11
two_concepts,tiny_gap,structured_template,retention_1,14,prob_error_reduction,100,1.62924956512156e-12,-5.7752541277912576e-12,9.186370734850373e-12
two_concepts,tiny_gap,structured_template,retention_1,15,prob_error_reduction,100,2.1936587962789745e-13,-3.2136809480914906e-12,3.7580346291463104e-12
two_concepts,tiny_gap,structured_template,retention_1,16,prob_error_reduction,100,2.6365923333493413e-14,2.5972035719995514e-14,2.6773655341372218e-14
two_concepts,tiny_gmp,pixel_permuted_template,release_default,0,prob_error_reduction,100,0.0,0.0,0.0
two_concepts,tiny_gmp,pixel_permuted_template,release_default,1,prob_error_reduction,100,0.0,0.0,0.0
two_concepts,tiny_gmp,pixel_permuted_template,release_default,2,prob_error_reduction,100,-2.2788781972593598e-11,-1.2803486946211251e-09,1.220503104082393e-09
two_concepts,tiny_gmp,pixel_permuted_template,release_default,3,prob_error_reduction,100,-1.2337119903449435e-09,-2.747763863497621e-09,2.796894605361362e-10
two_concepts,tiny_gmp,pixel_permuted_template,release_default,4,prob_error_reduction,100,-6.314765554904511e-10,-2.035140032552452e-09,7.268146841044043e-10
two_concepts,tiny_gmp,pixel_permuted_template,release_default,5,prob_error_reduction,100,-4.841448508763335e-10,-1.7492145183428674e-09,8.226544664924339e-10
two_concepts,tiny_gmp,pixel_permuted_template,release_default,6,prob_error_reduction,100,-4.4548860156368166e-11,-1.0346006701911213e-09,9.43924081786561e-10
two_concepts,tiny_gmp,pixel_permuted_template,release_default,7,prob_error_reduction,100,3.927690306326781e-10,-3.242075519716003e-10,1.099812402982625e-09
two_concepts,tiny_gmp,pixel_permuted_template,release_default,8,prob_error_reduction,100,1.4458575225972935e-10,-3.900272945722705e-10,6.912807871128912e-10
two_concepts,tiny_gmp,pixel_permuted_template,release_default,9,prob_error_reduction,100,-1.1680321154727835e-11,-4.730827239951551e-10,4.3580269060150555e-10
two_concepts,tiny_gmp,pixel_permuted_template,release_default,10,prob_error_reduction,100,8.580403498825718e-11,-2.456483176316304e-10,4.258332011453091e-10
two_concepts,tiny_gmp,pixel_permuted_template,release_default,11,prob_error_reduction,100,-6.824466547428188e-11,-3.5561642719450505e-10,2.2044704411916527e-10
two_concepts,tiny_gmp,pixel_permuted_template,release_default,12,prob_error_reduction,100,-1.661997539592619e-10,-4.4081958322506055e-10,1.0031979991165208e-10
two_concepts,tiny_gmp,pixel_permuted_template,release_default,13,prob_error_reduction,100,-4.791071539500535e-11,-2.563137181388342e-10,1.550963244500991e-10
two_concepts,tiny_gmp,pixel_permuted_template,release_default,14,prob_error_reduction,100,1.3254946029661596e-11,-9.293462738257929e-11,1.1832373253417568e-10
two_concepts,tiny_gmp,pixel_permuted_template,release_default,15,prob_error_reduction,100,4.886159699069026e-11,-1.3869386139564455e-11,1.1814868300374924e-10
two_concepts,tiny_gmp,pixel_permuted_template,release_default,16,prob_error_reduction,100,1.5347723092418165e-14,1.38311584407802e-14,1.6928736190635616e-14
two_concepts,tiny_gmp,pixel_permuted_template,retention_1,0,prob_error_reduction,100,0.0,0.0,0.0
two_concepts,tiny_gmp,pixel_permuted_template,retention_1,1,prob_error_reduction,100,0.0,0.0,0.0
two_concepts,tiny_gmp,pixel_permuted_template,retention_1,2,prob_error_reduction,100,-2.0297698966054156e-10,-5.703314502891743e-10,1.5081232054847652e-10
two_concepts,tiny_gmp,pixel_permuted_template,retention_1,3,prob_error_reduction,100,-3.4397712678213566e-10,-8.031886865045301e-10,1.0747488116136222e-10
two_concepts,tiny_gmp,pixel_permuted_template,retention_1,4,prob_error_reduction,100,-3.724723307563238e-10,-8.09931590656232e-10,5.5269724547057775e-11
two_concepts,tiny_gmp,pixel_permuted_template,retention_1,5,prob_error_reduction,100,-1.3477105986758886e-10,-5.81583372627481e-10,3.2174682831898055e-10
two_concepts,tiny_gmp,pixel_permuted_template,retention_1,6,prob_error_reduction,100,-1.1279995604240867e-10,-4.957191089283164e-10,2.6068019026714847e-10
two_concepts,tiny_gmp,pixel_permuted_template,retention_1,7,prob_error_reduction,100,1.0197460653671442e-11,-3.4368428930564575e-10,3.705512733320759e-10
two_concepts,tiny_gmp,pixel_permuted_template,retention_1,8,prob_error_reduction,100,5.232732025461928e-11,-2.453972450799924e-10,3.4037801766029217e-10
two_concepts,tiny_gmp,pixel_permuted_template,retention_1,9,prob_error_reduction,100,7.749294095305004e-11,-1.7030183824262578e-10,3.220078341192865e-10
two_concepts,tiny_gmp,pixel_permuted_template,retention_1,10,prob_error_reduction,100,1.016140305232227e-10,-1.1639763508597412e-10,3.2496106239232596e-10
two_concepts,tiny_gmp,pixel_permuted_template,retention_1,11,prob_error_reduction,100,1.4238938916832923e-10,-5.6967385586581535e-11,3.5379446455818806e-10
two_concepts,tiny_gmp,pixel_permuted_template,retention_1,12,prob_error_reduction,100,1.2975727381459025e-10,-6.420945475316131e-11,3.2055173254663666e-10
two_concepts,tiny_gmp,pixel_permuted_template,retention_1,13,prob_error_reduction,100,6.82265421936279e-11,-1.0444504744411276e-10,2.4291153627453695e-10
two_concepts,tiny_gmp,pixel_permuted_template,retention_1,14,prob_error_reduction,100,-9.727905814216342e-11,-2.1208440603714962e-10,1.837327928688733e-11
two_concepts,tiny_gmp,pixel_permuted_template,retention_1,15,prob_error_reduction,100,-4.4603891691252785e-11,-1.277337196570194e-10,3.235402623591451e-11
two_concepts,tiny_gmp,pixel_permuted_template,retention_1,16,prob_error_reduction,100,4.646505402661205e-14,4.491734761913335e-14,4.8050508016928006e-14
two_concepts,tiny_gmp,structured_template,release_default,0,prob_error_reduction,100,0.0,0.0,0.0
two_concepts,tiny_gmp,structured_template,release_default,1,prob_error_reduction,100,0.0,0.0,0.0
two_concepts,tiny_gmp,structured_template,release_default,2,prob_error_reduction,100,-1.0247344517377855e-09,-2.0534666944627133e-09,-1.575952787713543e-11
two_concepts,tiny_gmp,structured_template,release_default,3,prob_error_reduction,100,-2.088860799887016e-09,-3.5395238119906304e-09,-6.642564704395505e-10
two_concepts,tiny_gmp,structured_template,release_default,4,prob_error_reduction,100,-1.5585678547758165e-09,-2.8933385375906615e-09,-2.0199045308588747e-10
two_concepts,tiny_gmp,structured_template,release_default,5,prob_error_reduction,100,-5.345544296098126e-10,-1.62366362632671e-09,5.799236981185436e-10
two_concepts,tiny_gmp,structured_template,release_default,6,prob_error_reduction,100,-2.619113037560794e-10,-1.209856322625935e-09,6.964271610510047e-10
two_concepts,tiny_gmp,structured_template,release_default,7,prob_error_reduction,100,-2.6058418534091745e-10,-1.0144084408025833e-09,4.992356721911227e-10
two_concepts,tiny_gmp,structured_template,release_default,8,prob_error_reduction,100,-3.900483713792369e-11,-5.302368786264112e-10,4.5751223282097784e-10
two_concepts,tiny_gmp,structured_template,release_default,9,prob_error_reduction,100,1.0678003148356652e-10,-3.1218675217159487e-10,5.163848980083152e-10
two_concepts,tiny_gmp,structured_template,release_default,10,prob_error_reduction,100,1.3009752386494711e-10,-1.9266430295594715e-10,4.571549861442925e-10
two_concepts,tiny_gmp,structured_template,release_default,11,prob_error_reduction,100,1.320982834229767e-10,-1.4536948206300693e-10,4.151654244277657e-10
two_concepts,tiny_gmp,structured_template,release_default,12,prob_error_reduction,100,1.328344079176702e-10,-8.833644449257606e-11,3.5092641165190836e-10
two_concepts,tiny_gmp,structured_template,release_default,13,prob_error_reduction,100,-2.4188584468731732e-12,-1.701522954200563e-10,1.7051300926773646e-10
two_concepts,tiny_gmp,structured_template,release_default,14,prob_error_reduction,100,4.159732558406404e-11,-6.701726118496509e-11,1.5232922717656191e-10
two_concepts,tiny_gmp,structured_template,release_default,15,prob_error_reduction,100,4.240567896829361e-12,-5.138266101489819e-11,6.394165297241012e-11
two_concepts,tiny_gmp,structured_template,release_default,16,prob_error_reduction,100,1.679767436257862e-14,1.5156764732182638e-14,1.8534063173092363e-14
two_concepts,tiny_gmp,structured_template,retention_1,0,prob_error_reduction,100,0.0,0.0,0.0
two_concepts,tiny_gmp,structured_template,retention_1,1,prob_error_reduction,100,0.0,0.0,0.0
two_concepts,tiny_gmp,structured_template,retention_1,2,prob_error_reduction,100,1.5946207909678378e-10,-1.3353987443620597e-10,4.537870813003941e-10
two_concepts,tiny_gmp,structured_template,retention_1,3,prob_error_reduction,100,7.638262244924476e-11,-2.4495473469055004e-10,3.860474099837139e-10
two_concepts,tiny_gmp,structured_template,retention_1,4,prob_error_reduction,100,-1.9282737739878543e-10,-6.020850300825219e-10,2.0269775974357523e-10
two_concepts,tiny_gmp,structured_template,retention_1,5,prob_error_reduction,100,-2.0964750380159104e-10,-5.251584928589459e-10,1.0901820290953874e-10
two_concepts,tiny_gmp,structured_template,retention_1,6,prob_error_reduction,100,-6.980101274756123e-11,-3.3986779821026933e-10,1.992406889750331e-10
two_concepts,tiny_gmp,structured_template,retention_1,7,prob_error_reduction,100,2.2986067493846462e-11,-2.128465198536489e-10,2.505318476841988e-10
two_concepts,tiny_gmp,structured_template,retention_1,8,prob_error_reduction,100,8.795121186899734e-11,-1.0326533453342001e-10,2.8247299360684133e-10
two_concepts,tiny_gmp,structured_template,retention_1,9,prob_error_reduction,100,1.2185765285721572e-10,-6.463910479093114e-11,3.055239059523984e-10
two_concepts,tiny_gmp,structured_template,retention_1,10,prob_error_reduction,100,9.402144840464644e-11,-8.650741709081977e-11,2.715749456150273e-10
two_concepts,tiny_gmp,structured_template,retention_1,11,prob_error_reduction,100,1.2454051789845266e-10,-5.6890898714190285e-11,2.9818855168395323e-10
two_concepts,tiny_gmp,structured_template,retention_1,12,prob_error_reduction,100,1.1077398331948984e-10,-5.726192933708241e-11,2.6870357833219666e-10
two_concepts,tiny_gmp,structured_template,retention_1,13,prob_error_reduction,100,1.3170026402775648e-10,-3.755755734191622e-12,2.6642966607925965e-10
two_concepts,tiny_gmp,structured_template,retention_1,14,prob_error_reduction,100,8.866980594213203e-11,-2.641260238300802e-11,2.0528365682337398e-10
two_concepts,tiny_gmp,structured_template,retention_1,15,prob_error_reduction,100,1.0457014143483434e-11,-7.95007869536235e-11,9.727242256118984e-11
two_concepts,tiny_gmp,structured_template,retention_1,16,prob_error_reduction,100,7.405298596552257e-14,7.146278013792084e-14,7.673423008114355e-14
