task,architecture,block,metric,kind,B,init_reps
single_shape,bn2_w16_gap,6000,centered_logit_fidelity,selected,-0.49229048031802125,4
single_shape,bn2_w16_gap,6000,prob_error_reduction,selected,-0.11885005235671997,4
single_shape,bn2_w16_gap,6001,centered_logit_fidelity,selected,0.5140398596431579,4
single_shape,bn2_w16_gap,6001,prob_error_reduction,selected,0.08351507037878036,4
single_shape,bn2_w16_gap,6002,centered_logit_fidelity,selected,-0.18641132587691803,4
single_shape,bn2_w16_gap,6002,prob_error_reduction,selected,0.03489569574594498,4
single_shape,bn2_w16_gap,6003,centered_logit_fidelity,selected,-0.5040868543817778,4
single_shape,bn2_w16_gap,6003,prob_error_reduction,selected,-0.00878983736038208,4
single_shape,bn2_w16_gap,6004,centered_logit_fidelity,selected,-1.2381055397921223,4
single_shape,bn2_w16_gap,6004,prob_error_reduction,selected,-0.07733182609081268,4
single_shape,bn2_w16_gap,6005,centered_logit_fidelity,selected,-0.18461094043261317,4
single_shape,bn2_w16_gap,6005,prob_error_reduction,selected,0.09039606153964996,4
single_shape,bn2_w16_gap,6006,centered_logit_fidelity,selected,-0.24802286361873296,4
single_shape,bn2_w16_gap,6006,prob_error_reduction,selected,-0.06913349777460098,4
single_shape,bn2_w16_gap,6007,centered_logit_fidelity,selected,0.44951918264617996,4
single_shape,bn2_w16_gap,6007,prob_error_reduction,selected,0.026715070009231567,4
single_shape,bn2_w16_gap,6008,centered_logit_fidelity,selected,0.27550352411569234,4
single_shape,bn2_w16_gap,6008,prob_error_reduction,selected,-0.027345582842826843,4
single_shape,bn2_w16_gap,6009,centered_logit_fidelity,selected,-0.6417142353350234,4
single_shape,bn2_w16_gap,6009,prob_error_reduction,selected,-0.12813344597816467,4
single_shape,bn2_w16_gap,6010,centered_logit_fidelity,selected,-0.8793708967340128,4
single_shape,bn2_w16_gap,6010,prob_error_reduction,selected,0.07565013319253922,4
single_shape,bn2_w16_gap,6011,centered_logit_fidelity,selected,0.08718771542411637,4
single_shape,bn2_w16_gap,6011,prob_error_reduction,selected,0.28242363780736923,4
single_shape,bn2_w16_gap,6012,centered_logit_fidelity,selected,-0.16373253317147785,4
single_shape,bn2_w16_gap,6012,prob_error_reduction,selected,-0.06701882183551788,4
single_shape,bn2_w16_gap,6013,centered_logit_fidelity,selected,-0.23533568102560165,4
single_shape,bn2_w16_gap,6013,prob_error_reduction,selected,-0.07772000133991241,4
single_shape,bn2_w16_gap,6014,centered_logit_fidelity,selected,0.12677030024009284,4
single_shape,bn2_w16_gap,6014,prob_error_reduction,selected,-0.006650619208812714,4
single_shape,bn2_w16_gap,6015,centered_logit_fidelity,selected,0.028525211359911956,4
single_shape,bn2_w16_gap,6015,prob_error_reduction,selected,-0.0075130462646484375,4
single_shape,bn2_w16_gap,6016,centered_logit_fidelity,selected,-0.055774027034369164,4
single_shape,bn2_w16_gap,6016,prob_error_reduction,selected,-0.02926678955554962,4
single_shape,bn2_w16_gap,6017,centered_logit_fidelity,selected,0.43419845241216914,4
single_shape,bn2_w16_gap,6017,prob_error_reduction,selected,0.2602805197238922,4
single_shape,bn2_w16_gap,6018,centered_logit_fidelity,selected,-0.6515854021270258,4
single_shape,bn2_w16_gap,6018,prob_error_reduction,selected,-0.22896216064691544,4
single_shape,bn2_w16_gap,6019,centered_logit_fidelity,selected,-0.3992141753757803,4
single_shape,bn2_w16_gap,6019,prob_error_reduction,selected,0.05267496407032013,4
single_shape,bn2_w16_gap,6020,centered_logit_fidelity,selected,0.2426465791626154,4
single_shape,bn2_w16_gap,6020,prob_error_reduction,selected,-0.00015024840831756592,4
single_shape,bn2_w16_gap,6021,centered_logit_fidelity,selected,-0.1734090065242069,4
single_shape,bn2_w16_gap,6021,prob_error_reduction,selected,-0.035388633608818054,4
single_shape,bn2_w16_gap,6022,centered_logit_fidelity,selected,-0.7875367002402106,4
single_shape,bn2_w16_gap,6022,prob_error_reduction,selected,0.056499890983104706,4
single_shape,bn2_w16_gap,6023,centered_logit_fidelity,selected,0.399128621689291,4
single_shape,bn2_w16_gap,6023,prob_error_reduction,selected,0.24380690604448318,4
single_shape,bn2_w16_gap,6024,centered_logit_fidelity,selected,-0.4991714422900835,4
single_shape,bn2_w16_gap,6024,prob_error_reduction,selected,0.0167175754904747,4
single_shape,bn2_w16_gap,6025,centered_logit_fidelity,selected,-0.38965329063218607,4
single_shape,bn2_w16_gap,6025,prob_error_reduction,selected,-0.1555016115307808,4
single_shape,bn2_w16_gap,6026,centered_logit_fidelity,selected,-0.4265971575889884,4
single_shape,bn2_w16_gap,6026,prob_error_reduction,selected,-0.10611830651760101,4
single_shape,bn2_w16_gap,6027,centered_logit_fidelity,selected,-0.09334474715147306,4
single_shape,bn2_w16_gap,6027,prob_error_reduction,selected,-0.060933053493499756,4
single_shape,bn2_w16_gap,6028,centered_logit_fidelity,selected,0.029852040245707173,4
single_shape,bn2_w16_gap,6028,prob_error_reduction,selected,0.09704823046922684,4
single_shape,bn2_w16_gap,6029,centered_logit_fidelity,selected,-0.4175340470331021,4
single_shape,bn2_w16_gap,6029,prob_error_reduction,selected,0.1281273141503334,4
single_shape,bn2_w16_gap,6030,centered_logit_fidelity,selected,0.09094261410328583,4
single_shape,bn2_w16_gap,6030,prob_error_reduction,selected,-0.04835560917854309,4
single_shape,bn2_w16_gap,6031,centered_logit_fidelity,selected,-0.19049029216338248,4
single_shape,bn2_w16_gap,6031,prob_error_reduction,selected,-0.09058623015880585,4
single_shape,bn2_w16_gap,6032,centered_logit_fidelity,selected,0.06571907974723568,4
single_shape,bn2_w16_gap,6032,prob_error_reduction,selected,0.061595991253852844,4
single_shape,bn2_w16_gap,6033,centered_logit_fidelity,selected,-0.014263882310929815,4
single_shape,bn2_w16_gap,6033,prob_error_reduction,selected,-0.07707905769348145,4
single_shape,bn2_w16_gap,6034,centered_logit_fidelity,selected,0.4124128970617702,4
single_shape,bn2_w16_gap,6034,prob_error_reduction,selected,0.10771642625331879,4
single_shape,bn2_w16_gap,6035,centered_logit_fidelity,selected,-0.9522403125826313,4
single_shape,bn2_w16_gap,6035,prob_error_reduction,selected,-0.04677116125822067,4
single_shape,bn2_w16_gap,6036,centered_logit_fidelity,selected,-0.6148475627185307,4
single_shape,bn2_w16_gap,6036,prob_error_reduction,selected,-0.05827159434556961,4
single_shape,bn2_w16_gap,6037,centered_logit_fidelity,selected,-0.8028078346770686,4
single_shape,bn2_w16_gap,6037,prob_error_reduction,selected,-0.1504329964518547,4
single_shape,bn2_w16_gap,6038,centered_logit_fidelity,selected,0.6678534183789575,4
single_shape,bn2_w16_gap,6038,prob_error_reduction,selected,-0.10711702704429626,4
single_shape,bn2_w16_gap,6039,centered_logit_fidelity,selected,-0.18479526130590557,4
single_shape,bn2_w16_gap,6039,prob_error_reduction,selected,-0.20723869651556015,4
single_shape,bn2_w16_gap,6040,centered_logit_fidelity,selected,-0.70521339598934,4
single_shape,bn2_w16_gap,6040,prob_error_reduction,selected,0.016285963356494904,4
single_shape,bn2_w16_gap,6041,centered_logit_fidelity,selected,-0.2276480378694991,4
single_shape,bn2_w16_gap,6041,prob_error_reduction,selected,-0.1352919116616249,4
single_shape,bn2_w16_gap,6042,centered_logit_fidelity,selected,0.6046885111930859,4
single_shape,bn2_w16_gap,6042,prob_error_reduction,selected,0.09826734662055969,4
single_shape,bn2_w16_gap,6043,centered_logit_fidelity,selected,0.0009784249697463443,4
single_shape,bn2_w16_gap,6043,prob_error_reduction,selected,-0.1852523535490036,4
single_shape,bn2_w16_gap,6044,centered_logit_fidelity,selected,-0.11656287229761073,4
single_shape,bn2_w16_gap,6044,prob_error_reduction,selected,-0.0017428994178771973,4
single_shape,bn2_w16_gap,6045,centered_logit_fidelity,selected,-0.4973244790621466,4
single_shape,bn2_w16_gap,6045,prob_error_reduction,selected,-0.18341068178415298,4
single_shape,bn2_w16_gap,6046,centered_logit_fidelity,selected,-0.6861046822433997,4
single_shape,bn2_w16_gap,6046,prob_error_reduction,selected,-0.009993717074394226,4
single_shape,bn2_w16_gap,6047,centered_logit_fidelity,selected,-1.084118982284407,4
single_shape,bn2_w16_gap,6047,prob_error_reduction,selected,-0.11764222383499146,4
single_shape,bn2_w16_gap,6048,centered_logit_fidelity,selected,-0.3368814955780427,4
single_shape,bn2_w16_gap,6048,prob_error_reduction,selected,-0.005239963531494141,4
single_shape,bn2_w16_gap,6049,centered_logit_fidelity,selected,-0.8830444442652168,4
single_shape,bn2_w16_gap,6049,prob_error_reduction,selected,-0.039947643876075745,4
single_shape,bn2_w16_gap,6050,centered_logit_fidelity,selected,0.0304810202963732,4
single_shape,bn2_w16_gap,6050,prob_error_reduction,selected,0.05079980939626694,4
single_shape,bn2_w16_gap,6051,centered_logit_fidelity,selected,-0.8169890619289583,4
single_shape,bn2_w16_gap,6051,prob_error_reduction,selected,0.1311272531747818,4
single_shape,bn2_w16_gap,6052,centered_logit_fidelity,selected,-1.1047292483959434,4
single_shape,bn2_w16_gap,6052,prob_error_reduction,selected,-0.19890186935663223,4
single_shape,bn2_w16_gap,6053,centered_logit_fidelity,selected,0.12700570674827272,4
single_shape,bn2_w16_gap,6053,prob_error_reduction,selected,-0.03246662765741348,4
single_shape,bn2_w16_gap,6054,centered_logit_fidelity,selected,-0.27918040591658233,4
single_shape,bn2_w16_gap,6054,prob_error_reduction,selected,-0.04538208991289139,4
single_shape,bn2_w16_gap,6055,centered_logit_fidelity,selected,-0.43187642549827654,4
single_shape,bn2_w16_gap,6055,prob_error_reduction,selected,-0.052318841218948364,4
single_shape,bn2_w16_gap,6056,centered_logit_fidelity,selected,-0.4619392810614703,4
single_shape,bn2_w16_gap,6056,prob_error_reduction,selected,-0.06364776194095612,4
single_shape,bn2_w16_gap,6057,centered_logit_fidelity,selected,0.4404948707963233,4
single_shape,bn2_w16_gap,6057,prob_error_reduction,selected,0.017242811620235443,4
single_shape,bn2_w16_gap,6058,centered_logit_fidelity,selected,-0.1877143920966513,4
single_shape,bn2_w16_gap,6058,prob_error_reduction,selected,-0.03918451815843582,4
single_shape,bn2_w16_gap,6059,centered_logit_fidelity,selected,-0.01457654567263919,4
single_shape,bn2_w16_gap,6059,prob_error_reduction,selected,0.026871860027313232,4
single_shape,bn2_w16_gap,6060,centered_logit_fidelity,selected,-0.21163840084350832,4
single_shape,bn2_w16_gap,6060,prob_error_reduction,selected,-0.04131200164556503,4
single_shape,bn2_w16_gap,6061,centered_logit_fidelity,selected,0.4087731328397769,4
single_shape,bn2_w16_gap,6061,prob_error_reduction,selected,-0.04030817747116089,4
single_shape,bn2_w16_gap,6062,centered_logit_fidelity,selected,-0.7870606017778097,4
single_shape,bn2_w16_gap,6062,prob_error_reduction,selected,0.22753401845693588,4
single_shape,bn2_w16_gap,6063,centered_logit_fidelity,selected,-0.3064469461460244,4
single_shape,bn2_w16_gap,6063,prob_error_reduction,selected,-0.06599012017250061,4
single_shape,bn2_w16_gap,6064,centered_logit_fidelity,selected,-0.1396797985861907,4
single_shape,bn2_w16_gap,6064,prob_error_reduction,selected,0.06158527731895447,4
single_shape,bn2_w16_gap,6065,centered_logit_fidelity,selected,0.24533471659957146,4
single_shape,bn2_w16_gap,6065,prob_error_reduction,selected,-0.07250236719846725,4
single_shape,bn2_w16_gap,6066,centered_logit_fidelity,selected,-0.3282142041222198,4
single_shape,bn2_w16_gap,6066,prob_error_reduction,selected,-0.0740446001291275,4
single_shape,bn2_w16_gap,6067,centered_logit_fidelity,selected,-0.23632010835838452,4
single_shape,bn2_w16_gap,6067,prob_error_reduction,selected,-0.044711366295814514,4
single_shape,bn2_w16_gap,6068,centered_logit_fidelity,selected,0.09356689014669103,4
single_shape,bn2_w16_gap,6068,prob_error_reduction,selected,-0.08553358912467957,4
single_shape,bn2_w16_gap,6069,centered_logit_fidelity,selected,-0.4168794582388846,4
single_shape,bn2_w16_gap,6069,prob_error_reduction,selected,0.1375931203365326,4
single_shape,bn2_w16_gap,6070,centered_logit_fidelity,selected,-0.05009313364966987,4
single_shape,bn2_w16_gap,6070,prob_error_reduction,selected,-0.13282659649848938,4
single_shape,bn2_w16_gap,6071,centered_logit_fidelity,selected,-0.22117096781637913,4
single_shape,bn2_w16_gap,6071,prob_error_reduction,selected,-0.017442919313907623,4
single_shape,bn2_w16_gap,6072,centered_logit_fidelity,selected,-0.5263124312707366,4
single_shape,bn2_w16_gap,6072,prob_error_reduction,selected,-0.15916307270526886,4
single_shape,bn2_w16_gap,6073,centered_logit_fidelity,selected,-0.8640047436516175,4
single_shape,bn2_w16_gap,6073,prob_error_reduction,selected,0.030178867280483246,4
single_shape,bn2_w16_gap,6074,centered_logit_fidelity,selected,-0.5792629753376334,4
single_shape,bn2_w16_gap,6074,prob_error_reduction,selected,-0.03288566321134567,4
single_shape,bn2_w16_gap,6075,centered_logit_fidelity,selected,-0.2807947000855542,4
single_shape,bn2_w16_gap,6075,prob_error_reduction,selected,-0.011841334402561188,4
single_shape,bn2_w16_gap,6076,centered_logit_fidelity,selected,-0.8694675126916339,4
single_shape,bn2_w16_gap,6076,prob_error_reduction,selected,-0.06891269981861115,4
single_shape,bn2_w16_gap,6077,centered_logit_fidelity,selected,-0.43107298340528877,4
single_shape,bn2_w16_gap,6077,prob_error_reduction,selected,-0.09201914817094803,4
single_shape,bn2_w16_gap,6078,centered_logit_fidelity,selected,-0.41959266574175713,4
single_shape,bn2_w16_gap,6078,prob_error_reduction,selected,0.24232502281665802,4
single_shape,bn2_w16_gap,6079,centered_logit_fidelity,selected,-0.5924414296975857,4
single_shape,bn2_w16_gap,6079,prob_error_reduction,selected,-0.22926723212003708,4
single_shape,bn2_w16_gap,6080,centered_logit_fidelity,selected,-0.6597381292225407,4
single_shape,bn2_w16_gap,6080,prob_error_reduction,selected,-0.15386074781417847,4
single_shape,bn2_w16_gap,6081,centered_logit_fidelity,selected,0.5477870429140909,4
single_shape,bn2_w16_gap,6081,prob_error_reduction,selected,-0.12197295576334,4
single_shape,bn2_w16_gap,6082,centered_logit_fidelity,selected,-0.3419206765899849,4
single_shape,bn2_w16_gap,6082,prob_error_reduction,selected,-0.25554081052541733,4
single_shape,bn2_w16_gap,6083,centered_logit_fidelity,selected,0.11998940768988534,4
single_shape,bn2_w16_gap,6083,prob_error_reduction,selected,0.06411956250667572,4
single_shape,bn2_w16_gap,6084,centered_logit_fidelity,selected,-0.6443612555634217,4
single_shape,bn2_w16_gap,6084,prob_error_reduction,selected,-0.011842191219329834,4
single_shape,bn2_w16_gap,6085,centered_logit_fidelity,selected,-0.5084154900445906,4
single_shape,bn2_w16_gap,6085,prob_error_reduction,selected,-0.23792669922113419,4
single_shape,bn2_w16_gap,6086,centered_logit_fidelity,selected,-0.47958275214286455,4
single_shape,bn2_w16_gap,6086,prob_error_reduction,selected,-0.10422811657190323,4
single_shape,bn2_w16_gap,6087,centered_logit_fidelity,selected,-0.07459075348376303,4
single_shape,bn2_w16_gap,6087,prob_error_reduction,selected,0.10886940360069275,4
single_shape,bn2_w16_gap,6088,centered_logit_fidelity,selected,-0.7334913983259649,4
single_shape,bn2_w16_gap,6088,prob_error_reduction,selected,-0.36044497787952423,4
single_shape,bn2_w16_gap,6089,centered_logit_fidelity,selected,-0.9024683202082664,4
single_shape,bn2_w16_gap,6089,prob_error_reduction,selected,-0.05251498520374298,4
single_shape,bn2_w16_gap,6090,centered_logit_fidelity,selected,-0.4833251482892569,4
single_shape,bn2_w16_gap,6090,prob_error_reduction,selected,-0.12728850543498993,4
single_shape,bn2_w16_gap,6091,centered_logit_fidelity,selected,-0.34215278932340437,4
single_shape,bn2_w16_gap,6091,prob_error_reduction,selected,0.15122894197702408,4
single_shape,bn2_w16_gap,6092,centered_logit_fidelity,selected,-0.44754570536282384,4
single_shape,bn2_w16_gap,6092,prob_error_reduction,selected,-0.08410349488258362,4
single_shape,bn2_w16_gap,6093,centered_logit_fidelity,selected,-0.5122183038624396,4
single_shape,bn2_w16_gap,6093,prob_error_reduction,selected,-0.1506640762090683,4
single_shape,bn2_w16_gap,6094,centered_logit_fidelity,selected,-0.5437336021819423,4
single_shape,bn2_w16_gap,6094,prob_error_reduction,selected,-0.0726170763373375,4
single_shape,bn2_w16_gap,6095,centered_logit_fidelity,selected,-0.7365087541484929,4
single_shape,bn2_w16_gap,6095,prob_error_reduction,selected,-0.12527741491794586,4
single_shape,bn2_w16_gap,6096,centered_logit_fidelity,selected,0.5402382150372396,4
single_shape,bn2_w16_gap,6096,prob_error_reduction,selected,0.16211054474115372,4
single_shape,bn2_w16_gap,6097,centered_logit_fidelity,selected,-0.5868223881197068,4
single_shape,bn2_w16_gap,6097,prob_error_reduction,selected,-0.13445036113262177,4
single_shape,bn2_w16_gap,6098,centered_logit_fidelity,selected,0.7212913207193835,4
single_shape,bn2_w16_gap,6098,prob_error_reduction,selected,-0.13555733114480972,4
single_shape,bn2_w16_gap,6099,centered_logit_fidelity,selected,-0.1992240960187469,4
single_shape,bn2_w16_gap,6099,prob_error_reduction,selected,-0.1458956003189087,4
single_shape,bn2_w16_gmp,6000,centered_logit_fidelity,selected,0.030200602239296076,4
single_shape,bn2_w16_gmp,6000,prob_error_reduction,selected,0.11251427978277206,4
single_shape,bn2_w16_gmp,6001,centered_logit_fidelity,selected,0.15282157335050822,4
single_shape,bn2_w16_gmp,6001,prob_error_reduction,selected,0.18760359287261963,4
single_shape,bn2_w16_gmp,6002,centered_logit_fidelity,selected,0.0789010380244627,4
single_shape,bn2_w16_gmp,6002,prob_error_reduction,selected,0.23568853735923767,4
single_shape,bn2_w16_gmp,6003,centered_logit_fidelity,selected,0.093030028275104,4
single_shape,bn2_w16_gmp,6003,prob_error_reduction,selected,0.0405191108584404,4
single_shape,bn2_w16_gmp,6004,centered_logit_fidelity,selected,0.06314626500835559,4
single_shape,bn2_w16_gmp,6004,prob_error_reduction,selected,0.055052921175956726,4
single_shape,bn2_w16_gmp,6005,centered_logit_fidelity,selected,-0.08323976527809206,4
single_shape,bn2_w16_gmp,6005,prob_error_reduction,selected,-0.14217904210090637,4
single_shape,bn2_w16_gmp,6006,centered_logit_fidelity,selected,0.15162800820881495,4
single_shape,bn2_w16_gmp,6006,prob_error_reduction,selected,0.21368812769651413,4
single_shape,bn2_w16_gmp,6007,centered_logit_fidelity,selected,0.06800208217105433,4
single_shape,bn2_w16_gmp,6007,prob_error_reduction,selected,0.21794788539409637,4
single_shape,bn2_w16_gmp,6008,centered_logit_fidelity,selected,0.07880501907930715,4
single_shape,bn2_w16_gmp,6008,prob_error_reduction,selected,0.18581614643335342,4
single_shape,bn2_w16_gmp,6009,centered_logit_fidelity,selected,0.08628708476176367,4
single_shape,bn2_w16_gmp,6009,prob_error_reduction,selected,0.12182752788066864,4
single_shape,bn2_w16_gmp,6010,centered_logit_fidelity,selected,0.10168447470609243,4
single_shape,bn2_w16_gmp,6010,prob_error_reduction,selected,0.13625061511993408,4
single_shape,bn2_w16_gmp,6011,centered_logit_fidelity,selected,0.055733413235264456,4
single_shape,bn2_w16_gmp,6011,prob_error_reduction,selected,-0.016515135765075684,4
single_shape,bn2_w16_gmp,6012,centered_logit_fidelity,selected,0.06660969669289464,4
single_shape,bn2_w16_gmp,6012,prob_error_reduction,selected,0.029199905693531036,4
single_shape,bn2_w16_gmp,6013,centered_logit_fidelity,selected,0.12835586401740487,4
single_shape,bn2_w16_gmp,6013,prob_error_reduction,selected,0.2346828356385231,4
single_shape,bn2_w16_gmp,6014,centered_logit_fidelity,selected,0.06828506521895507,4
single_shape,bn2_w16_gmp,6014,prob_error_reduction,selected,0.18741534650325775,4
single_shape,bn2_w16_gmp,6015,centered_logit_fidelity,selected,0.10631864608995151,4
single_shape,bn2_w16_gmp,6015,prob_error_reduction,selected,0.14965175837278366,4
single_shape,bn2_w16_gmp,6016,centered_logit_fidelity,selected,0.05156683670991881,4
single_shape,bn2_w16_gmp,6016,prob_error_reduction,selected,0.057132869958877563,4
single_shape,bn2_w16_gmp,6017,centered_logit_fidelity,selected,0.029464777488724517,4
single_shape,bn2_w16_gmp,6017,prob_error_reduction,selected,0.10523571819067001,4
single_shape,bn2_w16_gmp,6018,centered_logit_fidelity,selected,0.003854992768981963,4
single_shape,bn2_w16_gmp,6018,prob_error_reduction,selected,0.1255800649523735,4
single_shape,bn2_w16_gmp,6019,centered_logit_fidelity,selected,0.061883169681570496,4
single_shape,bn2_w16_gmp,6019,prob_error_reduction,selected,0.09883376955986023,4
single_shape,bn2_w16_gmp,6020,centered_logit_fidelity,selected,0.08856129615180615,4
single_shape,bn2_w16_gmp,6020,prob_error_reduction,selected,0.21251298859715462,4
single_shape,bn2_w16_gmp,6021,centered_logit_fidelity,selected,0.00485949877075198,4
single_shape,bn2_w16_gmp,6021,prob_error_reduction,selected,-0.005910836160182953,4
single_shape,bn2_w16_gmp,6022,centered_logit_fidelity,selected,0.03650674774884735,4
single_shape,bn2_w16_gmp,6022,prob_error_reduction,selected,0.09300094097852707,4
single_shape,bn2_w16_gmp,6023,centered_logit_fidelity,selected,0.035153438326683384,4
single_shape,bn2_w16_gmp,6023,prob_error_reduction,selected,0.04671946167945862,4
single_shape,bn2_w16_gmp,6024,centered_logit_fidelity,selected,0.09491214630959391,4
single_shape,bn2_w16_gmp,6024,prob_error_reduction,selected,0.262722484767437,4
single_shape,bn2_w16_gmp,6025,centered_logit_fidelity,selected,0.19315823589914757,4
single_shape,bn2_w16_gmp,6025,prob_error_reduction,selected,0.17966479063034058,4
single_shape,bn2_w16_gmp,6026,centered_logit_fidelity,selected,0.038046137397045626,4
single_shape,bn2_w16_gmp,6026,prob_error_reduction,selected,0.1215876042842865,4
single_shape,bn2_w16_gmp,6027,centered_logit_fidelity,selected,0.10693503623521519,4
single_shape,bn2_w16_gmp,6027,prob_error_reduction,selected,0.2501038834452629,4
single_shape,bn2_w16_gmp,6028,centered_logit_fidelity,selected,0.003601384543195349,4
single_shape,bn2_w16_gmp,6028,prob_error_reduction,selected,-0.09071581810712814,4
single_shape,bn2_w16_gmp,6029,centered_logit_fidelity,selected,0.13542248910054938,4
single_shape,bn2_w16_gmp,6029,prob_error_reduction,selected,0.3015701472759247,4
single_shape,bn2_w16_gmp,6030,centered_logit_fidelity,selected,-0.0023448183989602245,4
single_shape,bn2_w16_gmp,6030,prob_error_reduction,selected,0.002468220889568329,4
single_shape,bn2_w16_gmp,6031,centered_logit_fidelity,selected,0.10361689357743657,4
single_shape,bn2_w16_gmp,6031,prob_error_reduction,selected,0.14463340491056442,4
single_shape,bn2_w16_gmp,6032,centered_logit_fidelity,selected,0.15017539236123695,4
single_shape,bn2_w16_gmp,6032,prob_error_reduction,selected,0.155195914208889,4
single_shape,bn2_w16_gmp,6033,centered_logit_fidelity,selected,0.07004925408789693,4
single_shape,bn2_w16_gmp,6033,prob_error_reduction,selected,0.2474316582083702,4
single_shape,bn2_w16_gmp,6034,centered_logit_fidelity,selected,0.12477622333891401,4
single_shape,bn2_w16_gmp,6034,prob_error_reduction,selected,0.12334994226694107,4
single_shape,bn2_w16_gmp,6035,centered_logit_fidelity,selected,0.032605527321342254,4
single_shape,bn2_w16_gmp,6035,prob_error_reduction,selected,0.0789884701371193,4
single_shape,bn2_w16_gmp,6036,centered_logit_fidelity,selected,0.11823669628837359,4
single_shape,bn2_w16_gmp,6036,prob_error_reduction,selected,0.10881895571947098,4
single_shape,bn2_w16_gmp,6037,centered_logit_fidelity,selected,0.040186019855843164,4
single_shape,bn2_w16_gmp,6037,prob_error_reduction,selected,0.043750323355197906,4
single_shape,bn2_w16_gmp,6038,centered_logit_fidelity,selected,-0.04194206397629058,4
single_shape,bn2_w16_gmp,6038,prob_error_reduction,selected,-0.06479038298130035,4
single_shape,bn2_w16_gmp,6039,centered_logit_fidelity,selected,0.06492081213766575,4
single_shape,bn2_w16_gmp,6039,prob_error_reduction,selected,0.008906751871109009,4
single_shape,bn2_w16_gmp,6040,centered_logit_fidelity,selected,0.07367914289557251,4
single_shape,bn2_w16_gmp,6040,prob_error_reduction,selected,0.01101769506931305,4
single_shape,bn2_w16_gmp,6041,centered_logit_fidelity,selected,0.054939114028471805,4
single_shape,bn2_w16_gmp,6041,prob_error_reduction,selected,0.20763123780488968,4
single_shape,bn2_w16_gmp,6042,centered_logit_fidelity,selected,0.05002217241444912,4
single_shape,bn2_w16_gmp,6042,prob_error_reduction,selected,0.06836311519145966,4
single_shape,bn2_w16_gmp,6043,centered_logit_fidelity,selected,0.04194978879700963,4
single_shape,bn2_w16_gmp,6043,prob_error_reduction,selected,0.034491702914237976,4
single_shape,bn2_w16_gmp,6044,centered_logit_fidelity,selected,0.019348482149093876,4
single_shape,bn2_w16_gmp,6044,prob_error_reduction,selected,0.2282830774784088,4
single_shape,bn2_w16_gmp,6045,centered_logit_fidelity,selected,0.029182283771470655,4
single_shape,bn2_w16_gmp,6045,prob_error_reduction,selected,0.14518316090106964,4
single_shape,bn2_w16_gmp,6046,centered_logit_fidelity,selected,0.08209672091080411,4
single_shape,bn2_w16_gmp,6046,prob_error_reduction,selected,0.08106749504804611,4
single_shape,bn2_w16_gmp,6047,centered_logit_fidelity,selected,0.02626449816436864,4
single_shape,bn2_w16_gmp,6047,prob_error_reduction,selected,0.04858766496181488,4
single_shape,bn2_w16_gmp,6048,centered_logit_fidelity,selected,0.05530788834489797,4
single_shape,bn2_w16_gmp,6048,prob_error_reduction,selected,0.15921221673488617,4
single_shape,bn2_w16_gmp,6049,centered_logit_fidelity,selected,0.0269242002356693,4
single_shape,bn2_w16_gmp,6049,prob_error_reduction,selected,0.007057696580886841,4
single_shape,bn2_w16_gmp,6050,centered_logit_fidelity,selected,0.0050396822805889585,4
single_shape,bn2_w16_gmp,6050,prob_error_reduction,selected,0.07791966572403908,4
single_shape,bn2_w16_gmp,6051,centered_logit_fidelity,selected,0.1246323194095695,4
single_shape,bn2_w16_gmp,6051,prob_error_reduction,selected,0.17839321494102478,4
single_shape,bn2_w16_gmp,6052,centered_logit_fidelity,selected,0.07936288478124899,4
single_shape,bn2_w16_gmp,6052,prob_error_reduction,selected,0.18936152756214142,4
single_shape,bn2_w16_gmp,6053,centered_logit_fidelity,selected,0.034586837101555495,4
single_shape,bn2_w16_gmp,6053,prob_error_reduction,selected,0.035876236855983734,4
single_shape,bn2_w16_gmp,6054,centered_logit_fidelity,selected,0.036652790746367875,4
single_shape,bn2_w16_gmp,6054,prob_error_reduction,selected,-0.04530302435159683,4
single_shape,bn2_w16_gmp,6055,centered_logit_fidelity,selected,0.14303636172754636,4
single_shape,bn2_w16_gmp,6055,prob_error_reduction,selected,0.03317735344171524,4
single_shape,bn2_w16_gmp,6056,centered_logit_fidelity,selected,0.04523828253413498,4
single_shape,bn2_w16_gmp,6056,prob_error_reduction,selected,0.08721015974879265,4
single_shape,bn2_w16_gmp,6057,centered_logit_fidelity,selected,0.0528716774007241,4
single_shape,bn2_w16_gmp,6057,prob_error_reduction,selected,0.13216657936573029,4
single_shape,bn2_w16_gmp,6058,centered_logit_fidelity,selected,0.04483667524140371,4
single_shape,bn2_w16_gmp,6058,prob_error_reduction,selected,0.05771558731794357,4
single_shape,bn2_w16_gmp,6059,centered_logit_fidelity,selected,0.05818451136442397,4
single_shape,bn2_w16_gmp,6059,prob_error_reduction,selected,-0.03609023988246918,4
single_shape,bn2_w16_gmp,6060,centered_logit_fidelity,selected,0.07199782056678697,4
single_shape,bn2_w16_gmp,6060,prob_error_reduction,selected,0.1338338851928711,4
single_shape,bn2_w16_gmp,6061,centered_logit_fidelity,selected,0.054838757744407676,4
single_shape,bn2_w16_gmp,6061,prob_error_reduction,selected,0.1723688244819641,4
single_shape,bn2_w16_gmp,6062,centered_logit_fidelity,selected,0.043073174999901626,4
single_shape,bn2_w16_gmp,6062,prob_error_reduction,selected,0.013056561350822449,4
single_shape,bn2_w16_gmp,6063,centered_logit_fidelity,selected,0.008822872599864973,4
single_shape,bn2_w16_gmp,6063,prob_error_reduction,selected,0.03096882253885269,4
single_shape,bn2_w16_gmp,6064,centered_logit_fidelity,selected,0.05193953483764002,4
single_shape,bn2_w16_gmp,6064,prob_error_reduction,selected,0.050741635262966156,4
single_shape,bn2_w16_gmp,6065,centered_logit_fidelity,selected,0.008209374393651117,4
single_shape,bn2_w16_gmp,6065,prob_error_reduction,selected,-0.028297536075115204,4
single_shape,bn2_w16_gmp,6066,centered_logit_fidelity,selected,0.07492333963850266,4
single_shape,bn2_w16_gmp,6066,prob_error_reduction,selected,0.0985432118177414,4
single_shape,bn2_w16_gmp,6067,centered_logit_fidelity,selected,0.026680497313721782,4
single_shape,bn2_w16_gmp,6067,prob_error_reduction,selected,0.04081831872463226,4
single_shape,bn2_w16_gmp,6068,centered_logit_fidelity,selected,0.08602305595757016,4
single_shape,bn2_w16_gmp,6068,prob_error_reduction,selected,0.16424639523029327,4
single_shape,bn2_w16_gmp,6069,centered_logit_fidelity,selected,0.07789389963583766,4
single_shape,bn2_w16_gmp,6069,prob_error_reduction,selected,0.2008422091603279,4
single_shape,bn2_w16_gmp,6070,centered_logit_fidelity,selected,0.05280548370365308,4
single_shape,bn2_w16_gmp,6070,prob_error_reduction,selected,0.06481634080410004,4
single_shape,bn2_w16_gmp,6071,centered_logit_fidelity,selected,0.09392879524592931,4
single_shape,bn2_w16_gmp,6071,prob_error_reduction,selected,0.11619079113006592,4
single_shape,bn2_w16_gmp,6072,centered_logit_fidelity,selected,0.018400496414493067,4
single_shape,bn2_w16_gmp,6072,prob_error_reduction,selected,0.02167683094739914,4
single_shape,bn2_w16_gmp,6073,centered_logit_fidelity,selected,-0.0064651690946397194,4
single_shape,bn2_w16_gmp,6073,prob_error_reduction,selected,0.045532360672950745,4
single_shape,bn2_w16_gmp,6074,centered_logit_fidelity,selected,0.1335882853740244,4
single_shape,bn2_w16_gmp,6074,prob_error_reduction,selected,0.28673289343714714,4
single_shape,bn2_w16_gmp,6075,centered_logit_fidelity,selected,0.07712841319668681,4
single_shape,bn2_w16_gmp,6075,prob_error_reduction,selected,0.13335365056991577,4
single_shape,bn2_w16_gmp,6076,centered_logit_fidelity,selected,0.08725597696994997,4
single_shape,bn2_w16_gmp,6076,prob_error_reduction,selected,0.21327832341194153,4
single_shape,bn2_w16_gmp,6077,centered_logit_fidelity,selected,0.08618571299878142,4
single_shape,bn2_w16_gmp,6077,prob_error_reduction,selected,0.133461631834507,4
single_shape,bn2_w16_gmp,6078,centered_logit_fidelity,selected,0.03874045843482202,4
single_shape,bn2_w16_gmp,6078,prob_error_reduction,selected,0.03577341139316559,4
single_shape,bn2_w16_gmp,6079,centered_logit_fidelity,selected,0.06640483833998406,4
single_shape,bn2_w16_gmp,6079,prob_error_reduction,selected,0.14835423976182938,4
single_shape,bn2_w16_gmp,6080,centered_logit_fidelity,selected,0.12728718989647717,4
single_shape,bn2_w16_gmp,6080,prob_error_reduction,selected,0.1330929696559906,4
single_shape,bn2_w16_gmp,6081,centered_logit_fidelity,selected,0.08943348939541802,4
single_shape,bn2_w16_gmp,6081,prob_error_reduction,selected,0.19103366136550903,4
single_shape,bn2_w16_gmp,6082,centered_logit_fidelity,selected,0.03300011133696597,4
single_shape,bn2_w16_gmp,6082,prob_error_reduction,selected,0.04394537955522537,4
single_shape,bn2_w16_gmp,6083,centered_logit_fidelity,selected,0.14649674432660234,4
single_shape,bn2_w16_gmp,6083,prob_error_reduction,selected,0.39812910556793213,4
single_shape,bn2_w16_gmp,6084,centered_logit_fidelity,selected,0.0682726349322872,4
single_shape,bn2_w16_gmp,6084,prob_error_reduction,selected,0.1761368066072464,4
single_shape,bn2_w16_gmp,6085,centered_logit_fidelity,selected,0.0979637195671206,4
single_shape,bn2_w16_gmp,6085,prob_error_reduction,selected,0.3131311759352684,4
single_shape,bn2_w16_gmp,6086,centered_logit_fidelity,selected,0.061528254897029205,4
single_shape,bn2_w16_gmp,6086,prob_error_reduction,selected,0.008879601955413818,4
single_shape,bn2_w16_gmp,6087,centered_logit_fidelity,selected,0.08637799037777857,4
single_shape,bn2_w16_gmp,6087,prob_error_reduction,selected,0.19980158656835556,4
single_shape,bn2_w16_gmp,6088,centered_logit_fidelity,selected,0.059041103534895334,4
single_shape,bn2_w16_gmp,6088,prob_error_reduction,selected,0.14736925810575485,4
single_shape,bn2_w16_gmp,6089,centered_logit_fidelity,selected,0.09151814011980972,4
single_shape,bn2_w16_gmp,6089,prob_error_reduction,selected,0.161683589220047,4
single_shape,bn2_w16_gmp,6090,centered_logit_fidelity,selected,0.08722498922279362,4
single_shape,bn2_w16_gmp,6090,prob_error_reduction,selected,0.160289965569973,4
single_shape,bn2_w16_gmp,6091,centered_logit_fidelity,selected,0.07607394155138297,4
single_shape,bn2_w16_gmp,6091,prob_error_reduction,selected,0.05462268739938736,4
single_shape,bn2_w16_gmp,6092,centered_logit_fidelity,selected,0.15518499906423877,4
single_shape,bn2_w16_gmp,6092,prob_error_reduction,selected,0.17965367436408997,4
single_shape,bn2_w16_gmp,6093,centered_logit_fidelity,selected,0.06337900073023417,4
single_shape,bn2_w16_gmp,6093,prob_error_reduction,selected,0.18072694540023804,4
single_shape,bn2_w16_gmp,6094,centered_logit_fidelity,selected,0.10363838746681618,4
single_shape,bn2_w16_gmp,6094,prob_error_reduction,selected,0.30165888369083405,4
single_shape,bn2_w16_gmp,6095,centered_logit_fidelity,selected,0.038063323892226844,4
single_shape,bn2_w16_gmp,6095,prob_error_reduction,selected,0.15318115800619125,4
single_shape,bn2_w16_gmp,6096,centered_logit_fidelity,selected,0.050047212457022455,4
single_shape,bn2_w16_gmp,6096,prob_error_reduction,selected,0.12313562631607056,4
single_shape,bn2_w16_gmp,6097,centered_logit_fidelity,selected,0.08637477627747957,4
single_shape,bn2_w16_gmp,6097,prob_error_reduction,selected,0.08595424704253674,4
single_shape,bn2_w16_gmp,6098,centered_logit_fidelity,selected,0.01720804197673989,4
single_shape,bn2_w16_gmp,6098,prob_error_reduction,selected,0.07301834970712662,4
single_shape,bn2_w16_gmp,6099,centered_logit_fidelity,selected,0.11132276135549296,4
single_shape,bn2_w16_gmp,6099,prob_error_reduction,selected,0.1327080950140953,4
single_shape,bn4_w16_gap,6000,centered_logit_fidelity,selected,0.49337581648830714,4
single_shape,bn4_w16_gap,6000,prob_error_reduction,selected,-0.12257242202758789,4
single_shape,bn4_w16_gap,6001,centered_logit_fidelity,selected,-0.28023612559216127,4
single_shape,bn4_w16_gap,6001,prob_error_reduction,selected,0.1891656145453453,4
single_shape,bn4_w16_gap,6002,centered_logit_fidelity,selected,0.3238295995444769,4
single_shape,bn4_w16_gap,6002,prob_error_reduction,selected,0.16864225268363953,4
single_shape,bn4_w16_gap,6003,centered_logit_fidelity,selected,-0.25383206781816103,4
single_shape,bn4_w16_gap,6003,prob_error_reduction,selected,0.11331653222441673,4
single_shape,bn4_w16_gap,6004,centered_logit_fidelity,selected,0.1446173898341175,4
single_shape,bn4_w16_gap,6004,prob_error_reduction,selected,0.044986873865127563,4
single_shape,bn4_w16_gap,6005,centered_logit_fidelity,selected,-0.3645137569323815,4
single_shape,bn4_w16_gap,6005,prob_error_reduction,selected,0.0737251415848732,4
single_shape,bn4_w16_gap,6006,centered_logit_fidelity,selected,-0.004457584151269706,4
single_shape,bn4_w16_gap,6006,prob_error_reduction,selected,0.26194053888320923,4
single_shape,bn4_w16_gap,6007,centered_logit_fidelity,selected,0.15059689904201085,4
single_shape,bn4_w16_gap,6007,prob_error_reduction,selected,-0.08924315869808197,4
single_shape,bn4_w16_gap,6008,centered_logit_fidelity,selected,0.2833875459347307,4
single_shape,bn4_w16_gap,6008,prob_error_reduction,selected,0.02975771576166153,4
single_shape,bn4_w16_gap,6009,centered_logit_fidelity,selected,0.29446397972655464,4
single_shape,bn4_w16_gap,6009,prob_error_reduction,selected,-0.0502946637570858,4
single_shape,bn4_w16_gap,6010,centered_logit_fidelity,selected,0.7621119054113215,4
single_shape,bn4_w16_gap,6010,prob_error_reduction,selected,0.04582887887954712,4
single_shape,bn4_w16_gap,6011,centered_logit_fidelity,selected,0.6910778689491046,4
single_shape,bn4_w16_gap,6011,prob_error_reduction,selected,0.004716522991657257,4
single_shape,bn4_w16_gap,6012,centered_logit_fidelity,selected,0.09665437671336238,4
single_shape,bn4_w16_gap,6012,prob_error_reduction,selected,0.1911444216966629,4
single_shape,bn4_w16_gap,6013,centered_logit_fidelity,selected,0.756207656994526,4
single_shape,bn4_w16_gap,6013,prob_error_reduction,selected,0.1554502546787262,4
single_shape,bn4_w16_gap,6014,centered_logit_fidelity,selected,0.15133742629742203,4
single_shape,bn4_w16_gap,6014,prob_error_reduction,selected,-0.050527870655059814,4
single_shape,bn4_w16_gap,6015,centered_logit_fidelity,selected,0.42462718442303976,4
single_shape,bn4_w16_gap,6015,prob_error_reduction,selected,-0.09462019056081772,4
single_shape,bn4_w16_gap,6016,centered_logit_fidelity,selected,1.0238684730809835,4
single_shape,bn4_w16_gap,6016,prob_error_reduction,selected,0.04737792909145355,4
single_shape,bn4_w16_gap,6017,centered_logit_fidelity,selected,0.5017696127395986,4
single_shape,bn4_w16_gap,6017,prob_error_reduction,selected,-0.08043643087148666,4
single_shape,bn4_w16_gap,6018,centered_logit_fidelity,selected,0.34660017070579463,4
single_shape,bn4_w16_gap,6018,prob_error_reduction,selected,0.05217505246400833,4
single_shape,bn4_w16_gap,6019,centered_logit_fidelity,selected,0.6847464575611034,4
single_shape,bn4_w16_gap,6019,prob_error_reduction,selected,0.11320888251066208,4
single_shape,bn4_w16_gap,6020,centered_logit_fidelity,selected,0.33252093690186924,4
single_shape,bn4_w16_gap,6020,prob_error_reduction,selected,0.03415539860725403,4
single_shape,bn4_w16_gap,6021,centered_logit_fidelity,selected,0.19816119773674146,4
single_shape,bn4_w16_gap,6021,prob_error_reduction,selected,0.014914274215698242,4
single_shape,bn4_w16_gap,6022,centered_logit_fidelity,selected,1.7413366089245628,4
single_shape,bn4_w16_gap,6022,prob_error_reduction,selected,0.08212019503116608,4
single_shape,bn4_w16_gap,6023,centered_logit_fidelity,selected,-0.11225542517360533,4
single_shape,bn4_w16_gap,6023,prob_error_reduction,selected,0.06283748894929886,4
single_shape,bn4_w16_gap,6024,centered_logit_fidelity,selected,0.7868959801630608,4
single_shape,bn4_w16_gap,6024,prob_error_reduction,selected,0.11380140483379364,4
single_shape,bn4_w16_gap,6025,centered_logit_fidelity,selected,1.2665274626720333,4
single_shape,bn4_w16_gap,6025,prob_error_reduction,selected,-0.033500611782073975,4
single_shape,bn4_w16_gap,6026,centered_logit_fidelity,selected,0.6628487576120478,4
single_shape,bn4_w16_gap,6026,prob_error_reduction,selected,-0.04755326360464096,4
single_shape,bn4_w16_gap,6027,centered_logit_fidelity,selected,-0.7295774154290932,4
single_shape,bn4_w16_gap,6027,prob_error_reduction,selected,0.04727990925312042,4
single_shape,bn4_w16_gap,6028,centered_logit_fidelity,selected,0.21904446285022708,4
single_shape,bn4_w16_gap,6028,prob_error_reduction,selected,0.16027430444955826,4
single_shape,bn4_w16_gap,6029,centered_logit_fidelity,selected,0.5436811849199373,4
single_shape,bn4_w16_gap,6029,prob_error_reduction,selected,0.07724212110042572,4
single_shape,bn4_w16_gap,6030,centered_logit_fidelity,selected,0.3999901571389224,4
single_shape,bn4_w16_gap,6030,prob_error_reduction,selected,0.08892631530761719,4
single_shape,bn4_w16_gap,6031,centered_logit_fidelity,selected,0.5136576395276361,4
single_shape,bn4_w16_gap,6031,prob_error_reduction,selected,0.016544751822948456,4
single_shape,bn4_w16_gap,6032,centered_logit_fidelity,selected,0.753127623271657,4
single_shape,bn4_w16_gap,6032,prob_error_reduction,selected,-0.05862197279930115,4
single_shape,bn4_w16_gap,6033,centered_logit_fidelity,selected,0.10408809518216709,4
single_shape,bn4_w16_gap,6033,prob_error_reduction,selected,-0.08341969549655914,4
single_shape,bn4_w16_gap,6034,centered_logit_fidelity,selected,0.24821027172039284,4
single_shape,bn4_w16_gap,6034,prob_error_reduction,selected,-0.06514853239059448,4
single_shape,bn4_w16_gap,6035,centered_logit_fidelity,selected,0.006360521513335604,4
single_shape,bn4_w16_gap,6035,prob_error_reduction,selected,0.021927855908870697,4
single_shape,bn4_w16_gap,6036,centered_logit_fidelity,selected,0.5298139624527035,4
single_shape,bn4_w16_gap,6036,prob_error_reduction,selected,-0.13786204159259796,4
single_shape,bn4_w16_gap,6037,centered_logit_fidelity,selected,0.6232806099604937,4
single_shape,bn4_w16_gap,6037,prob_error_reduction,selected,0.05232095718383789,4
single_shape,bn4_w16_gap,6038,centered_logit_fidelity,selected,0.4789533913816623,4
single_shape,bn4_w16_gap,6038,prob_error_reduction,selected,0.027019105851650238,4
single_shape,bn4_w16_gap,6039,centered_logit_fidelity,selected,-0.632490080530601,4
single_shape,bn4_w16_gap,6039,prob_error_reduction,selected,-0.01597171276807785,4
single_shape,bn4_w16_gap,6040,centered_logit_fidelity,selected,0.8428944103144569,4
single_shape,bn4_w16_gap,6040,prob_error_reduction,selected,0.053422458469867706,4
single_shape,bn4_w16_gap,6041,centered_logit_fidelity,selected,0.31982753331613867,4
single_shape,bn4_w16_gap,6041,prob_error_reduction,selected,-0.02972445636987686,4
single_shape,bn4_w16_gap,6042,centered_logit_fidelity,selected,0.8314000925422962,4
single_shape,bn4_w16_gap,6042,prob_error_reduction,selected,0.22234196215867996,4
single_shape,bn4_w16_gap,6043,centered_logit_fidelity,selected,0.38799867869448634,4
single_shape,bn4_w16_gap,6043,prob_error_reduction,selected,0.005874231457710266,4
single_shape,bn4_w16_gap,6044,centered_logit_fidelity,selected,-0.12569646941405882,4
single_shape,bn4_w16_gap,6044,prob_error_reduction,selected,-0.12068626284599304,4
single_shape,bn4_w16_gap,6045,centered_logit_fidelity,selected,0.45632653058629374,4
single_shape,bn4_w16_gap,6045,prob_error_reduction,selected,0.10579755157232285,4
single_shape,bn4_w16_gap,6046,centered_logit_fidelity,selected,0.7954193283205448,4
single_shape,bn4_w16_gap,6046,prob_error_reduction,selected,-0.026493661105632782,4
single_shape,bn4_w16_gap,6047,centered_logit_fidelity,selected,0.34915719069262807,4
single_shape,bn4_w16_gap,6047,prob_error_reduction,selected,0.011548146605491638,4
single_shape,bn4_w16_gap,6048,centered_logit_fidelity,selected,0.07313533145600704,4
single_shape,bn4_w16_gap,6048,prob_error_reduction,selected,0.08886007964611053,4
single_shape,bn4_w16_gap,6049,centered_logit_fidelity,selected,0.8589217441213923,4
single_shape,bn4_w16_gap,6049,prob_error_reduction,selected,0.14311940222978592,4
single_shape,bn4_w16_gap,6050,centered_logit_fidelity,selected,0.3525403027216718,4
single_shape,bn4_w16_gap,6050,prob_error_reduction,selected,-0.18121039867401123,4
single_shape,bn4_w16_gap,6051,centered_logit_fidelity,selected,0.7292399817606771,4
single_shape,bn4_w16_gap,6051,prob_error_reduction,selected,-0.03992678225040436,4
single_shape,bn4_w16_gap,6052,centered_logit_fidelity,selected,-0.19823672080919175,4
single_shape,bn4_w16_gap,6052,prob_error_reduction,selected,0.1097496822476387,4
single_shape,bn4_w16_gap,6053,centered_logit_fidelity,selected,0.4259766216542361,4
single_shape,bn4_w16_gap,6053,prob_error_reduction,selected,-0.1161675825715065,4
single_shape,bn4_w16_gap,6054,centered_logit_fidelity,selected,0.2333395429919325,4
single_shape,bn4_w16_gap,6054,prob_error_reduction,selected,-0.07056903839111328,4
single_shape,bn4_w16_gap,6055,centered_logit_fidelity,selected,1.669501542680312,4
single_shape,bn4_w16_gap,6055,prob_error_reduction,selected,0.10755087435245514,4
single_shape,bn4_w16_gap,6056,centered_logit_fidelity,selected,0.26175537656843256,4
single_shape,bn4_w16_gap,6056,prob_error_reduction,selected,0.12795241177082062,4
single_shape,bn4_w16_gap,6057,centered_logit_fidelity,selected,0.8316486967004636,4
single_shape,bn4_w16_gap,6057,prob_error_reduction,selected,0.01987801492214203,4
single_shape,bn4_w16_gap,6058,centered_logit_fidelity,selected,-0.3911320020519752,4
single_shape,bn4_w16_gap,6058,prob_error_reduction,selected,0.07699642330408096,4
single_shape,bn4_w16_gap,6059,centered_logit_fidelity,selected,1.0587579245996914,4
single_shape,bn4_w16_gap,6059,prob_error_reduction,selected,0.10668207705020905,4
single_shape,bn4_w16_gap,6060,centered_logit_fidelity,selected,0.39350840648643465,4
single_shape,bn4_w16_gap,6060,prob_error_reduction,selected,0.2568090409040451,4
single_shape,bn4_w16_gap,6061,centered_logit_fidelity,selected,0.22572159854473312,4
single_shape,bn4_w16_gap,6061,prob_error_reduction,selected,0.045235343277454376,4
single_shape,bn4_w16_gap,6062,centered_logit_fidelity,selected,0.9830708638025994,4
single_shape,bn4_w16_gap,6062,prob_error_reduction,selected,0.12971121072769165,4
single_shape,bn4_w16_gap,6063,centered_logit_fidelity,selected,-0.4772798089153284,4
single_shape,bn4_w16_gap,6063,prob_error_reduction,selected,0.031015537679195404,4
single_shape,bn4_w16_gap,6064,centered_logit_fidelity,selected,-0.09965768024655226,4
single_shape,bn4_w16_gap,6064,prob_error_reduction,selected,0.09578100591897964,4
single_shape,bn4_w16_gap,6065,centered_logit_fidelity,selected,0.7607924474059071,4
single_shape,bn4_w16_gap,6065,prob_error_reduction,selected,-0.02800270915031433,4
single_shape,bn4_w16_gap,6066,centered_logit_fidelity,selected,0.8535458940556859,4
single_shape,bn4_w16_gap,6066,prob_error_reduction,selected,0.24639221653342247,4
single_shape,bn4_w16_gap,6067,centered_logit_fidelity,selected,0.12392835028977103,4
single_shape,bn4_w16_gap,6067,prob_error_reduction,selected,0.07391677051782608,4
single_shape,bn4_w16_gap,6068,centered_logit_fidelity,selected,1.3792345660321712,4
single_shape,bn4_w16_gap,6068,prob_error_reduction,selected,-0.1449030265212059,4
single_shape,bn4_w16_gap,6069,centered_logit_fidelity,selected,-0.44601403378130283,4
single_shape,bn4_w16_gap,6069,prob_error_reduction,selected,0.12100157886743546,4
single_shape,bn4_w16_gap,6070,centered_logit_fidelity,selected,0.8245077489667512,4
single_shape,bn4_w16_gap,6070,prob_error_reduction,selected,-0.13970181345939636,4
single_shape,bn4_w16_gap,6071,centered_logit_fidelity,selected,0.850413982484828,4
single_shape,bn4_w16_gap,6071,prob_error_reduction,selected,0.09864333271980286,4
single_shape,bn4_w16_gap,6072,centered_logit_fidelity,selected,0.6054060823459713,4
single_shape,bn4_w16_gap,6072,prob_error_reduction,selected,0.35474245995283127,4
single_shape,bn4_w16_gap,6073,centered_logit_fidelity,selected,-0.4576317134782951,4
single_shape,bn4_w16_gap,6073,prob_error_reduction,selected,-0.15052302181720734,4
single_shape,bn4_w16_gap,6074,centered_logit_fidelity,selected,0.25090155829461924,4
single_shape,bn4_w16_gap,6074,prob_error_reduction,selected,-0.15162073820829391,4
single_shape,bn4_w16_gap,6075,centered_logit_fidelity,selected,-0.03243559746806522,4
single_shape,bn4_w16_gap,6075,prob_error_reduction,selected,-0.13141124695539474,4
single_shape,bn4_w16_gap,6076,centered_logit_fidelity,selected,0.2984662930303429,4
single_shape,bn4_w16_gap,6076,prob_error_reduction,selected,0.24186763167381287,4
single_shape,bn4_w16_gap,6077,centered_logit_fidelity,selected,-0.15324908995610123,4
single_shape,bn4_w16_gap,6077,prob_error_reduction,selected,-0.09300652146339417,4
single_shape,bn4_w16_gap,6078,centered_logit_fidelity,selected,-0.02060623121132385,4
single_shape,bn4_w16_gap,6078,prob_error_reduction,selected,-0.05084012448787689,4
single_shape,bn4_w16_gap,6079,centered_logit_fidelity,selected,0.45959699008921273,4
single_shape,bn4_w16_gap,6079,prob_error_reduction,selected,0.16841693222522736,4
single_shape,bn4_w16_gap,6080,centered_logit_fidelity,selected,0.7132302424409809,4
single_shape,bn4_w16_gap,6080,prob_error_reduction,selected,-0.05183558166027069,4
single_shape,bn4_w16_gap,6081,centered_logit_fidelity,selected,0.5517642791010556,4
single_shape,bn4_w16_gap,6081,prob_error_reduction,selected,0.137136772274971,4
single_shape,bn4_w16_gap,6082,centered_logit_fidelity,selected,0.14762995412889712,4
single_shape,bn4_w16_gap,6082,prob_error_reduction,selected,0.04097757488489151,4
single_shape,bn4_w16_gap,6083,centered_logit_fidelity,selected,-0.7346772006904483,4
single_shape,bn4_w16_gap,6083,prob_error_reduction,selected,-0.2537447288632393,4
single_shape,bn4_w16_gap,6084,centered_logit_fidelity,selected,0.5719176678674152,4
single_shape,bn4_w16_gap,6084,prob_error_reduction,selected,-0.015058442950248718,4
single_shape,bn4_w16_gap,6085,centered_logit_fidelity,selected,0.3944057153708366,4
single_shape,bn4_w16_gap,6085,prob_error_reduction,selected,0.08336815237998962,4
single_shape,bn4_w16_gap,6086,centered_logit_fidelity,selected,0.23033353334030787,4
single_shape,bn4_w16_gap,6086,prob_error_reduction,selected,0.19551430642604828,4
single_shape,bn4_w16_gap,6087,centered_logit_fidelity,selected,0.6718547789210592,4
single_shape,bn4_w16_gap,6087,prob_error_reduction,selected,0.14357143640518188,4
single_shape,bn4_w16_gap,6088,centered_logit_fidelity,selected,1.148023517365281,4
single_shape,bn4_w16_gap,6088,prob_error_reduction,selected,0.32479748874902725,4
single_shape,bn4_w16_gap,6089,centered_logit_fidelity,selected,0.804053605178311,4
single_shape,bn4_w16_gap,6089,prob_error_reduction,selected,0.026867054402828217,4
single_shape,bn4_w16_gap,6090,centered_logit_fidelity,selected,0.5457608784493551,4
single_shape,bn4_w16_gap,6090,prob_error_reduction,selected,-0.06876814365386963,4
single_shape,bn4_w16_gap,6091,centered_logit_fidelity,selected,0.8016133408953443,4
single_shape,bn4_w16_gap,6091,prob_error_reduction,selected,-0.011406421661376953,4
single_shape,bn4_w16_gap,6092,centered_logit_fidelity,selected,-0.24520982320133106,4
single_shape,bn4_w16_gap,6092,prob_error_reduction,selected,-0.05103328824043274,4
single_shape,bn4_w16_gap,6093,centered_logit_fidelity,selected,0.10568746241633412,4
single_shape,bn4_w16_gap,6093,prob_error_reduction,selected,-0.026897385716438293,4
single_shape,bn4_w16_gap,6094,centered_logit_fidelity,selected,0.28412562608139075,4
single_shape,bn4_w16_gap,6094,prob_error_reduction,selected,-0.13034287095069885,4
single_shape,bn4_w16_gap,6095,centered_logit_fidelity,selected,0.2017717449061281,4
single_shape,bn4_w16_gap,6095,prob_error_reduction,selected,0.13870573788881302,4
single_shape,bn4_w16_gap,6096,centered_logit_fidelity,selected,0.42724442180953615,4
single_shape,bn4_w16_gap,6096,prob_error_reduction,selected,0.14379099011421204,4
single_shape,bn4_w16_gap,6097,centered_logit_fidelity,selected,0.8778714234639607,4
single_shape,bn4_w16_gap,6097,prob_error_reduction,selected,0.03851713240146637,4
single_shape,bn4_w16_gap,6098,centered_logit_fidelity,selected,0.47639887141559084,4
single_shape,bn4_w16_gap,6098,prob_error_reduction,selected,0.06280752271413803,4
single_shape,bn4_w16_gap,6099,centered_logit_fidelity,selected,-0.49376781098762595,4
single_shape,bn4_w16_gap,6099,prob_error_reduction,selected,0.17698513716459274,4
single_shape,bn4_w16_gmp,6000,centered_logit_fidelity,selected,-0.00470970241379895,4
single_shape,bn4_w16_gmp,6000,prob_error_reduction,selected,0.04776061326265335,4
single_shape,bn4_w16_gmp,6001,centered_logit_fidelity,selected,0.04874847653760603,4
single_shape,bn4_w16_gmp,6001,prob_error_reduction,selected,0.07056533545255661,4
single_shape,bn4_w16_gmp,6002,centered_logit_fidelity,selected,0.032273067910140646,4
single_shape,bn4_w16_gmp,6002,prob_error_reduction,selected,0.033092305064201355,4
single_shape,bn4_w16_gmp,6003,centered_logit_fidelity,selected,-0.002005691048122954,4
single_shape,bn4_w16_gmp,6003,prob_error_reduction,selected,0.004980400204658508,4
single_shape,bn4_w16_gmp,6004,centered_logit_fidelity,selected,-0.007626503422630854,4
single_shape,bn4_w16_gmp,6004,prob_error_reduction,selected,0.023888371884822845,4
single_shape,bn4_w16_gmp,6005,centered_logit_fidelity,selected,-0.01732729238647475,4
single_shape,bn4_w16_gmp,6005,prob_error_reduction,selected,0.00013078749179840088,4
single_shape,bn4_w16_gmp,6006,centered_logit_fidelity,selected,0.03394925346625062,4
single_shape,bn4_w16_gmp,6006,prob_error_reduction,selected,0.016415119171142578,4
single_shape,bn4_w16_gmp,6007,centered_logit_fidelity,selected,0.01740171107630052,4
single_shape,bn4_w16_gmp,6007,prob_error_reduction,selected,0.022429026663303375,4
single_shape,bn4_w16_gmp,6008,centered_logit_fidelity,selected,0.004593720906715615,4
single_shape,bn4_w16_gmp,6008,prob_error_reduction,selected,0.01455754041671753,4
single_shape,bn4_w16_gmp,6009,centered_logit_fidelity,selected,-0.0012882085321629377,4
single_shape,bn4_w16_gmp,6009,prob_error_reduction,selected,-0.00015372782945632935,4
single_shape,bn4_w16_gmp,6010,centered_logit_fidelity,selected,-0.0025069661388546494,4
single_shape,bn4_w16_gmp,6010,prob_error_reduction,selected,-0.054490409791469574,4
single_shape,bn4_w16_gmp,6011,centered_logit_fidelity,selected,-0.006364957401316068,4
single_shape,bn4_w16_gmp,6011,prob_error_reduction,selected,0.021280623972415924,4
single_shape,bn4_w16_gmp,6012,centered_logit_fidelity,selected,0.01595006759628656,4
single_shape,bn4_w16_gmp,6012,prob_error_reduction,selected,-0.011788986623287201,4
single_shape,bn4_w16_gmp,6013,centered_logit_fidelity,selected,-0.019792200337344662,4
single_shape,bn4_w16_gmp,6013,prob_error_reduction,selected,0.004558451473712921,4
single_shape,bn4_w16_gmp,6014,centered_logit_fidelity,selected,0.013806926178400097,4
single_shape,bn4_w16_gmp,6014,prob_error_reduction,selected,-3.848224878311157e-05,4
single_shape,bn4_w16_gmp,6015,centered_logit_fidelity,selected,0.02277796106766615,4
single_shape,bn4_w16_gmp,6015,prob_error_reduction,selected,0.002141393721103668,4
single_shape,bn4_w16_gmp,6016,centered_logit_fidelity,selected,-0.03431749485054322,4
single_shape,bn4_w16_gmp,6016,prob_error_reduction,selected,-0.07954279333353043,4
single_shape,bn4_w16_gmp,6017,centered_logit_fidelity,selected,-0.03325318681095904,4
single_shape,bn4_w16_gmp,6017,prob_error_reduction,selected,-0.0587102472782135,4
single_shape,bn4_w16_gmp,6018,centered_logit_fidelity,selected,-0.019202174886461434,4
single_shape,bn4_w16_gmp,6018,prob_error_reduction,selected,0.008092544972896576,4
single_shape,bn4_w16_gmp,6019,centered_logit_fidelity,selected,0.02974928111058267,4
single_shape,bn4_w16_gmp,6019,prob_error_reduction,selected,0.009945087134838104,4
single_shape,bn4_w16_gmp,6020,centered_logit_fidelity,selected,0.02537480127728131,4
single_shape,bn4_w16_gmp,6020,prob_error_reduction,selected,0.05023416876792908,4
single_shape,bn4_w16_gmp,6021,centered_logit_fidelity,selected,0.016261050825865098,4
single_shape,bn4_w16_gmp,6021,prob_error_reduction,selected,0.009677909314632416,4
single_shape,bn4_w16_gmp,6022,centered_logit_fidelity,selected,0.0017235593698703144,4
single_shape,bn4_w16_gmp,6022,prob_error_reduction,selected,0.004294402897357941,4
single_shape,bn4_w16_gmp,6023,centered_logit_fidelity,selected,0.004333945869441844,4
single_shape,bn4_w16_gmp,6023,prob_error_reduction,selected,-0.005591578781604767,4
single_shape,bn4_w16_gmp,6024,centered_logit_fidelity,selected,-0.004833569607457386,4
single_shape,bn4_w16_gmp,6024,prob_error_reduction,selected,-0.043553054332733154,4
single_shape,bn4_w16_gmp,6025,centered_logit_fidelity,selected,-0.010918510514560706,4
single_shape,bn4_w16_gmp,6025,prob_error_reduction,selected,-0.036364905536174774,4
single_shape,bn4_w16_gmp,6026,centered_logit_fidelity,selected,0.009302671896936412,4
single_shape,bn4_w16_gmp,6026,prob_error_reduction,selected,0.025833025574684143,4
single_shape,bn4_w16_gmp,6027,centered_logit_fidelity,selected,0.013140891811377925,4
single_shape,bn4_w16_gmp,6027,prob_error_reduction,selected,0.031105555593967438,4
single_shape,bn4_w16_gmp,6028,centered_logit_fidelity,selected,0.007682968872830723,4
single_shape,bn4_w16_gmp,6028,prob_error_reduction,selected,0.013446927070617676,4
single_shape,bn4_w16_gmp,6029,centered_logit_fidelity,selected,-0.020040844357922305,4
single_shape,bn4_w16_gmp,6029,prob_error_reduction,selected,-0.005034875124692917,4
single_shape,bn4_w16_gmp,6030,centered_logit_fidelity,selected,-0.11175826442386563,4
single_shape,bn4_w16_gmp,6030,prob_error_reduction,selected,0.08138146251440048,4
single_shape,bn4_w16_gmp,6031,centered_logit_fidelity,selected,0.019583198629507206,4
single_shape,bn4_w16_gmp,6031,prob_error_reduction,selected,-0.006018646061420441,4
single_shape,bn4_w16_gmp,6032,centered_logit_fidelity,selected,0.057987252426287605,4
single_shape,bn4_w16_gmp,6032,prob_error_reduction,selected,0.0583084374666214,4
single_shape,bn4_w16_gmp,6033,centered_logit_fidelity,selected,-0.012497059805657781,4
single_shape,bn4_w16_gmp,6033,prob_error_reduction,selected,0.04946929216384888,4
single_shape,bn4_w16_gmp,6034,centered_logit_fidelity,selected,-0.003112547965093068,4
single_shape,bn4_w16_gmp,6034,prob_error_reduction,selected,-0.012368932366371155,4
single_shape,bn4_w16_gmp,6035,centered_logit_fidelity,selected,0.01040301186743671,4
single_shape,bn4_w16_gmp,6035,prob_error_reduction,selected,0.09993736445903778,4
single_shape,bn4_w16_gmp,6036,centered_logit_fidelity,selected,0.01984020113337405,4
single_shape,bn4_w16_gmp,6036,prob_error_reduction,selected,0.009239517152309418,4
single_shape,bn4_w16_gmp,6037,centered_logit_fidelity,selected,-0.04036978129632798,4
single_shape,bn4_w16_gmp,6037,prob_error_reduction,selected,-0.04651970416307449,4
single_shape,bn4_w16_gmp,6038,centered_logit_fidelity,selected,0.005549186701402059,4
single_shape,bn4_w16_gmp,6038,prob_error_reduction,selected,-0.008449755609035492,4
single_shape,bn4_w16_gmp,6039,centered_logit_fidelity,selected,0.015141997621697725,4
single_shape,bn4_w16_gmp,6039,prob_error_reduction,selected,0.045992471277713776,4
single_shape,bn4_w16_gmp,6040,centered_logit_fidelity,selected,0.006275286365247448,4
single_shape,bn4_w16_gmp,6040,prob_error_reduction,selected,0.011414170265197754,4
single_shape,bn4_w16_gmp,6041,centered_logit_fidelity,selected,0.021742866046375514,4
single_shape,bn4_w16_gmp,6041,prob_error_reduction,selected,0.02693181484937668,4
single_shape,bn4_w16_gmp,6042,centered_logit_fidelity,selected,0.04771314668947972,4
single_shape,bn4_w16_gmp,6042,prob_error_reduction,selected,0.07953213900327682,4
single_shape,bn4_w16_gmp,6043,centered_logit_fidelity,selected,0.004089424039009984,4
single_shape,bn4_w16_gmp,6043,prob_error_reduction,selected,0.029307670891284943,4
single_shape,bn4_w16_gmp,6044,centered_logit_fidelity,selected,0.009698580635661994,4
single_shape,bn4_w16_gmp,6044,prob_error_reduction,selected,0.04698691517114639,4
single_shape,bn4_w16_gmp,6045,centered_logit_fidelity,selected,0.050262644213778976,4
single_shape,bn4_w16_gmp,6045,prob_error_reduction,selected,0.10356245189905167,4
single_shape,bn4_w16_gmp,6046,centered_logit_fidelity,selected,-0.006504072076358322,4
single_shape,bn4_w16_gmp,6046,prob_error_reduction,selected,-0.008110404014587402,4
single_shape,bn4_w16_gmp,6047,centered_logit_fidelity,selected,-0.021388580371500154,4
single_shape,bn4_w16_gmp,6047,prob_error_reduction,selected,-0.08671708405017853,4
single_shape,bn4_w16_gmp,6048,centered_logit_fidelity,selected,-0.02340521758634416,4
single_shape,bn4_w16_gmp,6048,prob_error_reduction,selected,0.06253553926944733,4
single_shape,bn4_w16_gmp,6049,centered_logit_fidelity,selected,0.014699656023338462,4
single_shape,bn4_w16_gmp,6049,prob_error_reduction,selected,0.04148039221763611,4
single_shape,bn4_w16_gmp,6050,centered_logit_fidelity,selected,0.007199097801379811,4
single_shape,bn4_w16_gmp,6050,prob_error_reduction,selected,-0.026047930121421814,4
single_shape,bn4_w16_gmp,6051,centered_logit_fidelity,selected,-0.009436732853889462,4
single_shape,bn4_w16_gmp,6051,prob_error_reduction,selected,0.010521642863750458,4
single_shape,bn4_w16_gmp,6052,centered_logit_fidelity,selected,0.0022992712304627932,4
single_shape,bn4_w16_gmp,6052,prob_error_reduction,selected,0.020816069096326828,4
single_shape,bn4_w16_gmp,6053,centered_logit_fidelity,selected,0.013423286423818903,4
single_shape,bn4_w16_gmp,6053,prob_error_reduction,selected,0.0526508167386055,4
single_shape,bn4_w16_gmp,6054,centered_logit_fidelity,selected,0.03348251890779905,4
single_shape,bn4_w16_gmp,6054,prob_error_reduction,selected,0.052732981741428375,4
single_shape,bn4_w16_gmp,6055,centered_logit_fidelity,selected,0.01680052713718079,4
single_shape,bn4_w16_gmp,6055,prob_error_reduction,selected,0.0062324777245521545,4
single_shape,bn4_w16_gmp,6056,centered_logit_fidelity,selected,0.029748369066668293,4
single_shape,bn4_w16_gmp,6056,prob_error_reduction,selected,0.02214614301919937,4
single_shape,bn4_w16_gmp,6057,centered_logit_fidelity,selected,0.015703153736766173,4
single_shape,bn4_w16_gmp,6057,prob_error_reduction,selected,0.033668890595436096,4
single_shape,bn4_w16_gmp,6058,centered_logit_fidelity,selected,0.010855341456737042,4
single_shape,bn4_w16_gmp,6058,prob_error_reduction,selected,0.017137058079242706,4
single_shape,bn4_w16_gmp,6059,centered_logit_fidelity,selected,-0.008645049086821552,4
single_shape,bn4_w16_gmp,6059,prob_error_reduction,selected,-0.0158233642578125,4
single_shape,bn4_w16_gmp,6060,centered_logit_fidelity,selected,0.009629047593088372,4
single_shape,bn4_w16_gmp,6060,prob_error_reduction,selected,-0.004664801061153412,4
single_shape,bn4_w16_gmp,6061,centered_logit_fidelity,selected,-0.01811581946062414,4
single_shape,bn4_w16_gmp,6061,prob_error_reduction,selected,-0.06308697164058685,4
single_shape,bn4_w16_gmp,6062,centered_logit_fidelity,selected,-0.02296232935446746,4
single_shape,bn4_w16_gmp,6062,prob_error_reduction,selected,0.032954905182123184,4
single_shape,bn4_w16_gmp,6063,centered_logit_fidelity,selected,-0.0058230584173808025,4
single_shape,bn4_w16_gmp,6063,prob_error_reduction,selected,-0.029296793043613434,4
single_shape,bn4_w16_gmp,6064,centered_logit_fidelity,selected,0.014798107440735453,4
single_shape,bn4_w16_gmp,6064,prob_error_reduction,selected,0.01771996170282364,4
single_shape,bn4_w16_gmp,6065,centered_logit_fidelity,selected,-0.007675932998686075,4
single_shape,bn4_w16_gmp,6065,prob_error_reduction,selected,-0.06285125017166138,4
single_shape,bn4_w16_gmp,6066,centered_logit_fidelity,selected,-0.010853892592832703,4
single_shape,bn4_w16_gmp,6066,prob_error_reduction,selected,0.0051855966448783875,4
single_shape,bn4_w16_gmp,6067,centered_logit_fidelity,selected,0.004801955996206558,4
single_shape,bn4_w16_gmp,6067,prob_error_reduction,selected,-0.0036206841468811035,4
single_shape,bn4_w16_gmp,6068,centered_logit_fidelity,selected,0.0015096015603090485,4
single_shape,bn4_w16_gmp,6068,prob_error_reduction,selected,0.1269175410270691,4
single_shape,bn4_w16_gmp,6069,centered_logit_fidelity,selected,0.013886930697812577,4
single_shape,bn4_w16_gmp,6069,prob_error_reduction,selected,-0.0541691854596138,4
single_shape,bn4_w16_gmp,6070,centered_logit_fidelity,selected,0.05089099183275969,4
single_shape,bn4_w16_gmp,6070,prob_error_reduction,selected,0.0074636563658714294,4
single_shape,bn4_w16_gmp,6071,centered_logit_fidelity,selected,0.003218282429845662,4
single_shape,bn4_w16_gmp,6071,prob_error_reduction,selected,-0.05429655313491821,4
single_shape,bn4_w16_gmp,6072,centered_logit_fidelity,selected,-0.02074821931982948,4
single_shape,bn4_w16_gmp,6072,prob_error_reduction,selected,0.010587640106678009,4
single_shape,bn4_w16_gmp,6073,centered_logit_fidelity,selected,0.01593435279291039,4
single_shape,bn4_w16_gmp,6073,prob_error_reduction,selected,0.03847533464431763,4
single_shape,bn4_w16_gmp,6074,centered_logit_fidelity,selected,0.020026438715804326,4
single_shape,bn4_w16_gmp,6074,prob_error_reduction,selected,0.07934518903493881,4
single_shape,bn4_w16_gmp,6075,centered_logit_fidelity,selected,-0.0015787337867001622,4
single_shape,bn4_w16_gmp,6075,prob_error_reduction,selected,-0.025463536381721497,4
single_shape,bn4_w16_gmp,6076,centered_logit_fidelity,selected,-0.0033716499850407755,4
single_shape,bn4_w16_gmp,6076,prob_error_reduction,selected,0.0026205405592918396,4
single_shape,bn4_w16_gmp,6077,centered_logit_fidelity,selected,0.01100539941452705,4
single_shape,bn4_w16_gmp,6077,prob_error_reduction,selected,-0.02201288938522339,4
single_shape,bn4_w16_gmp,6078,centered_logit_fidelity,selected,-0.016129388953799922,4
single_shape,bn4_w16_gmp,6078,prob_error_reduction,selected,0.013120181858539581,4
single_shape,bn4_w16_gmp,6079,centered_logit_fidelity,selected,0.010265460997521153,4
single_shape,bn4_w16_gmp,6079,prob_error_reduction,selected,0.03475663810968399,4
single_shape,bn4_w16_gmp,6080,centered_logit_fidelity,selected,0.014212036076139217,4
single_shape,bn4_w16_gmp,6080,prob_error_reduction,selected,0.004405282437801361,4
single_shape,bn4_w16_gmp,6081,centered_logit_fidelity,selected,0.018102659568425952,4
single_shape,bn4_w16_gmp,6081,prob_error_reduction,selected,0.08917156606912613,4
single_shape,bn4_w16_gmp,6082,centered_logit_fidelity,selected,-0.0072749223749792175,4
single_shape,bn4_w16_gmp,6082,prob_error_reduction,selected,0.027569912374019623,4
single_shape,bn4_w16_gmp,6083,centered_logit_fidelity,selected,0.0006169222443136863,4
single_shape,bn4_w16_gmp,6083,prob_error_reduction,selected,-0.032019734382629395,4
single_shape,bn4_w16_gmp,6084,centered_logit_fidelity,selected,0.019566718474580344,4
single_shape,bn4_w16_gmp,6084,prob_error_reduction,selected,0.07012750208377838,4
single_shape,bn4_w16_gmp,6085,centered_logit_fidelity,selected,-0.011066509846592701,4
single_shape,bn4_w16_gmp,6085,prob_error_reduction,selected,-0.0368025079369545,4
single_shape,bn4_w16_gmp,6086,centered_logit_fidelity,selected,-0.003996719140822738,4
single_shape,bn4_w16_gmp,6086,prob_error_reduction,selected,0.002641543745994568,4
single_shape,bn4_w16_gmp,6087,centered_logit_fidelity,selected,-0.04034442167691275,4
single_shape,bn4_w16_gmp,6087,prob_error_reduction,selected,0.0233062282204628,4
single_shape,bn4_w16_gmp,6088,centered_logit_fidelity,selected,-0.0350639993181837,4
single_shape,bn4_w16_gmp,6088,prob_error_reduction,selected,-0.030902691185474396,4
single_shape,bn4_w16_gmp,6089,centered_logit_fidelity,selected,0.006221212428403289,4
single_shape,bn4_w16_gmp,6089,prob_error_reduction,selected,-0.041445255279541016,4
single_shape,bn4_w16_gmp,6090,centered_logit_fidelity,selected,-0.005170407133727517,4
single_shape,bn4_w16_gmp,6090,prob_error_reduction,selected,0.032722391188144684,4
single_shape,bn4_w16_gmp,6091,centered_logit_fidelity,selected,0.026098628604595456,4
single_shape,bn4_w16_gmp,6091,prob_error_reduction,selected,-0.0052628591656684875,4
single_shape,bn4_w16_gmp,6092,centered_logit_fidelity,selected,-0.002722277631629369,4
single_shape,bn4_w16_gmp,6092,prob_error_reduction,selected,-0.020269155502319336,4
single_shape,bn4_w16_gmp,6093,centered_logit_fidelity,selected,-0.0030440162454635072,4
single_shape,bn4_w16_gmp,6093,prob_error_reduction,selected,0.0241936594247818,4
single_shape,bn4_w16_gmp,6094,centered_logit_fidelity,selected,0.0049820545144949185,4
single_shape,bn4_w16_gmp,6094,prob_error_reduction,selected,0.04348481446504593,4
single_shape,bn4_w16_gmp,6095,centered_logit_fidelity,selected,-0.020745895951279708,4
single_shape,bn4_w16_gmp,6095,prob_error_reduction,selected,-0.007927030324935913,4
single_shape,bn4_w16_gmp,6096,centered_logit_fidelity,selected,0.007323087707173909,4
single_shape,bn4_w16_gmp,6096,prob_error_reduction,selected,0.01899668574333191,4
single_shape,bn4_w16_gmp,6097,centered_logit_fidelity,selected,-0.021001054368839187,4
single_shape,bn4_w16_gmp,6097,prob_error_reduction,selected,-0.012301579117774963,4
single_shape,bn4_w16_gmp,6098,centered_logit_fidelity,selected,-0.019495907313241953,4
single_shape,bn4_w16_gmp,6098,prob_error_reduction,selected,-0.024116024374961853,4
single_shape,bn4_w16_gmp,6099,centered_logit_fidelity,selected,0.014335985814122834,4
single_shape,bn4_w16_gmp,6099,prob_error_reduction,selected,-0.030197829008102417,4
single_shape,plain2_w16_gap,6000,centered_logit_fidelity,selected,-0.051779684549780464,4
single_shape,plain2_w16_gap,6000,prob_error_reduction,selected,0.029685717076063156,4
single_shape,plain2_w16_gap,6001,centered_logit_fidelity,selected,0.10851332936662632,4
single_shape,plain2_w16_gap,6001,prob_error_reduction,selected,0.2400326319038868,4
single_shape,plain2_w16_gap,6002,centered_logit_fidelity,selected,0.15053118486779438,4
single_shape,plain2_w16_gap,6002,prob_error_reduction,selected,0.24168739467859268,4
single_shape,plain2_w16_gap,6003,centered_logit_fidelity,selected,0.018079896127711853,4
single_shape,plain2_w16_gap,6003,prob_error_reduction,selected,0.24248573742806911,4
single_shape,plain2_w16_gap,6004,centered_logit_fidelity,selected,0.04191827253370403,4
single_shape,plain2_w16_gap,6004,prob_error_reduction,selected,0.10722468048334122,4
single_shape,plain2_w16_gap,6005,centered_logit_fidelity,selected,-0.0476136035682523,4
single_shape,plain2_w16_gap,6005,prob_error_reduction,selected,0.18384329974651337,4
single_shape,plain2_w16_gap,6006,centered_logit_fidelity,selected,-0.0681609588206573,4
single_shape,plain2_w16_gap,6006,prob_error_reduction,selected,0.19815516471862793,4
single_shape,plain2_w16_gap,6007,centered_logit_fidelity,selected,0.06976031421048076,4
single_shape,plain2_w16_gap,6007,prob_error_reduction,selected,0.05296370014548302,4
single_shape,plain2_w16_gap,6008,centered_logit_fidelity,selected,0.16718255388536918,4
single_shape,plain2_w16_gap,6008,prob_error_reduction,selected,0.21140402182936668,4
single_shape,plain2_w16_gap,6009,centered_logit_fidelity,selected,0.14609562920729235,4
single_shape,plain2_w16_gap,6009,prob_error_reduction,selected,0.26614445447921753,4
single_shape,plain2_w16_gap,6010,centered_logit_fidelity,selected,-0.08749457832361156,4
single_shape,plain2_w16_gap,6010,prob_error_reduction,selected,0.12153920158743858,4
single_shape,plain2_w16_gap,6011,centered_logit_fidelity,selected,-0.11278036867166923,4
single_shape,plain2_w16_gap,6011,prob_error_reduction,selected,0.17344892770051956,4
single_shape,plain2_w16_gap,6012,centered_logit_fidelity,selected,0.149966560005664,4
single_shape,plain2_w16_gap,6012,prob_error_reduction,selected,0.21433592215180397,4
single_shape,plain2_w16_gap,6013,centered_logit_fidelity,selected,0.027493600293603274,4
single_shape,plain2_w16_gap,6013,prob_error_reduction,selected,0.1976182423532009,4
single_shape,plain2_w16_gap,6014,centered_logit_fidelity,selected,-0.003969355194902768,4
single_shape,plain2_w16_gap,6014,prob_error_reduction,selected,0.07925349287688732,4
single_shape,plain2_w16_gap,6015,centered_logit_fidelity,selected,-0.0046691395306528855,4
single_shape,plain2_w16_gap,6015,prob_error_reduction,selected,0.2291077133268118,4
single_shape,plain2_w16_gap,6016,centered_logit_fidelity,selected,0.21238243822454145,4
single_shape,plain2_w16_gap,6016,prob_error_reduction,selected,0.2184244729578495,4
single_shape,plain2_w16_gap,6017,centered_logit_fidelity,selected,0.1860536772491816,4
single_shape,plain2_w16_gap,6017,prob_error_reduction,selected,0.3610594663769007,4
single_shape,plain2_w16_gap,6018,centered_logit_fidelity,selected,0.20394193308303094,4
single_shape,plain2_w16_gap,6018,prob_error_reduction,selected,0.25674694404006004,4
single_shape,plain2_w16_gap,6019,centered_logit_fidelity,selected,-0.004445824794108488,4
single_shape,plain2_w16_gap,6019,prob_error_reduction,selected,0.1409781016409397,4
single_shape,plain2_w16_gap,6020,centered_logit_fidelity,selected,0.005280784228449742,4
single_shape,plain2_w16_gap,6020,prob_error_reduction,selected,0.29871009662747383,4
single_shape,plain2_w16_gap,6021,centered_logit_fidelity,selected,0.0643560301540491,4
single_shape,plain2_w16_gap,6021,prob_error_reduction,selected,0.17978320829570293,4
single_shape,plain2_w16_gap,6022,centered_logit_fidelity,selected,0.03155607680196426,4
single_shape,plain2_w16_gap,6022,prob_error_reduction,selected,0.16720112226903439,4
single_shape,plain2_w16_gap,6023,centered_logit_fidelity,selected,-0.09533745690975272,4
single_shape,plain2_w16_gap,6023,prob_error_reduction,selected,0.2063659466803074,4
single_shape,plain2_w16_gap,6024,centered_logit_fidelity,selected,0.01720951521070639,4
single_shape,plain2_w16_gap,6024,prob_error_reduction,selected,0.16666817478835583,4
single_shape,plain2_w16_gap,6025,centered_logit_fidelity,selected,-0.05056418999166665,4
single_shape,plain2_w16_gap,6025,prob_error_reduction,selected,0.18742749374359846,4
single_shape,plain2_w16_gap,6026,centered_logit_fidelity,selected,-0.014751805388860645,4
single_shape,plain2_w16_gap,6026,prob_error_reduction,selected,0.2197389043867588,4
single_shape,plain2_w16_gap,6027,centered_logit_fidelity,selected,0.08439075999898793,4
single_shape,plain2_w16_gap,6027,prob_error_reduction,selected,0.1882270760834217,4
single_shape,plain2_w16_gap,6028,centered_logit_fidelity,selected,-0.08046700903791348,4
single_shape,plain2_w16_gap,6028,prob_error_reduction,selected,0.1476464569568634,4
single_shape,plain2_w16_gap,6029,centered_logit_fidelity,selected,-0.043902918666504656,4
single_shape,plain2_w16_gap,6029,prob_error_reduction,selected,0.16676570288836956,4
single_shape,plain2_w16_gap,6030,centered_logit_fidelity,selected,0.02578647634103237,4
single_shape,plain2_w16_gap,6030,prob_error_reduction,selected,0.21928183734416962,4
single_shape,plain2_w16_gap,6031,centered_logit_fidelity,selected,0.1732966991943259,4
single_shape,plain2_w16_gap,6031,prob_error_reduction,selected,0.27416037023067474,4
single_shape,plain2_w16_gap,6032,centered_logit_fidelity,selected,0.2460538489568029,4
single_shape,plain2_w16_gap,6032,prob_error_reduction,selected,0.1401706226170063,4
single_shape,plain2_w16_gap,6033,centered_logit_fidelity,selected,0.002631560023676524,4
single_shape,plain2_w16_gap,6033,prob_error_reduction,selected,0.2704504281282425,4
single_shape,plain2_w16_gap,6034,centered_logit_fidelity,selected,0.028853985031458473,4
single_shape,plain2_w16_gap,6034,prob_error_reduction,selected,0.134745666757226,4
single_shape,plain2_w16_gap,6035,centered_logit_fidelity,selected,0.05799748614922244,4
single_shape,plain2_w16_gap,6035,prob_error_reduction,selected,0.1875283233821392,4
single_shape,plain2_w16_gap,6036,centered_logit_fidelity,selected,0.09235641475183766,4
single_shape,plain2_w16_gap,6036,prob_error_reduction,selected,0.23810486122965813,4
single_shape,plain2_w16_gap,6037,centered_logit_fidelity,selected,0.04264844964989033,4
single_shape,plain2_w16_gap,6037,prob_error_reduction,selected,0.27205905318260193,4
single_shape,plain2_w16_gap,6038,centered_logit_fidelity,selected,0.12237455360789423,4
single_shape,plain2_w16_gap,6038,prob_error_reduction,selected,0.17962761968374252,4
single_shape,plain2_w16_gap,6039,centered_logit_fidelity,selected,-0.03011994314738438,4
single_shape,plain2_w16_gap,6039,prob_error_reduction,selected,0.090191800147295,4
single_shape,plain2_w16_gap,6040,centered_logit_fidelity,selected,0.06959007524975755,4
single_shape,plain2_w16_gap,6040,prob_error_reduction,selected,0.26394204795360565,4
single_shape,plain2_w16_gap,6041,centered_logit_fidelity,selected,-0.021971413561788014,4
single_shape,plain2_w16_gap,6041,prob_error_reduction,selected,0.10747167468070984,4
single_shape,plain2_w16_gap,6042,centered_logit_fidelity,selected,0.1165674746970368,4
single_shape,plain2_w16_gap,6042,prob_error_reduction,selected,0.27912186458706856,4
single_shape,plain2_w16_gap,6043,centered_logit_fidelity,selected,0.0022421274307860978,4
single_shape,plain2_w16_gap,6043,prob_error_reduction,selected,0.2031310312449932,4
single_shape,plain2_w16_gap,6044,centered_logit_fidelity,selected,0.043441333943432386,4
single_shape,plain2_w16_gap,6044,prob_error_reduction,selected,0.2509220018982887,4
single_shape,plain2_w16_gap,6045,centered_logit_fidelity,selected,-0.016917088116511186,4
single_shape,plain2_w16_gap,6045,prob_error_reduction,selected,0.1946977600455284,4
single_shape,plain2_w16_gap,6046,centered_logit_fidelity,selected,0.09234591378685875,4
single_shape,plain2_w16_gap,6046,prob_error_reduction,selected,0.28701694309711456,4
single_shape,plain2_w16_gap,6047,centered_logit_fidelity,selected,0.15672927579865287,4
single_shape,plain2_w16_gap,6047,prob_error_reduction,selected,0.15239952318370342,4
single_shape,plain2_w16_gap,6048,centered_logit_fidelity,selected,0.006865516319997503,4
single_shape,plain2_w16_gap,6048,prob_error_reduction,selected,0.3431028872728348,4
single_shape,plain2_w16_gap,6049,centered_logit_fidelity,selected,-0.027457070111091914,4
single_shape,plain2_w16_gap,6049,prob_error_reduction,selected,0.18129396066069603,4
single_shape,plain2_w16_gap,6050,centered_logit_fidelity,selected,-0.01826189171611775,4
single_shape,plain2_w16_gap,6050,prob_error_reduction,selected,0.23605667799711227,4
single_shape,plain2_w16_gap,6051,centered_logit_fidelity,selected,0.0525117229944141,4
single_shape,plain2_w16_gap,6051,prob_error_reduction,selected,0.16280940920114517,4
single_shape,plain2_w16_gap,6052,centered_logit_fidelity,selected,0.07881293117053059,4
single_shape,plain2_w16_gap,6052,prob_error_reduction,selected,0.28644082322716713,4
single_shape,plain2_w16_gap,6053,centered_logit_fidelity,selected,0.13555283318040967,4
single_shape,plain2_w16_gap,6053,prob_error_reduction,selected,0.2515275962650776,4
single_shape,plain2_w16_gap,6054,centered_logit_fidelity,selected,0.03357755517305558,4
single_shape,plain2_w16_gap,6054,prob_error_reduction,selected,0.10882492363452911,4
single_shape,plain2_w16_gap,6055,centered_logit_fidelity,selected,0.15518226588763104,4
single_shape,plain2_w16_gap,6055,prob_error_reduction,selected,0.23417136073112488,4
single_shape,plain2_w16_gap,6056,centered_logit_fidelity,selected,0.13303194608229665,4
single_shape,plain2_w16_gap,6056,prob_error_reduction,selected,0.3243689276278019,4
single_shape,plain2_w16_gap,6057,centered_logit_fidelity,selected,-0.05740682459340782,4
single_shape,plain2_w16_gap,6057,prob_error_reduction,selected,0.22051648050546646,4
single_shape,plain2_w16_gap,6058,centered_logit_fidelity,selected,0.04432734583936529,4
single_shape,plain2_w16_gap,6058,prob_error_reduction,selected,0.17311047948896885,4
single_shape,plain2_w16_gap,6059,centered_logit_fidelity,selected,0.17490463978591575,4
single_shape,plain2_w16_gap,6059,prob_error_reduction,selected,0.29822447896003723,4
single_shape,plain2_w16_gap,6060,centered_logit_fidelity,selected,-0.1344003462323683,4
single_shape,plain2_w16_gap,6060,prob_error_reduction,selected,0.18945218436419964,4
single_shape,plain2_w16_gap,6061,centered_logit_fidelity,selected,0.01234641928522169,4
single_shape,plain2_w16_gap,6061,prob_error_reduction,selected,0.24845857918262482,4
single_shape,plain2_w16_gap,6062,centered_logit_fidelity,selected,0.057235774584699195,4
single_shape,plain2_w16_gap,6062,prob_error_reduction,selected,0.28531700000166893,4
single_shape,plain2_w16_gap,6063,centered_logit_fidelity,selected,0.19309873283242093,4
single_shape,plain2_w16_gap,6063,prob_error_reduction,selected,0.32511981576681137,4
single_shape,plain2_w16_gap,6064,centered_logit_fidelity,selected,-0.04299848861123745,4
single_shape,plain2_w16_gap,6064,prob_error_reduction,selected,0.15220967307686806,4
single_shape,plain2_w16_gap,6065,centered_logit_fidelity,selected,0.05301550617266235,4
single_shape,plain2_w16_gap,6065,prob_error_reduction,selected,0.13681379705667496,4
single_shape,plain2_w16_gap,6066,centered_logit_fidelity,selected,0.25782948786943205,4
single_shape,plain2_w16_gap,6066,prob_error_reduction,selected,0.2597867622971535,4
single_shape,plain2_w16_gap,6067,centered_logit_fidelity,selected,-0.02970949014855226,4
single_shape,plain2_w16_gap,6067,prob_error_reduction,selected,0.33643220365047455,4
single_shape,plain2_w16_gap,6068,centered_logit_fidelity,selected,0.038920278824570206,4
single_shape,plain2_w16_gap,6068,prob_error_reduction,selected,0.12139869667589664,4
single_shape,plain2_w16_gap,6069,centered_logit_fidelity,selected,0.05870606291721542,4
single_shape,plain2_w16_gap,6069,prob_error_reduction,selected,0.2274416871368885,4
single_shape,plain2_w16_gap,6070,centered_logit_fidelity,selected,0.03864043840577866,4
single_shape,plain2_w16_gap,6070,prob_error_reduction,selected,0.31555942073464394,4
single_shape,plain2_w16_gap,6071,centered_logit_fidelity,selected,0.12089204748176036,4
single_shape,plain2_w16_gap,6071,prob_error_reduction,selected,0.22559878788888454,4
single_shape,plain2_w16_gap,6072,centered_logit_fidelity,selected,0.00770364439344072,4
single_shape,plain2_w16_gap,6072,prob_error_reduction,selected,0.22537421807646751,4
single_shape,plain2_w16_gap,6073,centered_logit_fidelity,selected,0.05120158278990941,4
single_shape,plain2_w16_gap,6073,prob_error_reduction,selected,0.11102189682424068,4
single_shape,plain2_w16_gap,6074,centered_logit_fidelity,selected,-0.034638316271750805,4
single_shape,plain2_w16_gap,6074,prob_error_reduction,selected,0.004159294068813324,4
single_shape,plain2_w16_gap,6075,centered_logit_fidelity,selected,0.03810426201951535,4
single_shape,plain2_w16_gap,6075,prob_error_reduction,selected,0.10887075588107109,4
single_shape,plain2_w16_gap,6076,centered_logit_fidelity,selected,-0.03374121458802648,4
single_shape,plain2_w16_gap,6076,prob_error_reduction,selected,0.31866855546832085,4
single_shape,plain2_w16_gap,6077,centered_logit_fidelity,selected,0.1690904766257798,4
single_shape,plain2_w16_gap,6077,prob_error_reduction,selected,0.25652898102998734,4
single_shape,plain2_w16_gap,6078,centered_logit_fidelity,selected,-0.03974264634940938,4
single_shape,plain2_w16_gap,6078,prob_error_reduction,selected,0.15703601390123367,4
single_shape,plain2_w16_gap,6079,centered_logit_fidelity,selected,0.2131846117497005,4
single_shape,plain2_w16_gap,6079,prob_error_reduction,selected,0.1910410374403,4
single_shape,plain2_w16_gap,6080,centered_logit_fidelity,selected,-0.054588237683763696,4
single_shape,plain2_w16_gap,6080,prob_error_reduction,selected,0.1374114789068699,4
single_shape,plain2_w16_gap,6081,centered_logit_fidelity,selected,-0.03155203293061416,4
single_shape,plain2_w16_gap,6081,prob_error_reduction,selected,0.14033803157508373,4
single_shape,plain2_w16_gap,6082,centered_logit_fidelity,selected,0.1947399189306122,4
single_shape,plain2_w16_gap,6082,prob_error_reduction,selected,0.3424214534461498,4
single_shape,plain2_w16_gap,6083,centered_logit_fidelity,selected,0.09207646353315584,4
single_shape,plain2_w16_gap,6083,prob_error_reduction,selected,0.30750275403261185,4
single_shape,plain2_w16_gap,6084,centered_logit_fidelity,selected,-0.00424569350966994,4
single_shape,plain2_w16_gap,6084,prob_error_reduction,selected,0.12633121199905872,4
single_shape,plain2_w16_gap,6085,centered_logit_fidelity,selected,0.09254425545652659,4
single_shape,plain2_w16_gap,6085,prob_error_reduction,selected,0.15120073035359383,4
single_shape,plain2_w16_gap,6086,centered_logit_fidelity,selected,-0.0234255072040732,4
single_shape,plain2_w16_gap,6086,prob_error_reduction,selected,0.34425998479127884,4
single_shape,plain2_w16_gap,6087,centered_logit_fidelity,selected,0.011160309557316339,4
single_shape,plain2_w16_gap,6087,prob_error_reduction,selected,0.2746335621923208,4
single_shape,plain2_w16_gap,6088,centered_logit_fidelity,selected,0.13530120155358563,4
single_shape,plain2_w16_gap,6088,prob_error_reduction,selected,0.189389880746603,4
single_shape,plain2_w16_gap,6089,centered_logit_fidelity,selected,0.09892965469581147,4
single_shape,plain2_w16_gap,6089,prob_error_reduction,selected,0.18167192488908768,4
single_shape,plain2_w16_gap,6090,centered_logit_fidelity,selected,-0.0675771942770224,4
single_shape,plain2_w16_gap,6090,prob_error_reduction,selected,0.15420576557517052,4
single_shape,plain2_w16_gap,6091,centered_logit_fidelity,selected,-0.08400679186629904,4
single_shape,plain2_w16_gap,6091,prob_error_reduction,selected,0.0648135170340538,4
single_shape,plain2_w16_gap,6092,centered_logit_fidelity,selected,-0.048172474549639896,4
single_shape,plain2_w16_gap,6092,prob_error_reduction,selected,0.025265488773584366,4
single_shape,plain2_w16_gap,6093,centered_logit_fidelity,selected,0.10027078985038851,4
single_shape,plain2_w16_gap,6093,prob_error_reduction,selected,0.2950289957225323,4
single_shape,plain2_w16_gap,6094,centered_logit_fidelity,selected,0.02167234716201101,4
single_shape,plain2_w16_gap,6094,prob_error_reduction,selected,0.15076056867837906,4
single_shape,plain2_w16_gap,6095,centered_logit_fidelity,selected,-0.013451214309486287,4
single_shape,plain2_w16_gap,6095,prob_error_reduction,selected,0.2719203531742096,4
single_shape,plain2_w16_gap,6096,centered_logit_fidelity,selected,0.1441681483194608,4
single_shape,plain2_w16_gap,6096,prob_error_reduction,selected,0.30432142317295074,4
single_shape,plain2_w16_gap,6097,centered_logit_fidelity,selected,0.0649893544840038,4
single_shape,plain2_w16_gap,6097,prob_error_reduction,selected,0.10385744646191597,4
single_shape,plain2_w16_gap,6098,centered_logit_fidelity,selected,-0.061012930333706986,4
single_shape,plain2_w16_gap,6098,prob_error_reduction,selected,0.0003315303474664688,4
single_shape,plain2_w16_gap,6099,centered_logit_fidelity,selected,-0.009343928321696851,4
single_shape,plain2_w16_gap,6099,prob_error_reduction,selected,0.23837880790233612,4
single_shape,plain2_w16_gmp,6000,centered_logit_fidelity,selected,0.054165867727978906,4
single_shape,plain2_w16_gmp,6000,prob_error_reduction,selected,-0.017541810870170593,4
single_shape,plain2_w16_gmp,6001,centered_logit_fidelity,selected,0.05035088241835685,4
single_shape,plain2_w16_gmp,6001,prob_error_reduction,selected,-0.0019484534859657288,4
single_shape,plain2_w16_gmp,6002,centered_logit_fidelity,selected,0.03614366249518991,4
single_shape,plain2_w16_gmp,6002,prob_error_reduction,selected,-0.0665712021291256,4
single_shape,plain2_w16_gmp,6003,centered_logit_fidelity,selected,0.0772547248165262,4
single_shape,plain2_w16_gmp,6003,prob_error_reduction,selected,-0.045680977404117584,4
single_shape,plain2_w16_gmp,6004,centered_logit_fidelity,selected,0.07183857268871162,4
single_shape,plain2_w16_gmp,6004,prob_error_reduction,selected,-0.006238199770450592,4
single_shape,plain2_w16_gmp,6005,centered_logit_fidelity,selected,0.02883124541212806,4
single_shape,plain2_w16_gmp,6005,prob_error_reduction,selected,-0.013384006917476654,4
single_shape,plain2_w16_gmp,6006,centered_logit_fidelity,selected,0.041805999492276896,4
single_shape,plain2_w16_gmp,6006,prob_error_reduction,selected,-0.08766698092222214,4
single_shape,plain2_w16_gmp,6007,centered_logit_fidelity,selected,0.08652544195229846,4
single_shape,plain2_w16_gmp,6007,prob_error_reduction,selected,0.06017203629016876,4
single_shape,plain2_w16_gmp,6008,centered_logit_fidelity,selected,0.042020561648139776,4
single_shape,plain2_w16_gmp,6008,prob_error_reduction,selected,-0.00705472007393837,4
single_shape,plain2_w16_gmp,6009,centered_logit_fidelity,selected,0.052846437788230616,4
single_shape,plain2_w16_gmp,6009,prob_error_reduction,selected,0.01582939922809601,4
single_shape,plain2_w16_gmp,6010,centered_logit_fidelity,selected,0.05676728782458777,4
single_shape,plain2_w16_gmp,6010,prob_error_reduction,selected,-0.06828705966472626,4
single_shape,plain2_w16_gmp,6011,centered_logit_fidelity,selected,0.025787586588035982,4
single_shape,plain2_w16_gmp,6011,prob_error_reduction,selected,-0.0063518621027469635,4
single_shape,plain2_w16_gmp,6012,centered_logit_fidelity,selected,0.06939391281635902,4
single_shape,plain2_w16_gmp,6012,prob_error_reduction,selected,0.03471929579973221,4
single_shape,plain2_w16_gmp,6013,centered_logit_fidelity,selected,0.06848330912683269,4
single_shape,plain2_w16_gmp,6013,prob_error_reduction,selected,-0.04835820943117142,4
single_shape,plain2_w16_gmp,6014,centered_logit_fidelity,selected,0.07454156575746969,4
single_shape,plain2_w16_gmp,6014,prob_error_reduction,selected,0.015051230788230896,4
single_shape,plain2_w16_gmp,6015,centered_logit_fidelity,selected,0.05873542463817466,4
single_shape,plain2_w16_gmp,6015,prob_error_reduction,selected,0.00981409102678299,4
single_shape,plain2_w16_gmp,6016,centered_logit_fidelity,selected,0.05226590466163597,4
single_shape,plain2_w16_gmp,6016,prob_error_reduction,selected,-0.03529722988605499,4
single_shape,plain2_w16_gmp,6017,centered_logit_fidelity,selected,0.021345375681529555,4
single_shape,plain2_w16_gmp,6017,prob_error_reduction,selected,-0.09743202477693558,4
single_shape,plain2_w16_gmp,6018,centered_logit_fidelity,selected,0.030606280791699927,4
single_shape,plain2_w16_gmp,6018,prob_error_reduction,selected,-0.05488251894712448,4
single_shape,plain2_w16_gmp,6019,centered_logit_fidelity,selected,0.10715888989023434,4
single_shape,plain2_w16_gmp,6019,prob_error_reduction,selected,0.031807102262973785,4
single_shape,plain2_w16_gmp,6020,centered_logit_fidelity,selected,0.050516667663565856,4
single_shape,plain2_w16_gmp,6020,prob_error_reduction,selected,-0.018769152462482452,4
single_shape,plain2_w16_gmp,6021,centered_logit_fidelity,selected,0.056799016752974496,4
single_shape,plain2_w16_gmp,6021,prob_error_reduction,selected,0.059816405177116394,4
single_shape,plain2_w16_gmp,6022,centered_logit_fidelity,selected,0.03341806016251124,4
single_shape,plain2_w16_gmp,6022,prob_error_reduction,selected,-0.01190129667520523,4
single_shape,plain2_w16_gmp,6023,centered_logit_fidelity,selected,0.0472648268761119,4
single_shape,plain2_w16_gmp,6023,prob_error_reduction,selected,0.0134940966963768,4
single_shape,plain2_w16_gmp,6024,centered_logit_fidelity,selected,0.08920178784815957,4
single_shape,plain2_w16_gmp,6024,prob_error_reduction,selected,0.05803218483924866,4
single_shape,plain2_w16_gmp,6025,centered_logit_fidelity,selected,0.08217249276945263,4
single_shape,plain2_w16_gmp,6025,prob_error_reduction,selected,0.038085758686065674,4
single_shape,plain2_w16_gmp,6026,centered_logit_fidelity,selected,0.027446607708687523,4
single_shape,plain2_w16_gmp,6026,prob_error_reduction,selected,-0.04499468952417374,4
single_shape,plain2_w16_gmp,6027,centered_logit_fidelity,selected,0.07279870735794707,4
single_shape,plain2_w16_gmp,6027,prob_error_reduction,selected,0.026458002626895905,4
single_shape,plain2_w16_gmp,6028,centered_logit_fidelity,selected,0.05914218730133167,4
single_shape,plain2_w16_gmp,6028,prob_error_reduction,selected,0.01372738927602768,4
single_shape,plain2_w16_gmp,6029,centered_logit_fidelity,selected,0.04059211723256023,4
single_shape,plain2_w16_gmp,6029,prob_error_reduction,selected,-0.07081892341375351,4
single_shape,plain2_w16_gmp,6030,centered_logit_fidelity,selected,0.08508221743445844,4
single_shape,plain2_w16_gmp,6030,prob_error_reduction,selected,0.07985638827085495,4
single_shape,plain2_w16_gmp,6031,centered_logit_fidelity,selected,0.07111934751015853,4
single_shape,plain2_w16_gmp,6031,prob_error_reduction,selected,0.028595276176929474,4
single_shape,plain2_w16_gmp,6032,centered_logit_fidelity,selected,0.06117379817083153,4
single_shape,plain2_w16_gmp,6032,prob_error_reduction,selected,-0.004388235509395599,4
single_shape,plain2_w16_gmp,6033,centered_logit_fidelity,selected,0.034843859005866146,4
single_shape,plain2_w16_gmp,6033,prob_error_reduction,selected,-0.13968294858932495,4
single_shape,plain2_w16_gmp,6034,centered_logit_fidelity,selected,0.06634075792911673,4
single_shape,plain2_w16_gmp,6034,prob_error_reduction,selected,0.02772628515958786,4
single_shape,plain2_w16_gmp,6035,centered_logit_fidelity,selected,0.03144011630011943,4
single_shape,plain2_w16_gmp,6035,prob_error_reduction,selected,-0.09435450285673141,4
single_shape,plain2_w16_gmp,6036,centered_logit_fidelity,selected,0.05939304812415411,4
single_shape,plain2_w16_gmp,6036,prob_error_reduction,selected,-0.04391542822122574,4
single_shape,plain2_w16_gmp,6037,centered_logit_fidelity,selected,0.033538754670811285,4
single_shape,plain2_w16_gmp,6037,prob_error_reduction,selected,-0.07544827461242676,4
single_shape,plain2_w16_gmp,6038,centered_logit_fidelity,selected,0.0420527293292287,4
single_shape,plain2_w16_gmp,6038,prob_error_reduction,selected,-0.03886641561985016,4
single_shape,plain2_w16_gmp,6039,centered_logit_fidelity,selected,0.024890529913648984,4
single_shape,plain2_w16_gmp,6039,prob_error_reduction,selected,-0.07230424135923386,4
single_shape,plain2_w16_gmp,6040,centered_logit_fidelity,selected,0.04807807268461177,4
single_shape,plain2_w16_gmp,6040,prob_error_reduction,selected,-0.016964271664619446,4
single_shape,plain2_w16_gmp,6041,centered_logit_fidelity,selected,0.01727182747196286,4
single_shape,plain2_w16_gmp,6041,prob_error_reduction,selected,-0.1338849477469921,4
single_shape,plain2_w16_gmp,6042,centered_logit_fidelity,selected,0.09077214517652463,4
single_shape,plain2_w16_gmp,6042,prob_error_reduction,selected,0.02943461388349533,4
single_shape,plain2_w16_gmp,6043,centered_logit_fidelity,selected,0.031446605713955994,4
single_shape,plain2_w16_gmp,6043,prob_error_reduction,selected,-0.09940546005964279,4
single_shape,plain2_w16_gmp,6044,centered_logit_fidelity,selected,0.05002618828626065,4
single_shape,plain2_w16_gmp,6044,prob_error_reduction,selected,0.00024323910474777222,4
single_shape,plain2_w16_gmp,6045,centered_logit_fidelity,selected,0.06703509327739463,4
single_shape,plain2_w16_gmp,6045,prob_error_reduction,selected,-0.053000785410404205,4
single_shape,plain2_w16_gmp,6046,centered_logit_fidelity,selected,0.05342337439913557,4
single_shape,plain2_w16_gmp,6046,prob_error_reduction,selected,0.04295267164707184,4
single_shape,plain2_w16_gmp,6047,centered_logit_fidelity,selected,0.021534729182779863,4
single_shape,plain2_w16_gmp,6047,prob_error_reduction,selected,-0.044270824640989304,4
single_shape,plain2_w16_gmp,6048,centered_logit_fidelity,selected,0.059197691334741315,4
single_shape,plain2_w16_gmp,6048,prob_error_reduction,selected,0.03196772187948227,4
single_shape,plain2_w16_gmp,6049,centered_logit_fidelity,selected,0.042106305649213985,4
single_shape,plain2_w16_gmp,6049,prob_error_reduction,selected,-0.052308786660432816,4
single_shape,plain2_w16_gmp,6050,centered_logit_fidelity,selected,0.0736543251865572,4
single_shape,plain2_w16_gmp,6050,prob_error_reduction,selected,0.11881320923566818,4
single_shape,plain2_w16_gmp,6051,centered_logit_fidelity,selected,0.07550568988078113,4
single_shape,plain2_w16_gmp,6051,prob_error_reduction,selected,-0.0662478432059288,4
single_shape,plain2_w16_gmp,6052,centered_logit_fidelity,selected,0.05452597975154416,4
single_shape,plain2_w16_gmp,6052,prob_error_reduction,selected,-0.008801907300949097,4
single_shape,plain2_w16_gmp,6053,centered_logit_fidelity,selected,0.04532912004820838,4
single_shape,plain2_w16_gmp,6053,prob_error_reduction,selected,-0.032179929316043854,4
single_shape,plain2_w16_gmp,6054,centered_logit_fidelity,selected,0.05543673961059849,4
single_shape,plain2_w16_gmp,6054,prob_error_reduction,selected,-0.0763707384467125,4
single_shape,plain2_w16_gmp,6055,centered_logit_fidelity,selected,0.057764997364406795,4
single_shape,plain2_w16_gmp,6055,prob_error_reduction,selected,-0.017669111490249634,4
single_shape,plain2_w16_gmp,6056,centered_logit_fidelity,selected,0.02703110898436767,4
single_shape,plain2_w16_gmp,6056,prob_error_reduction,selected,-0.08028262108564377,4
single_shape,plain2_w16_gmp,6057,centered_logit_fidelity,selected,0.042116507030131034,4
single_shape,plain2_w16_gmp,6057,prob_error_reduction,selected,-0.04537156969308853,4
single_shape,plain2_w16_gmp,6058,centered_logit_fidelity,selected,0.05276363816516795,4
single_shape,plain2_w16_gmp,6058,prob_error_reduction,selected,0.060474321246147156,4
single_shape,plain2_w16_gmp,6059,centered_logit_fidelity,selected,0.024664103538452678,4
single_shape,plain2_w16_gmp,6059,prob_error_reduction,selected,-0.059778906404972076,4
single_shape,plain2_w16_gmp,6060,centered_logit_fidelity,selected,0.050273555190042674,4
single_shape,plain2_w16_gmp,6060,prob_error_reduction,selected,-0.0955566018819809,4
single_shape,plain2_w16_gmp,6061,centered_logit_fidelity,selected,0.05834190393547571,4
single_shape,plain2_w16_gmp,6061,prob_error_reduction,selected,-0.06859540194272995,4
single_shape,plain2_w16_gmp,6062,centered_logit_fidelity,selected,0.060119059668333474,4
single_shape,plain2_w16_gmp,6062,prob_error_reduction,selected,-0.03656136989593506,4
single_shape,plain2_w16_gmp,6063,centered_logit_fidelity,selected,0.05114532558178901,4
single_shape,plain2_w16_gmp,6063,prob_error_reduction,selected,0.00798635184764862,4
single_shape,plain2_w16_gmp,6064,centered_logit_fidelity,selected,0.04380006040345924,4
single_shape,plain2_w16_gmp,6064,prob_error_reduction,selected,-0.01735125482082367,4
single_shape,plain2_w16_gmp,6065,centered_logit_fidelity,selected,0.02820140286876252,4
single_shape,plain2_w16_gmp,6065,prob_error_reduction,selected,-0.07015450298786163,4
single_shape,plain2_w16_gmp,6066,centered_logit_fidelity,selected,0.037483088393966316,4
single_shape,plain2_w16_gmp,6066,prob_error_reduction,selected,-0.03039626032114029,4
single_shape,plain2_w16_gmp,6067,centered_logit_fidelity,selected,0.061058869000269536,4
single_shape,plain2_w16_gmp,6067,prob_error_reduction,selected,0.044504210352897644,4
single_shape,plain2_w16_gmp,6068,centered_logit_fidelity,selected,0.06700725920783558,4
single_shape,plain2_w16_gmp,6068,prob_error_reduction,selected,-0.028114523738622665,4
single_shape,plain2_w16_gmp,6069,centered_logit_fidelity,selected,0.05906898024200745,4
single_shape,plain2_w16_gmp,6069,prob_error_reduction,selected,-0.059919774532318115,4
single_shape,plain2_w16_gmp,6070,centered_logit_fidelity,selected,0.07757810289096384,4
single_shape,plain2_w16_gmp,6070,prob_error_reduction,selected,-0.05139584839344025,4
single_shape,plain2_w16_gmp,6071,centered_logit_fidelity,selected,0.06200556837278742,4
single_shape,plain2_w16_gmp,6071,prob_error_reduction,selected,0.029072359204292297,4
single_shape,plain2_w16_gmp,6072,centered_logit_fidelity,selected,0.04805620479319031,4
single_shape,plain2_w16_gmp,6072,prob_error_reduction,selected,-0.011530354619026184,4
single_shape,plain2_w16_gmp,6073,centered_logit_fidelity,selected,0.037748260556228375,4
single_shape,plain2_w16_gmp,6073,prob_error_reduction,selected,-0.04003886878490448,4
single_shape,plain2_w16_gmp,6074,centered_logit_fidelity,selected,0.08990373976336316,4
single_shape,plain2_w16_gmp,6074,prob_error_reduction,selected,0.05500520020723343,4
single_shape,plain2_w16_gmp,6075,centered_logit_fidelity,selected,0.07300116618321563,4
single_shape,plain2_w16_gmp,6075,prob_error_reduction,selected,0.024656258523464203,4
single_shape,plain2_w16_gmp,6076,centered_logit_fidelity,selected,0.04717518558972311,4
single_shape,plain2_w16_gmp,6076,prob_error_reduction,selected,0.06024901568889618,4
single_shape,plain2_w16_gmp,6077,centered_logit_fidelity,selected,0.07329462739952636,4
single_shape,plain2_w16_gmp,6077,prob_error_reduction,selected,0.061570122838020325,4
single_shape,plain2_w16_gmp,6078,centered_logit_fidelity,selected,0.05224622216736147,4
single_shape,plain2_w16_gmp,6078,prob_error_reduction,selected,0.016205884516239166,4
single_shape,plain2_w16_gmp,6079,centered_logit_fidelity,selected,0.06712476740825728,4
single_shape,plain2_w16_gmp,6079,prob_error_reduction,selected,0.08456550166010857,4
single_shape,plain2_w16_gmp,6080,centered_logit_fidelity,selected,0.036342338389899864,4
single_shape,plain2_w16_gmp,6080,prob_error_reduction,selected,-0.011208072304725647,4
single_shape,plain2_w16_gmp,6081,centered_logit_fidelity,selected,0.06479148125607202,4
single_shape,plain2_w16_gmp,6081,prob_error_reduction,selected,-0.04455201327800751,4
single_shape,plain2_w16_gmp,6082,centered_logit_fidelity,selected,0.05531465319520447,4
single_shape,plain2_w16_gmp,6082,prob_error_reduction,selected,-0.0412171334028244,4
single_shape,plain2_w16_gmp,6083,centered_logit_fidelity,selected,0.03550679976180093,4
single_shape,plain2_w16_gmp,6083,prob_error_reduction,selected,-0.07389512658119202,4
single_shape,plain2_w16_gmp,6084,centered_logit_fidelity,selected,0.022912871192947007,4
single_shape,plain2_w16_gmp,6084,prob_error_reduction,selected,0.02502155303955078,4
single_shape,plain2_w16_gmp,6085,centered_logit_fidelity,selected,0.06670754330146884,4
single_shape,plain2_w16_gmp,6085,prob_error_reduction,selected,-0.08106967806816101,4
single_shape,plain2_w16_gmp,6086,centered_logit_fidelity,selected,0.029911931382935353,4
single_shape,plain2_w16_gmp,6086,prob_error_reduction,selected,-0.07292710244655609,4
single_shape,plain2_w16_gmp,6087,centered_logit_fidelity,selected,0.01207802928685485,4
single_shape,plain2_w16_gmp,6087,prob_error_reduction,selected,-0.009472452104091644,4
single_shape,plain2_w16_gmp,6088,centered_logit_fidelity,selected,0.0289721577677476,4
single_shape,plain2_w16_gmp,6088,prob_error_reduction,selected,-0.10975262522697449,4
single_shape,plain2_w16_gmp,6089,centered_logit_fidelity,selected,0.052054131966878955,4
single_shape,plain2_w16_gmp,6089,prob_error_reduction,selected,0.00671251118183136,4
single_shape,plain2_w16_gmp,6090,centered_logit_fidelity,selected,0.03726620560256198,4
single_shape,plain2_w16_gmp,6090,prob_error_reduction,selected,-0.02462124079465866,4
single_shape,plain2_w16_gmp,6091,centered_logit_fidelity,selected,0.03234314519756572,4
single_shape,plain2_w16_gmp,6091,prob_error_reduction,selected,-0.0895143449306488,4
single_shape,plain2_w16_gmp,6092,centered_logit_fidelity,selected,0.045572577263406924,4
single_shape,plain2_w16_gmp,6092,prob_error_reduction,selected,-0.051584236323833466,4
single_shape,plain2_w16_gmp,6093,centered_logit_fidelity,selected,0.06510258727520717,4
single_shape,plain2_w16_gmp,6093,prob_error_reduction,selected,-0.05050468444824219,4
single_shape,plain2_w16_gmp,6094,centered_logit_fidelity,selected,0.07662422195294326,4
single_shape,plain2_w16_gmp,6094,prob_error_reduction,selected,0.05456804484128952,4
single_shape,plain2_w16_gmp,6095,centered_logit_fidelity,selected,0.054582336300228254,4
single_shape,plain2_w16_gmp,6095,prob_error_reduction,selected,-0.01321488618850708,4
single_shape,plain2_w16_gmp,6096,centered_logit_fidelity,selected,0.04441287738681875,4
single_shape,plain2_w16_gmp,6096,prob_error_reduction,selected,0.005142204463481903,4
single_shape,plain2_w16_gmp,6097,centered_logit_fidelity,selected,0.061042213308252366,4
single_shape,plain2_w16_gmp,6097,prob_error_reduction,selected,-0.10415776073932648,4
single_shape,plain2_w16_gmp,6098,centered_logit_fidelity,selected,0.05875711399547698,4
single_shape,plain2_w16_gmp,6098,prob_error_reduction,selected,-0.046587131917476654,4
single_shape,plain2_w16_gmp,6099,centered_logit_fidelity,selected,0.060641820234122706,4
single_shape,plain2_w16_gmp,6099,prob_error_reduction,selected,-0.010298334062099457,4
single_shape,plain2_w64_gap,6000,centered_logit_fidelity,selected,0.05854744374122321,4
single_shape,plain2_w64_gap,6000,prob_error_reduction,selected,0.1811625063419342,4
single_shape,plain2_w64_gap,6001,centered_logit_fidelity,selected,0.003928606205328769,4
single_shape,plain2_w64_gap,6001,prob_error_reduction,selected,-0.09799566864967346,4
single_shape,plain2_w64_gap,6002,centered_logit_fidelity,selected,0.05321183296172183,4
single_shape,plain2_w64_gap,6002,prob_error_reduction,selected,0.17713040113449097,4
single_shape,plain2_w64_gap,6003,centered_logit_fidelity,selected,0.11278077310978749,4
single_shape,plain2_w64_gap,6003,prob_error_reduction,selected,0.0691879652440548,4
single_shape,plain2_w64_gap,6004,centered_logit_fidelity,selected,0.06776334834837026,4
single_shape,plain2_w64_gap,6004,prob_error_reduction,selected,0.11033259332180023,4
single_shape,plain2_w64_gap,6005,centered_logit_fidelity,selected,0.08393101700981016,4
single_shape,plain2_w64_gap,6005,prob_error_reduction,selected,0.24213841930031776,4
single_shape,plain2_w64_gap,6006,centered_logit_fidelity,selected,0.11096846666065381,4
single_shape,plain2_w64_gap,6006,prob_error_reduction,selected,0.18836938962340355,4
single_shape,plain2_w64_gap,6007,centered_logit_fidelity,selected,0.045114962007916926,4
single_shape,plain2_w64_gap,6007,prob_error_reduction,selected,0.16308708116412163,4
single_shape,plain2_w64_gap,6008,centered_logit_fidelity,selected,-0.06300893914079889,4
single_shape,plain2_w64_gap,6008,prob_error_reduction,selected,0.1555689014494419,4
single_shape,plain2_w64_gap,6009,centered_logit_fidelity,selected,0.034568336173212866,4
single_shape,plain2_w64_gap,6009,prob_error_reduction,selected,0.15439922362565994,4
single_shape,plain2_w64_gap,6010,centered_logit_fidelity,selected,0.0260003121536682,4
single_shape,plain2_w64_gap,6010,prob_error_reduction,selected,0.11099747940897942,4
single_shape,plain2_w64_gap,6011,centered_logit_fidelity,selected,0.0656836490904341,4
single_shape,plain2_w64_gap,6011,prob_error_reduction,selected,0.30180302262306213,4
single_shape,plain2_w64_gap,6012,centered_logit_fidelity,selected,-0.029988153533725387,4
single_shape,plain2_w64_gap,6012,prob_error_reduction,selected,-0.04452665150165558,4
single_shape,plain2_w64_gap,6013,centered_logit_fidelity,selected,0.026950838448475775,4
single_shape,plain2_w64_gap,6013,prob_error_reduction,selected,0.14028403535485268,4
single_shape,plain2_w64_gap,6014,centered_logit_fidelity,selected,0.0012132326021254275,4
single_shape,plain2_w64_gap,6014,prob_error_reduction,selected,0.14739623293280602,4
single_shape,plain2_w64_gap,6015,centered_logit_fidelity,selected,0.11314383133623573,4
single_shape,plain2_w64_gap,6015,prob_error_reduction,selected,0.11925466358661652,4
single_shape,plain2_w64_gap,6016,centered_logit_fidelity,selected,0.1169362121705179,4
single_shape,plain2_w64_gap,6016,prob_error_reduction,selected,0.03827415406703949,4
single_shape,plain2_w64_gap,6017,centered_logit_fidelity,selected,0.09527623339409808,4
single_shape,plain2_w64_gap,6017,prob_error_reduction,selected,0.27801281213760376,4
single_shape,plain2_w64_gap,6018,centered_logit_fidelity,selected,0.1362459550671049,4
single_shape,plain2_w64_gap,6018,prob_error_reduction,selected,0.13599245995283127,4
single_shape,plain2_w64_gap,6019,centered_logit_fidelity,selected,0.014641620973043931,4
single_shape,plain2_w64_gap,6019,prob_error_reduction,selected,0.20301413908600807,4
single_shape,plain2_w64_gap,6020,centered_logit_fidelity,selected,0.044437874877526484,4
single_shape,plain2_w64_gap,6020,prob_error_reduction,selected,0.08614415302872658,4
single_shape,plain2_w64_gap,6021,centered_logit_fidelity,selected,0.08176487760141941,4
single_shape,plain2_w64_gap,6021,prob_error_reduction,selected,0.0980948656797409,4
single_shape,plain2_w64_gap,6022,centered_logit_fidelity,selected,0.03582459826291219,4
single_shape,plain2_w64_gap,6022,prob_error_reduction,selected,0.09610309451818466,4
single_shape,plain2_w64_gap,6023,centered_logit_fidelity,selected,0.09324387424227477,4
single_shape,plain2_w64_gap,6023,prob_error_reduction,selected,0.24595490097999573,4
single_shape,plain2_w64_gap,6024,centered_logit_fidelity,selected,0.0758201274376885,4
single_shape,plain2_w64_gap,6024,prob_error_reduction,selected,0.054406072944402695,4
single_shape,plain2_w64_gap,6025,centered_logit_fidelity,selected,-0.050046709098406764,4
single_shape,plain2_w64_gap,6025,prob_error_reduction,selected,0.000706251710653305,4
single_shape,plain2_w64_gap,6026,centered_logit_fidelity,selected,0.027314664634949748,4
single_shape,plain2_w64_gap,6026,prob_error_reduction,selected,0.2484244406223297,4
single_shape,plain2_w64_gap,6027,centered_logit_fidelity,selected,-0.025568156707941256,4
single_shape,plain2_w64_gap,6027,prob_error_reduction,selected,0.07615229487419128,4
single_shape,plain2_w64_gap,6028,centered_logit_fidelity,selected,0.08163832937247532,4
single_shape,plain2_w64_gap,6028,prob_error_reduction,selected,0.14919492788612843,4
single_shape,plain2_w64_gap,6029,centered_logit_fidelity,selected,-0.0009548714698237731,4
single_shape,plain2_w64_gap,6029,prob_error_reduction,selected,0.2422100007534027,4
single_shape,plain2_w64_gap,6030,centered_logit_fidelity,selected,0.0825636120715164,4
single_shape,plain2_w64_gap,6030,prob_error_reduction,selected,0.1798560954630375,4
single_shape,plain2_w64_gap,6031,centered_logit_fidelity,selected,-0.02633647662197261,4
single_shape,plain2_w64_gap,6031,prob_error_reduction,selected,0.2048407830297947,4
single_shape,plain2_w64_gap,6032,centered_logit_fidelity,selected,0.08016712776859833,4
single_shape,plain2_w64_gap,6032,prob_error_reduction,selected,0.3029966540634632,4
single_shape,plain2_w64_gap,6033,centered_logit_fidelity,selected,0.08309871866328433,4
single_shape,plain2_w64_gap,6033,prob_error_reduction,selected,0.28976642712950706,4
single_shape,plain2_w64_gap,6034,centered_logit_fidelity,selected,0.10563496264934183,4
single_shape,plain2_w64_gap,6034,prob_error_reduction,selected,0.17613806948065758,4
single_shape,plain2_w64_gap,6035,centered_logit_fidelity,selected,0.04710695525320201,4
single_shape,plain2_w64_gap,6035,prob_error_reduction,selected,0.14240369573235512,4
single_shape,plain2_w64_gap,6036,centered_logit_fidelity,selected,0.05986184940021219,4
single_shape,plain2_w64_gap,6036,prob_error_reduction,selected,0.19489677250385284,4
single_shape,plain2_w64_gap,6037,centered_logit_fidelity,selected,0.11940929269350807,4
single_shape,plain2_w64_gap,6037,prob_error_reduction,selected,0.2140490561723709,4
single_shape,plain2_w64_gap,6038,centered_logit_fidelity,selected,-0.0026151519934830697,4
single_shape,plain2_w64_gap,6038,prob_error_reduction,selected,0.02049507200717926,4
single_shape,plain2_w64_gap,6039,centered_logit_fidelity,selected,0.008368709135848626,4
single_shape,plain2_w64_gap,6039,prob_error_reduction,selected,0.009333793073892593,4
single_shape,plain2_w64_gap,6040,centered_logit_fidelity,selected,0.08627151673725972,4
single_shape,plain2_w64_gap,6040,prob_error_reduction,selected,0.1506088264286518,4
single_shape,plain2_w64_gap,6041,centered_logit_fidelity,selected,0.055996270632535775,4
single_shape,plain2_w64_gap,6041,prob_error_reduction,selected,0.24627362936735153,4
single_shape,plain2_w64_gap,6042,centered_logit_fidelity,selected,0.003103241437816956,4
single_shape,plain2_w64_gap,6042,prob_error_reduction,selected,0.23423974215984344,4
single_shape,plain2_w64_gap,6043,centered_logit_fidelity,selected,0.05401961634355354,4
single_shape,plain2_w64_gap,6043,prob_error_reduction,selected,0.20104004815220833,4
single_shape,plain2_w64_gap,6044,centered_logit_fidelity,selected,0.061190763399253584,4
single_shape,plain2_w64_gap,6044,prob_error_reduction,selected,0.2014717385172844,4
single_shape,plain2_w64_gap,6045,centered_logit_fidelity,selected,0.012990009059204527,4
single_shape,plain2_w64_gap,6045,prob_error_reduction,selected,0.09246445819735527,4
single_shape,plain2_w64_gap,6046,centered_logit_fidelity,selected,-0.14172235931400207,4
single_shape,plain2_w64_gap,6046,prob_error_reduction,selected,0.0676308311522007,4
single_shape,plain2_w64_gap,6047,centered_logit_fidelity,selected,-0.021859071525522966,4
single_shape,plain2_w64_gap,6047,prob_error_reduction,selected,0.16897248849272728,4
single_shape,plain2_w64_gap,6048,centered_logit_fidelity,selected,0.06956401637802496,4
single_shape,plain2_w64_gap,6048,prob_error_reduction,selected,0.19444486871361732,4
single_shape,plain2_w64_gap,6049,centered_logit_fidelity,selected,0.01681336124075307,4
single_shape,plain2_w64_gap,6049,prob_error_reduction,selected,0.1884544976055622,4
single_shape,plain2_w64_gap,6050,centered_logit_fidelity,selected,0.02784710816984058,4
single_shape,plain2_w64_gap,6050,prob_error_reduction,selected,0.1501827109605074,4
single_shape,plain2_w64_gap,6051,centered_logit_fidelity,selected,0.01771330357498184,4
single_shape,plain2_w64_gap,6051,prob_error_reduction,selected,0.08707869425415993,4
single_shape,plain2_w64_gap,6052,centered_logit_fidelity,selected,0.07338258338044179,4
single_shape,plain2_w64_gap,6052,prob_error_reduction,selected,0.22305697575211525,4
single_shape,plain2_w64_gap,6053,centered_logit_fidelity,selected,0.032957821336159196,4
single_shape,plain2_w64_gap,6053,prob_error_reduction,selected,0.06522180140018463,4
single_shape,plain2_w64_gap,6054,centered_logit_fidelity,selected,0.04470325211454601,4
single_shape,plain2_w64_gap,6054,prob_error_reduction,selected,0.11306832917034626,4
single_shape,plain2_w64_gap,6055,centered_logit_fidelity,selected,0.062062844746929344,4
single_shape,plain2_w64_gap,6055,prob_error_reduction,selected,0.20612500235438347,4
single_shape,plain2_w64_gap,6056,centered_logit_fidelity,selected,0.015407608309501317,4
single_shape,plain2_w64_gap,6056,prob_error_reduction,selected,0.19963398575782776,4
single_shape,plain2_w64_gap,6057,centered_logit_fidelity,selected,0.013328215419175254,4
single_shape,plain2_w64_gap,6057,prob_error_reduction,selected,0.01720292493700981,4
single_shape,plain2_w64_gap,6058,centered_logit_fidelity,selected,0.037369590319080395,4
single_shape,plain2_w64_gap,6058,prob_error_reduction,selected,0.048401739448308945,4
single_shape,plain2_w64_gap,6059,centered_logit_fidelity,selected,-0.04159065357229717,4
single_shape,plain2_w64_gap,6059,prob_error_reduction,selected,0.03473682887852192,4
single_shape,plain2_w64_gap,6060,centered_logit_fidelity,selected,-0.001891742099273841,4
single_shape,plain2_w64_gap,6060,prob_error_reduction,selected,0.16865209862589836,4
single_shape,plain2_w64_gap,6061,centered_logit_fidelity,selected,0.003847415015277217,4
single_shape,plain2_w64_gap,6061,prob_error_reduction,selected,0.23896753415465355,4
single_shape,plain2_w64_gap,6062,centered_logit_fidelity,selected,0.11376473546278328,4
single_shape,plain2_w64_gap,6062,prob_error_reduction,selected,0.2831669431179762,4
single_shape,plain2_w64_gap,6063,centered_logit_fidelity,selected,0.06904022101835998,4
single_shape,plain2_w64_gap,6063,prob_error_reduction,selected,0.22009805403649807,4
single_shape,plain2_w64_gap,6064,centered_logit_fidelity,selected,0.01280336158338792,4
single_shape,plain2_w64_gap,6064,prob_error_reduction,selected,0.1664862260222435,4
single_shape,plain2_w64_gap,6065,centered_logit_fidelity,selected,0.00659855606519498,4
single_shape,plain2_w64_gap,6065,prob_error_reduction,selected,0.1539396494626999,4
single_shape,plain2_w64_gap,6066,centered_logit_fidelity,selected,0.04148573361240644,4
single_shape,plain2_w64_gap,6066,prob_error_reduction,selected,0.15956009551882744,4
single_shape,plain2_w64_gap,6067,centered_logit_fidelity,selected,0.11649944854523542,4
single_shape,plain2_w64_gap,6067,prob_error_reduction,selected,0.2179996781051159,4
single_shape,plain2_w64_gap,6068,centered_logit_fidelity,selected,-0.013888696028809933,4
single_shape,plain2_w64_gap,6068,prob_error_reduction,selected,0.032942596822977066,4
single_shape,plain2_w64_gap,6069,centered_logit_fidelity,selected,0.0005790562786940484,4
single_shape,plain2_w64_gap,6069,prob_error_reduction,selected,0.2944360040128231,4
single_shape,plain2_w64_gap,6070,centered_logit_fidelity,selected,0.056169192867143475,4
single_shape,plain2_w64_gap,6070,prob_error_reduction,selected,0.1794666312634945,4
single_shape,plain2_w64_gap,6071,centered_logit_fidelity,selected,0.06144679535742932,4
single_shape,plain2_w64_gap,6071,prob_error_reduction,selected,0.1749846711754799,4
single_shape,plain2_w64_gap,6072,centered_logit_fidelity,selected,-0.014700388138405268,4
single_shape,plain2_w64_gap,6072,prob_error_reduction,selected,0.34183022007346153,4
single_shape,plain2_w64_gap,6073,centered_logit_fidelity,selected,-0.042728290528246726,4
single_shape,plain2_w64_gap,6073,prob_error_reduction,selected,0.06737269088625908,4
single_shape,plain2_w64_gap,6074,centered_logit_fidelity,selected,-0.0066184958810755895,4
single_shape,plain2_w64_gap,6074,prob_error_reduction,selected,-0.009897597134113312,4
single_shape,plain2_w64_gap,6075,centered_logit_fidelity,selected,0.08282146240510664,4
single_shape,plain2_w64_gap,6075,prob_error_reduction,selected,0.21712331846356392,4
single_shape,plain2_w64_gap,6076,centered_logit_fidelity,selected,-0.024588584401176672,4
single_shape,plain2_w64_gap,6076,prob_error_reduction,selected,0.12510713934898376,4
single_shape,plain2_w64_gap,6077,centered_logit_fidelity,selected,0.003705216813392309,4
single_shape,plain2_w64_gap,6077,prob_error_reduction,selected,0.19632182642817497,4
single_shape,plain2_w64_gap,6078,centered_logit_fidelity,selected,0.0928667558275652,4
single_shape,plain2_w64_gap,6078,prob_error_reduction,selected,0.1932140700519085,4
single_shape,plain2_w64_gap,6079,centered_logit_fidelity,selected,0.3170574143845196,4
single_shape,plain2_w64_gap,6079,prob_error_reduction,selected,0.16243070363998413,4
single_shape,plain2_w64_gap,6080,centered_logit_fidelity,selected,0.0432099156297511,4
single_shape,plain2_w64_gap,6080,prob_error_reduction,selected,0.04235956072807312,4
single_shape,plain2_w64_gap,6081,centered_logit_fidelity,selected,0.05957290053722235,4
single_shape,plain2_w64_gap,6081,prob_error_reduction,selected,0.2556394524872303,4
single_shape,plain2_w64_gap,6082,centered_logit_fidelity,selected,-0.021221055599864272,4
single_shape,plain2_w64_gap,6082,prob_error_reduction,selected,0.23106258362531662,4
single_shape,plain2_w64_gap,6083,centered_logit_fidelity,selected,0.011746394941681434,4
single_shape,plain2_w64_gap,6083,prob_error_reduction,selected,0.04084651544690132,4
single_shape,plain2_w64_gap,6084,centered_logit_fidelity,selected,0.0003640587742963358,4
single_shape,plain2_w64_gap,6084,prob_error_reduction,selected,0.05911809206008911,4
single_shape,plain2_w64_gap,6085,centered_logit_fidelity,selected,-0.01602338960148271,4
single_shape,plain2_w64_gap,6085,prob_error_reduction,selected,0.1504463516175747,4
single_shape,plain2_w64_gap,6086,centered_logit_fidelity,selected,0.20540572800734014,4
single_shape,plain2_w64_gap,6086,prob_error_reduction,selected,0.2914397306740284,4
single_shape,plain2_w64_gap,6087,centered_logit_fidelity,selected,0.04813437502998609,4
single_shape,plain2_w64_gap,6087,prob_error_reduction,selected,0.12547435238957405,4
single_shape,plain2_w64_gap,6088,centered_logit_fidelity,selected,0.03934688440507608,4
single_shape,plain2_w64_gap,6088,prob_error_reduction,selected,0.2092574816197157,4
single_shape,plain2_w64_gap,6089,centered_logit_fidelity,selected,0.11585430774800343,4
single_shape,plain2_w64_gap,6089,prob_error_reduction,selected,0.143034677952528,4
single_shape,plain2_w64_gap,6090,centered_logit_fidelity,selected,-0.010806921520481197,4
single_shape,plain2_w64_gap,6090,prob_error_reduction,selected,0.1105838194489479,4
single_shape,plain2_w64_gap,6091,centered_logit_fidelity,selected,0.008177660834289543,4
single_shape,plain2_w64_gap,6091,prob_error_reduction,selected,0.0513515118509531,4
single_shape,plain2_w64_gap,6092,centered_logit_fidelity,selected,0.05631985912406845,4
single_shape,plain2_w64_gap,6092,prob_error_reduction,selected,0.10000772401690483,4
single_shape,plain2_w64_gap,6093,centered_logit_fidelity,selected,0.05327347879691885,4
single_shape,plain2_w64_gap,6093,prob_error_reduction,selected,0.22726863995194435,4
single_shape,plain2_w64_gap,6094,centered_logit_fidelity,selected,0.036368986091604896,4
single_shape,plain2_w64_gap,6094,prob_error_reduction,selected,0.25833476707339287,4
single_shape,plain2_w64_gap,6095,centered_logit_fidelity,selected,0.12915696599800647,4
single_shape,plain2_w64_gap,6095,prob_error_reduction,selected,0.24759948253631592,4
single_shape,plain2_w64_gap,6096,centered_logit_fidelity,selected,0.044088440238392854,4
single_shape,plain2_w64_gap,6096,prob_error_reduction,selected,0.15527016669511795,4
single_shape,plain2_w64_gap,6097,centered_logit_fidelity,selected,0.0032340218971825124,4
single_shape,plain2_w64_gap,6097,prob_error_reduction,selected,-0.009457670152187347,4
single_shape,plain2_w64_gap,6098,centered_logit_fidelity,selected,0.11041971741708863,4
single_shape,plain2_w64_gap,6098,prob_error_reduction,selected,0.043405596166849136,4
single_shape,plain2_w64_gap,6099,centered_logit_fidelity,selected,0.05330720379754865,4
single_shape,plain2_w64_gap,6099,prob_error_reduction,selected,0.23758938536047935,4
single_shape,plain2_w64_gmp,6000,centered_logit_fidelity,selected,0.03647110079136791,4
single_shape,plain2_w64_gmp,6000,prob_error_reduction,selected,0.013065576553344727,4
single_shape,plain2_w64_gmp,6001,centered_logit_fidelity,selected,0.039783539859635675,4
single_shape,plain2_w64_gmp,6001,prob_error_reduction,selected,-0.02117685228586197,4
single_shape,plain2_w64_gmp,6002,centered_logit_fidelity,selected,0.0289702017291628,4
single_shape,plain2_w64_gmp,6002,prob_error_reduction,selected,-0.04576216638088226,4
single_shape,plain2_w64_gmp,6003,centered_logit_fidelity,selected,0.035327895448896945,4
single_shape,plain2_w64_gmp,6003,prob_error_reduction,selected,-0.03141416609287262,4
single_shape,plain2_w64_gmp,6004,centered_logit_fidelity,selected,0.030368153133585485,4
single_shape,plain2_w64_gmp,6004,prob_error_reduction,selected,-0.031006023287773132,4
single_shape,plain2_w64_gmp,6005,centered_logit_fidelity,selected,0.03715733888238888,4
single_shape,plain2_w64_gmp,6005,prob_error_reduction,selected,-0.09957665205001831,4
single_shape,plain2_w64_gmp,6006,centered_logit_fidelity,selected,0.027761841951273944,4
single_shape,plain2_w64_gmp,6006,prob_error_reduction,selected,-0.06286133825778961,4
single_shape,plain2_w64_gmp,6007,centered_logit_fidelity,selected,0.049880782552716954,4
single_shape,plain2_w64_gmp,6007,prob_error_reduction,selected,-0.07596229761838913,4
single_shape,plain2_w64_gmp,6008,centered_logit_fidelity,selected,0.030848492294970928,4
single_shape,plain2_w64_gmp,6008,prob_error_reduction,selected,-0.014127671718597412,4
single_shape,plain2_w64_gmp,6009,centered_logit_fidelity,selected,0.03610386029106137,4
single_shape,plain2_w64_gmp,6009,prob_error_reduction,selected,-0.11694204807281494,4
single_shape,plain2_w64_gmp,6010,centered_logit_fidelity,selected,0.047512674611165095,4
single_shape,plain2_w64_gmp,6010,prob_error_reduction,selected,-0.017986968159675598,4
single_shape,plain2_w64_gmp,6011,centered_logit_fidelity,selected,0.03693206330834668,4
single_shape,plain2_w64_gmp,6011,prob_error_reduction,selected,-0.05047420412302017,4
single_shape,plain2_w64_gmp,6012,centered_logit_fidelity,selected,0.03655898012756155,4
single_shape,plain2_w64_gmp,6012,prob_error_reduction,selected,0.006727159023284912,4
single_shape,plain2_w64_gmp,6013,centered_logit_fidelity,selected,0.04090797992277714,4
single_shape,plain2_w64_gmp,6013,prob_error_reduction,selected,-0.04757107049226761,4
single_shape,plain2_w64_gmp,6014,centered_logit_fidelity,selected,0.03580236752394873,4
single_shape,plain2_w64_gmp,6014,prob_error_reduction,selected,-0.024083156138658524,4
single_shape,plain2_w64_gmp,6015,centered_logit_fidelity,selected,0.010015883746966617,4
single_shape,plain2_w64_gmp,6015,prob_error_reduction,selected,-0.05640864372253418,4
single_shape,plain2_w64_gmp,6016,centered_logit_fidelity,selected,0.03697915606138097,4
single_shape,plain2_w64_gmp,6016,prob_error_reduction,selected,-0.035707488656044006,4
single_shape,plain2_w64_gmp,6017,centered_logit_fidelity,selected,0.03442073474438807,4
single_shape,plain2_w64_gmp,6017,prob_error_reduction,selected,-0.0233474001288414,4
single_shape,plain2_w64_gmp,6018,centered_logit_fidelity,selected,0.011427995273427333,4
single_shape,plain2_w64_gmp,6018,prob_error_reduction,selected,-0.05737891048192978,4
single_shape,plain2_w64_gmp,6019,centered_logit_fidelity,selected,0.028755406753570953,4
single_shape,plain2_w64_gmp,6019,prob_error_reduction,selected,-0.07287970930337906,4
single_shape,plain2_w64_gmp,6020,centered_logit_fidelity,selected,0.0391778223225685,4
single_shape,plain2_w64_gmp,6020,prob_error_reduction,selected,-0.03975211828947067,4
single_shape,plain2_w64_gmp,6021,centered_logit_fidelity,selected,0.03913958688838874,4
single_shape,plain2_w64_gmp,6021,prob_error_reduction,selected,-0.021703265607357025,4
single_shape,plain2_w64_gmp,6022,centered_logit_fidelity,selected,0.027840751822023474,4
single_shape,plain2_w64_gmp,6022,prob_error_reduction,selected,-0.015494413673877716,4
single_shape,plain2_w64_gmp,6023,centered_logit_fidelity,selected,0.032422376011064694,4
single_shape,plain2_w64_gmp,6023,prob_error_reduction,selected,-0.07177972048521042,4
single_shape,plain2_w64_gmp,6024,centered_logit_fidelity,selected,0.02943685624264067,4
single_shape,plain2_w64_gmp,6024,prob_error_reduction,selected,-0.061566419899463654,4
single_shape,plain2_w64_gmp,6025,centered_logit_fidelity,selected,0.04181401828470305,4
single_shape,plain2_w64_gmp,6025,prob_error_reduction,selected,-0.03780435770750046,4
single_shape,plain2_w64_gmp,6026,centered_logit_fidelity,selected,0.044541932208821716,4
single_shape,plain2_w64_gmp,6026,prob_error_reduction,selected,-0.020312480628490448,4
single_shape,plain2_w64_gmp,6027,centered_logit_fidelity,selected,0.03682846502650057,4
single_shape,plain2_w64_gmp,6027,prob_error_reduction,selected,-0.07248728722333908,4
single_shape,plain2_w64_gmp,6028,centered_logit_fidelity,selected,0.01800028290871565,4
single_shape,plain2_w64_gmp,6028,prob_error_reduction,selected,-0.06529520452022552,4
single_shape,plain2_w64_gmp,6029,centered_logit_fidelity,selected,0.040665355353939905,4
single_shape,plain2_w64_gmp,6029,prob_error_reduction,selected,-0.0355544239282608,4
single_shape,plain2_w64_gmp,6030,centered_logit_fidelity,selected,0.02689680440508442,4
single_shape,plain2_w64_gmp,6030,prob_error_reduction,selected,-0.06297402828931808,4
single_shape,plain2_w64_gmp,6031,centered_logit_fidelity,selected,0.05799225525941447,4
single_shape,plain2_w64_gmp,6031,prob_error_reduction,selected,-0.020515941083431244,4
single_shape,plain2_w64_gmp,6032,centered_logit_fidelity,selected,0.03367379749077147,4
single_shape,plain2_w64_gmp,6032,prob_error_reduction,selected,-0.030280351638793945,4
single_shape,plain2_w64_gmp,6033,centered_logit_fidelity,selected,0.0303896374058215,4
single_shape,plain2_w64_gmp,6033,prob_error_reduction,selected,-0.07591412216424942,4
single_shape,plain2_w64_gmp,6034,centered_logit_fidelity,selected,0.04343264244593073,4
single_shape,plain2_w64_gmp,6034,prob_error_reduction,selected,-0.027474090456962585,4
single_shape,plain2_w64_gmp,6035,centered_logit_fidelity,selected,0.03513500712326778,4
single_shape,plain2_w64_gmp,6035,prob_error_reduction,selected,-0.02284223586320877,4
single_shape,plain2_w64_gmp,6036,centered_logit_fidelity,selected,0.03908969539341585,4
single_shape,plain2_w64_gmp,6036,prob_error_reduction,selected,-0.05730634182691574,4
single_shape,plain2_w64_gmp,6037,centered_logit_fidelity,selected,0.02520456705780323,4
single_shape,plain2_w64_gmp,6037,prob_error_reduction,selected,-0.0769985020160675,4
single_shape,plain2_w64_gmp,6038,centered_logit_fidelity,selected,0.0457013890778422,4
single_shape,plain2_w64_gmp,6038,prob_error_reduction,selected,-0.06666313856840134,4
single_shape,plain2_w64_gmp,6039,centered_logit_fidelity,selected,0.02305361429385419,4
single_shape,plain2_w64_gmp,6039,prob_error_reduction,selected,-0.10030601173639297,4
single_shape,plain2_w64_gmp,6040,centered_logit_fidelity,selected,0.0444175947441455,4
single_shape,plain2_w64_gmp,6040,prob_error_reduction,selected,0.009297847747802734,4
single_shape,plain2_w64_gmp,6041,centered_logit_fidelity,selected,0.027680028353341615,4
single_shape,plain2_w64_gmp,6041,prob_error_reduction,selected,-0.028551310300827026,4
single_shape,plain2_w64_gmp,6042,centered_logit_fidelity,selected,0.03835608040959271,4
single_shape,plain2_w64_gmp,6042,prob_error_reduction,selected,-0.03056459128856659,4
single_shape,plain2_w64_gmp,6043,centered_logit_fidelity,selected,0.021531079784519083,4
single_shape,plain2_w64_gmp,6043,prob_error_reduction,selected,-0.0914444774389267,4
single_shape,plain2_w64_gmp,6044,centered_logit_fidelity,selected,0.04688058033489649,4
single_shape,plain2_w64_gmp,6044,prob_error_reduction,selected,-0.009454302489757538,4
single_shape,plain2_w64_gmp,6045,centered_logit_fidelity,selected,0.05135733438364974,4
single_shape,plain2_w64_gmp,6045,prob_error_reduction,selected,-0.02690550684928894,4
single_shape,plain2_w64_gmp,6046,centered_logit_fidelity,selected,0.025503783251263415,4
single_shape,plain2_w64_gmp,6046,prob_error_reduction,selected,-0.06014169007539749,4
single_shape,plain2_w64_gmp,6047,centered_logit_fidelity,selected,0.010488209023327547,4
single_shape,plain2_w64_gmp,6047,prob_error_reduction,selected,-0.10049039870500565,4
single_shape,plain2_w64_gmp,6048,centered_logit_fidelity,selected,0.027148856458806783,4
single_shape,plain2_w64_gmp,6048,prob_error_reduction,selected,-0.018461376428604126,4
single_shape,plain2_w64_gmp,6049,centered_logit_fidelity,selected,0.015264099270074771,4
single_shape,plain2_w64_gmp,6049,prob_error_reduction,selected,-0.08331918716430664,4
single_shape,plain2_w64_gmp,6050,centered_logit_fidelity,selected,0.014064473848822825,4
single_shape,plain2_w64_gmp,6050,prob_error_reduction,selected,-0.1067497581243515,4
single_shape,plain2_w64_gmp,6051,centered_logit_fidelity,selected,0.028262196663564887,4
single_shape,plain2_w64_gmp,6051,prob_error_reduction,selected,-0.08267254382371902,4
single_shape,plain2_w64_gmp,6052,centered_logit_fidelity,selected,0.03946840593930949,4
single_shape,plain2_w64_gmp,6052,prob_error_reduction,selected,0.00900530070066452,4
single_shape,plain2_w64_gmp,6053,centered_logit_fidelity,selected,0.037386513056142295,4
single_shape,plain2_w64_gmp,6053,prob_error_reduction,selected,-0.06542758643627167,4
single_shape,plain2_w64_gmp,6054,centered_logit_fidelity,selected,0.03412638455890195,4
single_shape,plain2_w64_gmp,6054,prob_error_reduction,selected,-0.028613150119781494,4
single_shape,plain2_w64_gmp,6055,centered_logit_fidelity,selected,0.03081103723931894,4
single_shape,plain2_w64_gmp,6055,prob_error_reduction,selected,-0.08847229927778244,4
single_shape,plain2_w64_gmp,6056,centered_logit_fidelity,selected,0.027770443245909868,4
single_shape,plain2_w64_gmp,6056,prob_error_reduction,selected,-0.07908520102500916,4
single_shape,plain2_w64_gmp,6057,centered_logit_fidelity,selected,0.03766405595564157,4
single_shape,plain2_w64_gmp,6057,prob_error_reduction,selected,-0.027865663170814514,4
single_shape,plain2_w64_gmp,6058,centered_logit_fidelity,selected,0.02278919669718958,4
single_shape,plain2_w64_gmp,6058,prob_error_reduction,selected,-0.06702693551778793,4
single_shape,plain2_w64_gmp,6059,centered_logit_fidelity,selected,0.039501768830810385,4
single_shape,plain2_w64_gmp,6059,prob_error_reduction,selected,-0.0019137784838676453,4
single_shape,plain2_w64_gmp,6060,centered_logit_fidelity,selected,0.02171706198636117,4
single_shape,plain2_w64_gmp,6060,prob_error_reduction,selected,-0.08401113003492355,4
single_shape,plain2_w64_gmp,6061,centered_logit_fidelity,selected,0.039316918461657455,4
single_shape,plain2_w64_gmp,6061,prob_error_reduction,selected,-0.038344793021678925,4
single_shape,plain2_w64_gmp,6062,centered_logit_fidelity,selected,0.04743150889273609,4
single_shape,plain2_w64_gmp,6062,prob_error_reduction,selected,-0.1229240670800209,4
single_shape,plain2_w64_gmp,6063,centered_logit_fidelity,selected,0.03537670880359389,4
single_shape,plain2_w64_gmp,6063,prob_error_reduction,selected,-0.021713338792324066,4
single_shape,plain2_w64_gmp,6064,centered_logit_fidelity,selected,0.02769387921390462,4
single_shape,plain2_w64_gmp,6064,prob_error_reduction,selected,-0.03782732039690018,4
single_shape,plain2_w64_gmp,6065,centered_logit_fidelity,selected,0.030135126397727155,4
single_shape,plain2_w64_gmp,6065,prob_error_reduction,selected,-0.08355459570884705,4
single_shape,plain2_w64_gmp,6066,centered_logit_fidelity,selected,0.03636203285588514,4
single_shape,plain2_w64_gmp,6066,prob_error_reduction,selected,-0.030760154128074646,4
single_shape,plain2_w64_gmp,6067,centered_logit_fidelity,selected,0.04279648059662344,4
single_shape,plain2_w64_gmp,6067,prob_error_reduction,selected,0.001799359917640686,4
single_shape,plain2_w64_gmp,6068,centered_logit_fidelity,selected,0.018240142385241173,4
single_shape,plain2_w64_gmp,6068,prob_error_reduction,selected,-0.09379197657108307,4
single_shape,plain2_w64_gmp,6069,centered_logit_fidelity,selected,0.03325858545812957,4
single_shape,plain2_w64_gmp,6069,prob_error_reduction,selected,0.009557589888572693,4
single_shape,plain2_w64_gmp,6070,centered_logit_fidelity,selected,0.02893689313480237,4
single_shape,plain2_w64_gmp,6070,prob_error_reduction,selected,-0.06823204457759857,4
single_shape,plain2_w64_gmp,6071,centered_logit_fidelity,selected,0.03164691126089102,4
single_shape,plain2_w64_gmp,6071,prob_error_reduction,selected,-0.05512090027332306,4
single_shape,plain2_w64_gmp,6072,centered_logit_fidelity,selected,0.03019583277031271,4
single_shape,plain2_w64_gmp,6072,prob_error_reduction,selected,-0.014963343739509583,4
single_shape,plain2_w64_gmp,6073,centered_logit_fidelity,selected,0.04250024827567332,4
single_shape,plain2_w64_gmp,6073,prob_error_reduction,selected,-0.0032102055847644806,4
single_shape,plain2_w64_gmp,6074,centered_logit_fidelity,selected,0.04427629925265063,4
single_shape,plain2_w64_gmp,6074,prob_error_reduction,selected,-0.03831589221954346,4
single_shape,plain2_w64_gmp,6075,centered_logit_fidelity,selected,0.03467463783447425,4
single_shape,plain2_w64_gmp,6075,prob_error_reduction,selected,-0.08137290179729462,4
single_shape,plain2_w64_gmp,6076,centered_logit_fidelity,selected,0.03133758676354534,4
single_shape,plain2_w64_gmp,6076,prob_error_reduction,selected,-0.04689435288310051,4
single_shape,plain2_w64_gmp,6077,centered_logit_fidelity,selected,0.028052104201548758,4
single_shape,plain2_w64_gmp,6077,prob_error_reduction,selected,-0.060790956020355225,4
single_shape,plain2_w64_gmp,6078,centered_logit_fidelity,selected,0.025776514183816462,4
single_shape,plain2_w64_gmp,6078,prob_error_reduction,selected,-0.02159745991230011,4
single_shape,plain2_w64_gmp,6079,centered_logit_fidelity,selected,0.021123309297302287,4
single_shape,plain2_w64_gmp,6079,prob_error_reduction,selected,-0.04176068305969238,4
single_shape,plain2_w64_gmp,6080,centered_logit_fidelity,selected,0.0407299408493325,4
single_shape,plain2_w64_gmp,6080,prob_error_reduction,selected,-0.029645442962646484,4
single_shape,plain2_w64_gmp,6081,centered_logit_fidelity,selected,0.05139281258064697,4
single_shape,plain2_w64_gmp,6081,prob_error_reduction,selected,0.0045646727085113525,4
single_shape,plain2_w64_gmp,6082,centered_logit_fidelity,selected,0.03727150150926982,4
single_shape,plain2_w64_gmp,6082,prob_error_reduction,selected,-0.01471036672592163,4
single_shape,plain2_w64_gmp,6083,centered_logit_fidelity,selected,0.014053152817541784,4
single_shape,plain2_w64_gmp,6083,prob_error_reduction,selected,-0.07838035374879837,4
single_shape,plain2_w64_gmp,6084,centered_logit_fidelity,selected,0.033085007687925494,4
single_shape,plain2_w64_gmp,6084,prob_error_reduction,selected,-0.03174642473459244,4
single_shape,plain2_w64_gmp,6085,centered_logit_fidelity,selected,0.0189919675923967,4
single_shape,plain2_w64_gmp,6085,prob_error_reduction,selected,-0.06182323396205902,4
single_shape,plain2_w64_gmp,6086,centered_logit_fidelity,selected,0.025458739428610072,4
single_shape,plain2_w64_gmp,6086,prob_error_reduction,selected,-0.03513537347316742,4
single_shape,plain2_w64_gmp,6087,centered_logit_fidelity,selected,0.0176164999104894,4
single_shape,plain2_w64_gmp,6087,prob_error_reduction,selected,-0.06664297729730606,4
single_shape,plain2_w64_gmp,6088,centered_logit_fidelity,selected,0.014777422154209463,4
single_shape,plain2_w64_gmp,6088,prob_error_reduction,selected,-0.06730549037456512,4
single_shape,plain2_w64_gmp,6089,centered_logit_fidelity,selected,0.012390027953054758,4
single_shape,plain2_w64_gmp,6089,prob_error_reduction,selected,-0.06086873263120651,4
single_shape,plain2_w64_gmp,6090,centered_logit_fidelity,selected,0.010345949553409978,4
single_shape,plain2_w64_gmp,6090,prob_error_reduction,selected,-0.012253113090991974,4
single_shape,plain2_w64_gmp,6091,centered_logit_fidelity,selected,0.02032761828987506,4
single_shape,plain2_w64_gmp,6091,prob_error_reduction,selected,-0.0628654956817627,4
single_shape,plain2_w64_gmp,6092,centered_logit_fidelity,selected,0.02350374073679143,4
single_shape,plain2_w64_gmp,6092,prob_error_reduction,selected,-0.062052398920059204,4
single_shape,plain2_w64_gmp,6093,centered_logit_fidelity,selected,0.032153414887613904,4
single_shape,plain2_w64_gmp,6093,prob_error_reduction,selected,-0.054761216044425964,4
single_shape,plain2_w64_gmp,6094,centered_logit_fidelity,selected,0.047200635981417785,4
single_shape,plain2_w64_gmp,6094,prob_error_reduction,selected,-0.02516166865825653,4
single_shape,plain2_w64_gmp,6095,centered_logit_fidelity,selected,0.031585675839479035,4
single_shape,plain2_w64_gmp,6095,prob_error_reduction,selected,-0.04936409741640091,4
single_shape,plain2_w64_gmp,6096,centered_logit_fidelity,selected,0.025077420240984402,4
single_shape,plain2_w64_gmp,6096,prob_error_reduction,selected,-0.056137554347515106,4
single_shape,plain2_w64_gmp,6097,centered_logit_fidelity,selected,0.02393955037485762,4
single_shape,plain2_w64_gmp,6097,prob_error_reduction,selected,-0.040118902921676636,4
single_shape,plain2_w64_gmp,6098,centered_logit_fidelity,selected,0.02925109264050714,4
single_shape,plain2_w64_gmp,6098,prob_error_reduction,selected,-0.023821495473384857,4
single_shape,plain2_w64_gmp,6099,centered_logit_fidelity,selected,0.04362402051783425,4
single_shape,plain2_w64_gmp,6099,prob_error_reduction,selected,-0.04154963046312332,4
single_shape,plain4_w16_gap,6000,centered_logit_fidelity,selected,0.2249593019356017,4
single_shape,plain4_w16_gap,6000,prob_error_reduction,selected,0.1683249995112419,4
single_shape,plain4_w16_gap,6001,centered_logit_fidelity,selected,0.26357310701303693,4
single_shape,plain4_w16_gap,6001,prob_error_reduction,selected,0.1282171830534935,4
single_shape,plain4_w16_gap,6002,centered_logit_fidelity,selected,-0.08547758084027307,4
single_shape,plain4_w16_gap,6002,prob_error_reduction,selected,0.09818561747670174,4
single_shape,plain4_w16_gap,6003,centered_logit_fidelity,selected,0.07324218500334202,4
single_shape,plain4_w16_gap,6003,prob_error_reduction,selected,0.039777643978595734,4
single_shape,plain4_w16_gap,6004,centered_logit_fidelity,selected,0.1915432448286939,4
single_shape,plain4_w16_gap,6004,prob_error_reduction,selected,0.06996151432394981,4
single_shape,plain4_w16_gap,6005,centered_logit_fidelity,selected,0.1710801372191097,4
single_shape,plain4_w16_gap,6005,prob_error_reduction,selected,0.08086155354976654,4
single_shape,plain4_w16_gap,6006,centered_logit_fidelity,selected,0.31660806556037624,4
single_shape,plain4_w16_gap,6006,prob_error_reduction,selected,0.061697568744421005,4
single_shape,plain4_w16_gap,6007,centered_logit_fidelity,selected,0.21212763282999975,4
single_shape,plain4_w16_gap,6007,prob_error_reduction,selected,0.04030734300613403,4
single_shape,plain4_w16_gap,6008,centered_logit_fidelity,selected,0.12465035529656694,4
single_shape,plain4_w16_gap,6008,prob_error_reduction,selected,-0.035841673612594604,4
single_shape,plain4_w16_gap,6009,centered_logit_fidelity,selected,0.6466403024729261,4
single_shape,plain4_w16_gap,6009,prob_error_reduction,selected,0.3133847042918205,4
single_shape,plain4_w16_gap,6010,centered_logit_fidelity,selected,-0.008080029166050662,4
single_shape,plain4_w16_gap,6010,prob_error_reduction,selected,0.06910298764705658,4
single_shape,plain4_w16_gap,6011,centered_logit_fidelity,selected,0.032653841664806185,4
single_shape,plain4_w16_gap,6011,prob_error_reduction,selected,-0.00016233325004577637,4
single_shape,plain4_w16_gap,6012,centered_logit_fidelity,selected,0.02618282035035857,4
single_shape,plain4_w16_gap,6012,prob_error_reduction,selected,0.16002196818590164,4
single_shape,plain4_w16_gap,6013,centered_logit_fidelity,selected,0.19503545198901473,4
single_shape,plain4_w16_gap,6013,prob_error_reduction,selected,0.24673999845981598,4
single_shape,plain4_w16_gap,6014,centered_logit_fidelity,selected,0.08661154773505236,4
single_shape,plain4_w16_gap,6014,prob_error_reduction,selected,0.2865985929965973,4
single_shape,plain4_w16_gap,6015,centered_logit_fidelity,selected,0.2065430537060391,4
single_shape,plain4_w16_gap,6015,prob_error_reduction,selected,0.17191412299871445,4
single_shape,plain4_w16_gap,6016,centered_logit_fidelity,selected,0.18309413709055877,4
single_shape,plain4_w16_gap,6016,prob_error_reduction,selected,0.24751007556915283,4
single_shape,plain4_w16_gap,6017,centered_logit_fidelity,selected,0.1068590143042099,4
single_shape,plain4_w16_gap,6017,prob_error_reduction,selected,0.02748599275946617,4
single_shape,plain4_w16_gap,6018,centered_logit_fidelity,selected,0.031629555112352284,4
single_shape,plain4_w16_gap,6018,prob_error_reduction,selected,0.08913931250572205,4
single_shape,plain4_w16_gap,6019,centered_logit_fidelity,selected,0.43612636502751284,4
single_shape,plain4_w16_gap,6019,prob_error_reduction,selected,0.11129288002848625,4
single_shape,plain4_w16_gap,6020,centered_logit_fidelity,selected,0.09279946765306327,4
single_shape,plain4_w16_gap,6020,prob_error_reduction,selected,0.37587585486471653,4
single_shape,plain4_w16_gap,6021,centered_logit_fidelity,selected,-0.04336661375066285,4
single_shape,plain4_w16_gap,6021,prob_error_reduction,selected,0.031190119683742523,4
single_shape,plain4_w16_gap,6022,centered_logit_fidelity,selected,0.22374526693136687,4
single_shape,plain4_w16_gap,6022,prob_error_reduction,selected,0.10672023147344589,4
single_shape,plain4_w16_gap,6023,centered_logit_fidelity,selected,0.189440590351313,4
single_shape,plain4_w16_gap,6023,prob_error_reduction,selected,0.1933818981051445,4
single_shape,plain4_w16_gap,6024,centered_logit_fidelity,selected,0.23559981809672936,4
single_shape,plain4_w16_gap,6024,prob_error_reduction,selected,0.1496075876057148,4
single_shape,plain4_w16_gap,6025,centered_logit_fidelity,selected,-0.06308231632084893,4
single_shape,plain4_w16_gap,6025,prob_error_reduction,selected,-0.039744459092617035,4
single_shape,plain4_w16_gap,6026,centered_logit_fidelity,selected,0.018387142180312233,4
single_shape,plain4_w16_gap,6026,prob_error_reduction,selected,-0.0986822722479701,4
single_shape,plain4_w16_gap,6027,centered_logit_fidelity,selected,0.1262596461754632,4
single_shape,plain4_w16_gap,6027,prob_error_reduction,selected,0.30933333188295364,4
single_shape,plain4_w16_gap,6028,centered_logit_fidelity,selected,0.197524573976659,4
single_shape,plain4_w16_gap,6028,prob_error_reduction,selected,0.20684263110160828,4
single_shape,plain4_w16_gap,6029,centered_logit_fidelity,selected,0.15642824158657792,4
single_shape,plain4_w16_gap,6029,prob_error_reduction,selected,0.06015203148126602,4
single_shape,plain4_w16_gap,6030,centered_logit_fidelity,selected,0.0884807251670042,4
single_shape,plain4_w16_gap,6030,prob_error_reduction,selected,0.09348564594984055,4
single_shape,plain4_w16_gap,6031,centered_logit_fidelity,selected,0.2821970627629063,4
single_shape,plain4_w16_gap,6031,prob_error_reduction,selected,0.22218448668718338,4
single_shape,plain4_w16_gap,6032,centered_logit_fidelity,selected,0.22630067254107594,4
single_shape,plain4_w16_gap,6032,prob_error_reduction,selected,0.19376948103308678,4
single_shape,plain4_w16_gap,6033,centered_logit_fidelity,selected,0.18489448017158175,4
single_shape,plain4_w16_gap,6033,prob_error_reduction,selected,-0.000737316906452179,4
single_shape,plain4_w16_gap,6034,centered_logit_fidelity,selected,-0.029912938340547854,4
single_shape,plain4_w16_gap,6034,prob_error_reduction,selected,0.18804690055549145,4
single_shape,plain4_w16_gap,6035,centered_logit_fidelity,selected,0.624449642622007,4
single_shape,plain4_w16_gap,6035,prob_error_reduction,selected,0.2114218920469284,4
single_shape,plain4_w16_gap,6036,centered_logit_fidelity,selected,-0.003756278318928122,4
single_shape,plain4_w16_gap,6036,prob_error_reduction,selected,0.07602544128894806,4
single_shape,plain4_w16_gap,6037,centered_logit_fidelity,selected,0.31075714801638626,4
single_shape,plain4_w16_gap,6037,prob_error_reduction,selected,0.19930460304021835,4
single_shape,plain4_w16_gap,6038,centered_logit_fidelity,selected,0.17587024764895776,4
single_shape,plain4_w16_gap,6038,prob_error_reduction,selected,0.27854569256305695,4
single_shape,plain4_w16_gap,6039,centered_logit_fidelity,selected,0.1808469099908242,4
single_shape,plain4_w16_gap,6039,prob_error_reduction,selected,0.27983663976192474,4
single_shape,plain4_w16_gap,6040,centered_logit_fidelity,selected,0.43548115567550605,4
single_shape,plain4_w16_gap,6040,prob_error_reduction,selected,0.3151967450976372,4
single_shape,plain4_w16_gap,6041,centered_logit_fidelity,selected,0.36399360681726317,4
single_shape,plain4_w16_gap,6041,prob_error_reduction,selected,0.2984916642308235,4
single_shape,plain4_w16_gap,6042,centered_logit_fidelity,selected,0.16456699607463093,4
single_shape,plain4_w16_gap,6042,prob_error_reduction,selected,0.06541338562965393,4
single_shape,plain4_w16_gap,6043,centered_logit_fidelity,selected,0.3008700571081171,4
single_shape,plain4_w16_gap,6043,prob_error_reduction,selected,0.4407892972230911,4
single_shape,plain4_w16_gap,6044,centered_logit_fidelity,selected,0.025618439297962967,4
single_shape,plain4_w16_gap,6044,prob_error_reduction,selected,0.2827214486896992,4
single_shape,plain4_w16_gap,6045,centered_logit_fidelity,selected,0.16753383269202043,4
single_shape,plain4_w16_gap,6045,prob_error_reduction,selected,0.18418560177087784,4
single_shape,plain4_w16_gap,6046,centered_logit_fidelity,selected,0.16753662654834117,4
single_shape,plain4_w16_gap,6046,prob_error_reduction,selected,0.14543503522872925,4
single_shape,plain4_w16_gap,6047,centered_logit_fidelity,selected,-0.05885518148726396,4
single_shape,plain4_w16_gap,6047,prob_error_reduction,selected,0.04313427582383156,4
single_shape,plain4_w16_gap,6048,centered_logit_fidelity,selected,0.14751153265215322,4
single_shape,plain4_w16_gap,6048,prob_error_reduction,selected,0.06332357600331306,4
single_shape,plain4_w16_gap,6049,centered_logit_fidelity,selected,0.1116708875988182,4
single_shape,plain4_w16_gap,6049,prob_error_reduction,selected,0.2746805176138878,4
single_shape,plain4_w16_gap,6050,centered_logit_fidelity,selected,0.15050837474842432,4
single_shape,plain4_w16_gap,6050,prob_error_reduction,selected,-0.05812530219554901,4
single_shape,plain4_w16_gap,6051,centered_logit_fidelity,selected,0.16575857759446927,4
single_shape,plain4_w16_gap,6051,prob_error_reduction,selected,0.13247140869498253,4
single_shape,plain4_w16_gap,6052,centered_logit_fidelity,selected,0.08285151785273928,4
single_shape,plain4_w16_gap,6052,prob_error_reduction,selected,0.22789465636014938,4
single_shape,plain4_w16_gap,6053,centered_logit_fidelity,selected,0.1285839603972371,4
single_shape,plain4_w16_gap,6053,prob_error_reduction,selected,0.16709600389003754,4
single_shape,plain4_w16_gap,6054,centered_logit_fidelity,selected,0.3347160879684007,4
single_shape,plain4_w16_gap,6054,prob_error_reduction,selected,0.11287368461489677,4
single_shape,plain4_w16_gap,6055,centered_logit_fidelity,selected,0.10636105553443491,4
single_shape,plain4_w16_gap,6055,prob_error_reduction,selected,0.06255295872688293,4
single_shape,plain4_w16_gap,6056,centered_logit_fidelity,selected,-0.02300919999431196,4
single_shape,plain4_w16_gap,6056,prob_error_reduction,selected,0.10124584287405014,4
single_shape,plain4_w16_gap,6057,centered_logit_fidelity,selected,0.34868538264835963,4
single_shape,plain4_w16_gap,6057,prob_error_reduction,selected,0.19893690198659897,4
single_shape,plain4_w16_gap,6058,centered_logit_fidelity,selected,0.13727820242402883,4
single_shape,plain4_w16_gap,6058,prob_error_reduction,selected,0.0979655310511589,4
single_shape,plain4_w16_gap,6059,centered_logit_fidelity,selected,0.208649352028149,4
single_shape,plain4_w16_gap,6059,prob_error_reduction,selected,0.17085660621523857,4
single_shape,plain4_w16_gap,6060,centered_logit_fidelity,selected,0.1569220048082799,4
single_shape,plain4_w16_gap,6060,prob_error_reduction,selected,0.17257177084684372,4
single_shape,plain4_w16_gap,6061,centered_logit_fidelity,selected,0.17775035580760223,4
single_shape,plain4_w16_gap,6061,prob_error_reduction,selected,0.12015382200479507,4
single_shape,plain4_w16_gap,6062,centered_logit_fidelity,selected,0.08935111871123083,4
single_shape,plain4_w16_gap,6062,prob_error_reduction,selected,0.11824457347393036,4
single_shape,plain4_w16_gap,6063,centered_logit_fidelity,selected,-0.3786361936007254,4
single_shape,plain4_w16_gap,6063,prob_error_reduction,selected,0.09957132488489151,4
single_shape,plain4_w16_gap,6064,centered_logit_fidelity,selected,0.09968789851153481,4
single_shape,plain4_w16_gap,6064,prob_error_reduction,selected,0.22584748268127441,4
single_shape,plain4_w16_gap,6065,centered_logit_fidelity,selected,0.27601890674082685,4
single_shape,plain4_w16_gap,6065,prob_error_reduction,selected,0.2463904619216919,4
single_shape,plain4_w16_gap,6066,centered_logit_fidelity,selected,0.07122034792523678,4
single_shape,plain4_w16_gap,6066,prob_error_reduction,selected,0.41201601922512054,4
single_shape,plain4_w16_gap,6067,centered_logit_fidelity,selected,0.02020168338299412,4
single_shape,plain4_w16_gap,6067,prob_error_reduction,selected,0.07359759509563446,4
single_shape,plain4_w16_gap,6068,centered_logit_fidelity,selected,0.442122141389375,4
single_shape,plain4_w16_gap,6068,prob_error_reduction,selected,0.3293837383389473,4
single_shape,plain4_w16_gap,6069,centered_logit_fidelity,selected,-0.01179464504566445,4
single_shape,plain4_w16_gap,6069,prob_error_reduction,selected,0.09316675737500191,4
single_shape,plain4_w16_gap,6070,centered_logit_fidelity,selected,0.0933561249689982,4
single_shape,plain4_w16_gap,6070,prob_error_reduction,selected,0.23394115082919598,4
single_shape,plain4_w16_gap,6071,centered_logit_fidelity,selected,0.08203258039018149,4
single_shape,plain4_w16_gap,6071,prob_error_reduction,selected,0.1515873223543167,4
single_shape,plain4_w16_gap,6072,centered_logit_fidelity,selected,0.06636269432325344,4
single_shape,plain4_w16_gap,6072,prob_error_reduction,selected,0.11711753159761429,4
single_shape,plain4_w16_gap,6073,centered_logit_fidelity,selected,0.2629757040047863,4
single_shape,plain4_w16_gap,6073,prob_error_reduction,selected,0.18918360769748688,4
single_shape,plain4_w16_gap,6074,centered_logit_fidelity,selected,-0.013877506065900588,4
single_shape,plain4_w16_gap,6074,prob_error_reduction,selected,0.13261090219020844,4
single_shape,plain4_w16_gap,6075,centered_logit_fidelity,selected,0.37933615262775083,4
single_shape,plain4_w16_gap,6075,prob_error_reduction,selected,0.18505273759365082,4
single_shape,plain4_w16_gap,6076,centered_logit_fidelity,selected,0.2976046522987567,4
single_shape,plain4_w16_gap,6076,prob_error_reduction,selected,0.17325729876756668,4
single_shape,plain4_w16_gap,6077,centered_logit_fidelity,selected,0.030053489531983488,4
single_shape,plain4_w16_gap,6077,prob_error_reduction,selected,0.12821070477366447,4
single_shape,plain4_w16_gap,6078,centered_logit_fidelity,selected,0.24479683157768944,4
single_shape,plain4_w16_gap,6078,prob_error_reduction,selected,0.1451636701822281,4
single_shape,plain4_w16_gap,6079,centered_logit_fidelity,selected,0.1368334863190497,4
single_shape,plain4_w16_gap,6079,prob_error_reduction,selected,0.015533685684204102,4
single_shape,plain4_w16_gap,6080,centered_logit_fidelity,selected,0.026261797510134494,4
single_shape,plain4_w16_gap,6080,prob_error_reduction,selected,0.09541919827461243,4
single_shape,plain4_w16_gap,6081,centered_logit_fidelity,selected,0.2970895028224161,4
single_shape,plain4_w16_gap,6081,prob_error_reduction,selected,0.2877551317214966,4
single_shape,plain4_w16_gap,6082,centered_logit_fidelity,selected,0.4040816164497594,4
single_shape,plain4_w16_gap,6082,prob_error_reduction,selected,0.27179456502199173,4
single_shape,plain4_w16_gap,6083,centered_logit_fidelity,selected,0.18131166396254833,4
single_shape,plain4_w16_gap,6083,prob_error_reduction,selected,0.09822151064872742,4
single_shape,plain4_w16_gap,6084,centered_logit_fidelity,selected,0.34774486332211013,4
single_shape,plain4_w16_gap,6084,prob_error_reduction,selected,0.13968320190906525,4
single_shape,plain4_w16_gap,6085,centered_logit_fidelity,selected,0.17520429012246502,4
single_shape,plain4_w16_gap,6085,prob_error_reduction,selected,0.10711736604571342,4
single_shape,plain4_w16_gap,6086,centered_logit_fidelity,selected,0.10392267780087953,4
single_shape,plain4_w16_gap,6086,prob_error_reduction,selected,0.14449447393417358,4
single_shape,plain4_w16_gap,6087,centered_logit_fidelity,selected,-0.019447155469625887,4
single_shape,plain4_w16_gap,6087,prob_error_reduction,selected,0.09928863495588303,4
single_shape,plain4_w16_gap,6088,centered_logit_fidelity,selected,0.36049243389284297,4
single_shape,plain4_w16_gap,6088,prob_error_reduction,selected,-0.035793524235486984,4
single_shape,plain4_w16_gap,6089,centered_logit_fidelity,selected,0.15591339969632723,4
single_shape,plain4_w16_gap,6089,prob_error_reduction,selected,0.15665185637772083,4
single_shape,plain4_w16_gap,6090,centered_logit_fidelity,selected,0.16960477196115076,4
single_shape,plain4_w16_gap,6090,prob_error_reduction,selected,0.14099010825157166,4
single_shape,plain4_w16_gap,6091,centered_logit_fidelity,selected,0.2361232769320457,4
single_shape,plain4_w16_gap,6091,prob_error_reduction,selected,0.2543458342552185,4
single_shape,plain4_w16_gap,6092,centered_logit_fidelity,selected,0.07066311436264015,4
single_shape,plain4_w16_gap,6092,prob_error_reduction,selected,0.1366332769393921,4
single_shape,plain4_w16_gap,6093,centered_logit_fidelity,selected,-0.12152606842498871,4
single_shape,plain4_w16_gap,6093,prob_error_reduction,selected,-0.029480762779712677,4
single_shape,plain4_w16_gap,6094,centered_logit_fidelity,selected,-0.08245873401557256,4
single_shape,plain4_w16_gap,6094,prob_error_reduction,selected,0.16301056742668152,4
single_shape,plain4_w16_gap,6095,centered_logit_fidelity,selected,-0.04024428246410261,4
single_shape,plain4_w16_gap,6095,prob_error_reduction,selected,0.07539057731628418,4
single_shape,plain4_w16_gap,6096,centered_logit_fidelity,selected,0.1707492058901804,4
single_shape,plain4_w16_gap,6096,prob_error_reduction,selected,0.03493363410234451,4
single_shape,plain4_w16_gap,6097,centered_logit_fidelity,selected,0.07260908570849062,4
single_shape,plain4_w16_gap,6097,prob_error_reduction,selected,0.04966060072183609,4
single_shape,plain4_w16_gap,6098,centered_logit_fidelity,selected,0.2618967956720836,4
single_shape,plain4_w16_gap,6098,prob_error_reduction,selected,0.33510156720876694,4
single_shape,plain4_w16_gap,6099,centered_logit_fidelity,selected,0.14423873466405995,4
single_shape,plain4_w16_gap,6099,prob_error_reduction,selected,0.12350166589021683,4
single_shape,plain4_w16_gmp,6000,centered_logit_fidelity,selected,0.014967775436367944,4
single_shape,plain4_w16_gmp,6000,prob_error_reduction,selected,-0.013484001159667969,4
single_shape,plain4_w16_gmp,6001,centered_logit_fidelity,selected,0.014961312131344412,4
single_shape,plain4_w16_gmp,6001,prob_error_reduction,selected,0.03997346758842468,4
single_shape,plain4_w16_gmp,6002,centered_logit_fidelity,selected,0.03464782121938079,4
single_shape,plain4_w16_gmp,6002,prob_error_reduction,selected,0.04124370217323303,4
single_shape,plain4_w16_gmp,6003,centered_logit_fidelity,selected,0.01161992616108902,4
single_shape,plain4_w16_gmp,6003,prob_error_reduction,selected,-0.017763175070285797,4
single_shape,plain4_w16_gmp,6004,centered_logit_fidelity,selected,-9.877402196691032e-05,4
single_shape,plain4_w16_gmp,6004,prob_error_reduction,selected,0.02406466007232666,4
single_shape,plain4_w16_gmp,6005,centered_logit_fidelity,selected,0.02713406856604765,4
single_shape,plain4_w16_gmp,6005,prob_error_reduction,selected,0.01261097937822342,4
single_shape,plain4_w16_gmp,6006,centered_logit_fidelity,selected,0.019232471605801868,4
single_shape,plain4_w16_gmp,6006,prob_error_reduction,selected,0.02078653872013092,4
single_shape,plain4_w16_gmp,6007,centered_logit_fidelity,selected,0.01232796697519603,4
single_shape,plain4_w16_gmp,6007,prob_error_reduction,selected,0.019131526350975037,4
single_shape,plain4_w16_gmp,6008,centered_logit_fidelity,selected,0.004350627217801925,4
single_shape,plain4_w16_gmp,6008,prob_error_reduction,selected,0.06461754441261292,4
single_shape,plain4_w16_gmp,6009,centered_logit_fidelity,selected,0.014501972576792393,4
single_shape,plain4_w16_gmp,6009,prob_error_reduction,selected,0.006231814622879028,4
single_shape,plain4_w16_gmp,6010,centered_logit_fidelity,selected,0.019356368413557812,4
single_shape,plain4_w16_gmp,6010,prob_error_reduction,selected,-0.012094371020793915,4
single_shape,plain4_w16_gmp,6011,centered_logit_fidelity,selected,-0.01119636846452332,4
single_shape,plain4_w16_gmp,6011,prob_error_reduction,selected,0.0041885823011398315,4
single_shape,plain4_w16_gmp,6012,centered_logit_fidelity,selected,0.029378474775098126,4
single_shape,plain4_w16_gmp,6012,prob_error_reduction,selected,0.03786839544773102,4
single_shape,plain4_w16_gmp,6013,centered_logit_fidelity,selected,0.02376361900108613,4
single_shape,plain4_w16_gmp,6013,prob_error_reduction,selected,0.0397627130150795,4
single_shape,plain4_w16_gmp,6014,centered_logit_fidelity,selected,-0.0003903620066033481,4
single_shape,plain4_w16_gmp,6014,prob_error_reduction,selected,-0.006334841251373291,4
single_shape,plain4_w16_gmp,6015,centered_logit_fidelity,selected,0.03463928998413622,4
single_shape,plain4_w16_gmp,6015,prob_error_reduction,selected,0.02450402081012726,4
single_shape,plain4_w16_gmp,6016,centered_logit_fidelity,selected,0.015120422025479793,4
single_shape,plain4_w16_gmp,6016,prob_error_reduction,selected,0.037000931799411774,4
single_shape,plain4_w16_gmp,6017,centered_logit_fidelity,selected,0.038040276200878465,4
single_shape,plain4_w16_gmp,6017,prob_error_reduction,selected,0.059944793581962585,4
single_shape,plain4_w16_gmp,6018,centered_logit_fidelity,selected,0.01792251971478967,4
single_shape,plain4_w16_gmp,6018,prob_error_reduction,selected,0.0034404024481773376,4
single_shape,plain4_w16_gmp,6019,centered_logit_fidelity,selected,0.002481734024471882,4
single_shape,plain4_w16_gmp,6019,prob_error_reduction,selected,-0.010288968682289124,4
single_shape,plain4_w16_gmp,6020,centered_logit_fidelity,selected,0.0132082469700055,4
single_shape,plain4_w16_gmp,6020,prob_error_reduction,selected,-0.006375730037689209,4
single_shape,plain4_w16_gmp,6021,centered_logit_fidelity,selected,0.018424208829644906,4
single_shape,plain4_w16_gmp,6021,prob_error_reduction,selected,-0.020102493464946747,4
single_shape,plain4_w16_gmp,6022,centered_logit_fidelity,selected,0.0009324090080907455,4
single_shape,plain4_w16_gmp,6022,prob_error_reduction,selected,0.003924928605556488,4
single_shape,plain4_w16_gmp,6023,centered_logit_fidelity,selected,0.010969851533297811,4
single_shape,plain4_w16_gmp,6023,prob_error_reduction,selected,-0.05700954049825668,4
single_shape,plain4_w16_gmp,6024,centered_logit_fidelity,selected,0.01955003980859335,4
single_shape,plain4_w16_gmp,6024,prob_error_reduction,selected,0.05271796137094498,4
single_shape,plain4_w16_gmp,6025,centered_logit_fidelity,selected,0.008186087872457212,4
single_shape,plain4_w16_gmp,6025,prob_error_reduction,selected,0.01651940494775772,4
single_shape,plain4_w16_gmp,6026,centered_logit_fidelity,selected,0.031249139684521532,4
single_shape,plain4_w16_gmp,6026,prob_error_reduction,selected,0.04550812393426895,4
single_shape,plain4_w16_gmp,6027,centered_logit_fidelity,selected,0.015631451029738522,4
single_shape,plain4_w16_gmp,6027,prob_error_reduction,selected,0.02247927337884903,4
single_shape,plain4_w16_gmp,6028,centered_logit_fidelity,selected,0.007155633939918679,4
single_shape,plain4_w16_gmp,6028,prob_error_reduction,selected,0.011845231056213379,4
single_shape,plain4_w16_gmp,6029,centered_logit_fidelity,selected,0.022400603562542865,4
single_shape,plain4_w16_gmp,6029,prob_error_reduction,selected,0.045720599591732025,4
single_shape,plain4_w16_gmp,6030,centered_logit_fidelity,selected,0.01697876880045572,4
single_shape,plain4_w16_gmp,6030,prob_error_reduction,selected,0.03799524903297424,4
single_shape,plain4_w16_gmp,6031,centered_logit_fidelity,selected,0.009716820914547203,4
single_shape,plain4_w16_gmp,6031,prob_error_reduction,selected,-0.0042144134640693665,4
single_shape,plain4_w16_gmp,6032,centered_logit_fidelity,selected,0.04726115058131067,4
single_shape,plain4_w16_gmp,6032,prob_error_reduction,selected,0.05386362969875336,4
single_shape,plain4_w16_gmp,6033,centered_logit_fidelity,selected,0.036811000614862796,4
single_shape,plain4_w16_gmp,6033,prob_error_reduction,selected,0.00877208262681961,4
single_shape,plain4_w16_gmp,6034,centered_logit_fidelity,selected,0.022689789811400962,4
single_shape,plain4_w16_gmp,6034,prob_error_reduction,selected,0.002146288752555847,4
single_shape,plain4_w16_gmp,6035,centered_logit_fidelity,selected,0.015668124924635388,4
single_shape,plain4_w16_gmp,6035,prob_error_reduction,selected,0.05256669223308563,4
single_shape,plain4_w16_gmp,6036,centered_logit_fidelity,selected,0.016511377927247994,4
single_shape,plain4_w16_gmp,6036,prob_error_reduction,selected,0.030851930379867554,4
single_shape,plain4_w16_gmp,6037,centered_logit_fidelity,selected,0.012580759303830069,4
single_shape,plain4_w16_gmp,6037,prob_error_reduction,selected,-0.012218594551086426,4
single_shape,plain4_w16_gmp,6038,centered_logit_fidelity,selected,0.011863385276994348,4
single_shape,plain4_w16_gmp,6038,prob_error_reduction,selected,0.0068185701966285706,4
single_shape,plain4_w16_gmp,6039,centered_logit_fidelity,selected,-0.0016532510356233182,4
single_shape,plain4_w16_gmp,6039,prob_error_reduction,selected,-0.03479225933551788,4
single_shape,plain4_w16_gmp,6040,centered_logit_fidelity,selected,0.005452240687643578,4
single_shape,plain4_w16_gmp,6040,prob_error_reduction,selected,-0.04166041314601898,4
single_shape,plain4_w16_gmp,6041,centered_logit_fidelity,selected,0.010489669166150864,4
single_shape,plain4_w16_gmp,6041,prob_error_reduction,selected,0.003861337900161743,4
single_shape,plain4_w16_gmp,6042,centered_logit_fidelity,selected,0.016301224630371453,4
single_shape,plain4_w16_gmp,6042,prob_error_reduction,selected,0.02687893807888031,4
single_shape,plain4_w16_gmp,6043,centered_logit_fidelity,selected,0.013596472946829447,4
single_shape,plain4_w16_gmp,6043,prob_error_reduction,selected,0.036740757524967194,4
single_shape,plain4_w16_gmp,6044,centered_logit_fidelity,selected,-0.007090043145488445,4
single_shape,plain4_w16_gmp,6044,prob_error_reduction,selected,0.05857154726982117,4
single_shape,plain4_w16_gmp,6045,centered_logit_fidelity,selected,0.02843965218359526,4
single_shape,plain4_w16_gmp,6045,prob_error_reduction,selected,0.003648005425930023,4
single_shape,plain4_w16_gmp,6046,centered_logit_fidelity,selected,0.015568161568570757,4
single_shape,plain4_w16_gmp,6046,prob_error_reduction,selected,0.022211484611034393,4
single_shape,plain4_w16_gmp,6047,centered_logit_fidelity,selected,0.0018560749806725146,4
single_shape,plain4_w16_gmp,6047,prob_error_reduction,selected,-0.04337178170681,4
single_shape,plain4_w16_gmp,6048,centered_logit_fidelity,selected,0.009528902823977725,4
single_shape,plain4_w16_gmp,6048,prob_error_reduction,selected,0.028819486498832703,4
single_shape,plain4_w16_gmp,6049,centered_logit_fidelity,selected,0.04079652667099906,4
single_shape,plain4_w16_gmp,6049,prob_error_reduction,selected,0.02531793713569641,4
single_shape,plain4_w16_gmp,6050,centered_logit_fidelity,selected,0.03133889543115584,4
single_shape,plain4_w16_gmp,6050,prob_error_reduction,selected,0.040941283106803894,4
single_shape,plain4_w16_gmp,6051,centered_logit_fidelity,selected,0.007832307386329354,4
single_shape,plain4_w16_gmp,6051,prob_error_reduction,selected,-0.010622300207614899,4
single_shape,plain4_w16_gmp,6052,centered_logit_fidelity,selected,-0.006278593365189961,4
single_shape,plain4_w16_gmp,6052,prob_error_reduction,selected,-0.01717829704284668,4
single_shape,plain4_w16_gmp,6053,centered_logit_fidelity,selected,0.021512587061010294,4
single_shape,plain4_w16_gmp,6053,prob_error_reduction,selected,-0.007765732705593109,4
single_shape,plain4_w16_gmp,6054,centered_logit_fidelity,selected,0.038538633709083406,4
single_shape,plain4_w16_gmp,6054,prob_error_reduction,selected,0.09812479466199875,4
single_shape,plain4_w16_gmp,6055,centered_logit_fidelity,selected,0.015199426506112834,4
single_shape,plain4_w16_gmp,6055,prob_error_reduction,selected,-0.005229867994785309,4
single_shape,plain4_w16_gmp,6056,centered_logit_fidelity,selected,-0.005115902222982721,4
single_shape,plain4_w16_gmp,6056,prob_error_reduction,selected,-0.08955022692680359,4
single_shape,plain4_w16_gmp,6057,centered_logit_fidelity,selected,0.0162753824459385,4
single_shape,plain4_w16_gmp,6057,prob_error_reduction,selected,0.05295117199420929,4
single_shape,plain4_w16_gmp,6058,centered_logit_fidelity,selected,0.025016485353282533,4
single_shape,plain4_w16_gmp,6058,prob_error_reduction,selected,-0.030122816562652588,4
single_shape,plain4_w16_gmp,6059,centered_logit_fidelity,selected,0.006250852018988812,4
single_shape,plain4_w16_gmp,6059,prob_error_reduction,selected,0.01232822984457016,4
single_shape,plain4_w16_gmp,6060,centered_logit_fidelity,selected,0.010366410546411575,4
single_shape,plain4_w16_gmp,6060,prob_error_reduction,selected,-0.027473360300064087,4
single_shape,plain4_w16_gmp,6061,centered_logit_fidelity,selected,0.00476816765931759,4
single_shape,plain4_w16_gmp,6061,prob_error_reduction,selected,0.00217486172914505,4
single_shape,plain4_w16_gmp,6062,centered_logit_fidelity,selected,0.027778558090213595,4
single_shape,plain4_w16_gmp,6062,prob_error_reduction,selected,0.018524818122386932,4
single_shape,plain4_w16_gmp,6063,centered_logit_fidelity,selected,0.02974342091778691,4
single_shape,plain4_w16_gmp,6063,prob_error_reduction,selected,-0.00975053757429123,4
single_shape,plain4_w16_gmp,6064,centered_logit_fidelity,selected,0.03311196951993273,4
single_shape,plain4_w16_gmp,6064,prob_error_reduction,selected,0.004262745380401611,4
single_shape,plain4_w16_gmp,6065,centered_logit_fidelity,selected,0.004679442244652415,4
single_shape,plain4_w16_gmp,6065,prob_error_reduction,selected,-0.009271450340747833,4
single_shape,plain4_w16_gmp,6066,centered_logit_fidelity,selected,0.013999444910867034,4
single_shape,plain4_w16_gmp,6066,prob_error_reduction,selected,0.006463892757892609,4
single_shape,plain4_w16_gmp,6067,centered_logit_fidelity,selected,0.005177586258938355,4
single_shape,plain4_w16_gmp,6067,prob_error_reduction,selected,0.01668267697095871,4
single_shape,plain4_w16_gmp,6068,centered_logit_fidelity,selected,-0.001544727973941007,4
single_shape,plain4_w16_gmp,6068,prob_error_reduction,selected,0.013621069490909576,4
single_shape,plain4_w16_gmp,6069,centered_logit_fidelity,selected,0.029935869464436424,4
single_shape,plain4_w16_gmp,6069,prob_error_reduction,selected,0.05483808368444443,4
single_shape,plain4_w16_gmp,6070,centered_logit_fidelity,selected,0.006730564358409796,4
single_shape,plain4_w16_gmp,6070,prob_error_reduction,selected,0.060867033898830414,4
single_shape,plain4_w16_gmp,6071,centered_logit_fidelity,selected,-8.019787948859713e-05,4
single_shape,plain4_w16_gmp,6071,prob_error_reduction,selected,0.034550875425338745,4
single_shape,plain4_w16_gmp,6072,centered_logit_fidelity,selected,0.0024206914899621984,4
single_shape,plain4_w16_gmp,6072,prob_error_reduction,selected,-0.0005816593766212463,4
single_shape,plain4_w16_gmp,6073,centered_logit_fidelity,selected,0.00041263413579846475,4
single_shape,plain4_w16_gmp,6073,prob_error_reduction,selected,0.011761024594306946,4
single_shape,plain4_w16_gmp,6074,centered_logit_fidelity,selected,0.004338798728646273,4
single_shape,plain4_w16_gmp,6074,prob_error_reduction,selected,-0.003642052412033081,4
single_shape,plain4_w16_gmp,6075,centered_logit_fidelity,selected,0.025421653829310137,4
single_shape,plain4_w16_gmp,6075,prob_error_reduction,selected,-0.0066671669483184814,4
single_shape,plain4_w16_gmp,6076,centered_logit_fidelity,selected,0.02197195943369193,4
single_shape,plain4_w16_gmp,6076,prob_error_reduction,selected,0.03321564197540283,4
single_shape,plain4_w16_gmp,6077,centered_logit_fidelity,selected,0.010216774172349605,4
single_shape,plain4_w16_gmp,6077,prob_error_reduction,selected,0.0181913822889328,4
single_shape,plain4_w16_gmp,6078,centered_logit_fidelity,selected,0.01562578906547142,4
single_shape,plain4_w16_gmp,6078,prob_error_reduction,selected,0.017656490206718445,4
single_shape,plain4_w16_gmp,6079,centered_logit_fidelity,selected,0.010009422063773477,4
single_shape,plain4_w16_gmp,6079,prob_error_reduction,selected,-0.021686658263206482,4
single_shape,plain4_w16_gmp,6080,centered_logit_fidelity,selected,0.0040744229400178356,4
single_shape,plain4_w16_gmp,6080,prob_error_reduction,selected,-0.0033353716135025024,4
single_shape,plain4_w16_gmp,6081,centered_logit_fidelity,selected,-0.0014781510054074215,4
single_shape,plain4_w16_gmp,6081,prob_error_reduction,selected,-0.002025224268436432,4
single_shape,plain4_w16_gmp,6082,centered_logit_fidelity,selected,0.037890079064767865,4
single_shape,plain4_w16_gmp,6082,prob_error_reduction,selected,0.07566390931606293,4
single_shape,plain4_w16_gmp,6083,centered_logit_fidelity,selected,0.024103664753433424,4
single_shape,plain4_w16_gmp,6083,prob_error_reduction,selected,0.02824508398771286,4
single_shape,plain4_w16_gmp,6084,centered_logit_fidelity,selected,-0.006751763711749556,4
single_shape,plain4_w16_gmp,6084,prob_error_reduction,selected,0.007973477244377136,4
single_shape,plain4_w16_gmp,6085,centered_logit_fidelity,selected,0.0038905273026392934,4
single_shape,plain4_w16_gmp,6085,prob_error_reduction,selected,-0.018518313765525818,4
single_shape,plain4_w16_gmp,6086,centered_logit_fidelity,selected,0.0013272252287583192,4
single_shape,plain4_w16_gmp,6086,prob_error_reduction,selected,-0.0032099932432174683,4
single_shape,plain4_w16_gmp,6087,centered_logit_fidelity,selected,0.0005699362413017495,4
single_shape,plain4_w16_gmp,6087,prob_error_reduction,selected,-0.05146382004022598,4
single_shape,plain4_w16_gmp,6088,centered_logit_fidelity,selected,-0.011816147026282628,4
single_shape,plain4_w16_gmp,6088,prob_error_reduction,selected,-0.009248591959476471,4
single_shape,plain4_w16_gmp,6089,centered_logit_fidelity,selected,0.020203470139364493,4
single_shape,plain4_w16_gmp,6089,prob_error_reduction,selected,0.009178608655929565,4
single_shape,plain4_w16_gmp,6090,centered_logit_fidelity,selected,0.029048762225547656,4
single_shape,plain4_w16_gmp,6090,prob_error_reduction,selected,0.00974397361278534,4
single_shape,plain4_w16_gmp,6091,centered_logit_fidelity,selected,0.01482280786574458,4
single_shape,plain4_w16_gmp,6091,prob_error_reduction,selected,-0.004197366535663605,4
single_shape,plain4_w16_gmp,6092,centered_logit_fidelity,selected,0.01729466099637443,4
single_shape,plain4_w16_gmp,6092,prob_error_reduction,selected,0.015356555581092834,4
single_shape,plain4_w16_gmp,6093,centered_logit_fidelity,selected,0.012058098789522423,4
single_shape,plain4_w16_gmp,6093,prob_error_reduction,selected,0.014838263392448425,4
single_shape,plain4_w16_gmp,6094,centered_logit_fidelity,selected,0.029524254081162743,4
single_shape,plain4_w16_gmp,6094,prob_error_reduction,selected,0.03997819870710373,4
single_shape,plain4_w16_gmp,6095,centered_logit_fidelity,selected,0.007084397899186412,4
single_shape,plain4_w16_gmp,6095,prob_error_reduction,selected,0.020134322345256805,4
single_shape,plain4_w16_gmp,6096,centered_logit_fidelity,selected,0.007308255682348289,4
single_shape,plain4_w16_gmp,6096,prob_error_reduction,selected,-0.013198897242546082,4
single_shape,plain4_w16_gmp,6097,centered_logit_fidelity,selected,0.0229846685046729,4
single_shape,plain4_w16_gmp,6097,prob_error_reduction,selected,0.001154094934463501,4
single_shape,plain4_w16_gmp,6098,centered_logit_fidelity,selected,0.021139820862246,4
single_shape,plain4_w16_gmp,6098,prob_error_reduction,selected,0.019345909357070923,4
single_shape,plain4_w16_gmp,6099,centered_logit_fidelity,selected,0.001491060324858226,4
single_shape,plain4_w16_gmp,6099,prob_error_reduction,selected,0.006824009120464325,4
single_shape,plain4_w64_gap,6000,centered_logit_fidelity,selected,0.22129366088120705,4
single_shape,plain4_w64_gap,6000,prob_error_reduction,selected,0.15128449350595474,4
single_shape,plain4_w64_gap,6001,centered_logit_fidelity,selected,0.04249719498541256,4
single_shape,plain4_w64_gap,6001,prob_error_reduction,selected,-0.028574779629707336,4
single_shape,plain4_w64_gap,6002,centered_logit_fidelity,selected,0.08360935307064864,4
single_shape,plain4_w64_gap,6002,prob_error_reduction,selected,0.1331787109375,4
single_shape,plain4_w64_gap,6003,centered_logit_fidelity,selected,0.0022326844337699076,4
single_shape,plain4_w64_gap,6003,prob_error_reduction,selected,-0.008126944303512573,4
single_shape,plain4_w64_gap,6004,centered_logit_fidelity,selected,0.2064715392629784,4
single_shape,plain4_w64_gap,6004,prob_error_reduction,selected,0.11347667872905731,4
single_shape,plain4_w64_gap,6005,centered_logit_fidelity,selected,0.10699875015860968,4
single_shape,plain4_w64_gap,6005,prob_error_reduction,selected,0.05561196804046631,4
single_shape,plain4_w64_gap,6006,centered_logit_fidelity,selected,-0.12959435455667628,4
single_shape,plain4_w64_gap,6006,prob_error_reduction,selected,-0.06548881530761719,4
single_shape,plain4_w64_gap,6007,centered_logit_fidelity,selected,0.12714961552379922,4
single_shape,plain4_w64_gap,6007,prob_error_reduction,selected,0.11609965562820435,4
single_shape,plain4_w64_gap,6008,centered_logit_fidelity,selected,0.09767460472000351,4
single_shape,plain4_w64_gap,6008,prob_error_reduction,selected,-0.010541997849941254,4
single_shape,plain4_w64_gap,6009,centered_logit_fidelity,selected,0.07748073902598265,4
single_shape,plain4_w64_gap,6009,prob_error_reduction,selected,0.15639708936214447,4
single_shape,plain4_w64_gap,6010,centered_logit_fidelity,selected,0.17317310778917916,4
single_shape,plain4_w64_gap,6010,prob_error_reduction,selected,0.19025163352489471,4
single_shape,plain4_w64_gap,6011,centered_logit_fidelity,selected,-0.09931363908327667,4
single_shape,plain4_w64_gap,6011,prob_error_reduction,selected,-0.11395501345396042,4
single_shape,plain4_w64_gap,6012,centered_logit_fidelity,selected,0.12685936039030904,4
single_shape,plain4_w64_gap,6012,prob_error_reduction,selected,0.21465372294187546,4
single_shape,plain4_w64_gap,6013,centered_logit_fidelity,selected,0.051868982213537515,4
single_shape,plain4_w64_gap,6013,prob_error_reduction,selected,0.10884403437376022,4
single_shape,plain4_w64_gap,6014,centered_logit_fidelity,selected,-0.01150161727106594,4
single_shape,plain4_w64_gap,6014,prob_error_reduction,selected,0.04661748558282852,4
single_shape,plain4_w64_gap,6015,centered_logit_fidelity,selected,0.02484818801167997,4
single_shape,plain4_w64_gap,6015,prob_error_reduction,selected,0.0034831389784812927,4
single_shape,plain4_w64_gap,6016,centered_logit_fidelity,selected,0.16302956895491508,4
single_shape,plain4_w64_gap,6016,prob_error_reduction,selected,0.06785966455936432,4
single_shape,plain4_w64_gap,6017,centered_logit_fidelity,selected,0.04461149683336689,4
single_shape,plain4_w64_gap,6017,prob_error_reduction,selected,0.22471201419830322,4
single_shape,plain4_w64_gap,6018,centered_logit_fidelity,selected,0.10215826726240718,4
single_shape,plain4_w64_gap,6018,prob_error_reduction,selected,0.1314728632569313,4
single_shape,plain4_w64_gap,6019,centered_logit_fidelity,selected,0.21109274923248642,4
single_shape,plain4_w64_gap,6019,prob_error_reduction,selected,0.23617815971374512,4
single_shape,plain4_w64_gap,6020,centered_logit_fidelity,selected,0.09521350710077006,4
single_shape,plain4_w64_gap,6020,prob_error_reduction,selected,0.3338366150856018,4
single_shape,plain4_w64_gap,6021,centered_logit_fidelity,selected,0.3580920547344282,4
single_shape,plain4_w64_gap,6021,prob_error_reduction,selected,0.10123053193092346,4
single_shape,plain4_w64_gap,6022,centered_logit_fidelity,selected,0.1472321611795781,4
single_shape,plain4_w64_gap,6022,prob_error_reduction,selected,-0.04218225181102753,4
single_shape,plain4_w64_gap,6023,centered_logit_fidelity,selected,-0.01230640289835283,4
single_shape,plain4_w64_gap,6023,prob_error_reduction,selected,0.12485384196043015,4
single_shape,plain4_w64_gap,6024,centered_logit_fidelity,selected,0.24162557421823566,4
single_shape,plain4_w64_gap,6024,prob_error_reduction,selected,-0.00041937455534935,4
single_shape,plain4_w64_gap,6025,centered_logit_fidelity,selected,-0.05420256002838285,4
single_shape,plain4_w64_gap,6025,prob_error_reduction,selected,-0.034387554973363876,4
single_shape,plain4_w64_gap,6026,centered_logit_fidelity,selected,0.09076936294357686,4
single_shape,plain4_w64_gap,6026,prob_error_reduction,selected,0.045276157557964325,4
single_shape,plain4_w64_gap,6027,centered_logit_fidelity,selected,0.18956623724095595,4
single_shape,plain4_w64_gap,6027,prob_error_reduction,selected,0.0702730193734169,4
single_shape,plain4_w64_gap,6028,centered_logit_fidelity,selected,0.24928642949555202,4
single_shape,plain4_w64_gap,6028,prob_error_reduction,selected,0.21685457974672318,4
single_shape,plain4_w64_gap,6029,centered_logit_fidelity,selected,-0.014151473918119467,4
single_shape,plain4_w64_gap,6029,prob_error_reduction,selected,0.030453339219093323,4
single_shape,plain4_w64_gap,6030,centered_logit_fidelity,selected,0.09241893601649014,4
single_shape,plain4_w64_gap,6030,prob_error_reduction,selected,0.0656939297914505,4
single_shape,plain4_w64_gap,6031,centered_logit_fidelity,selected,0.15651883654789028,4
single_shape,plain4_w64_gap,6031,prob_error_reduction,selected,0.1675303652882576,4
single_shape,plain4_w64_gap,6032,centered_logit_fidelity,selected,-0.06371794838452394,4
single_shape,plain4_w64_gap,6032,prob_error_reduction,selected,0.030404217541217804,4
single_shape,plain4_w64_gap,6033,centered_logit_fidelity,selected,0.12089022764135743,4
single_shape,plain4_w64_gap,6033,prob_error_reduction,selected,0.09035610407590866,4
single_shape,plain4_w64_gap,6034,centered_logit_fidelity,selected,0.03423037372183624,4
single_shape,plain4_w64_gap,6034,prob_error_reduction,selected,-0.03444097936153412,4
single_shape,plain4_w64_gap,6035,centered_logit_fidelity,selected,0.3096690514052586,4
single_shape,plain4_w64_gap,6035,prob_error_reduction,selected,0.2936306595802307,4
single_shape,plain4_w64_gap,6036,centered_logit_fidelity,selected,0.05838841290837421,4
single_shape,plain4_w64_gap,6036,prob_error_reduction,selected,0.11047745496034622,4
single_shape,plain4_w64_gap,6037,centered_logit_fidelity,selected,0.04714650835151753,4
single_shape,plain4_w64_gap,6037,prob_error_reduction,selected,0.08375563472509384,4
single_shape,plain4_w64_gap,6038,centered_logit_fidelity,selected,0.13615188169371972,4
single_shape,plain4_w64_gap,6038,prob_error_reduction,selected,0.10798798501491547,4
single_shape,plain4_w64_gap,6039,centered_logit_fidelity,selected,0.061414853444827874,4
single_shape,plain4_w64_gap,6039,prob_error_reduction,selected,0.15754083916544914,4
single_shape,plain4_w64_gap,6040,centered_logit_fidelity,selected,-0.050623451480678094,4
single_shape,plain4_w64_gap,6040,prob_error_reduction,selected,-0.11254332959651947,4
single_shape,plain4_w64_gap,6041,centered_logit_fidelity,selected,-0.01418049711654415,4
single_shape,plain4_w64_gap,6041,prob_error_reduction,selected,-0.0362064391374588,4
single_shape,plain4_w64_gap,6042,centered_logit_fidelity,selected,0.18280457184419618,4
single_shape,plain4_w64_gap,6042,prob_error_reduction,selected,0.1738492101430893,4
single_shape,plain4_w64_gap,6043,centered_logit_fidelity,selected,0.08304677633543417,4
single_shape,plain4_w64_gap,6043,prob_error_reduction,selected,0.03759113699197769,4
single_shape,plain4_w64_gap,6044,centered_logit_fidelity,selected,0.0055988941704683964,4
single_shape,plain4_w64_gap,6044,prob_error_reduction,selected,-0.020596571266651154,4
single_shape,plain4_w64_gap,6045,centered_logit_fidelity,selected,0.15034150520686684,4
single_shape,plain4_w64_gap,6045,prob_error_reduction,selected,0.09661458432674408,4
single_shape,plain4_w64_gap,6046,centered_logit_fidelity,selected,0.1403345483972367,4
single_shape,plain4_w64_gap,6046,prob_error_reduction,selected,0.25368205830454826,4
single_shape,plain4_w64_gap,6047,centered_logit_fidelity,selected,0.06289546123512053,4
single_shape,plain4_w64_gap,6047,prob_error_reduction,selected,0.11695656180381775,4
single_shape,plain4_w64_gap,6048,centered_logit_fidelity,selected,-0.03196077155725721,4
single_shape,plain4_w64_gap,6048,prob_error_reduction,selected,0.1817358359694481,4
single_shape,plain4_w64_gap,6049,centered_logit_fidelity,selected,0.08581847501358547,4
single_shape,plain4_w64_gap,6049,prob_error_reduction,selected,0.012433063238859177,4
single_shape,plain4_w64_gap,6050,centered_logit_fidelity,selected,0.13305806163616019,4
single_shape,plain4_w64_gap,6050,prob_error_reduction,selected,0.05919100344181061,4
single_shape,plain4_w64_gap,6051,centered_logit_fidelity,selected,-0.0738553392908561,4
single_shape,plain4_w64_gap,6051,prob_error_reduction,selected,0.10589519515633583,4
single_shape,plain4_w64_gap,6052,centered_logit_fidelity,selected,-0.03175586859399279,4
single_shape,plain4_w64_gap,6052,prob_error_reduction,selected,0.06297878921031952,4
single_shape,plain4_w64_gap,6053,centered_logit_fidelity,selected,0.07081352081396015,4
single_shape,plain4_w64_gap,6053,prob_error_reduction,selected,0.12355784326791763,4
single_shape,plain4_w64_gap,6054,centered_logit_fidelity,selected,0.10534396308372974,4
single_shape,plain4_w64_gap,6054,prob_error_reduction,selected,0.08313679695129395,4
single_shape,plain4_w64_gap,6055,centered_logit_fidelity,selected,0.10740181451944297,4
single_shape,plain4_w64_gap,6055,prob_error_reduction,selected,0.12475113570690155,4
single_shape,plain4_w64_gap,6056,centered_logit_fidelity,selected,-0.060587545083323216,4
single_shape,plain4_w64_gap,6056,prob_error_reduction,selected,0.037648625671863556,4
single_shape,plain4_w64_gap,6057,centered_logit_fidelity,selected,0.32399859546726384,4
single_shape,plain4_w64_gap,6057,prob_error_reduction,selected,-0.0034338459372520447,4
single_shape,plain4_w64_gap,6058,centered_logit_fidelity,selected,0.03663582930114641,4
single_shape,plain4_w64_gap,6058,prob_error_reduction,selected,0.20656288415193558,4
single_shape,plain4_w64_gap,6059,centered_logit_fidelity,selected,-0.07216768797514665,4
single_shape,plain4_w64_gap,6059,prob_error_reduction,selected,0.20799116790294647,4
single_shape,plain4_w64_gap,6060,centered_logit_fidelity,selected,0.12915178426686996,4
single_shape,plain4_w64_gap,6060,prob_error_reduction,selected,0.1186552569270134,4
single_shape,plain4_w64_gap,6061,centered_logit_fidelity,selected,0.24395616949303162,4
single_shape,plain4_w64_gap,6061,prob_error_reduction,selected,0.2818915694952011,4
single_shape,plain4_w64_gap,6062,centered_logit_fidelity,selected,0.011223578220418834,4
single_shape,plain4_w64_gap,6062,prob_error_reduction,selected,0.10321373492479324,4
single_shape,plain4_w64_gap,6063,centered_logit_fidelity,selected,0.21364319513195545,4
single_shape,plain4_w64_gap,6063,prob_error_reduction,selected,0.24787568300962448,4
single_shape,plain4_w64_gap,6064,centered_logit_fidelity,selected,0.00560648374354035,4
single_shape,plain4_w64_gap,6064,prob_error_reduction,selected,0.010870158672332764,4
single_shape,plain4_w64_gap,6065,centered_logit_fidelity,selected,0.1425466041175656,4
single_shape,plain4_w64_gap,6065,prob_error_reduction,selected,-0.035398636013269424,4
single_shape,plain4_w64_gap,6066,centered_logit_fidelity,selected,0.009469016094687088,4
single_shape,plain4_w64_gap,6066,prob_error_reduction,selected,-0.09849345684051514,4
single_shape,plain4_w64_gap,6067,centered_logit_fidelity,selected,0.040536216203209754,4
single_shape,plain4_w64_gap,6067,prob_error_reduction,selected,0.15030573308467865,4
single_shape,plain4_w64_gap,6068,centered_logit_fidelity,selected,0.17226703255985862,4
single_shape,plain4_w64_gap,6068,prob_error_reduction,selected,0.16055652126669884,4
single_shape,plain4_w64_gap,6069,centered_logit_fidelity,selected,0.05840153807390899,4
single_shape,plain4_w64_gap,6069,prob_error_reduction,selected,0.10799308121204376,4
single_shape,plain4_w64_gap,6070,centered_logit_fidelity,selected,0.07017029663642965,4
single_shape,plain4_w64_gap,6070,prob_error_reduction,selected,0.11845135688781738,4
single_shape,plain4_w64_gap,6071,centered_logit_fidelity,selected,0.0996410413481777,4
single_shape,plain4_w64_gap,6071,prob_error_reduction,selected,0.10833094641566277,4
single_shape,plain4_w64_gap,6072,centered_logit_fidelity,selected,-0.18362538033851175,4
single_shape,plain4_w64_gap,6072,prob_error_reduction,selected,0.08591818809509277,4
single_shape,plain4_w64_gap,6073,centered_logit_fidelity,selected,0.050258430901623644,4
single_shape,plain4_w64_gap,6073,prob_error_reduction,selected,0.1299736052751541,4
single_shape,plain4_w64_gap,6074,centered_logit_fidelity,selected,0.15379681308841928,4
single_shape,plain4_w64_gap,6074,prob_error_reduction,selected,0.1783117800951004,4
single_shape,plain4_w64_gap,6075,centered_logit_fidelity,selected,0.09761597314812658,4
single_shape,plain4_w64_gap,6075,prob_error_reduction,selected,0.07995866239070892,4
single_shape,plain4_w64_gap,6076,centered_logit_fidelity,selected,0.11147853342633844,4
single_shape,plain4_w64_gap,6076,prob_error_reduction,selected,0.16842051595449448,4
single_shape,plain4_w64_gap,6077,centered_logit_fidelity,selected,0.14922783389808275,4
single_shape,plain4_w64_gap,6077,prob_error_reduction,selected,0.16838156059384346,4
single_shape,plain4_w64_gap,6078,centered_logit_fidelity,selected,-0.0918634818702664,4
single_shape,plain4_w64_gap,6078,prob_error_reduction,selected,-0.04429452121257782,4
single_shape,plain4_w64_gap,6079,centered_logit_fidelity,selected,0.11039592668932328,4
single_shape,plain4_w64_gap,6079,prob_error_reduction,selected,0.14588941633701324,4
single_shape,plain4_w64_gap,6080,centered_logit_fidelity,selected,0.0017293213300806493,4
single_shape,plain4_w64_gap,6080,prob_error_reduction,selected,0.043501973152160645,4
single_shape,plain4_w64_gap,6081,centered_logit_fidelity,selected,0.0914423250810865,4
single_shape,plain4_w64_gap,6081,prob_error_reduction,selected,0.0889136865735054,4
single_shape,plain4_w64_gap,6082,centered_logit_fidelity,selected,-0.039509888591057585,4
single_shape,plain4_w64_gap,6082,prob_error_reduction,selected,0.23160289227962494,4
single_shape,plain4_w64_gap,6083,centered_logit_fidelity,selected,0.06324791856500633,4
single_shape,plain4_w64_gap,6083,prob_error_reduction,selected,0.17448507249355316,4
single_shape,plain4_w64_gap,6084,centered_logit_fidelity,selected,0.21513377456941063,4
single_shape,plain4_w64_gap,6084,prob_error_reduction,selected,0.20583224296569824,4
single_shape,plain4_w64_gap,6085,centered_logit_fidelity,selected,0.061033685324485054,4
single_shape,plain4_w64_gap,6085,prob_error_reduction,selected,-0.06150869280099869,4
single_shape,plain4_w64_gap,6086,centered_logit_fidelity,selected,0.0722400281198172,4
single_shape,plain4_w64_gap,6086,prob_error_reduction,selected,-0.017775580286979675,4
single_shape,plain4_w64_gap,6087,centered_logit_fidelity,selected,0.01310822953954445,4
single_shape,plain4_w64_gap,6087,prob_error_reduction,selected,0.02592899464070797,4
single_shape,plain4_w64_gap,6088,centered_logit_fidelity,selected,0.11779419493784817,4
single_shape,plain4_w64_gap,6088,prob_error_reduction,selected,-0.07700268924236298,4
single_shape,plain4_w64_gap,6089,centered_logit_fidelity,selected,0.0008538927192057455,4
single_shape,plain4_w64_gap,6089,prob_error_reduction,selected,0.10113970935344696,4
single_shape,plain4_w64_gap,6090,centered_logit_fidelity,selected,0.10868132464022737,4
single_shape,plain4_w64_gap,6090,prob_error_reduction,selected,0.21041689068078995,4
single_shape,plain4_w64_gap,6091,centered_logit_fidelity,selected,0.004408363761397804,4
single_shape,plain4_w64_gap,6091,prob_error_reduction,selected,0.30420060455799103,4
single_shape,plain4_w64_gap,6092,centered_logit_fidelity,selected,0.09431143409135,4
single_shape,plain4_w64_gap,6092,prob_error_reduction,selected,0.07202641665935516,4
single_shape,plain4_w64_gap,6093,centered_logit_fidelity,selected,0.15493460537400763,4
single_shape,plain4_w64_gap,6093,prob_error_reduction,selected,-0.030285872519016266,4
single_shape,plain4_w64_gap,6094,centered_logit_fidelity,selected,0.15197385974649968,4
single_shape,plain4_w64_gap,6094,prob_error_reduction,selected,0.18043721467256546,4
single_shape,plain4_w64_gap,6095,centered_logit_fidelity,selected,-0.016766973488634165,4
single_shape,plain4_w64_gap,6095,prob_error_reduction,selected,-0.1414869949221611,4
single_shape,plain4_w64_gap,6096,centered_logit_fidelity,selected,0.024316302000329484,4
single_shape,plain4_w64_gap,6096,prob_error_reduction,selected,0.05747530609369278,4
single_shape,plain4_w64_gap,6097,centered_logit_fidelity,selected,0.12012500885169251,4
single_shape,plain4_w64_gap,6097,prob_error_reduction,selected,0.11265391856431961,4
single_shape,plain4_w64_gap,6098,centered_logit_fidelity,selected,0.06581966870546112,4
single_shape,plain4_w64_gap,6098,prob_error_reduction,selected,0.04133991897106171,4
single_shape,plain4_w64_gap,6099,centered_logit_fidelity,selected,0.15803164861314573,4
single_shape,plain4_w64_gap,6099,prob_error_reduction,selected,0.1627686396241188,4
single_shape,plain4_w64_gmp,6000,centered_logit_fidelity,selected,0.003061939895710894,4
single_shape,plain4_w64_gmp,6000,prob_error_reduction,selected,0.02786242961883545,4
single_shape,plain4_w64_gmp,6001,centered_logit_fidelity,selected,0.005261060246845292,4
single_shape,plain4_w64_gmp,6001,prob_error_reduction,selected,0.014494791626930237,4
single_shape,plain4_w64_gmp,6002,centered_logit_fidelity,selected,0.0024752702168188145,4
single_shape,plain4_w64_gmp,6002,prob_error_reduction,selected,-0.0033499225974082947,4
single_shape,plain4_w64_gmp,6003,centered_logit_fidelity,selected,0.004519948923215222,4
single_shape,plain4_w64_gmp,6003,prob_error_reduction,selected,0.001988627016544342,4
single_shape,plain4_w64_gmp,6004,centered_logit_fidelity,selected,0.0017124391332957872,4
single_shape,plain4_w64_gmp,6004,prob_error_reduction,selected,-0.004478417336940765,4
single_shape,plain4_w64_gmp,6005,centered_logit_fidelity,selected,0.0019329534543274796,4
single_shape,plain4_w64_gmp,6005,prob_error_reduction,selected,0.006883375346660614,4
single_shape,plain4_w64_gmp,6006,centered_logit_fidelity,selected,0.000827298624374237,4
single_shape,plain4_w64_gmp,6006,prob_error_reduction,selected,-0.0026702433824539185,4
single_shape,plain4_w64_gmp,6007,centered_logit_fidelity,selected,0.002128898819760361,4
single_shape,plain4_w64_gmp,6007,prob_error_reduction,selected,0.00349976122379303,4
single_shape,plain4_w64_gmp,6008,centered_logit_fidelity,selected,0.0003286016125962632,4
single_shape,plain4_w64_gmp,6008,prob_error_reduction,selected,0.004701681435108185,4
single_shape,plain4_w64_gmp,6009,centered_logit_fidelity,selected,-0.0006660122286241826,4
single_shape,plain4_w64_gmp,6009,prob_error_reduction,selected,-0.002208419144153595,4
single_shape,plain4_w64_gmp,6010,centered_logit_fidelity,selected,0.0005359527699207584,4
single_shape,plain4_w64_gmp,6010,prob_error_reduction,selected,0.004962421953678131,4
single_shape,plain4_w64_gmp,6011,centered_logit_fidelity,selected,0.010806449187446068,4
single_shape,plain4_w64_gmp,6011,prob_error_reduction,selected,0.02210131287574768,4
single_shape,plain4_w64_gmp,6012,centered_logit_fidelity,selected,0.0007743636285147959,4
single_shape,plain4_w64_gmp,6012,prob_error_reduction,selected,-0.0018382743000984192,4
single_shape,plain4_w64_gmp,6013,centered_logit_fidelity,selected,0.0027649964980424185,4
single_shape,plain4_w64_gmp,6013,prob_error_reduction,selected,-0.007591076195240021,4
single_shape,plain4_w64_gmp,6014,centered_logit_fidelity,selected,0.001966131915248276,4
single_shape,plain4_w64_gmp,6014,prob_error_reduction,selected,-0.00032263994216918945,4
single_shape,plain4_w64_gmp,6015,centered_logit_fidelity,selected,0.0001775393438116224,4
single_shape,plain4_w64_gmp,6015,prob_error_reduction,selected,-0.000723615288734436,4
single_shape,plain4_w64_gmp,6016,centered_logit_fidelity,selected,0.001558452669402452,4
single_shape,plain4_w64_gmp,6016,prob_error_reduction,selected,-0.003971986472606659,4
single_shape,plain4_w64_gmp,6017,centered_logit_fidelity,selected,-0.0003034037632102665,4
single_shape,plain4_w64_gmp,6017,prob_error_reduction,selected,-0.005754321813583374,4
single_shape,plain4_w64_gmp,6018,centered_logit_fidelity,selected,0.0011502844151735914,4
single_shape,plain4_w64_gmp,6018,prob_error_reduction,selected,0.005714401602745056,4
single_shape,plain4_w64_gmp,6019,centered_logit_fidelity,selected,0.0041370113949378284,4
single_shape,plain4_w64_gmp,6019,prob_error_reduction,selected,0.002394355833530426,4
single_shape,plain4_w64_gmp,6020,centered_logit_fidelity,selected,0.0053207309744280895,4
single_shape,plain4_w64_gmp,6020,prob_error_reduction,selected,0.0018386095762252808,4
single_shape,plain4_w64_gmp,6021,centered_logit_fidelity,selected,0.006660055758748687,4
single_shape,plain4_w64_gmp,6021,prob_error_reduction,selected,0.0021033957600593567,4
single_shape,plain4_w64_gmp,6022,centered_logit_fidelity,selected,0.001696376949596512,4
single_shape,plain4_w64_gmp,6022,prob_error_reduction,selected,-0.000812530517578125,4
single_shape,plain4_w64_gmp,6023,centered_logit_fidelity,selected,0.003146237374743177,4
single_shape,plain4_w64_gmp,6023,prob_error_reduction,selected,-0.003131002187728882,4
single_shape,plain4_w64_gmp,6024,centered_logit_fidelity,selected,0.010890869759150337,4
single_shape,plain4_w64_gmp,6024,prob_error_reduction,selected,-0.0010279342532157898,4
single_shape,plain4_w64_gmp,6025,centered_logit_fidelity,selected,0.0015365715245717199,4
single_shape,plain4_w64_gmp,6025,prob_error_reduction,selected,0.0054489001631736755,4
single_shape,plain4_w64_gmp,6026,centered_logit_fidelity,selected,0.0017986997826111434,4
single_shape,plain4_w64_gmp,6026,prob_error_reduction,selected,0.007815457880496979,4
single_shape,plain4_w64_gmp,6027,centered_logit_fidelity,selected,0.002602941413909654,4
single_shape,plain4_w64_gmp,6027,prob_error_reduction,selected,0.004916973412036896,4
single_shape,plain4_w64_gmp,6028,centered_logit_fidelity,selected,0.000880364280094359,4
single_shape,plain4_w64_gmp,6028,prob_error_reduction,selected,0.001922324299812317,4
single_shape,plain4_w64_gmp,6029,centered_logit_fidelity,selected,-0.005621067934823046,4
single_shape,plain4_w64_gmp,6029,prob_error_reduction,selected,0.002270512282848358,4
single_shape,plain4_w64_gmp,6030,centered_logit_fidelity,selected,0.0034118867805162517,4
single_shape,plain4_w64_gmp,6030,prob_error_reduction,selected,-0.004263050854206085,4
single_shape,plain4_w64_gmp,6031,centered_logit_fidelity,selected,0.0013856479647279124,4
single_shape,plain4_w64_gmp,6031,prob_error_reduction,selected,-0.0019045695662498474,4
single_shape,plain4_w64_gmp,6032,centered_logit_fidelity,selected,-8.965476969835517e-05,4
single_shape,plain4_w64_gmp,6032,prob_error_reduction,selected,0.0009718984365463257,4
single_shape,plain4_w64_gmp,6033,centered_logit_fidelity,selected,-0.0006379127487170372,4
single_shape,plain4_w64_gmp,6033,prob_error_reduction,selected,0.0027406439185142517,4
single_shape,plain4_w64_gmp,6034,centered_logit_fidelity,selected,0.0005963655089384484,4
single_shape,plain4_w64_gmp,6034,prob_error_reduction,selected,0.0011230483651161194,4
single_shape,plain4_w64_gmp,6035,centered_logit_fidelity,selected,0.0009703834876199635,4
single_shape,plain4_w64_gmp,6035,prob_error_reduction,selected,0.007817618548870087,4
single_shape,plain4_w64_gmp,6036,centered_logit_fidelity,selected,0.003440089633920479,4
single_shape,plain4_w64_gmp,6036,prob_error_reduction,selected,0.004179075360298157,4
single_shape,plain4_w64_gmp,6037,centered_logit_fidelity,selected,-0.0021603411598563743,4
single_shape,plain4_w64_gmp,6037,prob_error_reduction,selected,-0.002888590097427368,4
single_shape,plain4_w64_gmp,6038,centered_logit_fidelity,selected,0.002662299691104153,4
single_shape,plain4_w64_gmp,6038,prob_error_reduction,selected,-0.0290391743183136,4
single_shape,plain4_w64_gmp,6039,centered_logit_fidelity,selected,0.0019630968403253624,4
single_shape,plain4_w64_gmp,6039,prob_error_reduction,selected,-0.0015907138586044312,4
single_shape,plain4_w64_gmp,6040,centered_logit_fidelity,selected,0.0021331423046012377,4
single_shape,plain4_w64_gmp,6040,prob_error_reduction,selected,-0.0014813616871833801,4
single_shape,plain4_w64_gmp,6041,centered_logit_fidelity,selected,-0.006408818718247153,4
single_shape,plain4_w64_gmp,6041,prob_error_reduction,selected,-0.003693215548992157,4
single_shape,plain4_w64_gmp,6042,centered_logit_fidelity,selected,0.0008469430338911288,4
single_shape,plain4_w64_gmp,6042,prob_error_reduction,selected,-0.004031583666801453,4
single_shape,plain4_w64_gmp,6043,centered_logit_fidelity,selected,1.8705277442798707e-05,4
single_shape,plain4_w64_gmp,6043,prob_error_reduction,selected,-0.002668134868144989,4
single_shape,plain4_w64_gmp,6044,centered_logit_fidelity,selected,0.005537354724261534,4
single_shape,plain4_w64_gmp,6044,prob_error_reduction,selected,0.027487292885780334,4
single_shape,plain4_w64_gmp,6045,centered_logit_fidelity,selected,0.004869279442282368,4
single_shape,plain4_w64_gmp,6045,prob_error_reduction,selected,0.001506127417087555,4
single_shape,plain4_w64_gmp,6046,centered_logit_fidelity,selected,-1.9066930012898164e-05,4
single_shape,plain4_w64_gmp,6046,prob_error_reduction,selected,-0.001247115433216095,4
single_shape,plain4_w64_gmp,6047,centered_logit_fidelity,selected,0.004243837928943547,4
single_shape,plain4_w64_gmp,6047,prob_error_reduction,selected,-0.022985294461250305,4
single_shape,plain4_w64_gmp,6048,centered_logit_fidelity,selected,0.001919800196722235,4
single_shape,plain4_w64_gmp,6048,prob_error_reduction,selected,0.010523945093154907,4
single_shape,plain4_w64_gmp,6049,centered_logit_fidelity,selected,0.0024866713993873524,4
single_shape,plain4_w64_gmp,6049,prob_error_reduction,selected,-0.001027904450893402,4
single_shape,plain4_w64_gmp,6050,centered_logit_fidelity,selected,-0.0002987058407586535,4
single_shape,plain4_w64_gmp,6050,prob_error_reduction,selected,-0.006792478263378143,4
single_shape,plain4_w64_gmp,6051,centered_logit_fidelity,selected,0.0009672531210940388,4
single_shape,plain4_w64_gmp,6051,prob_error_reduction,selected,0.00012671202421188354,4
single_shape,plain4_w64_gmp,6052,centered_logit_fidelity,selected,0.0036301871643182465,4
single_shape,plain4_w64_gmp,6052,prob_error_reduction,selected,-0.008502520620822906,4
single_shape,plain4_w64_gmp,6053,centered_logit_fidelity,selected,0.007609379241244232,4
single_shape,plain4_w64_gmp,6053,prob_error_reduction,selected,0.03062627464532852,4
single_shape,plain4_w64_gmp,6054,centered_logit_fidelity,selected,0.004906605741219441,4
single_shape,plain4_w64_gmp,6054,prob_error_reduction,selected,0.007813923060894012,4
single_shape,plain4_w64_gmp,6055,centered_logit_fidelity,selected,0.001588108081798295,4
single_shape,plain4_w64_gmp,6055,prob_error_reduction,selected,0.005113288760185242,4
single_shape,plain4_w64_gmp,6056,centered_logit_fidelity,selected,-0.0005726828078384538,4
single_shape,plain4_w64_gmp,6056,prob_error_reduction,selected,-0.012361712753772736,4
single_shape,plain4_w64_gmp,6057,centered_logit_fidelity,selected,0.00488112021362129,4
single_shape,plain4_w64_gmp,6057,prob_error_reduction,selected,0.01966039091348648,4
single_shape,plain4_w64_gmp,6058,centered_logit_fidelity,selected,0.0013112251535425251,4
single_shape,plain4_w64_gmp,6058,prob_error_reduction,selected,0.004884898662567139,4
single_shape,plain4_w64_gmp,6059,centered_logit_fidelity,selected,0.0002359903620778453,4
single_shape,plain4_w64_gmp,6059,prob_error_reduction,selected,0.0005328282713890076,4
single_shape,plain4_w64_gmp,6060,centered_logit_fidelity,selected,0.005307906762140699,4
single_shape,plain4_w64_gmp,6060,prob_error_reduction,selected,-0.002783730626106262,4
single_shape,plain4_w64_gmp,6061,centered_logit_fidelity,selected,0.003440426782959277,4
single_shape,plain4_w64_gmp,6061,prob_error_reduction,selected,0.0036173760890960693,4
single_shape,plain4_w64_gmp,6062,centered_logit_fidelity,selected,0.004371391876606789,4
single_shape,plain4_w64_gmp,6062,prob_error_reduction,selected,0.00974678248167038,4
single_shape,plain4_w64_gmp,6063,centered_logit_fidelity,selected,0.0010212344008882074,4
single_shape,plain4_w64_gmp,6063,prob_error_reduction,selected,0.004945181310176849,4
single_shape,plain4_w64_gmp,6064,centered_logit_fidelity,selected,0.005013081044289949,4
single_shape,plain4_w64_gmp,6064,prob_error_reduction,selected,0.004539012908935547,4
single_shape,plain4_w64_gmp,6065,centered_logit_fidelity,selected,0.004625351533087352,4
single_shape,plain4_w64_gmp,6065,prob_error_reduction,selected,0.0045472607016563416,4
single_shape,plain4_w64_gmp,6066,centered_logit_fidelity,selected,-0.0006138314906739134,4
single_shape,plain4_w64_gmp,6066,prob_error_reduction,selected,-0.014303229749202728,4
single_shape,plain4_w64_gmp,6067,centered_logit_fidelity,selected,0.0018883569104606729,4
single_shape,plain4_w64_gmp,6067,prob_error_reduction,selected,-0.005907110869884491,4
single_shape,plain4_w64_gmp,6068,centered_logit_fidelity,selected,0.0031527391174122343,4
single_shape,plain4_w64_gmp,6068,prob_error_reduction,selected,0.007662162184715271,4
single_shape,plain4_w64_gmp,6069,centered_logit_fidelity,selected,-0.0006267737545600088,4
single_shape,plain4_w64_gmp,6069,prob_error_reduction,selected,0.005061700940132141,4
single_shape,plain4_w64_gmp,6070,centered_logit_fidelity,selected,0.0029800103929662203,4
single_shape,plain4_w64_gmp,6070,prob_error_reduction,selected,0.017066173255443573,4
single_shape,plain4_w64_gmp,6071,centered_logit_fidelity,selected,0.013261364914994314,4
single_shape,plain4_w64_gmp,6071,prob_error_reduction,selected,-0.003639787435531616,4
single_shape,plain4_w64_gmp,6072,centered_logit_fidelity,selected,-0.0007740051345624249,4
single_shape,plain4_w64_gmp,6072,prob_error_reduction,selected,0.00564083456993103,4
single_shape,plain4_w64_gmp,6073,centered_logit_fidelity,selected,-2.063502995619526e-05,4
single_shape,plain4_w64_gmp,6073,prob_error_reduction,selected,0.006206154823303223,4
single_shape,plain4_w64_gmp,6074,centered_logit_fidelity,selected,0.0022020363932172687,4
single_shape,plain4_w64_gmp,6074,prob_error_reduction,selected,-8.67992639541626e-06,4
single_shape,plain4_w64_gmp,6075,centered_logit_fidelity,selected,0.0005821427741612706,4
single_shape,plain4_w64_gmp,6075,prob_error_reduction,selected,0.010229840874671936,4
single_shape,plain4_w64_gmp,6076,centered_logit_fidelity,selected,0.0010086990684610303,4
single_shape,plain4_w64_gmp,6076,prob_error_reduction,selected,0.005242742598056793,4
single_shape,plain4_w64_gmp,6077,centered_logit_fidelity,selected,-0.0017915649706794629,4
single_shape,plain4_w64_gmp,6077,prob_error_reduction,selected,-0.018314436078071594,4
single_shape,plain4_w64_gmp,6078,centered_logit_fidelity,selected,0.006925273714686153,4
single_shape,plain4_w64_gmp,6078,prob_error_reduction,selected,-0.0022227466106414795,4
single_shape,plain4_w64_gmp,6079,centered_logit_fidelity,selected,0.00492190449698808,4
single_shape,plain4_w64_gmp,6079,prob_error_reduction,selected,0.010852470993995667,4
single_shape,plain4_w64_gmp,6080,centered_logit_fidelity,selected,-0.0006311295786025489,4
single_shape,plain4_w64_gmp,6080,prob_error_reduction,selected,0.004653319716453552,4
single_shape,plain4_w64_gmp,6081,centered_logit_fidelity,selected,0.00412613820384819,4
single_shape,plain4_w64_gmp,6081,prob_error_reduction,selected,0.021146759390830994,4
single_shape,plain4_w64_gmp,6082,centered_logit_fidelity,selected,0.003925885410661953,4
single_shape,plain4_w64_gmp,6082,prob_error_reduction,selected,0.002546548843383789,4
single_shape,plain4_w64_gmp,6083,centered_logit_fidelity,selected,-0.002065402523591081,4
single_shape,plain4_w64_gmp,6083,prob_error_reduction,selected,0.002157174050807953,4
single_shape,plain4_w64_gmp,6084,centered_logit_fidelity,selected,0.0003282673281155002,4
single_shape,plain4_w64_gmp,6084,prob_error_reduction,selected,0.001314707100391388,4
single_shape,plain4_w64_gmp,6085,centered_logit_fidelity,selected,-0.0012477309577172968,4
single_shape,plain4_w64_gmp,6085,prob_error_reduction,selected,-0.015861228108406067,4
single_shape,plain4_w64_gmp,6086,centered_logit_fidelity,selected,0.0033929694194821947,4
single_shape,plain4_w64_gmp,6086,prob_error_reduction,selected,0.00527779757976532,4
single_shape,plain4_w64_gmp,6087,centered_logit_fidelity,selected,0.00019286759353440153,4
single_shape,plain4_w64_gmp,6087,prob_error_reduction,selected,0.00028087198734283447,4
single_shape,plain4_w64_gmp,6088,centered_logit_fidelity,selected,0.0028429551999338692,4
single_shape,plain4_w64_gmp,6088,prob_error_reduction,selected,0.010972678661346436,4
single_shape,plain4_w64_gmp,6089,centered_logit_fidelity,selected,0.003206412983678561,4
single_shape,plain4_w64_gmp,6089,prob_error_reduction,selected,-0.00012858957052230835,4
single_shape,plain4_w64_gmp,6090,centered_logit_fidelity,selected,0.001154469878638431,4
single_shape,plain4_w64_gmp,6090,prob_error_reduction,selected,-0.00038973987102508545,4
single_shape,plain4_w64_gmp,6091,centered_logit_fidelity,selected,0.007675827913194294,4
single_shape,plain4_w64_gmp,6091,prob_error_reduction,selected,-0.012312039732933044,4
single_shape,plain4_w64_gmp,6092,centered_logit_fidelity,selected,0.0017562083252869037,4
single_shape,plain4_w64_gmp,6092,prob_error_reduction,selected,0.0006977617740631104,4
single_shape,plain4_w64_gmp,6093,centered_logit_fidelity,selected,0.001503625682181195,4
single_shape,plain4_w64_gmp,6093,prob_error_reduction,selected,0.002433210611343384,4
single_shape,plain4_w64_gmp,6094,centered_logit_fidelity,selected,0.0027610698095194564,4
single_shape,plain4_w64_gmp,6094,prob_error_reduction,selected,-0.00013054907321929932,4
single_shape,plain4_w64_gmp,6095,centered_logit_fidelity,selected,-0.0008278294231498368,4
single_shape,plain4_w64_gmp,6095,prob_error_reduction,selected,-0.019168928265571594,4
single_shape,plain4_w64_gmp,6096,centered_logit_fidelity,selected,0.0007068638034855024,4
single_shape,plain4_w64_gmp,6096,prob_error_reduction,selected,-0.005301810801029205,4
single_shape,plain4_w64_gmp,6097,centered_logit_fidelity,selected,0.0014323878489540809,4
single_shape,plain4_w64_gmp,6097,prob_error_reduction,selected,-0.004595279693603516,4
single_shape,plain4_w64_gmp,6098,centered_logit_fidelity,selected,0.002652810710034384,4
single_shape,plain4_w64_gmp,6098,prob_error_reduction,selected,0.0021068304777145386,4
single_shape,plain4_w64_gmp,6099,centered_logit_fidelity,selected,-0.0012122710053808217,4
single_shape,plain4_w64_gmp,6099,prob_error_reduction,selected,-0.0007489249110221863,4
single_shape,res4_w16_gap,6000,centered_logit_fidelity,selected,0.265791626215369,4
single_shape,res4_w16_gap,6000,prob_error_reduction,selected,0.14876046031713486,4
single_shape,res4_w16_gap,6001,centered_logit_fidelity,selected,0.2296574991346464,4
single_shape,res4_w16_gap,6001,prob_error_reduction,selected,0.33317141979932785,4
single_shape,res4_w16_gap,6002,centered_logit_fidelity,selected,0.05970002084883233,4
single_shape,res4_w16_gap,6002,prob_error_reduction,selected,-0.00016999989748001099,4
single_shape,res4_w16_gap,6003,centered_logit_fidelity,selected,0.05365877523863653,4
single_shape,res4_w16_gap,6003,prob_error_reduction,selected,0.16173195838928223,4
single_shape,res4_w16_gap,6004,centered_logit_fidelity,selected,0.15271616687395212,4
single_shape,res4_w16_gap,6004,prob_error_reduction,selected,0.2607167512178421,4
single_shape,res4_w16_gap,6005,centered_logit_fidelity,selected,0.3370314775118446,4
single_shape,res4_w16_gap,6005,prob_error_reduction,selected,0.2191944494843483,4
single_shape,res4_w16_gap,6006,centered_logit_fidelity,selected,-0.06845824175064417,4
single_shape,res4_w16_gap,6006,prob_error_reduction,selected,0.22110051661729813,4
single_shape,res4_w16_gap,6007,centered_logit_fidelity,selected,0.19263182947176685,4
single_shape,res4_w16_gap,6007,prob_error_reduction,selected,0.1891489028930664,4
single_shape,res4_w16_gap,6008,centered_logit_fidelity,selected,0.17308208293480923,4
single_shape,res4_w16_gap,6008,prob_error_reduction,selected,0.1988891139626503,4
single_shape,res4_w16_gap,6009,centered_logit_fidelity,selected,0.04542504092584129,4
single_shape,res4_w16_gap,6009,prob_error_reduction,selected,0.1447625234723091,4
single_shape,res4_w16_gap,6010,centered_logit_fidelity,selected,-0.09908129706510208,4
single_shape,res4_w16_gap,6010,prob_error_reduction,selected,-0.05398278683423996,4
single_shape,res4_w16_gap,6011,centered_logit_fidelity,selected,0.017196388788351835,4
single_shape,res4_w16_gap,6011,prob_error_reduction,selected,0.06631330400705338,4
single_shape,res4_w16_gap,6012,centered_logit_fidelity,selected,0.15155047288557133,4
single_shape,res4_w16_gap,6012,prob_error_reduction,selected,0.01862393319606781,4
single_shape,res4_w16_gap,6013,centered_logit_fidelity,selected,0.3244734083700158,4
single_shape,res4_w16_gap,6013,prob_error_reduction,selected,0.2791903428733349,4
single_shape,res4_w16_gap,6014,centered_logit_fidelity,selected,0.08814793672687059,4
single_shape,res4_w16_gap,6014,prob_error_reduction,selected,0.2320495843887329,4
single_shape,res4_w16_gap,6015,centered_logit_fidelity,selected,0.26242563472358227,4
single_shape,res4_w16_gap,6015,prob_error_reduction,selected,0.10967686772346497,4
single_shape,res4_w16_gap,6016,centered_logit_fidelity,selected,0.07227669317848805,4
single_shape,res4_w16_gap,6016,prob_error_reduction,selected,0.07026918232440948,4
single_shape,res4_w16_gap,6017,centered_logit_fidelity,selected,-0.05024326635322106,4
single_shape,res4_w16_gap,6017,prob_error_reduction,selected,-0.03410404175519943,4
single_shape,res4_w16_gap,6018,centered_logit_fidelity,selected,0.10388267705005116,4
single_shape,res4_w16_gap,6018,prob_error_reduction,selected,0.23106982558965683,4
single_shape,res4_w16_gap,6019,centered_logit_fidelity,selected,0.0944246798321805,4
single_shape,res4_w16_gap,6019,prob_error_reduction,selected,0.1097002699971199,4
single_shape,res4_w16_gap,6020,centered_logit_fidelity,selected,0.16912598417068703,4
single_shape,res4_w16_gap,6020,prob_error_reduction,selected,0.08470229059457779,4
single_shape,res4_w16_gap,6021,centered_logit_fidelity,selected,0.0705598826815533,4
single_shape,res4_w16_gap,6021,prob_error_reduction,selected,0.02773817628622055,4
single_shape,res4_w16_gap,6022,centered_logit_fidelity,selected,0.15677592926671985,4
single_shape,res4_w16_gap,6022,prob_error_reduction,selected,0.09148202836513519,4
single_shape,res4_w16_gap,6023,centered_logit_fidelity,selected,0.15357852628446622,4
single_shape,res4_w16_gap,6023,prob_error_reduction,selected,0.11041309684515,4
single_shape,res4_w16_gap,6024,centered_logit_fidelity,selected,0.3030356646512463,4
single_shape,res4_w16_gap,6024,prob_error_reduction,selected,0.19954997301101685,4
single_shape,res4_w16_gap,6025,centered_logit_fidelity,selected,0.3387635947575404,4
single_shape,res4_w16_gap,6025,prob_error_reduction,selected,0.08182675763964653,4
single_shape,res4_w16_gap,6026,centered_logit_fidelity,selected,0.14677666345284787,4
single_shape,res4_w16_gap,6026,prob_error_reduction,selected,0.03483911603689194,4
single_shape,res4_w16_gap,6027,centered_logit_fidelity,selected,0.20073201129515353,4
single_shape,res4_w16_gap,6027,prob_error_reduction,selected,0.09269271045923233,4
single_shape,res4_w16_gap,6028,centered_logit_fidelity,selected,0.14877976586744962,4
single_shape,res4_w16_gap,6028,prob_error_reduction,selected,0.042141348123550415,4
single_shape,res4_w16_gap,6029,centered_logit_fidelity,selected,0.058765422674129236,4
single_shape,res4_w16_gap,6029,prob_error_reduction,selected,0.11041055619716644,4
single_shape,res4_w16_gap,6030,centered_logit_fidelity,selected,0.2977917396553843,4
single_shape,res4_w16_gap,6030,prob_error_reduction,selected,0.27454300224781036,4
single_shape,res4_w16_gap,6031,centered_logit_fidelity,selected,0.2360364365534477,4
single_shape,res4_w16_gap,6031,prob_error_reduction,selected,0.17564259469509125,4
single_shape,res4_w16_gap,6032,centered_logit_fidelity,selected,0.08195156118057487,4
single_shape,res4_w16_gap,6032,prob_error_reduction,selected,0.0924481600522995,4
single_shape,res4_w16_gap,6033,centered_logit_fidelity,selected,-0.08469704228669057,4
single_shape,res4_w16_gap,6033,prob_error_reduction,selected,0.06170399487018585,4
single_shape,res4_w16_gap,6034,centered_logit_fidelity,selected,0.00489964121337827,4
single_shape,res4_w16_gap,6034,prob_error_reduction,selected,-0.05303068459033966,4
single_shape,res4_w16_gap,6035,centered_logit_fidelity,selected,0.145099607394237,4
single_shape,res4_w16_gap,6035,prob_error_reduction,selected,0.22111351042985916,4
single_shape,res4_w16_gap,6036,centered_logit_fidelity,selected,0.0797471802097037,4
single_shape,res4_w16_gap,6036,prob_error_reduction,selected,0.026385128498077393,4
single_shape,res4_w16_gap,6037,centered_logit_fidelity,selected,0.0462446908318556,4
single_shape,res4_w16_gap,6037,prob_error_reduction,selected,-0.04694868624210358,4
single_shape,res4_w16_gap,6038,centered_logit_fidelity,selected,0.2444662158113074,4
single_shape,res4_w16_gap,6038,prob_error_reduction,selected,0.34466705843806267,4
single_shape,res4_w16_gap,6039,centered_logit_fidelity,selected,0.17200648083579417,4
single_shape,res4_w16_gap,6039,prob_error_reduction,selected,0.06633184850215912,4
single_shape,res4_w16_gap,6040,centered_logit_fidelity,selected,0.22065756761863534,4
single_shape,res4_w16_gap,6040,prob_error_reduction,selected,0.1670566350221634,4
single_shape,res4_w16_gap,6041,centered_logit_fidelity,selected,0.3504811356257087,4
single_shape,res4_w16_gap,6041,prob_error_reduction,selected,0.12422019243240356,4
single_shape,res4_w16_gap,6042,centered_logit_fidelity,selected,0.10654047805505637,4
single_shape,res4_w16_gap,6042,prob_error_reduction,selected,0.17455437034368515,4
single_shape,res4_w16_gap,6043,centered_logit_fidelity,selected,0.1012319383802174,4
single_shape,res4_w16_gap,6043,prob_error_reduction,selected,0.0009115263819694519,4
single_shape,res4_w16_gap,6044,centered_logit_fidelity,selected,0.1382195663207509,4
single_shape,res4_w16_gap,6044,prob_error_reduction,selected,0.2507550045847893,4
single_shape,res4_w16_gap,6045,centered_logit_fidelity,selected,0.18289936690624709,4
single_shape,res4_w16_gap,6045,prob_error_reduction,selected,0.0816156342625618,4
single_shape,res4_w16_gap,6046,centered_logit_fidelity,selected,0.14139747360732305,4
single_shape,res4_w16_gap,6046,prob_error_reduction,selected,0.16154693812131882,4
single_shape,res4_w16_gap,6047,centered_logit_fidelity,selected,-0.16250691744271922,4
single_shape,res4_w16_gap,6047,prob_error_reduction,selected,0.04350239038467407,4
single_shape,res4_w16_gap,6048,centered_logit_fidelity,selected,0.07207456890032879,4
single_shape,res4_w16_gap,6048,prob_error_reduction,selected,0.12165141850709915,4
single_shape,res4_w16_gap,6049,centered_logit_fidelity,selected,-0.038349597530292795,4
single_shape,res4_w16_gap,6049,prob_error_reduction,selected,0.16383002325892448,4
single_shape,res4_w16_gap,6050,centered_logit_fidelity,selected,0.32621940653902337,4
single_shape,res4_w16_gap,6050,prob_error_reduction,selected,0.2985457554459572,4
single_shape,res4_w16_gap,6051,centered_logit_fidelity,selected,0.09212307624663477,4
single_shape,res4_w16_gap,6051,prob_error_reduction,selected,0.07128525525331497,4
single_shape,res4_w16_gap,6052,centered_logit_fidelity,selected,0.15627259039135372,4
single_shape,res4_w16_gap,6052,prob_error_reduction,selected,0.17311372607946396,4
single_shape,res4_w16_gap,6053,centered_logit_fidelity,selected,0.19529254052717304,4
single_shape,res4_w16_gap,6053,prob_error_reduction,selected,0.19517731666564941,4
single_shape,res4_w16_gap,6054,centered_logit_fidelity,selected,0.5687661829827626,4
single_shape,res4_w16_gap,6054,prob_error_reduction,selected,0.1859126165509224,4
single_shape,res4_w16_gap,6055,centered_logit_fidelity,selected,0.14190592273877137,4
single_shape,res4_w16_gap,6055,prob_error_reduction,selected,0.08932264149188995,4
single_shape,res4_w16_gap,6056,centered_logit_fidelity,selected,0.16576848202297223,4
single_shape,res4_w16_gap,6056,prob_error_reduction,selected,0.0649791806936264,4
single_shape,res4_w16_gap,6057,centered_logit_fidelity,selected,0.14799523056567157,4
single_shape,res4_w16_gap,6057,prob_error_reduction,selected,0.12808340042829514,4
single_shape,res4_w16_gap,6058,centered_logit_fidelity,selected,0.4025697462251356,4
single_shape,res4_w16_gap,6058,prob_error_reduction,selected,0.259880892932415,4
single_shape,res4_w16_gap,6059,centered_logit_fidelity,selected,0.1775737330515631,4
single_shape,res4_w16_gap,6059,prob_error_reduction,selected,-0.10016731917858124,4
single_shape,res4_w16_gap,6060,centered_logit_fidelity,selected,0.09546908310152287,4
single_shape,res4_w16_gap,6060,prob_error_reduction,selected,0.08835901319980621,4
single_shape,res4_w16_gap,6061,centered_logit_fidelity,selected,0.27675275244753217,4
single_shape,res4_w16_gap,6061,prob_error_reduction,selected,0.27176567912101746,4
single_shape,res4_w16_gap,6062,centered_logit_fidelity,selected,0.08141910169309577,4
single_shape,res4_w16_gap,6062,prob_error_reduction,selected,0.15972579270601273,4
single_shape,res4_w16_gap,6063,centered_logit_fidelity,selected,0.2097771850883652,4
single_shape,res4_w16_gap,6063,prob_error_reduction,selected,0.18788065761327744,4
single_shape,res4_w16_gap,6064,centered_logit_fidelity,selected,0.11543437346260291,4
single_shape,res4_w16_gap,6064,prob_error_reduction,selected,0.043675296008586884,4
single_shape,res4_w16_gap,6065,centered_logit_fidelity,selected,-0.03633447733408329,4
single_shape,res4_w16_gap,6065,prob_error_reduction,selected,0.06768367439508438,4
single_shape,res4_w16_gap,6066,centered_logit_fidelity,selected,0.19402954669312086,4
single_shape,res4_w16_gap,6066,prob_error_reduction,selected,0.22628401964902878,4
single_shape,res4_w16_gap,6067,centered_logit_fidelity,selected,0.03168645424412986,4
single_shape,res4_w16_gap,6067,prob_error_reduction,selected,-0.027811504900455475,4
single_shape,res4_w16_gap,6068,centered_logit_fidelity,selected,0.17080458646245278,4
single_shape,res4_w16_gap,6068,prob_error_reduction,selected,0.11409826576709747,4
single_shape,res4_w16_gap,6069,centered_logit_fidelity,selected,0.05355211397247264,4
single_shape,res4_w16_gap,6069,prob_error_reduction,selected,0.19313230365514755,4
single_shape,res4_w16_gap,6070,centered_logit_fidelity,selected,-0.03824525199353292,4
single_shape,res4_w16_gap,6070,prob_error_reduction,selected,-0.04981290549039841,4
single_shape,res4_w16_gap,6071,centered_logit_fidelity,selected,0.23189437133338323,4
single_shape,res4_w16_gap,6071,prob_error_reduction,selected,0.20389818400144577,4
single_shape,res4_w16_gap,6072,centered_logit_fidelity,selected,0.0689069795267453,4
single_shape,res4_w16_gap,6072,prob_error_reduction,selected,0.17927443236112595,4
single_shape,res4_w16_gap,6073,centered_logit_fidelity,selected,0.16778718629584402,4
single_shape,res4_w16_gap,6073,prob_error_reduction,selected,0.014225848019123077,4
single_shape,res4_w16_gap,6074,centered_logit_fidelity,selected,0.07882014226194964,4
single_shape,res4_w16_gap,6074,prob_error_reduction,selected,0.23630712926387787,4
single_shape,res4_w16_gap,6075,centered_logit_fidelity,selected,0.23471294596903247,4
single_shape,res4_w16_gap,6075,prob_error_reduction,selected,0.15673836320638657,4
single_shape,res4_w16_gap,6076,centered_logit_fidelity,selected,0.05093612332094076,4
single_shape,res4_w16_gap,6076,prob_error_reduction,selected,0.001101069152355194,4
single_shape,res4_w16_gap,6077,centered_logit_fidelity,selected,0.23302025056753173,4
single_shape,res4_w16_gap,6077,prob_error_reduction,selected,0.14862576127052307,4
single_shape,res4_w16_gap,6078,centered_logit_fidelity,selected,0.1008536692128081,4
single_shape,res4_w16_gap,6078,prob_error_reduction,selected,0.14939063787460327,4
single_shape,res4_w16_gap,6079,centered_logit_fidelity,selected,0.39950496115124245,4
single_shape,res4_w16_gap,6079,prob_error_reduction,selected,0.12693128734827042,4
single_shape,res4_w16_gap,6080,centered_logit_fidelity,selected,0.14888195156222017,4
single_shape,res4_w16_gap,6080,prob_error_reduction,selected,0.03714994341135025,4
single_shape,res4_w16_gap,6081,centered_logit_fidelity,selected,0.45596938283773986,4
single_shape,res4_w16_gap,6081,prob_error_reduction,selected,0.2539057396352291,4
single_shape,res4_w16_gap,6082,centered_logit_fidelity,selected,0.19619201220885416,4
single_shape,res4_w16_gap,6082,prob_error_reduction,selected,0.20572268962860107,4
single_shape,res4_w16_gap,6083,centered_logit_fidelity,selected,0.27271118810578987,4
single_shape,res4_w16_gap,6083,prob_error_reduction,selected,0.09636484086513519,4
single_shape,res4_w16_gap,6084,centered_logit_fidelity,selected,0.14627405058051843,4
single_shape,res4_w16_gap,6084,prob_error_reduction,selected,0.1688009351491928,4
single_shape,res4_w16_gap,6085,centered_logit_fidelity,selected,0.23113233845570108,4
single_shape,res4_w16_gap,6085,prob_error_reduction,selected,0.03553672879934311,4
single_shape,res4_w16_gap,6086,centered_logit_fidelity,selected,0.17095679410057735,4
single_shape,res4_w16_gap,6086,prob_error_reduction,selected,0.1681152731180191,4
single_shape,res4_w16_gap,6087,centered_logit_fidelity,selected,0.16380337443303822,4
single_shape,res4_w16_gap,6087,prob_error_reduction,selected,0.11478513479232788,4
single_shape,res4_w16_gap,6088,centered_logit_fidelity,selected,0.23149175508013473,4
single_shape,res4_w16_gap,6088,prob_error_reduction,selected,0.18303529918193817,4
single_shape,res4_w16_gap,6089,centered_logit_fidelity,selected,0.2504835982429983,4
single_shape,res4_w16_gap,6089,prob_error_reduction,selected,-0.020288869738578796,4
single_shape,res4_w16_gap,6090,centered_logit_fidelity,selected,-0.07928943556511515,4
single_shape,res4_w16_gap,6090,prob_error_reduction,selected,-0.022361338138580322,4
single_shape,res4_w16_gap,6091,centered_logit_fidelity,selected,0.3202771397162655,4
single_shape,res4_w16_gap,6091,prob_error_reduction,selected,-0.01649460941553116,4
single_shape,res4_w16_gap,6092,centered_logit_fidelity,selected,0.1779658138855153,4
single_shape,res4_w16_gap,6092,prob_error_reduction,selected,0.18706056475639343,4
single_shape,res4_w16_gap,6093,centered_logit_fidelity,selected,0.1350986564262693,4
single_shape,res4_w16_gap,6093,prob_error_reduction,selected,-0.08906754106283188,4
single_shape,res4_w16_gap,6094,centered_logit_fidelity,selected,0.2088975750583814,4
single_shape,res4_w16_gap,6094,prob_error_reduction,selected,0.23843379318714142,4
single_shape,res4_w16_gap,6095,centered_logit_fidelity,selected,0.06441500163092909,4
single_shape,res4_w16_gap,6095,prob_error_reduction,selected,-0.04454085975885391,4
single_shape,res4_w16_gap,6096,centered_logit_fidelity,selected,0.3358436209461041,4
single_shape,res4_w16_gap,6096,prob_error_reduction,selected,0.207539364695549,4
single_shape,res4_w16_gap,6097,centered_logit_fidelity,selected,0.1950118278566463,4
single_shape,res4_w16_gap,6097,prob_error_reduction,selected,0.3273637965321541,4
single_shape,res4_w16_gap,6098,centered_logit_fidelity,selected,0.13003894896535556,4
single_shape,res4_w16_gap,6098,prob_error_reduction,selected,0.0996909961104393,4
single_shape,res4_w16_gap,6099,centered_logit_fidelity,selected,0.046148644059264804,4
single_shape,res4_w16_gap,6099,prob_error_reduction,selected,0.18608112260699272,4
single_shape,res4_w16_gmp,6000,centered_logit_fidelity,selected,0.004522400447742686,4
single_shape,res4_w16_gmp,6000,prob_error_reduction,selected,0.011254526674747467,4
single_shape,res4_w16_gmp,6001,centered_logit_fidelity,selected,0.014038731611569225,4
single_shape,res4_w16_gmp,6001,prob_error_reduction,selected,0.04563262313604355,4
single_shape,res4_w16_gmp,6002,centered_logit_fidelity,selected,0.005845427502044406,4
single_shape,res4_w16_gmp,6002,prob_error_reduction,selected,0.0010173916816711426,4
single_shape,res4_w16_gmp,6003,centered_logit_fidelity,selected,0.02619168300596049,4
single_shape,res4_w16_gmp,6003,prob_error_reduction,selected,-0.010220684111118317,4
single_shape,res4_w16_gmp,6004,centered_logit_fidelity,selected,0.014437264695825222,4
single_shape,res4_w16_gmp,6004,prob_error_reduction,selected,0.0519491508603096,4
single_shape,res4_w16_gmp,6005,centered_logit_fidelity,selected,0.013332718727892531,4
single_shape,res4_w16_gmp,6005,prob_error_reduction,selected,0.030663013458251953,4
single_shape,res4_w16_gmp,6006,centered_logit_fidelity,selected,0.02286048416099408,4
single_shape,res4_w16_gmp,6006,prob_error_reduction,selected,0.01609852910041809,4
single_shape,res4_w16_gmp,6007,centered_logit_fidelity,selected,0.0052206132190045496,4
single_shape,res4_w16_gmp,6007,prob_error_reduction,selected,0.00044427812099456787,4
single_shape,res4_w16_gmp,6008,centered_logit_fidelity,selected,0.04555418572427415,4
single_shape,res4_w16_gmp,6008,prob_error_reduction,selected,0.03067399561405182,4
single_shape,res4_w16_gmp,6009,centered_logit_fidelity,selected,0.010001010694814974,4
single_shape,res4_w16_gmp,6009,prob_error_reduction,selected,0.02317167818546295,4
single_shape,res4_w16_gmp,6010,centered_logit_fidelity,selected,0.008068735772587265,4
single_shape,res4_w16_gmp,6010,prob_error_reduction,selected,0.016330398619174957,4
single_shape,res4_w16_gmp,6011,centered_logit_fidelity,selected,0.04806989473366495,4
single_shape,res4_w16_gmp,6011,prob_error_reduction,selected,0.06750968098640442,4
single_shape,res4_w16_gmp,6012,centered_logit_fidelity,selected,0.022424486519316347,4
single_shape,res4_w16_gmp,6012,prob_error_reduction,selected,0.01431603729724884,4
single_shape,res4_w16_gmp,6013,centered_logit_fidelity,selected,0.026222944575479773,4
single_shape,res4_w16_gmp,6013,prob_error_reduction,selected,0.03943130373954773,4
single_shape,res4_w16_gmp,6014,centered_logit_fidelity,selected,0.034513061846131565,4
single_shape,res4_w16_gmp,6014,prob_error_reduction,selected,0.05695872753858566,4
single_shape,res4_w16_gmp,6015,centered_logit_fidelity,selected,0.022674411969159786,4
single_shape,res4_w16_gmp,6015,prob_error_reduction,selected,0.013458602130413055,4
single_shape,res4_w16_gmp,6016,centered_logit_fidelity,selected,0.0057219702838507,4
single_shape,res4_w16_gmp,6016,prob_error_reduction,selected,0.012291386723518372,4
single_shape,res4_w16_gmp,6017,centered_logit_fidelity,selected,0.008283749468503396,4
single_shape,res4_w16_gmp,6017,prob_error_reduction,selected,0.006284832954406738,4
single_shape,res4_w16_gmp,6018,centered_logit_fidelity,selected,0.009348673233879237,4
single_shape,res4_w16_gmp,6018,prob_error_reduction,selected,0.009584061801433563,4
single_shape,res4_w16_gmp,6019,centered_logit_fidelity,selected,0.02093581543701796,4
single_shape,res4_w16_gmp,6019,prob_error_reduction,selected,0.027897804975509644,4
single_shape,res4_w16_gmp,6020,centered_logit_fidelity,selected,0.017071708777431832,4
single_shape,res4_w16_gmp,6020,prob_error_reduction,selected,-0.01632080227136612,4
single_shape,res4_w16_gmp,6021,centered_logit_fidelity,selected,0.004168206502110666,4
single_shape,res4_w16_gmp,6021,prob_error_reduction,selected,0.004429467022418976,4
single_shape,res4_w16_gmp,6022,centered_logit_fidelity,selected,0.004617995255515969,4
single_shape,res4_w16_gmp,6022,prob_error_reduction,selected,-0.015607759356498718,4
single_shape,res4_w16_gmp,6023,centered_logit_fidelity,selected,0.0032131556467843853,4
single_shape,res4_w16_gmp,6023,prob_error_reduction,selected,0.004277609288692474,4
single_shape,res4_w16_gmp,6024,centered_logit_fidelity,selected,0.03107167700568235,4
single_shape,res4_w16_gmp,6024,prob_error_reduction,selected,0.0732366070151329,4
single_shape,res4_w16_gmp,6025,centered_logit_fidelity,selected,0.0037652499442861337,4
single_shape,res4_w16_gmp,6025,prob_error_reduction,selected,0.0035261139273643494,4
single_shape,res4_w16_gmp,6026,centered_logit_fidelity,selected,0.01775547706152507,4
single_shape,res4_w16_gmp,6026,prob_error_reduction,selected,0.02543192356824875,4
single_shape,res4_w16_gmp,6027,centered_logit_fidelity,selected,0.018562716341546145,4
single_shape,res4_w16_gmp,6027,prob_error_reduction,selected,0.03294815123081207,4
single_shape,res4_w16_gmp,6028,centered_logit_fidelity,selected,0.002822812757740392,4
single_shape,res4_w16_gmp,6028,prob_error_reduction,selected,0.00018930435180664062,4
single_shape,res4_w16_gmp,6029,centered_logit_fidelity,selected,-0.003287559453091407,4
single_shape,res4_w16_gmp,6029,prob_error_reduction,selected,0.04990449547767639,4
single_shape,res4_w16_gmp,6030,centered_logit_fidelity,selected,0.023819426604070812,4
single_shape,res4_w16_gmp,6030,prob_error_reduction,selected,0.02106458693742752,4
single_shape,res4_w16_gmp,6031,centered_logit_fidelity,selected,0.011201118541174296,4
single_shape,res4_w16_gmp,6031,prob_error_reduction,selected,0.0022934526205062866,4
single_shape,res4_w16_gmp,6032,centered_logit_fidelity,selected,0.015155065888654493,4
single_shape,res4_w16_gmp,6032,prob_error_reduction,selected,0.0021841004490852356,4
single_shape,res4_w16_gmp,6033,centered_logit_fidelity,selected,0.016760614050460254,4
single_shape,res4_w16_gmp,6033,prob_error_reduction,selected,0.005628474056720734,4
single_shape,res4_w16_gmp,6034,centered_logit_fidelity,selected,0.023574530659928414,4
single_shape,res4_w16_gmp,6034,prob_error_reduction,selected,0.03545564413070679,4
single_shape,res4_w16_gmp,6035,centered_logit_fidelity,selected,0.0021502680903807275,4
single_shape,res4_w16_gmp,6035,prob_error_reduction,selected,0.01993338018655777,4
single_shape,res4_w16_gmp,6036,centered_logit_fidelity,selected,0.018364439481912395,4
single_shape,res4_w16_gmp,6036,prob_error_reduction,selected,-0.013120859861373901,4
single_shape,res4_w16_gmp,6037,centered_logit_fidelity,selected,0.014813158772157803,4
single_shape,res4_w16_gmp,6037,prob_error_reduction,selected,0.03020411729812622,4
single_shape,res4_w16_gmp,6038,centered_logit_fidelity,selected,0.027130403962394523,4
single_shape,res4_w16_gmp,6038,prob_error_reduction,selected,0.05571385473012924,4
single_shape,res4_w16_gmp,6039,centered_logit_fidelity,selected,0.018230848328342625,4
single_shape,res4_w16_gmp,6039,prob_error_reduction,selected,0.03014460951089859,4
single_shape,res4_w16_gmp,6040,centered_logit_fidelity,selected,-0.0052829512690205915,4
single_shape,res4_w16_gmp,6040,prob_error_reduction,selected,0.002790674567222595,4
single_shape,res4_w16_gmp,6041,centered_logit_fidelity,selected,0.006028133477305284,4
single_shape,res4_w16_gmp,6041,prob_error_reduction,selected,0.0424407497048378,4
single_shape,res4_w16_gmp,6042,centered_logit_fidelity,selected,0.00990174232108565,4
single_shape,res4_w16_gmp,6042,prob_error_reduction,selected,-0.00527123361825943,4
single_shape,res4_w16_gmp,6043,centered_logit_fidelity,selected,0.004983336164375837,4
single_shape,res4_w16_gmp,6043,prob_error_reduction,selected,0.01878448575735092,4
single_shape,res4_w16_gmp,6044,centered_logit_fidelity,selected,0.019690873482197446,4
single_shape,res4_w16_gmp,6044,prob_error_reduction,selected,0.016572825610637665,4
single_shape,res4_w16_gmp,6045,centered_logit_fidelity,selected,0.021847864733728337,4
single_shape,res4_w16_gmp,6045,prob_error_reduction,selected,0.022344738245010376,4
single_shape,res4_w16_gmp,6046,centered_logit_fidelity,selected,0.005114892703419152,4
single_shape,res4_w16_gmp,6046,prob_error_reduction,selected,0.007581733167171478,4
single_shape,res4_w16_gmp,6047,centered_logit_fidelity,selected,-0.010903293604344583,4
single_shape,res4_w16_gmp,6047,prob_error_reduction,selected,-0.024588078260421753,4
single_shape,res4_w16_gmp,6048,centered_logit_fidelity,selected,0.009242260700268665,4
single_shape,res4_w16_gmp,6048,prob_error_reduction,selected,-0.007116980850696564,4
single_shape,res4_w16_gmp,6049,centered_logit_fidelity,selected,0.015013224691299953,4
single_shape,res4_w16_gmp,6049,prob_error_reduction,selected,0.013460673391819,4
single_shape,res4_w16_gmp,6050,centered_logit_fidelity,selected,0.02683304289845166,4
single_shape,res4_w16_gmp,6050,prob_error_reduction,selected,0.07564395666122437,4
single_shape,res4_w16_gmp,6051,centered_logit_fidelity,selected,0.00479386755407632,4
single_shape,res4_w16_gmp,6051,prob_error_reduction,selected,0.009508907794952393,4
single_shape,res4_w16_gmp,6052,centered_logit_fidelity,selected,0.020479937597418257,4
single_shape,res4_w16_gmp,6052,prob_error_reduction,selected,0.038334108889102936,4
single_shape,res4_w16_gmp,6053,centered_logit_fidelity,selected,0.028673766070167403,4
single_shape,res4_w16_gmp,6053,prob_error_reduction,selected,0.06913068890571594,4
single_shape,res4_w16_gmp,6054,centered_logit_fidelity,selected,-0.007378937154494641,4
single_shape,res4_w16_gmp,6054,prob_error_reduction,selected,0.013715073466300964,4
single_shape,res4_w16_gmp,6055,centered_logit_fidelity,selected,0.020032783895291686,4
single_shape,res4_w16_gmp,6055,prob_error_reduction,selected,0.0373540073633194,4
single_shape,res4_w16_gmp,6056,centered_logit_fidelity,selected,0.01867199304358684,4
single_shape,res4_w16_gmp,6056,prob_error_reduction,selected,0.03412732481956482,4
single_shape,res4_w16_gmp,6057,centered_logit_fidelity,selected,0.04269937335674505,4
single_shape,res4_w16_gmp,6057,prob_error_reduction,selected,0.03217338025569916,4
single_shape,res4_w16_gmp,6058,centered_logit_fidelity,selected,-0.0012544348066585581,4
single_shape,res4_w16_gmp,6058,prob_error_reduction,selected,-0.014443524181842804,4
single_shape,res4_w16_gmp,6059,centered_logit_fidelity,selected,0.011936994459898875,4
single_shape,res4_w16_gmp,6059,prob_error_reduction,selected,0.0066982656717300415,4
single_shape,res4_w16_gmp,6060,centered_logit_fidelity,selected,-0.0028816476396252982,4
single_shape,res4_w16_gmp,6060,prob_error_reduction,selected,0.01825857162475586,4
single_shape,res4_w16_gmp,6061,centered_logit_fidelity,selected,0.006837208809699319,4
single_shape,res4_w16_gmp,6061,prob_error_reduction,selected,0.035728029906749725,4
single_shape,res4_w16_gmp,6062,centered_logit_fidelity,selected,0.017490129867705637,4
single_shape,res4_w16_gmp,6062,prob_error_reduction,selected,0.0306088924407959,4
single_shape,res4_w16_gmp,6063,centered_logit_fidelity,selected,0.02373673142892821,4
single_shape,res4_w16_gmp,6063,prob_error_reduction,selected,0.01629917323589325,4
single_shape,res4_w16_gmp,6064,centered_logit_fidelity,selected,0.005356697710605124,4
single_shape,res4_w16_gmp,6064,prob_error_reduction,selected,-0.002519078552722931,4
single_shape,res4_w16_gmp,6065,centered_logit_fidelity,selected,0.021030933219242168,4
single_shape,res4_w16_gmp,6065,prob_error_reduction,selected,0.07389450073242188,4
single_shape,res4_w16_gmp,6066,centered_logit_fidelity,selected,0.009915857722464685,4
single_shape,res4_w16_gmp,6066,prob_error_reduction,selected,0.008921898901462555,4
single_shape,res4_w16_gmp,6067,centered_logit_fidelity,selected,0.024778055510961225,4
single_shape,res4_w16_gmp,6067,prob_error_reduction,selected,0.07325582206249237,4
single_shape,res4_w16_gmp,6068,centered_logit_fidelity,selected,0.009471738706176347,4
single_shape,res4_w16_gmp,6068,prob_error_reduction,selected,0.001880154013633728,4
single_shape,res4_w16_gmp,6069,centered_logit_fidelity,selected,0.012919027356576795,4
single_shape,res4_w16_gmp,6069,prob_error_reduction,selected,0.049494169652462006,4
single_shape,res4_w16_gmp,6070,centered_logit_fidelity,selected,0.013274982753399223,4
single_shape,res4_w16_gmp,6070,prob_error_reduction,selected,0.03350025415420532,4
single_shape,res4_w16_gmp,6071,centered_logit_fidelity,selected,0.006133970977310443,4
single_shape,res4_w16_gmp,6071,prob_error_reduction,selected,-0.025741994380950928,4
single_shape,res4_w16_gmp,6072,centered_logit_fidelity,selected,0.009062582893752238,4
single_shape,res4_w16_gmp,6072,prob_error_reduction,selected,-0.022939711809158325,4
single_shape,res4_w16_gmp,6073,centered_logit_fidelity,selected,0.0064273966552369916,4
single_shape,res4_w16_gmp,6073,prob_error_reduction,selected,0.03418149799108505,4
single_shape,res4_w16_gmp,6074,centered_logit_fidelity,selected,0.011352293825169613,4
single_shape,res4_w16_gmp,6074,prob_error_reduction,selected,0.04076576232910156,4
single_shape,res4_w16_gmp,6075,centered_logit_fidelity,selected,0.03162166270598535,4
single_shape,res4_w16_gmp,6075,prob_error_reduction,selected,0.012074537575244904,4
single_shape,res4_w16_gmp,6076,centered_logit_fidelity,selected,0.023701240582426897,4
single_shape,res4_w16_gmp,6076,prob_error_reduction,selected,0.024230197072029114,4
single_shape,res4_w16_gmp,6077,centered_logit_fidelity,selected,0.0020159942632597405,4
single_shape,res4_w16_gmp,6077,prob_error_reduction,selected,-0.02797625958919525,4
single_shape,res4_w16_gmp,6078,centered_logit_fidelity,selected,0.012356962553627365,4
single_shape,res4_w16_gmp,6078,prob_error_reduction,selected,-0.012144990265369415,4
single_shape,res4_w16_gmp,6079,centered_logit_fidelity,selected,0.020618981668197506,4
single_shape,res4_w16_gmp,6079,prob_error_reduction,selected,0.061112456023693085,4
single_shape,res4_w16_gmp,6080,centered_logit_fidelity,selected,0.02289600394210224,4
single_shape,res4_w16_gmp,6080,prob_error_reduction,selected,0.08812890946865082,4
single_shape,res4_w16_gmp,6081,centered_logit_fidelity,selected,0.019493281277125935,4
single_shape,res4_w16_gmp,6081,prob_error_reduction,selected,0.014405988156795502,4
single_shape,res4_w16_gmp,6082,centered_logit_fidelity,selected,0.021083767298552353,4
single_shape,res4_w16_gmp,6082,prob_error_reduction,selected,0.06378749758005142,4
single_shape,res4_w16_gmp,6083,centered_logit_fidelity,selected,0.0038638414136065863,4
single_shape,res4_w16_gmp,6083,prob_error_reduction,selected,0.012368328869342804,4
single_shape,res4_w16_gmp,6084,centered_logit_fidelity,selected,0.020625479893457213,4
single_shape,res4_w16_gmp,6084,prob_error_reduction,selected,0.0017771199345588684,4
single_shape,res4_w16_gmp,6085,centered_logit_fidelity,selected,0.016884227252422918,4
single_shape,res4_w16_gmp,6085,prob_error_reduction,selected,0.010361731052398682,4
single_shape,res4_w16_gmp,6086,centered_logit_fidelity,selected,0.004432285185571289,4
single_shape,res4_w16_gmp,6086,prob_error_reduction,selected,0.005520954728126526,4
single_shape,res4_w16_gmp,6087,centered_logit_fidelity,selected,-0.006844528753795112,4
single_shape,res4_w16_gmp,6087,prob_error_reduction,selected,-0.04724843055009842,4
single_shape,res4_w16_gmp,6088,centered_logit_fidelity,selected,-6.067788445460187e-05,4
single_shape,res4_w16_gmp,6088,prob_error_reduction,selected,0.02969871461391449,4
single_shape,res4_w16_gmp,6089,centered_logit_fidelity,selected,0.014889905978915055,4
single_shape,res4_w16_gmp,6089,prob_error_reduction,selected,-0.01518133282661438,4
single_shape,res4_w16_gmp,6090,centered_logit_fidelity,selected,0.0047203037550041654,4
single_shape,res4_w16_gmp,6090,prob_error_reduction,selected,0.001812756061553955,4
single_shape,res4_w16_gmp,6091,centered_logit_fidelity,selected,0.022566491823728066,4
single_shape,res4_w16_gmp,6091,prob_error_reduction,selected,0.07317622005939484,4
single_shape,res4_w16_gmp,6092,centered_logit_fidelity,selected,-0.0037789525640078425,4
single_shape,res4_w16_gmp,6092,prob_error_reduction,selected,-0.011150024831295013,4
single_shape,res4_w16_gmp,6093,centered_logit_fidelity,selected,0.021381721817350763,4
single_shape,res4_w16_gmp,6093,prob_error_reduction,selected,0.0424574613571167,4
single_shape,res4_w16_gmp,6094,centered_logit_fidelity,selected,0.008186175876396376,4
single_shape,res4_w16_gmp,6094,prob_error_reduction,selected,-0.007142312824726105,4
single_shape,res4_w16_gmp,6095,centered_logit_fidelity,selected,0.0013255922834351924,4
single_shape,res4_w16_gmp,6095,prob_error_reduction,selected,-0.033195994794368744,4
single_shape,res4_w16_gmp,6096,centered_logit_fidelity,selected,0.014329310980880638,4
single_shape,res4_w16_gmp,6096,prob_error_reduction,selected,0.007070422172546387,4
single_shape,res4_w16_gmp,6097,centered_logit_fidelity,selected,0.024826604166257427,4
single_shape,res4_w16_gmp,6097,prob_error_reduction,selected,0.02235870063304901,4
single_shape,res4_w16_gmp,6098,centered_logit_fidelity,selected,0.027425583530139436,4
single_shape,res4_w16_gmp,6098,prob_error_reduction,selected,0.015205219388008118,4
single_shape,res4_w16_gmp,6099,centered_logit_fidelity,selected,0.01033597848207482,4
single_shape,res4_w16_gmp,6099,prob_error_reduction,selected,0.03728366643190384,4
single_shape,tiny_gap,6000,centered_logit_fidelity,selected,-0.03737701167097006,4
single_shape,tiny_gap,6000,prob_error_reduction,selected,0.21178598306141794,4
single_shape,tiny_gap,6001,centered_logit_fidelity,selected,-0.017898509609589705,4
single_shape,tiny_gap,6001,prob_error_reduction,selected,0.17973226541653275,4
single_shape,tiny_gap,6002,centered_logit_fidelity,selected,-0.05836605628597043,4
single_shape,tiny_gap,6002,prob_error_reduction,selected,0.20889714499935508,4
single_shape,tiny_gap,6003,centered_logit_fidelity,selected,-0.018924276026857895,4
single_shape,tiny_gap,6003,prob_error_reduction,selected,0.24083530507050455,4
single_shape,tiny_gap,6004,centered_logit_fidelity,selected,-0.02968476546087513,4
single_shape,tiny_gap,6004,prob_error_reduction,selected,0.2969120026100427,4
single_shape,tiny_gap,6005,centered_logit_fidelity,selected,-0.008639662941981568,4
single_shape,tiny_gap,6005,prob_error_reduction,selected,0.2172402129508555,4
single_shape,tiny_gap,6006,centered_logit_fidelity,selected,-0.032060547978194506,4
single_shape,tiny_gap,6006,prob_error_reduction,selected,0.23454017750918865,4
single_shape,tiny_gap,6007,centered_logit_fidelity,selected,-0.025272793727008844,4
single_shape,tiny_gap,6007,prob_error_reduction,selected,0.23365233815275133,4
single_shape,tiny_gap,6008,centered_logit_fidelity,selected,-0.013800954708424532,4
single_shape,tiny_gap,6008,prob_error_reduction,selected,0.2343596073333174,4
single_shape,tiny_gap,6009,centered_logit_fidelity,selected,-0.007044835545167355,4
single_shape,tiny_gap,6009,prob_error_reduction,selected,0.2582080322317779,4
single_shape,tiny_gap,6010,centered_logit_fidelity,selected,-0.006457721373210962,4
single_shape,tiny_gap,6010,prob_error_reduction,selected,0.26814912841655314,4
single_shape,tiny_gap,6011,centered_logit_fidelity,selected,-0.03644757461537365,4
single_shape,tiny_gap,6011,prob_error_reduction,selected,0.22343175346031785,4
single_shape,tiny_gap,6012,centered_logit_fidelity,selected,-0.001978985359817137,4
single_shape,tiny_gap,6012,prob_error_reduction,selected,0.26632720371708274,4
single_shape,tiny_gap,6013,centered_logit_fidelity,selected,-0.018633678042276863,4
single_shape,tiny_gap,6013,prob_error_reduction,selected,0.3080454971641302,4
single_shape,tiny_gap,6014,centered_logit_fidelity,selected,-0.0059038750225271636,4
single_shape,tiny_gap,6014,prob_error_reduction,selected,0.24112138501368463,4
single_shape,tiny_gap,6015,centered_logit_fidelity,selected,-0.0234752875319362,4
single_shape,tiny_gap,6015,prob_error_reduction,selected,0.2473208282608539,4
single_shape,tiny_gap,6016,centered_logit_fidelity,selected,-0.010776806917383572,4
single_shape,tiny_gap,6016,prob_error_reduction,selected,0.24846450705081224,4
single_shape,tiny_gap,6017,centered_logit_fidelity,selected,-0.017488875152088162,4
single_shape,tiny_gap,6017,prob_error_reduction,selected,0.2578733793925494,4
single_shape,tiny_gap,6018,centered_logit_fidelity,selected,-0.03951719224118175,4
single_shape,tiny_gap,6018,prob_error_reduction,selected,0.22852504067122936,4
single_shape,tiny_gap,6019,centered_logit_fidelity,selected,-0.015204438812384494,4
single_shape,tiny_gap,6019,prob_error_reduction,selected,0.21499555255286396,4
single_shape,tiny_gap,6020,centered_logit_fidelity,selected,-0.0012906763896134155,4
single_shape,tiny_gap,6020,prob_error_reduction,selected,0.21359930583275855,4
single_shape,tiny_gap,6021,centered_logit_fidelity,selected,-0.016805406918872293,4
single_shape,tiny_gap,6021,prob_error_reduction,selected,0.27214283496141434,4
single_shape,tiny_gap,6022,centered_logit_fidelity,selected,0.004985023866001401,4
single_shape,tiny_gap,6022,prob_error_reduction,selected,0.2663864337373525,4
single_shape,tiny_gap,6023,centered_logit_fidelity,selected,0.004793976113099591,4
single_shape,tiny_gap,6023,prob_error_reduction,selected,0.27168089454062283,4
single_shape,tiny_gap,6024,centered_logit_fidelity,selected,-0.02580548869816887,4
single_shape,tiny_gap,6024,prob_error_reduction,selected,0.2851536078378558,4
single_shape,tiny_gap,6025,centered_logit_fidelity,selected,-0.002033063785273459,4
single_shape,tiny_gap,6025,prob_error_reduction,selected,0.2876590683590621,4
single_shape,tiny_gap,6026,centered_logit_fidelity,selected,-0.011964953704424366,4
single_shape,tiny_gap,6026,prob_error_reduction,selected,0.25746008940041065,4
single_shape,tiny_gap,6027,centered_logit_fidelity,selected,-0.007506772297115674,4
single_shape,tiny_gap,6027,prob_error_reduction,selected,0.28497029189020395,4
single_shape,tiny_gap,6028,centered_logit_fidelity,selected,0.013648426128425983,4
single_shape,tiny_gap,6028,prob_error_reduction,selected,0.27181133441627026,4
single_shape,tiny_gap,6029,centered_logit_fidelity,selected,0.007818517243206868,4
single_shape,tiny_gap,6029,prob_error_reduction,selected,0.3077851238194853,4
single_shape,tiny_gap,6030,centered_logit_fidelity,selected,-0.021143087712815173,4
single_shape,tiny_gap,6030,prob_error_reduction,selected,0.3123930343426764,4
single_shape,tiny_gap,6031,centered_logit_fidelity,selected,-0.010079888299727918,4
single_shape,tiny_gap,6031,prob_error_reduction,selected,0.21667664893902838,4
single_shape,tiny_gap,6032,centered_logit_fidelity,selected,-0.04135764651436323,4
single_shape,tiny_gap,6032,prob_error_reduction,selected,0.24174758861772716,4
single_shape,tiny_gap,6033,centered_logit_fidelity,selected,-0.018028111032751787,4
single_shape,tiny_gap,6033,prob_error_reduction,selected,0.28121182788163424,4
single_shape,tiny_gap,6034,centered_logit_fidelity,selected,-0.03740715895503824,4
single_shape,tiny_gap,6034,prob_error_reduction,selected,0.22280451841652393,4
single_shape,tiny_gap,6035,centered_logit_fidelity,selected,-0.01692725638286198,4
single_shape,tiny_gap,6035,prob_error_reduction,selected,0.24274863000027835,4
single_shape,tiny_gap,6036,centered_logit_fidelity,selected,-0.05325409205503026,4
single_shape,tiny_gap,6036,prob_error_reduction,selected,0.2141176164150238,4
single_shape,tiny_gap,6037,centered_logit_fidelity,selected,-0.03793071201949445,4
single_shape,tiny_gap,6037,prob_error_reduction,selected,0.25796800991520286,4
single_shape,tiny_gap,6038,centered_logit_fidelity,selected,0.032873952822337196,4
single_shape,tiny_gap,6038,prob_error_reduction,selected,0.28809868916869164,4
single_shape,tiny_gap,6039,centered_logit_fidelity,selected,0.028590251219132362,4
single_shape,tiny_gap,6039,prob_error_reduction,selected,0.30067994724959135,4
single_shape,tiny_gap,6040,centered_logit_fidelity,selected,-0.03596646945153349,4
single_shape,tiny_gap,6040,prob_error_reduction,selected,0.2570851454511285,4
single_shape,tiny_gap,6041,centered_logit_fidelity,selected,-0.01982383828594879,4
single_shape,tiny_gap,6041,prob_error_reduction,selected,0.30439328867942095,4
single_shape,tiny_gap,6042,centered_logit_fidelity,selected,-0.03432377861820969,4
single_shape,tiny_gap,6042,prob_error_reduction,selected,0.29018937586806715,4
single_shape,tiny_gap,6043,centered_logit_fidelity,selected,-0.007521882527455531,4
single_shape,tiny_gap,6043,prob_error_reduction,selected,0.28159832139499485,4
single_shape,tiny_gap,6044,centered_logit_fidelity,selected,-0.029161089833204798,4
single_shape,tiny_gap,6044,prob_error_reduction,selected,0.2445961416233331,4
single_shape,tiny_gap,6045,centered_logit_fidelity,selected,-0.024701171169312683,4
single_shape,tiny_gap,6045,prob_error_reduction,selected,0.2691105257254094,4
single_shape,tiny_gap,6046,centered_logit_fidelity,selected,-0.0012848626895914372,4
single_shape,tiny_gap,6046,prob_error_reduction,selected,0.253114900784567,4
single_shape,tiny_gap,6047,centered_logit_fidelity,selected,-0.035614376150667426,4
single_shape,tiny_gap,6047,prob_error_reduction,selected,0.28001256263814867,4
single_shape,tiny_gap,6048,centered_logit_fidelity,selected,-0.009516852288196778,4
single_shape,tiny_gap,6048,prob_error_reduction,selected,0.24448870262131095,4
single_shape,tiny_gap,6049,centered_logit_fidelity,selected,0.0009712649086204284,4
single_shape,tiny_gap,6049,prob_error_reduction,selected,0.26709251292049885,4
single_shape,tiny_gap,6050,centered_logit_fidelity,selected,-0.01585276620173398,4
single_shape,tiny_gap,6050,prob_error_reduction,selected,0.31569905090145767,4
single_shape,tiny_gap,6051,centered_logit_fidelity,selected,0.02075677999124187,4
single_shape,tiny_gap,6051,prob_error_reduction,selected,0.34332568710669875,4
single_shape,tiny_gap,6052,centered_logit_fidelity,selected,-0.03262800472608292,4
single_shape,tiny_gap,6052,prob_error_reduction,selected,0.2993378699757159,4
single_shape,tiny_gap,6053,centered_logit_fidelity,selected,-0.0085956882977265,4
single_shape,tiny_gap,6053,prob_error_reduction,selected,0.26707449345849454,4
single_shape,tiny_gap,6054,centered_logit_fidelity,selected,0.011819781961302706,4
single_shape,tiny_gap,6054,prob_error_reduction,selected,0.2642481403890997,4
single_shape,tiny_gap,6055,centered_logit_fidelity,selected,-0.007633454440344273,4
single_shape,tiny_gap,6055,prob_error_reduction,selected,0.25126450415700674,4
single_shape,tiny_gap,6056,centered_logit_fidelity,selected,-0.02167432255911013,4
single_shape,tiny_gap,6056,prob_error_reduction,selected,0.35263098357245326,4
single_shape,tiny_gap,6057,centered_logit_fidelity,selected,-0.01731584147181353,4
single_shape,tiny_gap,6057,prob_error_reduction,selected,0.295610528672114,4
single_shape,tiny_gap,6058,centered_logit_fidelity,selected,-0.012257611815644137,4
single_shape,tiny_gap,6058,prob_error_reduction,selected,0.3227686563041061,4
single_shape,tiny_gap,6059,centered_logit_fidelity,selected,-0.018459717422064745,4
single_shape,tiny_gap,6059,prob_error_reduction,selected,0.21758436714299023,4
single_shape,tiny_gap,6060,centered_logit_fidelity,selected,-0.030470042870372638,4
single_shape,tiny_gap,6060,prob_error_reduction,selected,0.23843178246170282,4
single_shape,tiny_gap,6061,centered_logit_fidelity,selected,-0.009352339973061563,4
single_shape,tiny_gap,6061,prob_error_reduction,selected,0.23667472321540117,4
single_shape,tiny_gap,6062,centered_logit_fidelity,selected,-0.0471775390854252,4
single_shape,tiny_gap,6062,prob_error_reduction,selected,0.17675759340636432,4
single_shape,tiny_gap,6063,centered_logit_fidelity,selected,-0.006423550778142426,4
single_shape,tiny_gap,6063,prob_error_reduction,selected,0.2983530326746404,4
single_shape,tiny_gap,6064,centered_logit_fidelity,selected,-0.00638925854051639,4
single_shape,tiny_gap,6064,prob_error_reduction,selected,0.33987827436067164,4
single_shape,tiny_gap,6065,centered_logit_fidelity,selected,-0.002065073814166263,4
single_shape,tiny_gap,6065,prob_error_reduction,selected,0.2591126880142838,4
single_shape,tiny_gap,6066,centered_logit_fidelity,selected,-0.036065596167739605,4
single_shape,tiny_gap,6066,prob_error_reduction,selected,0.23593109659850597,4
single_shape,tiny_gap,6067,centered_logit_fidelity,selected,-0.00775486184710536,4
single_shape,tiny_gap,6067,prob_error_reduction,selected,0.3470357204787433,4
single_shape,tiny_gap,6068,centered_logit_fidelity,selected,-0.01568012104662564,4
single_shape,tiny_gap,6068,prob_error_reduction,selected,0.2151163702365011,4
single_shape,tiny_gap,6069,centered_logit_fidelity,selected,0.01378704028434738,4
single_shape,tiny_gap,6069,prob_error_reduction,selected,0.3298603491857648,4
single_shape,tiny_gap,6070,centered_logit_fidelity,selected,-0.0502453233426515,4
single_shape,tiny_gap,6070,prob_error_reduction,selected,0.29946872079744935,4
single_shape,tiny_gap,6071,centered_logit_fidelity,selected,0.0003044996851265802,4
single_shape,tiny_gap,6071,prob_error_reduction,selected,0.2932941517792642,4
single_shape,tiny_gap,6072,centered_logit_fidelity,selected,-0.026485937735453574,4
single_shape,tiny_gap,6072,prob_error_reduction,selected,0.2079123449511826,4
single_shape,tiny_gap,6073,centered_logit_fidelity,selected,-0.05354071249533861,4
single_shape,tiny_gap,6073,prob_error_reduction,selected,0.27851471048779786,4
single_shape,tiny_gap,6074,centered_logit_fidelity,selected,0.03252805274613853,4
single_shape,tiny_gap,6074,prob_error_reduction,selected,0.3091259461361915,4
single_shape,tiny_gap,6075,centered_logit_fidelity,selected,-0.016635328003486397,4
single_shape,tiny_gap,6075,prob_error_reduction,selected,0.23959114798344672,4
single_shape,tiny_gap,6076,centered_logit_fidelity,selected,0.010497904335324729,4
single_shape,tiny_gap,6076,prob_error_reduction,selected,0.2571691970806569,4
single_shape,tiny_gap,6077,centered_logit_fidelity,selected,-0.0039824023812730786,4
single_shape,tiny_gap,6077,prob_error_reduction,selected,0.3244675686582923,4
single_shape,tiny_gap,6078,centered_logit_fidelity,selected,-0.003226913482332852,4
single_shape,tiny_gap,6078,prob_error_reduction,selected,0.2482118180487305,4
single_shape,tiny_gap,6079,centered_logit_fidelity,selected,0.030302045102724842,4
single_shape,tiny_gap,6079,prob_error_reduction,selected,0.2815735142212361,4
single_shape,tiny_gap,6080,centered_logit_fidelity,selected,0.02751993476722596,4
single_shape,tiny_gap,6080,prob_error_reduction,selected,0.3358305108267814,4
single_shape,tiny_gap,6081,centered_logit_fidelity,selected,0.013580138514352871,4
single_shape,tiny_gap,6081,prob_error_reduction,selected,0.2514387278351933,4
single_shape,tiny_gap,6082,centered_logit_fidelity,selected,-0.044316706328990735,4
single_shape,tiny_gap,6082,prob_error_reduction,selected,0.20260184444487095,4
single_shape,tiny_gap,6083,centered_logit_fidelity,selected,-0.013305943563222303,4
single_shape,tiny_gap,6083,prob_error_reduction,selected,0.2977002034895122,4
single_shape,tiny_gap,6084,centered_logit_fidelity,selected,-0.03139982748374531,4
single_shape,tiny_gap,6084,prob_error_reduction,selected,0.22176590003073215,4
single_shape,tiny_gap,6085,centered_logit_fidelity,selected,-0.007805719749112913,4
single_shape,tiny_gap,6085,prob_error_reduction,selected,0.23459554556757212,4
single_shape,tiny_gap,6086,centered_logit_fidelity,selected,-0.024856162239767512,4
single_shape,tiny_gap,6086,prob_error_reduction,selected,0.2185889077372849,4
single_shape,tiny_gap,6087,centered_logit_fidelity,selected,0.016675667914551925,4
single_shape,tiny_gap,6087,prob_error_reduction,selected,0.2870797561481595,4
single_shape,tiny_gap,6088,centered_logit_fidelity,selected,-0.005686538538595423,4
single_shape,tiny_gap,6088,prob_error_reduction,selected,0.2650180368218571,4
single_shape,tiny_gap,6089,centered_logit_fidelity,selected,-0.05258322642068154,4
single_shape,tiny_gap,6089,prob_error_reduction,selected,0.2051347231026739,4
single_shape,tiny_gap,6090,centered_logit_fidelity,selected,-0.012134450333283073,4
single_shape,tiny_gap,6090,prob_error_reduction,selected,0.22822500276379287,4
single_shape,tiny_gap,6091,centered_logit_fidelity,selected,-0.06219678894296883,4
single_shape,tiny_gap,6091,prob_error_reduction,selected,0.2532940690871328,4
single_shape,tiny_gap,6092,centered_logit_fidelity,selected,0.02103578413440642,4
single_shape,tiny_gap,6092,prob_error_reduction,selected,0.286266484297812,4
single_shape,tiny_gap,6093,centered_logit_fidelity,selected,0.011819619331698089,4
single_shape,tiny_gap,6093,prob_error_reduction,selected,0.23726057261228561,4
single_shape,tiny_gap,6094,centered_logit_fidelity,selected,0.0036963684504554006,4
single_shape,tiny_gap,6094,prob_error_reduction,selected,0.32002527359873056,4
single_shape,tiny_gap,6095,centered_logit_fidelity,selected,0.003659404758237214,4
single_shape,tiny_gap,6095,prob_error_reduction,selected,0.26852180366404355,4
single_shape,tiny_gap,6096,centered_logit_fidelity,selected,0.003603840101278663,4
single_shape,tiny_gap,6096,prob_error_reduction,selected,0.2864549746736884,4
single_shape,tiny_gap,6097,centered_logit_fidelity,selected,-0.026533031673255283,4
single_shape,tiny_gap,6097,prob_error_reduction,selected,0.2834246375132352,4
single_shape,tiny_gap,6098,centered_logit_fidelity,selected,-0.010126727949550565,4
single_shape,tiny_gap,6098,prob_error_reduction,selected,0.27736108866520226,4
single_shape,tiny_gap,6099,centered_logit_fidelity,selected,-0.004735403903024515,4
single_shape,tiny_gap,6099,prob_error_reduction,selected,0.3195002768188715,4
single_shape,tiny_gmp,6000,centered_logit_fidelity,selected,0.1044217158700543,4
single_shape,tiny_gmp,6000,prob_error_reduction,selected,0.38200242444872856,4
single_shape,tiny_gmp,6001,centered_logit_fidelity,selected,0.061693220369210475,4
single_shape,tiny_gmp,6001,prob_error_reduction,selected,0.38257262483239174,4
single_shape,tiny_gmp,6002,centered_logit_fidelity,selected,0.06790295901294817,4
single_shape,tiny_gmp,6002,prob_error_reduction,selected,0.32672945968806744,4
single_shape,tiny_gmp,6003,centered_logit_fidelity,selected,0.05058805860559065,4
single_shape,tiny_gmp,6003,prob_error_reduction,selected,0.3254393311217427,4
single_shape,tiny_gmp,6004,centered_logit_fidelity,selected,0.04443622034633003,4
single_shape,tiny_gmp,6004,prob_error_reduction,selected,0.3009492177516222,4
single_shape,tiny_gmp,6005,centered_logit_fidelity,selected,0.05546418885762186,4
single_shape,tiny_gmp,6005,prob_error_reduction,selected,0.38270528241991997,4
single_shape,tiny_gmp,6006,centered_logit_fidelity,selected,0.07419823982611481,4
single_shape,tiny_gmp,6006,prob_error_reduction,selected,0.3601173758506775,4
single_shape,tiny_gmp,6007,centered_logit_fidelity,selected,0.048827059258068906,4
single_shape,tiny_gmp,6007,prob_error_reduction,selected,0.31603165064007044,4
single_shape,tiny_gmp,6008,centered_logit_fidelity,selected,0.05459449206192776,4
single_shape,tiny_gmp,6008,prob_error_reduction,selected,0.4428898934274912,4
single_shape,tiny_gmp,6009,centered_logit_fidelity,selected,0.054398264499553206,4
single_shape,tiny_gmp,6009,prob_error_reduction,selected,0.27118005882948637,4
single_shape,tiny_gmp,6010,centered_logit_fidelity,selected,0.05799967313431266,4
single_shape,tiny_gmp,6010,prob_error_reduction,selected,0.3359100352972746,4
single_shape,tiny_gmp,6011,centered_logit_fidelity,selected,0.06051429063495055,4
single_shape,tiny_gmp,6011,prob_error_reduction,selected,0.36298306565731764,4
single_shape,tiny_gmp,6012,centered_logit_fidelity,selected,0.053060916663758895,4
single_shape,tiny_gmp,6012,prob_error_reduction,selected,0.30139897763729095,4
single_shape,tiny_gmp,6013,centered_logit_fidelity,selected,0.06342871744364459,4
single_shape,tiny_gmp,6013,prob_error_reduction,selected,0.32649365067481995,4
single_shape,tiny_gmp,6014,centered_logit_fidelity,selected,0.10926570255524387,4
single_shape,tiny_gmp,6014,prob_error_reduction,selected,0.43505733646452427,4
single_shape,tiny_gmp,6015,centered_logit_fidelity,selected,0.06741643343200386,4
single_shape,tiny_gmp,6015,prob_error_reduction,selected,0.3609633930027485,4
single_shape,tiny_gmp,6016,centered_logit_fidelity,selected,0.0684282385869001,4
single_shape,tiny_gmp,6016,prob_error_reduction,selected,0.3719092020764947,4
single_shape,tiny_gmp,6017,centered_logit_fidelity,selected,0.040856486260828356,4
single_shape,tiny_gmp,6017,prob_error_reduction,selected,0.3088659979403019,4
single_shape,tiny_gmp,6018,centered_logit_fidelity,selected,0.022914112563263644,4
single_shape,tiny_gmp,6018,prob_error_reduction,selected,0.306179016828537,4
single_shape,tiny_gmp,6019,centered_logit_fidelity,selected,0.03780220437254375,4
single_shape,tiny_gmp,6019,prob_error_reduction,selected,0.3638288313522935,4
single_shape,tiny_gmp,6020,centered_logit_fidelity,selected,0.03617320647946082,4
single_shape,tiny_gmp,6020,prob_error_reduction,selected,0.338925264775753,4
single_shape,tiny_gmp,6021,centered_logit_fidelity,selected,0.06737419024612723,4
single_shape,tiny_gmp,6021,prob_error_reduction,selected,0.4048615777865052,4
single_shape,tiny_gmp,6022,centered_logit_fidelity,selected,0.03665223765685238,4
single_shape,tiny_gmp,6022,prob_error_reduction,selected,0.33215489611029625,4
single_shape,tiny_gmp,6023,centered_logit_fidelity,selected,0.03265636364283722,4
single_shape,tiny_gmp,6023,prob_error_reduction,selected,0.2205782001838088,4
single_shape,tiny_gmp,6024,centered_logit_fidelity,selected,0.07179286586626356,4
single_shape,tiny_gmp,6024,prob_error_reduction,selected,0.3458770886063576,4
single_shape,tiny_gmp,6025,centered_logit_fidelity,selected,0.13161053204284506,4
single_shape,tiny_gmp,6025,prob_error_reduction,selected,0.5394337167963386,4
single_shape,tiny_gmp,6026,centered_logit_fidelity,selected,0.059609476034688025,4
single_shape,tiny_gmp,6026,prob_error_reduction,selected,0.37698283419013023,4
single_shape,tiny_gmp,6027,centered_logit_fidelity,selected,0.05101781049221313,4
single_shape,tiny_gmp,6027,prob_error_reduction,selected,0.34224327467381954,4
single_shape,tiny_gmp,6028,centered_logit_fidelity,selected,0.02890049209375975,4
single_shape,tiny_gmp,6028,prob_error_reduction,selected,0.347691242583096,4
single_shape,tiny_gmp,6029,centered_logit_fidelity,selected,0.08544110530098338,4
single_shape,tiny_gmp,6029,prob_error_reduction,selected,0.39827342703938484,4
single_shape,tiny_gmp,6030,centered_logit_fidelity,selected,0.047437288151829446,4
single_shape,tiny_gmp,6030,prob_error_reduction,selected,0.2873177630826831,4
single_shape,tiny_gmp,6031,centered_logit_fidelity,selected,0.05674408450707859,4
single_shape,tiny_gmp,6031,prob_error_reduction,selected,0.36849220003932714,4
single_shape,tiny_gmp,6032,centered_logit_fidelity,selected,0.05432301974020541,4
single_shape,tiny_gmp,6032,prob_error_reduction,selected,0.2910348968580365,4
single_shape,tiny_gmp,6033,centered_logit_fidelity,selected,0.08004118192062631,4
single_shape,tiny_gmp,6033,prob_error_reduction,selected,0.3914922960102558,4
single_shape,tiny_gmp,6034,centered_logit_fidelity,selected,0.06796731097832724,4
single_shape,tiny_gmp,6034,prob_error_reduction,selected,0.42908490682020783,4
single_shape,tiny_gmp,6035,centered_logit_fidelity,selected,0.07927199154532473,4
single_shape,tiny_gmp,6035,prob_error_reduction,selected,0.3071487909182906,4
single_shape,tiny_gmp,6036,centered_logit_fidelity,selected,0.04309606729881216,4
single_shape,tiny_gmp,6036,prob_error_reduction,selected,0.3680628798902035,4
single_shape,tiny_gmp,6037,centered_logit_fidelity,selected,0.059688304560446645,4
single_shape,tiny_gmp,6037,prob_error_reduction,selected,0.33807265013456345,4
single_shape,tiny_gmp,6038,centered_logit_fidelity,selected,0.04946789349115224,4
single_shape,tiny_gmp,6038,prob_error_reduction,selected,0.3399537969380617,4
single_shape,tiny_gmp,6039,centered_logit_fidelity,selected,0.05793402334653862,4
single_shape,tiny_gmp,6039,prob_error_reduction,selected,0.27197316475212574,4
single_shape,tiny_gmp,6040,centered_logit_fidelity,selected,0.06697568119622539,4
single_shape,tiny_gmp,6040,prob_error_reduction,selected,0.3963904045522213,4
single_shape,tiny_gmp,6041,centered_logit_fidelity,selected,0.02852750021393939,4
single_shape,tiny_gmp,6041,prob_error_reduction,selected,0.3067885600030422,4
single_shape,tiny_gmp,6042,centered_logit_fidelity,selected,0.10986680747853833,4
single_shape,tiny_gmp,6042,prob_error_reduction,selected,0.45431035198271275,4
single_shape,tiny_gmp,6043,centered_logit_fidelity,selected,0.05755066382329811,4
single_shape,tiny_gmp,6043,prob_error_reduction,selected,0.35899640154093504,4
single_shape,tiny_gmp,6044,centered_logit_fidelity,selected,0.07459484898778247,4
single_shape,tiny_gmp,6044,prob_error_reduction,selected,0.36286589596420527,4
single_shape,tiny_gmp,6045,centered_logit_fidelity,selected,0.05766944859180974,4
single_shape,tiny_gmp,6045,prob_error_reduction,selected,0.32391068153083324,4
single_shape,tiny_gmp,6046,centered_logit_fidelity,selected,0.07344032801667859,4
single_shape,tiny_gmp,6046,prob_error_reduction,selected,0.39414370711892843,4
single_shape,tiny_gmp,6047,centered_logit_fidelity,selected,0.06563168119368927,4
single_shape,tiny_gmp,6047,prob_error_reduction,selected,0.40632441360503435,4
single_shape,tiny_gmp,6048,centered_logit_fidelity,selected,0.07267817236363414,4
single_shape,tiny_gmp,6048,prob_error_reduction,selected,0.3105652015656233,4
single_shape,tiny_gmp,6049,centered_logit_fidelity,selected,0.08836649817665884,4
single_shape,tiny_gmp,6049,prob_error_reduction,selected,0.37650085613131523,4
single_shape,tiny_gmp,6050,centered_logit_fidelity,selected,0.07112540771266337,4
single_shape,tiny_gmp,6050,prob_error_reduction,selected,0.35580623522400856,4
single_shape,tiny_gmp,6051,centered_logit_fidelity,selected,0.0013479936542658971,4
single_shape,tiny_gmp,6051,prob_error_reduction,selected,0.22642824333161116,4
single_shape,tiny_gmp,6052,centered_logit_fidelity,selected,0.05979365143330562,4
single_shape,tiny_gmp,6052,prob_error_reduction,selected,0.3469939483329654,4
single_shape,tiny_gmp,6053,centered_logit_fidelity,selected,0.0365741172670158,4
single_shape,tiny_gmp,6053,prob_error_reduction,selected,0.25178670370951295,4
single_shape,tiny_gmp,6054,centered_logit_fidelity,selected,0.08504737176464149,4
single_shape,tiny_gmp,6054,prob_error_reduction,selected,0.4576093554496765,4
single_shape,tiny_gmp,6055,centered_logit_fidelity,selected,0.1111908773846387,4
single_shape,tiny_gmp,6055,prob_error_reduction,selected,0.36908904276788235,4
single_shape,tiny_gmp,6056,centered_logit_fidelity,selected,0.03014396988967101,4
single_shape,tiny_gmp,6056,prob_error_reduction,selected,0.27670432440936565,4
single_shape,tiny_gmp,6057,centered_logit_fidelity,selected,0.06994452205725923,4
single_shape,tiny_gmp,6057,prob_error_reduction,selected,0.30210406240075827,4
single_shape,tiny_gmp,6058,centered_logit_fidelity,selected,0.057695474536704275,4
single_shape,tiny_gmp,6058,prob_error_reduction,selected,0.31448088586330414,4
single_shape,tiny_gmp,6059,centered_logit_fidelity,selected,0.08578521215352175,4
single_shape,tiny_gmp,6059,prob_error_reduction,selected,0.3873229864984751,4
single_shape,tiny_gmp,6060,centered_logit_fidelity,selected,0.04771510681947255,4
single_shape,tiny_gmp,6060,prob_error_reduction,selected,0.4171418361365795,4
single_shape,tiny_gmp,6061,centered_logit_fidelity,selected,0.0327351033131644,4
single_shape,tiny_gmp,6061,prob_error_reduction,selected,0.3804399436339736,4
single_shape,tiny_gmp,6062,centered_logit_fidelity,selected,0.06384134546002271,4
single_shape,tiny_gmp,6062,prob_error_reduction,selected,0.32253722101449966,4
single_shape,tiny_gmp,6063,centered_logit_fidelity,selected,0.04976800823354659,4
single_shape,tiny_gmp,6063,prob_error_reduction,selected,0.30941870156675577,4
single_shape,tiny_gmp,6064,centered_logit_fidelity,selected,0.0901014074249686,4
single_shape,tiny_gmp,6064,prob_error_reduction,selected,0.37975244503468275,4
single_shape,tiny_gmp,6065,centered_logit_fidelity,selected,0.06255107857385199,4
single_shape,tiny_gmp,6065,prob_error_reduction,selected,0.34868583735078573,4
single_shape,tiny_gmp,6066,centered_logit_fidelity,selected,0.04965902351195839,4
single_shape,tiny_gmp,6066,prob_error_reduction,selected,0.3381668124347925,4
single_shape,tiny_gmp,6067,centered_logit_fidelity,selected,0.018776243069772866,4
single_shape,tiny_gmp,6067,prob_error_reduction,selected,0.2520334217697382,4
single_shape,tiny_gmp,6068,centered_logit_fidelity,selected,0.06290127410617213,4
single_shape,tiny_gmp,6068,prob_error_reduction,selected,0.406293504871428,4
single_shape,tiny_gmp,6069,centered_logit_fidelity,selected,0.08666961550829896,4
single_shape,tiny_gmp,6069,prob_error_reduction,selected,0.3647853145375848,4
single_shape,tiny_gmp,6070,centered_logit_fidelity,selected,0.02997627396652676,4
single_shape,tiny_gmp,6070,prob_error_reduction,selected,0.2770826891064644,4
single_shape,tiny_gmp,6071,centered_logit_fidelity,selected,0.04455869830732452,4
single_shape,tiny_gmp,6071,prob_error_reduction,selected,0.3536023832857609,4
single_shape,tiny_gmp,6072,centered_logit_fidelity,selected,0.01767701469297428,4
single_shape,tiny_gmp,6072,prob_error_reduction,selected,0.32315627951174974,4
single_shape,tiny_gmp,6073,centered_logit_fidelity,selected,0.08760508628815222,4
single_shape,tiny_gmp,6073,prob_error_reduction,selected,0.34679684415459633,4
single_shape,tiny_gmp,6074,centered_logit_fidelity,selected,0.05323842534840616,4
single_shape,tiny_gmp,6074,prob_error_reduction,selected,0.27796134166419506,4
single_shape,tiny_gmp,6075,centered_logit_fidelity,selected,0.02771527067690467,4
single_shape,tiny_gmp,6075,prob_error_reduction,selected,0.3533195033669472,4
single_shape,tiny_gmp,6076,centered_logit_fidelity,selected,0.05412039653836963,4
single_shape,tiny_gmp,6076,prob_error_reduction,selected,0.34825892839580774,4
single_shape,tiny_gmp,6077,centered_logit_fidelity,selected,0.042184493140623364,4
single_shape,tiny_gmp,6077,prob_error_reduction,selected,0.30554924812167883,4
single_shape,tiny_gmp,6078,centered_logit_fidelity,selected,0.04123455483711365,4
single_shape,tiny_gmp,6078,prob_error_reduction,selected,0.2666631396859884,4
single_shape,tiny_gmp,6079,centered_logit_fidelity,selected,0.049292024104848856,4
single_shape,tiny_gmp,6079,prob_error_reduction,selected,0.4028947912156582,4
single_shape,tiny_gmp,6080,centered_logit_fidelity,selected,0.054155645233124314,4
single_shape,tiny_gmp,6080,prob_error_reduction,selected,0.37031259946525097,4
single_shape,tiny_gmp,6081,centered_logit_fidelity,selected,0.0403245027881934,4
single_shape,tiny_gmp,6081,prob_error_reduction,selected,0.37502769101411104,4
single_shape,tiny_gmp,6082,centered_logit_fidelity,selected,0.0862429650992926,4
single_shape,tiny_gmp,6082,prob_error_reduction,selected,0.4387916065752506,4
single_shape,tiny_gmp,6083,centered_logit_fidelity,selected,0.009106321730410413,4
single_shape,tiny_gmp,6083,prob_error_reduction,selected,0.303935281932354,4
single_shape,tiny_gmp,6084,centered_logit_fidelity,selected,0.0024441016495960755,4
single_shape,tiny_gmp,6084,prob_error_reduction,selected,0.27225999999791384,4
single_shape,tiny_gmp,6085,centered_logit_fidelity,selected,0.06225537688654288,4
single_shape,tiny_gmp,6085,prob_error_reduction,selected,0.31232611555606127,4
single_shape,tiny_gmp,6086,centered_logit_fidelity,selected,0.08895560798236242,4
single_shape,tiny_gmp,6086,prob_error_reduction,selected,0.40451398491859436,4
single_shape,tiny_gmp,6087,centered_logit_fidelity,selected,0.01993066904408075,4
single_shape,tiny_gmp,6087,prob_error_reduction,selected,0.2501108553260565,4
single_shape,tiny_gmp,6088,centered_logit_fidelity,selected,0.05051567521053332,4
single_shape,tiny_gmp,6088,prob_error_reduction,selected,0.2933711400255561,4
single_shape,tiny_gmp,6089,centered_logit_fidelity,selected,0.049572057364301925,4
single_shape,tiny_gmp,6089,prob_error_reduction,selected,0.335195267572999,4
single_shape,tiny_gmp,6090,centered_logit_fidelity,selected,0.08084775714988686,4
single_shape,tiny_gmp,6090,prob_error_reduction,selected,0.41262806579470634,4
single_shape,tiny_gmp,6091,centered_logit_fidelity,selected,0.026747439366946082,4
single_shape,tiny_gmp,6091,prob_error_reduction,selected,0.3157453965395689,4
single_shape,tiny_gmp,6092,centered_logit_fidelity,selected,0.016716415124834655,4
single_shape,tiny_gmp,6092,prob_error_reduction,selected,0.17524552904069424,4
single_shape,tiny_gmp,6093,centered_logit_fidelity,selected,0.06745557219060459,4
single_shape,tiny_gmp,6093,prob_error_reduction,selected,0.45210546255111694,4
single_shape,tiny_gmp,6094,centered_logit_fidelity,selected,0.06297457813431996,4
single_shape,tiny_gmp,6094,prob_error_reduction,selected,0.37347152922302485,4
single_shape,tiny_gmp,6095,centered_logit_fidelity,selected,0.05401923430785559,4
single_shape,tiny_gmp,6095,prob_error_reduction,selected,0.35063304379582405,4
single_shape,tiny_gmp,6096,centered_logit_fidelity,selected,0.022616455913008676,4
single_shape,tiny_gmp,6096,prob_error_reduction,selected,0.2567542167380452,4
single_shape,tiny_gmp,6097,centered_logit_fidelity,selected,0.051938108321048296,4
single_shape,tiny_gmp,6097,prob_error_reduction,selected,0.36094161681830883,4
single_shape,tiny_gmp,6098,centered_logit_fidelity,selected,0.06657443809929432,4
single_shape,tiny_gmp,6098,prob_error_reduction,selected,0.34568911232054234,4
single_shape,tiny_gmp,6099,centered_logit_fidelity,selected,0.06447786668736313,4
single_shape,tiny_gmp,6099,prob_error_reduction,selected,0.436279296875,4
two_concepts,bn2_w16_gap,6000,centered_logit_fidelity,selected,0.12788632882163742,4
two_concepts,bn2_w16_gap,6000,prob_error_reduction,selected,0.0066398680210113525,4
two_concepts,bn2_w16_gap,6001,centered_logit_fidelity,selected,-0.3313291385345324,4
two_concepts,bn2_w16_gap,6001,prob_error_reduction,selected,-0.34099362790584564,4
two_concepts,bn2_w16_gap,6002,centered_logit_fidelity,selected,0.13630266141762992,4
two_concepts,bn2_w16_gap,6002,prob_error_reduction,selected,0.24127094633877277,4
two_concepts,bn2_w16_gap,6003,centered_logit_fidelity,selected,0.03999462977873852,4
two_concepts,bn2_w16_gap,6003,prob_error_reduction,selected,0.018552467226982117,4
two_concepts,bn2_w16_gap,6004,centered_logit_fidelity,selected,-0.23620759473278063,4
two_concepts,bn2_w16_gap,6004,prob_error_reduction,selected,-0.091598741710186,4
two_concepts,bn2_w16_gap,6005,centered_logit_fidelity,selected,0.23501626382376906,4
two_concepts,bn2_w16_gap,6005,prob_error_reduction,selected,-0.013138920068740845,4
two_concepts,bn2_w16_gap,6006,centered_logit_fidelity,selected,-0.1279819790185705,4
two_concepts,bn2_w16_gap,6006,prob_error_reduction,selected,-0.08896675333380699,4
two_concepts,bn2_w16_gap,6007,centered_logit_fidelity,selected,0.02843258078221189,4
two_concepts,bn2_w16_gap,6007,prob_error_reduction,selected,0.08749754726886749,4
two_concepts,bn2_w16_gap,6008,centered_logit_fidelity,selected,0.33779678116067,4
two_concepts,bn2_w16_gap,6008,prob_error_reduction,selected,-0.0023554377257823944,4
two_concepts,bn2_w16_gap,6009,centered_logit_fidelity,selected,-0.2657260577242585,4
two_concepts,bn2_w16_gap,6009,prob_error_reduction,selected,0.03346169739961624,4
two_concepts,bn2_w16_gap,6010,centered_logit_fidelity,selected,0.2773181314468386,4
two_concepts,bn2_w16_gap,6010,prob_error_reduction,selected,0.08346626162528992,4
two_concepts,bn2_w16_gap,6011,centered_logit_fidelity,selected,-0.6985155693546281,4
two_concepts,bn2_w16_gap,6011,prob_error_reduction,selected,-0.32552581280469894,4
two_concepts,bn2_w16_gap,6012,centered_logit_fidelity,selected,-0.2609589481624065,4
two_concepts,bn2_w16_gap,6012,prob_error_reduction,selected,0.22554972767829895,4
two_concepts,bn2_w16_gap,6013,centered_logit_fidelity,selected,-0.42654073787882774,4
two_concepts,bn2_w16_gap,6013,prob_error_reduction,selected,-0.19054313376545906,4
two_concepts,bn2_w16_gap,6014,centered_logit_fidelity,selected,-0.2010337194104816,4
two_concepts,bn2_w16_gap,6014,prob_error_reduction,selected,-0.08196739107370377,4
two_concepts,bn2_w16_gap,6015,centered_logit_fidelity,selected,-0.3332208930182501,4
two_concepts,bn2_w16_gap,6015,prob_error_reduction,selected,-0.2797083705663681,4
two_concepts,bn2_w16_gap,6016,centered_logit_fidelity,selected,-0.4450014671165977,4
two_concepts,bn2_w16_gap,6016,prob_error_reduction,selected,-0.11328615248203278,4
two_concepts,bn2_w16_gap,6017,centered_logit_fidelity,selected,-0.25546289689224083,4
two_concepts,bn2_w16_gap,6017,prob_error_reduction,selected,-0.23708812147378922,4
two_concepts,bn2_w16_gap,6018,centered_logit_fidelity,selected,0.5370233988242223,4
two_concepts,bn2_w16_gap,6018,prob_error_reduction,selected,-0.02991102635860443,4
two_concepts,bn2_w16_gap,6019,centered_logit_fidelity,selected,-0.10567355866803035,4
two_concepts,bn2_w16_gap,6019,prob_error_reduction,selected,-0.06179655343294144,4
two_concepts,bn2_w16_gap,6020,centered_logit_fidelity,selected,0.13176770327499746,4
two_concepts,bn2_w16_gap,6020,prob_error_reduction,selected,0.061559997498989105,4
two_concepts,bn2_w16_gap,6021,centered_logit_fidelity,selected,-0.0588577548603062,4
two_concepts,bn2_w16_gap,6021,prob_error_reduction,selected,-0.06555934250354767,4
two_concepts,bn2_w16_gap,6022,centered_logit_fidelity,selected,0.1300598872174864,4
two_concepts,bn2_w16_gap,6022,prob_error_reduction,selected,0.16559254378080368,4
two_concepts,bn2_w16_gap,6023,centered_logit_fidelity,selected,-0.44363735139678495,4
two_concepts,bn2_w16_gap,6023,prob_error_reduction,selected,0.00506240501999855,4
two_concepts,bn2_w16_gap,6024,centered_logit_fidelity,selected,-0.09056438456479143,4
two_concepts,bn2_w16_gap,6024,prob_error_reduction,selected,-0.0398760549724102,4
two_concepts,bn2_w16_gap,6025,centered_logit_fidelity,selected,-0.4638833273266054,4
two_concepts,bn2_w16_gap,6025,prob_error_reduction,selected,0.08031933009624481,4
two_concepts,bn2_w16_gap,6026,centered_logit_fidelity,selected,-0.2171267773297081,4
two_concepts,bn2_w16_gap,6026,prob_error_reduction,selected,0.0201202854514122,4
two_concepts,bn2_w16_gap,6027,centered_logit_fidelity,selected,0.7212817648498472,4
two_concepts,bn2_w16_gap,6027,prob_error_reduction,selected,0.2540688142180443,4
two_concepts,bn2_w16_gap,6028,centered_logit_fidelity,selected,-0.052155421832070004,4
two_concepts,bn2_w16_gap,6028,prob_error_reduction,selected,0.11179350689053535,4
two_concepts,bn2_w16_gap,6029,centered_logit_fidelity,selected,-0.742256241475966,4
two_concepts,bn2_w16_gap,6029,prob_error_reduction,selected,0.006097733974456787,4
two_concepts,bn2_w16_gap,6030,centered_logit_fidelity,selected,0.0548526063382804,4
two_concepts,bn2_w16_gap,6030,prob_error_reduction,selected,0.08365904539823532,4
two_concepts,bn2_w16_gap,6031,centered_logit_fidelity,selected,-0.4637139168807687,4
two_concepts,bn2_w16_gap,6031,prob_error_reduction,selected,-0.1928406059741974,4
two_concepts,bn2_w16_gap,6032,centered_logit_fidelity,selected,0.20948952127772263,4
two_concepts,bn2_w16_gap,6032,prob_error_reduction,selected,0.023563235998153687,4
two_concepts,bn2_w16_gap,6033,centered_logit_fidelity,selected,0.3460468976912148,4
two_concepts,bn2_w16_gap,6033,prob_error_reduction,selected,-0.03699494153261185,4
two_concepts,bn2_w16_gap,6034,centered_logit_fidelity,selected,-0.15766998257566042,4
two_concepts,bn2_w16_gap,6034,prob_error_reduction,selected,-0.1303146742284298,4
two_concepts,bn2_w16_gap,6035,centered_logit_fidelity,selected,0.0156208882393849,4
two_concepts,bn2_w16_gap,6035,prob_error_reduction,selected,-0.1868803279940039,4
two_concepts,bn2_w16_gap,6036,centered_logit_fidelity,selected,0.43027570162049955,4
two_concepts,bn2_w16_gap,6036,prob_error_reduction,selected,0.1397419162094593,4
two_concepts,bn2_w16_gap,6037,centered_logit_fidelity,selected,0.17528532196935043,4
two_concepts,bn2_w16_gap,6037,prob_error_reduction,selected,0.07286586612462997,4
two_concepts,bn2_w16_gap,6038,centered_logit_fidelity,selected,0.18165733556053082,4
two_concepts,bn2_w16_gap,6038,prob_error_reduction,selected,0.16802782379090786,4
two_concepts,bn2_w16_gap,6039,centered_logit_fidelity,selected,-0.1098432752663791,4
two_concepts,bn2_w16_gap,6039,prob_error_reduction,selected,0.029036827385425568,4
two_concepts,bn2_w16_gap,6040,centered_logit_fidelity,selected,-0.2558912906792501,4
two_concepts,bn2_w16_gap,6040,prob_error_reduction,selected,-0.08691877126693726,4
two_concepts,bn2_w16_gap,6041,centered_logit_fidelity,selected,-0.07421636109564128,4
two_concepts,bn2_w16_gap,6041,prob_error_reduction,selected,-0.1579936519265175,4
two_concepts,bn2_w16_gap,6042,centered_logit_fidelity,selected,-0.22917088623613663,4
two_concepts,bn2_w16_gap,6042,prob_error_reduction,selected,-0.3920956775546074,4
two_concepts,bn2_w16_gap,6043,centered_logit_fidelity,selected,0.130298709276025,4
two_concepts,bn2_w16_gap,6043,prob_error_reduction,selected,-0.20006678253412247,4
two_concepts,bn2_w16_gap,6044,centered_logit_fidelity,selected,-0.1273064412148007,4
two_concepts,bn2_w16_gap,6044,prob_error_reduction,selected,0.06205098330974579,4
two_concepts,bn2_w16_gap,6045,centered_logit_fidelity,selected,-0.3614441891039871,4
two_concepts,bn2_w16_gap,6045,prob_error_reduction,selected,-0.06550176441669464,4
two_concepts,bn2_w16_gap,6046,centered_logit_fidelity,selected,-0.22694791657574892,4
two_concepts,bn2_w16_gap,6046,prob_error_reduction,selected,0.1397273764014244,4
two_concepts,bn2_w16_gap,6047,centered_logit_fidelity,selected,-0.22928281305965054,4
two_concepts,bn2_w16_gap,6047,prob_error_reduction,selected,-0.009030871093273163,4
two_concepts,bn2_w16_gap,6048,centered_logit_fidelity,selected,-0.5038283614447869,4
two_concepts,bn2_w16_gap,6048,prob_error_reduction,selected,-0.15179869905114174,4
two_concepts,bn2_w16_gap,6049,centered_logit_fidelity,selected,-0.07828797144395333,4
two_concepts,bn2_w16_gap,6049,prob_error_reduction,selected,-0.15141939744353294,4
two_concepts,bn2_w16_gap,6050,centered_logit_fidelity,selected,-0.25424123428380535,4
two_concepts,bn2_w16_gap,6050,prob_error_reduction,selected,0.002197686582803726,4
two_concepts,bn2_w16_gap,6051,centered_logit_fidelity,selected,-0.1335009480786894,4
two_concepts,bn2_w16_gap,6051,prob_error_reduction,selected,0.03253624774515629,4
two_concepts,bn2_w16_gap,6052,centered_logit_fidelity,selected,-0.014298568701192393,4
two_concepts,bn2_w16_gap,6052,prob_error_reduction,selected,0.022313691675662994,4
two_concepts,bn2_w16_gap,6053,centered_logit_fidelity,selected,-0.2630049973222063,4
two_concepts,bn2_w16_gap,6053,prob_error_reduction,selected,0.06902414932847023,4
two_concepts,bn2_w16_gap,6054,centered_logit_fidelity,selected,-0.4704875095957014,4
two_concepts,bn2_w16_gap,6054,prob_error_reduction,selected,-0.10493150353431702,4
two_concepts,bn2_w16_gap,6055,centered_logit_fidelity,selected,-0.07983904036750483,4
two_concepts,bn2_w16_gap,6055,prob_error_reduction,selected,-0.11132915318012238,4
two_concepts,bn2_w16_gap,6056,centered_logit_fidelity,selected,-0.09798266567685081,4
two_concepts,bn2_w16_gap,6056,prob_error_reduction,selected,-0.23539840430021286,4
two_concepts,bn2_w16_gap,6057,centered_logit_fidelity,selected,-0.058527209601243885,4
two_concepts,bn2_w16_gap,6057,prob_error_reduction,selected,-0.043212421238422394,4
two_concepts,bn2_w16_gap,6058,centered_logit_fidelity,selected,-0.15302407984112124,4
two_concepts,bn2_w16_gap,6058,prob_error_reduction,selected,-0.23051723092794418,4
two_concepts,bn2_w16_gap,6059,centered_logit_fidelity,selected,-0.27625268081920423,4
two_concepts,bn2_w16_gap,6059,prob_error_reduction,selected,-0.08858439326286316,4
two_concepts,bn2_w16_gap,6060,centered_logit_fidelity,selected,-0.2465235418057704,4
two_concepts,bn2_w16_gap,6060,prob_error_reduction,selected,-0.12386070936918259,4
two_concepts,bn2_w16_gap,6061,centered_logit_fidelity,selected,-0.1268845444506811,4
two_concepts,bn2_w16_gap,6061,prob_error_reduction,selected,-0.058535292744636536,4
two_concepts,bn2_w16_gap,6062,centered_logit_fidelity,selected,0.006412816501241647,4
two_concepts,bn2_w16_gap,6062,prob_error_reduction,selected,-0.08816035836935043,4
two_concepts,bn2_w16_gap,6063,centered_logit_fidelity,selected,0.024735107878299203,4
two_concepts,bn2_w16_gap,6063,prob_error_reduction,selected,0.06792297959327698,4
two_concepts,bn2_w16_gap,6064,centered_logit_fidelity,selected,-0.5349515652679468,4
two_concepts,bn2_w16_gap,6064,prob_error_reduction,selected,-0.002773672342300415,4
two_concepts,bn2_w16_gap,6065,centered_logit_fidelity,selected,-0.31199101323491557,4
two_concepts,bn2_w16_gap,6065,prob_error_reduction,selected,0.023633776232600212,4
two_concepts,bn2_w16_gap,6066,centered_logit_fidelity,selected,0.22446886859386272,4
two_concepts,bn2_w16_gap,6066,prob_error_reduction,selected,0.41263793408870697,4
two_concepts,bn2_w16_gap,6067,centered_logit_fidelity,selected,-1.0451882972802646,4
two_concepts,bn2_w16_gap,6067,prob_error_reduction,selected,-0.20813754200935364,4
two_concepts,bn2_w16_gap,6068,centered_logit_fidelity,selected,-0.25582337236345004,4
two_concepts,bn2_w16_gap,6068,prob_error_reduction,selected,-0.018606677651405334,4
two_concepts,bn2_w16_gap,6069,centered_logit_fidelity,selected,-0.18836517627883084,4
two_concepts,bn2_w16_gap,6069,prob_error_reduction,selected,0.19553956389427185,4
two_concepts,bn2_w16_gap,6070,centered_logit_fidelity,selected,-0.6046043386501488,4
two_concepts,bn2_w16_gap,6070,prob_error_reduction,selected,-0.2892294377088547,4
two_concepts,bn2_w16_gap,6071,centered_logit_fidelity,selected,0.15189456943126908,4
two_concepts,bn2_w16_gap,6071,prob_error_reduction,selected,-0.08919309824705124,4
two_concepts,bn2_w16_gap,6072,centered_logit_fidelity,selected,-0.5191154821202435,4
two_concepts,bn2_w16_gap,6072,prob_error_reduction,selected,-0.1868874654173851,4
two_concepts,bn2_w16_gap,6073,centered_logit_fidelity,selected,-0.5428504773702321,4
two_concepts,bn2_w16_gap,6073,prob_error_reduction,selected,-0.06236238777637482,4
two_concepts,bn2_w16_gap,6074,centered_logit_fidelity,selected,-0.38442995200485824,4
two_concepts,bn2_w16_gap,6074,prob_error_reduction,selected,-0.3147972300648689,4
two_concepts,bn2_w16_gap,6075,centered_logit_fidelity,selected,0.09321447670034735,4
two_concepts,bn2_w16_gap,6075,prob_error_reduction,selected,0.2300836481153965,4
two_concepts,bn2_w16_gap,6076,centered_logit_fidelity,selected,-0.24928410979703275,4
two_concepts,bn2_w16_gap,6076,prob_error_reduction,selected,0.09019097685813904,4
two_concepts,bn2_w16_gap,6077,centered_logit_fidelity,selected,-0.0769999726788569,4
two_concepts,bn2_w16_gap,6077,prob_error_reduction,selected,-0.19731476716697216,4
two_concepts,bn2_w16_gap,6078,centered_logit_fidelity,selected,0.0033512795879721835,4
two_concepts,bn2_w16_gap,6078,prob_error_reduction,selected,0.019804969429969788,4
two_concepts,bn2_w16_gap,6079,centered_logit_fidelity,selected,-0.4363692873042403,4
two_concepts,bn2_w16_gap,6079,prob_error_reduction,selected,-0.24492621421813965,4
two_concepts,bn2_w16_gap,6080,centered_logit_fidelity,selected,0.02790338141599147,4
two_concepts,bn2_w16_gap,6080,prob_error_reduction,selected,0.24651484936475754,4
two_concepts,bn2_w16_gap,6081,centered_logit_fidelity,selected,0.1439473043395098,4
two_concepts,bn2_w16_gap,6081,prob_error_reduction,selected,-0.016194816678762436,4
two_concepts,bn2_w16_gap,6082,centered_logit_fidelity,selected,0.2555681788703601,4
two_concepts,bn2_w16_gap,6082,prob_error_reduction,selected,-0.15447250753641129,4
two_concepts,bn2_w16_gap,6083,centered_logit_fidelity,selected,-0.28983119098947,4
two_concepts,bn2_w16_gap,6083,prob_error_reduction,selected,-0.20622111484408379,4
two_concepts,bn2_w16_gap,6084,centered_logit_fidelity,selected,-0.35497612397913403,4
two_concepts,bn2_w16_gap,6084,prob_error_reduction,selected,0.02924584597349167,4
two_concepts,bn2_w16_gap,6085,centered_logit_fidelity,selected,-0.1486072282636259,4
two_concepts,bn2_w16_gap,6085,prob_error_reduction,selected,0.24922769702970982,4
two_concepts,bn2_w16_gap,6086,centered_logit_fidelity,selected,-0.05368829484512763,4
two_concepts,bn2_w16_gap,6086,prob_error_reduction,selected,-0.06221058964729309,4
two_concepts,bn2_w16_gap,6087,centered_logit_fidelity,selected,-0.37023811726284933,4
two_concepts,bn2_w16_gap,6087,prob_error_reduction,selected,-0.1009773537516594,4
two_concepts,bn2_w16_gap,6088,centered_logit_fidelity,selected,-0.05698957915163409,4
two_concepts,bn2_w16_gap,6088,prob_error_reduction,selected,-0.12846757099032402,4
two_concepts,bn2_w16_gap,6089,centered_logit_fidelity,selected,0.09207509367097882,4
two_concepts,bn2_w16_gap,6089,prob_error_reduction,selected,0.22134805843234062,4
two_concepts,bn2_w16_gap,6090,centered_logit_fidelity,selected,-0.2952859585019497,4
two_concepts,bn2_w16_gap,6090,prob_error_reduction,selected,-0.22860795632004738,4
two_concepts,bn2_w16_gap,6091,centered_logit_fidelity,selected,-0.7030684606587648,4
two_concepts,bn2_w16_gap,6091,prob_error_reduction,selected,-0.40021727606654167,4
two_concepts,bn2_w16_gap,6092,centered_logit_fidelity,selected,0.015775262862095157,4
two_concepts,bn2_w16_gap,6092,prob_error_reduction,selected,-0.0931943729519844,4
two_concepts,bn2_w16_gap,6093,centered_logit_fidelity,selected,-0.7448527964717554,4
two_concepts,bn2_w16_gap,6093,prob_error_reduction,selected,-0.35384202329441905,4
two_concepts,bn2_w16_gap,6094,centered_logit_fidelity,selected,0.22212822189601328,4
two_concepts,bn2_w16_gap,6094,prob_error_reduction,selected,-0.0672466829419136,4
two_concepts,bn2_w16_gap,6095,centered_logit_fidelity,selected,0.22374087627279765,4
two_concepts,bn2_w16_gap,6095,prob_error_reduction,selected,0.03756434842944145,4
two_concepts,bn2_w16_gap,6096,centered_logit_fidelity,selected,-0.20638283979290206,4
two_concepts,bn2_w16_gap,6096,prob_error_reduction,selected,0.25475533306598663,4
two_concepts,bn2_w16_gap,6097,centered_logit_fidelity,selected,0.030338909678424675,4
two_concepts,bn2_w16_gap,6097,prob_error_reduction,selected,0.09105674549937248,4
two_concepts,bn2_w16_gap,6098,centered_logit_fidelity,selected,-0.18660021577789587,4
two_concepts,bn2_w16_gap,6098,prob_error_reduction,selected,-0.09596602246165276,4
two_concepts,bn2_w16_gap,6099,centered_logit_fidelity,selected,-0.2698836458468577,4
two_concepts,bn2_w16_gap,6099,prob_error_reduction,selected,0.016015946865081787,4
two_concepts,bn2_w16_gmp,6000,centered_logit_fidelity,selected,-0.047616954468831574,4
two_concepts,bn2_w16_gmp,6000,prob_error_reduction,selected,0.10928984731435776,4
two_concepts,bn2_w16_gmp,6001,centered_logit_fidelity,selected,0.0965575064625789,4
two_concepts,bn2_w16_gmp,6001,prob_error_reduction,selected,0.11787636205554008,4
two_concepts,bn2_w16_gmp,6002,centered_logit_fidelity,selected,0.011286762670688275,4
two_concepts,bn2_w16_gmp,6002,prob_error_reduction,selected,0.016170449554920197,4
two_concepts,bn2_w16_gmp,6003,centered_logit_fidelity,selected,0.0038545543724708975,4
two_concepts,bn2_w16_gmp,6003,prob_error_reduction,selected,-0.022033819928765297,4
two_concepts,bn2_w16_gmp,6004,centered_logit_fidelity,selected,0.06020363622521982,4
two_concepts,bn2_w16_gmp,6004,prob_error_reduction,selected,0.0551774799823761,4
two_concepts,bn2_w16_gmp,6005,centered_logit_fidelity,selected,0.0034805149915709543,4
two_concepts,bn2_w16_gmp,6005,prob_error_reduction,selected,-0.008463837206363678,4
two_concepts,bn2_w16_gmp,6006,centered_logit_fidelity,selected,-0.11601789999015204,4
two_concepts,bn2_w16_gmp,6006,prob_error_reduction,selected,0.1481370055116713,4
two_concepts,bn2_w16_gmp,6007,centered_logit_fidelity,selected,0.01905385245728214,4
two_concepts,bn2_w16_gmp,6007,prob_error_reduction,selected,-0.000509168952703476,4
two_concepts,bn2_w16_gmp,6008,centered_logit_fidelity,selected,-0.055816645067844256,4
two_concepts,bn2_w16_gmp,6008,prob_error_reduction,selected,-0.18914230912923813,4
two_concepts,bn2_w16_gmp,6009,centered_logit_fidelity,selected,-0.037716338114282086,4
two_concepts,bn2_w16_gmp,6009,prob_error_reduction,selected,-0.03159152343869209,4
two_concepts,bn2_w16_gmp,6010,centered_logit_fidelity,selected,0.11535521567774959,4
two_concepts,bn2_w16_gmp,6010,prob_error_reduction,selected,0.1763957031071186,4
two_concepts,bn2_w16_gmp,6011,centered_logit_fidelity,selected,0.023282436301066745,4
two_concepts,bn2_w16_gmp,6011,prob_error_reduction,selected,-0.11985146254301071,4
two_concepts,bn2_w16_gmp,6012,centered_logit_fidelity,selected,0.02284906558136189,4
two_concepts,bn2_w16_gmp,6012,prob_error_reduction,selected,0.10963025502860546,4
two_concepts,bn2_w16_gmp,6013,centered_logit_fidelity,selected,0.04391856062321897,4
two_concepts,bn2_w16_gmp,6013,prob_error_reduction,selected,-0.06500884890556335,4
two_concepts,bn2_w16_gmp,6014,centered_logit_fidelity,selected,0.12244037037415531,4
two_concepts,bn2_w16_gmp,6014,prob_error_reduction,selected,0.08988514542579651,4
two_concepts,bn2_w16_gmp,6015,centered_logit_fidelity,selected,-0.019123953714723946,4
two_concepts,bn2_w16_gmp,6015,prob_error_reduction,selected,-0.03416574373841286,4
two_concepts,bn2_w16_gmp,6016,centered_logit_fidelity,selected,0.10091825257305395,4
two_concepts,bn2_w16_gmp,6016,prob_error_reduction,selected,0.24410239420831203,4
two_concepts,bn2_w16_gmp,6017,centered_logit_fidelity,selected,0.03990079585751494,4
two_concepts,bn2_w16_gmp,6017,prob_error_reduction,selected,0.16185323894023895,4
two_concepts,bn2_w16_gmp,6018,centered_logit_fidelity,selected,0.05129575552843631,4
two_concepts,bn2_w16_gmp,6018,prob_error_reduction,selected,0.16253533586859703,4
two_concepts,bn2_w16_gmp,6019,centered_logit_fidelity,selected,-0.13409224985669535,4
two_concepts,bn2_w16_gmp,6019,prob_error_reduction,selected,-0.3451530206948519,4
two_concepts,bn2_w16_gmp,6020,centered_logit_fidelity,selected,0.08232273605035911,4
two_concepts,bn2_w16_gmp,6020,prob_error_reduction,selected,0.3080397732555866,4
two_concepts,bn2_w16_gmp,6021,centered_logit_fidelity,selected,0.06203241059423134,4
two_concepts,bn2_w16_gmp,6021,prob_error_reduction,selected,0.1256806030869484,4
two_concepts,bn2_w16_gmp,6022,centered_logit_fidelity,selected,0.02170564255766186,4
two_concepts,bn2_w16_gmp,6022,prob_error_reduction,selected,0.02145557850599289,4
two_concepts,bn2_w16_gmp,6023,centered_logit_fidelity,selected,-0.03699161820039118,4
two_concepts,bn2_w16_gmp,6023,prob_error_reduction,selected,-0.026350319385528564,4
two_concepts,bn2_w16_gmp,6024,centered_logit_fidelity,selected,0.11140226848129259,4
two_concepts,bn2_w16_gmp,6024,prob_error_reduction,selected,0.11466951295733452,4
two_concepts,bn2_w16_gmp,6025,centered_logit_fidelity,selected,0.056159303830105936,4
two_concepts,bn2_w16_gmp,6025,prob_error_reduction,selected,0.03400425612926483,4
two_concepts,bn2_w16_gmp,6026,centered_logit_fidelity,selected,0.03298834505212597,4
two_concepts,bn2_w16_gmp,6026,prob_error_reduction,selected,-0.08649730309844017,4
two_concepts,bn2_w16_gmp,6027,centered_logit_fidelity,selected,-0.04296471118774521,4
two_concepts,bn2_w16_gmp,6027,prob_error_reduction,selected,-0.22355251386761665,4
two_concepts,bn2_w16_gmp,6028,centered_logit_fidelity,selected,0.0692234205660534,4
two_concepts,bn2_w16_gmp,6028,prob_error_reduction,selected,0.07604461908340454,4
two_concepts,bn2_w16_gmp,6029,centered_logit_fidelity,selected,0.13099040287498648,4
two_concepts,bn2_w16_gmp,6029,prob_error_reduction,selected,0.18126144632697105,4
two_concepts,bn2_w16_gmp,6030,centered_logit_fidelity,selected,0.10196850839073876,4
two_concepts,bn2_w16_gmp,6030,prob_error_reduction,selected,0.1458335816860199,4
two_concepts,bn2_w16_gmp,6031,centered_logit_fidelity,selected,-0.049086345684987834,4
two_concepts,bn2_w16_gmp,6031,prob_error_reduction,selected,-0.0287836492061615,4
two_concepts,bn2_w16_gmp,6032,centered_logit_fidelity,selected,0.13696520108575969,4
two_concepts,bn2_w16_gmp,6032,prob_error_reduction,selected,0.03533255308866501,4
two_concepts,bn2_w16_gmp,6033,centered_logit_fidelity,selected,-0.06456888538414392,4
two_concepts,bn2_w16_gmp,6033,prob_error_reduction,selected,0.041996877640485764,4
two_concepts,bn2_w16_gmp,6034,centered_logit_fidelity,selected,0.05970617605348205,4
two_concepts,bn2_w16_gmp,6034,prob_error_reduction,selected,-0.018050260841846466,4
two_concepts,bn2_w16_gmp,6035,centered_logit_fidelity,selected,0.10547632370429763,4
two_concepts,bn2_w16_gmp,6035,prob_error_reduction,selected,0.0343654602766037,4
two_concepts,bn2_w16_gmp,6036,centered_logit_fidelity,selected,0.08020291669190742,4
two_concepts,bn2_w16_gmp,6036,prob_error_reduction,selected,0.18172778189182281,4
two_concepts,bn2_w16_gmp,6037,centered_logit_fidelity,selected,-0.10328002316559075,4
two_concepts,bn2_w16_gmp,6037,prob_error_reduction,selected,0.005890786647796631,4
two_concepts,bn2_w16_gmp,6038,centered_logit_fidelity,selected,-0.009913082132824533,4
two_concepts,bn2_w16_gmp,6038,prob_error_reduction,selected,-0.022761765867471695,4
two_concepts,bn2_w16_gmp,6039,centered_logit_fidelity,selected,0.07238857535706351,4
two_concepts,bn2_w16_gmp,6039,prob_error_reduction,selected,0.05138130858540535,4
two_concepts,bn2_w16_gmp,6040,centered_logit_fidelity,selected,-0.0569315372411896,4
two_concepts,bn2_w16_gmp,6040,prob_error_reduction,selected,0.11672179959714413,4
two_concepts,bn2_w16_gmp,6041,centered_logit_fidelity,selected,-0.018867854150371566,4
two_concepts,bn2_w16_gmp,6041,prob_error_reduction,selected,0.3270154483616352,4
two_concepts,bn2_w16_gmp,6042,centered_logit_fidelity,selected,0.05186785306391116,4
two_concepts,bn2_w16_gmp,6042,prob_error_reduction,selected,0.028726287186145782,4
two_concepts,bn2_w16_gmp,6043,centered_logit_fidelity,selected,0.023885685549277044,4
two_concepts,bn2_w16_gmp,6043,prob_error_reduction,selected,-0.007623933255672455,4
two_concepts,bn2_w16_gmp,6044,centered_logit_fidelity,selected,0.00301325421082925,4
two_concepts,bn2_w16_gmp,6044,prob_error_reduction,selected,-0.16878077387809753,4
two_concepts,bn2_w16_gmp,6045,centered_logit_fidelity,selected,0.09567555030886443,4
two_concepts,bn2_w16_gmp,6045,prob_error_reduction,selected,-0.016388487070798874,4
two_concepts,bn2_w16_gmp,6046,centered_logit_fidelity,selected,0.11452478901757239,4
two_concepts,bn2_w16_gmp,6046,prob_error_reduction,selected,0.06287914887070656,4
two_concepts,bn2_w16_gmp,6047,centered_logit_fidelity,selected,-0.03171070006461725,4
two_concepts,bn2_w16_gmp,6047,prob_error_reduction,selected,-0.2148400843143463,4
two_concepts,bn2_w16_gmp,6048,centered_logit_fidelity,selected,0.025844592183237244,4
two_concepts,bn2_w16_gmp,6048,prob_error_reduction,selected,-0.004660513252019882,4
two_concepts,bn2_w16_gmp,6049,centered_logit_fidelity,selected,-0.011516924122204245,4
two_concepts,bn2_w16_gmp,6049,prob_error_reduction,selected,-0.1862330548465252,4
two_concepts,bn2_w16_gmp,6050,centered_logit_fidelity,selected,0.12545689695227635,4
two_concepts,bn2_w16_gmp,6050,prob_error_reduction,selected,0.08111834526062012,4
two_concepts,bn2_w16_gmp,6051,centered_logit_fidelity,selected,-0.09916188082289532,4
two_concepts,bn2_w16_gmp,6051,prob_error_reduction,selected,-0.013312920928001404,4
two_concepts,bn2_w16_gmp,6052,centered_logit_fidelity,selected,-0.030035833093127767,4
two_concepts,bn2_w16_gmp,6052,prob_error_reduction,selected,-0.20567987859249115,4
two_concepts,bn2_w16_gmp,6053,centered_logit_fidelity,selected,0.04011567291091765,4
two_concepts,bn2_w16_gmp,6053,prob_error_reduction,selected,-0.007170829921960831,4
two_concepts,bn2_w16_gmp,6054,centered_logit_fidelity,selected,-0.06155622331730369,4
two_concepts,bn2_w16_gmp,6054,prob_error_reduction,selected,-0.1253281943500042,4
two_concepts,bn2_w16_gmp,6055,centered_logit_fidelity,selected,-0.036844497857626377,4
two_concepts,bn2_w16_gmp,6055,prob_error_reduction,selected,-0.1401796005666256,4
two_concepts,bn2_w16_gmp,6056,centered_logit_fidelity,selected,0.06419343627989692,4
two_concepts,bn2_w16_gmp,6056,prob_error_reduction,selected,0.1628890372812748,4
two_concepts,bn2_w16_gmp,6057,centered_logit_fidelity,selected,-0.19187140470107739,4
two_concepts,bn2_w16_gmp,6057,prob_error_reduction,selected,-0.3981625810265541,4
two_concepts,bn2_w16_gmp,6058,centered_logit_fidelity,selected,0.11120286129390738,4
two_concepts,bn2_w16_gmp,6058,prob_error_reduction,selected,0.11560014635324478,4
two_concepts,bn2_w16_gmp,6059,centered_logit_fidelity,selected,-0.0015301308505694111,4
two_concepts,bn2_w16_gmp,6059,prob_error_reduction,selected,-0.1563115492463112,4
two_concepts,bn2_w16_gmp,6060,centered_logit_fidelity,selected,0.027780775420752107,4
two_concepts,bn2_w16_gmp,6060,prob_error_reduction,selected,-0.18364033475518227,4
two_concepts,bn2_w16_gmp,6061,centered_logit_fidelity,selected,0.07444420286678083,4
two_concepts,bn2_w16_gmp,6061,prob_error_reduction,selected,0.07213843613862991,4
two_concepts,bn2_w16_gmp,6062,centered_logit_fidelity,selected,0.09299359248151642,4
two_concepts,bn2_w16_gmp,6062,prob_error_reduction,selected,0.10116994380950928,4
two_concepts,bn2_w16_gmp,6063,centered_logit_fidelity,selected,-0.1164301393424886,4
two_concepts,bn2_w16_gmp,6063,prob_error_reduction,selected,-0.116977509111166,4
two_concepts,bn2_w16_gmp,6064,centered_logit_fidelity,selected,-0.008796791441522636,4
two_concepts,bn2_w16_gmp,6064,prob_error_reduction,selected,0.11972959153354168,4
two_concepts,bn2_w16_gmp,6065,centered_logit_fidelity,selected,-0.05388381525142223,4
two_concepts,bn2_w16_gmp,6065,prob_error_reduction,selected,-0.007791988551616669,4
two_concepts,bn2_w16_gmp,6066,centered_logit_fidelity,selected,0.04239706515079693,4
two_concepts,bn2_w16_gmp,6066,prob_error_reduction,selected,0.0013017244637012482,4
two_concepts,bn2_w16_gmp,6067,centered_logit_fidelity,selected,-0.0784137782053139,4
two_concepts,bn2_w16_gmp,6067,prob_error_reduction,selected,-0.04433591477572918,4
two_concepts,bn2_w16_gmp,6068,centered_logit_fidelity,selected,0.020716447214585307,4
two_concepts,bn2_w16_gmp,6068,prob_error_reduction,selected,-0.007333047688007355,4
two_concepts,bn2_w16_gmp,6069,centered_logit_fidelity,selected,0.13361566423958,4
two_concepts,bn2_w16_gmp,6069,prob_error_reduction,selected,0.27908172830939293,4
two_concepts,bn2_w16_gmp,6070,centered_logit_fidelity,selected,0.05574296711639032,4
two_concepts,bn2_w16_gmp,6070,prob_error_reduction,selected,0.052988335490226746,4
two_concepts,bn2_w16_gmp,6071,centered_logit_fidelity,selected,0.06944214026123802,4
two_concepts,bn2_w16_gmp,6071,prob_error_reduction,selected,0.04734189063310623,4
two_concepts,bn2_w16_gmp,6072,centered_logit_fidelity,selected,0.01601632130676263,4
two_concepts,bn2_w16_gmp,6072,prob_error_reduction,selected,-0.06153438985347748,4
two_concepts,bn2_w16_gmp,6073,centered_logit_fidelity,selected,0.033923685270667,4
two_concepts,bn2_w16_gmp,6073,prob_error_reduction,selected,-0.022167831659317017,4
two_concepts,bn2_w16_gmp,6074,centered_logit_fidelity,selected,-0.10964795595830475,4
two_concepts,bn2_w16_gmp,6074,prob_error_reduction,selected,-0.16467830911278725,4
two_concepts,bn2_w16_gmp,6075,centered_logit_fidelity,selected,0.08235050023504886,4
two_concepts,bn2_w16_gmp,6075,prob_error_reduction,selected,-0.07244759052991867,4
two_concepts,bn2_w16_gmp,6076,centered_logit_fidelity,selected,0.027981139365618718,4
two_concepts,bn2_w16_gmp,6076,prob_error_reduction,selected,0.03339426964521408,4
two_concepts,bn2_w16_gmp,6077,centered_logit_fidelity,selected,0.014314802002474203,4
two_concepts,bn2_w16_gmp,6077,prob_error_reduction,selected,0.11428948491811752,4
two_concepts,bn2_w16_gmp,6078,centered_logit_fidelity,selected,0.03817562101054443,4
two_concepts,bn2_w16_gmp,6078,prob_error_reduction,selected,-0.02597224712371826,4
two_concepts,bn2_w16_gmp,6079,centered_logit_fidelity,selected,0.08086273944640655,4
two_concepts,bn2_w16_gmp,6079,prob_error_reduction,selected,-0.0022887736558914185,4
two_concepts,bn2_w16_gmp,6080,centered_logit_fidelity,selected,-0.06246237347035066,4
two_concepts,bn2_w16_gmp,6080,prob_error_reduction,selected,-0.044849902391433716,4
two_concepts,bn2_w16_gmp,6081,centered_logit_fidelity,selected,0.08088417982205445,4
two_concepts,bn2_w16_gmp,6081,prob_error_reduction,selected,0.07393841072916985,4
two_concepts,bn2_w16_gmp,6082,centered_logit_fidelity,selected,-0.025018611957047104,4
two_concepts,bn2_w16_gmp,6082,prob_error_reduction,selected,-0.02387586236000061,4
two_concepts,bn2_w16_gmp,6083,centered_logit_fidelity,selected,0.0037692440511677416,4
two_concepts,bn2_w16_gmp,6083,prob_error_reduction,selected,0.01571425050497055,4
two_concepts,bn2_w16_gmp,6084,centered_logit_fidelity,selected,-0.13708303703478086,4
two_concepts,bn2_w16_gmp,6084,prob_error_reduction,selected,0.08508278802037239,4
two_concepts,bn2_w16_gmp,6085,centered_logit_fidelity,selected,0.1938429084117561,4
two_concepts,bn2_w16_gmp,6085,prob_error_reduction,selected,0.0421990267932415,4
two_concepts,bn2_w16_gmp,6086,centered_logit_fidelity,selected,0.018988109237229434,4
two_concepts,bn2_w16_gmp,6086,prob_error_reduction,selected,-0.07904434949159622,4
two_concepts,bn2_w16_gmp,6087,centered_logit_fidelity,selected,-0.0449629681175438,4
two_concepts,bn2_w16_gmp,6087,prob_error_reduction,selected,0.15272434055805206,4
two_concepts,bn2_w16_gmp,6088,centered_logit_fidelity,selected,-0.04562663108703986,4
two_concepts,bn2_w16_gmp,6088,prob_error_reduction,selected,-0.08376596122980118,4
two_concepts,bn2_w16_gmp,6089,centered_logit_fidelity,selected,-0.033183921807439246,4
two_concepts,bn2_w16_gmp,6089,prob_error_reduction,selected,-0.017708953469991684,4
two_concepts,bn2_w16_gmp,6090,centered_logit_fidelity,selected,0.04873232719275908,4
two_concepts,bn2_w16_gmp,6090,prob_error_reduction,selected,0.15698332525789738,4
two_concepts,bn2_w16_gmp,6091,centered_logit_fidelity,selected,0.002747224140769916,4
two_concepts,bn2_w16_gmp,6091,prob_error_reduction,selected,0.18872907385230064,4
two_concepts,bn2_w16_gmp,6092,centered_logit_fidelity,selected,0.04526362296758152,4
two_concepts,bn2_w16_gmp,6092,prob_error_reduction,selected,0.2701999843120575,4
two_concepts,bn2_w16_gmp,6093,centered_logit_fidelity,selected,0.012409435799873553,4
two_concepts,bn2_w16_gmp,6093,prob_error_reduction,selected,-0.0400523766875267,4
two_concepts,bn2_w16_gmp,6094,centered_logit_fidelity,selected,0.008049641305962169,4
two_concepts,bn2_w16_gmp,6094,prob_error_reduction,selected,-0.05223296582698822,4
two_concepts,bn2_w16_gmp,6095,centered_logit_fidelity,selected,0.04780536439825761,4
two_concepts,bn2_w16_gmp,6095,prob_error_reduction,selected,0.015731561928987503,4
two_concepts,bn2_w16_gmp,6096,centered_logit_fidelity,selected,-0.07973738654308085,4
two_concepts,bn2_w16_gmp,6096,prob_error_reduction,selected,-0.0714544989168644,4
two_concepts,bn2_w16_gmp,6097,centered_logit_fidelity,selected,-0.006576721303952621,4
two_concepts,bn2_w16_gmp,6097,prob_error_reduction,selected,-0.047913966700434685,4
two_concepts,bn2_w16_gmp,6098,centered_logit_fidelity,selected,-0.047320437270725005,4
two_concepts,bn2_w16_gmp,6098,prob_error_reduction,selected,-0.11946253105998039,4
two_concepts,bn2_w16_gmp,6099,centered_logit_fidelity,selected,-0.010634882978171709,4
two_concepts,bn2_w16_gmp,6099,prob_error_reduction,selected,-0.03924429789185524,4
two_concepts,bn4_w16_gap,6000,centered_logit_fidelity,selected,0.01254174470908885,4
two_concepts,bn4_w16_gap,6000,prob_error_reduction,selected,0.03536991775035858,4
two_concepts,bn4_w16_gap,6001,centered_logit_fidelity,selected,0.04409990090027548,4
two_concepts,bn4_w16_gap,6001,prob_error_reduction,selected,0.0309099480509758,4
two_concepts,bn4_w16_gap,6002,centered_logit_fidelity,selected,0.10831682369366785,4
two_concepts,bn4_w16_gap,6002,prob_error_reduction,selected,0.12283965945243835,4
two_concepts,bn4_w16_gap,6003,centered_logit_fidelity,selected,0.0911031582463969,4
two_concepts,bn4_w16_gap,6003,prob_error_reduction,selected,0.1763908937573433,4
two_concepts,bn4_w16_gap,6004,centered_logit_fidelity,selected,0.4291803002237032,4
two_concepts,bn4_w16_gap,6004,prob_error_reduction,selected,0.19635337591171265,4
two_concepts,bn4_w16_gap,6005,centered_logit_fidelity,selected,0.036778761790968964,4
two_concepts,bn4_w16_gap,6005,prob_error_reduction,selected,-0.023453854024410248,4
two_concepts,bn4_w16_gap,6006,centered_logit_fidelity,selected,0.22494602430284294,4
two_concepts,bn4_w16_gap,6006,prob_error_reduction,selected,0.09225840866565704,4
two_concepts,bn4_w16_gap,6007,centered_logit_fidelity,selected,0.06451345762672149,4
two_concepts,bn4_w16_gap,6007,prob_error_reduction,selected,0.09553496539592743,4
two_concepts,bn4_w16_gap,6008,centered_logit_fidelity,selected,0.21649280292553458,4
two_concepts,bn4_w16_gap,6008,prob_error_reduction,selected,0.25708458200097084,4
two_concepts,bn4_w16_gap,6009,centered_logit_fidelity,selected,0.1078685517419435,4
two_concepts,bn4_w16_gap,6009,prob_error_reduction,selected,-0.009581461548805237,4
two_concepts,bn4_w16_gap,6010,centered_logit_fidelity,selected,0.059833031134881434,4
two_concepts,bn4_w16_gap,6010,prob_error_reduction,selected,0.03803674131631851,4
two_concepts,bn4_w16_gap,6011,centered_logit_fidelity,selected,0.04819111059447126,4
two_concepts,bn4_w16_gap,6011,prob_error_reduction,selected,0.06728597730398178,4
two_concepts,bn4_w16_gap,6012,centered_logit_fidelity,selected,0.08969569408206915,4
two_concepts,bn4_w16_gap,6012,prob_error_reduction,selected,-0.0005490630865097046,4
two_concepts,bn4_w16_gap,6013,centered_logit_fidelity,selected,0.14713493169750175,4
two_concepts,bn4_w16_gap,6013,prob_error_reduction,selected,0.19487808644771576,4
two_concepts,bn4_w16_gap,6014,centered_logit_fidelity,selected,0.14706394324580152,4
two_concepts,bn4_w16_gap,6014,prob_error_reduction,selected,0.15751346945762634,4
two_concepts,bn4_w16_gap,6015,centered_logit_fidelity,selected,0.2237608163164851,4
two_concepts,bn4_w16_gap,6015,prob_error_reduction,selected,0.09708764776587486,4
two_concepts,bn4_w16_gap,6016,centered_logit_fidelity,selected,-0.10315900299176257,4
two_concepts,bn4_w16_gap,6016,prob_error_reduction,selected,-0.28197453171014786,4
two_concepts,bn4_w16_gap,6017,centered_logit_fidelity,selected,-0.03833192507810228,4
two_concepts,bn4_w16_gap,6017,prob_error_reduction,selected,-0.11398774571716785,4
two_concepts,bn4_w16_gap,6018,centered_logit_fidelity,selected,-0.02974512864109201,4
two_concepts,bn4_w16_gap,6018,prob_error_reduction,selected,0.132805947214365,4
two_concepts,bn4_w16_gap,6019,centered_logit_fidelity,selected,0.038204522505829355,4
two_concepts,bn4_w16_gap,6019,prob_error_reduction,selected,-0.07746206223964691,4
two_concepts,bn4_w16_gap,6020,centered_logit_fidelity,selected,-0.03178133085609637,4
two_concepts,bn4_w16_gap,6020,prob_error_reduction,selected,0.030886832624673843,4
two_concepts,bn4_w16_gap,6021,centered_logit_fidelity,selected,-0.022935773374778437,4
two_concepts,bn4_w16_gap,6021,prob_error_reduction,selected,-0.09645593166351318,4
two_concepts,bn4_w16_gap,6022,centered_logit_fidelity,selected,0.325708147629247,4
two_concepts,bn4_w16_gap,6022,prob_error_reduction,selected,0.194866593927145,4
two_concepts,bn4_w16_gap,6023,centered_logit_fidelity,selected,0.3396790581687093,4
two_concepts,bn4_w16_gap,6023,prob_error_reduction,selected,0.4093843102455139,4
two_concepts,bn4_w16_gap,6024,centered_logit_fidelity,selected,0.15657856530642805,4
two_concepts,bn4_w16_gap,6024,prob_error_reduction,selected,0.15246284753084183,4
two_concepts,bn4_w16_gap,6025,centered_logit_fidelity,selected,0.12598600536763493,4
two_concepts,bn4_w16_gap,6025,prob_error_reduction,selected,0.21822649985551834,4
two_concepts,bn4_w16_gap,6026,centered_logit_fidelity,selected,0.09140692273006559,4
two_concepts,bn4_w16_gap,6026,prob_error_reduction,selected,0.00291423499584198,4
two_concepts,bn4_w16_gap,6027,centered_logit_fidelity,selected,0.023088871080279835,4
two_concepts,bn4_w16_gap,6027,prob_error_reduction,selected,0.0708385780453682,4
two_concepts,bn4_w16_gap,6028,centered_logit_fidelity,selected,0.2702212644878881,4
two_concepts,bn4_w16_gap,6028,prob_error_reduction,selected,0.04998760670423508,4
two_concepts,bn4_w16_gap,6029,centered_logit_fidelity,selected,0.06118589263058727,4
two_concepts,bn4_w16_gap,6029,prob_error_reduction,selected,0.17341627925634384,4
two_concepts,bn4_w16_gap,6030,centered_logit_fidelity,selected,0.3581409329028374,4
two_concepts,bn4_w16_gap,6030,prob_error_reduction,selected,0.1432472988963127,4
two_concepts,bn4_w16_gap,6031,centered_logit_fidelity,selected,0.04524733255731514,4
two_concepts,bn4_w16_gap,6031,prob_error_reduction,selected,0.05309631675481796,4
two_concepts,bn4_w16_gap,6032,centered_logit_fidelity,selected,0.3005362370565058,4
two_concepts,bn4_w16_gap,6032,prob_error_reduction,selected,0.054243698716163635,4
two_concepts,bn4_w16_gap,6033,centered_logit_fidelity,selected,0.07492552040241193,4
two_concepts,bn4_w16_gap,6033,prob_error_reduction,selected,-0.1202101819217205,4
two_concepts,bn4_w16_gap,6034,centered_logit_fidelity,selected,0.286295575193808,4
two_concepts,bn4_w16_gap,6034,prob_error_reduction,selected,-0.02890107035636902,4
two_concepts,bn4_w16_gap,6035,centered_logit_fidelity,selected,0.33144629794388675,4
two_concepts,bn4_w16_gap,6035,prob_error_reduction,selected,0.08865749835968018,4
two_concepts,bn4_w16_gap,6036,centered_logit_fidelity,selected,0.40525546231799736,4
two_concepts,bn4_w16_gap,6036,prob_error_reduction,selected,0.35155460983514786,4
two_concepts,bn4_w16_gap,6037,centered_logit_fidelity,selected,-0.22428152280756786,4
two_concepts,bn4_w16_gap,6037,prob_error_reduction,selected,0.052821069955825806,4
two_concepts,bn4_w16_gap,6038,centered_logit_fidelity,selected,0.23965497146604808,4
two_concepts,bn4_w16_gap,6038,prob_error_reduction,selected,0.2044822797179222,4
two_concepts,bn4_w16_gap,6039,centered_logit_fidelity,selected,0.25928733340754123,4
two_concepts,bn4_w16_gap,6039,prob_error_reduction,selected,-0.0894906222820282,4
two_concepts,bn4_w16_gap,6040,centered_logit_fidelity,selected,0.26408501407422597,4
two_concepts,bn4_w16_gap,6040,prob_error_reduction,selected,0.1499825045466423,4
two_concepts,bn4_w16_gap,6041,centered_logit_fidelity,selected,0.16196030876809578,4
two_concepts,bn4_w16_gap,6041,prob_error_reduction,selected,0.0553501695394516,4
two_concepts,bn4_w16_gap,6042,centered_logit_fidelity,selected,0.41297339834626645,4
two_concepts,bn4_w16_gap,6042,prob_error_reduction,selected,0.11066780984401703,4
two_concepts,bn4_w16_gap,6043,centered_logit_fidelity,selected,0.14479839184500665,4
two_concepts,bn4_w16_gap,6043,prob_error_reduction,selected,0.12830761820077896,4
two_concepts,bn4_w16_gap,6044,centered_logit_fidelity,selected,0.07217150570053527,4
two_concepts,bn4_w16_gap,6044,prob_error_reduction,selected,0.15656805038452148,4
two_concepts,bn4_w16_gap,6045,centered_logit_fidelity,selected,0.25829429297452094,4
two_concepts,bn4_w16_gap,6045,prob_error_reduction,selected,0.06764761358499527,4
two_concepts,bn4_w16_gap,6046,centered_logit_fidelity,selected,0.06591761266588772,4
two_concepts,bn4_w16_gap,6046,prob_error_reduction,selected,0.10583596676588058,4
two_concepts,bn4_w16_gap,6047,centered_logit_fidelity,selected,0.43616157126878086,4
two_concepts,bn4_w16_gap,6047,prob_error_reduction,selected,0.1675843819975853,4
two_concepts,bn4_w16_gap,6048,centered_logit_fidelity,selected,0.150157356211366,4
two_concepts,bn4_w16_gap,6048,prob_error_reduction,selected,0.1148451566696167,4
two_concepts,bn4_w16_gap,6049,centered_logit_fidelity,selected,0.08211441856800804,4
two_concepts,bn4_w16_gap,6049,prob_error_reduction,selected,-0.02284960448741913,4
two_concepts,bn4_w16_gap,6050,centered_logit_fidelity,selected,0.10555645691821858,4
two_concepts,bn4_w16_gap,6050,prob_error_reduction,selected,0.196061372756958,4
two_concepts,bn4_w16_gap,6051,centered_logit_fidelity,selected,-0.02013907893787091,4
two_concepts,bn4_w16_gap,6051,prob_error_reduction,selected,-0.12561813741922379,4
two_concepts,bn4_w16_gap,6052,centered_logit_fidelity,selected,0.0433040109386604,4
two_concepts,bn4_w16_gap,6052,prob_error_reduction,selected,-0.010594494640827179,4
two_concepts,bn4_w16_gap,6053,centered_logit_fidelity,selected,0.3193491845791781,4
two_concepts,bn4_w16_gap,6053,prob_error_reduction,selected,0.024366922676563263,4
two_concepts,bn4_w16_gap,6054,centered_logit_fidelity,selected,0.009404045114732223,4
two_concepts,bn4_w16_gap,6054,prob_error_reduction,selected,0.036022596061229706,4
two_concepts,bn4_w16_gap,6055,centered_logit_fidelity,selected,0.17069166100479974,4
two_concepts,bn4_w16_gap,6055,prob_error_reduction,selected,-0.057469435036182404,4
two_concepts,bn4_w16_gap,6056,centered_logit_fidelity,selected,0.1552782381187679,4
two_concepts,bn4_w16_gap,6056,prob_error_reduction,selected,0.10870923101902008,4
two_concepts,bn4_w16_gap,6057,centered_logit_fidelity,selected,-0.04280346049263903,4
two_concepts,bn4_w16_gap,6057,prob_error_reduction,selected,-0.027029015123844147,4
two_concepts,bn4_w16_gap,6058,centered_logit_fidelity,selected,0.062010226700346976,4
two_concepts,bn4_w16_gap,6058,prob_error_reduction,selected,-0.053070828318595886,4
two_concepts,bn4_w16_gap,6059,centered_logit_fidelity,selected,0.19564354258735195,4
two_concepts,bn4_w16_gap,6059,prob_error_reduction,selected,0.1659509539604187,4
two_concepts,bn4_w16_gap,6060,centered_logit_fidelity,selected,0.2161829593264459,4
two_concepts,bn4_w16_gap,6060,prob_error_reduction,selected,0.00999458134174347,4
two_concepts,bn4_w16_gap,6061,centered_logit_fidelity,selected,0.24951303278813944,4
two_concepts,bn4_w16_gap,6061,prob_error_reduction,selected,0.16688703745603561,4
two_concepts,bn4_w16_gap,6062,centered_logit_fidelity,selected,0.2062022568044864,4
two_concepts,bn4_w16_gap,6062,prob_error_reduction,selected,0.13483579456806183,4
two_concepts,bn4_w16_gap,6063,centered_logit_fidelity,selected,0.23263911632615314,4
two_concepts,bn4_w16_gap,6063,prob_error_reduction,selected,0.12601397931575775,4
two_concepts,bn4_w16_gap,6064,centered_logit_fidelity,selected,0.17218945902620397,4
two_concepts,bn4_w16_gap,6064,prob_error_reduction,selected,0.13708387315273285,4
two_concepts,bn4_w16_gap,6065,centered_logit_fidelity,selected,0.14374538777873094,4
two_concepts,bn4_w16_gap,6065,prob_error_reduction,selected,0.06344461441040039,4
two_concepts,bn4_w16_gap,6066,centered_logit_fidelity,selected,-0.012425859182714522,4
two_concepts,bn4_w16_gap,6066,prob_error_reduction,selected,0.08224504441022873,4
two_concepts,bn4_w16_gap,6067,centered_logit_fidelity,selected,0.1262371717794883,4
two_concepts,bn4_w16_gap,6067,prob_error_reduction,selected,-0.03821564465761185,4
two_concepts,bn4_w16_gap,6068,centered_logit_fidelity,selected,0.3983731145617019,4
two_concepts,bn4_w16_gap,6068,prob_error_reduction,selected,0.34711192548274994,4
two_concepts,bn4_w16_gap,6069,centered_logit_fidelity,selected,0.10169155209803885,4
two_concepts,bn4_w16_gap,6069,prob_error_reduction,selected,0.008419454097747803,4
two_concepts,bn4_w16_gap,6070,centered_logit_fidelity,selected,0.20186835375232842,4
two_concepts,bn4_w16_gap,6070,prob_error_reduction,selected,-0.040567796677351,4
two_concepts,bn4_w16_gap,6071,centered_logit_fidelity,selected,0.18173736539341928,4
two_concepts,bn4_w16_gap,6071,prob_error_reduction,selected,-0.014651976525783539,4
two_concepts,bn4_w16_gap,6072,centered_logit_fidelity,selected,0.04485304926485981,4
two_concepts,bn4_w16_gap,6072,prob_error_reduction,selected,-0.04982812702655792,4
two_concepts,bn4_w16_gap,6073,centered_logit_fidelity,selected,0.15260402192336103,4
two_concepts,bn4_w16_gap,6073,prob_error_reduction,selected,-0.12969017028808594,4
two_concepts,bn4_w16_gap,6074,centered_logit_fidelity,selected,0.15074122099039466,4
two_concepts,bn4_w16_gap,6074,prob_error_reduction,selected,0.2656862437725067,4
two_concepts,bn4_w16_gap,6075,centered_logit_fidelity,selected,-0.019348279906362092,4
two_concepts,bn4_w16_gap,6075,prob_error_reduction,selected,0.029129676520824432,4
two_concepts,bn4_w16_gap,6076,centered_logit_fidelity,selected,0.022226170471713158,4
two_concepts,bn4_w16_gap,6076,prob_error_reduction,selected,-0.02857646346092224,4
two_concepts,bn4_w16_gap,6077,centered_logit_fidelity,selected,0.12845589908032323,4
two_concepts,bn4_w16_gap,6077,prob_error_reduction,selected,0.08388634771108627,4
two_concepts,bn4_w16_gap,6078,centered_logit_fidelity,selected,0.1204516391966349,4
two_concepts,bn4_w16_gap,6078,prob_error_reduction,selected,-0.0016973242163658142,4
two_concepts,bn4_w16_gap,6079,centered_logit_fidelity,selected,-0.017787304484685282,4
two_concepts,bn4_w16_gap,6079,prob_error_reduction,selected,-0.014003723859786987,4
two_concepts,bn4_w16_gap,6080,centered_logit_fidelity,selected,0.24766198022602948,4
two_concepts,bn4_w16_gap,6080,prob_error_reduction,selected,0.13728680089116096,4
two_concepts,bn4_w16_gap,6081,centered_logit_fidelity,selected,0.16167937245498787,4
two_concepts,bn4_w16_gap,6081,prob_error_reduction,selected,0.0712767019867897,4
two_concepts,bn4_w16_gap,6082,centered_logit_fidelity,selected,0.3543140899166127,4
two_concepts,bn4_w16_gap,6082,prob_error_reduction,selected,0.05375124514102936,4
two_concepts,bn4_w16_gap,6083,centered_logit_fidelity,selected,0.334120966606812,4
two_concepts,bn4_w16_gap,6083,prob_error_reduction,selected,0.2393919676542282,4
two_concepts,bn4_w16_gap,6084,centered_logit_fidelity,selected,0.44889036572007324,4
two_concepts,bn4_w16_gap,6084,prob_error_reduction,selected,0.12482277303934097,4
two_concepts,bn4_w16_gap,6085,centered_logit_fidelity,selected,0.21238431078848727,4
two_concepts,bn4_w16_gap,6085,prob_error_reduction,selected,0.22404427081346512,4
two_concepts,bn4_w16_gap,6086,centered_logit_fidelity,selected,0.17202595856624436,4
two_concepts,bn4_w16_gap,6086,prob_error_reduction,selected,0.21608521789312363,4
two_concepts,bn4_w16_gap,6087,centered_logit_fidelity,selected,0.193758917451011,4
two_concepts,bn4_w16_gap,6087,prob_error_reduction,selected,0.11306137591600418,4
two_concepts,bn4_w16_gap,6088,centered_logit_fidelity,selected,-0.0037794740307101615,4
two_concepts,bn4_w16_gap,6088,prob_error_reduction,selected,-0.11513390392065048,4
two_concepts,bn4_w16_gap,6089,centered_logit_fidelity,selected,-0.08981329381931866,4
two_concepts,bn4_w16_gap,6089,prob_error_reduction,selected,0.07714205235242844,4
two_concepts,bn4_w16_gap,6090,centered_logit_fidelity,selected,0.07885039587239367,4
two_concepts,bn4_w16_gap,6090,prob_error_reduction,selected,0.05297578126192093,4
two_concepts,bn4_w16_gap,6091,centered_logit_fidelity,selected,-0.01195489377028408,4
two_concepts,bn4_w16_gap,6091,prob_error_reduction,selected,0.1254306212067604,4
two_concepts,bn4_w16_gap,6092,centered_logit_fidelity,selected,-0.06310192814629795,4
two_concepts,bn4_w16_gap,6092,prob_error_reduction,selected,0.1759422868490219,4
two_concepts,bn4_w16_gap,6093,centered_logit_fidelity,selected,0.15278452183306376,4
two_concepts,bn4_w16_gap,6093,prob_error_reduction,selected,0.07320472225546837,4
two_concepts,bn4_w16_gap,6094,centered_logit_fidelity,selected,0.36493632529413367,4
two_concepts,bn4_w16_gap,6094,prob_error_reduction,selected,-0.040422841906547546,4
two_concepts,bn4_w16_gap,6095,centered_logit_fidelity,selected,0.038046698699660486,4
two_concepts,bn4_w16_gap,6095,prob_error_reduction,selected,0.10571354627609253,4
two_concepts,bn4_w16_gap,6096,centered_logit_fidelity,selected,0.19559204762009513,4
two_concepts,bn4_w16_gap,6096,prob_error_reduction,selected,0.28121788799762726,4
two_concepts,bn4_w16_gap,6097,centered_logit_fidelity,selected,0.09043359245463546,4
two_concepts,bn4_w16_gap,6097,prob_error_reduction,selected,0.01355191320180893,4
two_concepts,bn4_w16_gap,6098,centered_logit_fidelity,selected,0.09583982485147789,4
two_concepts,bn4_w16_gap,6098,prob_error_reduction,selected,0.08354517817497253,4
two_concepts,bn4_w16_gap,6099,centered_logit_fidelity,selected,0.29637184881511036,4
two_concepts,bn4_w16_gap,6099,prob_error_reduction,selected,0.025315314531326294,4
two_concepts,bn4_w16_gmp,6000,centered_logit_fidelity,selected,0.037723735618306414,4
two_concepts,bn4_w16_gmp,6000,prob_error_reduction,selected,-0.012554030865430832,4
two_concepts,bn4_w16_gmp,6001,centered_logit_fidelity,selected,0.02774683091417643,4
two_concepts,bn4_w16_gmp,6001,prob_error_reduction,selected,-0.018008213490247726,4
two_concepts,bn4_w16_gmp,6002,centered_logit_fidelity,selected,0.03773450286233426,4
two_concepts,bn4_w16_gmp,6002,prob_error_reduction,selected,0.06171704642474651,4
two_concepts,bn4_w16_gmp,6003,centered_logit_fidelity,selected,-0.049434523903847546,4
two_concepts,bn4_w16_gmp,6003,prob_error_reduction,selected,-0.1450079306960106,4
two_concepts,bn4_w16_gmp,6004,centered_logit_fidelity,selected,0.004330276929219751,4
two_concepts,bn4_w16_gmp,6004,prob_error_reduction,selected,0.0011049695312976837,4
two_concepts,bn4_w16_gmp,6005,centered_logit_fidelity,selected,-0.04297377394365562,4
two_concepts,bn4_w16_gmp,6005,prob_error_reduction,selected,-0.02643263339996338,4
two_concepts,bn4_w16_gmp,6006,centered_logit_fidelity,selected,0.045996188972851654,4
two_concepts,bn4_w16_gmp,6006,prob_error_reduction,selected,0.05258134379982948,4
two_concepts,bn4_w16_gmp,6007,centered_logit_fidelity,selected,-0.013863127336427236,4
two_concepts,bn4_w16_gmp,6007,prob_error_reduction,selected,-0.030001263599842787,4
two_concepts,bn4_w16_gmp,6008,centered_logit_fidelity,selected,-0.013344923300006348,4
two_concepts,bn4_w16_gmp,6008,prob_error_reduction,selected,-0.0008753836154937744,4
two_concepts,bn4_w16_gmp,6009,centered_logit_fidelity,selected,0.014923837856352554,4
two_concepts,bn4_w16_gmp,6009,prob_error_reduction,selected,-0.05792134255170822,4
two_concepts,bn4_w16_gmp,6010,centered_logit_fidelity,selected,-0.004285230294976877,4
two_concepts,bn4_w16_gmp,6010,prob_error_reduction,selected,0.022580381482839584,4
two_concepts,bn4_w16_gmp,6011,centered_logit_fidelity,selected,-0.05433008176708305,4
two_concepts,bn4_w16_gmp,6011,prob_error_reduction,selected,-0.14648806676268578,4
two_concepts,bn4_w16_gmp,6012,centered_logit_fidelity,selected,0.01276744961002041,4
two_concepts,bn4_w16_gmp,6012,prob_error_reduction,selected,0.022559277713298798,4
two_concepts,bn4_w16_gmp,6013,centered_logit_fidelity,selected,0.06873390403241184,4
two_concepts,bn4_w16_gmp,6013,prob_error_reduction,selected,0.10449802502989769,4
two_concepts,bn4_w16_gmp,6014,centered_logit_fidelity,selected,0.0058110896271677814,4
two_concepts,bn4_w16_gmp,6014,prob_error_reduction,selected,-0.022755596786737442,4
two_concepts,bn4_w16_gmp,6015,centered_logit_fidelity,selected,0.02217720235027469,4
two_concepts,bn4_w16_gmp,6015,prob_error_reduction,selected,0.019728990271687508,4
two_concepts,bn4_w16_gmp,6016,centered_logit_fidelity,selected,0.02671383748470897,4
two_concepts,bn4_w16_gmp,6016,prob_error_reduction,selected,0.049335213378071785,4
two_concepts,bn4_w16_gmp,6017,centered_logit_fidelity,selected,0.018439542888244106,4
two_concepts,bn4_w16_gmp,6017,prob_error_reduction,selected,-0.04242192581295967,4
two_concepts,bn4_w16_gmp,6018,centered_logit_fidelity,selected,0.011688005138185353,4
two_concepts,bn4_w16_gmp,6018,prob_error_reduction,selected,-0.0027029383927583694,4
two_concepts,bn4_w16_gmp,6019,centered_logit_fidelity,selected,0.0339154985472218,4
two_concepts,bn4_w16_gmp,6019,prob_error_reduction,selected,0.034210014156997204,4
two_concepts,bn4_w16_gmp,6020,centered_logit_fidelity,selected,0.0019411749129098765,4
two_concepts,bn4_w16_gmp,6020,prob_error_reduction,selected,-0.06373940035700798,4
two_concepts,bn4_w16_gmp,6021,centered_logit_fidelity,selected,0.024672458721326382,4
two_concepts,bn4_w16_gmp,6021,prob_error_reduction,selected,0.012916872277855873,4
two_concepts,bn4_w16_gmp,6022,centered_logit_fidelity,selected,0.022271632984767628,4
two_concepts,bn4_w16_gmp,6022,prob_error_reduction,selected,-0.01142839714884758,4
two_concepts,bn4_w16_gmp,6023,centered_logit_fidelity,selected,0.023091495784864052,4
two_concepts,bn4_w16_gmp,6023,prob_error_reduction,selected,-0.0389166995882988,4
two_concepts,bn4_w16_gmp,6024,centered_logit_fidelity,selected,0.049882181275007445,4
two_concepts,bn4_w16_gmp,6024,prob_error_reduction,selected,-0.008312780410051346,4
two_concepts,bn4_w16_gmp,6025,centered_logit_fidelity,selected,-0.005616553100709187,4
two_concepts,bn4_w16_gmp,6025,prob_error_reduction,selected,-0.026756707578897476,4
two_concepts,bn4_w16_gmp,6026,centered_logit_fidelity,selected,-0.04453906459609103,4
two_concepts,bn4_w16_gmp,6026,prob_error_reduction,selected,-0.14037440530955791,4
two_concepts,bn4_w16_gmp,6027,centered_logit_fidelity,selected,0.03890645275511728,4
two_concepts,bn4_w16_gmp,6027,prob_error_reduction,selected,-0.007586158812046051,4
two_concepts,bn4_w16_gmp,6028,centered_logit_fidelity,selected,-0.005763729957983008,4
two_concepts,bn4_w16_gmp,6028,prob_error_reduction,selected,0.08202127367258072,4
two_concepts,bn4_w16_gmp,6029,centered_logit_fidelity,selected,0.007267414026579405,4
two_concepts,bn4_w16_gmp,6029,prob_error_reduction,selected,0.06375817582011223,4
two_concepts,bn4_w16_gmp,6030,centered_logit_fidelity,selected,-0.013744190658219274,4
two_concepts,bn4_w16_gmp,6030,prob_error_reduction,selected,-0.0052985697984695435,4
two_concepts,bn4_w16_gmp,6031,centered_logit_fidelity,selected,0.04688617557497078,4
two_concepts,bn4_w16_gmp,6031,prob_error_reduction,selected,0.007880248129367828,4
two_concepts,bn4_w16_gmp,6032,centered_logit_fidelity,selected,0.04733356823546575,4
two_concepts,bn4_w16_gmp,6032,prob_error_reduction,selected,0.03258801158517599,4
two_concepts,bn4_w16_gmp,6033,centered_logit_fidelity,selected,0.018839983380406516,4
two_concepts,bn4_w16_gmp,6033,prob_error_reduction,selected,-0.05962168611586094,4
two_concepts,bn4_w16_gmp,6034,centered_logit_fidelity,selected,-0.0955235333949285,4
two_concepts,bn4_w16_gmp,6034,prob_error_reduction,selected,-0.17948753107339144,4
two_concepts,bn4_w16_gmp,6035,centered_logit_fidelity,selected,-0.01919665673073255,4
two_concepts,bn4_w16_gmp,6035,prob_error_reduction,selected,-0.005326084792613983,4
two_concepts,bn4_w16_gmp,6036,centered_logit_fidelity,selected,0.07116339425232197,4
two_concepts,bn4_w16_gmp,6036,prob_error_reduction,selected,0.11094731092453003,4
two_concepts,bn4_w16_gmp,6037,centered_logit_fidelity,selected,0.008675515725167324,4
two_concepts,bn4_w16_gmp,6037,prob_error_reduction,selected,0.04505082592368126,4
two_concepts,bn4_w16_gmp,6038,centered_logit_fidelity,selected,0.001406747994383381,4
two_concepts,bn4_w16_gmp,6038,prob_error_reduction,selected,-0.01592293009161949,4
two_concepts,bn4_w16_gmp,6039,centered_logit_fidelity,selected,0.04397273780782404,4
two_concepts,bn4_w16_gmp,6039,prob_error_reduction,selected,0.04698876477777958,4
two_concepts,bn4_w16_gmp,6040,centered_logit_fidelity,selected,0.013532165018729017,4
two_concepts,bn4_w16_gmp,6040,prob_error_reduction,selected,0.03643154352903366,4
two_concepts,bn4_w16_gmp,6041,centered_logit_fidelity,selected,0.03409431567168843,4
two_concepts,bn4_w16_gmp,6041,prob_error_reduction,selected,0.1414079535752535,4
two_concepts,bn4_w16_gmp,6042,centered_logit_fidelity,selected,0.020544865219747646,4
two_concepts,bn4_w16_gmp,6042,prob_error_reduction,selected,0.04173585958778858,4
two_concepts,bn4_w16_gmp,6043,centered_logit_fidelity,selected,-0.016609711233364577,4
two_concepts,bn4_w16_gmp,6043,prob_error_reduction,selected,-0.12196633964776993,4
two_concepts,bn4_w16_gmp,6044,centered_logit_fidelity,selected,-0.008025719404162204,4
two_concepts,bn4_w16_gmp,6044,prob_error_reduction,selected,0.005731751210987568,4
two_concepts,bn4_w16_gmp,6045,centered_logit_fidelity,selected,-0.024400083624426916,4
two_concepts,bn4_w16_gmp,6045,prob_error_reduction,selected,0.05452774465084076,4
two_concepts,bn4_w16_gmp,6046,centered_logit_fidelity,selected,0.0749980533070047,4
two_concepts,bn4_w16_gmp,6046,prob_error_reduction,selected,0.030279027298092842,4
two_concepts,bn4_w16_gmp,6047,centered_logit_fidelity,selected,0.022114740469192706,4
two_concepts,bn4_w16_gmp,6047,prob_error_reduction,selected,0.09688020963221788,4
two_concepts,bn4_w16_gmp,6048,centered_logit_fidelity,selected,0.004786494950764636,4
two_concepts,bn4_w16_gmp,6048,prob_error_reduction,selected,-0.08140089921653271,4
two_concepts,bn4_w16_gmp,6049,centered_logit_fidelity,selected,0.003747635369108271,4
two_concepts,bn4_w16_gmp,6049,prob_error_reduction,selected,-0.11233788263052702,4
two_concepts,bn4_w16_gmp,6050,centered_logit_fidelity,selected,-0.010437292514165808,4
two_concepts,bn4_w16_gmp,6050,prob_error_reduction,selected,-0.01956222578883171,4
two_concepts,bn4_w16_gmp,6051,centered_logit_fidelity,selected,0.038597727895488945,4
two_concepts,bn4_w16_gmp,6051,prob_error_reduction,selected,-0.009773612022399902,4
two_concepts,bn4_w16_gmp,6052,centered_logit_fidelity,selected,-0.012446565525325831,4
two_concepts,bn4_w16_gmp,6052,prob_error_reduction,selected,-0.00986138079315424,4
two_concepts,bn4_w16_gmp,6053,centered_logit_fidelity,selected,0.020161418892112412,4
two_concepts,bn4_w16_gmp,6053,prob_error_reduction,selected,0.04305432364344597,4
two_concepts,bn4_w16_gmp,6054,centered_logit_fidelity,selected,-0.008741132175671379,4
two_concepts,bn4_w16_gmp,6054,prob_error_reduction,selected,0.0027568768709897995,4
two_concepts,bn4_w16_gmp,6055,centered_logit_fidelity,selected,0.04240471231240803,4
two_concepts,bn4_w16_gmp,6055,prob_error_reduction,selected,0.018426964059472084,4
two_concepts,bn4_w16_gmp,6056,centered_logit_fidelity,selected,0.024801000187892844,4
two_concepts,bn4_w16_gmp,6056,prob_error_reduction,selected,-0.006016455590724945,4
two_concepts,bn4_w16_gmp,6057,centered_logit_fidelity,selected,-0.04736639043672279,4
two_concepts,bn4_w16_gmp,6057,prob_error_reduction,selected,-0.06262492015957832,4
two_concepts,bn4_w16_gmp,6058,centered_logit_fidelity,selected,0.009311123893234977,4
two_concepts,bn4_w16_gmp,6058,prob_error_reduction,selected,-0.03144605830311775,4
two_concepts,bn4_w16_gmp,6059,centered_logit_fidelity,selected,-0.07471601840025462,4
two_concepts,bn4_w16_gmp,6059,prob_error_reduction,selected,-0.07206016406416893,4
two_concepts,bn4_w16_gmp,6060,centered_logit_fidelity,selected,0.04752720385494659,4
two_concepts,bn4_w16_gmp,6060,prob_error_reduction,selected,0.09722015261650085,4
two_concepts,bn4_w16_gmp,6061,centered_logit_fidelity,selected,0.04015225582627932,4
two_concepts,bn4_w16_gmp,6061,prob_error_reduction,selected,0.05229032784700394,4
two_concepts,bn4_w16_gmp,6062,centered_logit_fidelity,selected,-0.05537573083118488,4
two_concepts,bn4_w16_gmp,6062,prob_error_reduction,selected,-0.08281756145879626,4
two_concepts,bn4_w16_gmp,6063,centered_logit_fidelity,selected,0.02878102617923843,4
two_concepts,bn4_w16_gmp,6063,prob_error_reduction,selected,-0.054794637486338615,4
two_concepts,bn4_w16_gmp,6064,centered_logit_fidelity,selected,0.014771975472773952,4
two_concepts,bn4_w16_gmp,6064,prob_error_reduction,selected,-0.0792848952114582,4
two_concepts,bn4_w16_gmp,6065,centered_logit_fidelity,selected,-0.019329754698689,4
two_concepts,bn4_w16_gmp,6065,prob_error_reduction,selected,-0.10949151962995529,4
two_concepts,bn4_w16_gmp,6066,centered_logit_fidelity,selected,0.019339461708628186,4
two_concepts,bn4_w16_gmp,6066,prob_error_reduction,selected,0.04701776150614023,4
two_concepts,bn4_w16_gmp,6067,centered_logit_fidelity,selected,0.04658220891537214,4
two_concepts,bn4_w16_gmp,6067,prob_error_reduction,selected,0.034561158157885075,4
two_concepts,bn4_w16_gmp,6068,centered_logit_fidelity,selected,0.031107149130922065,4
two_concepts,bn4_w16_gmp,6068,prob_error_reduction,selected,0.05008895695209503,4
two_concepts,bn4_w16_gmp,6069,centered_logit_fidelity,selected,0.016220591567552012,4
two_concepts,bn4_w16_gmp,6069,prob_error_reduction,selected,0.02118503674864769,4
two_concepts,bn4_w16_gmp,6070,centered_logit_fidelity,selected,0.034420196549521456,4
two_concepts,bn4_w16_gmp,6070,prob_error_reduction,selected,0.10069405473768711,4
two_concepts,bn4_w16_gmp,6071,centered_logit_fidelity,selected,-0.05507329533575972,4
two_concepts,bn4_w16_gmp,6071,prob_error_reduction,selected,-0.060984427109360695,4
two_concepts,bn4_w16_gmp,6072,centered_logit_fidelity,selected,-0.016024608900019485,4
two_concepts,bn4_w16_gmp,6072,prob_error_reduction,selected,-0.040015559643507004,4
two_concepts,bn4_w16_gmp,6073,centered_logit_fidelity,selected,0.04691270340679446,4
two_concepts,bn4_w16_gmp,6073,prob_error_reduction,selected,0.007813762873411179,4
two_concepts,bn4_w16_gmp,6074,centered_logit_fidelity,selected,-0.007552096344311671,4
two_concepts,bn4_w16_gmp,6074,prob_error_reduction,selected,-0.008726440370082855,4
two_concepts,bn4_w16_gmp,6075,centered_logit_fidelity,selected,0.016268092141257892,4
two_concepts,bn4_w16_gmp,6075,prob_error_reduction,selected,0.057394858449697495,4
two_concepts,bn4_w16_gmp,6076,centered_logit_fidelity,selected,0.01125929676094442,4
two_concepts,bn4_w16_gmp,6076,prob_error_reduction,selected,0.18398388102650642,4
two_concepts,bn4_w16_gmp,6077,centered_logit_fidelity,selected,0.04458497154990608,4
two_concepts,bn4_w16_gmp,6077,prob_error_reduction,selected,-0.023314066231250763,4
two_concepts,bn4_w16_gmp,6078,centered_logit_fidelity,selected,0.008000309374689402,4
two_concepts,bn4_w16_gmp,6078,prob_error_reduction,selected,-0.09039475582540035,4
two_concepts,bn4_w16_gmp,6079,centered_logit_fidelity,selected,-0.0007871095957837082,4
two_concepts,bn4_w16_gmp,6079,prob_error_reduction,selected,-0.11695624142885208,4
two_concepts,bn4_w16_gmp,6080,centered_logit_fidelity,selected,-0.01533479274581108,4
two_concepts,bn4_w16_gmp,6080,prob_error_reduction,selected,-0.07448133081197739,4
two_concepts,bn4_w16_gmp,6081,centered_logit_fidelity,selected,0.0006916708974906288,4
two_concepts,bn4_w16_gmp,6081,prob_error_reduction,selected,0.04047238081693649,4
two_concepts,bn4_w16_gmp,6082,centered_logit_fidelity,selected,0.026757244207268785,4
two_concepts,bn4_w16_gmp,6082,prob_error_reduction,selected,-0.009853735566139221,4
two_concepts,bn4_w16_gmp,6083,centered_logit_fidelity,selected,0.09787470452036288,4
two_concepts,bn4_w16_gmp,6083,prob_error_reduction,selected,-0.02485664188861847,4
two_concepts,bn4_w16_gmp,6084,centered_logit_fidelity,selected,0.014352333445367016,4
two_concepts,bn4_w16_gmp,6084,prob_error_reduction,selected,0.008274661377072334,4
two_concepts,bn4_w16_gmp,6085,centered_logit_fidelity,selected,0.007458972389552704,4
two_concepts,bn4_w16_gmp,6085,prob_error_reduction,selected,-0.1631886512041092,4
two_concepts,bn4_w16_gmp,6086,centered_logit_fidelity,selected,0.07154474383482572,4
two_concepts,bn4_w16_gmp,6086,prob_error_reduction,selected,0.03078377991914749,4
two_concepts,bn4_w16_gmp,6087,centered_logit_fidelity,selected,0.08766264083484188,4
two_concepts,bn4_w16_gmp,6087,prob_error_reduction,selected,0.15445703268051147,4
two_concepts,bn4_w16_gmp,6088,centered_logit_fidelity,selected,0.03174094379415368,4
two_concepts,bn4_w16_gmp,6088,prob_error_reduction,selected,0.014377351850271225,4
two_concepts,bn4_w16_gmp,6089,centered_logit_fidelity,selected,-0.01945675010755503,4
two_concepts,bn4_w16_gmp,6089,prob_error_reduction,selected,-0.01632469892501831,4
two_concepts,bn4_w16_gmp,6090,centered_logit_fidelity,selected,0.05200364321633505,4
two_concepts,bn4_w16_gmp,6090,prob_error_reduction,selected,0.041700080037117004,4
two_concepts,bn4_w16_gmp,6091,centered_logit_fidelity,selected,0.046923570272564274,4
two_concepts,bn4_w16_gmp,6091,prob_error_reduction,selected,0.05738488584756851,4
two_concepts,bn4_w16_gmp,6092,centered_logit_fidelity,selected,-0.009234954712991864,4
two_concepts,bn4_w16_gmp,6092,prob_error_reduction,selected,-0.039851363748311996,4
two_concepts,bn4_w16_gmp,6093,centered_logit_fidelity,selected,0.02945515207102549,4
two_concepts,bn4_w16_gmp,6093,prob_error_reduction,selected,-0.030873382464051247,4
two_concepts,bn4_w16_gmp,6094,centered_logit_fidelity,selected,-0.017334879280101786,4
two_concepts,bn4_w16_gmp,6094,prob_error_reduction,selected,0.05869711562991142,4
two_concepts,bn4_w16_gmp,6095,centered_logit_fidelity,selected,0.010978931569993328,4
two_concepts,bn4_w16_gmp,6095,prob_error_reduction,selected,-0.00694859866052866,4
two_concepts,bn4_w16_gmp,6096,centered_logit_fidelity,selected,0.09856474863678225,4
two_concepts,bn4_w16_gmp,6096,prob_error_reduction,selected,0.14604559168219566,4
two_concepts,bn4_w16_gmp,6097,centered_logit_fidelity,selected,0.04413212752485281,4
two_concepts,bn4_w16_gmp,6097,prob_error_reduction,selected,0.08285332564264536,4
two_concepts,bn4_w16_gmp,6098,centered_logit_fidelity,selected,-0.006705209208585722,4
two_concepts,bn4_w16_gmp,6098,prob_error_reduction,selected,-0.14116068929433823,4
two_concepts,bn4_w16_gmp,6099,centered_logit_fidelity,selected,-0.004977995257147483,4
two_concepts,bn4_w16_gmp,6099,prob_error_reduction,selected,0.00578303262591362,4
two_concepts,plain2_w16_gap,6000,centered_logit_fidelity,selected,-0.005027754565369025,4
two_concepts,plain2_w16_gap,6000,prob_error_reduction,selected,0.2800059784203768,4
two_concepts,plain2_w16_gap,6001,centered_logit_fidelity,selected,0.09817727956430422,4
two_concepts,plain2_w16_gap,6001,prob_error_reduction,selected,0.4360000528395176,4
two_concepts,plain2_w16_gap,6002,centered_logit_fidelity,selected,0.0808211554511304,4
two_concepts,plain2_w16_gap,6002,prob_error_reduction,selected,0.35018485877662897,4
two_concepts,plain2_w16_gap,6003,centered_logit_fidelity,selected,-0.04954361686025442,4
two_concepts,plain2_w16_gap,6003,prob_error_reduction,selected,0.2580224145203829,4
two_concepts,plain2_w16_gap,6004,centered_logit_fidelity,selected,-0.025185744910684746,4
two_concepts,plain2_w16_gap,6004,prob_error_reduction,selected,0.37085626693442464,4
two_concepts,plain2_w16_gap,6005,centered_logit_fidelity,selected,0.21363781326206394,4
two_concepts,plain2_w16_gap,6005,prob_error_reduction,selected,0.4059675633907318,4
two_concepts,plain2_w16_gap,6006,centered_logit_fidelity,selected,0.2093828127801652,4
two_concepts,plain2_w16_gap,6006,prob_error_reduction,selected,0.47674448415637016,4
two_concepts,plain2_w16_gap,6007,centered_logit_fidelity,selected,0.24992122962410718,4
two_concepts,plain2_w16_gap,6007,prob_error_reduction,selected,0.36610953882336617,4
two_concepts,plain2_w16_gap,6008,centered_logit_fidelity,selected,0.006941903511411732,4
two_concepts,plain2_w16_gap,6008,prob_error_reduction,selected,0.4051095861941576,4
two_concepts,plain2_w16_gap,6009,centered_logit_fidelity,selected,-0.02831667969930063,4
two_concepts,plain2_w16_gap,6009,prob_error_reduction,selected,0.22769274143502116,4
two_concepts,plain2_w16_gap,6010,centered_logit_fidelity,selected,0.12345855182939816,4
two_concepts,plain2_w16_gap,6010,prob_error_reduction,selected,0.3905952125787735,4
two_concepts,plain2_w16_gap,6011,centered_logit_fidelity,selected,0.17992450948793234,4
two_concepts,plain2_w16_gap,6011,prob_error_reduction,selected,0.40627674013376236,4
two_concepts,plain2_w16_gap,6012,centered_logit_fidelity,selected,-0.03355324946185989,4
two_concepts,plain2_w16_gap,6012,prob_error_reduction,selected,0.24752373900264502,4
two_concepts,plain2_w16_gap,6013,centered_logit_fidelity,selected,0.13248090633602783,4
two_concepts,plain2_w16_gap,6013,prob_error_reduction,selected,0.37618655897676945,4
two_concepts,plain2_w16_gap,6014,centered_logit_fidelity,selected,0.0239473563900134,4
two_concepts,plain2_w16_gap,6014,prob_error_reduction,selected,0.20778507180511951,4
two_concepts,plain2_w16_gap,6015,centered_logit_fidelity,selected,-0.0010388779597696046,4
two_concepts,plain2_w16_gap,6015,prob_error_reduction,selected,0.2533524576574564,4
two_concepts,plain2_w16_gap,6016,centered_logit_fidelity,selected,0.12572174802482078,4
two_concepts,plain2_w16_gap,6016,prob_error_reduction,selected,0.2950681783258915,4
two_concepts,plain2_w16_gap,6017,centered_logit_fidelity,selected,-0.112111242267182,4
two_concepts,plain2_w16_gap,6017,prob_error_reduction,selected,0.24073677696287632,4
two_concepts,plain2_w16_gap,6018,centered_logit_fidelity,selected,0.2303888668461465,4
two_concepts,plain2_w16_gap,6018,prob_error_reduction,selected,0.4553778860718012,4
two_concepts,plain2_w16_gap,6019,centered_logit_fidelity,selected,0.0077306992240178535,4
two_concepts,plain2_w16_gap,6019,prob_error_reduction,selected,0.29092385433614254,4
two_concepts,plain2_w16_gap,6020,centered_logit_fidelity,selected,0.02556637712581758,4
two_concepts,plain2_w16_gap,6020,prob_error_reduction,selected,0.364645816385746,4
two_concepts,plain2_w16_gap,6021,centered_logit_fidelity,selected,0.1019668767004575,4
two_concepts,plain2_w16_gap,6021,prob_error_reduction,selected,0.28620224446058273,4
two_concepts,plain2_w16_gap,6022,centered_logit_fidelity,selected,0.01627725393016896,4
two_concepts,plain2_w16_gap,6022,prob_error_reduction,selected,0.278009925968945,4
two_concepts,plain2_w16_gap,6023,centered_logit_fidelity,selected,0.31841915251015485,4
two_concepts,plain2_w16_gap,6023,prob_error_reduction,selected,0.4555613249540329,4
two_concepts,plain2_w16_gap,6024,centered_logit_fidelity,selected,-0.012965146361962304,4
two_concepts,plain2_w16_gap,6024,prob_error_reduction,selected,0.33658366091549397,4
two_concepts,plain2_w16_gap,6025,centered_logit_fidelity,selected,0.13884304783186496,4
two_concepts,plain2_w16_gap,6025,prob_error_reduction,selected,0.39445556327700615,4
two_concepts,plain2_w16_gap,6026,centered_logit_fidelity,selected,0.12334224611960144,4
two_concepts,plain2_w16_gap,6026,prob_error_reduction,selected,0.327751237899065,4
two_concepts,plain2_w16_gap,6027,centered_logit_fidelity,selected,0.20144370957136776,4
two_concepts,plain2_w16_gap,6027,prob_error_reduction,selected,0.352116446942091,4
two_concepts,plain2_w16_gap,6028,centered_logit_fidelity,selected,0.18955700488884603,4
two_concepts,plain2_w16_gap,6028,prob_error_reduction,selected,0.32458203472197056,4
two_concepts,plain2_w16_gap,6029,centered_logit_fidelity,selected,0.03267125095986141,4
two_concepts,plain2_w16_gap,6029,prob_error_reduction,selected,0.22824342921376228,4
two_concepts,plain2_w16_gap,6030,centered_logit_fidelity,selected,0.24746883156874466,4
two_concepts,plain2_w16_gap,6030,prob_error_reduction,selected,0.33360767364501953,4
two_concepts,plain2_w16_gap,6031,centered_logit_fidelity,selected,0.05872901111579851,4
two_concepts,plain2_w16_gap,6031,prob_error_reduction,selected,0.30531372874975204,4
two_concepts,plain2_w16_gap,6032,centered_logit_fidelity,selected,0.10570822014892495,4
two_concepts,plain2_w16_gap,6032,prob_error_reduction,selected,0.29716872423887253,4
two_concepts,plain2_w16_gap,6033,centered_logit_fidelity,selected,0.17685610330531237,4
two_concepts,plain2_w16_gap,6033,prob_error_reduction,selected,0.3887939937412739,4
two_concepts,plain2_w16_gap,6034,centered_logit_fidelity,selected,-0.0665797896709891,4
two_concepts,plain2_w16_gap,6034,prob_error_reduction,selected,0.40460515208542347,4
two_concepts,plain2_w16_gap,6035,centered_logit_fidelity,selected,-0.023996610972780913,4
two_concepts,plain2_w16_gap,6035,prob_error_reduction,selected,0.2697754427790642,4
two_concepts,plain2_w16_gap,6036,centered_logit_fidelity,selected,0.05032666764333747,4
two_concepts,plain2_w16_gap,6036,prob_error_reduction,selected,0.22470104694366455,4
two_concepts,plain2_w16_gap,6037,centered_logit_fidelity,selected,0.14338702327115463,4
two_concepts,plain2_w16_gap,6037,prob_error_reduction,selected,0.2926195692270994,4
two_concepts,plain2_w16_gap,6038,centered_logit_fidelity,selected,0.20092609822730825,4
two_concepts,plain2_w16_gap,6038,prob_error_reduction,selected,0.29628175497055054,4
two_concepts,plain2_w16_gap,6039,centered_logit_fidelity,selected,0.16447162323406944,4
two_concepts,plain2_w16_gap,6039,prob_error_reduction,selected,0.3221656493842602,4
two_concepts,plain2_w16_gap,6040,centered_logit_fidelity,selected,0.024783446519418467,4
two_concepts,plain2_w16_gap,6040,prob_error_reduction,selected,0.21787625923752785,4
two_concepts,plain2_w16_gap,6041,centered_logit_fidelity,selected,0.03117113500183334,4
two_concepts,plain2_w16_gap,6041,prob_error_reduction,selected,0.293760659173131,4
two_concepts,plain2_w16_gap,6042,centered_logit_fidelity,selected,0.18708929984039946,4
two_concepts,plain2_w16_gap,6042,prob_error_reduction,selected,0.3226463943719864,4
two_concepts,plain2_w16_gap,6043,centered_logit_fidelity,selected,0.28941266919251885,4
two_concepts,plain2_w16_gap,6043,prob_error_reduction,selected,0.49464551731944084,4
two_concepts,plain2_w16_gap,6044,centered_logit_fidelity,selected,-0.08574435066935363,4
two_concepts,plain2_w16_gap,6044,prob_error_reduction,selected,0.33612171560525894,4
two_concepts,plain2_w16_gap,6045,centered_logit_fidelity,selected,0.022525841851804534,4
two_concepts,plain2_w16_gap,6045,prob_error_reduction,selected,0.380603882484138,4
two_concepts,plain2_w16_gap,6046,centered_logit_fidelity,selected,0.2633901435424687,4
two_concepts,plain2_w16_gap,6046,prob_error_reduction,selected,0.45924869179725647,4
two_concepts,plain2_w16_gap,6047,centered_logit_fidelity,selected,0.03942074761918865,4
two_concepts,plain2_w16_gap,6047,prob_error_reduction,selected,0.27951667457818985,4
two_concepts,plain2_w16_gap,6048,centered_logit_fidelity,selected,0.15356843105277487,4
two_concepts,plain2_w16_gap,6048,prob_error_reduction,selected,0.40534106455743313,4
two_concepts,plain2_w16_gap,6049,centered_logit_fidelity,selected,-0.008350025288581475,4
two_concepts,plain2_w16_gap,6049,prob_error_reduction,selected,0.3294292278587818,4
two_concepts,plain2_w16_gap,6050,centered_logit_fidelity,selected,0.14572983943721243,4
two_concepts,plain2_w16_gap,6050,prob_error_reduction,selected,0.3176033776253462,4
two_concepts,plain2_w16_gap,6051,centered_logit_fidelity,selected,0.30112045694175094,4
two_concepts,plain2_w16_gap,6051,prob_error_reduction,selected,0.4539031432941556,4
two_concepts,plain2_w16_gap,6052,centered_logit_fidelity,selected,0.15394856262112475,4
two_concepts,plain2_w16_gap,6052,prob_error_reduction,selected,0.3551459386944771,4
two_concepts,plain2_w16_gap,6053,centered_logit_fidelity,selected,-0.008247866598445341,4
two_concepts,plain2_w16_gap,6053,prob_error_reduction,selected,0.2739426791667938,4
two_concepts,plain2_w16_gap,6054,centered_logit_fidelity,selected,-0.004424211883399198,4
two_concepts,plain2_w16_gap,6054,prob_error_reduction,selected,0.29657110944390297,4
two_concepts,plain2_w16_gap,6055,centered_logit_fidelity,selected,0.12475596584468165,4
two_concepts,plain2_w16_gap,6055,prob_error_reduction,selected,0.3196576349437237,4
two_concepts,plain2_w16_gap,6056,centered_logit_fidelity,selected,0.13419287854670348,4
two_concepts,plain2_w16_gap,6056,prob_error_reduction,selected,0.3395345136523247,4
two_concepts,plain2_w16_gap,6057,centered_logit_fidelity,selected,0.14654198445168398,4
two_concepts,plain2_w16_gap,6057,prob_error_reduction,selected,0.3763928096741438,4
two_concepts,plain2_w16_gap,6058,centered_logit_fidelity,selected,0.015806276397859656,4
two_concepts,plain2_w16_gap,6058,prob_error_reduction,selected,0.31952995620667934,4
two_concepts,plain2_w16_gap,6059,centered_logit_fidelity,selected,-0.004628002489647787,4
two_concepts,plain2_w16_gap,6059,prob_error_reduction,selected,0.26727096596732736,4
two_concepts,plain2_w16_gap,6060,centered_logit_fidelity,selected,0.20487979366906858,4
two_concepts,plain2_w16_gap,6060,prob_error_reduction,selected,0.45124357007443905,4
two_concepts,plain2_w16_gap,6061,centered_logit_fidelity,selected,0.1545585381106932,4
two_concepts,plain2_w16_gap,6061,prob_error_reduction,selected,0.3663390688598156,4
two_concepts,plain2_w16_gap,6062,centered_logit_fidelity,selected,0.14067891328410578,4
two_concepts,plain2_w16_gap,6062,prob_error_reduction,selected,0.2775201750919223,4
two_concepts,plain2_w16_gap,6063,centered_logit_fidelity,selected,-0.07985944396944408,4
two_concepts,plain2_w16_gap,6063,prob_error_reduction,selected,0.2956751864403486,4
two_concepts,plain2_w16_gap,6064,centered_logit_fidelity,selected,0.0192742728516285,4
two_concepts,plain2_w16_gap,6064,prob_error_reduction,selected,0.1895732432603836,4
two_concepts,plain2_w16_gap,6065,centered_logit_fidelity,selected,0.07470864153070919,4
two_concepts,plain2_w16_gap,6065,prob_error_reduction,selected,0.4643032308667898,4
two_concepts,plain2_w16_gap,6066,centered_logit_fidelity,selected,0.014500580614447256,4
two_concepts,plain2_w16_gap,6066,prob_error_reduction,selected,0.2925663348287344,4
two_concepts,plain2_w16_gap,6067,centered_logit_fidelity,selected,0.03334552482215129,4
two_concepts,plain2_w16_gap,6067,prob_error_reduction,selected,0.21853522025048733,4
two_concepts,plain2_w16_gap,6068,centered_logit_fidelity,selected,0.2943299750584183,4
two_concepts,plain2_w16_gap,6068,prob_error_reduction,selected,0.4385352097451687,4
two_concepts,plain2_w16_gap,6069,centered_logit_fidelity,selected,0.11153840721172073,4
two_concepts,plain2_w16_gap,6069,prob_error_reduction,selected,0.4097152706235647,4
two_concepts,plain2_w16_gap,6070,centered_logit_fidelity,selected,0.18333282899879327,4
two_concepts,plain2_w16_gap,6070,prob_error_reduction,selected,0.35190032981336117,4
two_concepts,plain2_w16_gap,6071,centered_logit_fidelity,selected,-0.0027967666293392396,4
two_concepts,plain2_w16_gap,6071,prob_error_reduction,selected,0.11068044602870941,4
two_concepts,plain2_w16_gap,6072,centered_logit_fidelity,selected,0.2030432979023252,4
two_concepts,plain2_w16_gap,6072,prob_error_reduction,selected,0.44809314608573914,4
two_concepts,plain2_w16_gap,6073,centered_logit_fidelity,selected,0.07712430883278618,4
two_concepts,plain2_w16_gap,6073,prob_error_reduction,selected,0.3278597788885236,4
two_concepts,plain2_w16_gap,6074,centered_logit_fidelity,selected,0.12030067787600762,4
two_concepts,plain2_w16_gap,6074,prob_error_reduction,selected,0.3868376575410366,4
two_concepts,plain2_w16_gap,6075,centered_logit_fidelity,selected,0.06165277862573314,4
two_concepts,plain2_w16_gap,6075,prob_error_reduction,selected,0.28713635727763176,4
two_concepts,plain2_w16_gap,6076,centered_logit_fidelity,selected,0.2799516434443544,4
two_concepts,plain2_w16_gap,6076,prob_error_reduction,selected,0.4318397380411625,4
two_concepts,plain2_w16_gap,6077,centered_logit_fidelity,selected,0.21855182427731668,4
two_concepts,plain2_w16_gap,6077,prob_error_reduction,selected,0.368080485612154,4
two_concepts,plain2_w16_gap,6078,centered_logit_fidelity,selected,0.07404175018300563,4
two_concepts,plain2_w16_gap,6078,prob_error_reduction,selected,0.41063747741281986,4
two_concepts,plain2_w16_gap,6079,centered_logit_fidelity,selected,-0.0807406090382293,4
two_concepts,plain2_w16_gap,6079,prob_error_reduction,selected,0.2766336351633072,4
two_concepts,plain2_w16_gap,6080,centered_logit_fidelity,selected,0.07773965068271967,4
two_concepts,plain2_w16_gap,6080,prob_error_reduction,selected,0.277554078027606,4
two_concepts,plain2_w16_gap,6081,centered_logit_fidelity,selected,0.10128897397958757,4
two_concepts,plain2_w16_gap,6081,prob_error_reduction,selected,0.27378116361796856,4
two_concepts,plain2_w16_gap,6082,centered_logit_fidelity,selected,0.27955968459030556,4
two_concepts,plain2_w16_gap,6082,prob_error_reduction,selected,0.332537192851305,4
two_concepts,plain2_w16_gap,6083,centered_logit_fidelity,selected,0.12180435954098003,4
two_concepts,plain2_w16_gap,6083,prob_error_reduction,selected,0.3206300400197506,4
two_concepts,plain2_w16_gap,6084,centered_logit_fidelity,selected,-0.053624501755208206,4
two_concepts,plain2_w16_gap,6084,prob_error_reduction,selected,0.2987771201878786,4
two_concepts,plain2_w16_gap,6085,centered_logit_fidelity,selected,0.0582150730342192,4
two_concepts,plain2_w16_gap,6085,prob_error_reduction,selected,0.3095790147781372,4
two_concepts,plain2_w16_gap,6086,centered_logit_fidelity,selected,-0.14753604617690483,4
two_concepts,plain2_w16_gap,6086,prob_error_reduction,selected,0.35837621334940195,4
two_concepts,plain2_w16_gap,6087,centered_logit_fidelity,selected,0.06552358477193437,4
two_concepts,plain2_w16_gap,6087,prob_error_reduction,selected,0.28514173068106174,4
two_concepts,plain2_w16_gap,6088,centered_logit_fidelity,selected,0.10062335605077358,4
two_concepts,plain2_w16_gap,6088,prob_error_reduction,selected,0.36401163041591644,4
two_concepts,plain2_w16_gap,6089,centered_logit_fidelity,selected,0.05979939053562533,4
two_concepts,plain2_w16_gap,6089,prob_error_reduction,selected,0.3778552133589983,4
two_concepts,plain2_w16_gap,6090,centered_logit_fidelity,selected,0.07513278369129126,4
two_concepts,plain2_w16_gap,6090,prob_error_reduction,selected,0.38096609339118004,4
two_concepts,plain2_w16_gap,6091,centered_logit_fidelity,selected,0.07850716318533225,4
two_concepts,plain2_w16_gap,6091,prob_error_reduction,selected,0.38938562013208866,4
two_concepts,plain2_w16_gap,6092,centered_logit_fidelity,selected,0.11956219064195814,4
two_concepts,plain2_w16_gap,6092,prob_error_reduction,selected,0.31505730375647545,4
two_concepts,plain2_w16_gap,6093,centered_logit_fidelity,selected,0.10832158264882402,4
two_concepts,plain2_w16_gap,6093,prob_error_reduction,selected,0.2955850437283516,4
two_concepts,plain2_w16_gap,6094,centered_logit_fidelity,selected,0.035409231716754835,4
two_concepts,plain2_w16_gap,6094,prob_error_reduction,selected,0.31800028309226036,4
two_concepts,plain2_w16_gap,6095,centered_logit_fidelity,selected,0.15329467567414456,4
two_concepts,plain2_w16_gap,6095,prob_error_reduction,selected,0.36871539428830147,4
two_concepts,plain2_w16_gap,6096,centered_logit_fidelity,selected,0.061460557659846815,4
two_concepts,plain2_w16_gap,6096,prob_error_reduction,selected,0.3225615993142128,4
two_concepts,plain2_w16_gap,6097,centered_logit_fidelity,selected,0.22734622939962018,4
two_concepts,plain2_w16_gap,6097,prob_error_reduction,selected,0.34504007175564766,4
two_concepts,plain2_w16_gap,6098,centered_logit_fidelity,selected,0.18589342567397138,4
two_concepts,plain2_w16_gap,6098,prob_error_reduction,selected,0.397797629237175,4
two_concepts,plain2_w16_gap,6099,centered_logit_fidelity,selected,0.009279159461078212,4
two_concepts,plain2_w16_gap,6099,prob_error_reduction,selected,0.27981530129909515,4
two_concepts,plain2_w16_gmp,6000,centered_logit_fidelity,selected,0.021156021082905985,4
two_concepts,plain2_w16_gmp,6000,prob_error_reduction,selected,-0.02783787064254284,4
two_concepts,plain2_w16_gmp,6001,centered_logit_fidelity,selected,-0.056231360396152466,4
two_concepts,plain2_w16_gmp,6001,prob_error_reduction,selected,-0.11640216410160065,4
two_concepts,plain2_w16_gmp,6002,centered_logit_fidelity,selected,-0.01694456864201313,4
two_concepts,plain2_w16_gmp,6002,prob_error_reduction,selected,-0.05291826277971268,4
two_concepts,plain2_w16_gmp,6003,centered_logit_fidelity,selected,-0.09012902747109083,4
two_concepts,plain2_w16_gmp,6003,prob_error_reduction,selected,-0.1477903611958027,4
two_concepts,plain2_w16_gmp,6004,centered_logit_fidelity,selected,-0.030360958883851014,4
two_concepts,plain2_w16_gmp,6004,prob_error_reduction,selected,-0.1433948464691639,4
two_concepts,plain2_w16_gmp,6005,centered_logit_fidelity,selected,-0.002737035318923123,4
two_concepts,plain2_w16_gmp,6005,prob_error_reduction,selected,-0.15961841493844986,4
two_concepts,plain2_w16_gmp,6006,centered_logit_fidelity,selected,-0.027205386853528968,4
two_concepts,plain2_w16_gmp,6006,prob_error_reduction,selected,-0.07308024913072586,4
two_concepts,plain2_w16_gmp,6007,centered_logit_fidelity,selected,0.007617490573519778,4
two_concepts,plain2_w16_gmp,6007,prob_error_reduction,selected,0.09420911967754364,4
two_concepts,plain2_w16_gmp,6008,centered_logit_fidelity,selected,-0.011057025948849747,4
two_concepts,plain2_w16_gmp,6008,prob_error_reduction,selected,0.02718033641576767,4
two_concepts,plain2_w16_gmp,6009,centered_logit_fidelity,selected,-0.035741081086683724,4
two_concepts,plain2_w16_gmp,6009,prob_error_reduction,selected,-0.2013499177992344,4
two_concepts,plain2_w16_gmp,6010,centered_logit_fidelity,selected,-0.020307462861730602,4
two_concepts,plain2_w16_gmp,6010,prob_error_reduction,selected,-0.011689797043800354,4
two_concepts,plain2_w16_gmp,6011,centered_logit_fidelity,selected,0.030449826261847487,4
two_concepts,plain2_w16_gmp,6011,prob_error_reduction,selected,-0.025513693690299988,4
two_concepts,plain2_w16_gmp,6012,centered_logit_fidelity,selected,-0.03284701166629542,4
two_concepts,plain2_w16_gmp,6012,prob_error_reduction,selected,-0.12895047664642334,4
two_concepts,plain2_w16_gmp,6013,centered_logit_fidelity,selected,0.01974846455946816,4
two_concepts,plain2_w16_gmp,6013,prob_error_reduction,selected,0.006403055042028427,4
two_concepts,plain2_w16_gmp,6014,centered_logit_fidelity,selected,-0.0338430108850892,4
two_concepts,plain2_w16_gmp,6014,prob_error_reduction,selected,-0.10310360044240952,4
two_concepts,plain2_w16_gmp,6015,centered_logit_fidelity,selected,-0.03837211630625169,4
two_concepts,plain2_w16_gmp,6015,prob_error_reduction,selected,-0.02490345761179924,4
two_concepts,plain2_w16_gmp,6016,centered_logit_fidelity,selected,-0.0033318818926566796,4
two_concepts,plain2_w16_gmp,6016,prob_error_reduction,selected,-0.016087833791971207,4
two_concepts,plain2_w16_gmp,6017,centered_logit_fidelity,selected,0.0011715142578170024,4
two_concepts,plain2_w16_gmp,6017,prob_error_reduction,selected,-0.02667824923992157,4
two_concepts,plain2_w16_gmp,6018,centered_logit_fidelity,selected,-0.04560223992685551,4
two_concepts,plain2_w16_gmp,6018,prob_error_reduction,selected,-0.1251586228609085,4
two_concepts,plain2_w16_gmp,6019,centered_logit_fidelity,selected,-0.033215970981116824,4
two_concepts,plain2_w16_gmp,6019,prob_error_reduction,selected,-0.07180493138730526,4
two_concepts,plain2_w16_gmp,6020,centered_logit_fidelity,selected,-0.03803929449139162,4
two_concepts,plain2_w16_gmp,6020,prob_error_reduction,selected,-0.1680510714650154,4
two_concepts,plain2_w16_gmp,6021,centered_logit_fidelity,selected,-0.03711154614117683,4
two_concepts,plain2_w16_gmp,6021,prob_error_reduction,selected,-0.13230806961655617,4
two_concepts,plain2_w16_gmp,6022,centered_logit_fidelity,selected,-0.04808615632669658,4
two_concepts,plain2_w16_gmp,6022,prob_error_reduction,selected,-0.05338575318455696,4
two_concepts,plain2_w16_gmp,6023,centered_logit_fidelity,selected,-0.011993202237256279,4
two_concepts,plain2_w16_gmp,6023,prob_error_reduction,selected,0.039813123643398285,4
two_concepts,plain2_w16_gmp,6024,centered_logit_fidelity,selected,0.02448947158821696,4
two_concepts,plain2_w16_gmp,6024,prob_error_reduction,selected,0.024270158261060715,4
two_concepts,plain2_w16_gmp,6025,centered_logit_fidelity,selected,-0.06377697009731165,4
two_concepts,plain2_w16_gmp,6025,prob_error_reduction,selected,-0.13902580738067627,4
two_concepts,plain2_w16_gmp,6026,centered_logit_fidelity,selected,-0.04451153156356971,4
two_concepts,plain2_w16_gmp,6026,prob_error_reduction,selected,-0.2210872322320938,4
two_concepts,plain2_w16_gmp,6027,centered_logit_fidelity,selected,-0.026242080451501226,4
two_concepts,plain2_w16_gmp,6027,prob_error_reduction,selected,-0.05792992562055588,4
two_concepts,plain2_w16_gmp,6028,centered_logit_fidelity,selected,-0.020147495519003814,4
two_concepts,plain2_w16_gmp,6028,prob_error_reduction,selected,-0.08529385179281235,4
two_concepts,plain2_w16_gmp,6029,centered_logit_fidelity,selected,0.005794838510682271,4
two_concepts,plain2_w16_gmp,6029,prob_error_reduction,selected,-0.09946379065513611,4
two_concepts,plain2_w16_gmp,6030,centered_logit_fidelity,selected,-0.015891788140253604,4
two_concepts,plain2_w16_gmp,6030,prob_error_reduction,selected,-0.01510591059923172,4
two_concepts,plain2_w16_gmp,6031,centered_logit_fidelity,selected,-0.045840644935044736,4
two_concepts,plain2_w16_gmp,6031,prob_error_reduction,selected,-0.05918664485216141,4
two_concepts,plain2_w16_gmp,6032,centered_logit_fidelity,selected,0.04247434800696159,4
two_concepts,plain2_w16_gmp,6032,prob_error_reduction,selected,0.22049329057335854,4
two_concepts,plain2_w16_gmp,6033,centered_logit_fidelity,selected,-0.0278468763366322,4
two_concepts,plain2_w16_gmp,6033,prob_error_reduction,selected,-0.0530453696846962,4
two_concepts,plain2_w16_gmp,6034,centered_logit_fidelity,selected,0.04752718619090321,4
two_concepts,plain2_w16_gmp,6034,prob_error_reduction,selected,-0.06311833299696445,4
two_concepts,plain2_w16_gmp,6035,centered_logit_fidelity,selected,0.00784804198699203,4
two_concepts,plain2_w16_gmp,6035,prob_error_reduction,selected,0.08251821994781494,4
two_concepts,plain2_w16_gmp,6036,centered_logit_fidelity,selected,-0.04646946989369723,4
two_concepts,plain2_w16_gmp,6036,prob_error_reduction,selected,-0.07144052535295486,4
two_concepts,plain2_w16_gmp,6037,centered_logit_fidelity,selected,-0.03425930227243695,4
two_concepts,plain2_w16_gmp,6037,prob_error_reduction,selected,-0.11232354864478111,4
two_concepts,plain2_w16_gmp,6038,centered_logit_fidelity,selected,0.002779971048058563,4
two_concepts,plain2_w16_gmp,6038,prob_error_reduction,selected,-0.125053308904171,4
two_concepts,plain2_w16_gmp,6039,centered_logit_fidelity,selected,-0.03521294155075519,4
two_concepts,plain2_w16_gmp,6039,prob_error_reduction,selected,-0.11295560002326965,4
two_concepts,plain2_w16_gmp,6040,centered_logit_fidelity,selected,0.013190683533583575,4
two_concepts,plain2_w16_gmp,6040,prob_error_reduction,selected,0.08801493048667908,4
two_concepts,plain2_w16_gmp,6041,centered_logit_fidelity,selected,0.026772316029828103,4
two_concepts,plain2_w16_gmp,6041,prob_error_reduction,selected,0.043481919914484024,4
two_concepts,plain2_w16_gmp,6042,centered_logit_fidelity,selected,-0.03938931998618017,4
two_concepts,plain2_w16_gmp,6042,prob_error_reduction,selected,-0.08632887899875641,4
two_concepts,plain2_w16_gmp,6043,centered_logit_fidelity,selected,0.04128551719065468,4
two_concepts,plain2_w16_gmp,6043,prob_error_reduction,selected,0.16459591686725616,4
two_concepts,plain2_w16_gmp,6044,centered_logit_fidelity,selected,-0.0812277575347902,4
two_concepts,plain2_w16_gmp,6044,prob_error_reduction,selected,-0.17242794297635555,4
two_concepts,plain2_w16_gmp,6045,centered_logit_fidelity,selected,-0.06334064156603643,4
two_concepts,plain2_w16_gmp,6045,prob_error_reduction,selected,-0.2101386860013008,4
two_concepts,plain2_w16_gmp,6046,centered_logit_fidelity,selected,0.016908687345774373,4
two_concepts,plain2_w16_gmp,6046,prob_error_reduction,selected,0.05916071683168411,4
two_concepts,plain2_w16_gmp,6047,centered_logit_fidelity,selected,0.003155235616223176,4
two_concepts,plain2_w16_gmp,6047,prob_error_reduction,selected,0.05951279401779175,4
two_concepts,plain2_w16_gmp,6048,centered_logit_fidelity,selected,-0.021550742757496175,4
two_concepts,plain2_w16_gmp,6048,prob_error_reduction,selected,-0.03362450748682022,4
two_concepts,plain2_w16_gmp,6049,centered_logit_fidelity,selected,-0.048255237305468615,4
two_concepts,plain2_w16_gmp,6049,prob_error_reduction,selected,-0.20951197296380997,4
two_concepts,plain2_w16_gmp,6050,centered_logit_fidelity,selected,-0.041899011192437025,4
two_concepts,plain2_w16_gmp,6050,prob_error_reduction,selected,-0.14635959640145302,4
two_concepts,plain2_w16_gmp,6051,centered_logit_fidelity,selected,-0.02389981987355294,4
two_concepts,plain2_w16_gmp,6051,prob_error_reduction,selected,-0.09448877722024918,4
two_concepts,plain2_w16_gmp,6052,centered_logit_fidelity,selected,0.02296489860512381,4
two_concepts,plain2_w16_gmp,6052,prob_error_reduction,selected,-0.048798929899930954,4
two_concepts,plain2_w16_gmp,6053,centered_logit_fidelity,selected,0.006041204446273998,4
two_concepts,plain2_w16_gmp,6053,prob_error_reduction,selected,0.03647170215845108,4
two_concepts,plain2_w16_gmp,6054,centered_logit_fidelity,selected,0.03183719740524506,4
two_concepts,plain2_w16_gmp,6054,prob_error_reduction,selected,-0.051853276789188385,4
two_concepts,plain2_w16_gmp,6055,centered_logit_fidelity,selected,-0.028334108010789574,4
two_concepts,plain2_w16_gmp,6055,prob_error_reduction,selected,-0.05132254213094711,4
two_concepts,plain2_w16_gmp,6056,centered_logit_fidelity,selected,-0.008378572092247974,4
two_concepts,plain2_w16_gmp,6056,prob_error_reduction,selected,-0.08762301504611969,4
two_concepts,plain2_w16_gmp,6057,centered_logit_fidelity,selected,-0.0314249119363873,4
two_concepts,plain2_w16_gmp,6057,prob_error_reduction,selected,-0.08407410234212875,4
two_concepts,plain2_w16_gmp,6058,centered_logit_fidelity,selected,-0.03311015408333105,4
two_concepts,plain2_w16_gmp,6058,prob_error_reduction,selected,-0.16260572522878647,4
two_concepts,plain2_w16_gmp,6059,centered_logit_fidelity,selected,0.013702425207613916,4
two_concepts,plain2_w16_gmp,6059,prob_error_reduction,selected,0.08989767357707024,4
two_concepts,plain2_w16_gmp,6060,centered_logit_fidelity,selected,-0.02596668324215215,4
two_concepts,plain2_w16_gmp,6060,prob_error_reduction,selected,0.00535263866186142,4
two_concepts,plain2_w16_gmp,6061,centered_logit_fidelity,selected,0.00655850611940377,4
two_concepts,plain2_w16_gmp,6061,prob_error_reduction,selected,-0.02592569589614868,4
two_concepts,plain2_w16_gmp,6062,centered_logit_fidelity,selected,-0.02351659341262541,4
two_concepts,plain2_w16_gmp,6062,prob_error_reduction,selected,-0.12028853595256805,4
two_concepts,plain2_w16_gmp,6063,centered_logit_fidelity,selected,-0.03828985972887876,4
two_concepts,plain2_w16_gmp,6063,prob_error_reduction,selected,-0.19553367421030998,4
two_concepts,plain2_w16_gmp,6064,centered_logit_fidelity,selected,0.037753576495718574,4
two_concepts,plain2_w16_gmp,6064,prob_error_reduction,selected,0.040682487189769745,4
two_concepts,plain2_w16_gmp,6065,centered_logit_fidelity,selected,-0.03950636227137658,4
two_concepts,plain2_w16_gmp,6065,prob_error_reduction,selected,-0.10927792638540268,4
two_concepts,plain2_w16_gmp,6066,centered_logit_fidelity,selected,0.028141685663704966,4
two_concepts,plain2_w16_gmp,6066,prob_error_reduction,selected,-0.02411206066608429,4
two_concepts,plain2_w16_gmp,6067,centered_logit_fidelity,selected,-0.04474400615419291,4
two_concepts,plain2_w16_gmp,6067,prob_error_reduction,selected,-0.083292655646801,4
two_concepts,plain2_w16_gmp,6068,centered_logit_fidelity,selected,-0.03680891483183488,4
two_concepts,plain2_w16_gmp,6068,prob_error_reduction,selected,-0.06538404896855354,4
two_concepts,plain2_w16_gmp,6069,centered_logit_fidelity,selected,0.024307316567753978,4
two_concepts,plain2_w16_gmp,6069,prob_error_reduction,selected,-0.12146840989589691,4
two_concepts,plain2_w16_gmp,6070,centered_logit_fidelity,selected,-0.0013865175957028103,4
two_concepts,plain2_w16_gmp,6070,prob_error_reduction,selected,-0.0552116259932518,4
two_concepts,plain2_w16_gmp,6071,centered_logit_fidelity,selected,0.015338266058600572,4
two_concepts,plain2_w16_gmp,6071,prob_error_reduction,selected,-0.0010872632265090942,4
two_concepts,plain2_w16_gmp,6072,centered_logit_fidelity,selected,-0.04990922776174107,4
two_concepts,plain2_w16_gmp,6072,prob_error_reduction,selected,-0.07845025509595871,4
two_concepts,plain2_w16_gmp,6073,centered_logit_fidelity,selected,-0.027487687412455594,4
two_concepts,plain2_w16_gmp,6073,prob_error_reduction,selected,-0.0022496692836284637,4
two_concepts,plain2_w16_gmp,6074,centered_logit_fidelity,selected,0.016445946357545663,4
two_concepts,plain2_w16_gmp,6074,prob_error_reduction,selected,-0.039107613265514374,4
two_concepts,plain2_w16_gmp,6075,centered_logit_fidelity,selected,0.0023568865982730447,4
two_concepts,plain2_w16_gmp,6075,prob_error_reduction,selected,-0.06438270583748817,4
two_concepts,plain2_w16_gmp,6076,centered_logit_fidelity,selected,0.032086093144420944,4
two_concepts,plain2_w16_gmp,6076,prob_error_reduction,selected,0.09796851128339767,4
two_concepts,plain2_w16_gmp,6077,centered_logit_fidelity,selected,-0.031707161279561066,4
two_concepts,plain2_w16_gmp,6077,prob_error_reduction,selected,-0.13333924859762192,4
two_concepts,plain2_w16_gmp,6078,centered_logit_fidelity,selected,-0.0836610011475918,4
two_concepts,plain2_w16_gmp,6078,prob_error_reduction,selected,-0.2555483877658844,4
two_concepts,plain2_w16_gmp,6079,centered_logit_fidelity,selected,0.020626383168672296,4
two_concepts,plain2_w16_gmp,6079,prob_error_reduction,selected,-0.18795747309923172,4
two_concepts,plain2_w16_gmp,6080,centered_logit_fidelity,selected,-0.004001844461182222,4
two_concepts,plain2_w16_gmp,6080,prob_error_reduction,selected,-0.024384938180446625,4
two_concepts,plain2_w16_gmp,6081,centered_logit_fidelity,selected,0.007115734581182531,4
two_concepts,plain2_w16_gmp,6081,prob_error_reduction,selected,0.011723276227712631,4
two_concepts,plain2_w16_gmp,6082,centered_logit_fidelity,selected,0.011910011856337124,4
two_concepts,plain2_w16_gmp,6082,prob_error_reduction,selected,0.0819237232208252,4
two_concepts,plain2_w16_gmp,6083,centered_logit_fidelity,selected,-0.0010596300676702641,4
two_concepts,plain2_w16_gmp,6083,prob_error_reduction,selected,-0.04654567316174507,4
two_concepts,plain2_w16_gmp,6084,centered_logit_fidelity,selected,-0.07352208826263663,4
two_concepts,plain2_w16_gmp,6084,prob_error_reduction,selected,-0.21840418502688408,4
two_concepts,plain2_w16_gmp,6085,centered_logit_fidelity,selected,0.0034747280404414105,4
two_concepts,plain2_w16_gmp,6085,prob_error_reduction,selected,0.005604971200227737,4
two_concepts,plain2_w16_gmp,6086,centered_logit_fidelity,selected,-0.002693117234908629,4
two_concepts,plain2_w16_gmp,6086,prob_error_reduction,selected,0.001811385154724121,4
two_concepts,plain2_w16_gmp,6087,centered_logit_fidelity,selected,-0.047582255641880386,4
two_concepts,plain2_w16_gmp,6087,prob_error_reduction,selected,-0.04853793978691101,4
two_concepts,plain2_w16_gmp,6088,centered_logit_fidelity,selected,-0.027535143837292955,4
two_concepts,plain2_w16_gmp,6088,prob_error_reduction,selected,-0.00224999338388443,4
two_concepts,plain2_w16_gmp,6089,centered_logit_fidelity,selected,-0.0204951789490119,4
two_concepts,plain2_w16_gmp,6089,prob_error_reduction,selected,-0.059774965047836304,4
two_concepts,plain2_w16_gmp,6090,centered_logit_fidelity,selected,0.01287455430783413,4
two_concepts,plain2_w16_gmp,6090,prob_error_reduction,selected,0.11318111419677734,4
two_concepts,plain2_w16_gmp,6091,centered_logit_fidelity,selected,-0.03257280022532835,4
two_concepts,plain2_w16_gmp,6091,prob_error_reduction,selected,-0.12614766135811806,4
two_concepts,plain2_w16_gmp,6092,centered_logit_fidelity,selected,-0.00839520340794045,4
two_concepts,plain2_w16_gmp,6092,prob_error_reduction,selected,-0.06037197262048721,4
two_concepts,plain2_w16_gmp,6093,centered_logit_fidelity,selected,-0.014399512632229883,4
two_concepts,plain2_w16_gmp,6093,prob_error_reduction,selected,0.03118036687374115,4
two_concepts,plain2_w16_gmp,6094,centered_logit_fidelity,selected,-0.04308075206158499,4
two_concepts,plain2_w16_gmp,6094,prob_error_reduction,selected,-0.10028430819511414,4
two_concepts,plain2_w16_gmp,6095,centered_logit_fidelity,selected,-0.041058980405868556,4
two_concepts,plain2_w16_gmp,6095,prob_error_reduction,selected,-0.13058608397841454,4
two_concepts,plain2_w16_gmp,6096,centered_logit_fidelity,selected,-0.07667635706654202,4
two_concepts,plain2_w16_gmp,6096,prob_error_reduction,selected,-0.1695144772529602,4
two_concepts,plain2_w16_gmp,6097,centered_logit_fidelity,selected,-0.03459687764866498,4
two_concepts,plain2_w16_gmp,6097,prob_error_reduction,selected,-0.17412258684635162,4
two_concepts,plain2_w16_gmp,6098,centered_logit_fidelity,selected,-0.01928573191655672,4
two_concepts,plain2_w16_gmp,6098,prob_error_reduction,selected,-0.031229138374328613,4
two_concepts,plain2_w16_gmp,6099,centered_logit_fidelity,selected,-0.02993583165883823,4
two_concepts,plain2_w16_gmp,6099,prob_error_reduction,selected,-0.014820270240306854,4
two_concepts,plain2_w64_gap,6000,centered_logit_fidelity,selected,0.15309869601648657,4
two_concepts,plain2_w64_gap,6000,prob_error_reduction,selected,0.3559888266026974,4
two_concepts,plain2_w64_gap,6001,centered_logit_fidelity,selected,0.22483897245516227,4
two_concepts,plain2_w64_gap,6001,prob_error_reduction,selected,0.37256453558802605,4
two_concepts,plain2_w64_gap,6002,centered_logit_fidelity,selected,0.3387363670304618,4
two_concepts,plain2_w64_gap,6002,prob_error_reduction,selected,0.2695612832903862,4
two_concepts,plain2_w64_gap,6003,centered_logit_fidelity,selected,0.009561844243813608,4
two_concepts,plain2_w64_gap,6003,prob_error_reduction,selected,0.2671092003583908,4
two_concepts,plain2_w64_gap,6004,centered_logit_fidelity,selected,0.16166776774084396,4
two_concepts,plain2_w64_gap,6004,prob_error_reduction,selected,0.3414047099649906,4
two_concepts,plain2_w64_gap,6005,centered_logit_fidelity,selected,0.16185641453859834,4
two_concepts,plain2_w64_gap,6005,prob_error_reduction,selected,0.2553580403327942,4
two_concepts,plain2_w64_gap,6006,centered_logit_fidelity,selected,0.2651217720781441,4
two_concepts,plain2_w64_gap,6006,prob_error_reduction,selected,0.3224376440048218,4
two_concepts,plain2_w64_gap,6007,centered_logit_fidelity,selected,0.18168547055926706,4
two_concepts,plain2_w64_gap,6007,prob_error_reduction,selected,0.15139221400022507,4
two_concepts,plain2_w64_gap,6008,centered_logit_fidelity,selected,0.3302521100726764,4
two_concepts,plain2_w64_gap,6008,prob_error_reduction,selected,0.42776578292250633,4
two_concepts,plain2_w64_gap,6009,centered_logit_fidelity,selected,0.26877714296248584,4
two_concepts,plain2_w64_gap,6009,prob_error_reduction,selected,0.30390917882323265,4
two_concepts,plain2_w64_gap,6010,centered_logit_fidelity,selected,0.29171596969115754,4
two_concepts,plain2_w64_gap,6010,prob_error_reduction,selected,0.43197164312005043,4
two_concepts,plain2_w64_gap,6011,centered_logit_fidelity,selected,0.2883966269600745,4
two_concepts,plain2_w64_gap,6011,prob_error_reduction,selected,0.4626769982278347,4
two_concepts,plain2_w64_gap,6012,centered_logit_fidelity,selected,0.27113837814989405,4
two_concepts,plain2_w64_gap,6012,prob_error_reduction,selected,0.37828684598207474,4
two_concepts,plain2_w64_gap,6013,centered_logit_fidelity,selected,0.18889238932967808,4
two_concepts,plain2_w64_gap,6013,prob_error_reduction,selected,0.25959305465221405,4
two_concepts,plain2_w64_gap,6014,centered_logit_fidelity,selected,0.2639662504889023,4
two_concepts,plain2_w64_gap,6014,prob_error_reduction,selected,0.43602386489510536,4
two_concepts,plain2_w64_gap,6015,centered_logit_fidelity,selected,-0.03660239602212803,4
two_concepts,plain2_w64_gap,6015,prob_error_reduction,selected,0.20625754445791245,4
two_concepts,plain2_w64_gap,6016,centered_logit_fidelity,selected,0.25598070371284143,4
two_concepts,plain2_w64_gap,6016,prob_error_reduction,selected,0.4154230058193207,4
two_concepts,plain2_w64_gap,6017,centered_logit_fidelity,selected,0.35188844467192915,4
two_concepts,plain2_w64_gap,6017,prob_error_reduction,selected,0.37470411509275436,4
two_concepts,plain2_w64_gap,6018,centered_logit_fidelity,selected,0.1498732495652088,4
two_concepts,plain2_w64_gap,6018,prob_error_reduction,selected,0.3686040360480547,4
two_concepts,plain2_w64_gap,6019,centered_logit_fidelity,selected,0.20013795251129518,4
two_concepts,plain2_w64_gap,6019,prob_error_reduction,selected,0.25258974730968475,4
two_concepts,plain2_w64_gap,6020,centered_logit_fidelity,selected,0.2074073241151886,4
two_concepts,plain2_w64_gap,6020,prob_error_reduction,selected,0.3260539695620537,4
two_concepts,plain2_w64_gap,6021,centered_logit_fidelity,selected,0.10171969051002233,4
two_concepts,plain2_w64_gap,6021,prob_error_reduction,selected,0.34333042800426483,4
two_concepts,plain2_w64_gap,6022,centered_logit_fidelity,selected,0.10590421710874319,4
two_concepts,plain2_w64_gap,6022,prob_error_reduction,selected,0.19533398002386093,4
two_concepts,plain2_w64_gap,6023,centered_logit_fidelity,selected,0.42217658738553293,4
two_concepts,plain2_w64_gap,6023,prob_error_reduction,selected,0.4905814528465271,4
two_concepts,plain2_w64_gap,6024,centered_logit_fidelity,selected,0.18460157935411897,4
two_concepts,plain2_w64_gap,6024,prob_error_reduction,selected,0.2623901031911373,4
two_concepts,plain2_w64_gap,6025,centered_logit_fidelity,selected,0.1600596139459334,4
two_concepts,plain2_w64_gap,6025,prob_error_reduction,selected,0.3581610545516014,4
two_concepts,plain2_w64_gap,6026,centered_logit_fidelity,selected,0.19189603459829152,4
two_concepts,plain2_w64_gap,6026,prob_error_reduction,selected,0.23738857358694077,4
two_concepts,plain2_w64_gap,6027,centered_logit_fidelity,selected,0.3309556915751878,4
two_concepts,plain2_w64_gap,6027,prob_error_reduction,selected,0.2693122625350952,4
two_concepts,plain2_w64_gap,6028,centered_logit_fidelity,selected,0.38671984086045685,4
two_concepts,plain2_w64_gap,6028,prob_error_reduction,selected,0.223655067384243,4
two_concepts,plain2_w64_gap,6029,centered_logit_fidelity,selected,0.07767014529323259,4
two_concepts,plain2_w64_gap,6029,prob_error_reduction,selected,0.2521548345685005,4
two_concepts,plain2_w64_gap,6030,centered_logit_fidelity,selected,0.21620777593313073,4
two_concepts,plain2_w64_gap,6030,prob_error_reduction,selected,0.3515874668955803,4
two_concepts,plain2_w64_gap,6031,centered_logit_fidelity,selected,0.1374611852828438,4
two_concepts,plain2_w64_gap,6031,prob_error_reduction,selected,0.344471100717783,4
two_concepts,plain2_w64_gap,6032,centered_logit_fidelity,selected,0.30686183159784186,4
two_concepts,plain2_w64_gap,6032,prob_error_reduction,selected,0.23743223398923874,4
two_concepts,plain2_w64_gap,6033,centered_logit_fidelity,selected,0.2289845309191138,4
two_concepts,plain2_w64_gap,6033,prob_error_reduction,selected,0.3258388675749302,4
two_concepts,plain2_w64_gap,6034,centered_logit_fidelity,selected,0.07643908938627526,4
two_concepts,plain2_w64_gap,6034,prob_error_reduction,selected,0.3101116009056568,4
two_concepts,plain2_w64_gap,6035,centered_logit_fidelity,selected,0.2539277548815022,4
two_concepts,plain2_w64_gap,6035,prob_error_reduction,selected,0.5268195681273937,4
two_concepts,plain2_w64_gap,6036,centered_logit_fidelity,selected,0.24300806481069404,4
two_concepts,plain2_w64_gap,6036,prob_error_reduction,selected,0.28226352483034134,4
two_concepts,plain2_w64_gap,6037,centered_logit_fidelity,selected,0.20559457171563505,4
two_concepts,plain2_w64_gap,6037,prob_error_reduction,selected,0.28171122819185257,4
two_concepts,plain2_w64_gap,6038,centered_logit_fidelity,selected,0.34669289820822835,4
two_concepts,plain2_w64_gap,6038,prob_error_reduction,selected,0.4472714513540268,4
two_concepts,plain2_w64_gap,6039,centered_logit_fidelity,selected,0.06977563833950592,4
two_concepts,plain2_w64_gap,6039,prob_error_reduction,selected,0.12886333093047142,4
two_concepts,plain2_w64_gap,6040,centered_logit_fidelity,selected,0.13358523767752167,4
two_concepts,plain2_w64_gap,6040,prob_error_reduction,selected,0.15952394902706146,4
two_concepts,plain2_w64_gap,6041,centered_logit_fidelity,selected,0.2847667809920176,4
two_concepts,plain2_w64_gap,6041,prob_error_reduction,selected,0.43410564213991165,4
two_concepts,plain2_w64_gap,6042,centered_logit_fidelity,selected,0.07830267849582456,4
two_concepts,plain2_w64_gap,6042,prob_error_reduction,selected,0.12121710926294327,4
two_concepts,plain2_w64_gap,6043,centered_logit_fidelity,selected,0.2305025150955644,4
two_concepts,plain2_w64_gap,6043,prob_error_reduction,selected,0.4183223694562912,4
two_concepts,plain2_w64_gap,6044,centered_logit_fidelity,selected,0.1861501915653576,4
two_concepts,plain2_w64_gap,6044,prob_error_reduction,selected,0.24219894409179688,4
two_concepts,plain2_w64_gap,6045,centered_logit_fidelity,selected,0.2508566821085819,4
two_concepts,plain2_w64_gap,6045,prob_error_reduction,selected,0.395294014364481,4
two_concepts,plain2_w64_gap,6046,centered_logit_fidelity,selected,0.2216377650105249,4
two_concepts,plain2_w64_gap,6046,prob_error_reduction,selected,0.2839480862021446,4
two_concepts,plain2_w64_gap,6047,centered_logit_fidelity,selected,0.0999246145555104,4
two_concepts,plain2_w64_gap,6047,prob_error_reduction,selected,0.3191448263823986,4
two_concepts,plain2_w64_gap,6048,centered_logit_fidelity,selected,0.2629549387346912,4
two_concepts,plain2_w64_gap,6048,prob_error_reduction,selected,0.46351095847785473,4
two_concepts,plain2_w64_gap,6049,centered_logit_fidelity,selected,0.2476069984548412,4
two_concepts,plain2_w64_gap,6049,prob_error_reduction,selected,0.34484830498695374,4
two_concepts,plain2_w64_gap,6050,centered_logit_fidelity,selected,0.21265849229804346,4
two_concepts,plain2_w64_gap,6050,prob_error_reduction,selected,0.2573312595486641,4
two_concepts,plain2_w64_gap,6051,centered_logit_fidelity,selected,0.29758566028733013,4
two_concepts,plain2_w64_gap,6051,prob_error_reduction,selected,0.3381345309317112,4
two_concepts,plain2_w64_gap,6052,centered_logit_fidelity,selected,0.10211981100232617,4
two_concepts,plain2_w64_gap,6052,prob_error_reduction,selected,0.1854545772075653,4
two_concepts,plain2_w64_gap,6053,centered_logit_fidelity,selected,0.10973265964758365,4
two_concepts,plain2_w64_gap,6053,prob_error_reduction,selected,0.21591058745980263,4
two_concepts,plain2_w64_gap,6054,centered_logit_fidelity,selected,0.12906105520571887,4
two_concepts,plain2_w64_gap,6054,prob_error_reduction,selected,0.29448194429278374,4
two_concepts,plain2_w64_gap,6055,centered_logit_fidelity,selected,0.1840500840814935,4
two_concepts,plain2_w64_gap,6055,prob_error_reduction,selected,0.2538844607770443,4
two_concepts,plain2_w64_gap,6056,centered_logit_fidelity,selected,0.23916747553690298,4
two_concepts,plain2_w64_gap,6056,prob_error_reduction,selected,0.3876388147473335,4
two_concepts,plain2_w64_gap,6057,centered_logit_fidelity,selected,0.1876331783884602,4
two_concepts,plain2_w64_gap,6057,prob_error_reduction,selected,0.17753808945417404,4
two_concepts,plain2_w64_gap,6058,centered_logit_fidelity,selected,0.020211343672182067,4
two_concepts,plain2_w64_gap,6058,prob_error_reduction,selected,0.16258827596902847,4
two_concepts,plain2_w64_gap,6059,centered_logit_fidelity,selected,0.29926117923332995,4
two_concepts,plain2_w64_gap,6059,prob_error_reduction,selected,0.40375242196023464,4
two_concepts,plain2_w64_gap,6060,centered_logit_fidelity,selected,0.32761549288224706,4
two_concepts,plain2_w64_gap,6060,prob_error_reduction,selected,0.45726440101861954,4
two_concepts,plain2_w64_gap,6061,centered_logit_fidelity,selected,0.32790191921639195,4
two_concepts,plain2_w64_gap,6061,prob_error_reduction,selected,0.42065731436014175,4
two_concepts,plain2_w64_gap,6062,centered_logit_fidelity,selected,0.19478033346895243,4
two_concepts,plain2_w64_gap,6062,prob_error_reduction,selected,0.39346492663025856,4
two_concepts,plain2_w64_gap,6063,centered_logit_fidelity,selected,0.34679164183419275,4
two_concepts,plain2_w64_gap,6063,prob_error_reduction,selected,0.5130032077431679,4
two_concepts,plain2_w64_gap,6064,centered_logit_fidelity,selected,0.231271862851586,4
two_concepts,plain2_w64_gap,6064,prob_error_reduction,selected,0.16512199491262436,4
two_concepts,plain2_w64_gap,6065,centered_logit_fidelity,selected,0.3242773496364427,4
two_concepts,plain2_w64_gap,6065,prob_error_reduction,selected,0.491915088146925,4
two_concepts,plain2_w64_gap,6066,centered_logit_fidelity,selected,0.1265371348916702,4
two_concepts,plain2_w64_gap,6066,prob_error_reduction,selected,0.21956892311573029,4
two_concepts,plain2_w64_gap,6067,centered_logit_fidelity,selected,0.2838663255184066,4
two_concepts,plain2_w64_gap,6067,prob_error_reduction,selected,0.41892991214990616,4
two_concepts,plain2_w64_gap,6068,centered_logit_fidelity,selected,0.3367426315933598,4
two_concepts,plain2_w64_gap,6068,prob_error_reduction,selected,0.2780526466667652,4
two_concepts,plain2_w64_gap,6069,centered_logit_fidelity,selected,0.14465383372545904,4
two_concepts,plain2_w64_gap,6069,prob_error_reduction,selected,0.28262754529714584,4
two_concepts,plain2_w64_gap,6070,centered_logit_fidelity,selected,0.35307018738182455,4
two_concepts,plain2_w64_gap,6070,prob_error_reduction,selected,0.4765891954302788,4
two_concepts,plain2_w64_gap,6071,centered_logit_fidelity,selected,0.24780924540542804,4
two_concepts,plain2_w64_gap,6071,prob_error_reduction,selected,0.34866638481616974,4
two_concepts,plain2_w64_gap,6072,centered_logit_fidelity,selected,0.3402062574315343,4
two_concepts,plain2_w64_gap,6072,prob_error_reduction,selected,0.43942816182971,4
two_concepts,plain2_w64_gap,6073,centered_logit_fidelity,selected,0.16513078254287877,4
two_concepts,plain2_w64_gap,6073,prob_error_reduction,selected,0.1310337595641613,4
two_concepts,plain2_w64_gap,6074,centered_logit_fidelity,selected,-0.05964768408779153,4
two_concepts,plain2_w64_gap,6074,prob_error_reduction,selected,0.12365874648094177,4
two_concepts,plain2_w64_gap,6075,centered_logit_fidelity,selected,0.11942540322380248,4
two_concepts,plain2_w64_gap,6075,prob_error_reduction,selected,0.20004240423440933,4
two_concepts,plain2_w64_gap,6076,centered_logit_fidelity,selected,0.38067958613396,4
two_concepts,plain2_w64_gap,6076,prob_error_reduction,selected,0.46693673729896545,4
two_concepts,plain2_w64_gap,6077,centered_logit_fidelity,selected,0.3434928793771166,4
two_concepts,plain2_w64_gap,6077,prob_error_reduction,selected,0.4215562492609024,4
two_concepts,plain2_w64_gap,6078,centered_logit_fidelity,selected,0.2593583080824263,4
two_concepts,plain2_w64_gap,6078,prob_error_reduction,selected,0.42117782309651375,4
two_concepts,plain2_w64_gap,6079,centered_logit_fidelity,selected,0.3524272442560583,4
two_concepts,plain2_w64_gap,6079,prob_error_reduction,selected,0.43314091116189957,4
two_concepts,plain2_w64_gap,6080,centered_logit_fidelity,selected,0.23395369881068848,4
two_concepts,plain2_w64_gap,6080,prob_error_reduction,selected,0.36347782984375954,4
two_concepts,plain2_w64_gap,6081,centered_logit_fidelity,selected,0.22374580007969558,4
two_concepts,plain2_w64_gap,6081,prob_error_reduction,selected,0.19828221201896667,4
two_concepts,plain2_w64_gap,6082,centered_logit_fidelity,selected,0.2858112304406978,4
two_concepts,plain2_w64_gap,6082,prob_error_reduction,selected,0.34336424246430397,4
two_concepts,plain2_w64_gap,6083,centered_logit_fidelity,selected,0.33136944665725815,4
two_concepts,plain2_w64_gap,6083,prob_error_reduction,selected,0.5113579295575619,4
two_concepts,plain2_w64_gap,6084,centered_logit_fidelity,selected,0.12473630555751104,4
two_concepts,plain2_w64_gap,6084,prob_error_reduction,selected,0.16818536072969437,4
two_concepts,plain2_w64_gap,6085,centered_logit_fidelity,selected,0.14756211262806956,4
two_concepts,plain2_w64_gap,6085,prob_error_reduction,selected,0.16152994707226753,4
two_concepts,plain2_w64_gap,6086,centered_logit_fidelity,selected,0.2031291793664349,4
two_concepts,plain2_w64_gap,6086,prob_error_reduction,selected,0.4292452223598957,4
two_concepts,plain2_w64_gap,6087,centered_logit_fidelity,selected,0.14775104314039927,4
two_concepts,plain2_w64_gap,6087,prob_error_reduction,selected,0.346965029835701,4
two_concepts,plain2_w64_gap,6088,centered_logit_fidelity,selected,0.2456895827420249,4
two_concepts,plain2_w64_gap,6088,prob_error_reduction,selected,0.34899260103702545,4
two_concepts,plain2_w64_gap,6089,centered_logit_fidelity,selected,0.25077489074794834,4
two_concepts,plain2_w64_gap,6089,prob_error_reduction,selected,0.3762431778013706,4
two_concepts,plain2_w64_gap,6090,centered_logit_fidelity,selected,0.20772179954632392,4
two_concepts,plain2_w64_gap,6090,prob_error_reduction,selected,0.3877578154206276,4
two_concepts,plain2_w64_gap,6091,centered_logit_fidelity,selected,0.20067171905197473,4
two_concepts,plain2_w64_gap,6091,prob_error_reduction,selected,0.30292848497629166,4
two_concepts,plain2_w64_gap,6092,centered_logit_fidelity,selected,0.3606282715607054,4
two_concepts,plain2_w64_gap,6092,prob_error_reduction,selected,0.40873318910598755,4
two_concepts,plain2_w64_gap,6093,centered_logit_fidelity,selected,0.09056061324624555,4
two_concepts,plain2_w64_gap,6093,prob_error_reduction,selected,0.3046980928629637,4
two_concepts,plain2_w64_gap,6094,centered_logit_fidelity,selected,0.1840764311401874,4
two_concepts,plain2_w64_gap,6094,prob_error_reduction,selected,0.2641662210226059,4
two_concepts,plain2_w64_gap,6095,centered_logit_fidelity,selected,0.1886242768578718,4
two_concepts,plain2_w64_gap,6095,prob_error_reduction,selected,0.2709733173251152,4
two_concepts,plain2_w64_gap,6096,centered_logit_fidelity,selected,0.32826661493458087,4
two_concepts,plain2_w64_gap,6096,prob_error_reduction,selected,0.4497833326458931,4
two_concepts,plain2_w64_gap,6097,centered_logit_fidelity,selected,0.2726296343847429,4
two_concepts,plain2_w64_gap,6097,prob_error_reduction,selected,0.35835544019937515,4
two_concepts,plain2_w64_gap,6098,centered_logit_fidelity,selected,0.32484433850866173,4
two_concepts,plain2_w64_gap,6098,prob_error_reduction,selected,0.3798896372318268,4
two_concepts,plain2_w64_gap,6099,centered_logit_fidelity,selected,0.27727158835868015,4
two_concepts,plain2_w64_gap,6099,prob_error_reduction,selected,0.2893374115228653,4
two_concepts,plain2_w64_gmp,6000,centered_logit_fidelity,selected,0.002729298519391035,4
two_concepts,plain2_w64_gmp,6000,prob_error_reduction,selected,-0.038217589259147644,4
two_concepts,plain2_w64_gmp,6001,centered_logit_fidelity,selected,-0.04665146266902084,4
two_concepts,plain2_w64_gmp,6001,prob_error_reduction,selected,-0.07298021763563156,4
two_concepts,plain2_w64_gmp,6002,centered_logit_fidelity,selected,-0.015480538366485427,4
two_concepts,plain2_w64_gmp,6002,prob_error_reduction,selected,0.02912864089012146,4
two_concepts,plain2_w64_gmp,6003,centered_logit_fidelity,selected,-0.006213984079520729,4
two_concepts,plain2_w64_gmp,6003,prob_error_reduction,selected,-0.11642944812774658,4
two_concepts,plain2_w64_gmp,6004,centered_logit_fidelity,selected,-0.027057700421421083,4
two_concepts,plain2_w64_gmp,6004,prob_error_reduction,selected,-0.04304029047489166,4
two_concepts,plain2_w64_gmp,6005,centered_logit_fidelity,selected,0.009123035151811634,4
two_concepts,plain2_w64_gmp,6005,prob_error_reduction,selected,0.029255583882331848,4
two_concepts,plain2_w64_gmp,6006,centered_logit_fidelity,selected,-0.015266845963767359,4
two_concepts,plain2_w64_gmp,6006,prob_error_reduction,selected,-0.06241221725940704,4
two_concepts,plain2_w64_gmp,6007,centered_logit_fidelity,selected,-0.002023659888502699,4
two_concepts,plain2_w64_gmp,6007,prob_error_reduction,selected,0.02951744943857193,4
two_concepts,plain2_w64_gmp,6008,centered_logit_fidelity,selected,0.0029703121196635596,4
two_concepts,plain2_w64_gmp,6008,prob_error_reduction,selected,-0.025673970580101013,4
two_concepts,plain2_w64_gmp,6009,centered_logit_fidelity,selected,-0.019721886197779565,4
two_concepts,plain2_w64_gmp,6009,prob_error_reduction,selected,-0.04727674275636673,4
two_concepts,plain2_w64_gmp,6010,centered_logit_fidelity,selected,-0.007150917264142756,4
two_concepts,plain2_w64_gmp,6010,prob_error_reduction,selected,-0.04312548041343689,4
two_concepts,plain2_w64_gmp,6011,centered_logit_fidelity,selected,-0.012217764430805342,4
two_concepts,plain2_w64_gmp,6011,prob_error_reduction,selected,-0.011487193405628204,4
two_concepts,plain2_w64_gmp,6012,centered_logit_fidelity,selected,-0.04337471293120364,4
two_concepts,plain2_w64_gmp,6012,prob_error_reduction,selected,-0.1050066240131855,4
two_concepts,plain2_w64_gmp,6013,centered_logit_fidelity,selected,0.008844854714418496,4
two_concepts,plain2_w64_gmp,6013,prob_error_reduction,selected,0.01539837196469307,4
two_concepts,plain2_w64_gmp,6014,centered_logit_fidelity,selected,-0.00440190296139592,4
two_concepts,plain2_w64_gmp,6014,prob_error_reduction,selected,-0.0019348785281181335,4
two_concepts,plain2_w64_gmp,6015,centered_logit_fidelity,selected,0.057190932143063436,4
two_concepts,plain2_w64_gmp,6015,prob_error_reduction,selected,0.06212615594267845,4
two_concepts,plain2_w64_gmp,6016,centered_logit_fidelity,selected,-0.008557271127489066,4
two_concepts,plain2_w64_gmp,6016,prob_error_reduction,selected,-0.0677819699048996,4
two_concepts,plain2_w64_gmp,6017,centered_logit_fidelity,selected,-9.37663867508487e-05,4
two_concepts,plain2_w64_gmp,6017,prob_error_reduction,selected,0.009795159101486206,4
two_concepts,plain2_w64_gmp,6018,centered_logit_fidelity,selected,-0.011237622938306269,4
two_concepts,plain2_w64_gmp,6018,prob_error_reduction,selected,0.06195906549692154,4
two_concepts,plain2_w64_gmp,6019,centered_logit_fidelity,selected,0.005144834565117065,4
two_concepts,plain2_w64_gmp,6019,prob_error_reduction,selected,0.07383785396814346,4
two_concepts,plain2_w64_gmp,6020,centered_logit_fidelity,selected,-0.017755857207406425,4
two_concepts,plain2_w64_gmp,6020,prob_error_reduction,selected,-0.038954757153987885,4
two_concepts,plain2_w64_gmp,6021,centered_logit_fidelity,selected,-0.003013197559297562,4
two_concepts,plain2_w64_gmp,6021,prob_error_reduction,selected,0.005978666245937347,4
two_concepts,plain2_w64_gmp,6022,centered_logit_fidelity,selected,-0.009305637835127056,4
two_concepts,plain2_w64_gmp,6022,prob_error_reduction,selected,-0.03209923207759857,4
two_concepts,plain2_w64_gmp,6023,centered_logit_fidelity,selected,-0.06216796445957011,4
two_concepts,plain2_w64_gmp,6023,prob_error_reduction,selected,-0.09430332481861115,4
two_concepts,plain2_w64_gmp,6024,centered_logit_fidelity,selected,-0.016378594924279566,4
two_concepts,plain2_w64_gmp,6024,prob_error_reduction,selected,-0.009562261402606964,4
two_concepts,plain2_w64_gmp,6025,centered_logit_fidelity,selected,-0.01041654844538524,4
two_concepts,plain2_w64_gmp,6025,prob_error_reduction,selected,-0.020537711679935455,4
two_concepts,plain2_w64_gmp,6026,centered_logit_fidelity,selected,0.011169241795515941,4
two_concepts,plain2_w64_gmp,6026,prob_error_reduction,selected,0.08982495963573456,4
two_concepts,plain2_w64_gmp,6027,centered_logit_fidelity,selected,-0.04201349477037414,4
two_concepts,plain2_w64_gmp,6027,prob_error_reduction,selected,-0.1416306272149086,4
two_concepts,plain2_w64_gmp,6028,centered_logit_fidelity,selected,0.03507899935648452,4
two_concepts,plain2_w64_gmp,6028,prob_error_reduction,selected,0.226260706782341,4
two_concepts,plain2_w64_gmp,6029,centered_logit_fidelity,selected,0.04580532772405789,4
two_concepts,plain2_w64_gmp,6029,prob_error_reduction,selected,0.15886200591921806,4
two_concepts,plain2_w64_gmp,6030,centered_logit_fidelity,selected,-0.005593995772630228,4
two_concepts,plain2_w64_gmp,6030,prob_error_reduction,selected,-0.04792957752943039,4
two_concepts,plain2_w64_gmp,6031,centered_logit_fidelity,selected,-0.028481562632372295,4
two_concepts,plain2_w64_gmp,6031,prob_error_reduction,selected,-0.10594654828310013,4
two_concepts,plain2_w64_gmp,6032,centered_logit_fidelity,selected,0.012643704023336547,4
two_concepts,plain2_w64_gmp,6032,prob_error_reduction,selected,0.1128032598644495,4
two_concepts,plain2_w64_gmp,6033,centered_logit_fidelity,selected,-0.004714224741855247,4
two_concepts,plain2_w64_gmp,6033,prob_error_reduction,selected,0.0028837472200393677,4
two_concepts,plain2_w64_gmp,6034,centered_logit_fidelity,selected,-0.0010844526283863704,4
two_concepts,plain2_w64_gmp,6034,prob_error_reduction,selected,-0.026104018092155457,4
two_concepts,plain2_w64_gmp,6035,centered_logit_fidelity,selected,-0.028960208051454453,4
two_concepts,plain2_w64_gmp,6035,prob_error_reduction,selected,-0.043696969747543335,4
two_concepts,plain2_w64_gmp,6036,centered_logit_fidelity,selected,-0.03712539872570575,4
two_concepts,plain2_w64_gmp,6036,prob_error_reduction,selected,-0.05954139679670334,4
two_concepts,plain2_w64_gmp,6037,centered_logit_fidelity,selected,-0.008516639910029447,4
two_concepts,plain2_w64_gmp,6037,prob_error_reduction,selected,0.02740689367055893,4
two_concepts,plain2_w64_gmp,6038,centered_logit_fidelity,selected,-0.014435969546677085,4
two_concepts,plain2_w64_gmp,6038,prob_error_reduction,selected,-0.049443334341049194,4
two_concepts,plain2_w64_gmp,6039,centered_logit_fidelity,selected,-0.02530217263070303,4
two_concepts,plain2_w64_gmp,6039,prob_error_reduction,selected,-0.0676099881529808,4
two_concepts,plain2_w64_gmp,6040,centered_logit_fidelity,selected,0.020486745463401332,4
two_concepts,plain2_w64_gmp,6040,prob_error_reduction,selected,0.10195590183138847,4
two_concepts,plain2_w64_gmp,6041,centered_logit_fidelity,selected,0.01533815918531413,4
two_concepts,plain2_w64_gmp,6041,prob_error_reduction,selected,-0.03997613862156868,4
two_concepts,plain2_w64_gmp,6042,centered_logit_fidelity,selected,0.012683853389779814,4
two_concepts,plain2_w64_gmp,6042,prob_error_reduction,selected,0.09482534974813461,4
two_concepts,plain2_w64_gmp,6043,centered_logit_fidelity,selected,-0.020985382112614387,4
two_concepts,plain2_w64_gmp,6043,prob_error_reduction,selected,0.008506998419761658,4
two_concepts,plain2_w64_gmp,6044,centered_logit_fidelity,selected,0.01676501516018465,4
two_concepts,plain2_w64_gmp,6044,prob_error_reduction,selected,0.04064677655696869,4
two_concepts,plain2_w64_gmp,6045,centered_logit_fidelity,selected,-0.01285973299644566,4
two_concepts,plain2_w64_gmp,6045,prob_error_reduction,selected,0.008745290338993073,4
two_concepts,plain2_w64_gmp,6046,centered_logit_fidelity,selected,-0.009685888601407067,4
two_concepts,plain2_w64_gmp,6046,prob_error_reduction,selected,-0.05425771325826645,4
two_concepts,plain2_w64_gmp,6047,centered_logit_fidelity,selected,0.017864255832100787,4
two_concepts,plain2_w64_gmp,6047,prob_error_reduction,selected,0.06925809383392334,4
two_concepts,plain2_w64_gmp,6048,centered_logit_fidelity,selected,0.03002528758812721,4
two_concepts,plain2_w64_gmp,6048,prob_error_reduction,selected,0.1683923341333866,4
two_concepts,plain2_w64_gmp,6049,centered_logit_fidelity,selected,-0.033321048274494725,4
two_concepts,plain2_w64_gmp,6049,prob_error_reduction,selected,-0.06609516590833664,4
two_concepts,plain2_w64_gmp,6050,centered_logit_fidelity,selected,-0.004948402885658648,4
two_concepts,plain2_w64_gmp,6050,prob_error_reduction,selected,-0.05217427387833595,4
two_concepts,plain2_w64_gmp,6051,centered_logit_fidelity,selected,0.008661375913510669,4
two_concepts,plain2_w64_gmp,6051,prob_error_reduction,selected,-0.04135102033615112,4
two_concepts,plain2_w64_gmp,6052,centered_logit_fidelity,selected,-0.031039738706955436,4
two_concepts,plain2_w64_gmp,6052,prob_error_reduction,selected,-0.006845749914646149,4
two_concepts,plain2_w64_gmp,6053,centered_logit_fidelity,selected,-0.0018280455815475882,4
two_concepts,plain2_w64_gmp,6053,prob_error_reduction,selected,0.014961041510105133,4
two_concepts,plain2_w64_gmp,6054,centered_logit_fidelity,selected,-0.003404252070126901,4
two_concepts,plain2_w64_gmp,6054,prob_error_reduction,selected,0.017054017633199692,4
two_concepts,plain2_w64_gmp,6055,centered_logit_fidelity,selected,-0.00502684373052191,4
two_concepts,plain2_w64_gmp,6055,prob_error_reduction,selected,0.011730968952178955,4
two_concepts,plain2_w64_gmp,6056,centered_logit_fidelity,selected,-0.0017669154590206765,4
two_concepts,plain2_w64_gmp,6056,prob_error_reduction,selected,-0.08121635764837265,4
two_concepts,plain2_w64_gmp,6057,centered_logit_fidelity,selected,-0.017162092820406594,4
two_concepts,plain2_w64_gmp,6057,prob_error_reduction,selected,0.010879702866077423,4
two_concepts,plain2_w64_gmp,6058,centered_logit_fidelity,selected,0.014245986150599466,4
two_concepts,plain2_w64_gmp,6058,prob_error_reduction,selected,0.051263242959976196,4
two_concepts,plain2_w64_gmp,6059,centered_logit_fidelity,selected,-0.010695327655373052,4
two_concepts,plain2_w64_gmp,6059,prob_error_reduction,selected,-0.059706807136535645,4
two_concepts,plain2_w64_gmp,6060,centered_logit_fidelity,selected,0.018610277266624425,4
two_concepts,plain2_w64_gmp,6060,prob_error_reduction,selected,0.0904536321759224,4
two_concepts,plain2_w64_gmp,6061,centered_logit_fidelity,selected,0.008081918926708842,4
two_concepts,plain2_w64_gmp,6061,prob_error_reduction,selected,0.08884787932038307,4
two_concepts,plain2_w64_gmp,6062,centered_logit_fidelity,selected,-0.0006022281469430374,4
two_concepts,plain2_w64_gmp,6062,prob_error_reduction,selected,-0.0031007379293441772,4
two_concepts,plain2_w64_gmp,6063,centered_logit_fidelity,selected,-0.004918939302461567,4
two_concepts,plain2_w64_gmp,6063,prob_error_reduction,selected,0.07226978987455368,4
two_concepts,plain2_w64_gmp,6064,centered_logit_fidelity,selected,-0.010147128268246985,4
two_concepts,plain2_w64_gmp,6064,prob_error_reduction,selected,0.006763041019439697,4
two_concepts,plain2_w64_gmp,6065,centered_logit_fidelity,selected,-0.0003397471640920885,4
two_concepts,plain2_w64_gmp,6065,prob_error_reduction,selected,-0.023232750594615936,4
two_concepts,plain2_w64_gmp,6066,centered_logit_fidelity,selected,-0.006101578795602566,4
two_concepts,plain2_w64_gmp,6066,prob_error_reduction,selected,-0.00586305558681488,4
two_concepts,plain2_w64_gmp,6067,centered_logit_fidelity,selected,-0.025184533657251817,4
two_concepts,plain2_w64_gmp,6067,prob_error_reduction,selected,-0.12259454280138016,4
two_concepts,plain2_w64_gmp,6068,centered_logit_fidelity,selected,0.0017700991524698256,4
two_concepts,plain2_w64_gmp,6068,prob_error_reduction,selected,-0.059752412140369415,4
two_concepts,plain2_w64_gmp,6069,centered_logit_fidelity,selected,0.02085898549657561,4
two_concepts,plain2_w64_gmp,6069,prob_error_reduction,selected,0.04851854592561722,4
two_concepts,plain2_w64_gmp,6070,centered_logit_fidelity,selected,0.02087695891334991,4
two_concepts,plain2_w64_gmp,6070,prob_error_reduction,selected,0.019817784428596497,4
two_concepts,plain2_w64_gmp,6071,centered_logit_fidelity,selected,0.01015645311974464,4
two_concepts,plain2_w64_gmp,6071,prob_error_reduction,selected,-0.022868871688842773,4
two_concepts,plain2_w64_gmp,6072,centered_logit_fidelity,selected,-0.025921976630092075,4
two_concepts,plain2_w64_gmp,6072,prob_error_reduction,selected,0.029399938881397247,4
two_concepts,plain2_w64_gmp,6073,centered_logit_fidelity,selected,-0.027311873368128153,4
two_concepts,plain2_w64_gmp,6073,prob_error_reduction,selected,-0.011204414069652557,4
two_concepts,plain2_w64_gmp,6074,centered_logit_fidelity,selected,-0.023717184719229012,4
two_concepts,plain2_w64_gmp,6074,prob_error_reduction,selected,-0.07317589968442917,4
two_concepts,plain2_w64_gmp,6075,centered_logit_fidelity,selected,-0.021434267027162765,4
two_concepts,plain2_w64_gmp,6075,prob_error_reduction,selected,-0.03245173394680023,4
two_concepts,plain2_w64_gmp,6076,centered_logit_fidelity,selected,-0.027285652168563296,4
two_concepts,plain2_w64_gmp,6076,prob_error_reduction,selected,0.00321139395236969,4
two_concepts,plain2_w64_gmp,6077,centered_logit_fidelity,selected,-0.0014214365904557241,4
two_concepts,plain2_w64_gmp,6077,prob_error_reduction,selected,0.0628526359796524,4
two_concepts,plain2_w64_gmp,6078,centered_logit_fidelity,selected,-0.028944800177426094,4
two_concepts,plain2_w64_gmp,6078,prob_error_reduction,selected,-0.04530390724539757,4
two_concepts,plain2_w64_gmp,6079,centered_logit_fidelity,selected,-0.011106636472536166,4
two_concepts,plain2_w64_gmp,6079,prob_error_reduction,selected,-0.08659584075212479,4
two_concepts,plain2_w64_gmp,6080,centered_logit_fidelity,selected,-0.02602430863971089,4
two_concepts,plain2_w64_gmp,6080,prob_error_reduction,selected,-0.0077788569033145905,4
two_concepts,plain2_w64_gmp,6081,centered_logit_fidelity,selected,-0.06109680364040965,4
two_concepts,plain2_w64_gmp,6081,prob_error_reduction,selected,-0.14773797988891602,4
two_concepts,plain2_w64_gmp,6082,centered_logit_fidelity,selected,-0.0008797179727919602,4
two_concepts,plain2_w64_gmp,6082,prob_error_reduction,selected,0.06249673664569855,4
two_concepts,plain2_w64_gmp,6083,centered_logit_fidelity,selected,0.023395512520959907,4
two_concepts,plain2_w64_gmp,6083,prob_error_reduction,selected,0.12798569351434708,4
two_concepts,plain2_w64_gmp,6084,centered_logit_fidelity,selected,-0.028676866200817955,4
two_concepts,plain2_w64_gmp,6084,prob_error_reduction,selected,-0.08499342948198318,4
two_concepts,plain2_w64_gmp,6085,centered_logit_fidelity,selected,-0.04712029845032685,4
two_concepts,plain2_w64_gmp,6085,prob_error_reduction,selected,-0.06333638727664948,4
two_concepts,plain2_w64_gmp,6086,centered_logit_fidelity,selected,0.011576068432965228,4
two_concepts,plain2_w64_gmp,6086,prob_error_reduction,selected,0.04134055972099304,4
two_concepts,plain2_w64_gmp,6087,centered_logit_fidelity,selected,-0.0010695957462830141,4
two_concepts,plain2_w64_gmp,6087,prob_error_reduction,selected,0.006829597055912018,4
two_concepts,plain2_w64_gmp,6088,centered_logit_fidelity,selected,0.015145583401541304,4
two_concepts,plain2_w64_gmp,6088,prob_error_reduction,selected,0.022177502512931824,4
two_concepts,plain2_w64_gmp,6089,centered_logit_fidelity,selected,-0.01910061189310365,4
two_concepts,plain2_w64_gmp,6089,prob_error_reduction,selected,0.03796619176864624,4
two_concepts,plain2_w64_gmp,6090,centered_logit_fidelity,selected,0.014127547476959615,4
two_concepts,plain2_w64_gmp,6090,prob_error_reduction,selected,0.04995319992303848,4
two_concepts,plain2_w64_gmp,6091,centered_logit_fidelity,selected,-0.014259756658968434,4
two_concepts,plain2_w64_gmp,6091,prob_error_reduction,selected,-0.06786808371543884,4
two_concepts,plain2_w64_gmp,6092,centered_logit_fidelity,selected,-0.013138783136195917,4
two_concepts,plain2_w64_gmp,6092,prob_error_reduction,selected,0.03924855962395668,4
two_concepts,plain2_w64_gmp,6093,centered_logit_fidelity,selected,-0.004353277692942331,4
two_concepts,plain2_w64_gmp,6093,prob_error_reduction,selected,0.01851101964712143,4
two_concepts,plain2_w64_gmp,6094,centered_logit_fidelity,selected,-0.013022434956136059,4
two_concepts,plain2_w64_gmp,6094,prob_error_reduction,selected,0.02377811074256897,4
two_concepts,plain2_w64_gmp,6095,centered_logit_fidelity,selected,-0.03411982868558815,4
two_concepts,plain2_w64_gmp,6095,prob_error_reduction,selected,-0.034902721643447876,4
two_concepts,plain2_w64_gmp,6096,centered_logit_fidelity,selected,-0.006908675335373871,4
two_concepts,plain2_w64_gmp,6096,prob_error_reduction,selected,0.0171884223818779,4
two_concepts,plain2_w64_gmp,6097,centered_logit_fidelity,selected,0.002042263285386592,4
two_concepts,plain2_w64_gmp,6097,prob_error_reduction,selected,0.02907480299472809,4
two_concepts,plain2_w64_gmp,6098,centered_logit_fidelity,selected,-0.010067123619190863,4
two_concepts,plain2_w64_gmp,6098,prob_error_reduction,selected,0.03849993646144867,4
two_concepts,plain2_w64_gmp,6099,centered_logit_fidelity,selected,-0.012232061667719937,4
two_concepts,plain2_w64_gmp,6099,prob_error_reduction,selected,-0.00847054272890091,4
two_concepts,plain4_w16_gap,6000,centered_logit_fidelity,selected,-0.0977444782447018,4
two_concepts,plain4_w16_gap,6000,prob_error_reduction,selected,0.012165457010269165,4
two_concepts,plain4_w16_gap,6001,centered_logit_fidelity,selected,0.09708981936455506,4
two_concepts,plain4_w16_gap,6001,prob_error_reduction,selected,0.27507876977324486,4
two_concepts,plain4_w16_gap,6002,centered_logit_fidelity,selected,-0.024504677186188817,4
two_concepts,plain4_w16_gap,6002,prob_error_reduction,selected,0.057028092443943024,4
two_concepts,plain4_w16_gap,6003,centered_logit_fidelity,selected,0.009649176699868575,4
two_concepts,plain4_w16_gap,6003,prob_error_reduction,selected,0.15319007635116577,4
two_concepts,plain4_w16_gap,6004,centered_logit_fidelity,selected,0.07353361953476212,4
two_concepts,plain4_w16_gap,6004,prob_error_reduction,selected,0.027004390954971313,4
two_concepts,plain4_w16_gap,6005,centered_logit_fidelity,selected,0.05750293535401478,4
two_concepts,plain4_w16_gap,6005,prob_error_reduction,selected,0.12222572416067123,4
two_concepts,plain4_w16_gap,6006,centered_logit_fidelity,selected,-0.01766864008967392,4
two_concepts,plain4_w16_gap,6006,prob_error_reduction,selected,0.21099182963371277,4
two_concepts,plain4_w16_gap,6007,centered_logit_fidelity,selected,0.05499568196104905,4
two_concepts,plain4_w16_gap,6007,prob_error_reduction,selected,0.10363059490919113,4
two_concepts,plain4_w16_gap,6008,centered_logit_fidelity,selected,0.033631130555919125,4
two_concepts,plain4_w16_gap,6008,prob_error_reduction,selected,0.23587430268526077,4
two_concepts,plain4_w16_gap,6009,centered_logit_fidelity,selected,0.08269527592920119,4
two_concepts,plain4_w16_gap,6009,prob_error_reduction,selected,0.09961111843585968,4
two_concepts,plain4_w16_gap,6010,centered_logit_fidelity,selected,0.0725914540076703,4
two_concepts,plain4_w16_gap,6010,prob_error_reduction,selected,0.2678888589143753,4
two_concepts,plain4_w16_gap,6011,centered_logit_fidelity,selected,0.09041242920326265,4
two_concepts,plain4_w16_gap,6011,prob_error_reduction,selected,0.04157443717122078,4
two_concepts,plain4_w16_gap,6012,centered_logit_fidelity,selected,-0.10559788600573593,4
two_concepts,plain4_w16_gap,6012,prob_error_reduction,selected,0.039494529366493225,4
two_concepts,plain4_w16_gap,6013,centered_logit_fidelity,selected,0.06516430094934994,4
two_concepts,plain4_w16_gap,6013,prob_error_reduction,selected,0.014138706028461456,4
two_concepts,plain4_w16_gap,6014,centered_logit_fidelity,selected,0.021895621170654855,4
two_concepts,plain4_w16_gap,6014,prob_error_reduction,selected,0.11498229205608368,4
two_concepts,plain4_w16_gap,6015,centered_logit_fidelity,selected,0.03206550991285505,4
two_concepts,plain4_w16_gap,6015,prob_error_reduction,selected,-0.07264233380556107,4
two_concepts,plain4_w16_gap,6016,centered_logit_fidelity,selected,-0.21261080425855827,4
two_concepts,plain4_w16_gap,6016,prob_error_reduction,selected,-0.08875205367803574,4
two_concepts,plain4_w16_gap,6017,centered_logit_fidelity,selected,0.13082054628666462,4
two_concepts,plain4_w16_gap,6017,prob_error_reduction,selected,0.11055469512939453,4
two_concepts,plain4_w16_gap,6018,centered_logit_fidelity,selected,-0.014042639317537173,4
two_concepts,plain4_w16_gap,6018,prob_error_reduction,selected,0.05837944149971008,4
two_concepts,plain4_w16_gap,6019,centered_logit_fidelity,selected,0.09370752809497707,4
two_concepts,plain4_w16_gap,6019,prob_error_reduction,selected,0.12065599858760834,4
two_concepts,plain4_w16_gap,6020,centered_logit_fidelity,selected,0.04830121475937289,4
two_concepts,plain4_w16_gap,6020,prob_error_reduction,selected,0.0663604885339737,4
two_concepts,plain4_w16_gap,6021,centered_logit_fidelity,selected,-0.017497986930222892,4
two_concepts,plain4_w16_gap,6021,prob_error_reduction,selected,0.11473368853330612,4
two_concepts,plain4_w16_gap,6022,centered_logit_fidelity,selected,0.0024298677456849743,4
two_concepts,plain4_w16_gap,6022,prob_error_reduction,selected,0.1279698759317398,4
two_concepts,plain4_w16_gap,6023,centered_logit_fidelity,selected,0.07017575181509393,4
two_concepts,plain4_w16_gap,6023,prob_error_reduction,selected,0.12538516521453857,4
two_concepts,plain4_w16_gap,6024,centered_logit_fidelity,selected,0.2122707697656963,4
two_concepts,plain4_w16_gap,6024,prob_error_reduction,selected,0.25180409103631973,4
two_concepts,plain4_w16_gap,6025,centered_logit_fidelity,selected,0.051950265360673945,4
two_concepts,plain4_w16_gap,6025,prob_error_reduction,selected,0.21171405166387558,4
two_concepts,plain4_w16_gap,6026,centered_logit_fidelity,selected,-0.018516746990168087,4
two_concepts,plain4_w16_gap,6026,prob_error_reduction,selected,0.054091677069664,4
two_concepts,plain4_w16_gap,6027,centered_logit_fidelity,selected,0.12831049053808963,4
two_concepts,plain4_w16_gap,6027,prob_error_reduction,selected,0.2566220536828041,4
two_concepts,plain4_w16_gap,6028,centered_logit_fidelity,selected,0.06818630069366909,4
two_concepts,plain4_w16_gap,6028,prob_error_reduction,selected,0.06005576252937317,4
two_concepts,plain4_w16_gap,6029,centered_logit_fidelity,selected,0.05610192476180814,4
two_concepts,plain4_w16_gap,6029,prob_error_reduction,selected,0.15326929837465286,4
two_concepts,plain4_w16_gap,6030,centered_logit_fidelity,selected,0.003135698071815435,4
two_concepts,plain4_w16_gap,6030,prob_error_reduction,selected,0.13792456686496735,4
two_concepts,plain4_w16_gap,6031,centered_logit_fidelity,selected,0.0489115344746114,4
two_concepts,plain4_w16_gap,6031,prob_error_reduction,selected,0.10890772938728333,4
two_concepts,plain4_w16_gap,6032,centered_logit_fidelity,selected,-0.022825130858368042,4
two_concepts,plain4_w16_gap,6032,prob_error_reduction,selected,0.04551337659358978,4
two_concepts,plain4_w16_gap,6033,centered_logit_fidelity,selected,0.0311371869532375,4
two_concepts,plain4_w16_gap,6033,prob_error_reduction,selected,0.1317504160106182,4
two_concepts,plain4_w16_gap,6034,centered_logit_fidelity,selected,0.0126371182947011,4
two_concepts,plain4_w16_gap,6034,prob_error_reduction,selected,0.0786624327301979,4
two_concepts,plain4_w16_gap,6035,centered_logit_fidelity,selected,-0.10338735455103822,4
two_concepts,plain4_w16_gap,6035,prob_error_reduction,selected,0.07308526337146759,4
two_concepts,plain4_w16_gap,6036,centered_logit_fidelity,selected,0.02009207437661084,4
two_concepts,plain4_w16_gap,6036,prob_error_reduction,selected,0.0635339766740799,4
two_concepts,plain4_w16_gap,6037,centered_logit_fidelity,selected,0.05372166309488122,4
two_concepts,plain4_w16_gap,6037,prob_error_reduction,selected,0.06328403204679489,4
two_concepts,plain4_w16_gap,6038,centered_logit_fidelity,selected,0.1020138705495506,4
two_concepts,plain4_w16_gap,6038,prob_error_reduction,selected,0.08433718234300613,4
two_concepts,plain4_w16_gap,6039,centered_logit_fidelity,selected,0.11743602350085827,4
two_concepts,plain4_w16_gap,6039,prob_error_reduction,selected,0.2032870054244995,4
two_concepts,plain4_w16_gap,6040,centered_logit_fidelity,selected,0.09747249823629134,4
two_concepts,plain4_w16_gap,6040,prob_error_reduction,selected,0.13147178292274475,4
two_concepts,plain4_w16_gap,6041,centered_logit_fidelity,selected,-0.042403523465797954,4
two_concepts,plain4_w16_gap,6041,prob_error_reduction,selected,0.30807067453861237,4
two_concepts,plain4_w16_gap,6042,centered_logit_fidelity,selected,0.06973305877873005,4
two_concepts,plain4_w16_gap,6042,prob_error_reduction,selected,0.1941707506775856,4
two_concepts,plain4_w16_gap,6043,centered_logit_fidelity,selected,0.059323643028773826,4
two_concepts,plain4_w16_gap,6043,prob_error_reduction,selected,0.11381278932094574,4
two_concepts,plain4_w16_gap,6044,centered_logit_fidelity,selected,-0.0026517758359991123,4
two_concepts,plain4_w16_gap,6044,prob_error_reduction,selected,0.0868985652923584,4
two_concepts,plain4_w16_gap,6045,centered_logit_fidelity,selected,-0.015132185515466398,4
two_concepts,plain4_w16_gap,6045,prob_error_reduction,selected,0.1270231455564499,4
two_concepts,plain4_w16_gap,6046,centered_logit_fidelity,selected,0.025634764744668165,4
two_concepts,plain4_w16_gap,6046,prob_error_reduction,selected,0.12625788152217865,4
two_concepts,plain4_w16_gap,6047,centered_logit_fidelity,selected,0.04418328300712643,4
two_concepts,plain4_w16_gap,6047,prob_error_reduction,selected,0.12097055464982986,4
two_concepts,plain4_w16_gap,6048,centered_logit_fidelity,selected,0.09221580402416697,4
two_concepts,plain4_w16_gap,6048,prob_error_reduction,selected,0.2552594989538193,4
two_concepts,plain4_w16_gap,6049,centered_logit_fidelity,selected,0.01691497202484729,4
two_concepts,plain4_w16_gap,6049,prob_error_reduction,selected,0.10252678394317627,4
two_concepts,plain4_w16_gap,6050,centered_logit_fidelity,selected,0.03790147335652422,4
two_concepts,plain4_w16_gap,6050,prob_error_reduction,selected,0.08913768827915192,4
two_concepts,plain4_w16_gap,6051,centered_logit_fidelity,selected,0.055406843835760236,4
two_concepts,plain4_w16_gap,6051,prob_error_reduction,selected,0.16363252699375153,4
two_concepts,plain4_w16_gap,6052,centered_logit_fidelity,selected,0.04180171731202929,4
two_concepts,plain4_w16_gap,6052,prob_error_reduction,selected,0.18788587301969528,4
two_concepts,plain4_w16_gap,6053,centered_logit_fidelity,selected,-0.015662924535314135,4
two_concepts,plain4_w16_gap,6053,prob_error_reduction,selected,0.06812702119350433,4
two_concepts,plain4_w16_gap,6054,centered_logit_fidelity,selected,0.07367731985891654,4
two_concepts,plain4_w16_gap,6054,prob_error_reduction,selected,0.15929106622934341,4
two_concepts,plain4_w16_gap,6055,centered_logit_fidelity,selected,0.1815621762459209,4
two_concepts,plain4_w16_gap,6055,prob_error_reduction,selected,0.12272651493549347,4
two_concepts,plain4_w16_gap,6056,centered_logit_fidelity,selected,-0.025398177653444917,4
two_concepts,plain4_w16_gap,6056,prob_error_reduction,selected,0.12816662341356277,4
two_concepts,plain4_w16_gap,6057,centered_logit_fidelity,selected,0.03280472247164812,4
two_concepts,plain4_w16_gap,6057,prob_error_reduction,selected,0.08199428766965866,4
two_concepts,plain4_w16_gap,6058,centered_logit_fidelity,selected,0.16818160952610586,4
two_concepts,plain4_w16_gap,6058,prob_error_reduction,selected,0.23529410362243652,4
two_concepts,plain4_w16_gap,6059,centered_logit_fidelity,selected,-0.07154648571454855,4
two_concepts,plain4_w16_gap,6059,prob_error_reduction,selected,0.004936330020427704,4
two_concepts,plain4_w16_gap,6060,centered_logit_fidelity,selected,0.07879011358127017,4
two_concepts,plain4_w16_gap,6060,prob_error_reduction,selected,0.06711690872907639,4
two_concepts,plain4_w16_gap,6061,centered_logit_fidelity,selected,0.013391036936399203,4
two_concepts,plain4_w16_gap,6061,prob_error_reduction,selected,0.05112215876579285,4
two_concepts,plain4_w16_gap,6062,centered_logit_fidelity,selected,0.10665812593432214,4
two_concepts,plain4_w16_gap,6062,prob_error_reduction,selected,0.02472652494907379,4
two_concepts,plain4_w16_gap,6063,centered_logit_fidelity,selected,-0.03225561395578659,4
two_concepts,plain4_w16_gap,6063,prob_error_reduction,selected,0.0021843165159225464,4
two_concepts,plain4_w16_gap,6064,centered_logit_fidelity,selected,0.06537561852728833,4
two_concepts,plain4_w16_gap,6064,prob_error_reduction,selected,0.1702176332473755,4
two_concepts,plain4_w16_gap,6065,centered_logit_fidelity,selected,-0.0787218395953818,4
two_concepts,plain4_w16_gap,6065,prob_error_reduction,selected,0.028661631047725677,4
two_concepts,plain4_w16_gap,6066,centered_logit_fidelity,selected,0.06993136942919906,4
two_concepts,plain4_w16_gap,6066,prob_error_reduction,selected,0.21880818158388138,4
two_concepts,plain4_w16_gap,6067,centered_logit_fidelity,selected,-0.05389216884380518,4
two_concepts,plain4_w16_gap,6067,prob_error_reduction,selected,0.25938843935728073,4
two_concepts,plain4_w16_gap,6068,centered_logit_fidelity,selected,0.1337781164187519,4
two_concepts,plain4_w16_gap,6068,prob_error_reduction,selected,0.12701378762722015,4
two_concepts,plain4_w16_gap,6069,centered_logit_fidelity,selected,0.0006078080792322332,4
two_concepts,plain4_w16_gap,6069,prob_error_reduction,selected,0.06459462642669678,4
two_concepts,plain4_w16_gap,6070,centered_logit_fidelity,selected,-0.13879293020252736,4
two_concepts,plain4_w16_gap,6070,prob_error_reduction,selected,0.08154410868883133,4
two_concepts,plain4_w16_gap,6071,centered_logit_fidelity,selected,0.09098709690030812,4
two_concepts,plain4_w16_gap,6071,prob_error_reduction,selected,0.1881258189678192,4
two_concepts,plain4_w16_gap,6072,centered_logit_fidelity,selected,0.001180080409997994,4
two_concepts,plain4_w16_gap,6072,prob_error_reduction,selected,0.11205706745386124,4
two_concepts,plain4_w16_gap,6073,centered_logit_fidelity,selected,-0.04484401000803273,4
two_concepts,plain4_w16_gap,6073,prob_error_reduction,selected,0.09431512653827667,4
two_concepts,plain4_w16_gap,6074,centered_logit_fidelity,selected,-0.07681244518443639,4
two_concepts,plain4_w16_gap,6074,prob_error_reduction,selected,0.11174831539392471,4
two_concepts,plain4_w16_gap,6075,centered_logit_fidelity,selected,0.035638303492396134,4
two_concepts,plain4_w16_gap,6075,prob_error_reduction,selected,0.10691063106060028,4
two_concepts,plain4_w16_gap,6076,centered_logit_fidelity,selected,0.07508115494882199,4
two_concepts,plain4_w16_gap,6076,prob_error_reduction,selected,0.16135727614164352,4
two_concepts,plain4_w16_gap,6077,centered_logit_fidelity,selected,-0.06725728208297913,4
two_concepts,plain4_w16_gap,6077,prob_error_reduction,selected,-0.07033785432577133,4
two_concepts,plain4_w16_gap,6078,centered_logit_fidelity,selected,0.06359530560003068,4
two_concepts,plain4_w16_gap,6078,prob_error_reduction,selected,0.18823403865098953,4
two_concepts,plain4_w16_gap,6079,centered_logit_fidelity,selected,-0.021655120394276042,4
two_concepts,plain4_w16_gap,6079,prob_error_reduction,selected,0.17068038880825043,4
two_concepts,plain4_w16_gap,6080,centered_logit_fidelity,selected,0.09489624711075025,4
two_concepts,plain4_w16_gap,6080,prob_error_reduction,selected,0.11660818755626678,4
two_concepts,plain4_w16_gap,6081,centered_logit_fidelity,selected,-0.006595209527976931,4
two_concepts,plain4_w16_gap,6081,prob_error_reduction,selected,0.13106203824281693,4
two_concepts,plain4_w16_gap,6082,centered_logit_fidelity,selected,-0.05167356496829191,4
two_concepts,plain4_w16_gap,6082,prob_error_reduction,selected,-0.03920166194438934,4
two_concepts,plain4_w16_gap,6083,centered_logit_fidelity,selected,0.03866541429520169,4
two_concepts,plain4_w16_gap,6083,prob_error_reduction,selected,0.12026295810937881,4
two_concepts,plain4_w16_gap,6084,centered_logit_fidelity,selected,-0.006327687993097658,4
two_concepts,plain4_w16_gap,6084,prob_error_reduction,selected,0.1086234524846077,4
two_concepts,plain4_w16_gap,6085,centered_logit_fidelity,selected,0.05808476702256937,4
two_concepts,plain4_w16_gap,6085,prob_error_reduction,selected,0.21659532189369202,4
two_concepts,plain4_w16_gap,6086,centered_logit_fidelity,selected,-0.07762821389147392,4
two_concepts,plain4_w16_gap,6086,prob_error_reduction,selected,0.005357421934604645,4
two_concepts,plain4_w16_gap,6087,centered_logit_fidelity,selected,0.13865078245963852,4
two_concepts,plain4_w16_gap,6087,prob_error_reduction,selected,0.2846722975373268,4
two_concepts,plain4_w16_gap,6088,centered_logit_fidelity,selected,0.03836186433700885,4
two_concepts,plain4_w16_gap,6088,prob_error_reduction,selected,0.05388110876083374,4
two_concepts,plain4_w16_gap,6089,centered_logit_fidelity,selected,0.0817105119227611,4
two_concepts,plain4_w16_gap,6089,prob_error_reduction,selected,0.0016612857580184937,4
two_concepts,plain4_w16_gap,6090,centered_logit_fidelity,selected,0.09533331297494632,4
two_concepts,plain4_w16_gap,6090,prob_error_reduction,selected,0.12841351330280304,4
two_concepts,plain4_w16_gap,6091,centered_logit_fidelity,selected,-0.03710295236501511,4
two_concepts,plain4_w16_gap,6091,prob_error_reduction,selected,0.1373615264892578,4
two_concepts,plain4_w16_gap,6092,centered_logit_fidelity,selected,-0.03598866632110688,4
two_concepts,plain4_w16_gap,6092,prob_error_reduction,selected,0.3788195550441742,4
two_concepts,plain4_w16_gap,6093,centered_logit_fidelity,selected,0.012056774130939238,4
two_concepts,plain4_w16_gap,6093,prob_error_reduction,selected,-0.00923939049243927,4
two_concepts,plain4_w16_gap,6094,centered_logit_fidelity,selected,-0.0014050963078349188,4
two_concepts,plain4_w16_gap,6094,prob_error_reduction,selected,0.05921512842178345,4
two_concepts,plain4_w16_gap,6095,centered_logit_fidelity,selected,-0.08191870629671827,4
two_concepts,plain4_w16_gap,6095,prob_error_reduction,selected,0.1197437271475792,4
two_concepts,plain4_w16_gap,6096,centered_logit_fidelity,selected,0.08234652064449537,4
two_concepts,plain4_w16_gap,6096,prob_error_reduction,selected,0.2052750065922737,4
two_concepts,plain4_w16_gap,6097,centered_logit_fidelity,selected,0.018968288010292947,4
two_concepts,plain4_w16_gap,6097,prob_error_reduction,selected,0.07562999427318573,4
two_concepts,plain4_w16_gap,6098,centered_logit_fidelity,selected,0.0032606606256060794,4
two_concepts,plain4_w16_gap,6098,prob_error_reduction,selected,0.18806852400302887,4
two_concepts,plain4_w16_gap,6099,centered_logit_fidelity,selected,0.05419682502585449,4
two_concepts,plain4_w16_gap,6099,prob_error_reduction,selected,0.03642702102661133,4
two_concepts,plain4_w16_gmp,6000,centered_logit_fidelity,selected,0.009402717685364187,4
two_concepts,plain4_w16_gmp,6000,prob_error_reduction,selected,-0.07067403569817543,4
two_concepts,plain4_w16_gmp,6001,centered_logit_fidelity,selected,0.0048123377222311775,4
two_concepts,plain4_w16_gmp,6001,prob_error_reduction,selected,0.011985067278146744,4
two_concepts,plain4_w16_gmp,6002,centered_logit_fidelity,selected,0.005485683253623919,4
two_concepts,plain4_w16_gmp,6002,prob_error_reduction,selected,-0.0165279358625412,4
two_concepts,plain4_w16_gmp,6003,centered_logit_fidelity,selected,0.014708304201247621,4
two_concepts,plain4_w16_gmp,6003,prob_error_reduction,selected,0.033123116940259933,4
two_concepts,plain4_w16_gmp,6004,centered_logit_fidelity,selected,-0.0022807965849166584,4
two_concepts,plain4_w16_gmp,6004,prob_error_reduction,selected,-0.054296910762786865,4
two_concepts,plain4_w16_gmp,6005,centered_logit_fidelity,selected,-0.009320024423183082,4
two_concepts,plain4_w16_gmp,6005,prob_error_reduction,selected,-0.03128223866224289,4
two_concepts,plain4_w16_gmp,6006,centered_logit_fidelity,selected,0.001630520998451332,4
two_concepts,plain4_w16_gmp,6006,prob_error_reduction,selected,-0.07831331342458725,4
two_concepts,plain4_w16_gmp,6007,centered_logit_fidelity,selected,-0.028294784002052265,4
two_concepts,plain4_w16_gmp,6007,prob_error_reduction,selected,-0.010663691908121109,4
two_concepts,plain4_w16_gmp,6008,centered_logit_fidelity,selected,-0.021497842904716874,4
two_concepts,plain4_w16_gmp,6008,prob_error_reduction,selected,-0.0733126774430275,4
two_concepts,plain4_w16_gmp,6009,centered_logit_fidelity,selected,0.01704945087871866,4
two_concepts,plain4_w16_gmp,6009,prob_error_reduction,selected,0.005178913474082947,4
two_concepts,plain4_w16_gmp,6010,centered_logit_fidelity,selected,0.019742173661271484,4
two_concepts,plain4_w16_gmp,6010,prob_error_reduction,selected,-0.04965520277619362,4
two_concepts,plain4_w16_gmp,6011,centered_logit_fidelity,selected,-0.01590068482331064,4
two_concepts,plain4_w16_gmp,6011,prob_error_reduction,selected,-0.024163909256458282,4
two_concepts,plain4_w16_gmp,6012,centered_logit_fidelity,selected,-0.034996710067973974,4
two_concepts,plain4_w16_gmp,6012,prob_error_reduction,selected,-0.049672238528728485,4
two_concepts,plain4_w16_gmp,6013,centered_logit_fidelity,selected,-0.0285471954231922,4
two_concepts,plain4_w16_gmp,6013,prob_error_reduction,selected,-0.11774469166994095,4
two_concepts,plain4_w16_gmp,6014,centered_logit_fidelity,selected,-0.04208949851989113,4
two_concepts,plain4_w16_gmp,6014,prob_error_reduction,selected,-0.09329704567790031,4
two_concepts,plain4_w16_gmp,6015,centered_logit_fidelity,selected,-0.019767677837290748,4
two_concepts,plain4_w16_gmp,6015,prob_error_reduction,selected,-0.02943621575832367,4
two_concepts,plain4_w16_gmp,6016,centered_logit_fidelity,selected,0.000799851463465881,4
two_concepts,plain4_w16_gmp,6016,prob_error_reduction,selected,0.06865772604942322,4
two_concepts,plain4_w16_gmp,6017,centered_logit_fidelity,selected,-0.022637107174862225,4
two_concepts,plain4_w16_gmp,6017,prob_error_reduction,selected,-0.15338870510458946,4
two_concepts,plain4_w16_gmp,6018,centered_logit_fidelity,selected,-0.015671610015232665,4
two_concepts,plain4_w16_gmp,6018,prob_error_reduction,selected,-0.07362070307135582,4
two_concepts,plain4_w16_gmp,6019,centered_logit_fidelity,selected,-0.008669812837581475,4
two_concepts,plain4_w16_gmp,6019,prob_error_reduction,selected,-0.07641574740409851,4
two_concepts,plain4_w16_gmp,6020,centered_logit_fidelity,selected,-0.03689338811621849,4
two_concepts,plain4_w16_gmp,6020,prob_error_reduction,selected,-0.12453057989478111,4
two_concepts,plain4_w16_gmp,6021,centered_logit_fidelity,selected,-0.007387438170821839,4
two_concepts,plain4_w16_gmp,6021,prob_error_reduction,selected,-0.0507187694311142,4
two_concepts,plain4_w16_gmp,6022,centered_logit_fidelity,selected,-0.01667969182876128,4
two_concepts,plain4_w16_gmp,6022,prob_error_reduction,selected,0.016326896846294403,4
two_concepts,plain4_w16_gmp,6023,centered_logit_fidelity,selected,-0.016535203054421896,4
two_concepts,plain4_w16_gmp,6023,prob_error_reduction,selected,-0.08137527108192444,4
two_concepts,plain4_w16_gmp,6024,centered_logit_fidelity,selected,-0.03614001041929242,4
two_concepts,plain4_w16_gmp,6024,prob_error_reduction,selected,-0.004460565745830536,4
two_concepts,plain4_w16_gmp,6025,centered_logit_fidelity,selected,-0.0033767061355050587,4
two_concepts,plain4_w16_gmp,6025,prob_error_reduction,selected,0.021887294948101044,4
two_concepts,plain4_w16_gmp,6026,centered_logit_fidelity,selected,-0.010981325675896339,4
two_concepts,plain4_w16_gmp,6026,prob_error_reduction,selected,-0.05195017158985138,4
two_concepts,plain4_w16_gmp,6027,centered_logit_fidelity,selected,-0.026336017809532195,4
two_concepts,plain4_w16_gmp,6027,prob_error_reduction,selected,-0.1574888750910759,4
two_concepts,plain4_w16_gmp,6028,centered_logit_fidelity,selected,0.006585196743961824,4
two_concepts,plain4_w16_gmp,6028,prob_error_reduction,selected,0.016236230731010437,4
two_concepts,plain4_w16_gmp,6029,centered_logit_fidelity,selected,-0.021264370813410954,4
two_concepts,plain4_w16_gmp,6029,prob_error_reduction,selected,-0.04296281188726425,4
two_concepts,plain4_w16_gmp,6030,centered_logit_fidelity,selected,-0.03820353476267066,4
two_concepts,plain4_w16_gmp,6030,prob_error_reduction,selected,-0.021674223244190216,4
two_concepts,plain4_w16_gmp,6031,centered_logit_fidelity,selected,-0.028458857798290743,4
two_concepts,plain4_w16_gmp,6031,prob_error_reduction,selected,-0.0028733983635902405,4
two_concepts,plain4_w16_gmp,6032,centered_logit_fidelity,selected,-0.03277792316418285,4
two_concepts,plain4_w16_gmp,6032,prob_error_reduction,selected,-0.10855106264352798,4
two_concepts,plain4_w16_gmp,6033,centered_logit_fidelity,selected,-0.021465387484697174,4
two_concepts,plain4_w16_gmp,6033,prob_error_reduction,selected,-0.05580219626426697,4
two_concepts,plain4_w16_gmp,6034,centered_logit_fidelity,selected,-0.03107279948074719,4
two_concepts,plain4_w16_gmp,6034,prob_error_reduction,selected,-0.09530100226402283,4
two_concepts,plain4_w16_gmp,6035,centered_logit_fidelity,selected,-0.0017317967472522122,4
two_concepts,plain4_w16_gmp,6035,prob_error_reduction,selected,-0.03574959933757782,4
two_concepts,plain4_w16_gmp,6036,centered_logit_fidelity,selected,0.01943357666391872,4
two_concepts,plain4_w16_gmp,6036,prob_error_reduction,selected,0.004955645650625229,4
two_concepts,plain4_w16_gmp,6037,centered_logit_fidelity,selected,-0.02170288033771764,4
two_concepts,plain4_w16_gmp,6037,prob_error_reduction,selected,-0.06863778084516525,4
two_concepts,plain4_w16_gmp,6038,centered_logit_fidelity,selected,-0.019561773516999725,4
two_concepts,plain4_w16_gmp,6038,prob_error_reduction,selected,-0.008043453097343445,4
two_concepts,plain4_w16_gmp,6039,centered_logit_fidelity,selected,-0.026540660616495793,4
two_concepts,plain4_w16_gmp,6039,prob_error_reduction,selected,-0.04747474938631058,4
two_concepts,plain4_w16_gmp,6040,centered_logit_fidelity,selected,-0.04130585042891455,4
two_concepts,plain4_w16_gmp,6040,prob_error_reduction,selected,-0.02465769648551941,4
two_concepts,plain4_w16_gmp,6041,centered_logit_fidelity,selected,-0.04816665809599979,4
two_concepts,plain4_w16_gmp,6041,prob_error_reduction,selected,-0.14576154202222824,4
two_concepts,plain4_w16_gmp,6042,centered_logit_fidelity,selected,-0.025837645240164936,4
two_concepts,plain4_w16_gmp,6042,prob_error_reduction,selected,-0.05384889990091324,4
two_concepts,plain4_w16_gmp,6043,centered_logit_fidelity,selected,-0.04986445296148419,4
two_concepts,plain4_w16_gmp,6043,prob_error_reduction,selected,-0.0744154080748558,4
two_concepts,plain4_w16_gmp,6044,centered_logit_fidelity,selected,0.04385923332720765,4
two_concepts,plain4_w16_gmp,6044,prob_error_reduction,selected,-0.00030243396759033203,4
two_concepts,plain4_w16_gmp,6045,centered_logit_fidelity,selected,-0.03332152494606304,4
two_concepts,plain4_w16_gmp,6045,prob_error_reduction,selected,-0.11375654116272926,4
two_concepts,plain4_w16_gmp,6046,centered_logit_fidelity,selected,-0.04497267220994007,4
two_concepts,plain4_w16_gmp,6046,prob_error_reduction,selected,-0.128616064786911,4
two_concepts,plain4_w16_gmp,6047,centered_logit_fidelity,selected,-0.032803898059042005,4
two_concepts,plain4_w16_gmp,6047,prob_error_reduction,selected,-0.154548741877079,4
two_concepts,plain4_w16_gmp,6048,centered_logit_fidelity,selected,0.0004675409428493288,4
two_concepts,plain4_w16_gmp,6048,prob_error_reduction,selected,0.055893030017614365,4
two_concepts,plain4_w16_gmp,6049,centered_logit_fidelity,selected,-0.016801338104018432,4
two_concepts,plain4_w16_gmp,6049,prob_error_reduction,selected,-0.13924773782491684,4
two_concepts,plain4_w16_gmp,6050,centered_logit_fidelity,selected,-0.0856353606524782,4
two_concepts,plain4_w16_gmp,6050,prob_error_reduction,selected,-0.24210001528263092,4
two_concepts,plain4_w16_gmp,6051,centered_logit_fidelity,selected,-0.03657208745839341,4
two_concepts,plain4_w16_gmp,6051,prob_error_reduction,selected,-0.11462055146694183,4
two_concepts,plain4_w16_gmp,6052,centered_logit_fidelity,selected,-0.030495678113474853,4
two_concepts,plain4_w16_gmp,6052,prob_error_reduction,selected,-0.028240658342838287,4
two_concepts,plain4_w16_gmp,6053,centered_logit_fidelity,selected,-0.02508953119382175,4
two_concepts,plain4_w16_gmp,6053,prob_error_reduction,selected,-0.03354105353355408,4
two_concepts,plain4_w16_gmp,6054,centered_logit_fidelity,selected,-0.0692495017543979,4
two_concepts,plain4_w16_gmp,6054,prob_error_reduction,selected,-0.2020748369395733,4
two_concepts,plain4_w16_gmp,6055,centered_logit_fidelity,selected,-0.02485984451082901,4
two_concepts,plain4_w16_gmp,6055,prob_error_reduction,selected,-0.08452778309583664,4
two_concepts,plain4_w16_gmp,6056,centered_logit_fidelity,selected,0.02022412880720441,4
two_concepts,plain4_w16_gmp,6056,prob_error_reduction,selected,0.04918324947357178,4
two_concepts,plain4_w16_gmp,6057,centered_logit_fidelity,selected,-0.0029525720743953793,4
two_concepts,plain4_w16_gmp,6057,prob_error_reduction,selected,-0.06416700035333633,4
two_concepts,plain4_w16_gmp,6058,centered_logit_fidelity,selected,-0.011923565461047822,4
two_concepts,plain4_w16_gmp,6058,prob_error_reduction,selected,-0.04226357489824295,4
two_concepts,plain4_w16_gmp,6059,centered_logit_fidelity,selected,-0.0003348547172425248,4
two_concepts,plain4_w16_gmp,6059,prob_error_reduction,selected,-0.025217920541763306,4
two_concepts,plain4_w16_gmp,6060,centered_logit_fidelity,selected,-0.01879681205481834,4
two_concepts,plain4_w16_gmp,6060,prob_error_reduction,selected,0.02917223423719406,4
two_concepts,plain4_w16_gmp,6061,centered_logit_fidelity,selected,0.0008648381223196611,4
two_concepts,plain4_w16_gmp,6061,prob_error_reduction,selected,-0.0026376303285360336,4
two_concepts,plain4_w16_gmp,6062,centered_logit_fidelity,selected,-0.004037045347996718,4
two_concepts,plain4_w16_gmp,6062,prob_error_reduction,selected,-0.033806491643190384,4
two_concepts,plain4_w16_gmp,6063,centered_logit_fidelity,selected,0.029678778032621936,4
two_concepts,plain4_w16_gmp,6063,prob_error_reduction,selected,0.012268126010894775,4
two_concepts,plain4_w16_gmp,6064,centered_logit_fidelity,selected,-0.02829637507708875,4
two_concepts,plain4_w16_gmp,6064,prob_error_reduction,selected,-0.055697716772556305,4
two_concepts,plain4_w16_gmp,6065,centered_logit_fidelity,selected,-0.043758492940649374,4
two_concepts,plain4_w16_gmp,6065,prob_error_reduction,selected,-0.037093525752425194,4
two_concepts,plain4_w16_gmp,6066,centered_logit_fidelity,selected,0.020440742568052034,4
two_concepts,plain4_w16_gmp,6066,prob_error_reduction,selected,-0.05995619297027588,4
two_concepts,plain4_w16_gmp,6067,centered_logit_fidelity,selected,-0.038173521304612074,4
two_concepts,plain4_w16_gmp,6067,prob_error_reduction,selected,-0.05443994700908661,4
two_concepts,plain4_w16_gmp,6068,centered_logit_fidelity,selected,-0.0012637754281100422,4
two_concepts,plain4_w16_gmp,6068,prob_error_reduction,selected,-0.006897248327732086,4
two_concepts,plain4_w16_gmp,6069,centered_logit_fidelity,selected,-0.009951473514648548,4
two_concepts,plain4_w16_gmp,6069,prob_error_reduction,selected,-0.010458160191774368,4
two_concepts,plain4_w16_gmp,6070,centered_logit_fidelity,selected,-0.024741949478124123,4
two_concepts,plain4_w16_gmp,6070,prob_error_reduction,selected,-0.1080583706498146,4
two_concepts,plain4_w16_gmp,6071,centered_logit_fidelity,selected,-0.03481975004802229,4
two_concepts,plain4_w16_gmp,6071,prob_error_reduction,selected,-0.07851046323776245,4
two_concepts,plain4_w16_gmp,6072,centered_logit_fidelity,selected,0.01271949868050884,4
two_concepts,plain4_w16_gmp,6072,prob_error_reduction,selected,0.006219319999217987,4
two_concepts,plain4_w16_gmp,6073,centered_logit_fidelity,selected,-0.001643982294920729,4
two_concepts,plain4_w16_gmp,6073,prob_error_reduction,selected,0.03299235925078392,4
two_concepts,plain4_w16_gmp,6074,centered_logit_fidelity,selected,-0.0016190469988326683,4
two_concepts,plain4_w16_gmp,6074,prob_error_reduction,selected,-0.08050315082073212,4
two_concepts,plain4_w16_gmp,6075,centered_logit_fidelity,selected,-0.023295335733874045,4
two_concepts,plain4_w16_gmp,6075,prob_error_reduction,selected,-0.04622091352939606,4
two_concepts,plain4_w16_gmp,6076,centered_logit_fidelity,selected,-0.015221675800653672,4
two_concepts,plain4_w16_gmp,6076,prob_error_reduction,selected,-0.05033987760543823,4
two_concepts,plain4_w16_gmp,6077,centered_logit_fidelity,selected,-0.01844693634930894,4
two_concepts,plain4_w16_gmp,6077,prob_error_reduction,selected,-0.07763193547725677,4
two_concepts,plain4_w16_gmp,6078,centered_logit_fidelity,selected,-0.01577920590147734,4
two_concepts,plain4_w16_gmp,6078,prob_error_reduction,selected,-0.0608823299407959,4
two_concepts,plain4_w16_gmp,6079,centered_logit_fidelity,selected,0.04204259588129998,4
two_concepts,plain4_w16_gmp,6079,prob_error_reduction,selected,-0.04205155372619629,4
two_concepts,plain4_w16_gmp,6080,centered_logit_fidelity,selected,-0.02981218797967368,4
two_concepts,plain4_w16_gmp,6080,prob_error_reduction,selected,-0.14370441809296608,4
two_concepts,plain4_w16_gmp,6081,centered_logit_fidelity,selected,-0.032225064652042626,4
two_concepts,plain4_w16_gmp,6081,prob_error_reduction,selected,-0.07223522290587425,4
two_concepts,plain4_w16_gmp,6082,centered_logit_fidelity,selected,-0.019771934668852867,4
two_concepts,plain4_w16_gmp,6082,prob_error_reduction,selected,-0.03558669984340668,4
two_concepts,plain4_w16_gmp,6083,centered_logit_fidelity,selected,0.02413335345995908,4
two_concepts,plain4_w16_gmp,6083,prob_error_reduction,selected,0.03336465358734131,4
two_concepts,plain4_w16_gmp,6084,centered_logit_fidelity,selected,-0.02434041988521296,4
two_concepts,plain4_w16_gmp,6084,prob_error_reduction,selected,-0.048130566254258156,4
two_concepts,plain4_w16_gmp,6085,centered_logit_fidelity,selected,-0.021004324662462825,4
two_concepts,plain4_w16_gmp,6085,prob_error_reduction,selected,-0.1045059934258461,4
two_concepts,plain4_w16_gmp,6086,centered_logit_fidelity,selected,-0.033830251570378125,4
two_concepts,plain4_w16_gmp,6086,prob_error_reduction,selected,0.0010628625750541687,4
two_concepts,plain4_w16_gmp,6087,centered_logit_fidelity,selected,-0.009935963647368776,4
two_concepts,plain4_w16_gmp,6087,prob_error_reduction,selected,-0.12744974344968796,4
two_concepts,plain4_w16_gmp,6088,centered_logit_fidelity,selected,-0.04149043658762333,4
two_concepts,plain4_w16_gmp,6088,prob_error_reduction,selected,-0.06316845118999481,4
two_concepts,plain4_w16_gmp,6089,centered_logit_fidelity,selected,-0.018671043532031126,4
two_concepts,plain4_w16_gmp,6089,prob_error_reduction,selected,-0.14511731266975403,4
two_concepts,plain4_w16_gmp,6090,centered_logit_fidelity,selected,-0.01305302901488302,4
two_concepts,plain4_w16_gmp,6090,prob_error_reduction,selected,-0.03685997426509857,4
two_concepts,plain4_w16_gmp,6091,centered_logit_fidelity,selected,-0.02294148855613784,4
two_concepts,plain4_w16_gmp,6091,prob_error_reduction,selected,-0.09524421393871307,4
two_concepts,plain4_w16_gmp,6092,centered_logit_fidelity,selected,-0.06007001390931749,4
two_concepts,plain4_w16_gmp,6092,prob_error_reduction,selected,-0.14298796653747559,4
two_concepts,plain4_w16_gmp,6093,centered_logit_fidelity,selected,-0.004881205659610574,4
two_concepts,plain4_w16_gmp,6093,prob_error_reduction,selected,-0.021259091794490814,4
two_concepts,plain4_w16_gmp,6094,centered_logit_fidelity,selected,-0.03439959493738862,4
two_concepts,plain4_w16_gmp,6094,prob_error_reduction,selected,-0.1101713702082634,4
two_concepts,plain4_w16_gmp,6095,centered_logit_fidelity,selected,-0.036358376807684153,4
two_concepts,plain4_w16_gmp,6095,prob_error_reduction,selected,-0.11387118697166443,4
two_concepts,plain4_w16_gmp,6096,centered_logit_fidelity,selected,0.0056222686385614395,4
two_concepts,plain4_w16_gmp,6096,prob_error_reduction,selected,-0.029843933880329132,4
two_concepts,plain4_w16_gmp,6097,centered_logit_fidelity,selected,-0.02889881283036752,4
two_concepts,plain4_w16_gmp,6097,prob_error_reduction,selected,-0.139157272875309,4
two_concepts,plain4_w16_gmp,6098,centered_logit_fidelity,selected,-0.006840026324982124,4
two_concepts,plain4_w16_gmp,6098,prob_error_reduction,selected,-0.042373064905405045,4
two_concepts,plain4_w16_gmp,6099,centered_logit_fidelity,selected,-0.030478643813241696,4
two_concepts,plain4_w16_gmp,6099,prob_error_reduction,selected,-0.10321774333715439,4
two_concepts,plain4_w64_gap,6000,centered_logit_fidelity,selected,0.03631296589024355,4
two_concepts,plain4_w64_gap,6000,prob_error_reduction,selected,-0.01784631609916687,4
two_concepts,plain4_w64_gap,6001,centered_logit_fidelity,selected,0.1364156781138336,4
two_concepts,plain4_w64_gap,6001,prob_error_reduction,selected,0.2336944192647934,4
two_concepts,plain4_w64_gap,6002,centered_logit_fidelity,selected,0.14880538523027212,4
two_concepts,plain4_w64_gap,6002,prob_error_reduction,selected,0.04655752331018448,4
two_concepts,plain4_w64_gap,6003,centered_logit_fidelity,selected,-0.012141568669398639,4
two_concepts,plain4_w64_gap,6003,prob_error_reduction,selected,-0.019950442016124725,4
two_concepts,plain4_w64_gap,6004,centered_logit_fidelity,selected,0.11778781587909512,4
two_concepts,plain4_w64_gap,6004,prob_error_reduction,selected,0.08359427005052567,4
two_concepts,plain4_w64_gap,6005,centered_logit_fidelity,selected,0.038166985302873074,4
two_concepts,plain4_w64_gap,6005,prob_error_reduction,selected,-0.09757678955793381,4
two_concepts,plain4_w64_gap,6006,centered_logit_fidelity,selected,0.04491359345293962,4
two_concepts,plain4_w64_gap,6006,prob_error_reduction,selected,0.06403854489326477,4
two_concepts,plain4_w64_gap,6007,centered_logit_fidelity,selected,0.13516897013103651,4
two_concepts,plain4_w64_gap,6007,prob_error_reduction,selected,0.13080593198537827,4
two_concepts,plain4_w64_gap,6008,centered_logit_fidelity,selected,0.0637774188547691,4
two_concepts,plain4_w64_gap,6008,prob_error_reduction,selected,0.02560322731733322,4
two_concepts,plain4_w64_gap,6009,centered_logit_fidelity,selected,0.0837611862933934,4
two_concepts,plain4_w64_gap,6009,prob_error_reduction,selected,-0.08269072696566582,4
two_concepts,plain4_w64_gap,6010,centered_logit_fidelity,selected,-0.022093663524107257,4
two_concepts,plain4_w64_gap,6010,prob_error_reduction,selected,-0.07395343482494354,4
two_concepts,plain4_w64_gap,6011,centered_logit_fidelity,selected,0.08927622492416756,4
two_concepts,plain4_w64_gap,6011,prob_error_reduction,selected,0.06270883977413177,4
two_concepts,plain4_w64_gap,6012,centered_logit_fidelity,selected,0.13482481819101028,4
two_concepts,plain4_w64_gap,6012,prob_error_reduction,selected,0.1438874527812004,4
two_concepts,plain4_w64_gap,6013,centered_logit_fidelity,selected,0.006973510821704401,4
two_concepts,plain4_w64_gap,6013,prob_error_reduction,selected,-0.13995128870010376,4
two_concepts,plain4_w64_gap,6014,centered_logit_fidelity,selected,0.018558912059517874,4
two_concepts,plain4_w64_gap,6014,prob_error_reduction,selected,-0.03815910965204239,4
two_concepts,plain4_w64_gap,6015,centered_logit_fidelity,selected,0.038316621217796304,4
two_concepts,plain4_w64_gap,6015,prob_error_reduction,selected,0.0032740235328674316,4
two_concepts,plain4_w64_gap,6016,centered_logit_fidelity,selected,0.026428320407030123,4
two_concepts,plain4_w64_gap,6016,prob_error_reduction,selected,0.05498424172401428,4
two_concepts,plain4_w64_gap,6017,centered_logit_fidelity,selected,0.06092882572141704,4
two_concepts,plain4_w64_gap,6017,prob_error_reduction,selected,0.08359335362911224,4
two_concepts,plain4_w64_gap,6018,centered_logit_fidelity,selected,0.0782179865700365,4
two_concepts,plain4_w64_gap,6018,prob_error_reduction,selected,0.0053913891315460205,4
two_concepts,plain4_w64_gap,6019,centered_logit_fidelity,selected,-0.03598592459366662,4
two_concepts,plain4_w64_gap,6019,prob_error_reduction,selected,-0.04277830943465233,4
two_concepts,plain4_w64_gap,6020,centered_logit_fidelity,selected,0.05741235181550097,4
two_concepts,plain4_w64_gap,6020,prob_error_reduction,selected,0.024207577109336853,4
two_concepts,plain4_w64_gap,6021,centered_logit_fidelity,selected,-0.005079905286213923,4
two_concepts,plain4_w64_gap,6021,prob_error_reduction,selected,0.0007457509636878967,4
two_concepts,plain4_w64_gap,6022,centered_logit_fidelity,selected,0.09376860757719077,4
two_concepts,plain4_w64_gap,6022,prob_error_reduction,selected,-0.00597032904624939,4
two_concepts,plain4_w64_gap,6023,centered_logit_fidelity,selected,0.003707388428846742,4
two_concepts,plain4_w64_gap,6023,prob_error_reduction,selected,-0.053937919437885284,4
two_concepts,plain4_w64_gap,6024,centered_logit_fidelity,selected,0.08281197729492562,4
two_concepts,plain4_w64_gap,6024,prob_error_reduction,selected,-0.021135538816452026,4
two_concepts,plain4_w64_gap,6025,centered_logit_fidelity,selected,0.0761314483037923,4
two_concepts,plain4_w64_gap,6025,prob_error_reduction,selected,-0.010519206523895264,4
two_concepts,plain4_w64_gap,6026,centered_logit_fidelity,selected,2.267572796184336e-05,4
two_concepts,plain4_w64_gap,6026,prob_error_reduction,selected,-0.18170348554849625,4
two_concepts,plain4_w64_gap,6027,centered_logit_fidelity,selected,0.005384270296829391,4
two_concepts,plain4_w64_gap,6027,prob_error_reduction,selected,-0.040477313101291656,4
two_concepts,plain4_w64_gap,6028,centered_logit_fidelity,selected,-0.04766461104782416,4
two_concepts,plain4_w64_gap,6028,prob_error_reduction,selected,-0.0975894182920456,4
two_concepts,plain4_w64_gap,6029,centered_logit_fidelity,selected,0.1070219064309437,4
two_concepts,plain4_w64_gap,6029,prob_error_reduction,selected,0.06851036846637726,4
two_concepts,plain4_w64_gap,6030,centered_logit_fidelity,selected,0.11062596368935049,4
two_concepts,plain4_w64_gap,6030,prob_error_reduction,selected,0.13038012385368347,4
two_concepts,plain4_w64_gap,6031,centered_logit_fidelity,selected,0.0873204717483923,4
two_concepts,plain4_w64_gap,6031,prob_error_reduction,selected,0.1750304326415062,4
two_concepts,plain4_w64_gap,6032,centered_logit_fidelity,selected,0.006506365291400237,4
two_concepts,plain4_w64_gap,6032,prob_error_reduction,selected,-0.062242843210697174,4
two_concepts,plain4_w64_gap,6033,centered_logit_fidelity,selected,0.014081228981340788,4
two_concepts,plain4_w64_gap,6033,prob_error_reduction,selected,-0.09473949670791626,4
two_concepts,plain4_w64_gap,6034,centered_logit_fidelity,selected,0.18990248056942532,4
two_concepts,plain4_w64_gap,6034,prob_error_reduction,selected,0.15223237872123718,4
two_concepts,plain4_w64_gap,6035,centered_logit_fidelity,selected,-0.03136718592229651,4
two_concepts,plain4_w64_gap,6035,prob_error_reduction,selected,-0.10397743433713913,4
two_concepts,plain4_w64_gap,6036,centered_logit_fidelity,selected,0.03100983406112555,4
two_concepts,plain4_w64_gap,6036,prob_error_reduction,selected,-0.017337776720523834,4
two_concepts,plain4_w64_gap,6037,centered_logit_fidelity,selected,0.11744807231911755,4
two_concepts,plain4_w64_gap,6037,prob_error_reduction,selected,0.06238837540149689,4
two_concepts,plain4_w64_gap,6038,centered_logit_fidelity,selected,0.04908207943207704,4
two_concepts,plain4_w64_gap,6038,prob_error_reduction,selected,-0.018497727811336517,4
two_concepts,plain4_w64_gap,6039,centered_logit_fidelity,selected,0.14540755833331748,4
two_concepts,plain4_w64_gap,6039,prob_error_reduction,selected,0.032357558608055115,4
two_concepts,plain4_w64_gap,6040,centered_logit_fidelity,selected,0.05710613179652402,4
two_concepts,plain4_w64_gap,6040,prob_error_reduction,selected,0.0652407556772232,4
two_concepts,plain4_w64_gap,6041,centered_logit_fidelity,selected,0.04342355747166887,4
two_concepts,plain4_w64_gap,6041,prob_error_reduction,selected,-0.00010339170694351196,4
two_concepts,plain4_w64_gap,6042,centered_logit_fidelity,selected,0.08406426985410695,4
two_concepts,plain4_w64_gap,6042,prob_error_reduction,selected,0.06285247206687927,4
two_concepts,plain4_w64_gap,6043,centered_logit_fidelity,selected,0.024314618641393504,4
two_concepts,plain4_w64_gap,6043,prob_error_reduction,selected,-0.12432557344436646,4
two_concepts,plain4_w64_gap,6044,centered_logit_fidelity,selected,0.10077723234977329,4
two_concepts,plain4_w64_gap,6044,prob_error_reduction,selected,0.0008818134665489197,4
two_concepts,plain4_w64_gap,6045,centered_logit_fidelity,selected,0.026547609678090833,4
two_concepts,plain4_w64_gap,6045,prob_error_reduction,selected,-0.007277198135852814,4
two_concepts,plain4_w64_gap,6046,centered_logit_fidelity,selected,0.0476276367182346,4
two_concepts,plain4_w64_gap,6046,prob_error_reduction,selected,-0.0376867800951004,4
two_concepts,plain4_w64_gap,6047,centered_logit_fidelity,selected,0.1366466289217668,4
two_concepts,plain4_w64_gap,6047,prob_error_reduction,selected,-0.04845047742128372,4
two_concepts,plain4_w64_gap,6048,centered_logit_fidelity,selected,0.06811442602703369,4
two_concepts,plain4_w64_gap,6048,prob_error_reduction,selected,0.043925635516643524,4
two_concepts,plain4_w64_gap,6049,centered_logit_fidelity,selected,0.1109447474105251,4
two_concepts,plain4_w64_gap,6049,prob_error_reduction,selected,0.11072967946529388,4
two_concepts,plain4_w64_gap,6050,centered_logit_fidelity,selected,0.04604890529922885,4
two_concepts,plain4_w64_gap,6050,prob_error_reduction,selected,0.11965911090373993,4
two_concepts,plain4_w64_gap,6051,centered_logit_fidelity,selected,-0.05484879561363935,4
two_concepts,plain4_w64_gap,6051,prob_error_reduction,selected,0.031524043064564466,4
two_concepts,plain4_w64_gap,6052,centered_logit_fidelity,selected,0.051726312858478604,4
two_concepts,plain4_w64_gap,6052,prob_error_reduction,selected,0.019838154315948486,4
two_concepts,plain4_w64_gap,6053,centered_logit_fidelity,selected,0.0354074701173695,4
two_concepts,plain4_w64_gap,6053,prob_error_reduction,selected,-0.10519254207611084,4
two_concepts,plain4_w64_gap,6054,centered_logit_fidelity,selected,0.028978000991201278,4
two_concepts,plain4_w64_gap,6054,prob_error_reduction,selected,-0.07729198038578033,4
two_concepts,plain4_w64_gap,6055,centered_logit_fidelity,selected,0.05866735688001211,4
two_concepts,plain4_w64_gap,6055,prob_error_reduction,selected,-0.05376917123794556,4
two_concepts,plain4_w64_gap,6056,centered_logit_fidelity,selected,0.02132140580799563,4
two_concepts,plain4_w64_gap,6056,prob_error_reduction,selected,0.06228222697973251,4
two_concepts,plain4_w64_gap,6057,centered_logit_fidelity,selected,0.04236718940704563,4
two_concepts,plain4_w64_gap,6057,prob_error_reduction,selected,0.00033342093229293823,4
two_concepts,plain4_w64_gap,6058,centered_logit_fidelity,selected,0.007699467772989285,4
two_concepts,plain4_w64_gap,6058,prob_error_reduction,selected,-0.15634851902723312,4
two_concepts,plain4_w64_gap,6059,centered_logit_fidelity,selected,0.021122562174094667,4
two_concepts,plain4_w64_gap,6059,prob_error_reduction,selected,-0.09683867543935776,4
two_concepts,plain4_w64_gap,6060,centered_logit_fidelity,selected,-0.0370055550264725,4
two_concepts,plain4_w64_gap,6060,prob_error_reduction,selected,-0.10865133628249168,4
two_concepts,plain4_w64_gap,6061,centered_logit_fidelity,selected,0.18446411985266453,4
two_concepts,plain4_w64_gap,6061,prob_error_reduction,selected,0.17613276839256287,4
two_concepts,plain4_w64_gap,6062,centered_logit_fidelity,selected,0.056312398538299946,4
two_concepts,plain4_w64_gap,6062,prob_error_reduction,selected,-0.033050596714019775,4
two_concepts,plain4_w64_gap,6063,centered_logit_fidelity,selected,0.02299476058208906,4
two_concepts,plain4_w64_gap,6063,prob_error_reduction,selected,0.07511404156684875,4
two_concepts,plain4_w64_gap,6064,centered_logit_fidelity,selected,0.12621752193050406,4
two_concepts,plain4_w64_gap,6064,prob_error_reduction,selected,0.07147102802991867,4
two_concepts,plain4_w64_gap,6065,centered_logit_fidelity,selected,0.0168790823271196,4
two_concepts,plain4_w64_gap,6065,prob_error_reduction,selected,-0.0710000991821289,4
two_concepts,plain4_w64_gap,6066,centered_logit_fidelity,selected,0.08188808999531316,4
two_concepts,plain4_w64_gap,6066,prob_error_reduction,selected,0.04099390655755997,4
two_concepts,plain4_w64_gap,6067,centered_logit_fidelity,selected,0.006244228742764618,4
two_concepts,plain4_w64_gap,6067,prob_error_reduction,selected,-0.07992144674062729,4
two_concepts,plain4_w64_gap,6068,centered_logit_fidelity,selected,0.04934441397779574,4
two_concepts,plain4_w64_gap,6068,prob_error_reduction,selected,0.026600509881973267,4
two_concepts,plain4_w64_gap,6069,centered_logit_fidelity,selected,0.05001068388330966,4
two_concepts,plain4_w64_gap,6069,prob_error_reduction,selected,0.06385092437267303,4
two_concepts,plain4_w64_gap,6070,centered_logit_fidelity,selected,-0.0552085437469433,4
two_concepts,plain4_w64_gap,6070,prob_error_reduction,selected,-0.07568363845348358,4
two_concepts,plain4_w64_gap,6071,centered_logit_fidelity,selected,0.03567282188798121,4
two_concepts,plain4_w64_gap,6071,prob_error_reduction,selected,-0.04857977479696274,4
two_concepts,plain4_w64_gap,6072,centered_logit_fidelity,selected,0.02714277103450348,4
two_concepts,plain4_w64_gap,6072,prob_error_reduction,selected,0.07325005531311035,4
two_concepts,plain4_w64_gap,6073,centered_logit_fidelity,selected,0.004908063439052646,4
two_concepts,plain4_w64_gap,6073,prob_error_reduction,selected,-0.051347918808460236,4
two_concepts,plain4_w64_gap,6074,centered_logit_fidelity,selected,0.03336582645976642,4
two_concepts,plain4_w64_gap,6074,prob_error_reduction,selected,0.010335065424442291,4
two_concepts,plain4_w64_gap,6075,centered_logit_fidelity,selected,-0.0028153533366831185,4
two_concepts,plain4_w64_gap,6075,prob_error_reduction,selected,-0.1468559131026268,4
two_concepts,plain4_w64_gap,6076,centered_logit_fidelity,selected,0.011120833030502195,4
two_concepts,plain4_w64_gap,6076,prob_error_reduction,selected,0.0036266744136810303,4
two_concepts,plain4_w64_gap,6077,centered_logit_fidelity,selected,0.051012135207428685,4
two_concepts,plain4_w64_gap,6077,prob_error_reduction,selected,-0.053679145872592926,4
two_concepts,plain4_w64_gap,6078,centered_logit_fidelity,selected,0.09098664586141164,4
two_concepts,plain4_w64_gap,6078,prob_error_reduction,selected,0.0034615173935890198,4
two_concepts,plain4_w64_gap,6079,centered_logit_fidelity,selected,0.033334304402060505,4
two_concepts,plain4_w64_gap,6079,prob_error_reduction,selected,-0.08735286444425583,4
two_concepts,plain4_w64_gap,6080,centered_logit_fidelity,selected,0.06289324114982187,4
two_concepts,plain4_w64_gap,6080,prob_error_reduction,selected,0.07361528649926186,4
two_concepts,plain4_w64_gap,6081,centered_logit_fidelity,selected,0.02170973367214013,4
two_concepts,plain4_w64_gap,6081,prob_error_reduction,selected,0.011875718832015991,4
two_concepts,plain4_w64_gap,6082,centered_logit_fidelity,selected,0.10502271653397405,4
two_concepts,plain4_w64_gap,6082,prob_error_reduction,selected,0.030011095106601715,4
two_concepts,plain4_w64_gap,6083,centered_logit_fidelity,selected,0.10695451368205035,4
two_concepts,plain4_w64_gap,6083,prob_error_reduction,selected,0.12265559285879135,4
two_concepts,plain4_w64_gap,6084,centered_logit_fidelity,selected,0.10798849108374643,4
two_concepts,plain4_w64_gap,6084,prob_error_reduction,selected,0.06127279996871948,4
two_concepts,plain4_w64_gap,6085,centered_logit_fidelity,selected,0.09342529384671715,4
two_concepts,plain4_w64_gap,6085,prob_error_reduction,selected,0.07098255306482315,4
two_concepts,plain4_w64_gap,6086,centered_logit_fidelity,selected,0.02479351974068253,4
two_concepts,plain4_w64_gap,6086,prob_error_reduction,selected,0.056299202144145966,4
two_concepts,plain4_w64_gap,6087,centered_logit_fidelity,selected,0.003487826731590968,4
two_concepts,plain4_w64_gap,6087,prob_error_reduction,selected,-0.04966506361961365,4
two_concepts,plain4_w64_gap,6088,centered_logit_fidelity,selected,-0.02048035507324475,4
two_concepts,plain4_w64_gap,6088,prob_error_reduction,selected,-0.21987803280353546,4
two_concepts,plain4_w64_gap,6089,centered_logit_fidelity,selected,0.006955227001211747,4
two_concepts,plain4_w64_gap,6089,prob_error_reduction,selected,0.042728424072265625,4
two_concepts,plain4_w64_gap,6090,centered_logit_fidelity,selected,0.04602300479829667,4
two_concepts,plain4_w64_gap,6090,prob_error_reduction,selected,-0.05710544437170029,4
two_concepts,plain4_w64_gap,6091,centered_logit_fidelity,selected,-0.025866581857333745,4
two_concepts,plain4_w64_gap,6091,prob_error_reduction,selected,-0.028737284243106842,4
two_concepts,plain4_w64_gap,6092,centered_logit_fidelity,selected,0.01798279813828811,4
two_concepts,plain4_w64_gap,6092,prob_error_reduction,selected,0.01538817584514618,4
two_concepts,plain4_w64_gap,6093,centered_logit_fidelity,selected,0.11103294752319204,4
two_concepts,plain4_w64_gap,6093,prob_error_reduction,selected,0.0007543116807937622,4
two_concepts,plain4_w64_gap,6094,centered_logit_fidelity,selected,0.06627188493440228,4
two_concepts,plain4_w64_gap,6094,prob_error_reduction,selected,0.03829076141119003,4
two_concepts,plain4_w64_gap,6095,centered_logit_fidelity,selected,0.022335509593373784,4
two_concepts,plain4_w64_gap,6095,prob_error_reduction,selected,-0.10984340310096741,4
two_concepts,plain4_w64_gap,6096,centered_logit_fidelity,selected,0.09155847020565243,4
two_concepts,plain4_w64_gap,6096,prob_error_reduction,selected,0.049718283116817474,4
two_concepts,plain4_w64_gap,6097,centered_logit_fidelity,selected,0.14324446365849558,4
two_concepts,plain4_w64_gap,6097,prob_error_reduction,selected,0.08313243836164474,4
two_concepts,plain4_w64_gap,6098,centered_logit_fidelity,selected,0.04504037119883525,4
two_concepts,plain4_w64_gap,6098,prob_error_reduction,selected,-0.005315102636814117,4
two_concepts,plain4_w64_gap,6099,centered_logit_fidelity,selected,0.05480642710783226,4
two_concepts,plain4_w64_gap,6099,prob_error_reduction,selected,-0.016898177564144135,4
two_concepts,plain4_w64_gmp,6000,centered_logit_fidelity,selected,-0.0029993079232982223,4
two_concepts,plain4_w64_gmp,6000,prob_error_reduction,selected,-0.013617787510156631,4
two_concepts,plain4_w64_gmp,6001,centered_logit_fidelity,selected,-0.0033157631832162193,4
two_concepts,plain4_w64_gmp,6001,prob_error_reduction,selected,-0.013749450445175171,4
two_concepts,plain4_w64_gmp,6002,centered_logit_fidelity,selected,-0.019874287476286126,4
two_concepts,plain4_w64_gmp,6002,prob_error_reduction,selected,-0.06660737842321396,4
two_concepts,plain4_w64_gmp,6003,centered_logit_fidelity,selected,-0.004767628161012241,4
two_concepts,plain4_w64_gmp,6003,prob_error_reduction,selected,-0.026644267141819,4
two_concepts,plain4_w64_gmp,6004,centered_logit_fidelity,selected,-0.005573386830903609,4
two_concepts,plain4_w64_gmp,6004,prob_error_reduction,selected,-0.05842581391334534,4
two_concepts,plain4_w64_gmp,6005,centered_logit_fidelity,selected,0.0027874567993383254,4
two_concepts,plain4_w64_gmp,6005,prob_error_reduction,selected,-0.01926526427268982,4
two_concepts,plain4_w64_gmp,6006,centered_logit_fidelity,selected,-0.01290061609599609,4
two_concepts,plain4_w64_gmp,6006,prob_error_reduction,selected,-0.08872440829873085,4
two_concepts,plain4_w64_gmp,6007,centered_logit_fidelity,selected,-0.00892300641944517,4
two_concepts,plain4_w64_gmp,6007,prob_error_reduction,selected,-0.0517168790102005,4
two_concepts,plain4_w64_gmp,6008,centered_logit_fidelity,selected,-0.006602752185895372,4
two_concepts,plain4_w64_gmp,6008,prob_error_reduction,selected,-0.045406416058540344,4
two_concepts,plain4_w64_gmp,6009,centered_logit_fidelity,selected,-0.003745934218374311,4
two_concepts,plain4_w64_gmp,6009,prob_error_reduction,selected,-0.019791752099990845,4
two_concepts,plain4_w64_gmp,6010,centered_logit_fidelity,selected,-0.002585184540017299,4
two_concepts,plain4_w64_gmp,6010,prob_error_reduction,selected,-0.012705899775028229,4
two_concepts,plain4_w64_gmp,6011,centered_logit_fidelity,selected,-0.002580334094612738,4
two_concepts,plain4_w64_gmp,6011,prob_error_reduction,selected,-0.010595731437206268,4
two_concepts,plain4_w64_gmp,6012,centered_logit_fidelity,selected,0.002229098706010346,4
two_concepts,plain4_w64_gmp,6012,prob_error_reduction,selected,0.0027118809521198273,4
two_concepts,plain4_w64_gmp,6013,centered_logit_fidelity,selected,-0.002476108703345234,4
two_concepts,plain4_w64_gmp,6013,prob_error_reduction,selected,-0.011751435697078705,4
two_concepts,plain4_w64_gmp,6014,centered_logit_fidelity,selected,-0.009543099441155237,4
two_concepts,plain4_w64_gmp,6014,prob_error_reduction,selected,-0.04711175709962845,4
two_concepts,plain4_w64_gmp,6015,centered_logit_fidelity,selected,-0.003526573332575278,4
two_concepts,plain4_w64_gmp,6015,prob_error_reduction,selected,-0.0360482856631279,4
two_concepts,plain4_w64_gmp,6016,centered_logit_fidelity,selected,-0.011997061706953069,4
two_concepts,plain4_w64_gmp,6016,prob_error_reduction,selected,-0.04367787390947342,4
two_concepts,plain4_w64_gmp,6017,centered_logit_fidelity,selected,-0.00537919709337395,4
two_concepts,plain4_w64_gmp,6017,prob_error_reduction,selected,-0.014187991619110107,4
two_concepts,plain4_w64_gmp,6018,centered_logit_fidelity,selected,-0.012918611326860396,4
two_concepts,plain4_w64_gmp,6018,prob_error_reduction,selected,-0.06039769574999809,4
two_concepts,plain4_w64_gmp,6019,centered_logit_fidelity,selected,-0.006355611076154788,4
two_concepts,plain4_w64_gmp,6019,prob_error_reduction,selected,-0.027000099420547485,4
two_concepts,plain4_w64_gmp,6020,centered_logit_fidelity,selected,-0.017777680554002778,4
two_concepts,plain4_w64_gmp,6020,prob_error_reduction,selected,-0.06899187713861465,4
two_concepts,plain4_w64_gmp,6021,centered_logit_fidelity,selected,-0.007408579359176312,4
two_concepts,plain4_w64_gmp,6021,prob_error_reduction,selected,-0.01366376131772995,4
two_concepts,plain4_w64_gmp,6022,centered_logit_fidelity,selected,-0.0007331054284611949,4
two_concepts,plain4_w64_gmp,6022,prob_error_reduction,selected,-0.010788358747959137,4
two_concepts,plain4_w64_gmp,6023,centered_logit_fidelity,selected,-0.010077468807560441,4
two_concepts,plain4_w64_gmp,6023,prob_error_reduction,selected,-0.05161815136671066,4
two_concepts,plain4_w64_gmp,6024,centered_logit_fidelity,selected,-0.00761588139499092,4
two_concepts,plain4_w64_gmp,6024,prob_error_reduction,selected,-0.028636641800403595,4
two_concepts,plain4_w64_gmp,6025,centered_logit_fidelity,selected,-0.014619865179968966,4
two_concepts,plain4_w64_gmp,6025,prob_error_reduction,selected,-0.03712555766105652,4
two_concepts,plain4_w64_gmp,6026,centered_logit_fidelity,selected,-0.0081682851657328,4
two_concepts,plain4_w64_gmp,6026,prob_error_reduction,selected,-0.02503010630607605,4
two_concepts,plain4_w64_gmp,6027,centered_logit_fidelity,selected,-0.0036519892722666897,4
two_concepts,plain4_w64_gmp,6027,prob_error_reduction,selected,-0.022649459540843964,4
two_concepts,plain4_w64_gmp,6028,centered_logit_fidelity,selected,-0.004888289470312904,4
two_concepts,plain4_w64_gmp,6028,prob_error_reduction,selected,-0.02753649652004242,4
two_concepts,plain4_w64_gmp,6029,centered_logit_fidelity,selected,-0.020622573949108075,4
two_concepts,plain4_w64_gmp,6029,prob_error_reduction,selected,-0.04311300814151764,4
two_concepts,plain4_w64_gmp,6030,centered_logit_fidelity,selected,-0.01023430459697039,4
two_concepts,plain4_w64_gmp,6030,prob_error_reduction,selected,-0.05411539226770401,4
two_concepts,plain4_w64_gmp,6031,centered_logit_fidelity,selected,0.0026735125420914996,4
two_concepts,plain4_w64_gmp,6031,prob_error_reduction,selected,-0.014114700257778168,4
two_concepts,plain4_w64_gmp,6032,centered_logit_fidelity,selected,-0.006264344750465889,4
two_concepts,plain4_w64_gmp,6032,prob_error_reduction,selected,-0.018749311566352844,4
two_concepts,plain4_w64_gmp,6033,centered_logit_fidelity,selected,-0.010781464351807199,4
two_concepts,plain4_w64_gmp,6033,prob_error_reduction,selected,-0.050567299127578735,4
two_concepts,plain4_w64_gmp,6034,centered_logit_fidelity,selected,-0.0034762851137174755,4
two_concepts,plain4_w64_gmp,6034,prob_error_reduction,selected,-0.009713716804981232,4
two_concepts,plain4_w64_gmp,6035,centered_logit_fidelity,selected,-0.017868915071078975,4
two_concepts,plain4_w64_gmp,6035,prob_error_reduction,selected,-0.032819367945194244,4
two_concepts,plain4_w64_gmp,6036,centered_logit_fidelity,selected,-0.002694329718098784,4
two_concepts,plain4_w64_gmp,6036,prob_error_reduction,selected,0.003443680703639984,4
two_concepts,plain4_w64_gmp,6037,centered_logit_fidelity,selected,-0.01376340738896166,4
two_concepts,plain4_w64_gmp,6037,prob_error_reduction,selected,-0.024206340312957764,4
two_concepts,plain4_w64_gmp,6038,centered_logit_fidelity,selected,-0.012468141882782918,4
two_concepts,plain4_w64_gmp,6038,prob_error_reduction,selected,-0.030834347009658813,4
two_concepts,plain4_w64_gmp,6039,centered_logit_fidelity,selected,-0.006569037200515909,4
two_concepts,plain4_w64_gmp,6039,prob_error_reduction,selected,-0.01748254895210266,4
two_concepts,plain4_w64_gmp,6040,centered_logit_fidelity,selected,-0.0029335332498636596,4
two_concepts,plain4_w64_gmp,6040,prob_error_reduction,selected,-0.006055004894733429,4
two_concepts,plain4_w64_gmp,6041,centered_logit_fidelity,selected,0.00013467232267556917,4
two_concepts,plain4_w64_gmp,6041,prob_error_reduction,selected,-0.004625096917152405,4
two_concepts,plain4_w64_gmp,6042,centered_logit_fidelity,selected,-0.005275805422498475,4
two_concepts,plain4_w64_gmp,6042,prob_error_reduction,selected,-0.02376072108745575,4
two_concepts,plain4_w64_gmp,6043,centered_logit_fidelity,selected,-0.004959814531921555,4
two_concepts,plain4_w64_gmp,6043,prob_error_reduction,selected,-0.020559072494506836,4
two_concepts,plain4_w64_gmp,6044,centered_logit_fidelity,selected,0.027105083094927818,4
two_concepts,plain4_w64_gmp,6044,prob_error_reduction,selected,-0.025365792214870453,4
two_concepts,plain4_w64_gmp,6045,centered_logit_fidelity,selected,-0.00912642219968951,4
two_concepts,plain4_w64_gmp,6045,prob_error_reduction,selected,-0.012514397501945496,4
two_concepts,plain4_w64_gmp,6046,centered_logit_fidelity,selected,-0.012773377357158125,4
two_concepts,plain4_w64_gmp,6046,prob_error_reduction,selected,-0.09000048041343689,4
two_concepts,plain4_w64_gmp,6047,centered_logit_fidelity,selected,0.0022200942603861212,4
two_concepts,plain4_w64_gmp,6047,prob_error_reduction,selected,-0.00022845715284347534,4
two_concepts,plain4_w64_gmp,6048,centered_logit_fidelity,selected,-0.010983270576236118,4
two_concepts,plain4_w64_gmp,6048,prob_error_reduction,selected,-0.017037220299243927,4
two_concepts,plain4_w64_gmp,6049,centered_logit_fidelity,selected,-0.008981522811845583,4
two_concepts,plain4_w64_gmp,6049,prob_error_reduction,selected,-0.040090106427669525,4
two_concepts,plain4_w64_gmp,6050,centered_logit_fidelity,selected,-0.00024471675690111716,4
two_concepts,plain4_w64_gmp,6050,prob_error_reduction,selected,-0.0030173882842063904,4
two_concepts,plain4_w64_gmp,6051,centered_logit_fidelity,selected,0.009128748114413401,4
two_concepts,plain4_w64_gmp,6051,prob_error_reduction,selected,-0.03036516159772873,4
two_concepts,plain4_w64_gmp,6052,centered_logit_fidelity,selected,-0.006047340734848,4
two_concepts,plain4_w64_gmp,6052,prob_error_reduction,selected,-0.042683202773332596,4
two_concepts,plain4_w64_gmp,6053,centered_logit_fidelity,selected,-0.018008060255793865,4
two_concepts,plain4_w64_gmp,6053,prob_error_reduction,selected,-0.04413434863090515,4
two_concepts,plain4_w64_gmp,6054,centered_logit_fidelity,selected,-0.01874417166614699,4
two_concepts,plain4_w64_gmp,6054,prob_error_reduction,selected,-0.034143559634685516,4
two_concepts,plain4_w64_gmp,6055,centered_logit_fidelity,selected,-0.008755474799683999,4
two_concepts,plain4_w64_gmp,6055,prob_error_reduction,selected,-0.02036486566066742,4
two_concepts,plain4_w64_gmp,6056,centered_logit_fidelity,selected,0.014390124913532698,4
two_concepts,plain4_w64_gmp,6056,prob_error_reduction,selected,0.0341496616601944,4
two_concepts,plain4_w64_gmp,6057,centered_logit_fidelity,selected,-0.006272469347223239,4
two_concepts,plain4_w64_gmp,6057,prob_error_reduction,selected,-0.023856736719608307,4
two_concepts,plain4_w64_gmp,6058,centered_logit_fidelity,selected,-0.0028290008362004404,4
two_concepts,plain4_w64_gmp,6058,prob_error_reduction,selected,-0.027630306780338287,4
two_concepts,plain4_w64_gmp,6059,centered_logit_fidelity,selected,-0.015678360107876724,4
two_concepts,plain4_w64_gmp,6059,prob_error_reduction,selected,-0.052805934101343155,4
two_concepts,plain4_w64_gmp,6060,centered_logit_fidelity,selected,-0.015883851176837493,4
two_concepts,plain4_w64_gmp,6060,prob_error_reduction,selected,-0.028255537152290344,4
two_concepts,plain4_w64_gmp,6061,centered_logit_fidelity,selected,-0.00439421694671506,4
two_concepts,plain4_w64_gmp,6061,prob_error_reduction,selected,-0.03246740996837616,4
two_concepts,plain4_w64_gmp,6062,centered_logit_fidelity,selected,0.03308192164688781,4
two_concepts,plain4_w64_gmp,6062,prob_error_reduction,selected,-0.020497910678386688,4
two_concepts,plain4_w64_gmp,6063,centered_logit_fidelity,selected,0.004715240402305157,4
two_concepts,plain4_w64_gmp,6063,prob_error_reduction,selected,-0.024542242288589478,4
two_concepts,plain4_w64_gmp,6064,centered_logit_fidelity,selected,0.03860775355901311,4
two_concepts,plain4_w64_gmp,6064,prob_error_reduction,selected,0.00553189218044281,4
two_concepts,plain4_w64_gmp,6065,centered_logit_fidelity,selected,-0.00632377875946151,4
two_concepts,plain4_w64_gmp,6065,prob_error_reduction,selected,-0.024625495076179504,4
two_concepts,plain4_w64_gmp,6066,centered_logit_fidelity,selected,0.015197503055590922,4
two_concepts,plain4_w64_gmp,6066,prob_error_reduction,selected,-0.015346147119998932,4
two_concepts,plain4_w64_gmp,6067,centered_logit_fidelity,selected,-0.009057508622417984,4
two_concepts,plain4_w64_gmp,6067,prob_error_reduction,selected,-0.04310508072376251,4
two_concepts,plain4_w64_gmp,6068,centered_logit_fidelity,selected,0.0010137243642996258,4
two_concepts,plain4_w64_gmp,6068,prob_error_reduction,selected,0.0050444453954696655,4
two_concepts,plain4_w64_gmp,6069,centered_logit_fidelity,selected,0.00012114049928516057,4
two_concepts,plain4_w64_gmp,6069,prob_error_reduction,selected,0.020996928215026855,4
two_concepts,plain4_w64_gmp,6070,centered_logit_fidelity,selected,-0.0006302254205420993,4
two_concepts,plain4_w64_gmp,6070,prob_error_reduction,selected,0.02627851814031601,4
two_concepts,plain4_w64_gmp,6071,centered_logit_fidelity,selected,0.004512759307733261,4
two_concepts,plain4_w64_gmp,6071,prob_error_reduction,selected,-0.011433519423007965,4
two_concepts,plain4_w64_gmp,6072,centered_logit_fidelity,selected,-0.0068028641542672574,4
two_concepts,plain4_w64_gmp,6072,prob_error_reduction,selected,-0.004480928182601929,4
two_concepts,plain4_w64_gmp,6073,centered_logit_fidelity,selected,-0.01347514565834082,4
two_concepts,plain4_w64_gmp,6073,prob_error_reduction,selected,-0.038003355264663696,4
two_concepts,plain4_w64_gmp,6074,centered_logit_fidelity,selected,-0.008511091433931334,4
two_concepts,plain4_w64_gmp,6074,prob_error_reduction,selected,-0.02840038388967514,4
two_concepts,plain4_w64_gmp,6075,centered_logit_fidelity,selected,-0.002940956283292731,4
two_concepts,plain4_w64_gmp,6075,prob_error_reduction,selected,-0.02144022285938263,4
two_concepts,plain4_w64_gmp,6076,centered_logit_fidelity,selected,-0.009194437377794046,4
two_concepts,plain4_w64_gmp,6076,prob_error_reduction,selected,-0.018206752836704254,4
two_concepts,plain4_w64_gmp,6077,centered_logit_fidelity,selected,-0.002763125952452719,4
two_concepts,plain4_w64_gmp,6077,prob_error_reduction,selected,-0.016002550721168518,4
two_concepts,plain4_w64_gmp,6078,centered_logit_fidelity,selected,-0.000658062898721487,4
two_concepts,plain4_w64_gmp,6078,prob_error_reduction,selected,-0.03321639262139797,4
two_concepts,plain4_w64_gmp,6079,centered_logit_fidelity,selected,-0.014290779251490554,4
two_concepts,plain4_w64_gmp,6079,prob_error_reduction,selected,-0.010276775807142258,4
two_concepts,plain4_w64_gmp,6080,centered_logit_fidelity,selected,-0.0014638127220575614,4
two_concepts,plain4_w64_gmp,6080,prob_error_reduction,selected,0.012760788202285767,4
two_concepts,plain4_w64_gmp,6081,centered_logit_fidelity,selected,0.00016391198665277606,4
two_concepts,plain4_w64_gmp,6081,prob_error_reduction,selected,-0.0052555277943611145,4
two_concepts,plain4_w64_gmp,6082,centered_logit_fidelity,selected,-0.001118012374219865,4
two_concepts,plain4_w64_gmp,6082,prob_error_reduction,selected,-0.024718254804611206,4
two_concepts,plain4_w64_gmp,6083,centered_logit_fidelity,selected,-0.0010358115082351321,4
two_concepts,plain4_w64_gmp,6083,prob_error_reduction,selected,-0.03062906116247177,4
two_concepts,plain4_w64_gmp,6084,centered_logit_fidelity,selected,-0.021695341867497955,4
two_concepts,plain4_w64_gmp,6084,prob_error_reduction,selected,-0.03447069972753525,4
two_concepts,plain4_w64_gmp,6085,centered_logit_fidelity,selected,-0.006786892345437598,4
two_concepts,plain4_w64_gmp,6085,prob_error_reduction,selected,0.002279229462146759,4
two_concepts,plain4_w64_gmp,6086,centered_logit_fidelity,selected,-0.023557522348425675,4
two_concepts,plain4_w64_gmp,6086,prob_error_reduction,selected,-0.023068279027938843,4
two_concepts,plain4_w64_gmp,6087,centered_logit_fidelity,selected,-0.011859496635144809,4
two_concepts,plain4_w64_gmp,6087,prob_error_reduction,selected,-0.0660393163561821,4
two_concepts,plain4_w64_gmp,6088,centered_logit_fidelity,selected,-0.001434467834110123,4
two_concepts,plain4_w64_gmp,6088,prob_error_reduction,selected,0.023137569427490234,4
two_concepts,plain4_w64_gmp,6089,centered_logit_fidelity,selected,0.005094778564201541,4
two_concepts,plain4_w64_gmp,6089,prob_error_reduction,selected,-0.006800316274166107,4
two_concepts,plain4_w64_gmp,6090,centered_logit_fidelity,selected,-0.005467917948289297,4
two_concepts,plain4_w64_gmp,6090,prob_error_reduction,selected,-0.03058496117591858,4
two_concepts,plain4_w64_gmp,6091,centered_logit_fidelity,selected,-0.00014404085265480593,4
two_concepts,plain4_w64_gmp,6091,prob_error_reduction,selected,0.0024523884057998657,4
two_concepts,plain4_w64_gmp,6092,centered_logit_fidelity,selected,-0.011959362221175038,4
two_concepts,plain4_w64_gmp,6092,prob_error_reduction,selected,-0.02515742927789688,4
two_concepts,plain4_w64_gmp,6093,centered_logit_fidelity,selected,-0.0005986722509779135,4
two_concepts,plain4_w64_gmp,6093,prob_error_reduction,selected,0.007956281304359436,4
two_concepts,plain4_w64_gmp,6094,centered_logit_fidelity,selected,-0.004548509534149092,4
two_concepts,plain4_w64_gmp,6094,prob_error_reduction,selected,-0.01198895275592804,4
two_concepts,plain4_w64_gmp,6095,centered_logit_fidelity,selected,-0.0061177407492062075,4
two_concepts,plain4_w64_gmp,6095,prob_error_reduction,selected,-0.04412676393985748,4
two_concepts,plain4_w64_gmp,6096,centered_logit_fidelity,selected,-0.008031989642673543,4
two_concepts,plain4_w64_gmp,6096,prob_error_reduction,selected,-0.03807628154754639,4
two_concepts,plain4_w64_gmp,6097,centered_logit_fidelity,selected,-0.001336897319455757,4
two_concepts,plain4_w64_gmp,6097,prob_error_reduction,selected,-0.008616805076599121,4
two_concepts,plain4_w64_gmp,6098,centered_logit_fidelity,selected,-0.005348133644486955,4
two_concepts,plain4_w64_gmp,6098,prob_error_reduction,selected,-0.02003893256187439,4
two_concepts,plain4_w64_gmp,6099,centered_logit_fidelity,selected,-0.004246733967772379,4
two_concepts,plain4_w64_gmp,6099,prob_error_reduction,selected,-0.018178030848503113,4
two_concepts,res4_w16_gap,6000,centered_logit_fidelity,selected,0.09451974493352272,4
two_concepts,res4_w16_gap,6000,prob_error_reduction,selected,-0.0008065551519393921,4
two_concepts,res4_w16_gap,6001,centered_logit_fidelity,selected,-0.05342469973103352,4
two_concepts,res4_w16_gap,6001,prob_error_reduction,selected,0.12784387171268463,4
two_concepts,res4_w16_gap,6002,centered_logit_fidelity,selected,-0.0470028865527464,4
two_concepts,res4_w16_gap,6002,prob_error_reduction,selected,-0.20389412343502045,4
two_concepts,res4_w16_gap,6003,centered_logit_fidelity,selected,-0.03523258559264647,4
two_concepts,res4_w16_gap,6003,prob_error_reduction,selected,-0.029193729162216187,4
two_concepts,res4_w16_gap,6004,centered_logit_fidelity,selected,0.017371407631269015,4
two_concepts,res4_w16_gap,6004,prob_error_reduction,selected,0.07758574932813644,4
two_concepts,res4_w16_gap,6005,centered_logit_fidelity,selected,-0.08626122180356761,4
two_concepts,res4_w16_gap,6005,prob_error_reduction,selected,0.00504651665687561,4
two_concepts,res4_w16_gap,6006,centered_logit_fidelity,selected,0.06306051369055297,4
two_concepts,res4_w16_gap,6006,prob_error_reduction,selected,0.23838608711957932,4
two_concepts,res4_w16_gap,6007,centered_logit_fidelity,selected,0.23475425454717347,4
two_concepts,res4_w16_gap,6007,prob_error_reduction,selected,0.25257620215415955,4
two_concepts,res4_w16_gap,6008,centered_logit_fidelity,selected,-0.04136078557443565,4
two_concepts,res4_w16_gap,6008,prob_error_reduction,selected,0.055758558213710785,4
two_concepts,res4_w16_gap,6009,centered_logit_fidelity,selected,0.09631235649038397,4
two_concepts,res4_w16_gap,6009,prob_error_reduction,selected,-0.038949936628341675,4
two_concepts,res4_w16_gap,6010,centered_logit_fidelity,selected,0.11705491347526184,4
two_concepts,res4_w16_gap,6010,prob_error_reduction,selected,0.22314468771219254,4
two_concepts,res4_w16_gap,6011,centered_logit_fidelity,selected,0.08027386552875473,4
two_concepts,res4_w16_gap,6011,prob_error_reduction,selected,0.10188723355531693,4
two_concepts,res4_w16_gap,6012,centered_logit_fidelity,selected,0.040287460611741044,4
two_concepts,res4_w16_gap,6012,prob_error_reduction,selected,0.16370778530836105,4
two_concepts,res4_w16_gap,6013,centered_logit_fidelity,selected,-0.02911948830666375,4
two_concepts,res4_w16_gap,6013,prob_error_reduction,selected,0.09102808684110641,4
two_concepts,res4_w16_gap,6014,centered_logit_fidelity,selected,0.08871532647837554,4
two_concepts,res4_w16_gap,6014,prob_error_reduction,selected,0.12945400178432465,4
two_concepts,res4_w16_gap,6015,centered_logit_fidelity,selected,0.13400019966481275,4
two_concepts,res4_w16_gap,6015,prob_error_reduction,selected,0.21052027493715286,4
two_concepts,res4_w16_gap,6016,centered_logit_fidelity,selected,0.01716177091814028,4
two_concepts,res4_w16_gap,6016,prob_error_reduction,selected,0.08843664079904556,4
two_concepts,res4_w16_gap,6017,centered_logit_fidelity,selected,-0.0258101919242944,4
two_concepts,res4_w16_gap,6017,prob_error_reduction,selected,0.11511794477701187,4
two_concepts,res4_w16_gap,6018,centered_logit_fidelity,selected,0.06395279289003421,4
two_concepts,res4_w16_gap,6018,prob_error_reduction,selected,0.16749657317996025,4
two_concepts,res4_w16_gap,6019,centered_logit_fidelity,selected,0.1922427265005628,4
two_concepts,res4_w16_gap,6019,prob_error_reduction,selected,0.2796528711915016,4
two_concepts,res4_w16_gap,6020,centered_logit_fidelity,selected,-0.0030046715896652615,4
two_concepts,res4_w16_gap,6020,prob_error_reduction,selected,0.04302655905485153,4
two_concepts,res4_w16_gap,6021,centered_logit_fidelity,selected,-0.02454646581566558,4
two_concepts,res4_w16_gap,6021,prob_error_reduction,selected,0.07026813924312592,4
two_concepts,res4_w16_gap,6022,centered_logit_fidelity,selected,0.04653027931055795,4
two_concepts,res4_w16_gap,6022,prob_error_reduction,selected,0.12007220461964607,4
two_concepts,res4_w16_gap,6023,centered_logit_fidelity,selected,0.04961025420777357,4
two_concepts,res4_w16_gap,6023,prob_error_reduction,selected,0.11524216830730438,4
two_concepts,res4_w16_gap,6024,centered_logit_fidelity,selected,0.0966706007705969,4
two_concepts,res4_w16_gap,6024,prob_error_reduction,selected,0.10503315925598145,4
two_concepts,res4_w16_gap,6025,centered_logit_fidelity,selected,0.04114060656642994,4
two_concepts,res4_w16_gap,6025,prob_error_reduction,selected,0.13818122446537018,4
two_concepts,res4_w16_gap,6026,centered_logit_fidelity,selected,-0.003418372422462415,4
two_concepts,res4_w16_gap,6026,prob_error_reduction,selected,0.1261647492647171,4
two_concepts,res4_w16_gap,6027,centered_logit_fidelity,selected,0.06623723258584047,4
two_concepts,res4_w16_gap,6027,prob_error_reduction,selected,0.20739106833934784,4
two_concepts,res4_w16_gap,6028,centered_logit_fidelity,selected,0.02129151549872947,4
two_concepts,res4_w16_gap,6028,prob_error_reduction,selected,0.07948238402605057,4
two_concepts,res4_w16_gap,6029,centered_logit_fidelity,selected,0.2664440975928092,4
two_concepts,res4_w16_gap,6029,prob_error_reduction,selected,0.22527527809143066,4
two_concepts,res4_w16_gap,6030,centered_logit_fidelity,selected,-0.021389780675063627,4
two_concepts,res4_w16_gap,6030,prob_error_reduction,selected,0.079365074634552,4
two_concepts,res4_w16_gap,6031,centered_logit_fidelity,selected,0.04869231321110837,4
two_concepts,res4_w16_gap,6031,prob_error_reduction,selected,0.05041206628084183,4
two_concepts,res4_w16_gap,6032,centered_logit_fidelity,selected,0.1431381226617534,4
two_concepts,res4_w16_gap,6032,prob_error_reduction,selected,0.19386066496372223,4
two_concepts,res4_w16_gap,6033,centered_logit_fidelity,selected,0.062153657865787096,4
two_concepts,res4_w16_gap,6033,prob_error_reduction,selected,0.1470106914639473,4
two_concepts,res4_w16_gap,6034,centered_logit_fidelity,selected,0.01862086016362237,4
two_concepts,res4_w16_gap,6034,prob_error_reduction,selected,-0.011045731604099274,4
two_concepts,res4_w16_gap,6035,centered_logit_fidelity,selected,-0.0745418298161119,4
two_concepts,res4_w16_gap,6035,prob_error_reduction,selected,0.11417331546545029,4
two_concepts,res4_w16_gap,6036,centered_logit_fidelity,selected,-0.017925687707910032,4
two_concepts,res4_w16_gap,6036,prob_error_reduction,selected,0.15202339738607407,4
two_concepts,res4_w16_gap,6037,centered_logit_fidelity,selected,0.13209613152111482,4
two_concepts,res4_w16_gap,6037,prob_error_reduction,selected,0.23729000985622406,4
two_concepts,res4_w16_gap,6038,centered_logit_fidelity,selected,0.08230910742656464,4
two_concepts,res4_w16_gap,6038,prob_error_reduction,selected,0.19301194697618484,4
two_concepts,res4_w16_gap,6039,centered_logit_fidelity,selected,0.05993472914575544,4
two_concepts,res4_w16_gap,6039,prob_error_reduction,selected,0.13748253136873245,4
two_concepts,res4_w16_gap,6040,centered_logit_fidelity,selected,0.07276424425342777,4
two_concepts,res4_w16_gap,6040,prob_error_reduction,selected,0.30683938786387444,4
two_concepts,res4_w16_gap,6041,centered_logit_fidelity,selected,-0.05685111633504225,4
two_concepts,res4_w16_gap,6041,prob_error_reduction,selected,-0.12056119740009308,4
two_concepts,res4_w16_gap,6042,centered_logit_fidelity,selected,-0.057080775509653334,4
two_concepts,res4_w16_gap,6042,prob_error_reduction,selected,0.04973749816417694,4
two_concepts,res4_w16_gap,6043,centered_logit_fidelity,selected,0.22151965885667507,4
two_concepts,res4_w16_gap,6043,prob_error_reduction,selected,0.17715130001306534,4
two_concepts,res4_w16_gap,6044,centered_logit_fidelity,selected,-0.029894701252428935,4
two_concepts,res4_w16_gap,6044,prob_error_reduction,selected,0.11158806830644608,4
two_concepts,res4_w16_gap,6045,centered_logit_fidelity,selected,0.04402063911606967,4
two_concepts,res4_w16_gap,6045,prob_error_reduction,selected,0.2004995420575142,4
two_concepts,res4_w16_gap,6046,centered_logit_fidelity,selected,0.0022895154458800054,4
two_concepts,res4_w16_gap,6046,prob_error_reduction,selected,0.02545388787984848,4
two_concepts,res4_w16_gap,6047,centered_logit_fidelity,selected,0.13672815431527136,4
two_concepts,res4_w16_gap,6047,prob_error_reduction,selected,0.27734433487057686,4
two_concepts,res4_w16_gap,6048,centered_logit_fidelity,selected,0.005958937316441468,4
two_concepts,res4_w16_gap,6048,prob_error_reduction,selected,0.10490968823432922,4
two_concepts,res4_w16_gap,6049,centered_logit_fidelity,selected,0.024851158743002186,4
two_concepts,res4_w16_gap,6049,prob_error_reduction,selected,0.1400347426533699,4
two_concepts,res4_w16_gap,6050,centered_logit_fidelity,selected,0.008335869888275393,4
two_concepts,res4_w16_gap,6050,prob_error_reduction,selected,0.10174237936735153,4
two_concepts,res4_w16_gap,6051,centered_logit_fidelity,selected,0.005531561212060082,4
two_concepts,res4_w16_gap,6051,prob_error_reduction,selected,0.06615394353866577,4
two_concepts,res4_w16_gap,6052,centered_logit_fidelity,selected,-0.030011480524496592,4
two_concepts,res4_w16_gap,6052,prob_error_reduction,selected,-0.2855372726917267,4
two_concepts,res4_w16_gap,6053,centered_logit_fidelity,selected,0.05235605183892489,4
two_concepts,res4_w16_gap,6053,prob_error_reduction,selected,0.11508576571941376,4
two_concepts,res4_w16_gap,6054,centered_logit_fidelity,selected,0.12019314338872765,4
two_concepts,res4_w16_gap,6054,prob_error_reduction,selected,0.11024952679872513,4
two_concepts,res4_w16_gap,6055,centered_logit_fidelity,selected,-0.027618445764721417,4
two_concepts,res4_w16_gap,6055,prob_error_reduction,selected,0.019003629684448242,4
two_concepts,res4_w16_gap,6056,centered_logit_fidelity,selected,0.1601265229239089,4
two_concepts,res4_w16_gap,6056,prob_error_reduction,selected,0.17741335928440094,4
two_concepts,res4_w16_gap,6057,centered_logit_fidelity,selected,0.014651602962415952,4
two_concepts,res4_w16_gap,6057,prob_error_reduction,selected,0.0005569532513618469,4
two_concepts,res4_w16_gap,6058,centered_logit_fidelity,selected,0.008755382789077656,4
two_concepts,res4_w16_gap,6058,prob_error_reduction,selected,0.10918727517127991,4
two_concepts,res4_w16_gap,6059,centered_logit_fidelity,selected,-0.0679541997522237,4
two_concepts,res4_w16_gap,6059,prob_error_reduction,selected,0.026973165571689606,4
two_concepts,res4_w16_gap,6060,centered_logit_fidelity,selected,0.2280773642370783,4
two_concepts,res4_w16_gap,6060,prob_error_reduction,selected,0.22764061391353607,4
two_concepts,res4_w16_gap,6061,centered_logit_fidelity,selected,0.07702324068150461,4
two_concepts,res4_w16_gap,6061,prob_error_reduction,selected,-0.003631092607975006,4
two_concepts,res4_w16_gap,6062,centered_logit_fidelity,selected,0.1506261453208147,4
two_concepts,res4_w16_gap,6062,prob_error_reduction,selected,0.1208966001868248,4
two_concepts,res4_w16_gap,6063,centered_logit_fidelity,selected,0.016798601671698554,4
two_concepts,res4_w16_gap,6063,prob_error_reduction,selected,0.20763499289751053,4
two_concepts,res4_w16_gap,6064,centered_logit_fidelity,selected,0.21047590686274512,4
two_concepts,res4_w16_gap,6064,prob_error_reduction,selected,0.0862075462937355,4
two_concepts,res4_w16_gap,6065,centered_logit_fidelity,selected,0.0027212687414730763,4
two_concepts,res4_w16_gap,6065,prob_error_reduction,selected,0.07415716350078583,4
two_concepts,res4_w16_gap,6066,centered_logit_fidelity,selected,0.10207687084772367,4
two_concepts,res4_w16_gap,6066,prob_error_reduction,selected,0.13450651615858078,4
two_concepts,res4_w16_gap,6067,centered_logit_fidelity,selected,0.122723997887191,4
two_concepts,res4_w16_gap,6067,prob_error_reduction,selected,0.2804972603917122,4
two_concepts,res4_w16_gap,6068,centered_logit_fidelity,selected,-0.010533129268784733,4
two_concepts,res4_w16_gap,6068,prob_error_reduction,selected,0.1767033189535141,4
two_concepts,res4_w16_gap,6069,centered_logit_fidelity,selected,0.04503946182105874,4
two_concepts,res4_w16_gap,6069,prob_error_reduction,selected,0.03385406732559204,4
two_concepts,res4_w16_gap,6070,centered_logit_fidelity,selected,0.01860880213125854,4
two_concepts,res4_w16_gap,6070,prob_error_reduction,selected,0.07440155744552612,4
two_concepts,res4_w16_gap,6071,centered_logit_fidelity,selected,0.09101537373779572,4
two_concepts,res4_w16_gap,6071,prob_error_reduction,selected,0.35647227987647057,4
two_concepts,res4_w16_gap,6072,centered_logit_fidelity,selected,-0.028270968216885378,4
two_concepts,res4_w16_gap,6072,prob_error_reduction,selected,-0.029987767338752747,4
two_concepts,res4_w16_gap,6073,centered_logit_fidelity,selected,-0.051653211640069696,4
two_concepts,res4_w16_gap,6073,prob_error_reduction,selected,0.06527809798717499,4
two_concepts,res4_w16_gap,6074,centered_logit_fidelity,selected,0.08358775950986577,4
two_concepts,res4_w16_gap,6074,prob_error_reduction,selected,0.059877797961235046,4
two_concepts,res4_w16_gap,6075,centered_logit_fidelity,selected,-0.10230227685663892,4
two_concepts,res4_w16_gap,6075,prob_error_reduction,selected,0.1978788524866104,4
two_concepts,res4_w16_gap,6076,centered_logit_fidelity,selected,-0.0212104900933804,4
two_concepts,res4_w16_gap,6076,prob_error_reduction,selected,-0.0371212363243103,4
two_concepts,res4_w16_gap,6077,centered_logit_fidelity,selected,0.14205905328438723,4
two_concepts,res4_w16_gap,6077,prob_error_reduction,selected,0.06842847168445587,4
two_concepts,res4_w16_gap,6078,centered_logit_fidelity,selected,0.07254347802013962,4
two_concepts,res4_w16_gap,6078,prob_error_reduction,selected,0.04974910616874695,4
two_concepts,res4_w16_gap,6079,centered_logit_fidelity,selected,-0.025040757433266225,4
two_concepts,res4_w16_gap,6079,prob_error_reduction,selected,-0.08813394606113434,4
two_concepts,res4_w16_gap,6080,centered_logit_fidelity,selected,0.1946742631083695,4
two_concepts,res4_w16_gap,6080,prob_error_reduction,selected,0.1334398239850998,4
two_concepts,res4_w16_gap,6081,centered_logit_fidelity,selected,0.15295562833199683,4
two_concepts,res4_w16_gap,6081,prob_error_reduction,selected,0.1177319586277008,4
two_concepts,res4_w16_gap,6082,centered_logit_fidelity,selected,0.16060547989402324,4
two_concepts,res4_w16_gap,6082,prob_error_reduction,selected,0.19270674884319305,4
two_concepts,res4_w16_gap,6083,centered_logit_fidelity,selected,0.05945313251701577,4
two_concepts,res4_w16_gap,6083,prob_error_reduction,selected,0.2456994280219078,4
two_concepts,res4_w16_gap,6084,centered_logit_fidelity,selected,-0.06470214538750718,4
two_concepts,res4_w16_gap,6084,prob_error_reduction,selected,0.18679485842585564,4
two_concepts,res4_w16_gap,6085,centered_logit_fidelity,selected,-0.06499269069918293,4
two_concepts,res4_w16_gap,6085,prob_error_reduction,selected,0.004532583057880402,4
two_concepts,res4_w16_gap,6086,centered_logit_fidelity,selected,-0.12950254321491117,4
two_concepts,res4_w16_gap,6086,prob_error_reduction,selected,-0.1898288130760193,4
two_concepts,res4_w16_gap,6087,centered_logit_fidelity,selected,0.017121522839792527,4
two_concepts,res4_w16_gap,6087,prob_error_reduction,selected,0.06702611595392227,4
two_concepts,res4_w16_gap,6088,centered_logit_fidelity,selected,-0.04241008256556773,4
two_concepts,res4_w16_gap,6088,prob_error_reduction,selected,-0.020462222397327423,4
two_concepts,res4_w16_gap,6089,centered_logit_fidelity,selected,0.022038193192393335,4
two_concepts,res4_w16_gap,6089,prob_error_reduction,selected,0.06174050457775593,4
two_concepts,res4_w16_gap,6090,centered_logit_fidelity,selected,0.1810531337658867,4
two_concepts,res4_w16_gap,6090,prob_error_reduction,selected,0.21842734515666962,4
two_concepts,res4_w16_gap,6091,centered_logit_fidelity,selected,0.08795478795579245,4
two_concepts,res4_w16_gap,6091,prob_error_reduction,selected,0.08543416857719421,4
two_concepts,res4_w16_gap,6092,centered_logit_fidelity,selected,-0.11329558300685105,4
two_concepts,res4_w16_gap,6092,prob_error_reduction,selected,-0.07410239428281784,4
two_concepts,res4_w16_gap,6093,centered_logit_fidelity,selected,-0.03590719629669026,4
two_concepts,res4_w16_gap,6093,prob_error_reduction,selected,0.06601690500974655,4
two_concepts,res4_w16_gap,6094,centered_logit_fidelity,selected,0.06810848465611777,4
two_concepts,res4_w16_gap,6094,prob_error_reduction,selected,0.0981060042977333,4
two_concepts,res4_w16_gap,6095,centered_logit_fidelity,selected,0.039765414909450375,4
two_concepts,res4_w16_gap,6095,prob_error_reduction,selected,0.2276432141661644,4
two_concepts,res4_w16_gap,6096,centered_logit_fidelity,selected,0.11082266262509712,4
two_concepts,res4_w16_gap,6096,prob_error_reduction,selected,0.035860322415828705,4
two_concepts,res4_w16_gap,6097,centered_logit_fidelity,selected,-0.07499964781738945,4
two_concepts,res4_w16_gap,6097,prob_error_reduction,selected,-0.08042401075363159,4
two_concepts,res4_w16_gap,6098,centered_logit_fidelity,selected,0.12444654195201908,4
two_concepts,res4_w16_gap,6098,prob_error_reduction,selected,0.09474699944257736,4
two_concepts,res4_w16_gap,6099,centered_logit_fidelity,selected,0.09741311522480524,4
two_concepts,res4_w16_gap,6099,prob_error_reduction,selected,-0.0786440297961235,4
two_concepts,res4_w16_gmp,6000,centered_logit_fidelity,selected,0.013833530265761437,4
two_concepts,res4_w16_gmp,6000,prob_error_reduction,selected,0.020728737115859985,4
two_concepts,res4_w16_gmp,6001,centered_logit_fidelity,selected,-0.045824614122721485,4
two_concepts,res4_w16_gmp,6001,prob_error_reduction,selected,-0.11126355081796646,4
two_concepts,res4_w16_gmp,6002,centered_logit_fidelity,selected,-0.017244387460150723,4
two_concepts,res4_w16_gmp,6002,prob_error_reduction,selected,-0.03401739150285721,4
two_concepts,res4_w16_gmp,6003,centered_logit_fidelity,selected,-0.010970744291950149,4
two_concepts,res4_w16_gmp,6003,prob_error_reduction,selected,-0.01646331697702408,4
two_concepts,res4_w16_gmp,6004,centered_logit_fidelity,selected,-0.010779987195075183,4
two_concepts,res4_w16_gmp,6004,prob_error_reduction,selected,-0.08237627893686295,4
two_concepts,res4_w16_gmp,6005,centered_logit_fidelity,selected,-0.019702350280607878,4
two_concepts,res4_w16_gmp,6005,prob_error_reduction,selected,-0.03476233780384064,4
two_concepts,res4_w16_gmp,6006,centered_logit_fidelity,selected,0.00036597920439040976,4
two_concepts,res4_w16_gmp,6006,prob_error_reduction,selected,-0.02456410974264145,4
two_concepts,res4_w16_gmp,6007,centered_logit_fidelity,selected,-0.01476435716973383,4
two_concepts,res4_w16_gmp,6007,prob_error_reduction,selected,-0.03126411885023117,4
two_concepts,res4_w16_gmp,6008,centered_logit_fidelity,selected,-0.028842125979657893,4
two_concepts,res4_w16_gmp,6008,prob_error_reduction,selected,-0.12179150059819221,4
two_concepts,res4_w16_gmp,6009,centered_logit_fidelity,selected,-0.03780251740382297,4
two_concepts,res4_w16_gmp,6009,prob_error_reduction,selected,-0.16339120268821716,4
two_concepts,res4_w16_gmp,6010,centered_logit_fidelity,selected,0.007127650689708026,4
two_concepts,res4_w16_gmp,6010,prob_error_reduction,selected,-0.04572414606809616,4
two_concepts,res4_w16_gmp,6011,centered_logit_fidelity,selected,-0.015385540265787923,4
two_concepts,res4_w16_gmp,6011,prob_error_reduction,selected,-0.0013507604598999023,4
two_concepts,res4_w16_gmp,6012,centered_logit_fidelity,selected,-0.0003213383945480375,4
two_concepts,res4_w16_gmp,6012,prob_error_reduction,selected,-0.07723122835159302,4
two_concepts,res4_w16_gmp,6013,centered_logit_fidelity,selected,-0.0512986677559157,4
two_concepts,res4_w16_gmp,6013,prob_error_reduction,selected,-0.05733209103345871,4
two_concepts,res4_w16_gmp,6014,centered_logit_fidelity,selected,-0.057227840921440815,4
two_concepts,res4_w16_gmp,6014,prob_error_reduction,selected,-0.024878427386283875,4
two_concepts,res4_w16_gmp,6015,centered_logit_fidelity,selected,0.004130274363286376,4
two_concepts,res4_w16_gmp,6015,prob_error_reduction,selected,-0.07222091406583786,4
two_concepts,res4_w16_gmp,6016,centered_logit_fidelity,selected,0.008170685788581405,4
two_concepts,res4_w16_gmp,6016,prob_error_reduction,selected,-0.03054722398519516,4
two_concepts,res4_w16_gmp,6017,centered_logit_fidelity,selected,-0.009351315001473709,4
two_concepts,res4_w16_gmp,6017,prob_error_reduction,selected,-0.08541356027126312,4
two_concepts,res4_w16_gmp,6018,centered_logit_fidelity,selected,-0.038996058903597905,4
two_concepts,res4_w16_gmp,6018,prob_error_reduction,selected,-0.030877452343702316,4
two_concepts,res4_w16_gmp,6019,centered_logit_fidelity,selected,-0.01793584577682078,4
two_concepts,res4_w16_gmp,6019,prob_error_reduction,selected,-0.10226628184318542,4
two_concepts,res4_w16_gmp,6020,centered_logit_fidelity,selected,0.002748750230386468,4
two_concepts,res4_w16_gmp,6020,prob_error_reduction,selected,0.01860128343105316,4
two_concepts,res4_w16_gmp,6021,centered_logit_fidelity,selected,-0.035278099628977,4
two_concepts,res4_w16_gmp,6021,prob_error_reduction,selected,-0.015081316232681274,4
two_concepts,res4_w16_gmp,6022,centered_logit_fidelity,selected,-0.011555529150984595,4
two_concepts,res4_w16_gmp,6022,prob_error_reduction,selected,0.03777923434972763,4
two_concepts,res4_w16_gmp,6023,centered_logit_fidelity,selected,-0.00685553590361912,4
two_concepts,res4_w16_gmp,6023,prob_error_reduction,selected,-0.06950658932328224,4
two_concepts,res4_w16_gmp,6024,centered_logit_fidelity,selected,-0.009186396911337463,4
two_concepts,res4_w16_gmp,6024,prob_error_reduction,selected,-0.004531629383563995,4
two_concepts,res4_w16_gmp,6025,centered_logit_fidelity,selected,0.0038810363070545945,4
two_concepts,res4_w16_gmp,6025,prob_error_reduction,selected,0.015033166855573654,4
two_concepts,res4_w16_gmp,6026,centered_logit_fidelity,selected,-0.015291654476431452,4
two_concepts,res4_w16_gmp,6026,prob_error_reduction,selected,-0.06704240292310715,4
two_concepts,res4_w16_gmp,6027,centered_logit_fidelity,selected,-0.04201762751137028,4
two_concepts,res4_w16_gmp,6027,prob_error_reduction,selected,-0.17162435501813889,4
two_concepts,res4_w16_gmp,6028,centered_logit_fidelity,selected,0.0015074201864058862,4
two_concepts,res4_w16_gmp,6028,prob_error_reduction,selected,0.0057659149169921875,4
two_concepts,res4_w16_gmp,6029,centered_logit_fidelity,selected,-0.058614430207176715,4
two_concepts,res4_w16_gmp,6029,prob_error_reduction,selected,-0.10432048514485359,4
two_concepts,res4_w16_gmp,6030,centered_logit_fidelity,selected,-0.009923743315940786,4
two_concepts,res4_w16_gmp,6030,prob_error_reduction,selected,0.035416148602962494,4
two_concepts,res4_w16_gmp,6031,centered_logit_fidelity,selected,-0.019005886380706466,4
two_concepts,res4_w16_gmp,6031,prob_error_reduction,selected,-0.040543846786022186,4
two_concepts,res4_w16_gmp,6032,centered_logit_fidelity,selected,-0.007095668918452702,4
two_concepts,res4_w16_gmp,6032,prob_error_reduction,selected,-0.061615318059921265,4
two_concepts,res4_w16_gmp,6033,centered_logit_fidelity,selected,0.005434708848541345,4
two_concepts,res4_w16_gmp,6033,prob_error_reduction,selected,-0.04452510178089142,4
two_concepts,res4_w16_gmp,6034,centered_logit_fidelity,selected,-0.010583797308893195,4
two_concepts,res4_w16_gmp,6034,prob_error_reduction,selected,0.015998803079128265,4
two_concepts,res4_w16_gmp,6035,centered_logit_fidelity,selected,-0.013996638666725791,4
two_concepts,res4_w16_gmp,6035,prob_error_reduction,selected,-0.061451204121112823,4
two_concepts,res4_w16_gmp,6036,centered_logit_fidelity,selected,-0.010620566101613924,4
two_concepts,res4_w16_gmp,6036,prob_error_reduction,selected,-0.021603785455226898,4
two_concepts,res4_w16_gmp,6037,centered_logit_fidelity,selected,-0.059351214006566,4
two_concepts,res4_w16_gmp,6037,prob_error_reduction,selected,-0.10361262783408165,4
two_concepts,res4_w16_gmp,6038,centered_logit_fidelity,selected,-0.050519353788681456,4
two_concepts,res4_w16_gmp,6038,prob_error_reduction,selected,-0.086002878844738,4
two_concepts,res4_w16_gmp,6039,centered_logit_fidelity,selected,-0.01070721303504217,4
two_concepts,res4_w16_gmp,6039,prob_error_reduction,selected,-0.004644893109798431,4
two_concepts,res4_w16_gmp,6040,centered_logit_fidelity,selected,0.0020077025733808984,4
two_concepts,res4_w16_gmp,6040,prob_error_reduction,selected,-0.06322057172656059,4
two_concepts,res4_w16_gmp,6041,centered_logit_fidelity,selected,-0.07385588410823787,4
two_concepts,res4_w16_gmp,6041,prob_error_reduction,selected,-0.15330515801906586,4
two_concepts,res4_w16_gmp,6042,centered_logit_fidelity,selected,-0.010560583051385589,4
two_concepts,res4_w16_gmp,6042,prob_error_reduction,selected,-0.0010224580764770508,4
two_concepts,res4_w16_gmp,6043,centered_logit_fidelity,selected,-0.039837909545163794,4
two_concepts,res4_w16_gmp,6043,prob_error_reduction,selected,-0.048287712037563324,4
two_concepts,res4_w16_gmp,6044,centered_logit_fidelity,selected,0.044764677578943826,4
two_concepts,res4_w16_gmp,6044,prob_error_reduction,selected,-0.019665978848934174,4
two_concepts,res4_w16_gmp,6045,centered_logit_fidelity,selected,-0.013736481999915853,4
two_concepts,res4_w16_gmp,6045,prob_error_reduction,selected,-0.0071814097464084625,4
two_concepts,res4_w16_gmp,6046,centered_logit_fidelity,selected,-0.06345950146042864,4
two_concepts,res4_w16_gmp,6046,prob_error_reduction,selected,-0.15136655792593956,4
two_concepts,res4_w16_gmp,6047,centered_logit_fidelity,selected,-0.003815610919971568,4
two_concepts,res4_w16_gmp,6047,prob_error_reduction,selected,-0.04826728254556656,4
two_concepts,res4_w16_gmp,6048,centered_logit_fidelity,selected,0.016024349046018946,4
two_concepts,res4_w16_gmp,6048,prob_error_reduction,selected,0.11983400583267212,4
two_concepts,res4_w16_gmp,6049,centered_logit_fidelity,selected,-0.0153674785141448,4
two_concepts,res4_w16_gmp,6049,prob_error_reduction,selected,-0.07860460877418518,4
two_concepts,res4_w16_gmp,6050,centered_logit_fidelity,selected,-0.03661664481412613,4
two_concepts,res4_w16_gmp,6050,prob_error_reduction,selected,-0.09473048150539398,4
two_concepts,res4_w16_gmp,6051,centered_logit_fidelity,selected,-0.022819192032155794,4
two_concepts,res4_w16_gmp,6051,prob_error_reduction,selected,-0.07750419527292252,4
two_concepts,res4_w16_gmp,6052,centered_logit_fidelity,selected,-0.06065068262746531,4
two_concepts,res4_w16_gmp,6052,prob_error_reduction,selected,-0.054639216512441635,4
two_concepts,res4_w16_gmp,6053,centered_logit_fidelity,selected,-0.00993852253275404,4
two_concepts,res4_w16_gmp,6053,prob_error_reduction,selected,-0.016815833747386932,4
two_concepts,res4_w16_gmp,6054,centered_logit_fidelity,selected,-0.0313965072411824,4
two_concepts,res4_w16_gmp,6054,prob_error_reduction,selected,-0.07199947163462639,4
two_concepts,res4_w16_gmp,6055,centered_logit_fidelity,selected,-0.03862938221698478,4
two_concepts,res4_w16_gmp,6055,prob_error_reduction,selected,-0.10424667224287987,4
two_concepts,res4_w16_gmp,6056,centered_logit_fidelity,selected,-0.008101661309606392,4
two_concepts,res4_w16_gmp,6056,prob_error_reduction,selected,-0.01975236088037491,4
two_concepts,res4_w16_gmp,6057,centered_logit_fidelity,selected,-0.02014430842706595,4
two_concepts,res4_w16_gmp,6057,prob_error_reduction,selected,-0.12288224697113037,4
two_concepts,res4_w16_gmp,6058,centered_logit_fidelity,selected,0.002446899731812918,4
two_concepts,res4_w16_gmp,6058,prob_error_reduction,selected,-0.00023239478468894958,4
two_concepts,res4_w16_gmp,6059,centered_logit_fidelity,selected,-0.04972530899210825,4
two_concepts,res4_w16_gmp,6059,prob_error_reduction,selected,-0.08950801007449627,4
two_concepts,res4_w16_gmp,6060,centered_logit_fidelity,selected,-0.007379305879746861,4
two_concepts,res4_w16_gmp,6060,prob_error_reduction,selected,-0.026831604540348053,4
two_concepts,res4_w16_gmp,6061,centered_logit_fidelity,selected,-0.030335633154547945,4
two_concepts,res4_w16_gmp,6061,prob_error_reduction,selected,-0.052193738520145416,4
two_concepts,res4_w16_gmp,6062,centered_logit_fidelity,selected,0.014808294519043905,4
two_concepts,res4_w16_gmp,6062,prob_error_reduction,selected,-0.028847556561231613,4
two_concepts,res4_w16_gmp,6063,centered_logit_fidelity,selected,-0.02221489833113577,4
two_concepts,res4_w16_gmp,6063,prob_error_reduction,selected,-0.053199537098407745,4
two_concepts,res4_w16_gmp,6064,centered_logit_fidelity,selected,-0.006826759643676336,4
two_concepts,res4_w16_gmp,6064,prob_error_reduction,selected,-0.04344732686877251,4
two_concepts,res4_w16_gmp,6065,centered_logit_fidelity,selected,-0.03766139349916961,4
two_concepts,res4_w16_gmp,6065,prob_error_reduction,selected,-0.15676337108016014,4
two_concepts,res4_w16_gmp,6066,centered_logit_fidelity,selected,-0.0048074540479785405,4
two_concepts,res4_w16_gmp,6066,prob_error_reduction,selected,0.01314794272184372,4
two_concepts,res4_w16_gmp,6067,centered_logit_fidelity,selected,-0.026729064024462984,4
two_concepts,res4_w16_gmp,6067,prob_error_reduction,selected,-0.07986392825841904,4
two_concepts,res4_w16_gmp,6068,centered_logit_fidelity,selected,-0.024643751045403103,4
two_concepts,res4_w16_gmp,6068,prob_error_reduction,selected,-0.06929342076182365,4
two_concepts,res4_w16_gmp,6069,centered_logit_fidelity,selected,-0.005469693515588958,4
two_concepts,res4_w16_gmp,6069,prob_error_reduction,selected,0.022131651639938354,4
two_concepts,res4_w16_gmp,6070,centered_logit_fidelity,selected,-0.0185037879680265,4
two_concepts,res4_w16_gmp,6070,prob_error_reduction,selected,-0.011887215077877045,4
two_concepts,res4_w16_gmp,6071,centered_logit_fidelity,selected,-0.0022811102892586754,4
two_concepts,res4_w16_gmp,6071,prob_error_reduction,selected,-0.05623481050133705,4
two_concepts,res4_w16_gmp,6072,centered_logit_fidelity,selected,-0.0031457768638471773,4
two_concepts,res4_w16_gmp,6072,prob_error_reduction,selected,-0.0668274313211441,4
two_concepts,res4_w16_gmp,6073,centered_logit_fidelity,selected,-0.009887743317486097,4
two_concepts,res4_w16_gmp,6073,prob_error_reduction,selected,-0.04389718174934387,4
two_concepts,res4_w16_gmp,6074,centered_logit_fidelity,selected,-0.025029640755117266,4
two_concepts,res4_w16_gmp,6074,prob_error_reduction,selected,-0.09607797861099243,4
two_concepts,res4_w16_gmp,6075,centered_logit_fidelity,selected,-0.03587454834308805,4
two_concepts,res4_w16_gmp,6075,prob_error_reduction,selected,-0.07591765373945236,4
two_concepts,res4_w16_gmp,6076,centered_logit_fidelity,selected,0.005557672894339949,4
two_concepts,res4_w16_gmp,6076,prob_error_reduction,selected,-0.05348442494869232,4
two_concepts,res4_w16_gmp,6077,centered_logit_fidelity,selected,-0.008178983398134762,4
two_concepts,res4_w16_gmp,6077,prob_error_reduction,selected,-0.03891522437334061,4
two_concepts,res4_w16_gmp,6078,centered_logit_fidelity,selected,-0.05252637023470132,4
two_concepts,res4_w16_gmp,6078,prob_error_reduction,selected,-0.04448580741882324,4
two_concepts,res4_w16_gmp,6079,centered_logit_fidelity,selected,-0.0298518271374303,4
two_concepts,res4_w16_gmp,6079,prob_error_reduction,selected,-0.09774907678365707,4
two_concepts,res4_w16_gmp,6080,centered_logit_fidelity,selected,-0.012841784584846777,4
two_concepts,res4_w16_gmp,6080,prob_error_reduction,selected,-0.021738916635513306,4
two_concepts,res4_w16_gmp,6081,centered_logit_fidelity,selected,-0.020863991900420126,4
two_concepts,res4_w16_gmp,6081,prob_error_reduction,selected,-0.01940169930458069,4
two_concepts,res4_w16_gmp,6082,centered_logit_fidelity,selected,-0.010450556867982727,4
two_concepts,res4_w16_gmp,6082,prob_error_reduction,selected,-0.013112165033817291,4
two_concepts,res4_w16_gmp,6083,centered_logit_fidelity,selected,-0.0015725732153705763,4
two_concepts,res4_w16_gmp,6083,prob_error_reduction,selected,0.028673700988292694,4
two_concepts,res4_w16_gmp,6084,centered_logit_fidelity,selected,-0.051898038604561464,4
two_concepts,res4_w16_gmp,6084,prob_error_reduction,selected,-0.09092427790164948,4
two_concepts,res4_w16_gmp,6085,centered_logit_fidelity,selected,-0.018517313687828732,4
two_concepts,res4_w16_gmp,6085,prob_error_reduction,selected,-0.041871458292007446,4
two_concepts,res4_w16_gmp,6086,centered_logit_fidelity,selected,-0.016902769777940238,4
two_concepts,res4_w16_gmp,6086,prob_error_reduction,selected,-0.061872199177742004,4
two_concepts,res4_w16_gmp,6087,centered_logit_fidelity,selected,-0.048782132265913394,4
two_concepts,res4_w16_gmp,6087,prob_error_reduction,selected,-0.11459343880414963,4
two_concepts,res4_w16_gmp,6088,centered_logit_fidelity,selected,-0.009466168562508787,4
two_concepts,res4_w16_gmp,6088,prob_error_reduction,selected,0.020346805453300476,4
two_concepts,res4_w16_gmp,6089,centered_logit_fidelity,selected,-0.00889445272660426,4
two_concepts,res4_w16_gmp,6089,prob_error_reduction,selected,-0.08483296632766724,4
two_concepts,res4_w16_gmp,6090,centered_logit_fidelity,selected,-0.01990664710074934,4
two_concepts,res4_w16_gmp,6090,prob_error_reduction,selected,-0.05673230066895485,4
two_concepts,res4_w16_gmp,6091,centered_logit_fidelity,selected,0.006479032642982593,4
two_concepts,res4_w16_gmp,6091,prob_error_reduction,selected,0.10011029243469238,4
two_concepts,res4_w16_gmp,6092,centered_logit_fidelity,selected,-0.017850264631862123,4
two_concepts,res4_w16_gmp,6092,prob_error_reduction,selected,0.038853101432323456,4
two_concepts,res4_w16_gmp,6093,centered_logit_fidelity,selected,-0.019497324929071844,4
two_concepts,res4_w16_gmp,6093,prob_error_reduction,selected,-0.08312797546386719,4
two_concepts,res4_w16_gmp,6094,centered_logit_fidelity,selected,-0.039162874487545976,4
two_concepts,res4_w16_gmp,6094,prob_error_reduction,selected,-0.0783916488289833,4
two_concepts,res4_w16_gmp,6095,centered_logit_fidelity,selected,-0.0059546942121840585,4
two_concepts,res4_w16_gmp,6095,prob_error_reduction,selected,-0.045327868312597275,4
two_concepts,res4_w16_gmp,6096,centered_logit_fidelity,selected,0.0156774772939519,4
two_concepts,res4_w16_gmp,6096,prob_error_reduction,selected,0.08662457764148712,4
two_concepts,res4_w16_gmp,6097,centered_logit_fidelity,selected,-0.01175979672174017,4
two_concepts,res4_w16_gmp,6097,prob_error_reduction,selected,-0.00491739809513092,4
two_concepts,res4_w16_gmp,6098,centered_logit_fidelity,selected,-0.011128128041843877,4
two_concepts,res4_w16_gmp,6098,prob_error_reduction,selected,-0.0462440624833107,4
two_concepts,res4_w16_gmp,6099,centered_logit_fidelity,selected,0.02015475389569782,4
two_concepts,res4_w16_gmp,6099,prob_error_reduction,selected,0.02680966630578041,4
two_concepts,tiny_gap,6000,centered_logit_fidelity,selected,0.0550816773249206,4
two_concepts,tiny_gap,6000,prob_error_reduction,selected,0.08012031042017043,4
two_concepts,tiny_gap,6001,centered_logit_fidelity,selected,0.07466252290223441,4
two_concepts,tiny_gap,6001,prob_error_reduction,selected,0.08955843938747421,4
two_concepts,tiny_gap,6002,centered_logit_fidelity,selected,0.013199448897208504,4
two_concepts,tiny_gap,6002,prob_error_reduction,selected,0.0805546977207996,4
two_concepts,tiny_gap,6003,centered_logit_fidelity,selected,0.09644739773284232,4
two_concepts,tiny_gap,6003,prob_error_reduction,selected,0.10030055488459766,4
two_concepts,tiny_gap,6004,centered_logit_fidelity,selected,0.042284280428257215,4
two_concepts,tiny_gap,6004,prob_error_reduction,selected,0.10403033459442668,4
two_concepts,tiny_gap,6005,centered_logit_fidelity,selected,0.07916378714463555,4
two_concepts,tiny_gap,6005,prob_error_reduction,selected,0.10344433106365614,4
two_concepts,tiny_gap,6006,centered_logit_fidelity,selected,0.16838222351115095,4
two_concepts,tiny_gap,6006,prob_error_reduction,selected,0.08979981896118261,4
two_concepts,tiny_gap,6007,centered_logit_fidelity,selected,0.09231800218746113,4
two_concepts,tiny_gap,6007,prob_error_reduction,selected,0.06618364679161459,4
two_concepts,tiny_gap,6008,centered_logit_fidelity,selected,0.08418427251025146,4
two_concepts,tiny_gap,6008,prob_error_reduction,selected,0.10071352115483023,4
two_concepts,tiny_gap,6009,centered_logit_fidelity,selected,0.10586450591305833,4
two_concepts,tiny_gap,6009,prob_error_reduction,selected,0.12193885291344486,4
two_concepts,tiny_gap,6010,centered_logit_fidelity,selected,0.102637180003082,4
two_concepts,tiny_gap,6010,prob_error_reduction,selected,0.11532876463024877,4
two_concepts,tiny_gap,6011,centered_logit_fidelity,selected,0.08330205581586574,4
two_concepts,tiny_gap,6011,prob_error_reduction,selected,0.09731087350519374,4
two_concepts,tiny_gap,6012,centered_logit_fidelity,selected,0.0668938530782113,4
two_concepts,tiny_gap,6012,prob_error_reduction,selected,0.07000340867671184,4
two_concepts,tiny_gap,6013,centered_logit_fidelity,selected,0.08072122690950297,4
two_concepts,tiny_gap,6013,prob_error_reduction,selected,0.06421214831061661,4
two_concepts,tiny_gap,6014,centered_logit_fidelity,selected,0.05887532066194327,4
two_concepts,tiny_gap,6014,prob_error_reduction,selected,0.09253904817160219,4
two_concepts,tiny_gap,6015,centered_logit_fidelity,selected,0.07979356412152658,4
two_concepts,tiny_gap,6015,prob_error_reduction,selected,0.10099553651525639,4
two_concepts,tiny_gap,6016,centered_logit_fidelity,selected,0.04300646262821892,4
two_concepts,tiny_gap,6016,prob_error_reduction,selected,0.07410451740724966,4
two_concepts,tiny_gap,6017,centered_logit_fidelity,selected,0.05671976014848755,4
two_concepts,tiny_gap,6017,prob_error_reduction,selected,0.037817323638591915,4
two_concepts,tiny_gap,6018,centered_logit_fidelity,selected,0.09530465369767198,4
two_concepts,tiny_gap,6018,prob_error_reduction,selected,0.11848917193128727,4
two_concepts,tiny_gap,6019,centered_logit_fidelity,selected,0.03814204338163013,4
two_concepts,tiny_gap,6019,prob_error_reduction,selected,0.056682393682422116,4
two_concepts,tiny_gap,6020,centered_logit_fidelity,selected,0.11099970548260689,4
two_concepts,tiny_gap,6020,prob_error_reduction,selected,0.07326985205872916,4
two_concepts,tiny_gap,6021,centered_logit_fidelity,selected,0.06722129367518385,4
two_concepts,tiny_gap,6021,prob_error_reduction,selected,0.0863492421922274,4
two_concepts,tiny_gap,6022,centered_logit_fidelity,selected,0.08285190941270942,4
two_concepts,tiny_gap,6022,prob_error_reduction,selected,0.0741802726406604,4
two_concepts,tiny_gap,6023,centered_logit_fidelity,selected,0.12067650225580034,4
two_concepts,tiny_gap,6023,prob_error_reduction,selected,0.1078459917625878,4
two_concepts,tiny_gap,6024,centered_logit_fidelity,selected,0.01038293520034328,4
two_concepts,tiny_gap,6024,prob_error_reduction,selected,0.09226493851747364,4
two_concepts,tiny_gap,6025,centered_logit_fidelity,selected,0.0789120150806265,4
two_concepts,tiny_gap,6025,prob_error_reduction,selected,0.10080174717586488,4
two_concepts,tiny_gap,6026,centered_logit_fidelity,selected,0.18283257432334254,4
two_concepts,tiny_gap,6026,prob_error_reduction,selected,0.12020342590403743,4
two_concepts,tiny_gap,6027,centered_logit_fidelity,selected,0.026753230203207898,4
two_concepts,tiny_gap,6027,prob_error_reduction,selected,0.07631411173497327,4
two_concepts,tiny_gap,6028,centered_logit_fidelity,selected,0.09577014585139314,4
two_concepts,tiny_gap,6028,prob_error_reduction,selected,0.12542131726513617,4
two_concepts,tiny_gap,6029,centered_logit_fidelity,selected,0.11904114236356837,4
two_concepts,tiny_gap,6029,prob_error_reduction,selected,0.14098231249954551,4
two_concepts,tiny_gap,6030,centered_logit_fidelity,selected,0.11624358121136413,4
two_concepts,tiny_gap,6030,prob_error_reduction,selected,0.07165659792372026,4
two_concepts,tiny_gap,6031,centered_logit_fidelity,selected,0.08475070337494142,4
two_concepts,tiny_gap,6031,prob_error_reduction,selected,0.07169428947963752,4
two_concepts,tiny_gap,6032,centered_logit_fidelity,selected,0.12026684786830473,4
two_concepts,tiny_gap,6032,prob_error_reduction,selected,0.11379955147276632,4
two_concepts,tiny_gap,6033,centered_logit_fidelity,selected,0.110023849582962,4
two_concepts,tiny_gap,6033,prob_error_reduction,selected,0.09863379370654002,4
two_concepts,tiny_gap,6034,centered_logit_fidelity,selected,0.044239430180937664,4
two_concepts,tiny_gap,6034,prob_error_reduction,selected,0.10065820065210573,4
two_concepts,tiny_gap,6035,centered_logit_fidelity,selected,0.07253637735040133,4
two_concepts,tiny_gap,6035,prob_error_reduction,selected,0.07543952207197435,4
two_concepts,tiny_gap,6036,centered_logit_fidelity,selected,0.0966921944940853,4
two_concepts,tiny_gap,6036,prob_error_reduction,selected,0.08116291178157553,4
two_concepts,tiny_gap,6037,centered_logit_fidelity,selected,0.13829589540391485,4
two_concepts,tiny_gap,6037,prob_error_reduction,selected,0.11842561146477237,4
two_concepts,tiny_gap,6038,centered_logit_fidelity,selected,0.14771706697848513,4
two_concepts,tiny_gap,6038,prob_error_reduction,selected,0.10020028639701195,4
two_concepts,tiny_gap,6039,centered_logit_fidelity,selected,0.12011567161924408,4
two_concepts,tiny_gap,6039,prob_error_reduction,selected,0.10483976625255309,4
two_concepts,tiny_gap,6040,centered_logit_fidelity,selected,0.14733127587832187,4
two_concepts,tiny_gap,6040,prob_error_reduction,selected,0.12637089390773326,4
two_concepts,tiny_gap,6041,centered_logit_fidelity,selected,0.11125521873976248,4
two_concepts,tiny_gap,6041,prob_error_reduction,selected,0.11775191992637701,4
two_concepts,tiny_gap,6042,centered_logit_fidelity,selected,0.12047398539638927,4
two_concepts,tiny_gap,6042,prob_error_reduction,selected,0.09400364861357957,4
two_concepts,tiny_gap,6043,centered_logit_fidelity,selected,0.14898236075039684,4
two_concepts,tiny_gap,6043,prob_error_reduction,selected,0.1407442724739667,4
two_concepts,tiny_gap,6044,centered_logit_fidelity,selected,0.051648263007210815,4
two_concepts,tiny_gap,6044,prob_error_reduction,selected,0.08235274223261513,4
two_concepts,tiny_gap,6045,centered_logit_fidelity,selected,0.06224444000167313,4
two_concepts,tiny_gap,6045,prob_error_reduction,selected,0.09670089677092619,4
two_concepts,tiny_gap,6046,centered_logit_fidelity,selected,0.12008764999402119,4
two_concepts,tiny_gap,6046,prob_error_reduction,selected,0.11081905430182815,4
two_concepts,tiny_gap,6047,centered_logit_fidelity,selected,0.09027710589955067,4
two_concepts,tiny_gap,6047,prob_error_reduction,selected,0.13529937251587398,4
two_concepts,tiny_gap,6048,centered_logit_fidelity,selected,0.13300410785531266,4
two_concepts,tiny_gap,6048,prob_error_reduction,selected,0.09268469797098078,4
two_concepts,tiny_gap,6049,centered_logit_fidelity,selected,0.0564242569684945,4
two_concepts,tiny_gap,6049,prob_error_reduction,selected,0.07721007498912513,4
two_concepts,tiny_gap,6050,centered_logit_fidelity,selected,0.07962451442727626,4
two_concepts,tiny_gap,6050,prob_error_reduction,selected,0.13120995630742982,4
two_concepts,tiny_gap,6051,centered_logit_fidelity,selected,0.08722849733912547,4
two_concepts,tiny_gap,6051,prob_error_reduction,selected,0.11397635738831013,4
two_concepts,tiny_gap,6052,centered_logit_fidelity,selected,0.0934612224177167,4
two_concepts,tiny_gap,6052,prob_error_reduction,selected,0.06426140209077857,4
two_concepts,tiny_gap,6053,centered_logit_fidelity,selected,0.013475094115774536,4
two_concepts,tiny_gap,6053,prob_error_reduction,selected,0.05552756454562768,4
two_concepts,tiny_gap,6054,centered_logit_fidelity,selected,0.07099232260472992,4
two_concepts,tiny_gap,6054,prob_error_reduction,selected,0.07437117490917444,4
two_concepts,tiny_gap,6055,centered_logit_fidelity,selected,0.14437345412024205,4
two_concepts,tiny_gap,6055,prob_error_reduction,selected,0.11661895678844303,4
two_concepts,tiny_gap,6056,centered_logit_fidelity,selected,0.07897301221348167,4
two_concepts,tiny_gap,6056,prob_error_reduction,selected,0.08385616765008308,4
two_concepts,tiny_gap,6057,centered_logit_fidelity,selected,0.09153209517232368,4
two_concepts,tiny_gap,6057,prob_error_reduction,selected,0.08960754357394762,4
two_concepts,tiny_gap,6058,centered_logit_fidelity,selected,0.03532315563970298,4
two_concepts,tiny_gap,6058,prob_error_reduction,selected,0.0671113554853946,4
two_concepts,tiny_gap,6059,centered_logit_fidelity,selected,0.04709600576578378,4
two_concepts,tiny_gap,6059,prob_error_reduction,selected,0.09045739460270852,4
two_concepts,tiny_gap,6060,centered_logit_fidelity,selected,0.03825229668727188,4
two_concepts,tiny_gap,6060,prob_error_reduction,selected,0.09368219450698234,4
two_concepts,tiny_gap,6061,centered_logit_fidelity,selected,0.09697095493828538,4
two_concepts,tiny_gap,6061,prob_error_reduction,selected,0.11347052312339656,4
two_concepts,tiny_gap,6062,centered_logit_fidelity,selected,0.11268797919288888,4
two_concepts,tiny_gap,6062,prob_error_reduction,selected,0.10423732857452706,4
two_concepts,tiny_gap,6063,centered_logit_fidelity,selected,0.06627285835099515,4
two_concepts,tiny_gap,6063,prob_error_reduction,selected,0.10288622340885922,4
two_concepts,tiny_gap,6064,centered_logit_fidelity,selected,0.18944883615902594,4
two_concepts,tiny_gap,6064,prob_error_reduction,selected,0.06209394853794947,4
two_concepts,tiny_gap,6065,centered_logit_fidelity,selected,0.10000991783055233,4
two_concepts,tiny_gap,6065,prob_error_reduction,selected,0.09829700470436364,4
two_concepts,tiny_gap,6066,centered_logit_fidelity,selected,0.04309982209881519,4
two_concepts,tiny_gap,6066,prob_error_reduction,selected,0.09721465548500419,4
two_concepts,tiny_gap,6067,centered_logit_fidelity,selected,0.09908725172652479,4
two_concepts,tiny_gap,6067,prob_error_reduction,selected,0.06235054071294144,4
two_concepts,tiny_gap,6068,centered_logit_fidelity,selected,0.0724979242249281,4
two_concepts,tiny_gap,6068,prob_error_reduction,selected,0.06990772759309039,4
two_concepts,tiny_gap,6069,centered_logit_fidelity,selected,0.07732060953061404,4
two_concepts,tiny_gap,6069,prob_error_reduction,selected,0.09306615448440425,4
two_concepts,tiny_gap,6070,centered_logit_fidelity,selected,0.10892891953527954,4
two_concepts,tiny_gap,6070,prob_error_reduction,selected,0.10039526029140688,4
two_concepts,tiny_gap,6071,centered_logit_fidelity,selected,0.06417043444820127,4
two_concepts,tiny_gap,6071,prob_error_reduction,selected,0.07439907718799077,4
two_concepts,tiny_gap,6072,centered_logit_fidelity,selected,0.09719059841867426,4
two_concepts,tiny_gap,6072,prob_error_reduction,selected,0.1179951484373305,4
two_concepts,tiny_gap,6073,centered_logit_fidelity,selected,0.0641388766429877,4
two_concepts,tiny_gap,6073,prob_error_reduction,selected,0.10816317624994554,4
two_concepts,tiny_gap,6074,centered_logit_fidelity,selected,0.02706294787220649,4
two_concepts,tiny_gap,6074,prob_error_reduction,selected,0.06220252558705397,4
two_concepts,tiny_gap,6075,centered_logit_fidelity,selected,0.04849830981429204,4
two_concepts,tiny_gap,6075,prob_error_reduction,selected,0.10054560503340326,4
two_concepts,tiny_gap,6076,centered_logit_fidelity,selected,0.14402432551095062,4
two_concepts,tiny_gap,6076,prob_error_reduction,selected,0.1252594944089651,4
two_concepts,tiny_gap,6077,centered_logit_fidelity,selected,0.12696284521790946,4
two_concepts,tiny_gap,6077,prob_error_reduction,selected,0.13514887614292093,4
two_concepts,tiny_gap,6078,centered_logit_fidelity,selected,0.0641696460805284,4
two_concepts,tiny_gap,6078,prob_error_reduction,selected,0.07817008055280894,4
two_concepts,tiny_gap,6079,centered_logit_fidelity,selected,0.04477485548155406,4
two_concepts,tiny_gap,6079,prob_error_reduction,selected,0.07369036748423241,4
two_concepts,tiny_gap,6080,centered_logit_fidelity,selected,0.07255146991691618,4
two_concepts,tiny_gap,6080,prob_error_reduction,selected,0.06658504228107631,4
two_concepts,tiny_gap,6081,centered_logit_fidelity,selected,0.03235164797276548,4
two_concepts,tiny_gap,6081,prob_error_reduction,selected,0.0815315634245053,4
two_concepts,tiny_gap,6082,centered_logit_fidelity,selected,0.10876145501522129,4
two_concepts,tiny_gap,6082,prob_error_reduction,selected,0.12242875335505232,4
two_concepts,tiny_gap,6083,centered_logit_fidelity,selected,0.08079890303241768,4
two_concepts,tiny_gap,6083,prob_error_reduction,selected,0.08808410580968484,4
two_concepts,tiny_gap,6084,centered_logit_fidelity,selected,0.09508287941396266,4
two_concepts,tiny_gap,6084,prob_error_reduction,selected,0.084479814307997,4
two_concepts,tiny_gap,6085,centered_logit_fidelity,selected,0.020817883876431853,4
two_concepts,tiny_gap,6085,prob_error_reduction,selected,0.10195131017826498,4
two_concepts,tiny_gap,6086,centered_logit_fidelity,selected,-0.07502215967302416,4
two_concepts,tiny_gap,6086,prob_error_reduction,selected,0.09069548339175526,4
two_concepts,tiny_gap,6087,centered_logit_fidelity,selected,0.07310978344189334,4
two_concepts,tiny_gap,6087,prob_error_reduction,selected,0.09701211072388105,4
two_concepts,tiny_gap,6088,centered_logit_fidelity,selected,0.09935178549779924,4
two_concepts,tiny_gap,6088,prob_error_reduction,selected,0.1043451867881231,4
two_concepts,tiny_gap,6089,centered_logit_fidelity,selected,0.13659575160939771,4
two_concepts,tiny_gap,6089,prob_error_reduction,selected,0.13621830596821383,4
two_concepts,tiny_gap,6090,centered_logit_fidelity,selected,0.11879963217509804,4
two_concepts,tiny_gap,6090,prob_error_reduction,selected,0.10420390919898637,4
two_concepts,tiny_gap,6091,centered_logit_fidelity,selected,0.08794978704999885,4
two_concepts,tiny_gap,6091,prob_error_reduction,selected,0.1024387727084104,4
two_concepts,tiny_gap,6092,centered_logit_fidelity,selected,0.007412612797255608,4
two_concepts,tiny_gap,6092,prob_error_reduction,selected,0.08905831645824946,4
two_concepts,tiny_gap,6093,centered_logit_fidelity,selected,0.11141499540172738,4
two_concepts,tiny_gap,6093,prob_error_reduction,selected,0.07443215887178667,4
two_concepts,tiny_gap,6094,centered_logit_fidelity,selected,0.14576256034293583,4
two_concepts,tiny_gap,6094,prob_error_reduction,selected,0.11804064383613877,4
two_concepts,tiny_gap,6095,centered_logit_fidelity,selected,0.06019402055356905,4
two_concepts,tiny_gap,6095,prob_error_reduction,selected,0.08537882898235694,4
two_concepts,tiny_gap,6096,centered_logit_fidelity,selected,0.0527887172878989,4
two_concepts,tiny_gap,6096,prob_error_reduction,selected,0.07790938709513284,4
two_concepts,tiny_gap,6097,centered_logit_fidelity,selected,0.2055096229055171,4
two_concepts,tiny_gap,6097,prob_error_reduction,selected,0.10655777639476582,4
two_concepts,tiny_gap,6098,centered_logit_fidelity,selected,0.07674787510866998,4
two_concepts,tiny_gap,6098,prob_error_reduction,selected,0.09941201389301568,4
two_concepts,tiny_gap,6099,centered_logit_fidelity,selected,0.0489539460481965,4
two_concepts,tiny_gap,6099,prob_error_reduction,selected,0.07268419477622956,4
two_concepts,tiny_gmp,6000,centered_logit_fidelity,selected,0.16130994212553454,4
two_concepts,tiny_gmp,6000,prob_error_reduction,selected,0.8078272016427945,4
two_concepts,tiny_gmp,6001,centered_logit_fidelity,selected,0.20030387689016071,4
two_concepts,tiny_gmp,6001,prob_error_reduction,selected,0.9187277023447677,4
two_concepts,tiny_gmp,6002,centered_logit_fidelity,selected,0.1314026801563842,4
two_concepts,tiny_gmp,6002,prob_error_reduction,selected,0.8251993631929508,4
two_concepts,tiny_gmp,6003,centered_logit_fidelity,selected,0.18100888927476905,4
two_concepts,tiny_gmp,6003,prob_error_reduction,selected,0.9326192459629965,4
two_concepts,tiny_gmp,6004,centered_logit_fidelity,selected,0.07712622871021525,4
two_concepts,tiny_gmp,6004,prob_error_reduction,selected,0.9011554223543499,4
two_concepts,tiny_gmp,6005,centered_logit_fidelity,selected,0.24545368102672044,4
two_concepts,tiny_gmp,6005,prob_error_reduction,selected,1.0604176445485791,4
two_concepts,tiny_gmp,6006,centered_logit_fidelity,selected,0.22068383180531692,4
two_concepts,tiny_gmp,6006,prob_error_reduction,selected,0.9138111148786265,4
two_concepts,tiny_gmp,6007,centered_logit_fidelity,selected,0.1530976722520522,4
two_concepts,tiny_gmp,6007,prob_error_reduction,selected,0.880344022414647,4
two_concepts,tiny_gmp,6008,centered_logit_fidelity,selected,0.18077196030966586,4
two_concepts,tiny_gmp,6008,prob_error_reduction,selected,0.8007470080628991,4
two_concepts,tiny_gmp,6009,centered_logit_fidelity,selected,0.16072238984770254,4
two_concepts,tiny_gmp,6009,prob_error_reduction,selected,0.8444395820260979,4
two_concepts,tiny_gmp,6010,centered_logit_fidelity,selected,0.14758586528695905,4
two_concepts,tiny_gmp,6010,prob_error_reduction,selected,0.8542871320241829,4
two_concepts,tiny_gmp,6011,centered_logit_fidelity,selected,0.10565529349370144,4
two_concepts,tiny_gmp,6011,prob_error_reduction,selected,0.7611151157470886,4
two_concepts,tiny_gmp,6012,centered_logit_fidelity,selected,0.13588169360008528,4
two_concepts,tiny_gmp,6012,prob_error_reduction,selected,0.7678620352817234,4
two_concepts,tiny_gmp,6013,centered_logit_fidelity,selected,0.15377841290891148,4
two_concepts,tiny_gmp,6013,prob_error_reduction,selected,0.9055036664649379,4
two_concepts,tiny_gmp,6014,centered_logit_fidelity,selected,0.14117810608236642,4
two_concepts,tiny_gmp,6014,prob_error_reduction,selected,0.8922319432313088,4
two_concepts,tiny_gmp,6015,centered_logit_fidelity,selected,0.1580744515872094,4
two_concepts,tiny_gmp,6015,prob_error_reduction,selected,0.910948801174527,4
two_concepts,tiny_gmp,6016,centered_logit_fidelity,selected,0.21089287980425925,4
two_concepts,tiny_gmp,6016,prob_error_reduction,selected,0.8549727226491086,4
two_concepts,tiny_gmp,6017,centered_logit_fidelity,selected,0.2193954990473897,4
two_concepts,tiny_gmp,6017,prob_error_reduction,selected,0.9117239648039686,4
two_concepts,tiny_gmp,6018,centered_logit_fidelity,selected,0.14128128921204547,4
two_concepts,tiny_gmp,6018,prob_error_reduction,selected,0.8784252291079611,4
two_concepts,tiny_gmp,6019,centered_logit_fidelity,selected,0.10557628134294582,4
two_concepts,tiny_gmp,6019,prob_error_reduction,selected,0.851557994261384,4
two_concepts,tiny_gmp,6020,centered_logit_fidelity,selected,0.13309192261629071,4
two_concepts,tiny_gmp,6020,prob_error_reduction,selected,0.8136426133860368,4
two_concepts,tiny_gmp,6021,centered_logit_fidelity,selected,0.15722094730728867,4
two_concepts,tiny_gmp,6021,prob_error_reduction,selected,0.8622734472155571,4
two_concepts,tiny_gmp,6022,centered_logit_fidelity,selected,0.11018221945414206,4
two_concepts,tiny_gmp,6022,prob_error_reduction,selected,0.7560367191617843,4
two_concepts,tiny_gmp,6023,centered_logit_fidelity,selected,0.1926767313468601,4
two_concepts,tiny_gmp,6023,prob_error_reduction,selected,0.9672243996756151,4
two_concepts,tiny_gmp,6024,centered_logit_fidelity,selected,0.14307395204941742,4
two_concepts,tiny_gmp,6024,prob_error_reduction,selected,0.89624399819877,4
two_concepts,tiny_gmp,6025,centered_logit_fidelity,selected,0.18349051076598552,4
two_concepts,tiny_gmp,6025,prob_error_reduction,selected,0.8602027025772259,4
two_concepts,tiny_gmp,6026,centered_logit_fidelity,selected,0.1388690870032644,4
two_concepts,tiny_gmp,6026,prob_error_reduction,selected,0.7560977804387221,4
two_concepts,tiny_gmp,6027,centered_logit_fidelity,selected,0.25897547270012167,4
two_concepts,tiny_gmp,6027,prob_error_reduction,selected,1.0364159008022398,4
two_concepts,tiny_gmp,6028,centered_logit_fidelity,selected,0.1314212107103253,4
two_concepts,tiny_gmp,6028,prob_error_reduction,selected,0.7544482608027465,4
two_concepts,tiny_gmp,6029,centered_logit_fidelity,selected,0.18319187359044056,4
two_concepts,tiny_gmp,6029,prob_error_reduction,selected,0.8960684219928226,4
two_concepts,tiny_gmp,6030,centered_logit_fidelity,selected,0.2683009614541696,4
two_concepts,tiny_gmp,6030,prob_error_reduction,selected,0.9277829210041091,4
two_concepts,tiny_gmp,6031,centered_logit_fidelity,selected,0.08139591215616376,4
two_concepts,tiny_gmp,6031,prob_error_reduction,selected,0.7028296029893681,4
two_concepts,tiny_gmp,6032,centered_logit_fidelity,selected,0.08685082955330391,4
two_concepts,tiny_gmp,6032,prob_error_reduction,selected,0.6883986052707769,4
two_concepts,tiny_gmp,6033,centered_logit_fidelity,selected,0.19547107617803888,4
two_concepts,tiny_gmp,6033,prob_error_reduction,selected,0.7560547708999366,4
two_concepts,tiny_gmp,6034,centered_logit_fidelity,selected,0.1531066232167881,4
two_concepts,tiny_gmp,6034,prob_error_reduction,selected,0.8429079962079413,4
two_concepts,tiny_gmp,6035,centered_logit_fidelity,selected,0.06809408832729517,4
two_concepts,tiny_gmp,6035,prob_error_reduction,selected,0.7203240214148536,4
two_concepts,tiny_gmp,6036,centered_logit_fidelity,selected,0.10781426787339424,4
two_concepts,tiny_gmp,6036,prob_error_reduction,selected,0.7198986106668599,4
two_concepts,tiny_gmp,6037,centered_logit_fidelity,selected,0.1410528066338254,4
two_concepts,tiny_gmp,6037,prob_error_reduction,selected,0.8201592164696194,4
two_concepts,tiny_gmp,6038,centered_logit_fidelity,selected,0.09767679488716553,4
two_concepts,tiny_gmp,6038,prob_error_reduction,selected,0.6979230425786227,4
two_concepts,tiny_gmp,6039,centered_logit_fidelity,selected,0.16660226645817405,4
two_concepts,tiny_gmp,6039,prob_error_reduction,selected,0.8644447736442089,4
two_concepts,tiny_gmp,6040,centered_logit_fidelity,selected,0.12198852440801314,4
two_concepts,tiny_gmp,6040,prob_error_reduction,selected,0.7911965918028727,4
two_concepts,tiny_gmp,6041,centered_logit_fidelity,selected,0.1544225301605208,4
two_concepts,tiny_gmp,6041,prob_error_reduction,selected,0.821721430926118,4
two_concepts,tiny_gmp,6042,centered_logit_fidelity,selected,0.20294645294828828,4
two_concepts,tiny_gmp,6042,prob_error_reduction,selected,0.9180918303318322,4
two_concepts,tiny_gmp,6043,centered_logit_fidelity,selected,0.1924563899022188,4
two_concepts,tiny_gmp,6043,prob_error_reduction,selected,0.8989999088225886,4
two_concepts,tiny_gmp,6044,centered_logit_fidelity,selected,0.20176517544021474,4
two_concepts,tiny_gmp,6044,prob_error_reduction,selected,0.9691171000449685,4
two_concepts,tiny_gmp,6045,centered_logit_fidelity,selected,0.18968891426094936,4
two_concepts,tiny_gmp,6045,prob_error_reduction,selected,0.9146219793474302,4
two_concepts,tiny_gmp,6046,centered_logit_fidelity,selected,0.13162756153618255,4
two_concepts,tiny_gmp,6046,prob_error_reduction,selected,0.840296662208857,4
two_concepts,tiny_gmp,6047,centered_logit_fidelity,selected,0.12766497340009336,4
two_concepts,tiny_gmp,6047,prob_error_reduction,selected,0.9009456209023483,4
two_concepts,tiny_gmp,6048,centered_logit_fidelity,selected,0.27620604534454246,4
two_concepts,tiny_gmp,6048,prob_error_reduction,selected,0.994424844684545,4
two_concepts,tiny_gmp,6049,centered_logit_fidelity,selected,0.14100925181353485,4
two_concepts,tiny_gmp,6049,prob_error_reduction,selected,0.9298716345510911,4
two_concepts,tiny_gmp,6050,centered_logit_fidelity,selected,0.14462595089420666,4
two_concepts,tiny_gmp,6050,prob_error_reduction,selected,0.9096003271006339,4
two_concepts,tiny_gmp,6051,centered_logit_fidelity,selected,0.20355528599211703,4
two_concepts,tiny_gmp,6051,prob_error_reduction,selected,0.9636075508315116,4
two_concepts,tiny_gmp,6052,centered_logit_fidelity,selected,0.06862512857530359,4
two_concepts,tiny_gmp,6052,prob_error_reduction,selected,0.7534965813392773,4
two_concepts,tiny_gmp,6053,centered_logit_fidelity,selected,0.16534086299215894,4
two_concepts,tiny_gmp,6053,prob_error_reduction,selected,0.761706089193467,4
two_concepts,tiny_gmp,6054,centered_logit_fidelity,selected,0.05891924296162998,4
two_concepts,tiny_gmp,6054,prob_error_reduction,selected,0.7875195847809664,4
two_concepts,tiny_gmp,6055,centered_logit_fidelity,selected,0.16497411376365845,4
two_concepts,tiny_gmp,6055,prob_error_reduction,selected,0.913809786496131,4
two_concepts,tiny_gmp,6056,centered_logit_fidelity,selected,0.07998938256370208,4
two_concepts,tiny_gmp,6056,prob_error_reduction,selected,0.7564054062822834,4
two_concepts,tiny_gmp,6057,centered_logit_fidelity,selected,0.030779515968824472,4
two_concepts,tiny_gmp,6057,prob_error_reduction,selected,0.6517773003433831,4
two_concepts,tiny_gmp,6058,centered_logit_fidelity,selected,0.08327083670597334,4
two_concepts,tiny_gmp,6058,prob_error_reduction,selected,0.7495707728667185,4
two_concepts,tiny_gmp,6059,centered_logit_fidelity,selected,0.26713684430645407,4
two_concepts,tiny_gmp,6059,prob_error_reduction,selected,0.986043825338129,4
two_concepts,tiny_gmp,6060,centered_logit_fidelity,selected,0.20138327983217383,4
two_concepts,tiny_gmp,6060,prob_error_reduction,selected,0.9627471847925335,4
two_concepts,tiny_gmp,6061,centered_logit_fidelity,selected,0.12577654244886372,4
two_concepts,tiny_gmp,6061,prob_error_reduction,selected,0.8060807632864453,4
two_concepts,tiny_gmp,6062,centered_logit_fidelity,selected,0.17897681724339817,4
two_concepts,tiny_gmp,6062,prob_error_reduction,selected,0.8571769896952901,4
two_concepts,tiny_gmp,6063,centered_logit_fidelity,selected,0.1629463064593571,4
two_concepts,tiny_gmp,6063,prob_error_reduction,selected,0.7558469768555369,4
two_concepts,tiny_gmp,6064,centered_logit_fidelity,selected,0.15678420075110716,4
two_concepts,tiny_gmp,6064,prob_error_reduction,selected,0.81619228827185,4
two_concepts,tiny_gmp,6065,centered_logit_fidelity,selected,0.11770441700224034,4
two_concepts,tiny_gmp,6065,prob_error_reduction,selected,0.770772407122422,4
two_concepts,tiny_gmp,6066,centered_logit_fidelity,selected,0.20976350701800825,4
two_concepts,tiny_gmp,6066,prob_error_reduction,selected,0.9538868422387168,4
two_concepts,tiny_gmp,6067,centered_logit_fidelity,selected,0.11042501829114665,4
two_concepts,tiny_gmp,6067,prob_error_reduction,selected,0.8275026777846506,4
two_concepts,tiny_gmp,6068,centered_logit_fidelity,selected,0.11073100354717988,4
two_concepts,tiny_gmp,6068,prob_error_reduction,selected,0.7496556680416688,4
two_concepts,tiny_gmp,6069,centered_logit_fidelity,selected,0.12962058555910314,4
two_concepts,tiny_gmp,6069,prob_error_reduction,selected,0.7917349511844805,4
two_concepts,tiny_gmp,6070,centered_logit_fidelity,selected,0.12433812404894193,4
two_concepts,tiny_gmp,6070,prob_error_reduction,selected,0.8607677542604506,4
two_concepts,tiny_gmp,6071,centered_logit_fidelity,selected,0.09110003616779674,4
two_concepts,tiny_gmp,6071,prob_error_reduction,selected,0.7030472271726467,4
two_concepts,tiny_gmp,6072,centered_logit_fidelity,selected,0.06971364114060426,4
two_concepts,tiny_gmp,6072,prob_error_reduction,selected,0.6177234440110624,4
two_concepts,tiny_gmp,6073,centered_logit_fidelity,selected,0.12180374402766533,4
two_concepts,tiny_gmp,6073,prob_error_reduction,selected,0.7871137252659537,4
two_concepts,tiny_gmp,6074,centered_logit_fidelity,selected,0.13054759446979725,4
two_concepts,tiny_gmp,6074,prob_error_reduction,selected,0.7774795116274618,4
two_concepts,tiny_gmp,6075,centered_logit_fidelity,selected,0.17978324281110075,4
two_concepts,tiny_gmp,6075,prob_error_reduction,selected,0.9545598313561641,4
two_concepts,tiny_gmp,6076,centered_logit_fidelity,selected,0.07406972163495333,4
two_concepts,tiny_gmp,6076,prob_error_reduction,selected,0.6210519992164336,4
two_concepts,tiny_gmp,6077,centered_logit_fidelity,selected,0.0987703040034786,4
two_concepts,tiny_gmp,6077,prob_error_reduction,selected,0.7639102780376561,4
two_concepts,tiny_gmp,6078,centered_logit_fidelity,selected,0.19814968627103258,4
two_concepts,tiny_gmp,6078,prob_error_reduction,selected,0.9064764022696181,4
two_concepts,tiny_gmp,6079,centered_logit_fidelity,selected,0.05488302965016978,4
two_concepts,tiny_gmp,6079,prob_error_reduction,selected,0.6361345765762962,4
two_concepts,tiny_gmp,6080,centered_logit_fidelity,selected,0.10277946860370188,4
two_concepts,tiny_gmp,6080,prob_error_reduction,selected,0.7732648947276175,4
two_concepts,tiny_gmp,6081,centered_logit_fidelity,selected,0.17997328381242828,4
two_concepts,tiny_gmp,6081,prob_error_reduction,selected,0.9389415192708839,4
two_concepts,tiny_gmp,6082,centered_logit_fidelity,selected,0.12500269279494045,4
two_concepts,tiny_gmp,6082,prob_error_reduction,selected,0.8082970587711316,4
two_concepts,tiny_gmp,6083,centered_logit_fidelity,selected,0.17653158636392613,4
two_concepts,tiny_gmp,6083,prob_error_reduction,selected,0.8981423432414886,4
two_concepts,tiny_gmp,6084,centered_logit_fidelity,selected,0.15330766049090033,4
two_concepts,tiny_gmp,6084,prob_error_reduction,selected,0.9139237903873436,4
two_concepts,tiny_gmp,6085,centered_logit_fidelity,selected,0.15056201500544036,4
two_concepts,tiny_gmp,6085,prob_error_reduction,selected,0.8365613823989406,4
two_concepts,tiny_gmp,6086,centered_logit_fidelity,selected,0.05244790832972401,4
two_concepts,tiny_gmp,6086,prob_error_reduction,selected,0.7010463005281053,4
two_concepts,tiny_gmp,6087,centered_logit_fidelity,selected,-0.007943405642957646,4
two_concepts,tiny_gmp,6087,prob_error_reduction,selected,0.6021506074757781,4
two_concepts,tiny_gmp,6088,centered_logit_fidelity,selected,0.12727054834759033,4
two_concepts,tiny_gmp,6088,prob_error_reduction,selected,0.7973211847711354,4
two_concepts,tiny_gmp,6089,centered_logit_fidelity,selected,0.14150658911761405,4
two_concepts,tiny_gmp,6089,prob_error_reduction,selected,0.8667517113499343,4
two_concepts,tiny_gmp,6090,centered_logit_fidelity,selected,0.15776674637956783,4
two_concepts,tiny_gmp,6090,prob_error_reduction,selected,0.8383958968915977,4
two_concepts,tiny_gmp,6091,centered_logit_fidelity,selected,0.15078138531104524,4
two_concepts,tiny_gmp,6091,prob_error_reduction,selected,0.8235815328662284,4
two_concepts,tiny_gmp,6092,centered_logit_fidelity,selected,0.17325902972132395,4
two_concepts,tiny_gmp,6092,prob_error_reduction,selected,0.8233943104569335,4
two_concepts,tiny_gmp,6093,centered_logit_fidelity,selected,0.07986971074432343,4
two_concepts,tiny_gmp,6093,prob_error_reduction,selected,0.5936910912569147,4
two_concepts,tiny_gmp,6094,centered_logit_fidelity,selected,0.16098676606807522,4
two_concepts,tiny_gmp,6094,prob_error_reduction,selected,0.9252273418678669,4
two_concepts,tiny_gmp,6095,centered_logit_fidelity,selected,0.14151611299313477,4
two_concepts,tiny_gmp,6095,prob_error_reduction,selected,0.7488460621971171,4
two_concepts,tiny_gmp,6096,centered_logit_fidelity,selected,0.1714388564104608,4
two_concepts,tiny_gmp,6096,prob_error_reduction,selected,0.9307207747115172,4
two_concepts,tiny_gmp,6097,centered_logit_fidelity,selected,0.08966349865794572,4
two_concepts,tiny_gmp,6097,prob_error_reduction,selected,0.7226270824321546,4
two_concepts,tiny_gmp,6098,centered_logit_fidelity,selected,0.12288277611075342,4
two_concepts,tiny_gmp,6098,prob_error_reduction,selected,0.7361992141813971,4
two_concepts,tiny_gmp,6099,centered_logit_fidelity,selected,0.22404280759612807,4
two_concepts,tiny_gmp,6099,prob_error_reduction,selected,0.9261496032995638,4
