task,architecture,anchor_family,block,init_rep,treatment,anchor_rank,anchor_max_abs_row_mean,anchor_max_abs_row_norm_error,anchor_max_abs_gram_error_vs_structured,anchor_sha256
single_shape,plain2_w16_gap,pixel_permuted_template,7000,0,release_default,10,1.437226195394257e-09,1.219202161450994e-08,4.440892098500626e-16,30ac88d3d1079c3b8efad3744a4fba9ceff757eebb211b712300dbc10a5c0149
single_shape,plain2_w16_gap,pixel_permuted_template,7000,1,release_default,10,1.437226195394257e-09,1.2192021392465335e-08,4.440892098500626e-16,0b130a39f727ebb455c881ce59cb2f4330f42a5e6ab8398114070a72137a23b5
single_shape,plain2_w16_gap,pixel_permuted_template,7000,2,release_default,10,1.437226195394257e-09,1.2192021392465335e-08,4.440892098500626e-16,4aea3979a9346b06ee0824030ff242422fde5d7db45d330636041c657a5b194a
single_shape,plain2_w16_gap,pixel_permuted_template,7000,3,release_default,10,1.437226195394257e-09,1.219202161450994e-08,4.440892098500626e-16,240ec30b6e9e3083868fe15756abda4f53c475f842e76229045b14d17e421a8a
single_shape,plain2_w16_gap,pixel_permuted_template,7001,0,release_default,10,1.437226195394257e-09,1.219202161450994e-08,5.551115123125783e-16,ce51cd68cbf233b7353b983b16c7c3c3a602a4c01b90082d3c8a6a13be76ffa5
single_shape,plain2_w16_gap,pixel_permuted_template,7001,1,release_default,10,1.437226195394257e-09,1.2192021392465335e-08,4.440892098500626e-16,481657fd6e4eddc10fedc6350df39fa810cb5327e21b71689f076579f2fcf963
single_shape,plain2_w16_gap,pixel_permuted_template,7001,2,release_default,10,1.437226195394257e-09,1.2192021392465335e-08,3.3306690738754696e-16,e9bb1f3cd2904f2e626068abfc3ea35f5f7ee1832f88be66dc0965160eb3d10a
single_shape,plain2_w16_gap,pixel_permuted_template,7001,3,release_default,10,1.437226195394257e-09,1.2192021392465335e-08,5.551115123125783e-16,741b93957e3db66981218933c19cb297d9c95494a88fc5b7e8c9897eef72404c
single_shape,plain2_w16_gap,pixel_permuted_template,7002,0,release_default,10,1.437226195394257e-09,1.219202117042073e-08,4.440892098500626e-16,e477617d44b8fbcc0917ae2500ca79b83f9db83fd989a8e9a2ef9e846691e9bd
single_shape,plain2_w16_gap,pixel_permuted_template,7002,1,release_default,10,1.437226195394257e-09,1.219202161450994e-08,4.440892098500626e-16,09e1dde17e97b2768ce827e704b9964a1b8689842272ec40409955370eab5d28
single_shape,plain2_w16_gap,pixel_permuted_template,7002,2,release_default,10,1.437226195394257e-09,1.2192021392465335e-08,6.661338147750939e-16,5bf04ea8a2171bbe2ccec37c9568f48ef77b2a3845d3fb8d6af7d84e036bc4ed
single_shape,plain2_w16_gap,pixel_permuted_template,7002,3,release_default,10,1.437226195394257e-09,1.219202161450994e-08,4.440892098500626e-16,490236f8f807b2ca87971db3bf50dfb079b3315ddafb968908726da6a32729dc
single_shape,plain2_w16_gap,pixel_permuted_template,7003,0,release_default,10,1.437226195394257e-09,1.2192021392465335e-08,3.3306690738754696e-16,9d1621e93f9ce30e54db5920efd976fa7f3f41542bfe9da970893b076cd58ad8
single_shape,plain2_w16_gap,pixel_permuted_template,7003,1,release_default,10,1.437226195394257e-09,1.2192021392465335e-08,4.440892098500626e-16,4bed521e2f0e365b0ff719108a05ba9a5b65dcf8832f495737ac1f960dc98d56
single_shape,plain2_w16_gap,pixel_permuted_template,7003,2,release_default,10,1.437226195394257e-09,1.219202161450994e-08,5.551115123125783e-16,8ca061be878d0d68660b0eba2c0e1e15b8bfa42b2d3dbcf377ff2347f52118bc
single_shape,plain2_w16_gap,pixel_permuted_template,7003,3,release_default,10,1.437226195394257e-09,1.2192021392465335e-08,4.440892098500626e-16,22ffc70af0972c57493a482e3967442f6d8ea853179f3334c85b7d6e725ff60b
single_shape,plain2_w16_gap,pixel_permuted_template,7004,0,release_default,10,1.437226195394257e-09,1.2192021392465335e-08,4.440892098500626e-16,24ad6473461a4b07b552b9e94ff70cc8ec5e16871b4d7380a70fd4eccaaf0f5f
single_shape,plain2_w16_gap,pixel_permuted_template,7004,1,release_default,10,1.437226195394257e-09,1.219202161450994e-08,3.3306690738754696e-16,565a49a2c609acada191e57c155a063c0fb93d86ef8f9c76e12a024c60aafb68
single_shape,plain2_w16_gap,pixel_permuted_template,7004,2,release_default,10,1.437226195394257e-09,1.2192021392465335e-08,4.440892098500626e-16,d17a81c56e69e808ebcda0fd773981f90d39c9985e2a52588d6337a6dbf6f4c5
single_shape,plain2_w16_gap,pixel_permuted_template,7004,3,release_default,10,1.437226195394257e-09,1.2192021392465335e-08,4.440892098500626e-16,3967343fca79828cf8714876df5ba6f4f66820ded96e9696b22acd4205ff4cc2
single_shape,plain2_w16_gap,pixel_permuted_template,7005,0,release_default,10,1.437226195394257e-09,1.2192021392465335e-08,4.440892098500626e-16,8d66d61a4cb20dd7dfcd9d01ac94b34ff8ba7dc454c97eadc8f46264bd32dc9e
single_shape,plain2_w16_gap,pixel_permuted_template,7005,1,release_default,10,1.437226195394257e-09,1.2192021392465335e-08,4.440892098500626e-16,6a5e1a641aef04f63743b8613e62f586e190e3fbd71c7b5751c161f41cefa758
single_shape,plain2_w16_gap,pixel_permuted_template,7005,2,release_default,10,1.437226195394257e-09,1.2192021392465335e-08,4.440892098500626e-16,008e2c99c4aab6d1b39620fffe6a5ed6e9c63e957940fc5ad10928beb36652b5
single_shape,plain2_w16_gap,pixel_permuted_template,7005,3,release_default,10,1.437226195394257e-09,1.2192021392465335e-08,3.3306690738754696e-16,8125c95abd06d1b043ff24656e82d9e32307f044790acb96e5a3d31511b01432
single_shape,plain2_w16_gap,pixel_permuted_template,7006,0,release_default,10,1.437226195394257e-09,1.2192021392465335e-08,4.440892098500626e-16,77cfc07b8af0ab62eaacffb1d42ec3e418162762a14fb8d116572f06815ec71b
single_shape,plain2_w16_gap,pixel_permuted_template,7006,1,release_default,10,1.437226195394257e-09,1.219202161450994e-08,6.661338147750939e-16,19a0cad762c45a1f203a3828874f4f42c64a66c773914565fa6fceae98eed1ca
single_shape,plain2_w16_gap,pixel_permuted_template,7006,2,release_default,10,1.437226195394257e-09,1.2192021392465335e-08,4.440892098500626e-16,d988f3e58f7399a0162d8cfac319dac6ebbddfe6b8328a6e0565a9af65db9e5e
single_shape,plain2_w16_gap,pixel_permuted_template,7006,3,release_default,10,1.437226195394257e-09,1.2192021392465335e-08,3.3306690738754696e-16,f1f9fac25ab79e4d7b1c902eb20bbdb5cd2c60ac48d763003fff625d08b36e85
single_shape,plain2_w16_gap,pixel_permuted_template,7007,0,release_default,10,1.437226195394257e-09,1.2192021392465335e-08,4.440892098500626e-16,c3389e1775b86c44be11b75754c5e170bd3796a3e9c55c85e5aac8cf9a2bd1d3
single_shape,plain2_w16_gap,pixel_permuted_template,7007,1,release_default,10,1.437226195394257e-09,1.219202117042073e-08,4.440892098500626e-16,8e9309023202bddb0781ef260c979dc15064c3d595a5f38379e1d5af8c6617d7
single_shape,plain2_w16_gap,pixel_permuted_template,7007,2,release_default,10,1.437226195394257e-09,1.2192021392465335e-08,3.3306690738754696e-16,bc1ae63a473ddb98c2a3483e2f83cc959398c4c5f996444bb0c9c58f89610d07
single_shape,plain2_w16_gap,pixel_permuted_template,7007,3,release_default,10,1.437226195394257e-09,1.2192021392465335e-08,3.3306690738754696e-16,6d90d033200c3691a0940157449affe737151965c6066673f675d436673d4ead
single_shape,plain2_w16_gap,pixel_permuted_template,7008,0,release_default,10,1.437226195394257e-09,1.2192021392465335e-08,5.551115123125783e-16,024885514c9bd7314f2ec551d164b31c0d796d9c6694e8e0e47e25acef42a54e
single_shape,plain2_w16_gap,pixel_permuted_template,7008,1,release_default,10,1.437226195394257e-09,1.2192021392465335e-08,3.3306690738754696e-16,2a7502b714bdf96f27ca570fbde2c3c6204367cd1195b8d26194181a5885a3ea
single_shape,plain2_w16_gap,pixel_permuted_template,7008,2,release_default,10,1.437226195394257e-09,1.2192021392465335e-08,4.440892098500626e-16,b460579d8d84225141dc35b5673d4aa210c73b4213572ca0fb18b4462434ec0c
single_shape,plain2_w16_gap,pixel_permuted_template,7008,3,release_default,10,1.437226195394257e-09,1.219202161450994e-08,4.440892098500626e-16,d476ad4772266b9d19570b994b05d0cc5f7de0e4ab1f5a388ae0a4712c8b9d0e
single_shape,plain2_w16_gap,pixel_permuted_template,7009,0,release_default,10,1.437226195394257e-09,1.2192021392465335e-08,4.440892098500626e-16,c3a9fc4736878ce74f4e0c47f356f71ee8b6f19a2f920ed79dbe676e777ac559
single_shape,plain2_w16_gap,pixel_permuted_template,7009,1,release_default,10,1.437226195394257e-09,1.2192021392465335e-08,4.440892098500626e-16,f7c02882c41b7fb01f6761470b273a572f25a00ea8a5b7bb4686ec9e0ca52fac
single_shape,plain2_w16_gap,pixel_permuted_template,7009,2,release_default,10,1.437226195394257e-09,1.219202161450994e-08,6.661338147750939e-16,9742581b8666554c1b11f18617d68d39776e38d782b5c73b740e3d48a1c4a752
single_shape,plain2_w16_gap,pixel_permuted_template,7009,3,release_default,10,1.437226195394257e-09,1.2192021392465335e-08,4.440892098500626e-16,990a9f173006490369ab80063c3b36efaa8a897e1001f15d6339dac49b01557f
single_shape,plain2_w16_gap,pixel_permuted_template,7010,0,release_default,10,1.437226195394257e-09,1.2192021392465335e-08,6.661338147750939e-16,97679f557fae535f9c8f392aa0144e96933d95d03c23d74d306cc4b1d1c0b38f
single_shape,plain2_w16_gap,pixel_permuted_template,7010,1,release_default,10,1.437226195394257e-09,1.219202161450994e-08,4.440892098500626e-16,e10c3865bf3e3eb2450722c3db43ff5c482d2b7f09723d9275c588a24a5cf77e
single_shape,plain2_w16_gap,pixel_permuted_template,7010,2,release_default,10,1.437226195394257e-09,1.2192021392465335e-08,4.440892098500626e-16,411e7031ced14973cb5c8a68739781e33c3bc36585306891250cbf18ce2f8bab
single_shape,plain2_w16_gap,pixel_permuted_template,7010,3,release_default,10,1.437226195394257e-09,1.2192021392465335e-08,4.440892098500626e-16,eca6780bbfd874029663bb34a50b0300c84391ae67df907e6273a27681b16466
single_shape,plain2_w16_gap,pixel_permuted_template,7011,0,release_default,10,1.437226195394257e-09,1.2192021392465335e-08,4.440892098500626e-16,baa2cb68d1cbf7320588216eda12d13f583729a3d7669ee6210ae6c2f0aad6a0
single_shape,plain2_w16_gap,pixel_permuted_template,7011,1,release_default,10,1.437226195394257e-09,1.219202161450994e-08,5.551115123125783e-16,5a9a438c735378ef41f47a2d9eb6cdc7eea6b6aa97c7ee883c04922cb88d4e8d
single_shape,plain2_w16_gap,pixel_permuted_template,7011,2,release_default,10,1.437226195394257e-09,1.219202161450994e-08,4.440892098500626e-16,f7e7ebd27b43c2e4b4bc8974c017ca2bfe2c8fffb7434252797858c4ff520d5f
single_shape,plain2_w16_gap,pixel_permuted_template,7011,3,release_default,10,1.437226195394257e-09,1.2192021392465335e-08,4.440892098500626e-16,a4fda85a7f26ff3913682a1f2341c401344854a2e7e16f67ff3e02f2565e4855
single_shape,plain2_w16_gap,pixel_permuted_template,7012,0,release_default,10,1.437226195394257e-09,1.2192021392465335e-08,4.440892098500626e-16,a6a0d3b8c4524de4f3eed21cbae8a37609c73ae901eba606cc537b7251ab4df3
single_shape,plain2_w16_gap,pixel_permuted_template,7012,1,release_default,10,1.437226195394257e-09,1.2192021392465335e-08,4.440892098500626e-16,2bae5b97f8ccf858cadb0128f222f8b0b9d71c7a6d14eed9a2c6bbcb4f5888dd
single_shape,plain2_w16_gap,pixel_permuted_template,7012,2,release_default,10,1.437226195394257e-09,1.2192021392465335e-08,3.3306690738754696e-16,c7c1892f8dbdf0d09b9e7cf370cd85de3f6f8309baca7ad99e15d4dcd08b6ff7
single_shape,plain2_w16_gap,pixel_permuted_template,7012,3,release_default,10,1.437226195394257e-09,1.2192021392465335e-08,4.440892098500626e-16,3f048404d6226ef8c2f3f8b73ca8de87f706288632b633118b74534db140bf69
single_shape,plain2_w16_gap,pixel_permuted_template,7013,0,release_default,10,1.437226195394257e-09,1.219202161450994e-08,5.551115123125783e-16,27e9e65baded53751bac6076001c9e71c71b056ac3beebc5f162b35bee1d1f05
single_shape,plain2_w16_gap,pixel_permuted_template,7013,1,release_default,10,1.437226195394257e-09,1.2192021392465335e-08,2.7755575615628914e-16,3f757b29434b2a4293480e2de47bf590e6d4098a0fc5d7897fa2658bc6c7c6e1
single_shape,plain2_w16_gap,pixel_permuted_template,7013,2,release_default,10,1.437226195394257e-09,1.2192021392465335e-08,4.440892098500626e-16,63693e14f8ed6f0302414d535ab453f02feb5d8c9895a40a13c233e2f73dc30f
single_shape,plain2_w16_gap,pixel_permuted_template,7013,3,release_default,10,1.437226195394257e-09,1.2192021392465335e-08,4.440892098500626e-16,59381344bad692b2919dca06e970f5c25ec6c7e0f1afe4c6673d5db72376cc05
single_shape,plain2_w16_gap,pixel_permuted_template,7014,0,release_default,10,1.437226195394257e-09,1.2192021392465335e-08,4.440892098500626e-16,4583d9e9e019f8199d37ddc52a3ccacf86480022141a0cd0e03a0c2b416db90d
single_shape,plain2_w16_gap,pixel_permuted_template,7014,1,release_default,10,1.437226195394257e-09,1.2192021392465335e-08,4.440892098500626e-16,8b34b71bb46251e171fecd27fb1ba08c2e15aec2fa01ec861d86cfb6a44402e7
single_shape,plain2_w16_gap,pixel_permuted_template,7014,2,release_default,10,1.437226195394257e-09,1.219202161450994e-08,4.440892098500626e-16,2c78e005a188df8f3abab3abdc4e52d62b6f878499f4406e3c69ab8841bc28de
single_shape,plain2_w16_gap,pixel_permuted_template,7014,3,release_default,10,1.437226195394257e-09,1.2192021392465335e-08,4.440892098500626e-16,be8c39e9f0bc91d5a1b17907d02705a9c8a207cfe06cc587e1e63db30f5d169e
single_shape,plain2_w16_gap,pixel_permuted_template,7015,0,release_default,10,1.437226195394257e-09,1.2192021392465335e-08,4.440892098500626e-16,a169701a75bd18b9c0481fa1727b5fbe6b9b3783b861f2817662d1f522b414bc
single_shape,plain2_w16_gap,pixel_permuted_template,7015,1,release_default,10,1.437226195394257e-09,1.2192021392465335e-08,3.3306690738754696e-16,19c42e4e55ac33e5dd11935e8547914d5e720e7e3baa2e45152d7597426e6aa2
single_shape,plain2_w16_gap,pixel_permuted_template,7015,2,release_default,10,1.437226195394257e-09,1.2192021392465335e-08,3.3306690738754696e-16,2f06a2f0b9c5de95546e9ac6aae671a5e9e512b7ac5d1766ae7273e52cc11c39
single_shape,plain2_w16_gap,pixel_permuted_template,7015,3,release_default,10,1.437226195394257e-09,1.2192021392465335e-08,4.440892098500626e-16,81a9602f67032883b6caa78b9dde6a2b0ac5c77e7c7b9fc0b12ae30afff99c2e
single_shape,plain2_w16_gap,pixel_permuted_template,7016,0,release_default,10,1.437226195394257e-09,1.2192021392465335e-08,4.440892098500626e-16,ba77402ec3a0b97af966c81831981452e0df7b4173b6e582b965f04a3418e9aa
single_shape,plain2_w16_gap,pixel_permuted_template,7016,1,release_default,10,1.437226195394257e-09,1.2192021392465335e-08,4.440892098500626e-16,96e16a8e7be6ff8fd6ed4ed73ee5d226f0168e166d899b697b103a1ecfa7624c
single_shape,plain2_w16_gap,pixel_permuted_template,7016,2,release_default,10,1.437226195394257e-09,1.2192021392465335e-08,6.661338147750939e-16,f01c62d462d4277018ae37258d9e20bb86e6141bec8f0f19057637d3d651ebbb
single_shape,plain2_w16_gap,pixel_permuted_template,7016,3,release_default,10,1.437226195394257e-09,1.2192021392465335e-08,6.661338147750939e-16,3aa16385f82e5cf06aed8ac6c7dfea590b49a06b679cb1f2fd8c70da387f899a
single_shape,plain2_w16_gap,pixel_permuted_template,7017,0,release_default,10,1.437226195394257e-09,1.219202161450994e-08,4.440892098500626e-16,e02fae47ff19ecd5918be58c47491cdcaa340021fabb80646a77ec8ff818606f
single_shape,plain2_w16_gap,pixel_permuted_template,7017,1,release_default,10,1.437226195394257e-09,1.219202117042073e-08,4.440892098500626e-16,8e7750d6fc0f7af6f1001aad6051c9d37677e32bb14273a6acdb6420bc606e42
single_shape,plain2_w16_gap,pixel_permuted_template,7017,2,release_default,10,1.437226195394257e-09,1.2192021392465335e-08,4.440892098500626e-16,d58e0e7c8d842b6ed746e07d94731d7019682165730a9355766bb9a472ffcccc
single_shape,plain2_w16_gap,pixel_permuted_template,7017,3,release_default,10,1.437226195394257e-09,1.2192021392465335e-08,4.440892098500626e-16,161eac562bc96a92ae8c5f0fdc594b7e1f6af6c947432129f973bb01e0530d49
single_shape,plain2_w16_gap,pixel_permuted_template,7018,0,release_default,10,1.437226195394257e-09,1.2192021392465335e-08,4.440892098500626e-16,687c22c885baf695b542aab135348c871a116e9529ad55ec3988f5fdaf2c08f6
single_shape,plain2_w16_gap,pixel_permuted_template,7018,1,release_default,10,1.437226195394257e-09,1.2192021392465335e-08,4.440892098500626e-16,a96a5de6ad62a4d16f90284903cc02a668ccd40ae157a0a926cae78fe2812a28
single_shape,plain2_w16_gap,pixel_permuted_template,7018,2,release_default,10,1.437226195394257e-09,1.2192021392465335e-08,5.551115123125783e-16,2e1ddba95469035b6e662cb0b138f6ea35ea75cef1d338325be938b97827fc0d
single_shape,plain2_w16_gap,pixel_permuted_template,7018,3,release_default,10,1.437226195394257e-09,1.2192021392465335e-08,4.440892098500626e-16,9bf42ff02db3747999b464c5f5262d6f0c695da2a0740c17f3ff9d407357b6ad
single_shape,plain2_w16_gap,pixel_permuted_template,7019,0,release_default,10,1.437226195394257e-09,1.219202161450994e-08,4.440892098500626e-16,29814b21cf92ca7ae364103288055fec18853b474a5a1887e632289193615db5
single_shape,plain2_w16_gap,pixel_permuted_template,7019,1,release_default,10,1.437226195394257e-09,1.219202161450994e-08,4.440892098500626e-16,ed1c4ca2ad6eb7c5830d24a052914cb97cb2d32395224bf301e1681f9b89a1f0
single_shape,plain2_w16_gap,pixel_permuted_template,7019,2,release_default,10,1.437226195394257e-09,1.219202161450994e-08,3.3306690738754696e-16,c692f1f2b6ec3ace0812aba08c31da426faa145eac62d16f1dc3a034db272809
single_shape,plain2_w16_gap,pixel_permuted_template,7019,3,release_default,10,1.437226195394257e-09,1.2192021392465335e-08,3.3306690738754696e-16,ff550b38d500ace116761bfac9e25658000cbf82ca9c49bee41ee399be97eb9b
single_shape,plain2_w16_gap,pixel_permuted_template,7020,0,release_default,10,1.437226195394257e-09,1.2192021392465335e-08,4.440892098500626e-16,3282099b431c30cebb18eecc9606d1310a7780a51e4a59394a39b9e86d4e1aa5
single_shape,plain2_w16_gap,pixel_permuted_template,7020,1,release_default,10,1.437226195394257e-09,1.2192021392465335e-08,5.551115123125783e-16,168bf8420c0777ba1f2c78222bc5dbf6a178436204178fc7ddc171d687312b78
single_shape,plain2_w16_gap,pixel_permuted_template,7020,2,release_default,10,1.437226195394257e-09,1.219202161450994e-08,4.440892098500626e-16,8ac377cc7791ad85d964667f8904a4d975faac7852536becea3b79a1c1649aae
single_shape,plain2_w16_gap,pixel_permuted_template,7020,3,release_default,10,1.437226195394257e-09,1.2192021392465335e-08,4.440892098500626e-16,bce515ab417ce78123d0b7424d56c59e756e3f074c4dd78cc1ba2b28e9f2ef45
single_shape,plain2_w16_gap,pixel_permuted_template,7021,0,release_default,10,1.437226195394257e-09,1.219202161450994e-08,4.440892098500626e-16,9ed1132a918da4d887c594c2746959410ea0ce7c83283e19c7e26e9dad014d64
single_shape,plain2_w16_gap,pixel_permuted_template,7021,1,release_default,10,1.437226195394257e-09,1.219202161450994e-08,5.551115123125783e-16,3a39a0afe5f56ecb725b0a4a85c12d22930a838bafcb47784055abd2d6d7a934
single_shape,plain2_w16_gap,pixel_permuted_template,7021,2,release_default,10,1.437226195394257e-09,1.2192021392465335e-08,4.440892098500626e-16,112f78e5a5c01c202079bbaf7f5039f4966cf8e53cff7282b9aa1fd8ddd796f0
single_shape,plain2_w16_gap,pixel_permuted_template,7021,3,release_default,10,1.437226195394257e-09,1.219202161450994e-08,5.551115123125783e-16,560fb0899b27e9788b1441775dd92d02259d3bf1da2b7ee8ee99368083ed465d
single_shape,plain2_w16_gap,pixel_permuted_template,7022,0,release_default,10,1.437226195394257e-09,1.2192021392465335e-08,4.440892098500626e-16,70d296833a0da7a577630a2c16aed6283125408a2f1d83f0c022347e9a3a7a00
single_shape,plain2_w16_gap,pixel_permuted_template,7022,1,release_default,10,1.437226195394257e-09,1.2192021392465335e-08,6.661338147750939e-16,70ad282bc46bc28693f0b1d10a4d2560b3bcfd59e35d542aaf098cf7352843d0
single_shape,plain2_w16_gap,pixel_permuted_template,7022,2,release_default,10,1.437226195394257e-09,1.219202161450994e-08,4.440892098500626e-16,756609f882a6fbc7407a375547b2c8da3c5c6b0eaf0f4d8c63ed746185d2ddbe
single_shape,plain2_w16_gap,pixel_permuted_template,7022,3,release_default,10,1.437226195394257e-09,1.2192021392465335e-08,5.551115123125783e-16,5d680b33df54062328e57b386a14dedc1560408fcd8d54a4176eced51386d0a6
single_shape,plain2_w16_gap,pixel_permuted_template,7023,0,release_default,10,1.437226195394257e-09,1.2192021392465335e-08,3.3306690738754696e-16,67b5d710a87214332392a1f80499824e360175a832cc07238579a2d9534828b5
single_shape,plain2_w16_gap,pixel_permuted_template,7023,1,release_default,10,1.437226195394257e-09,1.2192021392465335e-08,4.440892098500626e-16,326299246910a1c6c7f2d98c55c6c3be2d57b6901d4a35203812229fab199d9a
single_shape,plain2_w16_gap,pixel_permuted_template,7023,2,release_default,10,1.437226195394257e-09,1.2192021392465335e-08,4.440892098500626e-16,cbd5ba26d5b087dbbfdc2ce6b68ed807f8e1c2507bb27e2c21e794408caf198a
single_shape,plain2_w16_gap,pixel_permuted_template,7023,3,release_default,10,1.437226195394257e-09,1.219202161450994e-08,4.440892098500626e-16,8be58df3cb4550bf199c9da13c97beae5afdc8e5e2ce4b05c80d468bb4948375
single_shape,plain2_w16_gap,pixel_permuted_template,7024,0,release_default,10,1.437226195394257e-09,1.2192021392465335e-08,4.440892098500626e-16,92378770d1c106b0464ea0e5c58243f9fcdec6512004b8be0993366ade1c2507
single_shape,plain2_w16_gap,pixel_permuted_template,7024,1,release_default,10,1.437226195394257e-09,1.2192021392465335e-08,6.661338147750939e-16,ab73afe35df0b9fef5102c10dd15b8e75fbc7d5467fdae5ffa9a8ba59943c33c
single_shape,plain2_w16_gap,pixel_permuted_template,7024,2,release_default,10,1.437226195394257e-09,1.219202161450994e-08,5.551115123125783e-16,5fb4e3eabc3f7c65092c9bf8a32652cdbfea698af33f68d4ca3355193a0c31c4
single_shape,plain2_w16_gap,pixel_permuted_template,7024,3,release_default,10,1.437226195394257e-09,1.2192021392465335e-08,4.440892098500626e-16,4ba3d661ecd79531791b41cd98a3bd9057b27270d552f854133e2467bbf31161
single_shape,plain2_w16_gap,pixel_permuted_template,7025,0,release_default,10,1.437226195394257e-09,1.2192021392465335e-08,6.661338147750939e-16,c3e5b8e325b9d677ae434f02c223585b28f0efcaf39fff8617a6bc1fb3b62eb6
single_shape,plain2_w16_gap,pixel_permuted_template,7025,1,release_default,10,1.437226195394257e-09,1.2192021392465335e-08,4.440892098500626e-16,1bb902d104a477ec0afb73d806976c0c4187f929b7c91210c95a6540bd0465ff
single_shape,plain2_w16_gap,pixel_permuted_template,7025,2,release_default,10,1.437226195394257e-09,1.2192021392465335e-08,4.440892098500626e-16,4da8b35b797e85d3ebd70700952578d8e0d0c788fc7909e2820df8fdc1fb9a73
single_shape,plain2_w16_gap,pixel_permuted_template,7025,3,release_default,10,1.437226195394257e-09,1.219202161450994e-08,4.440892098500626e-16,e5d758db06652a9a429d037b9341658b87c4819973fac19b1464df3020ec9e22
single_shape,plain2_w16_gap,pixel_permuted_template,7026,0,release_default,10,1.437226195394257e-09,1.2192021392465335e-08,4.440892098500626e-16,5b3e201b40157febf701f45595e8c6b46d3de7a73b9a7f10e32fc98a4d6706f2
single_shape,plain2_w16_gap,pixel_permuted_template,7026,1,release_default,10,1.437226195394257e-09,1.2192021392465335e-08,4.440892098500626e-16,bca25e348c2fcb5525c8332382a5594689b1f88e3369a759739ea0eec525e2fa
single_shape,plain2_w16_gap,pixel_permuted_template,7026,2,release_default,10,1.437226195394257e-09,1.2192021392465335e-08,4.440892098500626e-16,16a11a7fab7f6cb18a868a1e8d3080d410e108ba3454a25a481146db0410ce92
single_shape,plain2_w16_gap,pixel_permuted_template,7026,3,release_default,10,1.437226195394257e-09,1.219202161450994e-08,4.440892098500626e-16,81947cf290e1c5eed75906f7da44b8f8a6c00f9c107d74126397b73a5ad732e4
single_shape,plain2_w16_gap,pixel_permuted_template,7027,0,release_default,10,1.437226195394257e-09,1.2192021392465335e-08,6.661338147750939e-16,d4169a08a39828ac66c36e511ade41c6a170cde19e2043973adcb86068babe53
single_shape,plain2_w16_gap,pixel_permuted_template,7027,1,release_default,10,1.437226195394257e-09,1.2192021392465335e-08,5.551115123125783e-16,847e6659a6d04e0ce31c062ff3158003c10d6d5f32562b1a31e5cc505468eeaf
single_shape,plain2_w16_gap,pixel_permuted_template,7027,2,release_default,10,1.437226195394257e-09,1.2192021392465335e-08,4.440892098500626e-16,50840182478ec74023a93515e72344ee66a653911e81c8c303ebf2e36f7059ce
single_shape,plain2_w16_gap,pixel_permuted_template,7027,3,release_default,10,1.437226195394257e-09,1.219202161450994e-08,3.3306690738754696e-16,c1f00c6b5712849895e50f2be14e43d4376fce8630f390f689059e839dc4f5df
single_shape,plain2_w16_gap,pixel_permuted_template,7028,0,release_default,10,1.437226195394257e-09,1.2192021392465335e-08,5.551115123125783e-16,ec1ed2c5771dd8644863889803673111fd5713fb301fc05fc83ecb117bfc744b
single_shape,plain2_w16_gap,pixel_permuted_template,7028,1,release_default,10,1.437226195394257e-09,1.219202161450994e-08,5.551115123125783e-16,b6f37688e2e65f869bd850878b5bd8e3d90796f3d69240b67eacf675d6980bdc
single_shape,plain2_w16_gap,pixel_permuted_template,7028,2,release_default,10,1.437226195394257e-09,1.219202161450994e-08,4.440892098500626e-16,2dc36f7a6d7035cb6f1480ed7dadbb1fd77e38584ee91e9be9db299faa886cbf
single_shape,plain2_w16_gap,pixel_permuted_template,7028,3,release_default,10,1.437226195394257e-09,1.2192021392465335e-08,3.3306690738754696e-16,4cefcab307077ca1f4f5b77d7f7421680b4904d79509aedf7c009715f97b9cc2
single_shape,plain2_w16_gap,pixel_permuted_template,7029,0,release_default,10,1.437226195394257e-09,1.2192021392465335e-08,4.440892098500626e-16,b0f4ae9d9e017cfb8e3aa58c6ecc9ce5831a613426a4e5d7d59d89c62c3cd442
single_shape,plain2_w16_gap,pixel_permuted_template,7029,1,release_default,10,1.437226195394257e-09,1.2192021392465335e-08,5.551115123125783e-16,1fc5840c085e0df7c163e8d39eb645f110188dbf5511df21bf05afee0f4e0035
single_shape,plain2_w16_gap,pixel_permuted_template,7029,2,release_default,10,1.437226195394257e-09,1.2192021392465335e-08,5.551115123125783e-16,b17c160b69083f4e96381d19c05faf92a260ec1d85235ce6ab7b8ec577a2fd3c
single_shape,plain2_w16_gap,pixel_permuted_template,7029,3,release_default,10,1.437226195394257e-09,1.2192021392465335e-08,3.3306690738754696e-16,010b3c3b2f9fd27965232f4ef8e7c9171161468735a7c401dbe32c8e796968a0
single_shape,plain2_w16_gap,pixel_permuted_template,7030,0,release_default,10,1.437226195394257e-09,1.2192021392465335e-08,4.440892098500626e-16,1aef06225b4dfba8948f2bfab814d954234afe63262e968125af136d02cbfca6
single_shape,plain2_w16_gap,pixel_permuted_template,7030,1,release_default,10,1.437226195394257e-09,1.219202161450994e-08,4.440892098500626e-16,d84dae087a6a49d9c97393a6dbcf411c4b00b01fedc42bac095666769c089dde
single_shape,plain2_w16_gap,pixel_permuted_template,7030,2,release_default,10,1.437226195394257e-09,1.2192021392465335e-08,5.551115123125783e-16,ed01aabd7d37495510fb4d8db0e67adf82995134d0c1467d727f201b5432c5df
single_shape,plain2_w16_gap,pixel_permuted_template,7030,3,release_default,10,1.437226195394257e-09,1.2192021392465335e-08,4.440892098500626e-16,329cb96b3400e9bcf7601c5fbf7271cb895a59b756af19bc9143042bfe03a1d6
single_shape,plain2_w16_gap,pixel_permuted_template,7031,0,release_default,10,1.437226195394257e-09,1.219202161450994e-08,5.551115123125783e-16,0bc36ab641e885d81144dae2f56f73c119015610ae414dc376d6e364b02f4d81
single_shape,plain2_w16_gap,pixel_permuted_template,7031,1,release_default,10,1.437226195394257e-09,1.219202161450994e-08,4.440892098500626e-16,19108d7f995cc813a3d60576656ea4ddb48ea69839f7284c9dabe9095f5cd025
single_shape,plain2_w16_gap,pixel_permuted_template,7031,2,release_default,10,1.437226195394257e-09,1.219202117042073e-08,4.440892098500626e-16,471995c3e963677f9068c6d2274b53a120d9bf394251ab5dc7375465a23b6c25
single_shape,plain2_w16_gap,pixel_permuted_template,7031,3,release_default,10,1.437226195394257e-09,1.2192021392465335e-08,4.440892098500626e-16,06b457c4f06ac53bd7aba8f5e0d35f42744eda956dafebf908453110e66b854c
single_shape,plain2_w16_gap,pixel_permuted_template,7032,0,release_default,10,1.437226195394257e-09,1.219202117042073e-08,4.440892098500626e-16,567b0d055cb207f69e43bad29001092fed5d6a207d9a9606e8d0c4359b461954
single_shape,plain2_w16_gap,pixel_permuted_template,7032,1,release_default,10,1.437226195394257e-09,1.2192021392465335e-08,4.440892098500626e-16,df0b021b10ab32b88aefae7ced51aa6d8b960598e166054b3ab0ed0a321f61f2
single_shape,plain2_w16_gap,pixel_permuted_template,7032,2,release_default,10,1.437226195394257e-09,1.2192021392465335e-08,5.551115123125783e-16,5201c3b31c0d1e7d4e8302bbbd35edb30e96b343d69f328a3bbf922422cb0148
single_shape,plain2_w16_gap,pixel_permuted_template,7032,3,release_default,10,1.437226195394257e-09,1.219202161450994e-08,4.440892098500626e-16,039949bb3bdc9fce77984f6233e14d495197204b010542d742f08147664326fa
single_shape,plain2_w16_gap,pixel_permuted_template,7033,0,release_default,10,1.437226195394257e-09,1.2192021392465335e-08,4.440892098500626e-16,c7243d2c4a648e7db26fccc27a7250cd54105c6ebb77da6f38b20aa7c2b6b40d
single_shape,plain2_w16_gap,pixel_permuted_template,7033,1,release_default,10,1.437226195394257e-09,1.2192021392465335e-08,4.440892098500626e-16,925bd0c25df007ddb1c1994f39275ed111a3fe8575b1f3b7d7309f923c47d6d3
single_shape,plain2_w16_gap,pixel_permuted_template,7033,2,release_default,10,1.437226195394257e-09,1.219202161450994e-08,5.551115123125783e-16,ec9fe1ba8c97c2a93c96b118072c038ac042a3d60cc49ae56a23f57d6adc9408
single_shape,plain2_w16_gap,pixel_permuted_template,7033,3,release_default,10,1.437226195394257e-09,1.219202161450994e-08,4.440892098500626e-16,bd5f554f269055298c9b302af209f0ee90b2b572ebd8e38be22fb3c11df660a8
single_shape,plain2_w16_gap,pixel_permuted_template,7034,0,release_default,10,1.437226195394257e-09,1.2192021392465335e-08,4.440892098500626e-16,f124505927e63ef56de4941aa6782112d2a52d18b5795f818890678e58d62ca2
single_shape,plain2_w16_gap,pixel_permuted_template,7034,1,release_default,10,1.437226195394257e-09,1.2192021392465335e-08,4.440892098500626e-16,d31173a1443eaa900baefc65e0028cdb662865637d213b943583f8347d187852
single_shape,plain2_w16_gap,pixel_permuted_template,7034,2,release_default,10,1.437226195394257e-09,1.219202161450994e-08,3.3306690738754696e-16,6b8ffa5f75f6fc3859298bb682215965defc28b67f25b347f18a68129063b2be
single_shape,plain2_w16_gap,pixel_permuted_template,7034,3,release_default,10,1.437226195394257e-09,1.2192021392465335e-08,4.440892098500626e-16,38c53efd2fbc6e6bfea779e0d990c34c7957998f105e8d652b202d3411ecd85b
single_shape,plain2_w16_gap,pixel_permuted_template,7035,0,release_default,10,1.437226195394257e-09,1.2192021392465335e-08,4.440892098500626e-16,21b3dfdaab1f207c9c2c7c966be7c82d3c651a0af1fd9b67a30858e16d9c637a
single_shape,plain2_w16_gap,pixel_permuted_template,7035,1,release_default,10,1.437226195394257e-09,1.2192021392465335e-08,4.440892098500626e-16,683554bd20ff29f512e68aea60e6cd953d444e3e93408c24bc4f222a5abb9632
single_shape,plain2_w16_gap,pixel_permuted_template,7035,2,release_default,10,1.437226195394257e-09,1.2192021392465335e-08,4.440892098500626e-16,8b7eb63a6db100b10a02446ac02b32c793ff608796b45c6aed396ab5e4f2ea2c
single_shape,plain2_w16_gap,pixel_permuted_template,7035,3,release_default,10,1.437226195394257e-09,1.2192021392465335e-08,6.661338147750939e-16,3b4e9b11fe2e25a00cf8690ff341d32112d6443037cb90e5f17cb21243305fb2
single_shape,plain2_w16_gap,pixel_permuted_template,7036,0,release_default,10,1.437226195394257e-09,1.219202161450994e-08,6.661338147750939e-16,c3571a525c03d182c0c45acc0483d6cba7bda59b0b447d0889307881cb58ca6d
single_shape,plain2_w16_gap,pixel_permuted_template,7036,1,release_default,10,1.437226195394257e-09,1.219202161450994e-08,3.3306690738754696e-16,e37e68ec3fc4fb7a51cb6b8fabcd5d6f12f1dd3326539499f3c376e57c8a2efc
single_shape,plain2_w16_gap,pixel_permuted_template,7036,2,release_default,10,1.437226195394257e-09,1.219202161450994e-08,5.551115123125783e-16,f02e0028bf49295be234f7f0945a06087b3f27f88f43e5455a7c6cd72f2fdf0d
single_shape,plain2_w16_gap,pixel_permuted_template,7036,3,release_default,10,1.437226195394257e-09,1.2192021392465335e-08,4.440892098500626e-16,0b2934fdf63f0fc77aa564499990f2674cd68f3080f0500a97f677ad4216fbee
single_shape,plain2_w16_gap,pixel_permuted_template,7037,0,release_default,10,1.437226195394257e-09,1.2192021392465335e-08,4.440892098500626e-16,31eb815356d3f71b3aa28200448d86df9ad3d5ca57055c0ac270178da9958e4d
single_shape,plain2_w16_gap,pixel_permuted_template,7037,1,release_default,10,1.437226195394257e-09,1.219202161450994e-08,4.440892098500626e-16,791e5c99d71fa74a7e0a2bc3422371c8ed3f8947522922983e60801837605573
single_shape,plain2_w16_gap,pixel_permuted_template,7037,2,release_default,10,1.437226195394257e-09,1.2192021392465335e-08,3.3306690738754696e-16,ca3edbcfaab109dcacdf51b6a4fd3bef50858f9a7c2fe900f43eb35de7bb10e8
single_shape,plain2_w16_gap,pixel_permuted_template,7037,3,release_default,10,1.437226195394257e-09,1.2192021392465335e-08,4.440892098500626e-16,137bcbc59881cd203328d5bb6962d21ea53368173b892b393aed324735e8c8cf
single_shape,plain2_w16_gap,pixel_permuted_template,7038,0,release_default,10,1.437226195394257e-09,1.2192021392465335e-08,4.440892098500626e-16,e69491a7af97b4cd19a5b187cb3f3d7c4d4254a3b42ef4b6341d5f0210f26e27
single_shape,plain2_w16_gap,pixel_permuted_template,7038,1,release_default,10,1.437226195394257e-09,1.2192021392465335e-08,3.3306690738754696e-16,34235296b11e654a9434d850e62fef9d6e68beb33aa533252b52a734f18558e9
single_shape,plain2_w16_gap,pixel_permuted_template,7038,2,release_default,10,1.437226195394257e-09,1.2192021392465335e-08,3.3306690738754696e-16,ed912e39f50449045e9e6e02d63b12ca8bab12e5c2acb9421157d208bc08870f
single_shape,plain2_w16_gap,pixel_permuted_template,7038,3,release_default,10,1.437226195394257e-09,1.2192021392465335e-08,4.440892098500626e-16,62e567f71ed76b14a84be64a88ca3e05691d448d98e52338105a13c8a1b169ad
single_shape,plain2_w16_gap,pixel_permuted_template,7039,0,release_default,10,1.437226195394257e-09,1.2192021392465335e-08,3.3306690738754696e-16,279426ef86914b20b9bce6ad68364ccf0f725595bc09f99015cbd59cd4bef9c3
single_shape,plain2_w16_gap,pixel_permuted_template,7039,1,release_default,10,1.437226195394257e-09,1.219202161450994e-08,4.440892098500626e-16,959ce3a9b21e04597f61328f48f8b0998d46e45b9c4bf126d472dcd4dabaa096
single_shape,plain2_w16_gap,pixel_permuted_template,7039,2,release_default,10,1.437226195394257e-09,1.2192021392465335e-08,4.440892098500626e-16,610e70de9b9f22349d2f0a6fa9e3f8badb75b518ebc898e89eb194156b6e2878
single_shape,plain2_w16_gap,pixel_permuted_template,7039,3,release_default,10,1.437226195394257e-09,1.2192021392465335e-08,6.661338147750939e-16,4eac6d3be50ce71be2adc8360e714fe1de7ef1bab6e1a8543215fa66cf456432
single_shape,plain2_w16_gap,pixel_permuted_template,7040,0,release_default,10,1.437226195394257e-09,1.2192021392465335e-08,4.440892098500626e-16,29ff02cef3eef9b2b6735bf214900d80645c37af5cdc1146db6991347dfaaadc
single_shape,plain2_w16_gap,pixel_permuted_template,7040,1,release_default,10,1.437226195394257e-09,1.219202161450994e-08,3.3306690738754696e-16,93e548fa3498a8ba36733dd006fdc8ce06cddf9ec0ca29571f46a75034fd2267
single_shape,plain2_w16_gap,pixel_permuted_template,7040,2,release_default,10,1.437226195394257e-09,1.219202161450994e-08,3.3306690738754696e-16,1fdee7e21bb38d3f1bde57dbf54c0d9dacbb7752172de41445f053e87b61bff0
single_shape,plain2_w16_gap,pixel_permuted_template,7040,3,release_default,10,1.437226195394257e-09,1.2192021392465335e-08,4.440892098500626e-16,e243a85b1d6d87f12b3bea66307d64f1b0d3c9bf968ececfb0faa98483b6bb89
single_shape,plain2_w16_gap,pixel_permuted_template,7041,0,release_default,10,1.437226195394257e-09,1.2192021392465335e-08,4.440892098500626e-16,9d9e0fc7d970837be0f231416ac3d53768ef533344507352b4f9ed3a6d93c0c3
single_shape,plain2_w16_gap,pixel_permuted_template,7041,1,release_default,10,1.437226195394257e-09,1.2192021392465335e-08,4.440892098500626e-16,a6a8fac287d21c073bebae2e439edb4528d39e63f1ba34fd56eecc44f863d824
single_shape,plain2_w16_gap,pixel_permuted_template,7041,2,release_default,10,1.437226195394257e-09,1.2192021392465335e-08,6.661338147750939e-16,2a31f883ef382c2a05aef3edfc3146013abf96306045a798d68262c3e5d009e7
single_shape,plain2_w16_gap,pixel_permuted_template,7041,3,release_default,10,1.437226195394257e-09,1.2192021392465335e-08,6.661338147750939e-16,70abc6187badb71da8e526e5b8007a4d19648dca50167704af275204503712c9
single_shape,plain2_w16_gap,pixel_permuted_template,7042,0,release_default,10,1.437226195394257e-09,1.2192021392465335e-08,6.661338147750939e-16,0e9a99dab0a0a60e9d0e7048ce757be7b61b85415fa669e807bccd9d5802266a
single_shape,plain2_w16_gap,pixel_permuted_template,7042,1,release_default,10,1.437226195394257e-09,1.2192021392465335e-08,6.661338147750939e-16,80b00b44ce5c1b711cab3806903f3d0061a16ce184442fc60d9fda90eadddf96
single_shape,plain2_w16_gap,pixel_permuted_template,7042,2,release_default,10,1.437226195394257e-09,1.219202161450994e-08,6.661338147750939e-16,a383b3832d86aab8d5374051542484b3491fd899d2a2621d08a990d961c09b63
single_shape,plain2_w16_gap,pixel_permuted_template,7042,3,release_default,10,1.437226195394257e-09,1.219202161450994e-08,4.440892098500626e-16,030ed7d03785b3717610cf52a21c19feb4795f85036e713e9b6d7099ff899ca4
single_shape,plain2_w16_gap,pixel_permuted_template,7043,0,release_default,10,1.437226195394257e-09,1.2192021392465335e-08,4.440892098500626e-16,0c22ab8132c7edd72fee8ba3b33556929f15f060947e243c3ba92ecdb910d5a9
single_shape,plain2_w16_gap,pixel_permuted_template,7043,1,release_default,10,1.437226195394257e-09,1.2192021392465335e-08,4.440892098500626e-16,5b79df2c5e654035a98b9e37ee537e99bb3e4a86ef166a254bb15501c7be85c7
single_shape,plain2_w16_gap,pixel_permuted_template,7043,2,release_default,10,1.437226195394257e-09,1.2192021392465335e-08,4.440892098500626e-16,0f56eb34cd9094d083aaa26419a33d25e792d0817cf79061185ae3614256c2c7
single_shape,plain2_w16_gap,pixel_permuted_template,7043,3,release_default,10,1.437226195394257e-09,1.2192021392465335e-08,4.440892098500626e-16,9b089ed29122b998f93f9d0b8860fb19d8137f4c84c98c0dd48bb7e4bb2eb50c
single_shape,plain2_w16_gap,pixel_permuted_template,7044,0,release_default,10,1.437226195394257e-09,1.2192021392465335e-08,5.551115123125783e-16,157ee929edbe5c9615e2008680b8d6d6103f334ac6061367b7f62aa8a7a71c35
single_shape,plain2_w16_gap,pixel_permuted_template,7044,1,release_default,10,1.437226195394257e-09,1.2192021392465335e-08,4.440892098500626e-16,31a6bbf822b4c89a9e580a6b700e5023299f0818861ada92c5d7e99295f7b271
single_shape,plain2_w16_gap,pixel_permuted_template,7044,2,release_default,10,1.437226195394257e-09,1.2192021392465335e-08,4.440892098500626e-16,b70015a5b63729946924bb8c0455acb92162e588fcb050904ecfaf0c497e9f54
single_shape,plain2_w16_gap,pixel_permuted_template,7044,3,release_default,10,1.437226195394257e-09,1.2192021392465335e-08,3.3306690738754696e-16,dd5d665750c00be38bc89ae6d81256483bfcc235282154c2f8863f1e29e7993f
single_shape,plain2_w16_gap,pixel_permuted_template,7045,0,release_default,10,1.437226195394257e-09,1.219202161450994e-08,4.440892098500626e-16,fb9a93187de61bddf3bd62b86eaeea7cb2bd29122b8bb45d1c0f7284cf565621
single_shape,plain2_w16_gap,pixel_permuted_template,7045,1,release_default,10,1.437226195394257e-09,1.2192021392465335e-08,3.3306690738754696e-16,483d8b1a631f28d27c0b1cb8b12a65eb10b3f9c85bcf80cf252a4bf18a9bc766
single_shape,plain2_w16_gap,pixel_permuted_template,7045,2,release_default,10,1.437226195394257e-09,1.2192021392465335e-08,4.440892098500626e-16,2893f18ff48294d795399a5571bc5fe4cceecf6de7d3d65e630fa1b90ed05b0e
single_shape,plain2_w16_gap,pixel_permuted_template,7045,3,release_default,10,1.437226195394257e-09,1.2192021392465335e-08,5.551115123125783e-16,eeacfaaa66ac66ad867816eb00e5cc9991d89bd4645db39eab84cb5f437d1924
single_shape,plain2_w16_gap,pixel_permuted_template,7046,0,release_default,10,1.437226195394257e-09,1.219202161450994e-08,4.440892098500626e-16,43d07e5673a3d1ca61a680fb2c9241e7f54c4b151393b151e95ef34ed2e2f270
single_shape,plain2_w16_gap,pixel_permuted_template,7046,1,release_default,10,1.437226195394257e-09,1.2192021392465335e-08,4.440892098500626e-16,1f8e524fa2306b79064b1fb627d227f6ddc148cbd2f94e91f1ebeb2d7a2f4009
single_shape,plain2_w16_gap,pixel_permuted_template,7046,2,release_default,10,1.437226195394257e-09,1.2192021392465335e-08,4.440892098500626e-16,c8dc1405b9ace6192dc3070eadd7123b7ff8a543fef39fa48f61777da02adf07
single_shape,plain2_w16_gap,pixel_permuted_template,7046,3,release_default,10,1.437226195394257e-09,1.219202161450994e-08,4.440892098500626e-16,1879073d7298af65de1e63cd46f4887d0612b226e4a925f9c0c185be95a98963
single_shape,plain2_w16_gap,pixel_permuted_template,7047,0,release_default,10,1.437226195394257e-09,1.2192021392465335e-08,3.3306690738754696e-16,5f5c9b6e8f0bacd85e5825a1f10139016b4c2b63e8fa5a925ca5b64f34b92a75
single_shape,plain2_w16_gap,pixel_permuted_template,7047,1,release_default,10,1.437226195394257e-09,1.2192021392465335e-08,3.3306690738754696e-16,b4bd9593b8c4ae223efb144835c2833bc1d6b2882edc2716bda10884a1b684a1
single_shape,plain2_w16_gap,pixel_permuted_template,7047,2,release_default,10,1.437226195394257e-09,1.219202161450994e-08,3.3306690738754696e-16,5f7438941a6058c9a8240a43a749e076ed6958f8ece7f09a9277136db48e8f3d
single_shape,plain2_w16_gap,pixel_permuted_template,7047,3,release_default,10,1.437226195394257e-09,1.219202161450994e-08,5.551115123125783e-16,0b8e7e976e7952a1320b561c56d1b69ce9cde2732cbb554741eb3566bec2e0d9
single_shape,plain2_w16_gap,pixel_permuted_template,7048,0,release_default,10,1.437226195394257e-09,1.2192021392465335e-08,3.3306690738754696e-16,b3393549d28e31d33063b461706696a319cf5b81c7ef7aa1c2afc821f6847808
single_shape,plain2_w16_gap,pixel_permuted_template,7048,1,release_default,10,1.437226195394257e-09,1.2192021392465335e-08,5.551115123125783e-16,ebec2b00dca6aee512dbf73e629836b80ff0e252541d95c6176ec91d4332430e
single_shape,plain2_w16_gap,pixel_permuted_template,7048,2,release_default,10,1.437226195394257e-09,1.2192021392465335e-08,4.440892098500626e-16,2c36f75283610de4dec10c20a7222319c58b44354cfd67b61c15da4d233e320f
single_shape,plain2_w16_gap,pixel_permuted_template,7048,3,release_default,10,1.437226195394257e-09,1.219202117042073e-08,4.440892098500626e-16,0cf3770af9ea3fa672fde8a138622908823f1e17ab2d728d270ad73b60e34bb6
single_shape,plain2_w16_gap,pixel_permuted_template,7049,0,release_default,10,1.437226195394257e-09,1.219202117042073e-08,5.551115123125783e-16,146587e88ec2010631c1cea27f815e2a69d2d5de8587bb46725d9af22cab7d20
single_shape,plain2_w16_gap,pixel_permuted_template,7049,1,release_default,10,1.437226195394257e-09,1.219202161450994e-08,3.3306690738754696e-16,eaaca214dfed79cd6a6db21031f58fb1cb30177422ce807bd984ffd0ffe1def5
single_shape,plain2_w16_gap,pixel_permuted_template,7049,2,release_default,10,1.437226195394257e-09,1.2192021392465335e-08,4.440892098500626e-16,0a0cecb984eea0eb51e6428a45cc5fc4a4f2bfe758a58ca46b42b7195ffba6e7
single_shape,plain2_w16_gap,pixel_permuted_template,7049,3,release_default,10,1.437226195394257e-09,1.219202117042073e-08,5.551115123125783e-16,14d74166da4295a296c8abf42fba41c844309e4825c7033cd2f06e0eb20abb16
single_shape,plain2_w16_gap,pixel_permuted_template,7050,0,release_default,10,1.437226195394257e-09,1.2192021392465335e-08,4.440892098500626e-16,966151e6abafd2f5553de712afd808849b49b9be5af23b3808cad721982dcd0a
single_shape,plain2_w16_gap,pixel_permuted_template,7050,1,release_default,10,1.437226195394257e-09,1.2192021392465335e-08,4.440892098500626e-16,1a72a272ca8aec283d1b380bfada2c1791dd5b9e860613d059472b4365585953
single_shape,plain2_w16_gap,pixel_permuted_template,7050,2,release_default,10,1.437226195394257e-09,1.2192021392465335e-08,5.551115123125783e-16,6368c88a71c5874a792fb4d6e72b06ec80ed0dbe0c9980e46a6b912be6624f9a
single_shape,plain2_w16_gap,pixel_permuted_template,7050,3,release_default,10,1.437226195394257e-09,1.2192021392465335e-08,3.3306690738754696e-16,e7976d00b7c15a80831eda6de853f34e9dbf7d84bcaa334cbc1a0b7d79e36d20
single_shape,plain2_w16_gap,pixel_permuted_template,7051,0,release_default,10,1.437226195394257e-09,1.2192021392465335e-08,4.440892098500626e-16,e3ae3c793b83e8524a9a3f71562636eb4813c655d66d0bf14c3b3a782876d6e6
single_shape,plain2_w16_gap,pixel_permuted_template,7051,1,release_default,10,1.437226195394257e-09,1.2192021392465335e-08,5.551115123125783e-16,b9d4606c2a5c16afabed1fc0b10e6c0459042e01094506dfa4bd2b3c05047921
single_shape,plain2_w16_gap,pixel_permuted_template,7051,2,release_default,10,1.437226195394257e-09,1.2192021392465335e-08,4.440892098500626e-16,f0316019deb7e5a955467c6134734fad7a28d293855dde27e5006931fbe1260d
single_shape,plain2_w16_gap,pixel_permuted_template,7051,3,release_default,10,1.437226195394257e-09,1.2192021392465335e-08,4.440892098500626e-16,b0dd639674d3d33d17139561565ed3d8fb7ff61623c8c4521b05b485678c0268
single_shape,plain2_w16_gap,pixel_permuted_template,7052,0,release_default,10,1.437226195394257e-09,1.2192021392465335e-08,6.661338147750939e-16,ce00ca201b7cc3edb3a7e82fd15cf64d25450e0082434f2e74820c2b108847aa
single_shape,plain2_w16_gap,pixel_permuted_template,7052,1,release_default,10,1.437226195394257e-09,1.2192021392465335e-08,5.551115123125783e-16,697cb68f6f9c370ddfe4ab0be073ff96842b9df89efd1aaba309939411c39077
single_shape,plain2_w16_gap,pixel_permuted_template,7052,2,release_default,10,1.437226195394257e-09,1.2192021392465335e-08,4.440892098500626e-16,4a876354a6ad54922e15b4172b9715febb622a007679626219321bab8f1db332
single_shape,plain2_w16_gap,pixel_permuted_template,7052,3,release_default,10,1.437226195394257e-09,1.219202161450994e-08,4.440892098500626e-16,aa4ae44912e1bf6f951415aafdbb7d68bc7bbe6a525151a27a6f0d3b2014521a
single_shape,plain2_w16_gap,pixel_permuted_template,7053,0,release_default,10,1.437226195394257e-09,1.219202161450994e-08,4.440892098500626e-16,245ec61ae89c5239c18e481ca43338a79a1ff970f22bce6ef6ae708b9d8ade16
single_shape,plain2_w16_gap,pixel_permuted_template,7053,1,release_default,10,1.437226195394257e-09,1.2192021392465335e-08,4.440892098500626e-16,6981d519772e3e45a38f0693bac625b41c13eec5e4a7d63fb8fc3f9956a35488
single_shape,plain2_w16_gap,pixel_permuted_template,7053,2,release_default,10,1.437226195394257e-09,1.2192021392465335e-08,4.440892098500626e-16,abf7fc22f646158a03b9b674e8213e9d8344280e153bec0825b464b4da45099b
single_shape,plain2_w16_gap,pixel_permuted_template,7053,3,release_default,10,1.437226195394257e-09,1.2192021392465335e-08,5.551115123125783e-16,fc129458e361a5d1ecb906158c9c84f5c5d1af409ca0ddb20424837a57652188
single_shape,plain2_w16_gap,pixel_permuted_template,7054,0,release_default,10,1.437226195394257e-09,1.2192021392465335e-08,4.440892098500626e-16,bd416f4d278aad0c68278af864b69befce6a6db0c78977a0a8553164f541e4ad
single_shape,plain2_w16_gap,pixel_permuted_template,7054,1,release_default,10,1.437226195394257e-09,1.2192021392465335e-08,3.3306690738754696e-16,346b9d1a0e42fe68b996a2158a9adaf7b71a4a4e55704b97bd0745bc285afd22
single_shape,plain2_w16_gap,pixel_permuted_template,7054,2,release_default,10,1.437226195394257e-09,1.219202161450994e-08,3.3306690738754696e-16,350c53c7cd64634a36b941c829e03d29d951115cbe05f946099b9882fe169f5a
single_shape,plain2_w16_gap,pixel_permuted_template,7054,3,release_default,10,1.437226195394257e-09,1.219202161450994e-08,3.3306690738754696e-16,cadd26eb9cf0d70746c3cb5656ba5950904df9d336a320542d9b7385978f9714
single_shape,plain2_w16_gap,pixel_permuted_template,7055,0,release_default,10,1.437226195394257e-09,1.219202161450994e-08,5.551115123125783e-16,fddecc210a61f50daa13846ec42c2f7eefc8693c78881c119f882f4f27b95dda
single_shape,plain2_w16_gap,pixel_permuted_template,7055,1,release_default,10,1.437226195394257e-09,1.219202161450994e-08,4.440892098500626e-16,168516d739df48736ead4852c3d72921bd52ed4a9dee63be32d679982e780cf1
single_shape,plain2_w16_gap,pixel_permuted_template,7055,2,release_default,10,1.437226195394257e-09,1.219202161450994e-08,4.440892098500626e-16,1ba84b04bdffdcf0d228a634f1cb3cb6ed918f21b6d26e18340f74dbdbedae1e
single_shape,plain2_w16_gap,pixel_permuted_template,7055,3,release_default,10,1.437226195394257e-09,1.2192021392465335e-08,4.440892098500626e-16,0163dffa9cae15fbd4a80dbea10a87ce12de601750d460610fe59c522a747ce5
single_shape,plain2_w16_gap,pixel_permuted_template,7056,0,release_default,10,1.437226195394257e-09,1.219202161450994e-08,4.440892098500626e-16,b2bb915dbc1d237ab4a870846255dd714b28e9108ac0624c37d0e6e225196646
single_shape,plain2_w16_gap,pixel_permuted_template,7056,1,release_default,10,1.437226195394257e-09,1.219202161450994e-08,3.3306690738754696e-16,98ec25f21a96001669f352538ee9c9877caca19313afd165f820dd7069fc5b07
single_shape,plain2_w16_gap,pixel_permuted_template,7056,2,release_default,10,1.437226195394257e-09,1.2192021392465335e-08,4.440892098500626e-16,9aa22687a34b1a5efe675d3badbdc5bd0cc3204fd393fad4747a264ad5b00eda
single_shape,plain2_w16_gap,pixel_permuted_template,7056,3,release_default,10,1.437226195394257e-09,1.2192021392465335e-08,6.661338147750939e-16,cfe231cf3ed81f3e3da5230ca472b93496159f919825e7b296f7640a4204dae1
single_shape,plain2_w16_gap,pixel_permuted_template,7057,0,release_default,10,1.437226195394257e-09,1.219202161450994e-08,4.440892098500626e-16,021b4ffd2144d0fb3b8b49fcdb859ea33d694f051e1dd6183003600f65336edb
single_shape,plain2_w16_gap,pixel_permuted_template,7057,1,release_default,10,1.437226195394257e-09,1.2192021392465335e-08,2.220446049250313e-16,437f7e9733b191926c4c211eb10845cd81f8000636575acbc564bc70aa521718
single_shape,plain2_w16_gap,pixel_permuted_template,7057,2,release_default,10,1.437226195394257e-09,1.2192021392465335e-08,6.661338147750939e-16,572021e42a0cb3512bbfa6f53249618c95b9af55e24c4d5b01c043169ebb7a91
single_shape,plain2_w16_gap,pixel_permuted_template,7057,3,release_default,10,1.437226195394257e-09,1.2192021392465335e-08,4.440892098500626e-16,0bdfe88f0533dd3baf5fb9299e9f95111c15ae88ececce5a3a0bb9f463a7d790
single_shape,plain2_w16_gap,pixel_permuted_template,7058,0,release_default,10,1.437226195394257e-09,1.2192021392465335e-08,4.440892098500626e-16,733901b4eabc61f346cc9892a2363d3a21d30698327356c818f8d7db899dfd35
single_shape,plain2_w16_gap,pixel_permuted_template,7058,1,release_default,10,1.437226195394257e-09,1.2192021392465335e-08,3.3306690738754696e-16,c76b0bdb8ae0c6eb1fd29f41d14c769ffc18325b7fa56810b4915be72846a5f2
single_shape,plain2_w16_gap,pixel_permuted_template,7058,2,release_default,10,1.437226195394257e-09,1.2192021392465335e-08,4.440892098500626e-16,a99a806bd926ecb0f12add65d59984bc7dc85fe04a2d0e69a29858ec773f3f12
single_shape,plain2_w16_gap,pixel_permuted_template,7058,3,release_default,10,1.437226195394257e-09,1.219202161450994e-08,4.440892098500626e-16,6280c2a6a860c38e5004ceec4ab38f5091cb4e29efc41eb9103c2c92336efc81
single_shape,plain2_w16_gap,pixel_permuted_template,7059,0,release_default,10,1.437226195394257e-09,1.219202161450994e-08,5.551115123125783e-16,8d042146192d8a371528c7af6a6cc21bbb4c78a3ddc99da9937af57e1f67612f
single_shape,plain2_w16_gap,pixel_permuted_template,7059,1,release_default,10,1.437226195394257e-09,1.219202161450994e-08,4.440892098500626e-16,5ea2af38b91f41d6840f3371c918185798f0e210b6f623a561f2baac4c11bcdc
single_shape,plain2_w16_gap,pixel_permuted_template,7059,2,release_default,10,1.437226195394257e-09,1.2192021392465335e-08,4.440892098500626e-16,f053a777d8d4dfbb2b8c46d2a215fc5693827c7d0fc274c9af2a98ffe0a8af3b
single_shape,plain2_w16_gap,pixel_permuted_template,7059,3,release_default,10,1.437226195394257e-09,1.2192021392465335e-08,6.661338147750939e-16,cfe30f6af6db66a818335f5cbc8e7f7a274fdd885cb3fe03a3b85003246dd84b
single_shape,plain2_w16_gap,pixel_permuted_template,7060,0,release_default,10,1.437226195394257e-09,1.2192021392465335e-08,5.551115123125783e-16,2e029825565c12a9556c3ae030e98a6c82a3729a27d712c9e0c60fd390249329
single_shape,plain2_w16_gap,pixel_permuted_template,7060,1,release_default,10,1.437226195394257e-09,1.2192021392465335e-08,4.440892098500626e-16,0e017aa11a11b90feda8426c62b638f5a01753a59a78a6015df6227a00177250
single_shape,plain2_w16_gap,pixel_permuted_template,7060,2,release_default,10,1.437226195394257e-09,1.2192021392465335e-08,4.440892098500626e-16,9aac42caab087e142b43835a7bb83cf83c4c42dbb1645e784c59c012604d8cc1
single_shape,plain2_w16_gap,pixel_permuted_template,7060,3,release_default,10,1.437226195394257e-09,1.2192021392465335e-08,4.440892098500626e-16,daf82b8a82351de4e3efd9ea23de937c64ce5309439dce2a866faa7b22ea38e9
single_shape,plain2_w16_gap,pixel_permuted_template,7061,0,release_default,10,1.437226195394257e-09,1.2192021392465335e-08,4.440892098500626e-16,93e0df0d6a011de4208f7331ef13acb1673ed8f4440459dd27360ffc62091e76
single_shape,plain2_w16_gap,pixel_permuted_template,7061,1,release_default,10,1.437226195394257e-09,1.219202161450994e-08,4.440892098500626e-16,7ee5581e57d06002d74a7d8603a832aebf3d3a0c1d4596ae28eefd9d69414137
single_shape,plain2_w16_gap,pixel_permuted_template,7061,2,release_default,10,1.437226195394257e-09,1.2192021392465335e-08,4.440892098500626e-16,25aa441de0c53b7252c96e0bded0be26aafcd343a4209614e3ae55be2e24e5e4
single_shape,plain2_w16_gap,pixel_permuted_template,7061,3,release_default,10,1.437226195394257e-09,1.2192021392465335e-08,5.551115123125783e-16,423c488945782b4e0d88b40c6dbfe633f640f878e68766a81cdb9db57315f574
single_shape,plain2_w16_gap,pixel_permuted_template,7062,0,release_default,10,1.437226195394257e-09,1.219202161450994e-08,4.440892098500626e-16,ce32333dee3e5b57b7891ca09af3885ac7cc3b3978076696beea02ee4ae97d3f
single_shape,plain2_w16_gap,pixel_permuted_template,7062,1,release_default,10,1.437226195394257e-09,1.2192021392465335e-08,4.440892098500626e-16,ca07ac8d6f37577693a78ef4028167b5dacce564eb7d1534863b965bc06f5f7e
single_shape,plain2_w16_gap,pixel_permuted_template,7062,2,release_default,10,1.437226195394257e-09,1.2192021392465335e-08,3.3306690738754696e-16,f16196218aee78679264f11878e8746f37774e0e9d993287debaef0e2b2c79fd
single_shape,plain2_w16_gap,pixel_permuted_template,7062,3,release_default,10,1.437226195394257e-09,1.2192021392465335e-08,4.440892098500626e-16,237b8d67f8815f51f72242b3d88cebfdd53f55ce7c459717b35edaf7a17d24b0
single_shape,plain2_w16_gap,pixel_permuted_template,7063,0,release_default,10,1.437226195394257e-09,1.2192021392465335e-08,4.440892098500626e-16,eb84065d29ec293fbbcd9f1e2e3367ab2dc69f901df2e04934cc85773f449743
single_shape,plain2_w16_gap,pixel_permuted_template,7063,1,release_default,10,1.437226195394257e-09,1.219202161450994e-08,4.440892098500626e-16,9ea7813cf069963ec5966ecb5108bbfb68ddad264ef5fd001c2a5d509825f960
single_shape,plain2_w16_gap,pixel_permuted_template,7063,2,release_default,10,1.437226195394257e-09,1.219202161450994e-08,3.3306690738754696e-16,52b66c36dbca3a5c558ef0075c800e4ae2009f1b967a32eaf3ecf96e242f4eff
single_shape,plain2_w16_gap,pixel_permuted_template,7063,3,release_default,10,1.437226195394257e-09,1.219202161450994e-08,6.661338147750939e-16,aac322f2256e77a67430bfc7171d92a40bafcb2a574b04b5b5fe06ace9214a2a
single_shape,plain2_w16_gap,pixel_permuted_template,7064,0,release_default,10,1.437226195394257e-09,1.219202117042073e-08,4.440892098500626e-16,0e04f71eb0aee7466ac97f76b5f93c7b12d60886c3f4753bd34358414e9091a2
single_shape,plain2_w16_gap,pixel_permuted_template,7064,1,release_default,10,1.437226195394257e-09,1.2192021392465335e-08,4.440892098500626e-16,98882715edb7873d103b80053a4142d0f25f34bd88b24bfce73d5d4a69af8726
single_shape,plain2_w16_gap,pixel_permuted_template,7064,2,release_default,10,1.437226195394257e-09,1.2192021392465335e-08,3.3306690738754696e-16,5df9a59872100f99c539efef8280c84e5c9f58e65b1ec3d73c7c7dc1cf029c62
single_shape,plain2_w16_gap,pixel_permuted_template,7064,3,release_default,10,1.437226195394257e-09,1.2192021392465335e-08,4.440892098500626e-16,51bc8176aceb82057135ab68598159f5394ce322cec52ace122bbdd3cde8a62e
single_shape,plain2_w16_gap,pixel_permuted_template,7065,0,release_default,10,1.437226195394257e-09,1.219202161450994e-08,5.551115123125783e-16,9f870ca56fab190f005e168bc75a3b3f98913326bcf57bb9cc0bc23b03ee846e
single_shape,plain2_w16_gap,pixel_permuted_template,7065,1,release_default,10,1.437226195394257e-09,1.2192021392465335e-08,6.661338147750939e-16,d02e2ec22567dff70f25a1ea0666baae2f827db9448a44380f65628c8e267169
single_shape,plain2_w16_gap,pixel_permuted_template,7065,2,release_default,10,1.437226195394257e-09,1.2192021392465335e-08,4.440892098500626e-16,b199aba424b318b4fe69d3750537a31a11e85d8ad8089bd0001d169d52119963
single_shape,plain2_w16_gap,pixel_permuted_template,7065,3,release_default,10,1.437226195394257e-09,1.2192021392465335e-08,4.440892098500626e-16,da9384cfd43f13220ef84c7b80184fe9761dc253b37048a590d292b3ce091a46
single_shape,plain2_w16_gap,pixel_permuted_template,7066,0,release_default,10,1.437226195394257e-09,1.2192021392465335e-08,4.440892098500626e-16,d6a6bdf21b9303b320fea64748fe5f7d8c5b1c6428bb3a4c51ee67dec1eaba3c
single_shape,plain2_w16_gap,pixel_permuted_template,7066,1,release_default,10,1.437226195394257e-09,1.2192021392465335e-08,4.440892098500626e-16,d03340efc0c18ac5522a213720122c42daca7a9f30b6760e3e709e17c37ea559
single_shape,plain2_w16_gap,pixel_permuted_template,7066,2,release_default,10,1.437226195394257e-09,1.2192021392465335e-08,6.661338147750939e-16,8f079fa2d1f2ff0e8005b80ee2b655e61cdb2d463e53fbec3feac3cbfa24841a
single_shape,plain2_w16_gap,pixel_permuted_template,7066,3,release_default,10,1.437226195394257e-09,1.2192021392465335e-08,5.551115123125783e-16,04d4e86726f9bfb2701704a06c35b9a9d5d11c4223905d437a80802208191238
single_shape,plain2_w16_gap,pixel_permuted_template,7067,0,release_default,10,1.437226195394257e-09,1.219202161450994e-08,3.3306690738754696e-16,62b7f38b7dde8bb17b2c6da36529cf2a10eb84c6a74e0989a22fbf32b9d5d088
single_shape,plain2_w16_gap,pixel_permuted_template,7067,1,release_default,10,1.437226195394257e-09,1.219202117042073e-08,4.440892098500626e-16,bea400fa33428c336df068ee98d29ac761ca2c760cc123026f8439282a1c025a
single_shape,plain2_w16_gap,pixel_permuted_template,7067,2,release_default,10,1.437226195394257e-09,1.2192021392465335e-08,4.440892098500626e-16,7d5eef7067ed712a54ef2b7f8d34fe6fb8c6f0eae32a959de74afa3d47f76f4d
single_shape,plain2_w16_gap,pixel_permuted_template,7067,3,release_default,10,1.437226195394257e-09,1.2192021392465335e-08,3.3306690738754696e-16,8111787e5d546f087f99f5d08b4599cf140c622b220f6f430dca4627feb2cdee
single_shape,plain2_w16_gap,pixel_permuted_template,7068,0,release_default,10,1.437226195394257e-09,1.219202161450994e-08,4.440892098500626e-16,48f98dc1edaaf2de7446e4e4fe88c5f0f53cf23d7a9042d719a9d6f9566d4b43
single_shape,plain2_w16_gap,pixel_permuted_template,7068,1,release_default,10,1.437226195394257e-09,1.2192021392465335e-08,4.440892098500626e-16,b338491c7a137edd7c99deba9a44920ba2d16a5e1e13d75ffc4f64e9798038a1
single_shape,plain2_w16_gap,pixel_permuted_template,7068,2,release_default,10,1.437226195394257e-09,1.219202161450994e-08,3.3306690738754696e-16,92043beb6b6a9901a9270cede64e8126180398b9047d72b7479ebf7ebf6f416a
single_shape,plain2_w16_gap,pixel_permuted_template,7068,3,release_default,10,1.437226195394257e-09,1.2192021392465335e-08,5.551115123125783e-16,e1542d2b2f5bdf1842cdced1bae6353d8c18be0d451a009d15bab7602a8555fd
single_shape,plain2_w16_gap,pixel_permuted_template,7069,0,release_default,10,1.437226195394257e-09,1.2192021392465335e-08,3.3306690738754696e-16,85a0468da7137ab47dae2db0016b799f34e0186b29020ff04476cb60d76d6f7a
single_shape,plain2_w16_gap,pixel_permuted_template,7069,1,release_default,10,1.437226195394257e-09,1.219202117042073e-08,5.551115123125783e-16,c6d9c09f753ee56b74af628b77392ba74f646368fefb0d7923f7491099976b86
single_shape,plain2_w16_gap,pixel_permuted_template,7069,2,release_default,10,1.437226195394257e-09,1.2192021392465335e-08,4.440892098500626e-16,c1e2676d758a26ba9f4bd21e21c3bf764f4e12cbbbe1d73a327d6a1743a3ea8a
single_shape,plain2_w16_gap,pixel_permuted_template,7069,3,release_default,10,1.437226195394257e-09,1.219202161450994e-08,4.440892098500626e-16,f9d1bb935a8839f9d59ab34ccaf2ab13e0fa02cb91c2be5425e6c5870e04b819
single_shape,plain2_w16_gap,pixel_permuted_template,7070,0,release_default,10,1.437226195394257e-09,1.219202161450994e-08,6.661338147750939e-16,8cf157200d6ade4f9cfde0476618ba6300921fc76e257a5a69b43d37bc107ff4
single_shape,plain2_w16_gap,pixel_permuted_template,7070,1,release_default,10,1.437226195394257e-09,1.219202161450994e-08,6.661338147750939e-16,103c994651e0d15c4c256297911580aad81060ad5a494910fce20a3ecc2bc583
single_shape,plain2_w16_gap,pixel_permuted_template,7070,2,release_default,10,1.437226195394257e-09,1.219202161450994e-08,4.440892098500626e-16,03e46ea9151ef314a403c6390e308d4f66eaba79ffab577443bd2cf9e43776c6
single_shape,plain2_w16_gap,pixel_permuted_template,7070,3,release_default,10,1.437226195394257e-09,1.2192021392465335e-08,4.440892098500626e-16,009251b606a6e61dc70999f9230255d40a41c4035df2ac36365691faefbc8270
single_shape,plain2_w16_gap,pixel_permuted_template,7071,0,release_default,10,1.437226195394257e-09,1.2192021392465335e-08,4.440892098500626e-16,aba6448cac31e6ec5f7fd34e005491e80faf326a0266c03659fc7fc8baffb8f4
single_shape,plain2_w16_gap,pixel_permuted_template,7071,1,release_default,10,1.437226195394257e-09,1.2192021392465335e-08,4.440892098500626e-16,0f1595464935fd552fa184b35e64190095843932ea5f61de97ac9e8cd343486c
single_shape,plain2_w16_gap,pixel_permuted_template,7071,2,release_default,10,1.437226195394257e-09,1.2192021392465335e-08,4.440892098500626e-16,e329fbd8525497ecbcaef5857aa0e07da98829f907cb04a7274383391b558638
single_shape,plain2_w16_gap,pixel_permuted_template,7071,3,release_default,10,1.437226195394257e-09,1.2192021392465335e-08,4.440892098500626e-16,e380b61d106081a48b091919f4d58052ec4faa63e0f6956b609ad9ed32b8729b
single_shape,plain2_w16_gap,pixel_permuted_template,7072,0,release_default,10,1.437226195394257e-09,1.2192021392465335e-08,4.440892098500626e-16,9f1981d48acba452162293cb8507f0f97408f6071218a440195b3c0f2cc6c6eb
single_shape,plain2_w16_gap,pixel_permuted_template,7072,1,release_default,10,1.437226195394257e-09,1.2192021392465335e-08,3.3306690738754696e-16,e10cb3c5a04566ac599e3b0c905ae71557cecc804afcf13d98943f5c90876516
single_shape,plain2_w16_gap,pixel_permuted_template,7072,2,release_default,10,1.437226195394257e-09,1.2192021392465335e-08,3.3306690738754696e-16,01cde2afbe16fc64969bdda839c7d45cf6bad900fe665c6e510c42847b576abd
single_shape,plain2_w16_gap,pixel_permuted_template,7072,3,release_default,10,1.437226195394257e-09,1.2192021392465335e-08,5.551115123125783e-16,f0cf3788111dbd21c1a2c85b47108dde948084029bc01062f2058c1ceb204a1c
single_shape,plain2_w16_gap,pixel_permuted_template,7073,0,release_default,10,1.437226195394257e-09,1.2192021392465335e-08,4.440892098500626e-16,1add70d862a8d06982f50c00a239eb97fd5daf04ddab4546fd5bfbe488797820
single_shape,plain2_w16_gap,pixel_permuted_template,7073,1,release_default,10,1.437226195394257e-09,1.219202161450994e-08,5.551115123125783e-16,4c6abbddbe238be771ec50c77b1dc0f5737bc821a29b23ecdfb2721a90ac20c9
single_shape,plain2_w16_gap,pixel_permuted_template,7073,2,release_default,10,1.437226195394257e-09,1.2192021392465335e-08,2.220446049250313e-16,d4a5ec3aa3853923f460c12a56e5347536f2db0ec9277399360ae248f6d9197f
single_shape,plain2_w16_gap,pixel_permuted_template,7073,3,release_default,10,1.437226195394257e-09,1.219202161450994e-08,4.440892098500626e-16,7dcc08862eec33e71294048baa66fd5a5d5f0dd3390e5d24bb823ae5488d8ac8
single_shape,plain2_w16_gap,pixel_permuted_template,7074,0,release_default,10,1.437226195394257e-09,1.2192021392465335e-08,3.3306690738754696e-16,d7059870363e958124c328f33e93fda00d3ff3e6c1c572ca17e34f8c036185f2
single_shape,plain2_w16_gap,pixel_permuted_template,7074,1,release_default,10,1.437226195394257e-09,1.219202161450994e-08,4.440892098500626e-16,47867ffe901c81a7c797c151c80cd2e3fa6ebc5388096db2f41db935ccee3853
single_shape,plain2_w16_gap,pixel_permuted_template,7074,2,release_default,10,1.437226195394257e-09,1.219202161450994e-08,3.3306690738754696e-16,d05b386ef7f27d7eb35816a1b23109c67e5407c292ff81439ee93595ad597fb5
single_shape,plain2_w16_gap,pixel_permuted_template,7074,3,release_default,10,1.437226195394257e-09,1.219202161450994e-08,4.440892098500626e-16,c2fbeb0a0563d279d047991012f4121f3d86bbf3103147ef32c7ae34a3cc1e92
single_shape,plain2_w16_gap,pixel_permuted_template,7075,0,release_default,10,1.437226195394257e-09,1.2192021392465335e-08,6.661338147750939e-16,3b926bfaade49728857dc6f30ffb573f694290dc81572e5712adb02e8068232a
single_shape,plain2_w16_gap,pixel_permuted_template,7075,1,release_default,10,1.437226195394257e-09,1.2192021392465335e-08,5.551115123125783e-16,8b6113cba946f8eb7f7dd38a9a487a7029f66b57ebe4f75072068724ec870983
single_shape,plain2_w16_gap,pixel_permuted_template,7075,2,release_default,10,1.437226195394257e-09,1.219202161450994e-08,4.440892098500626e-16,73be04032b05ad1a29bf270b73c77ceff5fad07c6624cf9e42828181848d0ddb
single_shape,plain2_w16_gap,pixel_permuted_template,7075,3,release_default,10,1.437226195394257e-09,1.219202161450994e-08,4.440892098500626e-16,fbcafbed8d2a07afda940384882c35f7aff2008902d85fc9405ee108ad7f727f
single_shape,plain2_w16_gap,pixel_permuted_template,7076,0,release_default,10,1.437226195394257e-09,1.219202161450994e-08,4.440892098500626e-16,bfbab96af41c95235f98a0fb8bb09535809dac461c0496c5c927e91c0a775e32
single_shape,plain2_w16_gap,pixel_permuted_template,7076,1,release_default,10,1.437226195394257e-09,1.2192021392465335e-08,4.440892098500626e-16,43ca6efe9772e32346b0610d04866add7445f9c4413ecf6ad436e7d447915545
single_shape,plain2_w16_gap,pixel_permuted_template,7076,2,release_default,10,1.437226195394257e-09,1.219202161450994e-08,3.3306690738754696e-16,f6ea6712f1a982ea69679407b27c03485ac6b9b3855b6c63414453038fb6f338
single_shape,plain2_w16_gap,pixel_permuted_template,7076,3,release_default,10,1.437226195394257e-09,1.2192021392465335e-08,3.3306690738754696e-16,2e8892ee5e990a89778d5b083992175e5039b5c31bc32db3823974d0e719d770
single_shape,plain2_w16_gap,pixel_permuted_template,7077,0,release_default,10,1.437226195394257e-09,1.2192021392465335e-08,5.551115123125783e-16,3e59799999f1201da396b4b1f3eec623d7428a90772421e68f57764aabb63e71
single_shape,plain2_w16_gap,pixel_permuted_template,7077,1,release_default,10,1.437226195394257e-09,1.2192021392465335e-08,4.440892098500626e-16,acb51d87e67d4f2dc7126faebccf50478ddb39b61a1997ada40cf66ff113b8f5
single_shape,plain2_w16_gap,pixel_permuted_template,7077,2,release_default,10,1.437226195394257e-09,1.2192021392465335e-08,4.440892098500626e-16,a156d17053c28ded47fe26200745bc4314d7f1c2da69ba39fc4da0514aac54c8
single_shape,plain2_w16_gap,pixel_permuted_template,7077,3,release_default,10,1.437226195394257e-09,1.2192021392465335e-08,4.440892098500626e-16,d4c9a21d6271fa2c4c2a1419d055d99378a1e8698379dba47e38d8bbfe677031
single_shape,plain2_w16_gap,pixel_permuted_template,7078,0,release_default,10,1.437226195394257e-09,1.2192021392465335e-08,4.440892098500626e-16,373481bc9b61b47788e3c3daa36cb8271bd86d582a3305c88ec9ae26ae190333
single_shape,plain2_w16_gap,pixel_permuted_template,7078,1,release_default,10,1.437226195394257e-09,1.219202161450994e-08,5.551115123125783e-16,22d113486dea534158d9b8e6a081cee41c00b6a02c899ba1e2487cd9c41f3f24
single_shape,plain2_w16_gap,pixel_permuted_template,7078,2,release_default,10,1.437226195394257e-09,1.219202161450994e-08,3.3306690738754696e-16,d8ea45ff034887ccfd69b815610fecaca9caa9d466991577fb4abf30124311b6
single_shape,plain2_w16_gap,pixel_permuted_template,7078,3,release_default,10,1.437226195394257e-09,1.2192021392465335e-08,4.440892098500626e-16,eab79bca3a6b58412c0472f32473508ff108e25c3a9740d3a0d1b13512c2ab71
single_shape,plain2_w16_gap,pixel_permuted_template,7079,0,release_default,10,1.437226195394257e-09,1.219202161450994e-08,4.440892098500626e-16,45b5f163a44d4d7bd39f1d404b19fdcc16c0adfa3603a827c7966c1243e22dec
single_shape,plain2_w16_gap,pixel_permuted_template,7079,1,release_default,10,1.437226195394257e-09,1.219202161450994e-08,4.440892098500626e-16,562cbc4571e01590f3c402c2808fae6ab4006311ba74c5b324ae47d1965c8c98
single_shape,plain2_w16_gap,pixel_permuted_template,7079,2,release_default,10,1.437226195394257e-09,1.219202161450994e-08,4.440892098500626e-16,2bc06aafe5237368cc255cb3d6e5853f9a41bb0ce4e96ee031c16b86445316f7
single_shape,plain2_w16_gap,pixel_permuted_template,7079,3,release_default,10,1.437226195394257e-09,1.219202161450994e-08,4.440892098500626e-16,920feec751791c0624fc0d8e68850b927faa41794e3f0a3e921a7b793a48ac32
single_shape,plain2_w16_gap,pixel_permuted_template,7080,0,release_default,10,1.437226195394257e-09,1.219202161450994e-08,5.551115123125783e-16,cef17f790d7766aa3ac37fc70a23242ca7430fc833d0282df55abc50a435fd42
single_shape,plain2_w16_gap,pixel_permuted_template,7080,1,release_default,10,1.437226195394257e-09,1.219202161450994e-08,3.3306690738754696e-16,260e804667ccd74897aff8518cbe6ba40612fc7df914a54dee2a4fce157f39a0
single_shape,plain2_w16_gap,pixel_permuted_template,7080,2,release_default,10,1.437226195394257e-09,1.219202161450994e-08,4.440892098500626e-16,f4a27bbf7c0a4e67f1a657ba590ceb387a6ebc576102f71268832c45c0335767
single_shape,plain2_w16_gap,pixel_permuted_template,7080,3,release_default,10,1.437226195394257e-09,1.2192021392465335e-08,4.440892098500626e-16,8b1c9794d7ebba21e2582f9ae9c6e85a0f77513ae618857ab03891c39f233e7b
single_shape,plain2_w16_gap,pixel_permuted_template,7081,0,release_default,10,1.437226195394257e-09,1.219202161450994e-08,5.551115123125783e-16,e6cd902e226f984ae9a287fab2ddc4fc6ee153cbf3f902406b08392944c8881e
single_shape,plain2_w16_gap,pixel_permuted_template,7081,1,release_default,10,1.437226195394257e-09,1.219202161450994e-08,4.440892098500626e-16,556602db18dddc39ae36fd826a879fb5281e7bda2d7a77f19c7fd230aae2fc25
single_shape,plain2_w16_gap,pixel_permuted_template,7081,2,release_default,10,1.437226195394257e-09,1.2192021392465335e-08,5.551115123125783e-16,6f0132a959fb270d6d8ee6a306a62211c7ad3254bae198cb2706711968e74b38
single_shape,plain2_w16_gap,pixel_permuted_template,7081,3,release_default,10,1.437226195394257e-09,1.2192021392465335e-08,6.661338147750939e-16,cbae37b6ea45f4c3f4ded7a11d7dd930f14792f14a6225513cb523c45e286aca
single_shape,plain2_w16_gap,pixel_permuted_template,7082,0,release_default,10,1.437226195394257e-09,1.2192021392465335e-08,4.440892098500626e-16,dcea94bc19305e12e01abeb0c4984fe1fc90ee556b23c3a965748973cac601ac
single_shape,plain2_w16_gap,pixel_permuted_template,7082,1,release_default,10,1.437226195394257e-09,1.2192021392465335e-08,4.440892098500626e-16,e038f4dda3048dbb3e75f658388bd58f3d49ce9f8ef068eb4414d17a3368f348
single_shape,plain2_w16_gap,pixel_permuted_template,7082,2,release_default,10,1.437226195394257e-09,1.2192021392465335e-08,3.3306690738754696e-16,1ac66668ae9b7536888d4b85bef98deed06250c38b0d367e8fab2f046c6c3711
single_shape,plain2_w16_gap,pixel_permuted_template,7082,3,release_default,10,1.437226195394257e-09,1.219202161450994e-08,3.3306690738754696e-16,f61f2b848568b476df5d4d167855d86a6a0270dbec8272e47df80a71701d4ab3
single_shape,plain2_w16_gap,pixel_permuted_template,7083,0,release_default,10,1.437226195394257e-09,1.2192021392465335e-08,3.3306690738754696e-16,758dae37b1ffa617fc0913bc9e0438594ebd8bde225ea8ed65c1e012ba65a482
single_shape,plain2_w16_gap,pixel_permuted_template,7083,1,release_default,10,1.437226195394257e-09,1.219202161450994e-08,4.440892098500626e-16,76740153d262c3363f8f8656b951efb2e42b741e9b702444ce13adce4a7d00bf
single_shape,plain2_w16_gap,pixel_permuted_template,7083,2,release_default,10,1.437226195394257e-09,1.219202161450994e-08,4.440892098500626e-16,e21bda216485da4f4278e48cc2af50bacd259d0908007caa0cab5af288b4a194
single_shape,plain2_w16_gap,pixel_permuted_template,7083,3,release_default,10,1.437226195394257e-09,1.2192021392465335e-08,5.551115123125783e-16,b7f9b216b4ef68a203f08275ffe9ad728786efa2737dc61f2cfdf9f8aaacc2f4
single_shape,plain2_w16_gap,pixel_permuted_template,7084,0,release_default,10,1.437226195394257e-09,1.2192021392465335e-08,5.551115123125783e-16,bbf5e51981b387925aba4242cc6f412ae8804d1ebb918b7b1e73e77a78a9aa88
single_shape,plain2_w16_gap,pixel_permuted_template,7084,1,release_default,10,1.437226195394257e-09,1.2192021392465335e-08,4.440892098500626e-16,b84b31d76387ab6eff9a4c41d189e217f969c6f2f886e163e2be56f1aaccf6ab
single_shape,plain2_w16_gap,pixel_permuted_template,7084,2,release_default,10,1.437226195394257e-09,1.2192021392465335e-08,5.551115123125783e-16,99c5ed331bbb56cc151b385bb1517c4e151d0bd0e50bed9ccfd743d06495897d
single_shape,plain2_w16_gap,pixel_permuted_template,7084,3,release_default,10,1.437226195394257e-09,1.219202161450994e-08,4.440892098500626e-16,d0b9e3bdf7304e8ab8b7f2fb850d229d63c213c5bc994162177acd225d7e9b74
single_shape,plain2_w16_gap,pixel_permuted_template,7085,0,release_default,10,1.437226195394257e-09,1.2192021392465335e-08,5.551115123125783e-16,cebe57fcbd29fa639b5ba3074ba6e53ba06e397e7abb8cb5e83f97edbd3fb351
single_shape,plain2_w16_gap,pixel_permuted_template,7085,1,release_default,10,1.437226195394257e-09,1.2192021392465335e-08,4.440892098500626e-16,1f1ba3d7eb9e7ba9843ec3e4dc9e8c0b11cb7a21d8f5b7df6942b9ddff942796
single_shape,plain2_w16_gap,pixel_permuted_template,7085,2,release_default,10,1.437226195394257e-09,1.2192021392465335e-08,5.551115123125783e-16,08f6891e1e94931ba173f55c372c77e3feeced3f535c2738c9c53dcbfc4de9a1
single_shape,plain2_w16_gap,pixel_permuted_template,7085,3,release_default,10,1.437226195394257e-09,1.219202117042073e-08,6.661338147750939e-16,906d13374e3a44d0476d978b43d525be32d055f8fecd442ec257c7f63899f9a5
single_shape,plain2_w16_gap,pixel_permuted_template,7086,0,release_default,10,1.437226195394257e-09,1.2192021392465335e-08,2.220446049250313e-16,b3568ba0338724358068a4d06cc25f7d7034c6a623de330d4a8f27359ec7797c
single_shape,plain2_w16_gap,pixel_permuted_template,7086,1,release_default,10,1.437226195394257e-09,1.2192021392465335e-08,4.440892098500626e-16,5072a52e545fdf119c254a28e03b6703256f8f1696a08cb01cce328faf60d788
single_shape,plain2_w16_gap,pixel_permuted_template,7086,2,release_default,10,1.437226195394257e-09,1.219202161450994e-08,4.440892098500626e-16,16268c7e447a48fad0a2bf8926102a1518596fb8131a67846657b24f5cf33eef
single_shape,plain2_w16_gap,pixel_permuted_template,7086,3,release_default,10,1.437226195394257e-09,1.2192021392465335e-08,5.551115123125783e-16,b5bc4eefc95e6d14eb713fe598d9e06defe5e7b5041ae5fc3d4fb8586eb01bee
single_shape,plain2_w16_gap,pixel_permuted_template,7087,0,release_default,10,1.437226195394257e-09,1.219202161450994e-08,6.661338147750939e-16,f2233992ea172a975f077a762363287fd0d7ca117ca7b58c584a1b639c878541
single_shape,plain2_w16_gap,pixel_permuted_template,7087,1,release_default,10,1.437226195394257e-09,1.2192021392465335e-08,4.440892098500626e-16,79936f53866ff32c4d515c86906c34f99ffcd493d2d7a8b6223180cfc7273059
single_shape,plain2_w16_gap,pixel_permuted_template,7087,2,release_default,10,1.437226195394257e-09,1.219202161450994e-08,4.440892098500626e-16,90fdf3b51c7257e36f476fe6a3605169dc9e6410db0692fc61a9f0f1c9a803a9
single_shape,plain2_w16_gap,pixel_permuted_template,7087,3,release_default,10,1.437226195394257e-09,1.2192021392465335e-08,4.440892098500626e-16,19e170d8521bb003368bf465eaf81cd3b309df1b681005d89a11ece98e27df50
single_shape,plain2_w16_gap,pixel_permuted_template,7088,0,release_default,10,1.437226195394257e-09,1.219202161450994e-08,4.440892098500626e-16,75890c28029318f2e38be8fa51997fd19956826512f8c50727f50fbdce96c6ab
single_shape,plain2_w16_gap,pixel_permuted_template,7088,1,release_default,10,1.437226195394257e-09,1.2192021392465335e-08,4.440892098500626e-16,de75ae179f64ffc5b9055427f7a2bba1b6f40118f267f71d971352c6e9f027ed
single_shape,plain2_w16_gap,pixel_permuted_template,7088,2,release_default,10,1.437226195394257e-09,1.2192021392465335e-08,4.440892098500626e-16,b7fa7bbc737d86a15002c93d3390e19a8a42f438885997399f54882a0492da69
single_shape,plain2_w16_gap,pixel_permuted_template,7088,3,release_default,10,1.437226195394257e-09,1.219202161450994e-08,5.551115123125783e-16,0bdff1970ad7564137f3eee77c4c46e978934e370ba935671031639706a1e29e
single_shape,plain2_w16_gap,pixel_permuted_template,7089,0,release_default,10,1.437226195394257e-09,1.2192021392465335e-08,4.440892098500626e-16,fe8a772a3a078ff61400e8e16b1f8c63332e03b9a2fe2ead4e821fa4f06963ca
single_shape,plain2_w16_gap,pixel_permuted_template,7089,1,release_default,10,1.437226195394257e-09,1.219202161450994e-08,4.440892098500626e-16,488cc42e2001afdb4d2b46abd29a0ee7a612d1cdcd3310142f16daa8d501e365
single_shape,plain2_w16_gap,pixel_permuted_template,7089,2,release_default,10,1.437226195394257e-09,1.2192021392465335e-08,4.440892098500626e-16,047edd35d75a4bff9688c05e008857a6f653f9e0571a9caf7aa2ce8e994b5fef
single_shape,plain2_w16_gap,pixel_permuted_template,7089,3,release_default,10,1.437226195394257e-09,1.2192021392465335e-08,4.440892098500626e-16,6353b4db5b1408d6a02d8dfc83a71a154d37d0fe19514a1140089c88835f0873
single_shape,plain2_w16_gap,pixel_permuted_template,7090,0,release_default,10,1.437226195394257e-09,1.219202161450994e-08,4.440892098500626e-16,8a82f7cabcff8df61ed3c159e660b80f6642e21b3eefcebb28db6ccef89171e7
single_shape,plain2_w16_gap,pixel_permuted_template,7090,1,release_default,10,1.437226195394257e-09,1.2192021392465335e-08,4.440892098500626e-16,25b312ae44d875aa015fc362a40a47f7984e0b49a93b7f08c7e56aa6e4c1bbdc
single_shape,plain2_w16_gap,pixel_permuted_template,7090,2,release_default,10,1.437226195394257e-09,1.2192021392465335e-08,4.440892098500626e-16,b61d7d102cbe5b94cc8ba1d7cdd723902a283777c977c902ce603ae3fefb2e9f
single_shape,plain2_w16_gap,pixel_permuted_template,7090,3,release_default,10,1.437226195394257e-09,1.2192021392465335e-08,4.440892098500626e-16,ae77037c02928945cbeb35b667521b6314f24c384189312464b7c0c27466ade1
single_shape,plain2_w16_gap,pixel_permuted_template,7091,0,release_default,10,1.437226195394257e-09,1.2192021392465335e-08,4.440892098500626e-16,e2647c9c309cb96c439ee75108d1a38f5a687e80fe1e53636a4019f0c26f88fa
single_shape,plain2_w16_gap,pixel_permuted_template,7091,1,release_default,10,1.437226195394257e-09,1.219202161450994e-08,4.440892098500626e-16,fd71fe387e3d0991969c5d60a22ac3351e803f8a2d8e0f5632feb6b8ef444e8f
single_shape,plain2_w16_gap,pixel_permuted_template,7091,2,release_default,10,1.437226195394257e-09,1.219202161450994e-08,5.551115123125783e-16,5e9c4d4d79dedecb8852540d1fdf42c26837577823ba2cf173cf0d450891af62
single_shape,plain2_w16_gap,pixel_permuted_template,7091,3,release_default,10,1.437226195394257e-09,1.2192021392465335e-08,5.551115123125783e-16,2da87a33c96a7165ae253711a26a7efa1f762ea86ed73e118b6d5e5984f99f79
single_shape,plain2_w16_gap,pixel_permuted_template,7092,0,release_default,10,1.437226195394257e-09,1.2192021392465335e-08,6.661338147750939e-16,62af18c0e55a7922110d8d5aa5777d4fb58801b3963d6e8e0cdc1fc4af85445f
single_shape,plain2_w16_gap,pixel_permuted_template,7092,1,release_default,10,1.437226195394257e-09,1.2192021392465335e-08,4.440892098500626e-16,f6f8e660066afaa5919fd7b077091cfa19213e550b744a2ca4092e1e33acee59
single_shape,plain2_w16_gap,pixel_permuted_template,7092,2,release_default,10,1.437226195394257e-09,1.2192021392465335e-08,6.661338147750939e-16,224dd7f2ca96793868c890e9f6439694e8c6d93e3fa1c73a6857ae7b81a3dc5a
single_shape,plain2_w16_gap,pixel_permuted_template,7092,3,release_default,10,1.437226195394257e-09,1.2192021392465335e-08,5.551115123125783e-16,fc615684b6468eb21ef3502cc234b415116a1453afd03557adde3a27a60784f2
single_shape,plain2_w16_gap,pixel_permuted_template,7093,0,release_default,10,1.437226195394257e-09,1.2192021392465335e-08,4.440892098500626e-16,98e64e379a3c4e3b0e6282141d7a53b4f6955e018bf84227cdb5979ec17482a5
single_shape,plain2_w16_gap,pixel_permuted_template,7093,1,release_default,10,1.437226195394257e-09,1.219202161450994e-08,6.661338147750939e-16,2c3dcf6cded00f2a036a4ef651c64bfbfd49f6dfbfad3fae753dd45ae7ef83bf
single_shape,plain2_w16_gap,pixel_permuted_template,7093,2,release_default,10,1.437226195394257e-09,1.219202161450994e-08,5.551115123125783e-16,7774b85e1fb264ad077042fdde1c8ded12ee9a5adfe65ab7f51f340831eb1033
single_shape,plain2_w16_gap,pixel_permuted_template,7093,3,release_default,10,1.437226195394257e-09,1.2192021392465335e-08,4.440892098500626e-16,5b9f3fa430d0ead99f1e0bb1fbaf4f99070f378a5e1f48f9c78abdc346b85f3f
single_shape,plain2_w16_gap,pixel_permuted_template,7094,0,release_default,10,1.437226195394257e-09,1.2192021392465335e-08,3.3306690738754696e-16,1b339ecb0cca191229b83805ef1bad321f3d0c4b4c06425546a8eaec9ea851a5
single_shape,plain2_w16_gap,pixel_permuted_template,7094,1,release_default,10,1.437226195394257e-09,1.219202161450994e-08,4.440892098500626e-16,42a37f578b0eeb9b98058c7a81a662d7d0e8df2f339ba7f9e4b1b3f47a90f900
single_shape,plain2_w16_gap,pixel_permuted_template,7094,2,release_default,10,1.437226195394257e-09,1.219202161450994e-08,4.440892098500626e-16,a3f6663773b2c29be69b5eaa749bcc003a7d277ecf5dc3d018367c9fbb45838c
single_shape,plain2_w16_gap,pixel_permuted_template,7094,3,release_default,10,1.437226195394257e-09,1.219202161450994e-08,4.440892098500626e-16,8b5e90c06c45d33c3ec1fa211956381e62b656cfe915eedc6b82efe82dcea24b
single_shape,plain2_w16_gap,pixel_permuted_template,7095,0,release_default,10,1.437226195394257e-09,1.2192021392465335e-08,3.3306690738754696e-16,60868a880f2664a5c44aa9d0a887de217be3621d3afe2df24320620fb1919fb0
single_shape,plain2_w16_gap,pixel_permuted_template,7095,1,release_default,10,1.437226195394257e-09,1.219202117042073e-08,4.440892098500626e-16,b2a8e793c8a6bd7bec70325118738e8bda1c4a9c61777b01ded84bb349350b18
single_shape,plain2_w16_gap,pixel_permuted_template,7095,2,release_default,10,1.437226195394257e-09,1.2192021392465335e-08,4.440892098500626e-16,87cb3a8c792d2f4f1eab77a3c13716458c20a685f8b0e95a385158301781fed7
single_shape,plain2_w16_gap,pixel_permuted_template,7095,3,release_default,10,1.437226195394257e-09,1.2192021392465335e-08,4.440892098500626e-16,a4912a41fc7ca6ba652158a453073b202d03bff17db1ee6931496e432ef525df
single_shape,plain2_w16_gap,pixel_permuted_template,7096,0,release_default,10,1.437226195394257e-09,1.219202161450994e-08,4.440892098500626e-16,90f32308e5247c44cbbb8573c87c59a700b550c7033e8ffea9ca4973233347b0
single_shape,plain2_w16_gap,pixel_permuted_template,7096,1,release_default,10,1.437226195394257e-09,1.2192021392465335e-08,5.551115123125783e-16,8862de381474de81dd9d723b37e91449d43eab4200b156e7c9d145d44236a60c
single_shape,plain2_w16_gap,pixel_permuted_template,7096,2,release_default,10,1.437226195394257e-09,1.219202161450994e-08,3.3306690738754696e-16,b49985ad3ec21a36f4e4f6856f38a7fcdcb1864e310cd623f3e30a0195e22820
single_shape,plain2_w16_gap,pixel_permuted_template,7096,3,release_default,10,1.437226195394257e-09,1.219202161450994e-08,5.551115123125783e-16,84ed42f7ee997cf82761e6df0f21420ecc8bbfffe8886ae89d3f0e54ba359d08
single_shape,plain2_w16_gap,pixel_permuted_template,7097,0,release_default,10,1.437226195394257e-09,1.2192021392465335e-08,2.220446049250313e-16,d711a3c795ba5b9ab4c3af963084d44bb152a36f43744e450077c6f1239c4de0
single_shape,plain2_w16_gap,pixel_permuted_template,7097,1,release_default,10,1.437226195394257e-09,1.219202161450994e-08,4.440892098500626e-16,c370bfa13a5e705cc302db00d9b229041c4e1d382ce1ad2a99c0d3ea51a5b2e6
single_shape,plain2_w16_gap,pixel_permuted_template,7097,2,release_default,10,1.437226195394257e-09,1.2192021392465335e-08,3.3306690738754696e-16,2030321e1bb2e73601375ecae2472ed755273ab341d20bec4ea58727385c2299
single_shape,plain2_w16_gap,pixel_permuted_template,7097,3,release_default,10,1.437226195394257e-09,1.219202161450994e-08,4.440892098500626e-16,981a26e601fe1a26e53524637b5e9ef84a74eafc9dd6ee5788339db6721e0c3e
single_shape,plain2_w16_gap,pixel_permuted_template,7098,0,release_default,10,1.437226195394257e-09,1.2192021392465335e-08,4.440892098500626e-16,e756de66e08ef29e301f9d884a488386642a7d62b7a97ee83ea46f5ea43d52cc
single_shape,plain2_w16_gap,pixel_permuted_template,7098,1,release_default,10,1.437226195394257e-09,1.2192021392465335e-08,4.440892098500626e-16,b37674ae0188563ffb69fbae0726089121187b33cc9369cde98d61e729547919
single_shape,plain2_w16_gap,pixel_permuted_template,7098,2,release_default,10,1.437226195394257e-09,1.2192021392465335e-08,4.440892098500626e-16,ff5b0c09696b9999204b8c3f1a6047983423bcac0a67016775ff800d19ce3bc9
single_shape,plain2_w16_gap,pixel_permuted_template,7098,3,release_default,10,1.437226195394257e-09,1.2192021392465335e-08,4.440892098500626e-16,0fbcd916be19ea3f9fd58f90d5e53bd6c0141f7e64cc5c868bda8450623056a3
single_shape,plain2_w16_gap,pixel_permuted_template,7099,0,release_default,10,1.437226195394257e-09,1.2192021392465335e-08,4.440892098500626e-16,af60762b6fa4559721d7a465177d9937c1e48762b3dac6f93709eb2a22bc69a0
single_shape,plain2_w16_gap,pixel_permuted_template,7099,1,release_default,10,1.437226195394257e-09,1.219202161450994e-08,5.551115123125783e-16,964989e902a4f4d601cde418eaa721e297ad294030ae392464f0540725391222
single_shape,plain2_w16_gap,pixel_permuted_template,7099,2,release_default,10,1.437226195394257e-09,1.2192021392465335e-08,4.440892098500626e-16,92e66d1afcdb7b76de387aa33d7c84a21243167650650c7cc5d78f9aefdb856b
single_shape,plain2_w16_gap,pixel_permuted_template,7099,3,release_default,10,1.437226195394257e-09,1.219202161450994e-08,4.440892098500626e-16,57353f7bcb9bd487381e38879ef0645eb5d8cf706e8eec2693688266bc1f5412
single_shape,plain2_w16_gap,random_fullrank,7000,0,release_default,16,5.547693114221832e-10,8.65915072978396e-09,,033a9d5d0eddb4d680c90566768abeee95c79264c4a504e8d7333c8749b3828e
single_shape,plain2_w16_gap,random_fullrank,7000,1,release_default,16,6.237561688011075e-10,1.0891235691090628e-08,,9cb736f6fe235ad258ddb87953e46d5e1f384ef16a2857e4c829b227eae5e05b
single_shape,plain2_w16_gap,random_fullrank,7000,2,release_default,16,9.816254914542774e-10,6.565411325709647e-09,,22e577c5be5ee11719ec73e54ad46f4102f65eee5bc94f0b8d14a18c8759edb3
single_shape,plain2_w16_gap,random_fullrank,7000,3,release_default,16,4.189514359574259e-10,6.942556751710072e-09,,efeeddeb199846bfab4a96405a163ca1baf8e68566c8c6d0197e6a50adae1297
single_shape,plain2_w16_gap,random_fullrank,7001,0,release_default,16,5.76327704353097e-10,6.776062377866765e-09,,9446309bbe3a0cff212f1eee80f15e237294dc8b019fe2e5a2849938fc1a716c
single_shape,plain2_w16_gap,random_fullrank,7001,1,release_default,16,8.623357172365542e-10,9.236358788911048e-09,,d7f22f87926a8075ebf223b88199f35cc40625ab6aee9924dfb538eade87ed3b
single_shape,plain2_w16_gap,random_fullrank,7001,2,release_default,16,7.358598120418595e-10,1.2129786286507738e-08,,f21aad5faad2d8b680409913b29c9c9bce2586160b930f9d84488a957d3160bf
single_shape,plain2_w16_gap,random_fullrank,7001,3,release_default,16,5.950116448932223e-10,7.923333544823663e-09,,aa59bca07bdb45795e9bac50b3567a4a9cd1ba5e6752ac560bbe5eece950ce8d
single_shape,plain2_w16_gap,random_fullrank,7002,0,release_default,16,5.533320852267889e-10,1.1096494612061747e-08,,b756c3f754e7e6c81507ba0f7ea1577aa2e6da7febafb8425c87ba150e1c9e0a
single_shape,plain2_w16_gap,random_fullrank,7002,1,release_default,16,4.64224061112345e-10,9.01323771174134e-09,,03cf4375ab469556813181e6c15a95125dc1d5c54f7db3721f741cc0aeac3ea7
single_shape,plain2_w16_gap,random_fullrank,7002,2,release_default,16,5.197369229094482e-10,1.610842481625241e-08,,58bfb4440caa01bca11f76fd87f370680c587e2d2d6be8c5414ff5fcaa07c927
single_shape,plain2_w16_gap,random_fullrank,7002,3,release_default,16,6.927430261800318e-10,9.842582526786714e-09,,a69338e6ab56121a99ec81c1ac1f44d14b5005afac84a412fd3704967426cd5d
single_shape,plain2_w16_gap,random_fullrank,7003,0,release_default,16,6.639985022721467e-10,5.922657919654739e-09,,6657a9f3760d02e9159a608a3816287dc859d8ceaabdee447177a892769cd4b5
single_shape,plain2_w16_gap,random_fullrank,7003,1,release_default,16,5.231503351235096e-10,1.0850455423039307e-08,,d064764e7f11102e7d1e9495b3fa0594eac4b9eef20be73bcaa74d98d1cacd17
single_shape,plain2_w16_gap,random_fullrank,7003,2,release_default,16,7.387342644326481e-10,9.957008106908916e-09,,feac25334ed98d11abe7592fe93acb8aa1d9151f3c39ae8eeab0a8c223d2e54c
single_shape,plain2_w16_gap,random_fullrank,7003,3,release_default,16,4.232631145436087e-10,9.079979212955891e-09,,a2160e913a9a282d668a2491c0d89dbce9fb708cc80ab4cc852fb8910e09bf3a
single_shape,plain2_w16_gap,random_fullrank,7004,0,release_default,16,5.48930580003394e-10,8.935038264823447e-09,,82402ed0fe6462e997fe1e325aea409c2a8fcd2333a2f33f421a11d15013b850
single_shape,plain2_w16_gap,random_fullrank,7004,1,release_default,16,7.222061631856141e-10,1.2374477664778283e-08,,929be9690eccc13c469de30c10907783c64170ec67280b9dfe7313e44161cbd5
single_shape,plain2_w16_gap,random_fullrank,7004,2,release_default,16,7.028036095477917e-10,1.3148879318691797e-08,,5a29270c21e26fccb440eb38674696d3106399c0b1011ac7a93db1cf79815f40
single_shape,plain2_w16_gap,random_fullrank,7004,3,release_default,16,4.822792151919853e-10,8.343296276080991e-09,,0e1ee77ee7ad1ce6e9f28686787590a9c12818665dc081f6a0560e4ff926bc69
single_shape,plain2_w16_gap,random_fullrank,7005,0,release_default,16,6.898685737892433e-10,1.3115787678152913e-08,,eff0b12f6f6804879de5d11d6731758a2073814649013c280e7bdc21e7f2f84d
single_shape,plain2_w16_gap,random_fullrank,7005,1,release_default,16,7.157386453063399e-10,9.703019165918647e-09,,5361ad8c8e2d1aef22a4ed527f02d9662b9d18fcfbcb2c8cd3f87702762888bb
single_shape,plain2_w16_gap,random_fullrank,7005,2,release_default,16,3.981116561242092e-10,7.810591950985213e-09,,f569cb89dbbfacc3ef08fb2e8e4d21a419bd8945f3d9cac37230bbcad1b6ee19
single_shape,plain2_w16_gap,random_fullrank,7005,3,release_default,16,4.80752162359379e-10,9.969222891648144e-09,,89dc1da2db85a60b825ab17b3d15fa01e292f5bc80b563a19b93007ef06d7b53
single_shape,plain2_w16_gap,random_fullrank,7006,0,release_default,16,8.989849852191077e-10,9.713982507264518e-09,,b0eb592b614501e92f055d2e8167bacd0ae78634722b53bf437f83dd00f225b8
single_shape,plain2_w16_gap,random_fullrank,7006,1,release_default,16,5.188386565373268e-10,1.0517885007388372e-08,,87e2efe95ddc8487e26f722f8bd080392242947365a61b75a90d603aefccba89
single_shape,plain2_w16_gap,random_fullrank,7006,2,release_default,16,6.244747818988047e-10,7.480485786359736e-09,,d2a73d4ad0d28399bd92fdf775fb093deecd7cf293420d835078b66908fa883c
single_shape,plain2_w16_gap,random_fullrank,7006,3,release_default,16,6.115397461402563e-10,7.851711281148255e-09,,4b2dbc2d35417d36de7286d27ff47016f29e8b85c3d01c0d99468413f0dac004
single_shape,plain2_w16_gap,random_fullrank,7007,0,release_default,16,6.913057999846376e-10,9.31085630817563e-09,,327288c3371f1eb5e57922066e15065c106777463a925dde2ff76e484b86dc38
single_shape,plain2_w16_gap,random_fullrank,7007,1,release_default,16,6.394758303132322e-10,7.940038404541383e-09,,9f85968f294b837a25d63a14b933d6a6e12564b7f54d3902e757df355ed234e4
single_shape,plain2_w16_gap,random_fullrank,7007,2,release_default,16,6.553751450997812e-10,1.1433521684978132e-08,,62928bf47790e84521c7023e719c1ac14a629b247be27ded7af5bed7e1a2c803
single_shape,plain2_w16_gap,random_fullrank,7007,3,release_default,16,6.280678473872903e-10,8.689661656902103e-09,,d5439192fea83d374d2d99d5cf494a754d20973576d89ef2cb99aaf6bbd35513
single_shape,plain2_w16_gap,random_fullrank,7008,0,release_default,16,6.553751450997812e-10,1.2251388792350326e-08,,e8b7decef463c9c55a8cef91d363658e445d2bfced701904df6d937395e6f5b6
single_shape,plain2_w16_gap,random_fullrank,7008,1,release_default,16,5.748904781577028e-10,1.1108503672474512e-08,,f93b5e3d3ea6c11197431e9c2c337cfe1383b4eb4150979a083f6284f307bd7d
single_shape,plain2_w16_gap,random_fullrank,7008,2,release_default,16,5.375225970774521e-10,1.1955703316246513e-08,,db469c61bd9aba76534f03699b2f6b1686e9912a59c53c8c97a4dc56057e0d18
single_shape,plain2_w16_gap,random_fullrank,7008,3,release_default,16,6.568123712951755e-10,9.678155166170654e-09,,20949e4081f82f02accee2a2f820ff01cd0d03092eec9c34d2b4dc3edb6d9f25
single_shape,plain2_w16_gap,random_fullrank,7009,0,release_default,16,6.251933949965018e-10,1.163942076054525e-08,,d9a4f201f95618eee81df90e297c8e3fc20a823ff3a9c55e4c419b4530d1b116
single_shape,plain2_w16_gap,random_fullrank,7009,1,release_default,16,6.956174785708204e-10,1.1228638019389336e-08,,b558072a69aa669ac63cd521a1488dd83f614470e6ff77304812b188cf20f3dc
single_shape,plain2_w16_gap,random_fullrank,7009,2,release_default,16,7.617298835589562e-10,8.678416651974885e-09,,3bb909454cc6d2d1ee537fffae2a60d9c95b0ccf2848518108fd54eff152c74e
single_shape,plain2_w16_gap,random_fullrank,7009,3,release_default,16,5.346481446866636e-10,1.0580044729202598e-08,,16e658b777e754f85797558685d557ee0ebbff776483a4d8b634eabef628edbb
single_shape,plain2_w16_gap,random_fullrank,7010,0,release_default,16,8.019722170299954e-10,9.893959873608082e-09,,56762fa54998d145d198b21ff8ea806cd2b3f33a85712567be5be5f71f460b14
single_shape,plain2_w16_gap,random_fullrank,7010,1,release_default,16,7.502320739958022e-10,9.987163096525364e-09,,3f4b8943a8a8ec5abca3ec9b4f526184e45a5286743c95df87da86fcb05eb821
single_shape,plain2_w16_gap,random_fullrank,7010,2,release_default,16,5.820766091346741e-10,7.162566761920175e-09,,18ee3a6c8795291512ffbe3e2ff69a30961e5076b537d84b2c214c17fb3ec4d8
single_shape,plain2_w16_gap,random_fullrank,7010,3,release_default,16,7.997770785831237e-10,1.3824591471589542e-08,,4fdb547a87f6f6cb6330d7ae632caf45f78fe8f57c9d84159547d28d6d2b2586
single_shape,plain2_w16_gap,random_fullrank,7011,0,release_default,16,8.738335267997082e-10,9.059538785827215e-09,,5915d415094231b635db4c0a9a6d32a68e764aa3f27c84c41364f3c29a20ce13
single_shape,plain2_w16_gap,random_fullrank,7011,1,release_default,16,5.792021567438855e-10,8.191823219760863e-09,,63f91a8810d07ae92e78f955e25a5171229c58eaf8ef1fd12e5b4cc827a09334
single_shape,plain2_w16_gap,random_fullrank,7011,2,release_default,16,6.31077039733897e-10,9.245166743276911e-09,,4d3e8ce40deda5230342ca2311d530001237c6287b4aaeeb2ae5b69e71fd4b98
single_shape,plain2_w16_gap,random_fullrank,7011,3,release_default,16,6.880720410450005e-10,8.923726868559356e-09,,83044c8c8039b4f1638567c447f0620bbd115c19bda6b7cf8e6c001a909e3f8d
single_shape,plain2_w16_gap,random_fullrank,7012,0,release_default,16,6.891499606915462e-10,7.880701313744964e-09,,e7be9350580007a6707bdbba28d94c7cd221531afea300738857c6970d0b52d6
single_shape,plain2_w16_gap,random_fullrank,7012,1,release_default,16,6.237561688011075e-10,1.0957099005892701e-08,,5671aefd7ffa3c023eee071e215ed02896a72ad8ca14a6acc9b042d755d977a0
single_shape,plain2_w16_gap,random_fullrank,7012,2,release_default,16,1.0980408132812122e-09,9.112216092788117e-09,,455f5110542a29ff98b00ee85dfef7a9aef815c7ddef16230267516529e65420
single_shape,plain2_w16_gap,random_fullrank,7012,3,release_default,16,4.656612873077393e-10,1.0747102319186297e-08,,00e7e9bba4b0f95baf818eaf6f90648bd5b587e0ec2de23987058bb8fe9fa4cd
single_shape,plain2_w16_gap,random_fullrank,7013,0,release_default,16,8.997035983168048e-10,1.0752096102351061e-08,,843bfcf456154fb17075ae74003b68de44d5e032f084af7e91d21a11aaa4c978
single_shape,plain2_w16_gap,random_fullrank,7013,1,release_default,16,7.962233122484184e-10,1.11295848093107e-08,,bc1e5db75259c7b03697e8ee991798062a6e5cec868c399966ebe866c9fe50f8
single_shape,plain2_w16_gap,random_fullrank,7013,2,release_default,16,7.99816377736904e-10,8.112669647175608e-09,,a84fecec7e2998aa234e557242486fc7263e5f999dcd1c58c3ecf7531919dac8
single_shape,plain2_w16_gap,random_fullrank,7013,3,release_default,16,7.401714906280423e-10,1.2793815784561957e-08,,ec27bea7fd5b243602a343b92d74870223c7b4b16d11a996f2f2804db78df596
single_shape,plain2_w16_gap,random_fullrank,7014,0,release_default,16,6.175805874927729e-10,6.1744193091684e-09,,1a1c2db4b6ffda5df86f3d3c2e008e5f02d1c50a1d4951c34972a27a8f4bfbc9
single_shape,plain2_w16_gap,random_fullrank,7014,1,release_default,16,4.369167633998541e-10,9.768805320220508e-09,,48914717ca3de73202d5db18c54f7dcfa682b25b46fd734fe744106cd0507955
single_shape,plain2_w16_gap,random_fullrank,7014,2,release_default,16,8.048466694207839e-10,1.1951245770802643e-08,,4bd0c6b278823aa63b2b91b53c0cc3af2c80d89d85dd5a28ba6427fccfb3ef5f
single_shape,plain2_w16_gap,random_fullrank,7014,3,release_default,16,5.174014303419325e-10,1.0856722520991013e-08,,601f17245bb96c108e5dfd449b8d6efebc6a75b7e564967ad9d24bcb0752641e
single_shape,plain2_w16_gap,random_fullrank,7015,0,release_default,16,3.07566405814371e-10,1.0894495305890928e-08,,16d5dbbfc9da7654939893baf20e1c8581e808105676d19d6a5b8fc97c5f1eca
single_shape,plain2_w16_gap,random_fullrank,7015,1,release_default,16,5.240036881770249e-10,7.553546566008151e-09,,ba30136306c26866b50fad05fdd3189fddfef64b884a4f94228cde9760a22a22
single_shape,plain2_w16_gap,random_fullrank,7015,2,release_default,16,5.748904781577028e-10,7.683508385092352e-09,,d57d872a091dc8c2911ee9599a8c6196595397ae675414e959ca1d9538f1c8d5
single_shape,plain2_w16_gap,random_fullrank,7015,3,release_default,16,6.751370052864522e-10,1.0323752297480837e-08,,1998c754156cd968569c5f608870cabaed09a47f5c4116025af0a8c91bc5a764
single_shape,plain2_w16_gap,random_fullrank,7016,0,release_default,16,4.455401205722197e-10,8.06558664301349e-09,,4d34920b648d6314b13fde22d414144189996ad40599273230820c99f4105704
single_shape,plain2_w16_gap,random_fullrank,7016,1,release_default,16,6.661543415652381e-10,7.779105359873029e-09,,10178e05ad34ed4c0c9e327fa3e9f0588240dbf3d0cf1b7863c18b66cbf36965
single_shape,plain2_w16_gap,random_fullrank,7016,2,release_default,16,4.2254450144591156e-10,8.865771228272479e-09,,ce67bea7377887ed4b5954ae8eb54829150ec568749fa00d7ad1b259d17964d1
single_shape,plain2_w16_gap,random_fullrank,7016,3,release_default,16,7.875999550760528e-10,1.2509261182458431e-08,,371e42efd5e66b7712497b318050476b207b5ddde133d37691610326602140d6
single_shape,plain2_w16_gap,random_fullrank,7017,0,release_default,16,7.143014191109457e-10,7.895984754924257e-09,,5417a0004ac26f7cd56e28d2f323dc7a5c0c1e9c67a8b9065ec859ae2d554176
single_shape,plain2_w16_gap,random_fullrank,7017,1,release_default,16,6.417214962435357e-10,9.511727405708825e-09,,6fbfc8a53cf92062ba77315c4d2b88d06ea74c0d724f9c4874108d0a71a63e0d
single_shape,plain2_w16_gap,random_fullrank,7017,2,release_default,16,7.243620024787055e-10,6.398687135700243e-09,,2255c20c79148e47b2477d6b2e30a5eccf7d770c805da087714694e3064dcd24
single_shape,plain2_w16_gap,random_fullrank,7017,3,release_default,16,7.293922941625854e-10,8.939083917525181e-09,,9e5bd27f129a5a658ec15804cf0692bb0b17c01c12143b7adaba4af2957c9241
single_shape,plain2_w16_gap,random_fullrank,7018,0,release_default,16,7.301109072602826e-10,1.1450560832848566e-08,,1fbcd6ebb52efbd7ac2b82e2aa1becf2b9a8406bdc35b5cc436805f1c2d1d0c3
single_shape,plain2_w16_gap,random_fullrank,7018,1,release_default,16,5.626740554968516e-10,7.988497863209432e-09,,b88427ebdf6c63a9321a56a99a5d64e9d6c0d44647aa1448fbcef7ec4bfbb552
single_shape,plain2_w16_gap,random_fullrank,7018,2,release_default,16,7.405307971768909e-10,9.427611580292705e-09,,d43db3bc4c3cb9e58c945fd8d8fbc3bf517cbc63a4a641ff1393836c68c7d54c
single_shape,plain2_w16_gap,random_fullrank,7018,3,release_default,16,4.742846444801048e-10,1.2971654195226279e-08,,bf78f243697d207217e369a07e8c11b847ebbb3c9b71be871aa0744308d9a59f
single_shape,plain2_w16_gap,random_fullrank,7019,0,release_default,16,6.984919309616089e-10,1.2373694291412107e-08,,49cf7f37c87ac694966acfaeb88aa9c43bf60d747f003997dc2379e552149c64
single_shape,plain2_w16_gap,random_fullrank,7019,1,release_default,16,5.939337252466767e-10,8.25852486396883e-09,,1847f3641c2ea987e1f174bf8a70a738f094418d22bca1b0e114bfd8659f46b0
single_shape,plain2_w16_gap,random_fullrank,7019,2,release_default,16,6.697474070537237e-10,7.896393983131134e-09,,c757b2bbdc9e91f29d0383a0225a9bb67f056fd0f8c7dc9f32951263ec880f23
single_shape,plain2_w16_gap,random_fullrank,7019,3,release_default,16,5.461459542498177e-10,7.64548546694499e-09,,915440fbc59ac9e54e4886e8940dbc40759c385e8ba3b8db0666f2d663c245fb
single_shape,plain2_w16_gap,random_fullrank,7020,0,release_default,16,7.128641929155514e-10,8.909700088821637e-09,,b87e452c2edefba909226858280be02400c221495210d77b98ac8eeffbaa47ca
single_shape,plain2_w16_gap,random_fullrank,7020,1,release_default,16,6.237561688011075e-10,8.51935411105842e-09,,f1b77857431d6f4d0d30a243ad60d9bdb3525d1c2a2a90bcc5b4d44f6cf18197
single_shape,plain2_w16_gap,random_fullrank,7020,2,release_default,16,4.64224061112345e-10,9.38801913985543e-09,,3061466b87f620e8f8b13890669678576e38a44340f2c0aa5464a6a9eaccbbee
single_shape,plain2_w16_gap,random_fullrank,7020,3,release_default,16,9.097641816845647e-10,7.246754640810593e-09,,b985fce9987e861545d16745d60e0b6f7a66344c6e8a8454ee0e62105a6e3a5d
single_shape,plain2_w16_gap,random_fullrank,7021,0,release_default,16,5.892627401116454e-10,1.4324935793119664e-08,,a6374fc8851197c8a4592afc51809a5a4f8676bb60045db24d65ac6e7d900439
single_shape,plain2_w16_gap,random_fullrank,7021,1,release_default,16,4.670985135031335e-10,1.0556803431427397e-08,,499758849b9e96e88c8faf3cb4472757f02edb304b814b255386eb7e2fb6cc9e
single_shape,plain2_w16_gap,random_fullrank,7021,2,release_default,16,8.249678361563035e-10,7.425447146047759e-09,,952f3d2c1c2787326e27e8078156aad463338cd4cf1b689a60033c012d8a1a1d
single_shape,plain2_w16_gap,random_fullrank,7021,3,release_default,16,7.21487550087917e-10,1.0930621296978416e-08,,a2c9377c6eb9da44ba218a2f27bf1cbc8db2c1ac6147034ec976e02433dcfc89
single_shape,plain2_w16_gap,random_fullrank,7022,0,release_default,16,6.172886509218334e-10,8.903328518883313e-09,,76f49764bda1ca1ff3e4731121b830c147ab7b4d9473e20cf2d5648537b02893
single_shape,plain2_w16_gap,random_fullrank,7022,1,release_default,16,9.241364436385072e-10,9.115264654191435e-09,,915bc9f026b153605269e1c1ae4c3a13e60b1f3e033cc439ea61c043315dcec8
single_shape,plain2_w16_gap,random_fullrank,7022,2,release_default,16,6.59686823685964e-10,9.01230490235605e-09,,d982c0740307c9f3ad1885a8039a5c3db196cef67145f4ac73951706ec47a3f4
single_shape,plain2_w16_gap,random_fullrank,7022,3,release_default,16,9.112014078799589e-10,7.887888009427968e-09,,ca4460368424eb082517a578e13462f59ed3d88780de97059e3a479d20f4836f
single_shape,plain2_w16_gap,random_fullrank,7023,0,release_default,16,8.33591193328669e-10,7.655999390010493e-09,,06018781f858c1f877f7c9ccabb952123dd1500c8a2b4b2e5fcf61d9fed99279
single_shape,plain2_w16_gap,random_fullrank,7023,1,release_default,16,5.001547159972015e-10,8.054098499243878e-09,,52e5599ea243aa9bc2e42e8e81a219ca4ffac0437b4e5ac1768152a9678497aa
single_shape,plain2_w16_gap,random_fullrank,7023,2,release_default,16,4.333236979113685e-10,1.317526088229215e-08,,465585216fcdf0ffc743d6bfd02a6f97ca42908b6e898ffd858e74dc65349baf
single_shape,plain2_w16_gap,random_fullrank,7023,3,release_default,16,4.2757479312979143e-10,1.0548584339353795e-08,,6c92479aa6a9f2bdaa71c01ec11a62fdd0a717d8ec202b716d3d5ebade7ee5d3
single_shape,plain2_w16_gap,random_fullrank,7024,0,release_default,16,6.726218594445122e-10,6.919496975399397e-09,,c4054d0d74fb1333b42b5882447bd4dba1a8c71923591c5b2497808e67e81790
single_shape,plain2_w16_gap,random_fullrank,7024,1,release_default,16,8.939546935352279e-10,9.993927685414405e-09,,ea2c04b999214d596bf5dc00f0917c7682b9012715501e1b43894607d5bdf1df
single_shape,plain2_w16_gap,random_fullrank,7024,2,release_default,16,7.667601752428361e-10,8.158737685448614e-09,,137925fcdf17cfb9360a9445935a9a84a1f9e106e32810bf6e06043ee991e3e8
single_shape,plain2_w16_gap,random_fullrank,7024,3,release_default,16,6.417214962435357e-10,9.612890705668065e-09,,74858adcc904d5f8c77ae224e496a01cc8577570a0c43ba49f701894d20b5078
single_shape,plain2_w16_gap,random_fullrank,7025,0,release_default,16,5.576437638129717e-10,1.0872731270872293e-08,,2872b7b06448eb5c0842e136ce94c6bd5073ebdea06d237bcccfaa867845f6e7
single_shape,plain2_w16_gap,random_fullrank,7025,1,release_default,16,8.882057887536508e-10,9.115116439417648e-09,,7f2d934936e210c2aeb14601d187020a124cc72fc5b14496adcd9ab6ba195822
single_shape,plain2_w16_gap,random_fullrank,7025,2,release_default,16,5.862086344464325e-10,9.677050716305757e-09,,6e773d63dfed9d64a8f2c6beb29da8c88464ddc4fdeae3856333c1a2c0bdc1ee
single_shape,plain2_w16_gap,random_fullrank,7025,3,release_default,16,7.732276931221103e-10,8.581524602035984e-09,,5c92c013e8a66c48c9cce9fbcf046858912c63bf64a108b99a1e8b16dfc44004
single_shape,plain2_w16_gap,random_fullrank,7026,0,release_default,16,7.128641929155514e-10,8.928504602323528e-09,,0b9e6e4fb42f80ce5f8c85ceb358f3a8dfaa2ae2b504edaad3c79392e87b786d
single_shape,plain2_w16_gap,random_fullrank,7026,1,release_default,16,3.406226083084389e-10,7.978532279295791e-09,,28c28fa926527138b20789439afca24bf1c1c4545b7b1f93dec2b1b3340c8a8b
single_shape,plain2_w16_gap,random_fullrank,7026,2,release_default,16,5.360853708820579e-10,8.56345572231021e-09,,4a3bb957f744ae30f6c17dd647ab27a099f72741e65eef90bff79f155a0cb127
single_shape,plain2_w16_gap,random_fullrank,7026,3,release_default,16,6.15132811628742e-10,9.57685730718083e-09,,d1a709c29e8146f37106152cb83f973c89c6f5df1845d64f8b6f61f5e6e56ebe
single_shape,plain2_w16_gap,random_fullrank,7027,0,release_default,16,7.236433893810083e-10,1.184774056639526e-08,,5c4f40ae2c0182dd97eb005ab42697646d72c56ad8e0552029690d875dbbb5e6
single_shape,plain2_w16_gap,random_fullrank,7027,1,release_default,16,7.301109072602826e-10,5.9753271219875614e-09,,feb77e952b132c4c4bad5cc61ab92fae4b46f14f79fad52876a293b179d31933
single_shape,plain2_w16_gap,random_fullrank,7027,2,release_default,16,6.898685737892433e-10,1.078532407827737e-08,,b24eeb4b15c000f5a551f5185d68053e3f022f0ce96df43ffc7fc20ba1f44b7e
single_shape,plain2_w16_gap,random_fullrank,7027,3,release_default,16,7.013663833523974e-10,1.3390888287112546e-08,,5e6a4680c47bf07a4356a2ccf73f18cf3cb461f06e886418b1b82d4ab3994d20
single_shape,plain2_w16_gap,random_fullrank,7028,0,release_default,16,4.879382933363503e-10,6.433114929649264e-09,,722fc33a5221900754d4a661e100f36651a351bac896368f45c87e091e70d733
single_shape,plain2_w16_gap,random_fullrank,7028,1,release_default,16,6.347150185409887e-10,8.885856050966368e-09,,7ee90a323b9a8ab98abbeee4c7101fd9d81b24c502bd9218bef8ee9dbd1fe4c1
single_shape,plain2_w16_gap,random_fullrank,7028,2,release_default,16,4.771590968708934e-10,8.865344680586418e-09,,0c27917f93b5d0d99f7df0a7652ea5373957ab77e866d451f13e209238a194b5
single_shape,plain2_w16_gap,random_fullrank,7028,3,release_default,16,7.116066199945815e-10,7.584616157352286e-09,,4c1f87b8defed225eb8292e79a1f1f857cd1cb5811e98533baad84f9a2afabf8
single_shape,plain2_w16_gap,random_fullrank,7029,0,release_default,16,7.818510502944757e-10,1.0495807556409886e-08,,e534e5fdeb0f73953ee140c07b92190495b577d8dfb636dbb668609b19d00948
single_shape,plain2_w16_gap,random_fullrank,7029,1,release_default,16,4.829080016524703e-10,1.033661511939954e-08,,a5e2c35d18a2abd2d54850f8f5c79c215370670182f3a68a77e57566e8f1f802
single_shape,plain2_w16_gap,random_fullrank,7029,2,release_default,16,6.882516943194248e-10,1.0868250743811814e-08,,efac2d8bd7b1a1be741fced029d6b98d597a80ed361d86c71c5f851f28f7322f
single_shape,plain2_w16_gap,random_fullrank,7029,3,release_default,16,6.783707642260893e-10,9.446089022091542e-09,,6039dc0727335e50d53cee6e4fb4dd3c7859d936148ddf3c12405f7eda667b97
single_shape,plain2_w16_gap,random_fullrank,7030,0,release_default,16,6.553751450997812e-10,1.0856502141720625e-08,,caaea32b1d920a19bb1a1991f2aae1000f0cf34acc56ddd9713b567cb4cb583c
single_shape,plain2_w16_gap,random_fullrank,7030,1,release_default,16,5.055443142299299e-10,6.959406828599413e-09,,8d042e47965ccece8050f8740015b6a996246a977c36ecfbeccfd07146c268a5
single_shape,plain2_w16_gap,random_fullrank,7030,2,release_default,16,7.895761410947199e-10,1.7815986463887157e-08,,9119b1562273659359bfd726704a0964c2ce14a643ff66ea71dc7adcc0500a03
single_shape,plain2_w16_gap,random_fullrank,7030,3,release_default,16,5.332109184912693e-10,1.0274963102574475e-08,,7d95de8bd1bc485065b40164dbd34d50581c45d55d8418f99d27e56c83d4df24
single_shape,plain2_w16_gap,random_fullrank,7031,0,release_default,16,7.150200322086429e-10,1.0943591810530506e-08,,787d5aefa4df6a56ee0bb7369be89f9bb8e6f1bbbc2a0245f9beb63bea01ddcb
single_shape,plain2_w16_gap,random_fullrank,7031,1,release_default,16,6.438773355366271e-10,5.676339398519303e-09,,8ca95cb2d5ebb8d5c45dd1fcf65523c995191ffea34774f89dc23562f6be03a3
single_shape,plain2_w16_gap,random_fullrank,7031,2,release_default,16,4.340423110090656e-10,1.3070637905343574e-08,,e34da3ddb1e4839be49d8f311e6f3dd253900d336c61362a67b548234df493ae
single_shape,plain2_w16_gap,random_fullrank,7031,3,release_default,16,8.120328003977552e-10,9.274232715128505e-09,,32eed7b84257398bf0c82fe1ca824bb6218ebc7210fd1404885b5346988fec35
single_shape,plain2_w16_gap,random_fullrank,7032,0,release_default,16,5.001547159972015e-10,1.3140397658872871e-08,,b18b3c2167734d5db7626473fe344e886563e54bf6b9434971ba76a3fc3ad698
single_shape,plain2_w16_gap,random_fullrank,7032,1,release_default,16,7.067110682665198e-10,9.844768444899898e-09,,ded0f6129e9961ad7b45dedc2965f144cb3b05766ca6c1b17040ec06acd53619
single_shape,plain2_w16_gap,random_fullrank,7032,2,release_default,16,8.242492230586064e-10,1.1062160520936004e-08,,0c495e9993b4db77882d25a7a3cf0d0f5cc93c5b475f640ccf1c50c534548e6d
single_shape,plain2_w16_gap,random_fullrank,7032,3,release_default,16,8.695218482135255e-10,7.774627386325506e-09,,a14b8f117a9b0bf258720d6ef83e2b38d98251d62389241a3449f6a9b72453eb
single_shape,plain2_w16_gap,random_fullrank,7033,0,release_default,16,6.110906129541957e-10,7.2907888615247884e-09,,be6af1cc51f80ae21d82e7f2d59c8fc0aa504fdcc90f177ad721481b5780ea94
single_shape,plain2_w16_gap,random_fullrank,7033,1,release_default,16,7.875999550760528e-10,8.889899039132843e-09,,cd35b9eb9e05f94ef808f5528c2a87315dfb1d1e0b8ab3497d0e29fedacd9510
single_shape,plain2_w16_gap,random_fullrank,7033,2,release_default,16,9.643787771095465e-10,5.605312325407397e-09,,0c902e56e30dd0953dc2e432f2c75944f40b4e91cdb24b1efc63ca4f39203e76
single_shape,plain2_w16_gap,random_fullrank,7033,3,release_default,16,6.790893773237864e-10,8.960326924878359e-09,,fcd1e45ce4e719ccd66602fdf5e77f4c40f24b52a5f41c45041e310e6988608e
single_shape,plain2_w16_gap,random_fullrank,7034,0,release_default,16,5.461459542498177e-10,8.61127413820384e-09,,eaffe52347d13d7d407131570a4db6d0d7efe621d39f261fd02d07267ff04966
single_shape,plain2_w16_gap,random_fullrank,7034,1,release_default,16,6.427994158900815e-10,1.1425960955158132e-08,,912f8cffa31aad50ed16bf5f9eea5c3bd7ae056b4bebc6bd8380761f446f5272
single_shape,plain2_w16_gap,random_fullrank,7034,2,release_default,16,5.188386565373268e-10,8.321656475018813e-09,,ad4a2451c410c785f82f41eb5408bf01c4bb807797a0a06b4c657683d0172f7b
single_shape,plain2_w16_gap,random_fullrank,7034,3,release_default,16,6.277085408384418e-10,6.819249165346264e-09,,39e9c49c750ee665ae29fd9ee135df931cb8f8fe98a855a3ebb4cebdf83650bd
single_shape,plain2_w16_gap,random_fullrank,7035,0,release_default,16,8.249678361563035e-10,8.213799196354898e-09,,44416ce423503d47b393920510262fe9da15c2f3edb23a9a5602c3d1043457c2
single_shape,plain2_w16_gap,random_fullrank,7035,1,release_default,16,7.286736810648883e-10,7.632733778351053e-09,,9a8a87576398e75116d2632b5e744d1a72263a94745d23b2c7a1254d32bd5ac9
single_shape,plain2_w16_gap,random_fullrank,7035,2,release_default,16,8.544309731618858e-10,9.892126895394426e-09,,9bfdd23476eb7467b746a0430eb058ba4594ebcb6b97da384294babda99286bf
single_shape,plain2_w16_gap,random_fullrank,7035,3,release_default,16,8.003272667360481e-10,8.00117339050388e-09,,188024d824d19c0f6f6eeaa0a68dd79a1bb747961e9428cabb1e17d81b01c4f9
single_shape,plain2_w16_gap,random_fullrank,7036,0,release_default,16,6.913057999846376e-10,7.148542979784622e-09,,d671e4a9f240a01bbacf2101a2d7aa1013cedab295353c36dc21dd21778ce7e9
single_shape,plain2_w16_gap,random_fullrank,7036,1,release_default,16,3.6218100123935276e-10,1.4775226819807585e-08,,9d755cea44e3e4d4107dc64ee416f0bd7458c0c34dac0a3734a761cdc043c491
single_shape,plain2_w16_gap,random_fullrank,7036,2,release_default,16,5.914185794047367e-10,1.140648464570404e-08,,a3c1e794d167c4eaeba1173b1a0b3b66af42e88b1ae0c63097461d8b3ba17e4c
single_shape,plain2_w16_gap,random_fullrank,7036,3,release_default,16,6.704660201514209e-10,8.988422450784128e-09,,b018e20235ced15aacb3a0084a057175ed56dc502ee91e1b5c5b8bc90e2b1e67
single_shape,plain2_w16_gap,random_fullrank,7037,0,release_default,16,6.20881716410319e-10,1.3492708950124666e-08,,015c72e5b3609a44bd95f6be50094a7eb10f51bcd7a3630f7c0176239c8b3514
single_shape,plain2_w16_gap,random_fullrank,7037,1,release_default,16,5.547693114221832e-10,8.045917709864625e-09,,2609c74e1dab5c2131379354ec34f61c47e94c453bbbcb3a9d55d02ef15795ff
single_shape,plain2_w16_gap,random_fullrank,7037,2,release_default,16,6.869941213984548e-10,1.1738811034334162e-08,,490c2a64708bd3659c581a27086c32beb51a71888395e2ebeae3ef097c2c6276
single_shape,plain2_w16_gap,random_fullrank,7037,3,release_default,16,7.617298835589562e-10,7.978844696054921e-09,,1526ba395dd6c564434348bedde835ef34906565b51afd39b2b494f8221e8874
single_shape,plain2_w16_gap,random_fullrank,7038,0,release_default,16,8.27842288547092e-10,7.681624669686471e-09,,0f960b09db751b890530eb53cedbe7a972c4a14edd6ca05258bbbfbe63dbd4d4
single_shape,plain2_w16_gap,random_fullrank,7038,1,release_default,16,6.180072640195304e-10,1.0990517385067733e-08,,2e794f224c4a6c6b63a607059acc4290a0cc904fae9c544c8fe9e97cb98a049a
single_shape,plain2_w16_gap,random_fullrank,7038,2,release_default,16,5.118770921533858e-10,1.088597123555246e-08,,78b376d395f8408a8172e21e51968bdd48c2dd7730d59bfa352c688a1854aca2
single_shape,plain2_w16_gap,random_fullrank,7038,3,release_default,16,5.727346388646114e-10,1.0915361503549548e-08,,aac6d0a6037c69b60982c538e5ad6c4b3e5f6be15fc4383c5a16ad81845ab26e
single_shape,plain2_w16_gap,random_fullrank,7039,0,release_default,16,8.185003182770293e-10,1.0550206042125865e-08,,e4e117caf5466a534e65b69b0888a928ff7fa60c89fc378c51909a9a1dcc0d28
single_shape,plain2_w16_gap,random_fullrank,7039,1,release_default,16,7.085525143293687e-10,8.745535851062414e-09,,26ec6702d821af4dace94dfa9f561f8ad87f674151728e8c1fa403d8f173a1ce
single_shape,plain2_w16_gap,random_fullrank,7039,2,release_default,16,7.143014191109457e-10,7.771311372195555e-09,,3c6ae8ffb486344486d0a6a909d2281bf25bbb7efc54e1b4c9fbc1e65c779582
single_shape,plain2_w16_gap,random_fullrank,7039,3,release_default,16,7.125048863667029e-10,1.0906085590178805e-08,,c73fa987cfd70e89f79fda7c0a26271183c241609023cf6ddf63902a874c499c
single_shape,plain2_w16_gap,random_fullrank,7040,0,release_default,16,6.528599992578412e-10,7.980876848279195e-09,,72d2df3aacc33bb448ebe5ace5b94853372d400ca2605c0c8d8673e5413eed1a
single_shape,plain2_w16_gap,random_fullrank,7040,1,release_default,16,6.858263751146969e-10,9.569674497278413e-09,,7f9e9d2e762959bca2e7ba5fb40dd095dd84a37b1e9ea60da834ad42885f2c8b
single_shape,plain2_w16_gap,random_fullrank,7040,2,release_default,16,4.857824540432588e-10,1.0514658255189602e-08,,a142762a8f615c23ccd9dc9d72c5797df2179e2945027033377507a9ba812e52
single_shape,plain2_w16_gap,random_fullrank,7040,3,release_default,16,5.914185794047367e-10,9.556424984680234e-09,,1c3343a9757ef75cea08d6fa2b8b918b20c887fa9ceccfbf1747c3d043dd4c0b
single_shape,plain2_w16_gap,random_fullrank,7041,0,release_default,16,8.041280563230868e-10,6.31155772090608e-09,,702d1c997981e69b97c9d47c3109947c6dc95610fa6da5b1a72e9e7f6423ea64
single_shape,plain2_w16_gap,random_fullrank,7041,1,release_default,16,5.594402965572145e-10,9.387138399929995e-09,,b9303f7b4f272c1386fce3abf72f4f1eed86ef654282261fa21c3ed06c6e1706
single_shape,plain2_w16_gap,random_fullrank,7041,2,release_default,16,7.847255026852643e-10,1.2135424665160599e-08,,4425c081871348f8c188e4e3c4063601e98d3410a808b82d0b7445310b00c3f6
single_shape,plain2_w16_gap,random_fullrank,7041,3,release_default,16,6.050722282609822e-10,1.1087968654344138e-08,,d0494f81e6709233af32db8a4ba56dfd6f96a8f119db9a2e950b526f0ab9880d
single_shape,plain2_w16_gap,random_fullrank,7042,0,release_default,16,6.352539783642616e-10,8.689905572900614e-09,,ecbb2bf8e4f9dcc2c00ab39388a98a5b835c213007bf5d7b9fd91c80a215f128
single_shape,plain2_w16_gap,random_fullrank,7042,1,release_default,16,5.993233234794051e-10,1.275653160881518e-08,,85b46551d572b4ff415cf0770dbf5e1772dbe358b285ed3c83f9bcf0ec502805
single_shape,plain2_w16_gap,random_fullrank,7042,2,release_default,16,5.691415733761258e-10,1.0907379888180913e-08,,98361ff02af02da604969a0e6b479bf7dc18e91eed4730fe4c60ea4480516cb2
single_shape,plain2_w16_gap,random_fullrank,7042,3,release_default,16,7.703532407313217e-10,8.88438866919472e-09,,c02fabe059b4ec99773e3736df5cd6767b5eb32c573dfb55f481ef926dd93326
single_shape,plain2_w16_gap,random_fullrank,7043,0,release_default,16,4.645833676611936e-10,9.12851039203133e-09,,a323bbd0bc153d25b30aa6df9d3d6042e13ef0d37731ea78d8f2c8c5e699670d
single_shape,plain2_w16_gap,random_fullrank,7043,1,release_default,16,5.863882877208569e-10,1.1594222137922827e-08,,8e578dfd87c77b6bee56aa1cee172262210812d85aa8b9835f62741cbee2effd
single_shape,plain2_w16_gap,random_fullrank,7043,2,release_default,16,5.008733290948986e-10,1.3096164597214965e-08,,07194911cd7c4e9eaf2e10a1236bb2d8d982c41ca9dedaee09d770b24449f7a1
single_shape,plain2_w16_gap,random_fullrank,7043,3,release_default,16,7.877796083504771e-10,1.0168198283366792e-08,,59b1ad58143ebf9f2a4698081f77ab15280fec8ed9131b9ecb41137cf4f3b7c8
single_shape,plain2_w16_gap,random_fullrank,7044,0,release_default,16,9.557554199371809e-10,9.959897573352805e-09,,12f32799036e80e416b9440677700fde6a2557982b0759721c8be7e87fd3ae62
single_shape,plain2_w16_gap,random_fullrank,7044,1,release_default,16,8.247881828818792e-10,1.043946373791016e-08,,cb084d65c1dfa649f7add65304179853981d9fdd98475bc0bcc275502a14d6a4
single_shape,plain2_w16_gap,random_fullrank,7044,2,release_default,16,8.621560639621299e-10,1.2338094101949082e-08,,ca2aebd2340a206e52e3262e197cde8807a3917badec7ba92f0abd869bb9e417
single_shape,plain2_w16_gap,random_fullrank,7044,3,release_default,16,7.301109072602826e-10,8.289698927299582e-09,,20e8a61180af320e1301e7b641ea4a51ef85058af12e088f09ee70c62c48566b
single_shape,plain2_w16_gap,random_fullrank,7045,0,release_default,16,5.899813532093425e-10,9.694589464537273e-09,,b328d03dd0610c810a60604c9d0e4fdd6ac80d43cb12271ff539f30b83596439
single_shape,plain2_w16_gap,random_fullrank,7045,1,release_default,16,7.933488598576299e-10,8.372588622407307e-09,,4f1f0b48978c213935074f5c0937ddbf984ccab640ff9875d5f8b498d00c95e9
single_shape,plain2_w16_gap,random_fullrank,7045,2,release_default,16,6.474704010251128e-10,1.121739989784487e-08,,e1ae99d72d0d7d4560547d7a39b2713a746b0900b812b4e8586640cbd19b851e
single_shape,plain2_w16_gap,random_fullrank,7045,3,release_default,16,5.619554423991545e-10,8.044156674102965e-09,,b27a48bcbfd95d2ff8b986e9a8a8c3ece00c5dd078ba4f1bb6a7035f6a3f1a6d
single_shape,plain2_w16_gap,random_fullrank,7046,0,release_default,16,8.506133410803698e-10,1.1597565574561486e-08,,d233cb364947be9aa0fb2e55b25b9e0e41bdc71ca015a3ccaae67429cfd87936
single_shape,plain2_w16_gap,random_fullrank,7046,1,release_default,16,1.0434262178562306e-09,1.1819581091643272e-08,,1a8d4c3051e2cd6678d0a9a91fcb176f94b61475f05dcf0e833db6919bd538f4
single_shape,plain2_w16_gap,random_fullrank,7046,2,release_default,16,7.416087168234366e-10,9.301872827549573e-09,,2f843f9cbd4de86c5c3966965b3e3e4048ea2fad43bc234657d2cb07d73f83b8
single_shape,plain2_w16_gap,random_fullrank,7046,3,release_default,16,5.454273411521205e-10,8.995509670484125e-09,,86a7bce89972a61626132d3e047266590ce553c42038048bde277ae336336daf
single_shape,plain2_w16_gap,random_fullrank,7047,0,release_default,16,6.582495974905697e-10,8.486241487304369e-09,,773f57788be1b33eaab298da100a5ad562a8de93cf0657be5264869310ea8e31
single_shape,plain2_w16_gap,random_fullrank,7047,1,release_default,16,8.105955742023609e-10,1.0029694519353427e-08,,adb32d1328a73f8400610fe063e8e24401515e00f32d8c42019d18ac5b963571
single_shape,plain2_w16_gap,random_fullrank,7047,2,release_default,16,7.703532407313217e-10,7.901946874611099e-09,,67a42871a79161831fb56f615a01cdf3732d7f4a8009e04cc3d070575b226d7d
single_shape,plain2_w16_gap,random_fullrank,7047,3,release_default,16,6.819638297145749e-10,1.0030844488362334e-08,,f2c269e0b83a4a60d59d389c271c29e3b7fa269609184198452500917bd987db
single_shape,plain2_w16_gap,random_fullrank,7048,0,release_default,16,6.09383906847165e-10,1.1842524960670175e-08,,4f4cd20262a2bb8f56711bfcf79745853b40a7adfb6bcf15acedd560d01e8355
single_shape,plain2_w16_gap,random_fullrank,7048,1,release_default,16,4.829080016524703e-10,1.1038295610887872e-08,,6456eae18be0977796da09f0f9d62247f5f86d9596f12ca46e945eeb4dd6b1b0
single_shape,plain2_w16_gap,random_fullrank,7048,2,release_default,16,1.0391145392700477e-09,1.0673273598271749e-08,,35f83a85e49c8282437201da9fee8bbde503f2c2b1174efee0401dda38d14a28
single_shape,plain2_w16_gap,random_fullrank,7048,3,release_default,16,5.231503351235096e-10,1.0396767224918335e-08,,f01d3877bc9c6c2597e0786fcca2a10c436f3a2d56725475b58e3b5af479d8be
single_shape,plain2_w16_gap,random_fullrank,7049,0,release_default,16,5.08778073169567e-10,1.0846326614633028e-08,,6fb1605e293f13bb606191ef6a56cb4d2ce244695ca82e3d2b67f3aaec2db06d
single_shape,plain2_w16_gap,random_fullrank,7049,1,release_default,16,4.6350544801464786e-10,8.420155794830464e-09,,392dd6ab6802f34c40272bddc581ab872e797ab8dbccd5b972bd5a71f4b50d25
single_shape,plain2_w16_gap,random_fullrank,7049,2,release_default,16,5.418342756636349e-10,1.2683644468047817e-08,,444d6ee0046c45c3acfbd05a24c11b22172327ab18daae9a621fbd4b06499756
single_shape,plain2_w16_gap,random_fullrank,7049,3,release_default,16,4.5703793013537373e-10,7.83534570558686e-09,,9f64a3a40fe521a4559e867ef635403cacffd5c3b92c8e46053d0d3e4dd6a92b
single_shape,plain2_w16_gap,random_fullrank,7050,0,release_default,16,8.369147789055183e-10,1.0044727827285271e-08,,b084cdbafa08f395eccadeb5bf90e5a07cd4fdf05c390ce97c381ad979012298
single_shape,plain2_w16_gap,random_fullrank,7050,1,release_default,16,5.174014303419325e-10,1.1052159409885576e-08,,9920ef9df9e689777e6b4cf31c74a93b7e4c7e50ded0b626ded583fcaf72d694
single_shape,plain2_w16_gap,random_fullrank,7050,2,release_default,16,5.059036207787784e-10,1.0410011741512903e-08,,11cec8351f7eb97eab0cd2509826ae73a93ede8cfcddf54eae851dd0decb4ce8
single_shape,plain2_w16_gap,random_fullrank,7050,3,release_default,16,7.588554311681676e-10,1.0517098081308518e-08,,89bb177ca61b9d216f9ccf6f6fc21413b230977bb885a47cccfa6d26c2529ccd
single_shape,plain2_w16_gap,random_fullrank,7051,0,release_default,16,5.274620137096923e-10,1.0872805544792641e-08,,a048d8a8712cdf3d490abdaf3f7b7d310e823cf47a36865fe620405dd605d3c6
single_shape,plain2_w16_gap,random_fullrank,7051,1,release_default,16,7.056780619385802e-10,9.35577393335052e-09,,5d3c6ae4e87d0ea3a5f5309cb4b7042544f34a69960a321539aed23ec9983e70
single_shape,plain2_w16_gap,random_fullrank,7051,2,release_default,16,7.976605384438126e-10,1.4726605934711756e-08,,0400eda351ac899daa583fc0dc6b5894f084c594d42101497a67e8020af30f4a
single_shape,plain2_w16_gap,random_fullrank,7051,3,release_default,16,4.6278683491695073e-10,7.493232589972365e-09,,fc9f3410278e6c75adfef2fe03f413c1360bd6bbe78b5c90344f78c7b97eb7c2
single_shape,plain2_w16_gap,random_fullrank,7052,0,release_default,16,7.933488598576299e-10,7.081408792686261e-09,,376eb24edb3e1a24788547102803f513a5147fab2f371aa0a4b401ae61c5a250
single_shape,plain2_w16_gap,random_fullrank,7052,1,release_default,16,5.439901149567262e-10,8.73457239869424e-09,,75e080119ccb428a6b9090dbd0fe2faadebbd02b646bb0fbc0ea4eb288d6fb06
single_shape,plain2_w16_gap,random_fullrank,7052,2,release_default,16,4.656612873077393e-10,7.864143114488797e-09,,e8bcef7a331913b5cdfd1c4f3b93835401583a4204723787cc6b42fd2d22d1ed
single_shape,plain2_w16_gap,random_fullrank,7052,3,release_default,16,6.984919309616089e-10,7.404509339004051e-09,,b1d8eb9641fcb55d4d63c17adfd365efa8cf56a28e1e36c5e7a0ae464393313a
single_shape,plain2_w16_gap,random_fullrank,7053,0,release_default,16,5.14526977951144e-10,1.2453782893828702e-08,,777f4da74bc67c3e8af1c737c97cc6c60811532714cfef4faf271cf241a1aecb
single_shape,plain2_w16_gap,random_fullrank,7053,1,release_default,16,6.956174785708204e-10,1.208672717467607e-08,,431b954ea40c089ff06b17534f1c4b5d2821578e9ab16b293bc15950a8b71d27
single_shape,plain2_w16_gap,random_fullrank,7053,2,release_default,16,8.307167409378805e-10,8.896409720016152e-09,,2a2145770b22cf8191f06826714e6f362cf8fefa9fc0afe3117e349a95ec2db2
single_shape,plain2_w16_gap,random_fullrank,7053,3,release_default,16,8.468518506471114e-10,6.75535916094816e-09,,7484f21ad44ac5379cb8324cb974949f9b0cfa1454cd865982bf1b4ebe8cd45f
single_shape,plain2_w16_gap,random_fullrank,7054,0,release_default,16,7.067559815851258e-10,6.622947523737821e-09,,7286275d5891bbf61730130c02722adf20037da4a898c9d895d4b2714b97d935
single_shape,plain2_w16_gap,random_fullrank,7054,1,release_default,16,3.9433893736129926e-10,1.1881061245944124e-08,,6e9d726b25031fee4a1fde43ad7cfd659fc6d0a7544b8dff3968734a70bf4b51
single_shape,plain2_w16_gap,random_fullrank,7054,2,release_default,16,7.173555247761585e-10,6.940830132862175e-09,,0a646d979d34848b29b1c330ee7c3c8d825581210124e410e0f6a22f4cf689b2
single_shape,plain2_w16_gap,random_fullrank,7054,3,release_default,16,5.547693114221832e-10,1.2317923125948482e-08,,e639e4d281c7132e5859993a4cf4c44d6eff8e466d49f12dd613501ae0badfb1
single_shape,plain2_w16_gap,random_fullrank,7055,0,release_default,16,6.812452166168778e-10,6.345947545227659e-09,,565c7d087a992da959bb76dd791acf55401924802916b85a8c6619f1360b5928
single_shape,plain2_w16_gap,random_fullrank,7055,1,release_default,16,3.3092133148952766e-10,8.51446513294718e-09,,2e5a04843d3f989ecee5f5856f1c740430cee657d8ded7768f748a655aed6241
single_shape,plain2_w16_gap,random_fullrank,7055,2,release_default,16,6.927430261800318e-10,9.087182784028869e-09,,63edcf6c6a325b1fad9f7ab63d141ee7ff3f6f7f332998d66c84c6bf8d34e8e5
single_shape,plain2_w16_gap,random_fullrank,7055,3,release_default,16,5.576437638129717e-10,9.018292002060946e-09,,500dd4c7a1bdb7b3c96f3e300d2dbd989d5df420e45a622ca06d53a7b5847098
single_shape,plain2_w16_gap,random_fullrank,7056,0,release_default,16,7.114269667201572e-10,1.263759175085255e-08,,5483e2db0c06f99ac406e9356f0b22e8083c1f7b9160aadb4a41fb6885b1e2df
single_shape,plain2_w16_gap,random_fullrank,7056,1,release_default,16,9.449762234717239e-10,9.725694583018196e-09,,9a91e5a290f7b3b76f5df0b38eab6797d68ec20f0c6cf85c604e7057f227ef2b
single_shape,plain2_w16_gap,random_fullrank,7056,2,release_default,16,5.583623769106689e-10,1.0987780685312032e-08,,c6c7b0a78422220de446440f711ab7d3681599083335b5e445ace70a2b355bd2
single_shape,plain2_w16_gap,random_fullrank,7056,3,release_default,16,1.1011847455836372e-09,7.90138154904696e-09,,760e611e8050338cd1a31ff6115add22a5782916644b956178de7f4446bf0061
single_shape,plain2_w16_gap,random_fullrank,7057,0,release_default,16,7.186130976971285e-10,7.890787356856777e-09,,4f2c664cac333885cfefde79442849370cd6a22ba2fcb5c61ad068160338745d
single_shape,plain2_w16_gap,random_fullrank,7057,1,release_default,16,4.886569064340474e-10,1.117532033578783e-08,,d255da56387328d374578197e9f0c896e0098f753ffbca90d9b9b96d68c5eb82
single_shape,plain2_w16_gap,random_fullrank,7057,2,release_default,16,7.071152881339745e-10,1.2738214705265705e-08,,e2f9b38282366eb507d30fe22c04feca551b5cabe96640fa9a12c7e1e3a8ce2d
single_shape,plain2_w16_gap,random_fullrank,7057,3,release_default,16,4.41947055083734e-10,9.596855088389589e-09,,cb3802980794566be3c5d2163086d19ff08b6a3e964e7c8ab264a413ced0e66d
single_shape,plain2_w16_gap,random_fullrank,7058,0,release_default,16,8.199375444724236e-10,1.2557793471756895e-08,,2d2e771460e28d2aa82652ce0e9697278699da499a15b9cc5e57f73d9a37d646
single_shape,plain2_w16_gap,random_fullrank,7058,1,release_default,16,6.93461639277729e-10,7.92520715720002e-09,,3047cd604f8967116cc6fddc508de6d8ca4664001278cc3c7117e8de78e8e552
single_shape,plain2_w16_gap,random_fullrank,7058,2,release_default,16,7.157386453063399e-10,8.502990311853864e-09,,b9f1b1d55c603b03fd46ab14fd78e2bf77f89b227875f4362609645132c24c68
single_shape,plain2_w16_gap,random_fullrank,7058,3,release_default,16,6.790893773237864e-10,8.191264111445662e-09,,3d5e2a509f1c4f42ff619d3314944fd033397df5800eaa9544a176ae6e9c3c35
single_shape,plain2_w16_gap,random_fullrank,7059,0,release_default,16,6.927430261800318e-10,8.161574083231926e-09,,c066ec933e2f0ba0d791bdc30188bb56b47e68574479ee1e49f58a3895c6d847
single_shape,plain2_w16_gap,random_fullrank,7059,1,release_default,16,3.85895233463358e-10,8.830934095094278e-09,,223262f49d9af7b2a684a7dd103c4de9809671d8e4f612d2ff01dccfbb8d4ee7
single_shape,plain2_w16_gap,random_fullrank,7059,2,release_default,16,5.174014303419325e-10,1.2140764837909046e-08,,19b275bba56872e0868c4da51b06fc2cdcb566e7f7126f8a46109d0eea7e5ee8
single_shape,plain2_w16_gap,random_fullrank,7059,3,release_default,16,6.812452166168778e-10,8.086267766493904e-09,,6cfd67d419fa73bb401250039554e4ad374963b9d261d4a9a60ab78b0c247c32
single_shape,plain2_w16_gap,random_fullrank,7060,0,release_default,16,6.065094544563764e-10,6.211542613598908e-09,,6dffecab730c013b631b585233eeb27735f851081bb7e1fc198a780faff1bf19
single_shape,plain2_w16_gap,random_fullrank,7060,1,release_default,16,7.531065263865907e-10,1.139823768703252e-08,,b35b290174425f7d1a5cf2b8f6b16941e560b56c6db7eacbc5e4528e6d90dcab
single_shape,plain2_w16_gap,random_fullrank,7060,2,release_default,16,7.401714906280423e-10,1.0914858794563997e-08,,12f415198e2c38ef0ba6fb79ec2d4e94eec0052d3c935f612c02347ad70be31b
single_shape,plain2_w16_gap,random_fullrank,7060,3,release_default,16,7.962233122484184e-10,8.817353180923249e-09,,00d96940e30d3bf9aba85cdb174536c0d63b1cf6b004cc094c733620ad3adb62
single_shape,plain2_w16_gap,random_fullrank,7061,0,release_default,16,6.812452166168778e-10,8.562044295779003e-09,,190376e6dfd210674241df3c6591156ad66ef285cf426c8a44be77afe6e7d69c
single_shape,plain2_w16_gap,random_fullrank,7061,1,release_default,16,7.703532407313217e-10,1.1079010597825345e-08,,4d9b26af85b4442c85d0495ebb2f63d5c8a23071d506071b624d4b3e9d1bde82
single_shape,plain2_w16_gap,random_fullrank,7061,2,release_default,16,4.879382933363503e-10,8.879725399424387e-09,,3c7f7924b786bc56e0e4c70d8b94b29c2e038ea22289ab4e4e8432454022a202
single_shape,plain2_w16_gap,random_fullrank,7061,3,release_default,16,5.375225970774521e-10,1.4244291079990035e-08,,face8a09e86b75285bff727f90c966e957f492981eb3e9dda6b44f68652be22a
single_shape,plain2_w16_gap,random_fullrank,7062,0,release_default,16,5.821664357718862e-10,8.47088021949105e-09,,ac9a2d649d7d6b2ac0474a994c9fb604d9ee58088b9db28caeae85787274a25c
single_shape,plain2_w16_gap,random_fullrank,7062,1,release_default,16,8.508379076734001e-10,8.533661333132159e-09,,364986dbc4efa4ca47653b1a49d3f94c6a1475677d47c2b36cc4461153c5a2fa
single_shape,plain2_w16_gap,random_fullrank,7062,2,release_default,16,5.892627401116454e-10,1.11550172432473e-08,,c453de3f4b3f68cddd771530f8aaa088304b7f68ee0b5d995acb9bcd58e96e42
single_shape,plain2_w16_gap,random_fullrank,7062,3,release_default,16,5.48301793542909e-10,6.582068001748098e-09,,510ef2dc2dc3914220fe5e68238508729553e0879f12279b112294903ac1bd33
single_shape,plain2_w16_gap,random_fullrank,7063,0,release_default,16,5.662671209853373e-10,9.91031701147449e-09,,894419672d399099ef52ae76a2230643b12453fc0212795db011e9a6bd151a43
single_shape,plain2_w16_gap,random_fullrank,7063,1,release_default,16,6.771131913051194e-10,7.738558793768391e-09,,6f80fdb9eeca66c1206e36a7307f00ec50f7da2c450e40ae3928d4f1e05a35cc
single_shape,plain2_w16_gap,random_fullrank,7063,2,release_default,16,6.036350020655879e-10,9.450850213532647e-09,,625656d6d215b1369f5196e78bdb279c7dcdd3b738ec1fc5d793c3e3c2cb0f05
single_shape,plain2_w16_gap,random_fullrank,7063,3,release_default,16,6.438773355366271e-10,8.890334690647705e-09,,5e254226b88bd935ae1566f56add53de937b8851fd008978194ab44b00ba23a0
single_shape,plain2_w16_gap,random_fullrank,7064,0,release_default,16,8.033645299067836e-10,1.3030381218470666e-08,,71bf1ef55e5bc0683dcde40003e9f0f3ab1b770c6cde85b03545c0e8abce3faf
single_shape,plain2_w16_gap,random_fullrank,7064,1,release_default,16,5.547693114221832e-10,6.864256163474636e-09,,b5cefe5597b53ac0744af8e2edabbd0120d1cb875368b7d90f2703c4990a2752
single_shape,plain2_w16_gap,random_fullrank,7064,2,release_default,16,4.818300820059247e-10,5.743512665468131e-09,,1b333471480ed3fda1e543890e8cb1255c2353e60da0644d5e6383ab8355c4d5
single_shape,plain2_w16_gap,random_fullrank,7064,3,release_default,16,8.422145505010346e-10,1.3104883622716557e-08,,323e82c59b3cbeaa1838c247dbae30672f844189defa7c81fee868fba7fcb87c
single_shape,plain2_w16_gap,random_fullrank,7065,0,release_default,16,5.051850076810813e-10,1.0601108213492694e-08,,e2bba9e0af7df482074d26c6e4ba4824227ee8727c304cfd9ffdb6028455f44e
single_shape,plain2_w16_gap,random_fullrank,7065,1,release_default,16,8.901819747723179e-10,1.1049862358447626e-08,,dfb4f828b4923e90368758ed00b3285866ac5049e837af4de523605a6b58d5b4
single_shape,plain2_w16_gap,random_fullrank,7065,2,release_default,16,6.316609128757759e-10,1.110084857369742e-08,,7e0fbbeb30bf44ec06084d8f9041c42c91d7baed96aa62713a5da8f4b6bda880
single_shape,plain2_w16_gap,random_fullrank,7065,3,release_default,16,4.2928149923682213e-10,8.555940178567312e-09,,4513fa7e35998fba138a4f8fd33bbcfcf9e73a122185109194784a3eb8f91a13
single_shape,plain2_w16_gap,random_fullrank,7066,0,release_default,16,5.76327704353097e-10,1.1833312774101046e-08,,95c680490c3a914ac60566395aa6389486c640397e1e7827620189ecfa39bd21
single_shape,plain2_w16_gap,random_fullrank,7066,1,release_default,16,6.000419365771023e-10,1.1721412285226052e-08,,10acb5e7e4830f63c4c51992faf8a4fc73c2c3489eb138c684cc03ad2d4e5477
single_shape,plain2_w16_gap,random_fullrank,7066,2,release_default,16,3.9092552514723787e-10,9.138881429393564e-09,,6659effa4ad1477daf85653d4ef6a633fb6ed9e8708be2105184276ff034f24c
single_shape,plain2_w16_gap,random_fullrank,7066,3,release_default,16,5.576437638129717e-10,6.13957951145494e-09,,64112ae82bea3d5565c379baf20d0e4f7da53e2fb8e469ddf2693ea4e824e470
single_shape,plain2_w16_gap,random_fullrank,7067,0,release_default,16,6.381284307550501e-10,1.0148890727812443e-08,,917ad1634fc829ffab00a35b3ffd0d92d1c1ca875c42e615edb9bf5abc41b263
single_shape,plain2_w16_gap,random_fullrank,7067,1,release_default,16,7.301109072602826e-10,1.4015964389102464e-08,,54499373476a46f9e9531bab8f477d8458dfbf483862b2549b2c695369b18895
single_shape,plain2_w16_gap,random_fullrank,7067,2,release_default,16,4.2398172764130583e-10,6.504169647314484e-09,,5e903704ba04683d29d4ef499e170a712a2a8d52de7d749753b4e04824305177
single_shape,plain2_w16_gap,random_fullrank,7067,3,release_default,16,5.174014303419325e-10,8.269710027875021e-09,,25b6595f68c16196d86d5d37cd943db2cf032dcc86f79a53e661427c8bca8160
single_shape,plain2_w16_gap,random_fullrank,7068,0,release_default,16,8.379028719148518e-10,1.000074245638416e-08,,35be1ec9053f41f4d79d64630c1de1cd3e59bac15b49d6a8c2ff864d8f971e52
single_shape,plain2_w16_gap,random_fullrank,7068,1,release_default,16,7.157386453063399e-10,1.258877335708064e-08,,fe302875d278d3d4ffd1606806f0e8bdaa12b8a3fb6015c4f7df7933ab5cce67
single_shape,plain2_w16_gap,random_fullrank,7068,2,release_default,16,5.317736922958751e-10,8.934882056443882e-09,,67c2e4a231c54cccc0ff26cf2b4c039be35482875231bcc6e305d526364d7a36
single_shape,plain2_w16_gap,random_fullrank,7068,3,release_default,16,4.972802636064129e-10,1.3774376750319561e-08,,dd98681ce264933544af573601e10d32fe3d8051d3e51448930b3f9ec079ee7c
single_shape,plain2_w16_gap,random_fullrank,7069,0,release_default,16,6.036350020655879e-10,6.1343121693369085e-09,,707f60b3040477b516b8be8bb55e7cd8f51c12ec3388ceba826b110db902526e
single_shape,plain2_w16_gap,random_fullrank,7069,1,release_default,16,5.64829894789943e-10,1.2414735350851913e-08,,d536023b6a85cc9825db3a8efdfaf1945490a3a099d139d5855d92be2821eea2
single_shape,plain2_w16_gap,random_fullrank,7069,2,release_default,16,6.493623745713935e-10,1.0792392202141343e-08,,08bcb02c462986715ae28c3320f1e7dc1ca7f78a435ca29106d3d7e950fa1240
single_shape,plain2_w16_gap,random_fullrank,7069,3,release_default,16,8.450890028918231e-10,1.0595152422077092e-08,,1aad7e76e4afc90656b6020f33854bbd323b7042aa8597d52e2a3bfc8b2dbc30
single_shape,plain2_w16_gap,random_fullrank,7070,0,release_default,16,5.461459542498177e-10,6.722634005029704e-09,,0c29307f9d256e5a4283aa33944b0b07502c3d5e27f15d59ae98133ca4ce190d
single_shape,plain2_w16_gap,random_fullrank,7070,1,release_default,16,6.496262403182041e-10,8.998973344276351e-09,,3f7b8c0618fa369817a8d6f0df60796a0d5252cd48de2085dbe0ba57ba682e9b
single_shape,plain2_w16_gap,random_fullrank,7070,2,release_default,16,6.76933538030695e-10,8.371828785769253e-09,,085c7ec45e52d898129ee29eae92bb15e6044daf4c90d9a372c62932baac57d1
single_shape,plain2_w16_gap,random_fullrank,7070,3,release_default,16,6.525006927089927e-10,1.3184066172122755e-08,,04dce82f027dfa7b82d116ce4e8c2c35a732927f8b2f3d3020c9c7eb1a22761c
single_shape,plain2_w16_gap,random_fullrank,7071,0,release_default,16,6.352539783642616e-10,1.2306631824721137e-08,,65bd2bea4a1a0d42df3e2ab47d7fb2badadafd693704e15c3934e9691c18ae08
single_shape,plain2_w16_gap,random_fullrank,7071,1,release_default,16,5.7057879957152e-10,1.6749414966099607e-08,,c37d7991cfa4a12fd2c84199e2ecd79fbb728ae778e5b9e29527231e36de6970
single_shape,plain2_w16_gap,random_fullrank,7071,2,release_default,16,9.356342532016612e-10,1.014749295702444e-08,,c3c433f58532ffbc7ec55cd901b08a277ad51eebb8b6332139320ae9acd3d840
single_shape,plain2_w16_gap,random_fullrank,7071,3,release_default,16,7.071152881339745e-10,1.3864912995487089e-08,,4af33289e9c1168f02109251e4a09af9be5ca8829f166c99071d49d0314d6892
single_shape,plain2_w16_gap,random_fullrank,7072,0,release_default,16,5.518948590313946e-10,1.147387662658872e-08,,4ee1061636fae6def86829b373f6963c160cc3954aaa03aee87740b67226e4ad
single_shape,plain2_w16_gap,random_fullrank,7072,1,release_default,16,5.738125585111571e-10,1.054558285140672e-08,,4dd5b3e35742d8a72b6bce32d242893512c5902b38852b8509d6f68383187a6f
single_shape,plain2_w16_gap,random_fullrank,7072,2,release_default,16,5.892627401116454e-10,1.2892680700815617e-08,,ea3254aea3d02d08d3634cbb62d97f7837f9bc426c91bb38e93c3c52f785b37d
single_shape,plain2_w16_gap,random_fullrank,7072,3,release_default,16,4.908127457271387e-10,1.207192534824486e-08,,00e35279c9574b267160097ae4ecfabfec4d8056bdd794e8b5be944d7d735b8e
single_shape,plain2_w16_gap,random_fullrank,7073,0,release_default,16,7.21487550087917e-10,1.1213505235474486e-08,,6ba2f2770d5b2549d9b2738858d0fcc727adc0ef1722eeaf73e1d474ffe10229
single_shape,plain2_w16_gap,random_fullrank,7073,1,release_default,16,5.576437638129717e-10,9.580125803765327e-09,,046189f07c36579e64395c97b1cbdd89f1d8318e4663613dbf008e91b238a444
single_shape,plain2_w16_gap,random_fullrank,7073,2,release_default,16,6.984919309616089e-10,1.0163052177603049e-08,,48e2b084fb391aa9efb05286c3fbec330fd793165abf9f074d11b49f0d4916b6
single_shape,plain2_w16_gap,random_fullrank,7073,3,release_default,16,6.029163889678908e-10,1.3140921129028982e-08,,abe1d4a163cdf79bce3fc19e899af0b860d0893eac7dc0b2ec3f8edffa11d75d
single_shape,plain2_w16_gap,random_fullrank,7074,0,release_default,16,6.968750514917903e-10,8.252325378599323e-09,,645a0c7ed18564247c3bd0b69aba6da5491cbe275100007033815a416f2cd128
single_shape,plain2_w16_gap,random_fullrank,7074,1,release_default,16,8.264050623516978e-10,9.278001256163293e-09,,ae3820441d59d774f953b70cbe06932d793272676ab7e6e18d759c13d40b0ed4
single_shape,plain2_w16_gap,random_fullrank,7074,2,release_default,16,1.3394948141074474e-09,1.0718790299790726e-08,,8b04b6642bd318c3c77eeabde2d40ee306ce95a7a696ce7745ddd2dfd6598944
single_shape,plain2_w16_gap,random_fullrank,7074,3,release_default,16,5.403970494682406e-10,1.1669633037669769e-08,,ba7bb87b2358d3f278011087f1230ced60ccd1839b7f83969dea2eec6eb6ce69
single_shape,plain2_w16_gap,random_fullrank,7075,0,release_default,16,7.847255026852643e-10,1.4599651709801265e-08,,74bf1ad24f6a194f899d0b8618b01340900f3615d76165062fc813342931f18a
single_shape,plain2_w16_gap,random_fullrank,7075,1,release_default,16,8.964698393771678e-10,8.941054119304681e-09,,ec68d12c500b65c225a6c990a4ff5107fe66ba3f84ee7b9183ba705de64df660
single_shape,plain2_w16_gap,random_fullrank,7075,2,release_default,16,6.496262403182041e-10,7.901259091447344e-09,,a101d32e2fb4284ff5353f48203e58d75e8d68c5ca3088c027f69856e8340c30
single_shape,plain2_w16_gap,random_fullrank,7075,3,release_default,16,6.244747818988047e-10,1.463791776679102e-08,,28b5dbc7fe7c529649f1fd8a7a0b7d680e2201b128efadbbafc5fda7b8e25fdc
single_shape,plain2_w16_gap,random_fullrank,7076,0,release_default,16,7.926302467599327e-10,8.909982751603707e-09,,268d59483cead889578d929201e64c34ca347d03b5de5b96a5f8bcde6118ef98
single_shape,plain2_w16_gap,random_fullrank,7076,1,release_default,16,7.487948478004079e-10,1.3412545518676211e-08,,c00215c5c3a3cd5e9662baa697c174338f4771c683a15cca3a0e9fcd58c4e1d0
single_shape,plain2_w16_gap,random_fullrank,7076,2,release_default,16,7.990977646392069e-10,1.1572083069566474e-08,,df1c482eebb4baef993a2c5d51ec9a9daafd997bcb9f434378c42e33bcaf1a2f
single_shape,plain2_w16_gap,random_fullrank,7076,3,release_default,16,8.27842288547092e-10,5.823759918754945e-09,,d03837d6223c66f088677fbb563d050397d27d01c716e825166e6bab5f08f261
single_shape,plain2_w16_gap,random_fullrank,7077,0,release_default,16,5.964488710886166e-10,9.287001168090114e-09,,ae7f686d2cd74cc24cdff01e5f8147b2a15bcfad78bd4a6ddf33dbe701118194
single_shape,plain2_w16_gap,random_fullrank,7077,1,release_default,16,5.468645673475148e-10,8.575525178855514e-09,,61ea3b32e190272c66df3d49b97ce09b209dae9952a77929ad7f8ba92f8fb1c1
single_shape,plain2_w16_gap,random_fullrank,7077,2,release_default,16,5.015919421925956e-10,1.2078475108978637e-08,,376c94c693f8ed2856c66562b6d91a51bf84cc48286051489b11cceeae79fd62
single_shape,plain2_w16_gap,random_fullrank,7077,3,release_default,16,8.048466694207839e-10,1.2930579940118037e-08,,6733cfeede48495b03b818195ae5818584b336de9245d59975314e08e96d0a43
single_shape,plain2_w16_gap,random_fullrank,7078,0,release_default,16,6.065094544563764e-10,8.81369188743264e-09,,ab328e84443657c08684fb9fe739794d9eff6952da71051d325fec146f9c900c
single_shape,plain2_w16_gap,random_fullrank,7078,1,release_default,16,6.007605496747994e-10,1.0193749733211632e-08,,650787493e7114f8ea77aa48c70cb7839f2a9853014b5f26c4c79133465ad747
single_shape,plain2_w16_gap,random_fullrank,7078,2,release_default,16,5.892627401116454e-10,7.622838582577174e-09,,c19236a0f5381b5692e8b600667d18468d697818936fd057fda40c3904505104
single_shape,plain2_w16_gap,random_fullrank,7078,3,release_default,16,9.331191073597213e-10,1.2072246091676675e-08,,48cdc2fe38b7434cb68e16122cbf82ab9d58da5a6b37e9e4d08915ed717e4468
single_shape,plain2_w16_gap,random_fullrank,7079,0,release_default,16,6.973466413371541e-10,1.1933094956617651e-08,,993a59393b31764582aa92fd0be07f5878d47b8303a9e3ef6278c275eac8c1de
single_shape,plain2_w16_gap,random_fullrank,7079,1,release_default,16,6.036350020655879e-10,7.237721977304545e-09,,73fec35421328efad3ca192603dcacaea8384183ba0eedd2bcf5763d4269771a
single_shape,plain2_w16_gap,random_fullrank,7079,2,release_default,16,6.021977758701937e-10,6.741204927607214e-09,,d2793cf4b16b3822fce388d5a606729b630ce798823801dc85874c6ee2930a7b
single_shape,plain2_w16_gap,random_fullrank,7079,3,release_default,16,4.1248391807815177e-10,7.69715635673407e-09,,d5e18e62592004ef2beaaf9512c0512396bf4ea5374a3db56077784002eb364b
single_shape,plain2_w16_gap,random_fullrank,7080,0,release_default,16,5.073408469741727e-10,9.112732568539172e-09,,17c3687bfb02cdfc8d8b0b25635f4a8e1dba11ed99a29b9964dd42efa355639b
single_shape,plain2_w16_gap,random_fullrank,7080,1,release_default,16,5.403970494682406e-10,1.0751855850088532e-08,,54d73eec91407df0550cbccf9e066b1b712ee1320ddca768dbef82b546a92ac7
single_shape,plain2_w16_gap,random_fullrank,7080,2,release_default,16,5.685127869156407e-10,6.768942628632146e-09,,aef2e0e92b21000ed92cb6bf80ac172681466245dcf519b797b4c5168ac499f6
single_shape,plain2_w16_gap,random_fullrank,7080,3,release_default,16,5.518948590313946e-10,6.9429837434853425e-09,,5834864db424e6e75ef93646b68d87013d85e056f9d5bbc823cf345ed37116b5
single_shape,plain2_w16_gap,random_fullrank,7081,0,release_default,16,6.869941213984548e-10,1.3468066883959295e-08,,5256ca9946cd9bcf6ac6346588176cfb39ab3238b024a19e7dc0b0d8b52e95be
single_shape,plain2_w16_gap,random_fullrank,7081,1,release_default,16,6.237561688011075e-10,7.065957929874855e-09,,02241b7af0332d014d37f1b5c6dbd460e8c880c546f6c9a4edce6524aca7ea3e
single_shape,plain2_w16_gap,random_fullrank,7081,2,release_default,16,7.430459430188308e-10,8.973030762859935e-09,,eed5d1517c4fdf758f9dd12473f0df0444d0576001db414b11aeb92239b09f93
single_shape,plain2_w16_gap,random_fullrank,7081,3,release_default,16,6.000419365771023e-10,7.4498536228873036e-09,,c60559f0aab35dc4e4e39d737439af9732604d9e8999d43c2a7fb9683de6e650
single_shape,plain2_w16_gap,random_fullrank,7082,0,release_default,16,4.451808140233711e-10,1.623219969548728e-08,,e5b652d485725631d1c20a3ea96f658ac1c09969f75e5e780f387a9c2fc7d1f5
single_shape,plain2_w16_gap,random_fullrank,7082,1,release_default,16,6.065094544563764e-10,1.1041101921627217e-08,,bad1e5fe2c96c415174b8eb6e860674730e3d5ad842b2bb56571ad4431190ae6
single_shape,plain2_w16_gap,random_fullrank,7082,2,release_default,16,4.5488209084228233e-10,9.161176706129481e-09,,ca0573174dfc1dab7541aca8575d8a5332d6208d72c0426a9347fcecf11cd49e
single_shape,plain2_w16_gap,random_fullrank,7082,3,release_default,16,3.736788108025068e-10,7.798561685312677e-09,,3fc430b9b8c05c861a8193324f3cd3b0964d09830688a687bd030a53c3238dc8
single_shape,plain2_w16_gap,random_fullrank,7083,0,release_default,16,6.194444902149247e-10,9.938006528820154e-09,,a37352dffbce1cfbd27536e5b5eb4ce08d9a7c93418147f53244ff4466b1f55b
single_shape,plain2_w16_gap,random_fullrank,7083,1,release_default,16,5.403970494682406e-10,6.6844454416070676e-09,,0a6771cff414e8503a0ce12ffdb5fee5040a7b569d9b9d11ad8608a27f2ad914
single_shape,plain2_w16_gap,random_fullrank,7083,2,release_default,16,5.274620137096923e-10,8.900170267445162e-09,,2d5f087171aee069c9489907d9cb0de64b26b6b015b09f893c9ae3a48d7b7aec
single_shape,plain2_w16_gap,random_fullrank,7083,3,release_default,16,4.742846444801048e-10,9.698216896225631e-09,,d8ee5a1e001314e8ee994710198c476b79516de597337f64464c9943fe1bc3a8
single_shape,plain2_w16_gap,random_fullrank,7084,0,release_default,16,6.129769723356506e-10,8.977099064111371e-09,,371591b3b8f146a53916df8e39b0a3c22c3371346e880790b0187fb775f2dd68
single_shape,plain2_w16_gap,random_fullrank,7084,1,release_default,16,8.174223986304837e-10,7.889510822423063e-09,,089fa19998505957ed56e4dffcaffb42f0309cc3f03d7908f8df0764acf085e4
single_shape,plain2_w16_gap,random_fullrank,7084,2,release_default,16,5.059036207787784e-10,1.2247978076196375e-08,,b2a68351ce587ee6c5ec1b3f4c2a5fc139defa91a1ce032ba931c69201a140ab
single_shape,plain2_w16_gap,random_fullrank,7084,3,release_default,16,4.311678586182771e-10,1.0408676698325792e-08,,631133cfd59eae775670e8609b852a258d8b564df5cc09ec09cc074e927ff540
single_shape,plain2_w16_gap,random_fullrank,7085,0,release_default,16,5.978860972840109e-10,6.863077217644786e-09,,b4d1d983ad8fded0b272c8da06366ffb5fc9ca0cd753d05e05d5a62c16b0293f
single_shape,plain2_w16_gap,random_fullrank,7085,1,release_default,16,7.933488598576299e-10,1.170207797329681e-08,,672ea157d67288f4f32d6494e156573ec4f0e9ccf60205325c9d8fa9427c7207
single_shape,plain2_w16_gap,random_fullrank,7085,2,release_default,16,6.395656569504444e-10,1.1279642109229826e-08,,55786af5007ebcc0f45bd4bdede8fa1f2f2077f0327ce267e0600567683df7f4
single_shape,plain2_w16_gap,random_fullrank,7085,3,release_default,16,5.806393829392798e-10,1.2744036270717629e-08,,a4276907165f6d934a98c9293b0461e1fc6b529f8198dfc1e916a7e913153be7
single_shape,plain2_w16_gap,random_fullrank,7086,0,release_default,16,5.188386565373268e-10,8.760604908175651e-09,,2aceb096ee5bfd33804277b2c48a160f67a18ddf3dc1d32efb482bcb27ecd940
single_shape,plain2_w16_gap,random_fullrank,7086,1,release_default,16,6.99210544059306e-10,9.95903937095477e-09,,6f63be45b54ae290b90ea07d862e1e686cd7c1fd63ef3f7aacec67395f3899ae
single_shape,plain2_w16_gap,random_fullrank,7086,2,release_default,16,6.158514247264391e-10,9.913627252444712e-09,,7f2a46af54173de35510ad3ad52f7da1714d63bfa7cd8834c215acde6d52cb2e
single_shape,plain2_w16_gap,random_fullrank,7086,3,release_default,16,7.27236454869494e-10,7.579389560419258e-09,,aa42392a87a5659b8dda847c422cc170402d0d8639803dcbac830f936f1c2178
single_shape,plain2_w16_gap,random_fullrank,7087,0,release_default,16,5.274620137096923e-10,8.324380296187428e-09,,b63b6373a966e1f553c68c0a590d29e3af96ded710aa86aa9593c0146b6fcd94
single_shape,plain2_w16_gap,random_fullrank,7087,1,release_default,16,7.556216722285306e-10,1.4249556645751227e-08,,3860e97a2906d28dbec10c0254a96bd20e28a40ac7174e4e5db703f809e5ccc6
single_shape,plain2_w16_gap,random_fullrank,7087,2,release_default,16,3.76373609918871e-10,8.077031821152048e-09,,d6b866e04a3656b4a0d785b203fc1e472364b150e1d255aab4428de43e84581b
single_shape,plain2_w16_gap,random_fullrank,7087,3,release_default,16,5.59080990008366e-10,8.624433833759326e-09,,e505416bd73c78102c64888ee037f3477a35d2a2db063f8535348282c2cdd90c
single_shape,plain2_w16_gap,random_fullrank,7088,0,release_default,16,7.035222226454888e-10,7.775685206823368e-09,,3a9dd4fbaa259e46d2cfb1be1efb5fc9bd234b564b684ef78b6a17edd9052191
single_shape,plain2_w16_gap,random_fullrank,7088,1,release_default,16,7.761021455128988e-10,8.694291731004e-09,,9c1b9eac61899f59996c7bbfbc7ec5ac3d3128efc1831c56f998f6b81add7566
single_shape,plain2_w16_gap,random_fullrank,7088,2,release_default,16,8.910802411444393e-10,8.568650233797825e-09,,a1c03368fbedbd1f1a223dc6a17e89ae9b94f05205c7896656fb08a95b27b3ef
single_shape,plain2_w16_gap,random_fullrank,7088,3,release_default,16,5.655485078876401e-10,9.684377300089864e-09,,3c1495848fbd77cadcf4d52d6bccff8afc612f10c52e7b1e81748705508971db
single_shape,plain2_w16_gap,random_fullrank,7089,0,release_default,16,5.267434006119952e-10,7.860962103478641e-09,,367d2fa8e97ae5bcb2f8dd52dc2ba8c57e5f90c4dd1620784c1e307b51f35c0b
single_shape,plain2_w16_gap,random_fullrank,7089,1,release_default,16,5.360853708820579e-10,1.03142376861598e-08,,6dd1b0c3152cdf6eed6041b8bed8f8692fec102f2ab2684219a877170b809f44
single_shape,plain2_w16_gap,random_fullrank,7089,2,release_default,16,5.756090912553999e-10,9.335104023122653e-09,,2f4d55a7af61847c19f34175a0ed790f94de29701f571e27048ee5ab700963a1
single_shape,plain2_w16_gap,random_fullrank,7089,3,release_default,16,5.605182162037602e-10,1.4842450490881731e-08,,070233c824b0e56ec868cde0a63691ab527adea082e5edea10fe8c5a792c4104
single_shape,plain2_w16_gap,random_fullrank,7090,0,release_default,16,6.050722282609822e-10,1.0084117874065157e-08,,a4db32e0c3f8c109c1065dca5617ec5d254e7456596a11626efcf839759bf80d
single_shape,plain2_w16_gap,random_fullrank,7090,1,release_default,16,5.892627401116454e-10,8.750036251115034e-09,,b9a9b63cccdd4d256fd21d030628253425f5196f9686253ab368674fcbaec9b5
single_shape,plain2_w16_gap,random_fullrank,7090,2,release_default,16,5.820766091346741e-10,6.902934224228829e-09,,c867a643b5ff935d8159483e18c1ce6b170037a7d1e353715925cca043c2500b
single_shape,plain2_w16_gap,random_fullrank,7090,3,release_default,16,5.195572696350239e-10,1.190386766936058e-08,,098f240f31a83b6238ff767c8062b94d9565caca58f1edb0bec89d20ca0317fe
single_shape,plain2_w16_gap,random_fullrank,7091,0,release_default,16,7.257992286740998e-10,1.0507210435051206e-08,,698429011314a3a2f555bd9e97301eadd4614898addc67c0b7e0e7a1282b95d6
single_shape,plain2_w16_gap,random_fullrank,7091,1,release_default,16,7.416087168234366e-10,7.351907305164218e-09,,f6e9d56bd61ffc70848cd82dc3c29f177dae62ec36ab7e414d007c31a1533428
single_shape,plain2_w16_gap,random_fullrank,7091,2,release_default,16,4.850638409455618e-10,8.413161389775325e-09,,c767b6488421a1f6ca292f83b909466ba5752ddb648681e2d42b115e93f302ec
single_shape,plain2_w16_gap,random_fullrank,7091,3,release_default,16,5.734532519623085e-10,1.0194137756158739e-08,,83e080682c95a540b0320b45a1529fed640b12379151c85a4cd0d8c79c925c8f
single_shape,plain2_w16_gap,random_fullrank,7092,0,release_default,16,8.192189313747265e-10,1.1774290653576713e-08,,4c3c7304290ef3d4143b779c4d39ce57f1f6d19e4ac307968538761580278b3c
single_shape,plain2_w16_gap,random_fullrank,7092,1,release_default,16,6.639985022721467e-10,5.353175680511413e-09,,7cf8c03e4770890e84184c4d6a5a0eea24b26b1b3b4164e34de470a9b8c9e6c1
single_shape,plain2_w16_gap,random_fullrank,7092,2,release_default,16,5.633926685945488e-10,1.1422237711222749e-08,,5b7e7005b139d04370186202c88dbed6bf1087a646868b60f5ab761d03f98fa2
single_shape,plain2_w16_gap,random_fullrank,7092,3,release_default,16,6.783707642260893e-10,1.0223023094724226e-08,,044ddba0b1fc56df8dd387f0ceff805e38b525bcda750f6e2e208c880e5000a6
single_shape,plain2_w16_gap,random_fullrank,7093,0,release_default,16,5.835138353300683e-10,9.709600679030927e-09,,045ce4958f18f38ec1ea0f9883784e80c82b2c8696cf5f4fd7a2fcfb7446b2ec
single_shape,plain2_w16_gap,random_fullrank,7093,1,release_default,16,4.2973063242288283e-10,1.1077681660864869e-08,,e5e64006d7f8799d65f3dc82370d409f15152eb4ffe3959d7d28a58b5e2295a9
single_shape,plain2_w16_gap,random_fullrank,7093,2,release_default,16,5.518948590313946e-10,8.684425067961854e-09,,df9d6886b9a34744eaf3911add051ed947ba9237f7c81333b5e38d68e08d34ea
single_shape,plain2_w16_gap,random_fullrank,7093,3,release_default,16,6.014791627724966e-10,1.1972377755853358e-08,,598ccbe2870df86d62080c060dbbb00d60ff58ff3cfe0b3802478f41659badb9
single_shape,plain2_w16_gap,random_fullrank,7094,0,release_default,16,5.24677387956116e-10,1.2970306384474384e-08,,bd34899464f940ca427a68fbecc8261ab4acfc89669498805c89e4ec23c7999d
single_shape,plain2_w16_gap,random_fullrank,7094,1,release_default,16,4.2541895383670004e-10,8.533314277414661e-09,,22f270803fc23cfa233e940a9214b9a3877d4bba34ff837103a6871fdac4b0ec
single_shape,plain2_w16_gap,random_fullrank,7094,2,release_default,16,5.64829894789943e-10,8.476824353564893e-09,,810787d1c59fe6974505938d2b729c1cfd6219b2a8e2e6ff90b88f63142ec422
single_shape,plain2_w16_gap,random_fullrank,7094,3,release_default,16,6.036350020655879e-10,9.947421664158185e-09,,5c5ef4d405c71350201e62bdcdd8aef1f874abef4cbb905add1cdccdd88b2273
single_shape,plain2_w16_gap,random_fullrank,7095,0,release_default,16,6.20881716410319e-10,9.868921568845224e-09,,6dbd05a9d54063b21514e08b336304ace72bf19cbf9b002c529b03f4d2f5c9c3
single_shape,plain2_w16_gap,random_fullrank,7095,1,release_default,16,5.806393829392798e-10,9.78452918687367e-09,,179dba65f12e545fc22aab1a601918f732a7ac507737a861a18e62388fa55c35
single_shape,plain2_w16_gap,random_fullrank,7095,2,release_default,16,4.797640693500454e-10,6.506227778757534e-09,,9dc0623b2edd783027011f68a9be4afaa2281ab0e60f4fd21ee2547a9d6c27ad
single_shape,plain2_w16_gap,random_fullrank,7095,3,release_default,16,6.88431347593849e-10,1.1965392676671627e-08,,6934cd9977a463409512c24b93913021bf9143c8db4b90cdc20dc2c44e4dfac5
single_shape,plain2_w16_gap,random_fullrank,7096,0,release_default,16,4.872196802386531e-10,7.59085294621542e-09,,74610f448b756b43e8e73123223e08a8cc2abf8b5a6131942b08f4bc4f043a14
single_shape,plain2_w16_gap,random_fullrank,7096,1,release_default,16,1.0549240274193845e-09,1.4286168137367383e-08,,2241ce8fc604449a011861eb08ef86fa6bdc52b747222f97cd994491efe1096f
single_shape,plain2_w16_gap,random_fullrank,7096,2,release_default,16,6.280678473872903e-10,7.973971705155236e-09,,3275b4112a596ddaa0e2360f662a8659a0c6688204bcaf970353fc485b866745
single_shape,plain2_w16_gap,random_fullrank,7096,3,release_default,16,5.526134721290918e-10,1.0607809741713936e-08,,f2f2ab4e7b2b876e3293ec75abdfa83919d243dd9f53026ff3e5445a01f7a05d
single_shape,plain2_w16_gap,random_fullrank,7097,0,release_default,16,5.073408469741727e-10,9.476392004437173e-09,,b32e724845d6f0f5ac47942a581fc3de1b63325bc2e6f2fdb9e0b1d299471b7c
single_shape,plain2_w16_gap,random_fullrank,7097,1,release_default,16,5.863882877208569e-10,9.422144620074846e-09,,31ba012020a26b9eb8e10d77621502e32c47e965d65610bd9544247b56d16bfc
single_shape,plain2_w16_gap,random_fullrank,7097,2,release_default,16,5.820766091346741e-10,1.3504215412574183e-08,,5cb0b45fc8f8f71ad205aeb0c8905c784c19ba7b79e947e1350b90125897b086
single_shape,plain2_w16_gap,random_fullrank,7097,3,release_default,16,8.120328003977552e-10,1.0525821547702208e-08,,43628febfb7c9f1859105dc97de2d4d428981bae27bd64feb3951b39c91c0e8c
single_shape,plain2_w16_gap,random_fullrank,7098,0,release_default,16,6.37409817657353e-10,8.687857100397878e-09,,9391c5e94b2eed5ca5e4c4c3ae60972e31609448894ba7a0810f92359efe3859
single_shape,plain2_w16_gap,random_fullrank,7098,1,release_default,16,6.726218594445122e-10,8.780428162324938e-09,,941ea19bcb726e5686b1682fdc31f2ab404f6ed6a5f6a33e3364f45101162ac4
single_shape,plain2_w16_gap,random_fullrank,7098,2,release_default,16,5.059036207787784e-10,1.0302086184132975e-08,,615a49d33530c2e2f7ed0ba2669bd5134011ed37f39060510b10da35d42e20be
single_shape,plain2_w16_gap,random_fullrank,7098,3,release_default,16,7.387342644326481e-10,8.691055652931823e-09,,26efee1944992535da06c352098c93da8c0b2567fcfa626443db792c9cd3dfe1
single_shape,plain2_w16_gap,random_fullrank,7099,0,release_default,16,6.036350020655879e-10,1.2641665714241412e-08,,42d204d1372ffbdd4778c41b1638e4e7bb41e541a76a74bc4e04fc868ebaf7fe
single_shape,plain2_w16_gap,random_fullrank,7099,1,release_default,16,6.021977758701937e-10,7.859612072280697e-09,,4d80bdc34c511d8443b6416b970d829491fd720f56cd7f28c86f299d17899a59
single_shape,plain2_w16_gap,random_fullrank,7099,2,release_default,16,6.882966076380308e-10,9.060999062171504e-09,,b7e498ccedd034215e0406ce90ea3d6e719207edb0108ba902ba4cefe82bab94
single_shape,plain2_w16_gap,random_fullrank,7099,3,release_default,16,4.397912157906426e-10,8.085197067408956e-09,,048dc3c42af4a6cbb36833e37cf195835830baaaf907605b20c1de1c8e949d54
single_shape,plain2_w16_gap,random_rank10,7000,0,release_default,10,6.625612760767525e-10,5.849628781362526e-09,,bd0ede4042c23bb19ca6bdd7f7cd7cc69d2d016db83687563ef61396beead55d
single_shape,plain2_w16_gap,random_rank10,7000,1,release_default,10,9.413831579832383e-10,1.0314520126897264e-08,,0c9a9de416d026f19ebd8377298dd84a9a4fc74fe4af696da26301d75922a2f3
single_shape,plain2_w16_gap,random_rank10,7000,2,release_default,10,4.512890253537967e-10,8.290604203153862e-09,,07a7e8043d7d8da9bf50206b08795ee7956721e18b7dd3b6867c8e00f8a7f0ba
single_shape,plain2_w16_gap,random_rank10,7000,3,release_default,10,6.970547047662146e-10,1.3756162431377561e-08,,2b0b8d2b69202b4f8585555cbe15d06a2797e11d3196845908505b94530caff9
single_shape,plain2_w16_gap,random_rank10,7001,0,release_default,10,5.102152993649612e-10,9.579656845559725e-09,,e7ab7c83cc131c441d28458dedc5934027070e98cc196e4e3f16d127b7285091
single_shape,plain2_w16_gap,random_rank10,7001,1,release_default,10,5.447087280544234e-10,1.4545187276837623e-08,,073610e861dc62b30802cc55cfa2271265675e7dda30234ea2f2e2763de1230e
single_shape,plain2_w16_gap,random_rank10,7001,2,release_default,10,8.968291459260163e-10,1.2596100162909352e-08,,600e257da6c90976e42abbbf091f7e846c7268fa7474586be311bd5c6a5a646c
single_shape,plain2_w16_gap,random_rank10,7001,3,release_default,10,8.422145505010346e-10,1.0866570421264043e-08,,746b22439aad2c32f0b793052335f13da628ca777bcb147ce0f48e00b838001e
single_shape,plain2_w16_gap,random_rank10,7002,0,release_default,10,5.339295315889665e-10,9.310368587200912e-09,,8b6325fac96835ebf3117297d6e0de89fc59abbc93ae12541c025956cde2e99b
single_shape,plain2_w16_gap,random_rank10,7002,1,release_default,10,6.654357284675409e-10,1.1163879376496766e-08,,ea6f9b876a479fe9f0290c1374313c97a77839e9c268bacd095594f4fbed2eb8
single_shape,plain2_w16_gap,random_rank10,7002,2,release_default,10,1.0434262178562306e-09,9.717344262583083e-09,,966b9ba556cab684ca49f980cf4c2519bd1e483b8d3ca637c24ab82fe4118e35
single_shape,plain2_w16_gap,random_rank10,7002,3,release_default,10,6.111804395914078e-10,7.255275602524591e-09,,c4f90a15c0f38a58f439dc5a2adb42a2c0daac5db6f22cc91d6484c8fb8d2981
single_shape,plain2_w16_gap,random_rank10,7003,0,release_default,10,5.068018871508998e-10,8.106448401434818e-09,,930e8f8311d15a6f2c317337ac82f6c033f3a4d947469cf0d473ecf22f5f2107
single_shape,plain2_w16_gap,random_rank10,7003,1,release_default,10,7.617298835589562e-10,8.802707007760091e-09,,0d4a6a7f84955f017827d73d3e5d8709906414f7fe99133684de061d747ff9c0
single_shape,plain2_w16_gap,random_rank10,7003,2,release_default,10,4.944058112156244e-10,9.376031173680133e-09,,29c1fed04bd0a0a813551154ade599b0d16f6cdc7ab1ac3343b9ebf13a58c27b
single_shape,plain2_w16_gap,random_rank10,7003,3,release_default,10,5.102152993649612e-10,1.2236469171256203e-08,,644e455bc5d512e312600af3e9f01b108b73f53a3e6e06859712c0afa03d2fcd
single_shape,plain2_w16_gap,random_rank10,7004,0,release_default,10,3.937999775380264e-10,1.2768163859533388e-08,,7a6cc2767b17263f91c0fb30320746ec4e3243db2e5ac0b250d79ff88587e761
single_shape,plain2_w16_gap,random_rank10,7004,1,release_default,10,5.919575392280096e-10,1.0673179562381563e-08,,010d8a1492d6dc7e1117736d53a8502b35c36fee2d558835b887981e7e0831d6
single_shape,plain2_w16_gap,random_rank10,7004,2,release_default,10,7.329853596510711e-10,1.1871451155442969e-08,,d1e461edfee023cd4ee5717e77edc01fe20e89d1bedc048f0e1c17930000fecb
single_shape,plain2_w16_gap,random_rank10,7004,3,release_default,10,4.900941326294416e-10,1.0199095235030597e-08,,16accfa72f9de5c9242cb192f15174a6ccd7ffbc7f6ad278374a30be442d88a0
single_shape,plain2_w16_gap,random_rank10,7005,0,release_default,10,6.812452166168778e-10,1.3324069181308573e-08,,5ecfb65021ff92b84e3639efe1e07acc3df6f19fc53e6a1a5e3f7c4de2027dc6
single_shape,plain2_w16_gap,random_rank10,7005,1,release_default,10,6.71184633249118e-10,1.1888429352069352e-08,,c530f2748cd1f93214926bd5b5acd01fb7846a37971bfae1058dfc1aa2cae4b7
single_shape,plain2_w16_gap,random_rank10,7005,2,release_default,10,4.80752162359379e-10,9.79447900562036e-09,,8a97710679ed30255fb47cecc9c85fe92923803c8cd4566e00bcb51970ea324e
single_shape,plain2_w16_gap,random_rank10,7005,3,release_default,10,7.789765979036873e-10,8.584072452855196e-09,,73a13d8cc0c1bf88fce08ed4af110ed53671011fce6375ed213ec2668588fe6d
single_shape,plain2_w16_gap,random_rank10,7006,0,release_default,10,5.547693114221832e-10,1.2241221369890809e-08,,8be381614337b78e008e6f5c974a42f4430b52fd213769e739037056ae8f798f
single_shape,plain2_w16_gap,random_rank10,7006,1,release_default,10,5.669857340830344e-10,1.0740912714801709e-08,,63d62e33321d13a6138570fa14a419316c238939b933a483d4e1f2c8b9d5a34b
single_shape,plain2_w16_gap,random_rank10,7006,2,release_default,10,5.547693114221832e-10,8.830537190362975e-09,,be2ee312ffc276054ab8bb40aec86e2adf588f14cb9e89127408b2c380265e16
single_shape,plain2_w16_gap,random_rank10,7006,3,release_default,10,7.229247762833113e-10,6.5281337002787154e-09,,82ced2a2150f8a5ea9a250435de40149ea4221a09f999865ff63153c47513fe8
single_shape,plain2_w16_gap,random_rank10,7007,0,release_default,10,9.385087055924497e-10,1.261153714793295e-08,,bd50d001b2c8850c5b6c20f2b03f7eee63af1d0ad3abe5d3113d62883c6d7125
single_shape,plain2_w16_gap,random_rank10,7007,1,release_default,10,5.863882877208569e-10,1.3052248837297498e-08,,7d07c78aba53f513382a183669969a3f032e04e74783e6bf86ee1128a6155686
single_shape,plain2_w16_gap,random_rank10,7007,2,release_default,10,6.26630621191896e-10,1.0331876021396624e-08,,8646c2375ec815559c26d98eacaec64a19e5d311c580b617e3189e0c8cf2b740
single_shape,plain2_w16_gap,random_rank10,7007,3,release_default,10,7.128641929155514e-10,1.300608154508609e-08,,3d17fad871d8d630d7b19d0cad5a04c9a3b49f90ee855608e7c127f6abece528
single_shape,plain2_w16_gap,random_rank10,7008,0,release_default,10,4.64224061112345e-10,1.1306763303409184e-08,,fa1bce1639f8a60b914f22a9d7002553e090c3eec96c5a88239690322d39cb31
single_shape,plain2_w16_gap,random_rank10,7008,1,release_default,10,6.15132811628742e-10,1.0170284170385457e-08,,8e4bfc1bc40318dfc12097fb4b0d4817a1bab9e2397973580892b0881a9a8be3
single_shape,plain2_w16_gap,random_rank10,7008,2,release_default,10,6.050722282609822e-10,7.535901347388574e-09,,42a11fca7a007254d639e3b3571560a48e3d690ec4159af9f3ebab075d685afb
single_shape,plain2_w16_gap,random_rank10,7008,3,release_default,10,4.6278683491695073e-10,1.1850271874891405e-08,,d3c97a3d277cd0d402261b8a0d34e887d426d64cc96e23a0ac3dd2cc5832a32b
single_shape,plain2_w16_gap,random_rank10,7009,0,release_default,10,6.819638297145749e-10,8.412785801326095e-09,,7cade9b9d1ed6998759bacd5b54171795e6284fb4a71d64970359dfc23d6b4ab
single_shape,plain2_w16_gap,random_rank10,7009,1,release_default,10,5.791123301066734e-10,9.01611951764636e-09,,ba36fb034c50223a457367ae61755843b832602490a7a07d09b1d87748e105ed
single_shape,plain2_w16_gap,random_rank10,7009,2,release_default,10,4.2434103419015437e-10,9.579785187341372e-09,,6a48fd3f4ecb23e825a4426b5a24a0bb04639f03d13a0b10d387329d0a5c4569
single_shape,plain2_w16_gap,random_rank10,7009,3,release_default,10,5.544100048733346e-10,9.118873656177584e-09,,bb901aa9375e9a9dca5553d1c217bf9275de6c8e3df4b1fabbe7ad7a88000eaf
single_shape,plain2_w16_gap,random_rank10,7010,0,release_default,10,7.847255026852643e-10,5.861750418389988e-09,,6733f3bfa568fade90a7d05b84567d83004dffb69628099db6900bede434ac28
single_shape,plain2_w16_gap,random_rank10,7010,1,release_default,10,5.518948590313946e-10,1.321165254974943e-08,,6859c89f2c7af84262a59e1da023e5a226c7fa962f29c187279300ba0431b04c
single_shape,plain2_w16_gap,random_rank10,7010,2,release_default,10,4.2613756693439717e-10,1.1864152771323688e-08,,e94567fff7a8b4df390b49226e571079ea64aea773c9680390d48a2635a6c88b
single_shape,plain2_w16_gap,random_rank10,7010,3,release_default,10,5.892627401116454e-10,7.631426934828767e-09,,0f2d5904333b4102fda0664456e91638c67e3b6094c9174bb913676e2138212c
single_shape,plain2_w16_gap,random_rank10,7011,0,release_default,10,8.450890028918231e-10,1.1803679367261566e-08,,c3b20e52f44e35ee43adf1eff463ee005445e61fe8592e3b7c6a9b1c50d1a70b
single_shape,plain2_w16_gap,random_rank10,7011,1,release_default,10,8.364656457194575e-10,1.2948290439851462e-08,,6dcd4ac9ffd92afd5f182a5d6e1bc27b753f66fe4ad155e5fa078276030518f6
single_shape,plain2_w16_gap,random_rank10,7011,2,release_default,10,9.054525030983819e-10,8.868565437580855e-09,,9492d93e20f8544142b6e011922231f5ce2c11fac7c0987d531e0bc0d6ef4c9e
single_shape,plain2_w16_gap,random_rank10,7011,3,release_default,10,4.972802636064129e-10,7.545571722999966e-09,,d9de3bc789c694b24c8c752600ffad20f86ebc5ed84b081dd2e5f831b961e422
single_shape,plain2_w16_gap,random_rank10,7012,0,release_default,10,7.761021455128988e-10,8.95916330012625e-09,,ae898f1a824606147bf5157a2ba3f4e3beb670d67d6d67b96c1ba91fc82cf9b4
single_shape,plain2_w16_gap,random_rank10,7012,1,release_default,10,6.726218594445122e-10,6.962987075809224e-09,,34007fb025aecdf9c963e5569a8db534cfcafc0846d10a68c3acc3860d917c24
single_shape,plain2_w16_gap,random_rank10,7012,2,release_default,10,9.198247650523244e-10,9.318460114648985e-09,,743758578944f8ee191531e7ebdde29c45a43084e8908b4abdcb48c91501b714
single_shape,plain2_w16_gap,random_rank10,7012,3,release_default,10,6.187258771172276e-10,8.468830303698383e-09,,7cf2cc897c004ecf806062ba4d8cbcc164346dae39e575fff93c85297fd167de
single_shape,plain2_w16_gap,random_rank10,7013,0,release_default,10,6.891499606915462e-10,9.374827136809927e-09,,61173bb3c102368c74ab9957cacb79e5426d5be8294d118a0ca31a6eca004ec5
single_shape,plain2_w16_gap,random_rank10,7013,1,release_default,10,8.149072527885437e-10,1.434986618420453e-08,,1d39a2252983e0a0f63880fdcb53b74c59fde02240db6e60e398c3223ca0bc02
single_shape,plain2_w16_gap,random_rank10,7013,2,release_default,10,6.294152469454724e-10,1.0615640366751222e-08,,a59d922262b196431581fd6241503c4d49b7e274bd55e0f39c213be349d947d5
single_shape,plain2_w16_gap,random_rank10,7013,3,release_default,10,7.301109072602826e-10,1.0433189201464188e-08,,d618ac32dcae5f21b0d436a3b950117a6d7a08e35d99492861285e9629de80ab
single_shape,plain2_w16_gap,random_rank10,7014,0,release_default,10,5.935744186978282e-10,8.726847244844294e-09,,cf1b6de0e70a8ace628ae5e3f594e5e728f49fa53bb9b65283fc18de32b222a3
single_shape,plain2_w16_gap,random_rank10,7014,1,release_default,10,8.767079791904967e-10,9.337955297894496e-09,,397d43211f4795b6a044da8f1e08fcbd92a2b3bdf74872e00bf4499d0683ee68
single_shape,plain2_w16_gap,random_rank10,7014,2,release_default,10,6.410028831458386e-10,8.41611824675681e-09,,5323709583862f2e5182f70434d77f015814b1f8d3fc7b38a3d588a6533b76d4
single_shape,plain2_w16_gap,random_rank10,7014,3,release_default,10,5.720160257669142e-10,8.009397034491883e-09,,165761ca503db02369ceda5734cfc714ab5255fe2d458a1daa70ebc6989fd56d
single_shape,plain2_w16_gap,random_rank10,7015,0,release_default,10,6.704660201514209e-10,8.170662590956113e-09,,339dc06b97aaee71351d573471bd9b297dc838cc8669eebad01d3e0d4e02da88
single_shape,plain2_w16_gap,random_rank10,7015,1,release_default,10,7.157386453063399e-10,9.235832543197375e-09,,ed37e2c2e02a6b0f80a513d92b8840a1cfe4193b27e8597f79a18dffb2efe2a5
single_shape,plain2_w16_gap,random_rank10,7015,2,release_default,10,5.346481446866636e-10,1.3649414043470642e-08,,fc5bcd554589d2aeedf5749fd3259ec184b68b2e6eb56c36232f185c703f623c
single_shape,plain2_w16_gap,random_rank10,7015,3,release_default,10,5.001547159972015e-10,9.76419589626687e-09,,822a3db04230847a5f898ddd13884573df58116e07dbb51e190aca56f8964175
single_shape,plain2_w16_gap,random_rank10,7016,0,release_default,10,7.031629160966402e-10,1.0380147852373511e-08,,fab005ac72de597de7925943d2f48e672e9e50f668b1f66807b52dbad51ede3a
single_shape,plain2_w16_gap,random_rank10,7016,1,release_default,10,8.22093383765515e-10,7.780633248799518e-09,,72ec7b0c1533be74f9d3f8e591fedcfd12fc85c702a47f55d633027489348891
single_shape,plain2_w16_gap,random_rank10,7016,2,release_default,10,4.6278683491695073e-10,8.698417541808112e-09,,388bc9ef25b6da35d0e5e044f85ad7fd28da1effd92eb0bfde8fdf5d2d9be666
single_shape,plain2_w16_gap,random_rank10,7016,3,release_default,10,7.186130976971285e-10,9.249672361377748e-09,,8dec6ad08b98062d55c29f451a38273ce408515c80e4761c5cd4fdbdb95904ad
single_shape,plain2_w16_gap,random_rank10,7017,0,release_default,10,6.033655221539515e-10,8.544938534527091e-09,,5925838a2c9b2366f1cd8a850b4160a9b7b12b43ac83f26157da17583fc702ed
single_shape,plain2_w16_gap,random_rank10,7017,1,release_default,10,7.222061631856141e-10,6.421178255777704e-09,,f23807b75545eaf38fe572d85f5305ad3a26a54a04bed74393d2629e3afe2e36
single_shape,plain2_w16_gap,random_rank10,7017,2,release_default,10,8.72396300604314e-10,9.63256874264573e-09,,6fe68ca958cba00b610aead35c1316cf521d2d69af8b4b95736a6fae3a1472b9
single_shape,plain2_w16_gap,random_rank10,7017,3,release_default,10,6.065094544563764e-10,8.561936271078707e-09,,962e41ad9e46a2edf040355679fbf82b5942a9b27138b654cbd7066b7579a2f2
single_shape,plain2_w16_gap,random_rank10,7018,0,release_default,10,8.607188377667356e-10,9.307510318024015e-09,,5c67556e82421d14d07742ae32942c361a4d8d3c7bf800f0ee43214992179baf
single_shape,plain2_w16_gap,random_rank10,7018,1,release_default,10,5.08778073169567e-10,1.2415767747242512e-08,,4f29f5e7b0321548143fa4f9d29b439cd1c56faa6461bfbd2180b9c4fb67c6fa
single_shape,plain2_w16_gap,random_rank10,7018,2,release_default,10,5.186590032629025e-10,6.648167016898299e-09,,abd7d21a6abf2682f02b0c32d85efde429030b1269bf82b9d897560f11ebbbf2
single_shape,plain2_w16_gap,random_rank10,7018,3,release_default,10,7.257992286740998e-10,1.0235817970993821e-08,,2398e984f6a1523eac15ac6ff9db07ce29d9cc7f0b8fedef0e27a503e4660691
single_shape,plain2_w16_gap,random_rank10,7019,0,release_default,10,7.933488598576299e-10,1.2521867542858445e-08,,9e1f1dda4b8713b9d5ee3a962c073efd7cd383e7d66d25f16e1de582c58f06b1
single_shape,plain2_w16_gap,random_rank10,7019,1,release_default,10,1.0114479350087084e-09,1.2316224040631596e-08,,cdffeca78e1e230b74eede07fb3371e86d14e5b3b5d077071f031a67e8db554e
single_shape,plain2_w16_gap,random_rank10,7019,2,release_default,10,5.677043471807315e-10,9.282063340165791e-09,,caf76292fddd396f3b9ac252421ae7e045e0216b912f757cc384d2f5d9756b13
single_shape,plain2_w16_gap,random_rank10,7019,3,release_default,10,6.525006927089927e-10,8.996994260712654e-09,,4213b0c43b871b779e3848fffdaeb74e9aaabd40acba1939d6d1c7f9d26da490
single_shape,plain2_w16_gap,random_rank10,7020,0,release_default,10,5.051850076810813e-10,8.85613660184248e-09,,16a4655892d370db1c3abf02fb209eb417ce975689d9307b5c7d4a3d747ef905
single_shape,plain2_w16_gap,random_rank10,7020,1,release_default,10,6.525006927089927e-10,9.701398795414207e-09,,8a7eda6ade423a6bd316b04d166f846e35a17fd7679774ad6d5c1be1f4e2eedb
single_shape,plain2_w16_gap,random_rank10,7020,2,release_default,10,6.287864604849874e-10,1.081832401439442e-08,,1616b421acfadfe97035e11368701655f0b767c01f5d74451b0d8dd17dd0e2ad
single_shape,plain2_w16_gap,random_rank10,7020,3,release_default,10,5.461459542498177e-10,1.0438604647333705e-08,,de0ce6622035ef1066b76db3bc14289bf2c839d77c210a8d89739a414e2fd9a3
single_shape,plain2_w16_gap,random_rank10,7021,0,release_default,10,7.243620024787055e-10,8.4344944362158e-09,,9e926146d6d0a93c8b708895392fce5bc31b1bb147961924c161a1932ebc5cda
single_shape,plain2_w16_gap,random_rank10,7021,1,release_default,10,5.914185794047367e-10,9.468835382442364e-09,,434dfaf43b14e91d88fd726a364698f58317040c6f31812547eaba0df6bf3bbb
single_shape,plain2_w16_gap,random_rank10,7021,2,release_default,10,7.268546916613425e-10,1.3181783664606428e-08,,333de3da49cace8e33cad7c428a881db401dc0ec58a693bf1518e4076baabd41
single_shape,plain2_w16_gap,random_rank10,7021,3,release_default,10,4.599123825261622e-10,9.627955765978413e-09,,73a236cc66958cf6d51fe7abe7a8dec70ec098336b16d0de637ffa748e768a8c
single_shape,plain2_w16_gap,random_rank10,7022,0,release_default,10,8.264050623516978e-10,6.460405765906785e-09,,2f8a28c0c067b441427633bf96347007e750a29dd297d2e399b4550013bed5ba
single_shape,plain2_w16_gap,random_rank10,7022,1,release_default,10,5.935744186978282e-10,1.1704818003721584e-08,,d8d8a4bbb1de6ed51aef93aa5785a1ccdb9adfba6ecd68e7469a8fa3849c111f
single_shape,plain2_w16_gap,random_rank10,7022,2,release_default,10,7.171758715017342e-10,1.1787033238341849e-08,,8b9e522fa4eda240610f8d0beeaa108b1706b776a2c76ad32bc570608a5f15cb
single_shape,plain2_w16_gap,random_rank10,7022,3,release_default,10,6.129769723356506e-10,9.805744438651232e-09,,7350b6f8605c313699183e30debce51379296f60602cff950f68f5d51b0bff01
single_shape,plain2_w16_gap,random_rank10,7023,0,release_default,10,7.617298835589562e-10,1.2136831983866614e-08,,26beb686b8c115709017ebb20d7c25def4248177fa941600145d808b32139e4d
single_shape,plain2_w16_gap,random_rank10,7023,1,release_default,10,5.612368293014573e-10,1.2682952688081173e-08,,b7a038295a32244fcd42aa863cfdacd955782f41dd4bcbd27c187fa7a3a784be
single_shape,plain2_w16_gap,random_rank10,7023,2,release_default,10,6.065094544563764e-10,8.266707540727225e-09,,7068c3d864b9fa14a48e53e73c014605d9928dcae7abd1d3bd01488d5ec1d6cc
single_shape,plain2_w16_gap,random_rank10,7023,3,release_default,10,6.185462238428033e-10,8.45399861226781e-09,,a0d0ed4f3acfd5d3354f2e20c93e6273c921e908f8a89fb81a6375e9fa11abb1
single_shape,plain2_w16_gap,random_rank10,7024,0,release_default,10,5.14526977951144e-10,9.319788274453344e-09,,90c08b41de8fe122a733c8097367791a8afd68967ea1426ba0deffb66632146c
single_shape,plain2_w16_gap,random_rank10,7024,1,release_default,10,7.703532407313217e-10,1.078673483867476e-08,,1b20e2f8e073514a41755f9ec2a3ba83883225443757469d7bb0890ee80868cb
single_shape,plain2_w16_gap,random_rank10,7024,2,release_default,10,7.081932077805201e-10,6.403993779713346e-09,,edc8cba216cf12ff2faf30da2c36845420954cffe9ab4028f7e892e58136df52
single_shape,plain2_w16_gap,random_rank10,7024,3,release_default,10,8.393400981102461e-10,6.1318361499473895e-09,,cbac11217da7d86599ec901009eff240bc46aa61a4b377d20f55a576ca892121
single_shape,plain2_w16_gap,random_rank10,7025,0,release_default,10,4.232631145436087e-10,8.744693191786723e-09,,a62ca1953e6a87508b181ea3925e9727332f1d4606fc27904567107f221fd44a
single_shape,plain2_w16_gap,random_rank10,7025,1,release_default,10,7.247213090275541e-10,1.2262470150403715e-08,,5824cf695ffd3f7525b796a23d82b509dd005822e2234c3ec8a8f7d9417456c2
single_shape,plain2_w16_gap,random_rank10,7025,2,release_default,10,6.09383906847165e-10,8.843384247114727e-09,,3dc66e6b8d84660771af85005ab986f0741eef043ce89a51a32c2b2e9ff89e17
single_shape,plain2_w16_gap,random_rank10,7025,3,release_default,10,5.05005354406657e-10,9.49284695295205e-09,,70716bc5c566a9b7700315feaa70d03f225bbfda2064682259759da2bf853823
single_shape,plain2_w16_gap,random_rank10,7026,0,release_default,10,7.933488598576299e-10,1.048733899722265e-08,,8174629c9e23e9ef3e3fedbb68fec912b0579c9d38fb76045bfeceff8f8088a5
single_shape,plain2_w16_gap,random_rank10,7026,1,release_default,10,7.301109072602826e-10,7.957889125442819e-09,,71615415179d089a18c5c41c4e55f207aea163b3225e1946d3c014f7e977088c
single_shape,plain2_w16_gap,random_rank10,7026,2,release_default,10,6.855568952030606e-10,7.538402124751542e-09,,de1c5d084e8885a2a6ed4d651bc02371e8d809df775aeec6c345ed24c06a994c
single_shape,plain2_w16_gap,random_rank10,7026,3,release_default,10,4.211072752505173e-10,1.625966539187118e-08,,ff6d5be702cad878e8fb867d051039b64b346466702a216e98f92597da48ee9d
single_shape,plain2_w16_gap,random_rank10,7027,0,release_default,10,5.662671209853373e-10,1.2747236044496901e-08,,4fdf0b32ddcb2b5caa4eaa4d074fd9c4f32b2798947237afd52d0fac7b6e23a8
single_shape,plain2_w16_gap,random_rank10,7027,1,release_default,10,5.774954506368549e-10,1.0355458046618082e-08,,485f65d6ea977792f1f90573590ef06349680d7612459e8536482a31a3cbc82e
single_shape,plain2_w16_gap,random_rank10,7027,2,release_default,10,3.2086074812176787e-10,1.1402614408240197e-08,,a1dfe9115e6481b07ea52721514e8a24757cbbef3e1872f1142935636ee611a4
single_shape,plain2_w16_gap,random_rank10,7027,3,release_default,10,7.056780619385802e-10,1.2806687266220251e-08,,a64fca79b4c825b703c98547e8833f4b2ab3cbd9c9f8e42a708bad0ee1219b32
single_shape,plain2_w16_gap,random_rank10,7028,0,release_default,10,7.904744074668413e-10,6.605873847931321e-09,,a364f00c32f450aed1f30861c47b13081c4ac7d897f27d129bc84c9e8bf9886c
single_shape,plain2_w16_gap,random_rank10,7028,1,release_default,10,8.16344478983938e-10,1.2050413555897421e-08,,657542f7bce56a9d4f824fee9072ada4239d13ee088b90e148fbb93e1f425b77
single_shape,plain2_w16_gap,random_rank10,7028,2,release_default,10,7.329853596510711e-10,8.966851483549476e-09,,c2a3f047052d78fdb71ad600a172d6f2a00b1f2b6f721ae2472f1d605c1bd8b1
single_shape,plain2_w16_gap,random_rank10,7028,3,release_default,10,4.69972965893922e-10,7.875283203340189e-09,,a9e6630ee4ea8c8a8ffbb9121da08b9ac8fd273f2b81cbe5e2ea58b31dfb3435
single_shape,plain2_w16_gap,random_rank10,7029,0,release_default,10,8.070025087138753e-10,9.612409535009192e-09,,67531bc994e2205f6c1fe8935438d394b0af92f3d019ac4c710f5490b1865cd4
single_shape,plain2_w16_gap,random_rank10,7029,1,release_default,10,7.329853596510711e-10,1.0432098296320191e-08,,5d18c25a96b498a7921ffdd6314c5f124f9b3c28373b2075aa1d8594814e9a60
single_shape,plain2_w16_gap,random_rank10,7029,2,release_default,10,5.562065376175774e-10,7.311351080119266e-09,,2bc1e4488785acc6ed3af9d491d8a2275024d0df1062dd0f6c99d07bf6cd3b13
single_shape,plain2_w16_gap,random_rank10,7029,3,release_default,10,6.624714494395403e-10,6.630367921367508e-09,,9e78eda898a31884a3b6e31a1b959fd396311fffda96e959e1338c9f0797f045
single_shape,plain2_w16_gap,random_rank10,7030,0,release_default,10,7.186130976971285e-10,9.720630078646764e-09,,9cc1efbcca59a252994d6a7e794e224689d571bc7a85227888c3ba3554ab13a0
single_shape,plain2_w16_gap,random_rank10,7030,1,release_default,10,5.475831804452119e-10,7.312720651242444e-09,,e8a5deb6a2011cb836d0c8dfb848279fef226a579222ebadb77f2a66e5ca321d
single_shape,plain2_w16_gap,random_rank10,7030,2,release_default,10,4.070943198454233e-10,1.1477519601399422e-08,,5059a2a115447bf5cfc7a1b0d4bd7189b7dd1b548b419170c437f5c599329113
single_shape,plain2_w16_gap,random_rank10,7030,3,release_default,10,6.798079904214836e-10,9.322769001229858e-09,,e1c72ae9e9beed177b059ba92270091e0f1c1f829ef87172eefc38f9f739d507
single_shape,plain2_w16_gap,random_rank10,7031,0,release_default,10,5.633926685945488e-10,1.3649541830140777e-08,,7b60fe2efa9d652c1197d00b9185dc6afa0a719b583b3fc05c1231c441609d40
single_shape,plain2_w16_gap,random_rank10,7031,1,release_default,10,6.869941213984548e-10,6.360807436323057e-09,,9be15f0f57ebcbdc6a560a670adcc2955d1b9458d779344843d8f3b2069f4cc8
single_shape,plain2_w16_gap,random_rank10,7031,2,release_default,10,5.792021567438855e-10,1.0662314475773371e-08,,3c35919ab0a2a1d5457745b44b33f33080bd3ce2b6ac8edcff14f83076428b71
single_shape,plain2_w16_gap,random_rank10,7031,3,release_default,10,6.690287939560266e-10,1.2094737988910254e-08,,94fa2d0d3776c6cba9b5725c9478473784ac042bab65aa1aefdc9d80e00a54dd
single_shape,plain2_w16_gap,random_rank10,7032,0,release_default,10,5.130897517557497e-10,9.423098967786814e-09,,7e57241f5ac2496192cdef17677ccba24bbe387ff2a10c13c5e2d530f904650b
single_shape,plain2_w16_gap,random_rank10,7032,1,release_default,10,6.812452166168778e-10,1.046145570171575e-08,,d18a3b00db962a3cf56241e62607dab8f7f7729ff08aaa1939edf9d166269dba
single_shape,plain2_w16_gap,random_rank10,7032,2,release_default,10,6.568123712951755e-10,9.07552255569044e-09,,d21656f57cc770ff099aaaf25ccfdadd9e5b8ca2ea5566ac652b7a61d8fda20f
single_shape,plain2_w16_gap,random_rank10,7032,3,release_default,10,6.08126333926195e-10,1.7247961503485953e-08,,a7ccd3637f589e6921b314dfadecf4845dc32bba2045a44c64f2b03799799781
single_shape,plain2_w16_gap,random_rank10,7033,0,release_default,10,6.338167521688673e-10,7.37374517001399e-09,,ad920f743fb70fe0a03849cb2f203987e5613691b3d186921887664c776ca43a
single_shape,plain2_w16_gap,random_rank10,7033,1,release_default,10,8.034094432253896e-10,1.103334745788942e-08,,6acd66a63429719f1951cf1cfc28972e24845b0a3242a530b75010ab689742e9
single_shape,plain2_w16_gap,random_rank10,7033,2,release_default,10,7.04959448840883e-10,9.484150798044766e-09,,e0a3d9ffa52fdacce14a69845b7d7485814005b655d9090d181aaf1bdf80e5f5
single_shape,plain2_w16_gap,random_rank10,7033,3,release_default,10,7.739463062198074e-10,7.46966422049411e-09,,0c7a606e4a0323d513be264037695640886c7af318f79d3ca17d05b79890979a
single_shape,plain2_w16_gap,random_rank10,7034,0,release_default,10,8.623357172365542e-10,7.671009050191913e-09,,b772a86c6653910f71170a869d14f5ff919c39220ae0f364f78a3da2f9d9e085
single_shape,plain2_w16_gap,random_rank10,7034,1,release_default,10,5.375225970774521e-10,9.987671356626038e-09,,da67be9e789448489cc2394e1bafb6cd8698f670655312360b831e331b467230
single_shape,plain2_w16_gap,random_rank10,7034,2,release_default,10,6.366912045596559e-10,1.5746644432823587e-08,,6dd8ce16c312c11f7b5a6210660b7589257c9e0f8a93f2b4fdf6e4eb3d8982b5
single_shape,plain2_w16_gap,random_rank10,7034,3,release_default,10,6.747776987376037e-10,1.1209088213171015e-08,,054ab0977c8a469d1032c30c5b79d7bb389a9042711da7b235f735a03aa3a9bf
single_shape,plain2_w16_gap,random_rank10,7035,0,release_default,10,4.552413973911309e-10,1.1124349330593475e-08,,05a48ee970c5156335c01fd2a034d57790daee73aedfbcb1979fee01ab9ac23d
single_shape,plain2_w16_gap,random_rank10,7035,1,release_default,10,7.013663833523974e-10,7.797803625031463e-09,,ef6a6fe422a3b09bdd8651ee63f02e210158b4887dee7857fefced109233b5b8
single_shape,plain2_w16_gap,random_rank10,7035,2,release_default,10,9.155130864661417e-10,1.2091674106429195e-08,,74bc344fdb55feea3b944699f6636945cd197f25842b25c81c01ca4476183912
single_shape,plain2_w16_gap,random_rank10,7035,3,release_default,10,8.968291459260163e-10,7.771912668985692e-09,,133068ffdd67857a8160d84442e24dca5aed75814755d1fdceac8ae14305e16f
single_shape,plain2_w16_gap,random_rank10,7036,0,release_default,10,5.130897517557497e-10,9.471305517649853e-09,,f63b759b05eabf7512b459fdf44bae24e9ee62fd3716b69e935a1bd89672023b
single_shape,plain2_w16_gap,random_rank10,7036,1,release_default,10,6.812452166168778e-10,7.1992416472710374e-09,,8afd63ea238f7abb3e20bc4934dd3ff38080065d15a0f1f29caaadaaf9cbbd25
single_shape,plain2_w16_gap,random_rank10,7036,2,release_default,10,5.605182162037602e-10,9.997518257698346e-09,,c70a340b30991a000b63c105b7e494366282188253d877b9abe0e40c33e574b0
single_shape,plain2_w16_gap,random_rank10,7036,3,release_default,10,7.933488598576299e-10,6.867091562057226e-09,,c702747132c5c42e64a8109dd548929baa48cf571429a17b8e52b20d788e002e
single_shape,plain2_w16_gap,random_rank10,7037,0,release_default,10,6.323795259734731e-10,6.854969480940554e-09,,70684ce7996995326b5c8953bc78fe00641b750b2a81a7cc40690197e55c52d8
single_shape,plain2_w16_gap,random_rank10,7037,1,release_default,10,5.720160257669142e-10,9.004322731875902e-09,,b702e13cf6159005a62d0c0b0f0a4406b3e784ba3dba61c550b64c334e1a8541
single_shape,plain2_w16_gap,random_rank10,7037,2,release_default,10,4.354795372044599e-10,8.265619078073883e-09,,3d445410d9070c8f1dfb70b5ec723f3d883ae741704f303b667e7198fedb8086
single_shape,plain2_w16_gap,random_rank10,7037,3,release_default,10,3.8445800726796374e-10,1.3450430547123915e-08,,e94ccc8a0950a76e365b352fccb47b0426198ee870c45bde09442f4ceb06f5b5
single_shape,plain2_w16_gap,random_rank10,7038,0,release_default,10,8.795824315812852e-10,1.3518408614743294e-08,,16c5c13c86b382c39fa3e8f220d5656de3bc037272d8881aa946ccbb104ba674
single_shape,plain2_w16_gap,random_rank10,7038,1,release_default,10,8.005349908346012e-10,8.79382255902783e-09,,387e7f86461bf1088c95b0eba5000bf2aaa2335224a128884b6cfa39aa5f7b84
single_shape,plain2_w16_gap,random_rank10,7038,2,release_default,10,6.036350020655879e-10,8.337366352861864e-09,,efd9d8927967b5e804ecbb7dcdbd107ff9a9874494a7167d073e3e65be770b42
single_shape,plain2_w16_gap,random_rank10,7038,3,release_default,10,6.17108997647409e-10,9.198784289843331e-09,,b4c85930f3f644414f59746755b4fff194b1d9f93ea96f12c549e3760ad48aa7
single_shape,plain2_w16_gap,random_rank10,7039,0,release_default,10,5.288992399050865e-10,1.138965310953921e-08,,fd936629e89f2b82c19458d79cba916d313b3e598624ef7c97e489e3af1a1cd4
single_shape,plain2_w16_gap,random_rank10,7039,1,release_default,10,5.748904781577028e-10,9.294717884245074e-09,,5d170d57425fe948eb1e71efb1a719e0416e423a5879f48b523eff7f6a1943b8
single_shape,plain2_w16_gap,random_rank10,7039,2,release_default,10,4.800335492616818e-10,1.3057296577301258e-08,,350fd0e914e1d46c45c2c4947d673a300a2ee461f9cf83e0253936cf7df097b5
single_shape,plain2_w16_gap,random_rank10,7039,3,release_default,10,4.4266566818143115e-10,6.898245974440442e-09,,a36365463fa7e66f1640c81af97db87e139cf965eeea20fe701722d957540066
single_shape,plain2_w16_gap,random_rank10,7040,0,release_default,10,7.143014191109457e-10,1.6140308201073594e-08,,56c9ff953654606fdff4137600106f61e9eb1fc632d27c01b7dfd0e303b5453a
single_shape,plain2_w16_gap,random_rank10,7040,1,release_default,10,6.927430261800318e-10,6.714360623050197e-09,,8ea858415e7e93b1c392d9ad91f9261cc8e37406166d942fc841ceb91cfcb3f2
single_shape,plain2_w16_gap,random_rank10,7040,2,release_default,10,5.921371925024339e-10,1.13276338309376e-08,,273222a8a4055c50a73530644ba73d0c4f0dc7c7f6d71d3a6a6f348a440e8ed9
single_shape,plain2_w16_gap,random_rank10,7040,3,release_default,10,5.332109184912693e-10,1.4879681486945628e-08,,f47348393f06ed92007806c1b646234bb7fc98d9277d7948fc52f7d6274442ed
single_shape,plain2_w16_gap,random_rank10,7041,0,release_default,10,4.599123825261622e-10,1.2754296174755098e-08,,a57cb0f628d77b79ac4839630a646289b367a2209f4a2a55f9fccc4149dea695
single_shape,plain2_w16_gap,random_rank10,7041,1,release_default,10,6.855568952030606e-10,1.0907701186724239e-08,,a060b2e78ca89cc769a8e7a0f5f6b47ffd65444cc7bb39c5581f00122b18aa11
single_shape,plain2_w16_gap,random_rank10,7041,2,release_default,10,7.847255026852643e-10,8.072356338928444e-09,,c18ff7e078120d5fa92cec803e5768034e66161a8dd03bda90ed8a7c25e2fc74
single_shape,plain2_w16_gap,random_rank10,7041,3,release_default,10,5.08778073169567e-10,8.572725418432015e-09,,cb16ae8abcf5fee555d3f154b261961f5913235f436f12b80db26f610576117c
single_shape,plain2_w16_gap,random_rank10,7042,0,release_default,10,6.862755083007577e-10,8.917491856053061e-09,,6c4de5fd14fba10744aaa73f1400f6a49658c852d20969469e84c0c1bb2d5d54
single_shape,plain2_w16_gap,random_rank10,7042,1,release_default,10,4.900941326294416e-10,1.0167492847656945e-08,,266a6666951ab927510631db40878cc163c7e88fb0e5aa890762a72d32e7027e
single_shape,plain2_w16_gap,random_rank10,7042,2,release_default,10,6.410028831458386e-10,7.818504843548624e-09,,a151640855641eca6cafa8fc1babdd81a766121d1004ec2943a5ac605394880a
single_shape,plain2_w16_gap,random_rank10,7042,3,release_default,10,5.727346388646114e-10,1.0983397080721602e-08,,4bff6fb1d19f1295ab02e3594b904415ae54567744037feffa9f330f2cae201d
single_shape,plain2_w16_gap,random_rank10,7043,0,release_default,10,7.473576216050136e-10,8.709612142610013e-09,,882759a8a05dfb8c6718e1c7b415bade8c59a2ba26a2be8317ee643d7db2ac04
single_shape,plain2_w16_gap,random_rank10,7043,1,release_default,10,8.537123600641886e-10,8.429145492705459e-09,,756a8102116fcf3387cb573690cb3ac8f1d88c6b81b050076d6cc849304eff67
single_shape,plain2_w16_gap,random_rank10,7043,2,release_default,10,4.5560070393997947e-10,1.2079048650193158e-08,,70a62a933470a3cc93c358bee4cb23c6fcaec6f94abd7ece1c5e510c22268e68
single_shape,plain2_w16_gap,random_rank10,7043,3,release_default,10,7.257992286740998e-10,1.0145927653582021e-08,,29a2f37c098051ba1a8b4c0583cd55d1d2ccf509ba5a94f04ef80e176706d7b5
single_shape,plain2_w16_gap,random_rank10,7044,0,release_default,10,7.789765979036873e-10,7.542682034511472e-09,,c1303d852fa3d641646442198e4bc1c49c185e550c8e90889efa38064df9a857
single_shape,plain2_w16_gap,random_rank10,7044,1,release_default,10,7.804138240990815e-10,6.711181721463788e-09,,ba3a458bb7e28c6f09c7501a047fea7bd197430e0dc2ca466eae2171cc44078e
single_shape,plain2_w16_gap,random_rank10,7044,2,release_default,10,5.633926685945488e-10,9.11638431411177e-09,,93e821b8d3187b4d540d467595fbc9007c21e9f06b67ba579dc69c65e6702645
single_shape,plain2_w16_gap,random_rank10,7044,3,release_default,10,8.422145505010346e-10,9.783363674742418e-09,,9655944546980d206f155cea08af14222eb44763cd52a9794338ae9cef80c975
single_shape,plain2_w16_gap,random_rank10,7045,0,release_default,10,5.389598232728464e-10,9.215282092966959e-09,,31ac92a07ba4f0edfd69887ec0f804bd3cbe010c57a7f1de91f0652d4d646bc0
single_shape,plain2_w16_gap,random_rank10,7045,1,release_default,10,4.599123825261622e-10,1.0325853949666453e-08,,cd017d8b363158cf661eeeda0e96d4ff3390fc3bdbe83a042195fdacc7ba18a2
single_shape,plain2_w16_gap,random_rank10,7045,2,release_default,10,5.741718650600057e-10,1.142040773061126e-08,,a33143cb4abd087bbd8ac5f700520d08c5e45aef17239a697603f7f0a07911de
single_shape,plain2_w16_gap,random_rank10,7045,3,release_default,10,5.14526977951144e-10,9.227680619616763e-09,,975a3f7745c085a7256d76343e43d94b4c018088f143e6f14d8b75e0b05694bd
single_shape,plain2_w16_gap,random_rank10,7046,0,release_default,10,6.905871868869405e-10,1.0310476361574672e-08,,0d3177d1221a22df919cfa52a4fc63070d259278537ae5c10d4eec1d3cbdd847
single_shape,plain2_w16_gap,random_rank10,7046,1,release_default,10,9.255736698339015e-10,6.836560872969244e-09,,ce212281442b923202cc7b5077a7c5a39a45bc6fc428a65551f171b827a86384
single_shape,plain2_w16_gap,random_rank10,7046,2,release_default,10,4.5703793013537373e-10,8.210871760283567e-09,,d17e7ef8e7aeea2bc103b8f9ab1af53325bd8da95a9e5e94f67bed8dbe371049
single_shape,plain2_w16_gap,random_rank10,7046,3,release_default,10,3.4493428689462165e-10,1.3193267589528546e-08,,9f54fcd65bd95f6e7e548ba5aa17722298ad8b2df4e9202e8d06b21dbe1c6dd2
single_shape,plain2_w16_gap,random_rank10,7047,0,release_default,10,6.496262403182041e-10,7.017942449394354e-09,,2159e713ff33c3260d30bd037de14b30b6f52b0a59fc1a7fd4023e2bdc00f1fa
single_shape,plain2_w16_gap,random_rank10,7047,1,release_default,10,9.025780507075934e-10,8.850857380338084e-09,,5690591004cc82a3e6b30b9350ba95a1afcf49269231020fcb73993e5cccdbbd
single_shape,plain2_w16_gap,random_rank10,7047,2,release_default,10,6.410028831458386e-10,9.32303956258096e-09,,f7557e7e953caf51cfa4a51058d67b4e8b05c2fc4feb92a1c8a491c93417decf
single_shape,plain2_w16_gap,random_rank10,7047,3,release_default,10,5.863882877208569e-10,6.777014949221893e-09,,9fdc0ab41779fe269579f2b1adae46a722d2fe0fa3681efb988097112635c818
single_shape,plain2_w16_gap,random_rank10,7048,0,release_default,10,6.873534279473034e-10,7.05651781451877e-09,,b0fab9cc9690ea903dd1375d49faea87b87aeb8982dbb0c736de4becba6dac79
single_shape,plain2_w16_gap,random_rank10,7048,1,release_default,10,6.280678473872903e-10,6.548843689557771e-09,,66911289c8249bb498370d01a385284339db4640811053625177675cb6afd092
single_shape,plain2_w16_gap,random_rank10,7048,2,release_default,10,4.965616505087158e-10,1.2768064161505777e-08,,6a42920b03a20f9ce25a9876e2db7c66b5fe2129cb60186ad5d8591201e42fe6
single_shape,plain2_w16_gap,random_rank10,7048,3,release_default,10,7.222061631856141e-10,8.680731022892019e-09,,fc245dbf7713fb3a3c3f0f10b5324aaff6265277ed3af15cd9de3167fb1c6ef1
single_shape,plain2_w16_gap,random_rank10,7049,0,release_default,10,7.128641929155514e-10,9.189993210867442e-09,,733bcce261be56718fdb509ee477b4214502facc0d7d8ffff06eba77294e67db
single_shape,plain2_w16_gap,random_rank10,7049,1,release_default,10,3.9020691204954074e-10,9.20138831794759e-09,,9f2617c0f12c15a1654ac00c7046bf06020806ff938624c2e21360b1a7ef7ad6
single_shape,plain2_w16_gap,random_rank10,7049,2,release_default,10,1.0089327891667683e-09,8.512552440720356e-09,,b46ef7dc0912bd6dd077f808ac5840a9f4175d9ff978658f5a830bea0284ac07
single_shape,plain2_w16_gap,random_rank10,7049,3,release_default,10,5.982454038328595e-10,9.738597372965785e-09,,bf82b2f97a05e4f16cf7cb73dac36268f389e4e50da4cba38fa9c0ec8f014884
single_shape,plain2_w16_gap,random_rank10,7050,0,release_default,10,5.14526977951144e-10,7.904539911507413e-09,,56c0ef996529b50e0b25e24c98f61cfe7e032da1279f503e44b8ed48b1050d7d
single_shape,plain2_w16_gap,random_rank10,7050,1,release_default,10,6.668729546629352e-10,1.2245594094295598e-08,,8f07cadc3313f048b67efc195a777b2d0e121a88a8d52f19f5a31b2b44e7d919
single_shape,plain2_w16_gap,random_rank10,7050,2,release_default,10,7.71790466926716e-10,7.418253122892793e-09,,16991e6d15a3c1dcf8609b812d762fd42444cfe191cda1323564d6bcde0f60df
single_shape,plain2_w16_gap,random_rank10,7050,3,release_default,10,5.691415733761258e-10,8.74830252683978e-09,,2f6b1ebed8cd9903c85c4f00fc2596a990dc24e5af475c2331ff1996d8f16ff3
single_shape,plain2_w16_gap,random_rank10,7051,0,release_default,10,5.288992399050865e-10,9.3734238149068e-09,,99778958bcef577a88bb92adbfca744da1302dcd960df1617ac4c5d7188e5100
single_shape,plain2_w16_gap,random_rank10,7051,1,release_default,10,7.377461714233145e-10,1.3261089115701452e-08,,15804944cebeaf827febc77d314531b0c683d7b600d301686891efe17f1af093
single_shape,plain2_w16_gap,random_rank10,7051,2,release_default,10,5.500983262871518e-10,6.544169206534889e-09,,6f27e976743abf49640174b2ec908c4b50beb1b4d677327f416b22959690d240
single_shape,plain2_w16_gap,random_rank10,7051,3,release_default,10,5.346481446866636e-10,1.0201508970908435e-08,,2ae2748d2eaa86b57e740babf89f85037788ebd285800e5397b24619821dc0bc
single_shape,plain2_w16_gap,random_rank10,7052,0,release_default,10,5.059036207787784e-10,1.517057568456437e-08,,d5c39cb5171e51ba1db324996ca9c27bc16e3006f89bb23b1ad86ee4bec2e63f
single_shape,plain2_w16_gap,random_rank10,7052,1,release_default,10,6.25912008094199e-10,1.0477950285192605e-08,,6a7de0cabb268d37d3120d2aeb955f92003567dc909e9a1df2c095837078cf29
single_shape,plain2_w16_gap,random_rank10,7052,2,release_default,10,5.403970494682406e-10,1.0507089087674615e-08,,da21ff6771908481932c342a70aea06eae21b065b2c0b3248a36c804e5db4061
single_shape,plain2_w16_gap,random_rank10,7052,3,release_default,10,7.293922941625854e-10,9.825541380514835e-09,,c260aaa0a676ee5958e4fae7e83f030d6a3096fcec6af496cd850a7fbbf68400
single_shape,plain2_w16_gap,random_rank10,7053,0,release_default,10,4.829080016524703e-10,1.0026076080471569e-08,,c218b32f2b9f50cde483a637634c1636f27739d91a5c0df81f9e3b075724eb4d
single_shape,plain2_w16_gap,random_rank10,7053,1,release_default,10,6.683101808583295e-10,1.2863087039960419e-08,,a7ccea573d3b6d21f5a2fbd26b62b8814cf9a9264e461222a81e680e2b568c9f
single_shape,plain2_w16_gap,random_rank10,7053,2,release_default,10,6.352539783642616e-10,1.0309299192101662e-08,,41738d1fa6326b5fc734bff3ddd04c0860604bde18112da5fb6e686100e0a66f
single_shape,plain2_w16_gap,random_rank10,7053,3,release_default,10,8.05565282518481e-10,9.026709935078259e-09,,c68d55c943fc506402052a321ff427b7ae384429c33707155b2fb9541840e07c
single_shape,plain2_w16_gap,random_rank10,7054,0,release_default,10,5.059036207787784e-10,1.2097489565654485e-08,,b51b0b6f9d98d6d52ae64e767d96f21d733e17db8ee9fda806cbca902a0fab93
single_shape,plain2_w16_gap,random_rank10,7054,1,release_default,10,5.001547159972015e-10,7.524272316317138e-09,,ff8c21dbb5ae10f727c24b543fe93070f30bb931c887588bd38cf82fa6db9975
single_shape,plain2_w16_gap,random_rank10,7054,2,release_default,10,4.599123825261622e-10,7.919914946086237e-09,,13a2b615ba09b162681a121e9148c747c814db85ac4aec42ea01e599db3ab4b1
single_shape,plain2_w16_gap,random_rank10,7054,3,release_default,10,4.915313588248359e-10,1.0875718770009257e-08,,e05979caf5717ef8f09887808a75a3db1dc090a1957dd42b8147b18ffa368fde
single_shape,plain2_w16_gap,random_rank10,7055,0,release_default,10,5.174014303419325e-10,1.1369606367495066e-08,,f4b7019f2e64816b93b065a33bb01d57446b4c0905ee8e18a60637fb4304945a
single_shape,plain2_w16_gap,random_rank10,7055,1,release_default,10,5.677043471807315e-10,7.10280378957151e-09,,1ef19e7f7cc9f14ab6fe1ca28bc3bb14990197b42c091485bb47e5d0a512a270
single_shape,plain2_w16_gap,random_rank10,7055,2,release_default,10,5.522541655802433e-10,9.888516894207555e-09,,02131a03de8b310323fe80bb9a1b239d4fbb4d213199c83247486cb3ff2f12eb
single_shape,plain2_w16_gap,random_rank10,7055,3,release_default,10,4.800335492616818e-10,1.1572219404953898e-08,,64cd970ca335bd7ad85a586767567280038a6b4e87c82e462b32b5282ea809d8
single_shape,plain2_w16_gap,random_rank10,7056,0,release_default,10,5.238689482212067e-10,8.305202303660053e-09,,a8681ed703158428d74737eb7da9c338a4c1f0ec935b5953dcc4c05c448eec29
single_shape,plain2_w16_gap,random_rank10,7056,1,release_default,10,6.478297075739613e-10,6.71660327355994e-09,,52ba81f668ae41fd473a2d8321efd1d0784a8ac58c2253f267b2b9406ab210c8
single_shape,plain2_w16_gap,random_rank10,7056,2,release_default,10,4.2470034073900296e-10,9.297137948394152e-09,,23475fc1492332b0bd4e324a047882b72a47609aa6fb7976ef646dc090158617
single_shape,plain2_w16_gap,random_rank10,7056,3,release_default,10,8.22093383765515e-10,9.06623232044268e-09,,9c869838182c891b7f4b9f3039a675170d7a759d4915539443c422e19411124b
single_shape,plain2_w16_gap,random_rank10,7057,0,release_default,10,6.76933538030695e-10,1.197483989745507e-08,,3f6177e7c436a25347a260f86fe4f4314c573ff34463b4e9e63e60bedddd8149
single_shape,plain2_w16_gap,random_rank10,7057,1,release_default,10,9.924046879197344e-10,5.30915555962963e-09,,dba1e494c10cfb164938e0778e70e881d8ee1e8b6273307203e0d4a7f0135904
single_shape,plain2_w16_gap,random_rank10,7057,2,release_default,10,5.20904669193206e-10,8.823935915280856e-09,,95c3ee23c3b2e435e0eeba3feb8c059f42212c07ab7e809fe2fe60f057a014a9
single_shape,plain2_w16_gap,random_rank10,7057,3,release_default,10,4.4841457296300815e-10,8.426202180444875e-09,,de3dd8619317627a30da2480e73999085185bf0ac06a6b727e7f1d3493ee1a7c
single_shape,plain2_w16_gap,random_rank10,7058,0,release_default,10,4.987174898018072e-10,1.1523687892811552e-08,,b36c98cab31fcb2f41c0523068dce5d8479f1dd63714b573f8f21e2784e3ba0f
single_shape,plain2_w16_gap,random_rank10,7058,1,release_default,10,5.945063700589041e-10,8.892450775732641e-09,,7c9cf1955f30c5c0afa7ec9b68cc18eb6078bee034eb20614c0f84827983ad06
single_shape,plain2_w16_gap,random_rank10,7058,2,release_default,10,6.237561688011075e-10,1.0443286457828549e-08,,1a6d2d7d376ef390aacb88921623ae768e8d32ac9131cc334491b0bc1cc45b60
single_shape,plain2_w16_gap,random_rank10,7058,3,release_default,10,6.525006927089927e-10,9.892369368103004e-09,,8594172e1375cdf0f45dc8b633caab38715c96c54258939d0fe3560c17363cd7
single_shape,plain2_w16_gap,random_rank10,7059,0,release_default,10,5.76327704353097e-10,5.671059177814186e-09,,3114e9d0ef73054db4d4abe2ac4c0f1b8801b9a3cdb89e3071e0f50d6e830a83
single_shape,plain2_w16_gap,random_rank10,7059,1,release_default,10,5.353667577843608e-10,9.809120404824512e-09,,098eb2ff15d9e5e629c374064cf089a43a6360c98641e5a821ca79d77254f800
single_shape,plain2_w16_gap,random_rank10,7059,2,release_default,10,5.288992399050865e-10,8.909296633774488e-09,,f5c20d0d351721c553e0ad93e2046fa8c36396a6794942662ba475177f1d7867
single_shape,plain2_w16_gap,random_rank10,7059,3,release_default,10,5.317736922958751e-10,1.3125973419292336e-08,,cf8c1a882b65b2d62fff2a6c002ba3eae4097eedef5e93be74deac302c739b8d
single_shape,plain2_w16_gap,random_rank10,7060,0,release_default,10,6.611240498813582e-10,1.2894343370817296e-08,,2f0ba47cfd14abb54a3e769eb81e8abc0efcfb89ca7936914d8392cff702fdcd
single_shape,plain2_w16_gap,random_rank10,7060,1,release_default,10,6.445959486343243e-10,1.1012560974243968e-08,,1134bdd2b003d2f8e86736bba6fee0698b9f9fe31b34f843fc6a9065d07bf138
single_shape,plain2_w16_gap,random_rank10,7060,2,release_default,10,8.537123600641886e-10,9.779055565317663e-09,,e636b65c6d82d533317319f774b2c5b12895af71a108f1b0695a3db08d9855da
single_shape,plain2_w16_gap,random_rank10,7060,3,release_default,10,8.450890028918231e-10,7.088525655341016e-09,,597794ce676403f8335bbffd04243af93b60c883c83d5be3acd8c6f04a3b6b20
single_shape,plain2_w16_gap,random_rank10,7061,0,release_default,10,4.879382933363503e-10,1.0941282657661588e-08,,5e0ede82c6c2a4ef4007ca8a0895aa8b8a5d627879f380c62f6cd29cd8718889
single_shape,plain2_w16_gap,random_rank10,7061,1,release_default,10,6.201631033126219e-10,8.397847306440553e-09,,992378cb9823e20659b41cab5a8b39215a8d7bc9b0f750402bb526f1df69d4bb
single_shape,plain2_w16_gap,random_rank10,7061,2,release_default,10,4.714101920893163e-10,8.308530197176367e-09,,557dfee97bb9cf1e8463d82a46349b3070600f29231275bfa0614eb9e86386f8
single_shape,plain2_w16_gap,random_rank10,7061,3,release_default,10,5.662671209853373e-10,1.08382731678347e-08,,20659da0c2adea0c6dabc25b158e9afb2d5a9d3ea0b2a75f03b8bdf74a5093f5
single_shape,plain2_w16_gap,random_rank10,7062,0,release_default,10,5.921371925024339e-10,9.41444877611275e-09,,37e2428a285dd4f781b05ef18eec1e8e6e764e1d44c98f518f55decad64d8835
single_shape,plain2_w16_gap,random_rank10,7062,1,release_default,10,5.863882877208569e-10,6.368923388677672e-09,,f83fbc380defe3b113fd2da11a85ad57405f671f576d64a00ddd61e9565848ef
single_shape,plain2_w16_gap,random_rank10,7062,2,release_default,10,9.683311491468807e-10,8.207971635698641e-09,,06f5a1add3c361db67c50d438588d38a118632c698df8d2dbc2169f2c583b7f6
single_shape,plain2_w16_gap,random_rank10,7062,3,release_default,10,6.15132811628742e-10,8.045609956042199e-09,,ea0fc68a142b57eb7e698042372149f76c76671cdab43b25393cbda138fa5fbe
single_shape,plain2_w16_gap,random_rank10,7063,0,release_default,10,9.183875388569302e-10,1.0190841948087836e-08,,b2fcc3b92575c895355ce217ed9a09b3ef41d89a83b02518a7dd672826933774
single_shape,plain2_w16_gap,random_rank10,7063,1,release_default,10,7.951453926018727e-10,1.2669396975972802e-08,,472a64af9e37c0a551e13f16a77cd9889c9526b4bc3c32787de98ae2de61d7b7
single_shape,plain2_w16_gap,random_rank10,7063,2,release_default,10,6.345353652665644e-10,7.555444492268748e-09,,348479d1a77366728717874078c9500fc572c016a13ef10cc93ae236d42b8be8
single_shape,plain2_w16_gap,random_rank10,7063,3,release_default,10,6.783707642260893e-10,9.026910774423413e-09,,8705f9f18040a68390a53101967521e2dac77b832d3af258647840426d3dc990
single_shape,plain2_w16_gap,random_rank10,7064,0,release_default,10,5.447087280544234e-10,1.3020647893213777e-08,,90625547bce0219b6c6fa998fabfb9101b2f0d8597ca8541b74f77c28679c7d9
single_shape,plain2_w16_gap,random_rank10,7064,1,release_default,10,5.558472310687289e-10,1.1130560251260135e-08,,873e83ce0df62af61bd344f43053d609e6d6baed63d8409222992dcbbe032362
single_shape,plain2_w16_gap,random_rank10,7064,2,release_default,10,7.171758715017342e-10,1.1188298731923396e-08,,8b270953d77c31ef52a4c7386a73e66dab79352cde1cb8919a8b06a558ec66bf
single_shape,plain2_w16_gap,random_rank10,7064,3,release_default,10,6.251933949965018e-10,7.060362738897652e-09,,399665b28c5d11e4fcefd5fe82df7cf64046d29e05f1d94fd727983585ecdd33
single_shape,plain2_w16_gap,random_rank10,7065,0,release_default,10,4.6134960872155647e-10,1.1830454504924148e-08,,3be005ca07aae7a1636f46d60dd700ff7b1d37050385aacfb6833fcd44c865e0
single_shape,plain2_w16_gap,random_rank10,7065,1,release_default,10,6.970547047662146e-10,9.847250348471448e-09,,ec58dbbc8c925ead9dca661d38a81775ceb990cd2104c1acf1c85cbe1d3e14d5
single_shape,plain2_w16_gap,random_rank10,7065,2,release_default,10,5.132694050301741e-10,1.0608763090225182e-08,,a3a5432af9b5f6e65e3ca7dfc730b99c42eeb748a964ca614b4f73037f929c30
single_shape,plain2_w16_gap,random_rank10,7065,3,release_default,10,8.457177893523081e-10,8.29523116863129e-09,,00c715c17ac10ad9963224b186490ea07e19007ebc04ebdb7b3dcf1df47a2c26
single_shape,plain2_w16_gap,random_rank10,7066,0,release_default,10,6.740590856399065e-10,1.0306903996948336e-08,,0935d08ca91ed810e55553205ee35411c243e9d8bdf988f61dcaeee7672cf9ea
single_shape,plain2_w16_gap,random_rank10,7066,1,release_default,10,7.157386453063399e-10,1.3353913086433522e-08,,06e70d65af41776b8a0481fd5e838ab7c64a8895068a13889e3eba2d80f36c32
single_shape,plain2_w16_gap,random_rank10,7066,2,release_default,10,6.37409817657353e-10,1.0638219860581444e-08,,1f70ee08c45fafcfd89aafe656a7e0d92df9bba6d3061b8deaa5a5f31a70d6da
single_shape,plain2_w16_gap,random_rank10,7066,3,release_default,10,5.92855805600131e-10,1.3565189971309621e-08,,fe0de7c071f370e37e7e106be3b0c8a3e7115018c90b3e9ac0db3c81c048e15f
single_shape,plain2_w16_gap,random_rank10,7067,0,release_default,10,6.510634665135984e-10,5.964755356302476e-09,,57306c7cc9d00394ec68d77f5229ea910cd3125d4d14505bd1d00e068e9627b9
single_shape,plain2_w16_gap,random_rank10,7067,1,release_default,10,6.963360916685175e-10,5.539264602560934e-09,,28efa39590fb10b79e5b9caacf56a5db95465e1de0b5ea9fa95de93edaf77c6b
single_shape,plain2_w16_gap,random_rank10,7067,2,release_default,10,6.668729546629352e-10,8.784414751161762e-09,,6f3653be6c6b6f3095ae48e7eae1c71c4665bc379db94aa2f66c497b5bacb5c4
single_shape,plain2_w16_gap,random_rank10,7067,3,release_default,10,5.059036207787784e-10,9.810611878435793e-09,,76e0cc931ee012786aa68f891e468b5b059377a3f23e48085b22c588d0bb2d77
single_shape,plain2_w16_gap,random_rank10,7068,0,release_default,10,5.12011832109204e-10,7.964636394852675e-09,,3452e5b4171c1cac409f4636714bc3bbac9cb7bc907c28046157fc5f5e243173
single_shape,plain2_w16_gap,random_rank10,7068,1,release_default,10,5.059036207787784e-10,8.155495057060591e-09,,7417cffbfca521e1529be0e8a0eb93e9d511b3c3001740c511887ef702e7aa30
single_shape,plain2_w16_gap,random_rank10,7068,2,release_default,10,5.863882877208569e-10,1.0377793735472096e-08,,37b379bdb8e66a67c2fe73fc35793096d7b49e1a8784d96d537729cc8ecd2810
single_shape,plain2_w16_gap,random_rank10,7068,3,release_default,10,5.621350956735787e-10,1.0729242383433757e-08,,37caefc4c1578b86df45e85e8413fe746e11f36bf74bc830f5815277f993118c
single_shape,plain2_w16_gap,random_rank10,7069,0,release_default,10,5.626740554968516e-10,1.000851013177595e-08,,323a3a272ec9814fc89c4d978cc25bf37e3c4eb642c97a8e09299503daa733ed
single_shape,plain2_w16_gap,random_rank10,7069,1,release_default,10,6.654357284675409e-10,1.2112496228233738e-08,,bc9494e64cc04280511288f227224359d468ee91e24b4c8211d9dbe7f2f8decd
single_shape,plain2_w16_gap,random_rank10,7069,2,release_default,10,7.696346276336246e-10,1.2927430126374873e-08,,f043d860e8e4512690f70376e3731b40e2965b1beb333457ebd213b076689cf4
single_shape,plain2_w16_gap,random_rank10,7069,3,release_default,10,4.872196802386531e-10,7.501947840715673e-09,,cdd495d04627582997238e655230ed4923dbaa3849c9215032c364bca42b5ad3
single_shape,plain2_w16_gap,random_rank10,7070,0,release_default,10,5.662671209853373e-10,1.2334936405622443e-08,,31166756df3d3d63d0a956ad29b1a050fdd955c393aac7748f5169cde57ed12c
single_shape,plain2_w16_gap,random_rank10,7070,1,release_default,10,8.16344478983938e-10,9.316208471332743e-09,,f2b224579c2ee01a9e44c6c548f5f9494174f8e62246782dbec715a12ab590c9
single_shape,plain2_w16_gap,random_rank10,7070,2,release_default,10,5.98604710381708e-10,7.32762961419553e-09,,6ec5687fac72c038ff013485dfd39eaa8b07f55893f4dc30524168eba4761bfb
single_shape,plain2_w16_gap,random_rank10,7070,3,release_default,10,5.921371925024339e-10,1.36804620964881e-08,,b7663d36b3707f575137bccec893f17b381ce9e565dd80d4d217e1eddc7b62df
single_shape,plain2_w16_gap,random_rank10,7071,0,release_default,10,6.377691242062015e-10,1.265667215477606e-08,,83b5a45fc29999c482d6e13d9375b4209c0931fea7f8a1cab1295e886c5b77dd
single_shape,plain2_w16_gap,random_rank10,7071,1,release_default,10,5.849510615254626e-10,9.928544986159693e-09,,d14af2fc182ff8a96397d78974d8067f9e7ab770bc43005b9afe80826437877f
single_shape,plain2_w16_gap,random_rank10,7071,2,release_default,10,6.190290420178186e-10,8.709939991469184e-09,,7bba1da0cc7b09856e869dc4dd0b8dc2d4c75aef585360aca16afd04c27daf0a
single_shape,plain2_w16_gap,random_rank10,7071,3,release_default,10,7.703532407313217e-10,7.786402078657773e-09,,49c28f510518e73381cd6f1d9e2d7eb82890afb8c0d8c979f803bdeb4c6070e7
single_shape,plain2_w16_gap,random_rank10,7072,0,release_default,10,4.6350544801464786e-10,1.2402989524318286e-08,,a26ea0cbee532eab2de3c27ff423632045693cdb2745528226785f20ba3bd251
single_shape,plain2_w16_gap,random_rank10,7072,1,release_default,10,7.579571647960462e-10,9.610983342511759e-09,,c93046c9e45ee0a1041b8ed751c0d9010ddc7487d884de8d9d6e3e28d51ce1b8
single_shape,plain2_w16_gap,random_rank10,7072,2,release_default,10,6.438773355366271e-10,1.127501114694951e-08,,2f562bd84d10e5b4bfde9528a6018f20c22006d212fc4fd436a988e86527cda1
single_shape,plain2_w16_gap,random_rank10,7072,3,release_default,10,8.94673306632925e-10,8.859300626440358e-09,,65c3cc01bc7bea04c91a3a37fb66f80f1ad82af9b24cd56c93ccb845d0774ea3
single_shape,plain2_w16_gap,random_rank10,7073,0,release_default,10,7.013663833523974e-10,9.507205911418737e-09,,3eccbe0b3452ed23dee1fcad66845b39d802ed3c3ffe9d82f3dad822edadafd9
single_shape,plain2_w16_gap,random_rank10,7073,1,release_default,10,4.843452278478646e-10,1.1884830786179634e-08,,c6299f8ec983d772b68d13f3436546924a0df33ff453029896fe61879fc19166
single_shape,plain2_w16_gap,random_rank10,7073,2,release_default,10,4.167955966643345e-10,1.0642530190452248e-08,,8573f5cf54a00b318778f379d16f027b6a0db547f0cad08f2dae41d0e8c3e86f
single_shape,plain2_w16_gap,random_rank10,7073,3,release_default,10,5.332109184912693e-10,1.0131990024753179e-08,,7d0a4df03f61b3a86745e99dc216d8306c98d0c1ccdacf612d327dafc8a66aac
single_shape,plain2_w16_gap,random_rank10,7074,0,release_default,10,4.58475156330768e-10,8.71460925644385e-09,,ef0b38551944c234cd8112432c96444c841b8f52f66b5677a8415a0c1fe3ee7f
single_shape,plain2_w16_gap,random_rank10,7074,1,release_default,10,7.646043359497447e-10,1.4471927434200893e-08,,a7d27c2a2246745cf2c16a6f24565a680c02d730ad96fb325f925a1bd057c763
single_shape,plain2_w16_gap,random_rank10,7074,2,release_default,10,6.381284307550501e-10,7.172886173911763e-09,,219364215361893639971a0b56daae90299852f29e6896134be21fb2003a3f32
single_shape,plain2_w16_gap,random_rank10,7074,3,release_default,10,8.134700265931494e-10,7.696727477579657e-09,,a46248789d9abda3a8495dd00716e425b4ae21bb42b120bcf0089f66a851b907
single_shape,plain2_w16_gap,random_rank10,7075,0,release_default,10,8.206561575701208e-10,7.033415627688555e-09,,132e644cb01203a1af7b46add7f27ef49933fab148f978d2671ec7b329005fdf
single_shape,plain2_w16_gap,random_rank10,7075,1,release_default,10,6.273492342895932e-10,6.832174603843555e-09,,224a98c7843a8032f09aa43dc21ec79cf52c0d36dcc335da0508911b57532498
single_shape,plain2_w16_gap,random_rank10,7075,2,release_default,10,4.1248391807815177e-10,7.117273881362962e-09,,f47b65c2d2c6571dd0f77d0ebebbcf068b58518ad2391f9911389e1facad2577
single_shape,plain2_w16_gap,random_rank10,7075,3,release_default,10,9.255736698339015e-10,5.4542994565309755e-09,,5b96baef85856adf8728d7f125d990c1f508658a8f47f331a76d441258d0886b
single_shape,plain2_w16_gap,random_rank10,7076,0,release_default,10,5.64829894789943e-10,1.292499185456819e-08,,6f7b8ad0d1c627ca7ff0f2f21e68fec4a0646590700b60aa2ad45c88bd245dd6
single_shape,plain2_w16_gap,random_rank10,7076,1,release_default,10,5.116525255603555e-10,9.609592011017298e-09,,303f60d47770341db42ac69196768e8ef8e60565dd82e53a3bbb0e68c2e9ec88
single_shape,plain2_w16_gap,random_rank10,7076,2,release_default,10,3.2193866776831354e-10,1.1123725829342845e-08,,95bc7b414ec38c5c80753236f977bc9b89a98ba490bbb9947e3e196e19786e7f
single_shape,plain2_w16_gap,random_rank10,7076,3,release_default,10,6.542972254532355e-10,8.052733369012799e-09,,337afbb7a0ce52f500bb7abf849d337ca47476fb33b9c0e1003942073abd672f
single_shape,plain2_w16_gap,random_rank10,7077,0,release_default,10,6.25912008094199e-10,9.17622644536209e-09,,b77eab892acd80637a643d0afe919c892484a32472071d6376df17ce75548905
single_shape,plain2_w16_gap,random_rank10,7077,1,release_default,10,5.81357996036977e-10,1.0848741349711588e-08,,e2f5336aa9ce00190856f534697559dbaa4fe5da1b5248927730a5b45a6420ed
single_shape,plain2_w16_gap,random_rank10,7077,2,release_default,10,4.714101920893163e-10,1.1956716727823391e-08,,400b99212f6e4f3065d3401389e05410a12936fef3bd1655b2d8d196624d8f0f
single_shape,plain2_w16_gap,random_rank10,7077,3,release_default,10,8.22093383765515e-10,1.0703957942226339e-08,,1f6a9c029bf725f375ddf58131e7dda2c1ba1b6b40c3081d60734c3270d4f085
single_shape,plain2_w16_gap,random_rank10,7078,0,release_default,10,6.898685737892433e-10,1.6637317523660045e-08,,04a57d68f9c6759f5e1d7e1db04a999053e34ce8bfa91ee7e3b6c6c37e80dcf4
single_shape,plain2_w16_gap,random_rank10,7078,1,release_default,10,6.582495974905697e-10,6.703384403117241e-09,,6a13ed2ac01be4d1803c63acf29190dd1592de33337a52b5216a9038c9bea67c
single_shape,plain2_w16_gap,random_rank10,7078,2,release_default,10,4.944058112156244e-10,1.1363727958624281e-08,,ed07fefc87dd109e633b7a38a7b3005b0b144a9d52addaef67d9e721b93024d6
single_shape,plain2_w16_gap,random_rank10,7078,3,release_default,10,5.044663945833842e-10,8.357089686938934e-09,,f2ecda5bfc23f46d5819a163f543d14d8578dc8b40dc0a452a6b8bf000954b99
single_shape,plain2_w16_gap,random_rank10,7079,0,release_default,10,6.841196690076664e-10,9.597062478050589e-09,,f6696502fcc390dd364e6fdce874e793cd883a9662adad80c8d0183441dccbf7
single_shape,plain2_w16_gap,random_rank10,7079,1,release_default,10,4.599123825261622e-10,1.2765352108701222e-08,,9b607236417a081b6167b81972a0caa5f1dfcdce6cd6565595b950f419093836
single_shape,plain2_w16_gap,random_rank10,7079,2,release_default,10,4.1823282285972877e-10,1.0694395591315242e-08,,045f20f117b5cb2e68b5fb47931a33818deed0a2b33af4bdfe858fc57d3fbd20
single_shape,plain2_w16_gap,random_rank10,7079,3,release_default,10,6.094737334843771e-10,8.908192516976499e-09,,72488ee1aab659df9d88cc8cbc8ab9089cef4ba484d9faf7be194c1189bb9baa
single_shape,plain2_w16_gap,random_rank10,7080,0,release_default,10,6.029163889678908e-10,1.0206733014328506e-08,,93b0a0c3d4954e811f8f23afd7a2e1daa9816c0ace90f5cf7655b0901d14304c
single_shape,plain2_w16_gap,random_rank10,7080,1,release_default,10,4.670985135031335e-10,6.366741356345074e-09,,884da5635bc9000e657362bcbd79c311d9862f2b785d666477693dd197f39b09
single_shape,plain2_w16_gap,random_rank10,7080,2,release_default,10,5.403970494682406e-10,1.6895089216539816e-08,,2a37fa9e30a63b4b45162b40383b22196031ddacc0ecb5f3e88f775d6f94f6e0
single_shape,plain2_w16_gap,random_rank10,7080,3,release_default,10,7.631671097543504e-10,9.937918044045091e-09,,7d22d6f8b2616ba58723b4a926852d6200b95010a3b119f191974b8e05163bd7
single_shape,plain2_w16_gap,random_rank10,7081,0,release_default,10,5.103949526393855e-10,8.245864213662912e-09,,8ac58f286be3074be1669f3201e6bccff7e68c9345f3c680d302ba0ad7eb2a5b
single_shape,plain2_w16_gap,random_rank10,7081,1,release_default,10,5.529727786779404e-10,6.640982652683647e-09,,7965bd60512f4b3c7ecc3a5f229894bbb9c6de4077e7fbca5e08b180083df092
single_shape,plain2_w16_gap,random_rank10,7081,2,release_default,10,7.035222226454888e-10,8.861825051553751e-09,,6d4eba07dc35e4cf96cc016d9bdebb1911980777c7d6d61b89db6b4d09981aea
single_shape,plain2_w16_gap,random_rank10,7081,3,release_default,10,5.098559928161127e-10,1.3859467462573605e-08,,5848c81d4e5a6bb050ce01fe136cfb5b009c5f5c7532fae695d10b289a5b09cf
single_shape,plain2_w16_gap,random_rank10,7082,0,release_default,10,6.914854532590619e-10,1.0965552910136012e-08,,d1bdf303adcb56d9078945e91689d2ba97941534883f3c214449fe0d63fed4c2
single_shape,plain2_w16_gap,random_rank10,7082,1,release_default,10,6.26630621191896e-10,9.753802543421841e-09,,0722e3222a66175f3aca765135c8d59105f97a377540ae2eae44902fc6447378
single_shape,plain2_w16_gap,random_rank10,7082,2,release_default,10,5.497390197383033e-10,1.0519286552934659e-08,,d819c540494da490ebbb4e8ad81ea6af674383f14de8a2f36019fef82ebaf975
single_shape,plain2_w16_gap,random_rank10,7082,3,release_default,10,5.558472310687289e-10,6.332613544657306e-09,,36f20813622d0f1acaff279133294af06260f646b089392c3baa3abf7cb5e9b4
single_shape,plain2_w16_gap,random_rank10,7083,0,release_default,10,4.765976803883174e-10,1.0987759813119169e-08,,67c17f33651e9dc870dde53c462cc13bd5e9e8c6c2c93d4ca93311a0f94e2feb
single_shape,plain2_w16_gap,random_rank10,7083,1,release_default,10,4.778777099685904e-10,1.8485040054194712e-08,,5ed0e3fab31b28eafac61b2e5b900f99078ed3d97c12918f0e7a1d920f1baa8b
single_shape,plain2_w16_gap,random_rank10,7083,2,release_default,10,6.018384693213451e-10,1.3375223040235085e-08,,c43ae274ffb4aba41c6f9562c34be48a5cd8d43a3e8d1786bf884af4e7bc85e5
single_shape,plain2_w16_gap,random_rank10,7083,3,release_default,10,8.623357172365542e-10,8.751110502913662e-09,,9cd75ff50bc8ba3fdeadc4d0856978ef1ac96ff2c229bf5f78a0353a0c307ebe
single_shape,plain2_w16_gap,random_rank10,7084,0,release_default,10,5.978860972840109e-10,1.0357644741887384e-08,,8abeccbb16bdb16c63f21834ebb6ebe0b5058c88cf72598dee084f5496f431e7
single_shape,plain2_w16_gap,random_rank10,7084,1,release_default,10,6.339964054432916e-10,1.3980711921490752e-08,,d44c8dc8aa5be4bc79f226f49f8d036df6a239798823bc5b7fd7e95ed983301c
single_shape,plain2_w16_gap,random_rank10,7084,2,release_default,10,9.16950312661536e-10,7.90238741110727e-09,,12f37ba949c66931f89b53aaf8ca8a454468f4f8f8a3376818a2b83759b52f6a
single_shape,plain2_w16_gap,random_rank10,7084,3,release_default,10,6.754963118353008e-10,1.49558151418816e-08,,659cd5a498c165dcb43ef36c6a8b6139a85354e9aec1752453ff30bea1d6dc9b
single_shape,plain2_w16_gap,random_rank10,7085,0,release_default,10,5.051850076810813e-10,1.0955953921865103e-08,,31abba41498c27fc6242c63a20d8962f8bb9331b5c72b849aa26e9b17a2f7bd0
single_shape,plain2_w16_gap,random_rank10,7085,1,release_default,10,5.655485078876401e-10,8.488326486144615e-09,,e1c40472299202b4919b4320d354f03f7701f9e6e52d44e0b8f1260447c55161
single_shape,plain2_w16_gap,random_rank10,7085,2,release_default,10,6.525006927089927e-10,6.8465677571794e-09,,2e75ca64c70adcfa148ab49d73560087aa1715ab9e1ffef9ceca316db355346d
single_shape,plain2_w16_gap,random_rank10,7085,3,release_default,10,5.633477552759426e-10,1.0197318323079685e-08,,57b64190a466e6efaa5c95cc6967b3c1b6971852a94c13f16e5b341cbb005bab
single_shape,plain2_w16_gap,random_rank10,7086,0,release_default,10,5.511762459336976e-10,9.554819824231231e-09,,9d4386572d0fa53d8ef4768df32fb3130380846fa29010aa161d41f7893622fb
single_shape,plain2_w16_gap,random_rank10,7086,1,release_default,10,4.5703793013537373e-10,1.0298002783848403e-08,,4cbe0ea83245035a387ae231fa159edb2159a56409cf24b0c6e76694c3331245
single_shape,plain2_w16_gap,random_rank10,7086,2,release_default,10,7.516693001911964e-10,9.673601142345944e-09,,7768272d2da546353a998318d19327a7300db33726d74b800437db20338ae677
single_shape,plain2_w16_gap,random_rank10,7086,3,release_default,10,3.9523720373342066e-10,1.3191617798113953e-08,,932bbb913d326517c30ee95f02ff89b5654f7cea6a7c3a63d5fdb1cf1a8909ca
single_shape,plain2_w16_gap,random_rank10,7087,0,release_default,10,8.042178829602989e-10,1.063232257791924e-08,,0433c98865de0639989947c9b82b824b3b62ee85200afaa0479fccda02cff3ab
single_shape,plain2_w16_gap,random_rank10,7087,1,release_default,10,7.124375163887938e-10,1.0027355723529752e-08,,3b70a984c332dc07f9b61061cc6539b4724da1a4f10669a37c2a10abef7c470c
single_shape,plain2_w16_gap,random_rank10,7087,2,release_default,10,4.160769835666374e-10,1.2717655706317998e-08,,2dbc295a67cfa6fb37dc5fd58fe067b8cf1ef6be1b8b62c1a68b569d2e418e80
single_shape,plain2_w16_gap,random_rank10,7087,3,release_default,10,7.257992286740998e-10,9.693512437181084e-09,,e945f159d3645053d5cacac3aa01c386b1310324f40a75afb99a06d6c691189c
single_shape,plain2_w16_gap,random_rank10,7088,0,release_default,10,7.09989740524763e-10,9.818335477973505e-09,,148d10c940951e292c49282d0130ce6b5c26306ab87b064add072824cae4b5f2
single_shape,plain2_w16_gap,random_rank10,7088,1,release_default,10,6.553751450997812e-10,1.1736368765724592e-08,,25f3850e5d331b711005f2ace610f9e8e344f34f975c4fe4ecd3b024eb5f50a0
single_shape,plain2_w16_gap,random_rank10,7088,2,release_default,10,4.512890253537967e-10,6.895567006282022e-09,,969babf5473ff3ef8c9cddb92b90925e848dc7802c1e9eaeeee944f6aa9ec05d
single_shape,plain2_w16_gap,random_rank10,7088,3,release_default,10,6.481890141228099e-10,7.073041263794266e-09,,a36b69156838a30899594d8cb3617dda0dccba2858b7c8f5f2b9747b265012cd
single_shape,plain2_w16_gap,random_rank10,7089,0,release_default,10,6.668729546629352e-10,5.879693176780165e-09,,b2c320d7d5f80f24ef164842a2cd8dcc1e7736300467c9d475815e45ee80d8f6
single_shape,plain2_w16_gap,random_rank10,7089,1,release_default,10,6.37409817657353e-10,1.081810174774489e-08,,d084a2826a8dd6edda51aa52a9a552cb8f205ecc3ab211d47a6ce0a4d75893d4
single_shape,plain2_w16_gap,random_rank10,7089,2,release_default,10,7.502320739958022e-10,9.268669276529806e-09,,218bb89509b512ed63f62e9d1cbec5a65a6aa07a20c9c045d2edb0c2e0e8ebd7
single_shape,plain2_w16_gap,random_rank10,7089,3,release_default,10,5.238689482212067e-10,9.938465050929324e-09,,33a10d43acbb52cb9a3caa7aba5154fdbbc04a09d9f322640fdf1e97d2c87437
single_shape,plain2_w16_gap,random_rank10,7090,0,release_default,10,5.826155689579469e-10,4.877345194387317e-09,,f17290e3ae492d90528eb5fb7ee54a30de1bebfb7e93ca0e35cf5a52dc92059b
single_shape,plain2_w16_gap,random_rank10,7090,1,release_default,10,4.94765117764473e-10,1.0633675495697048e-08,,1db34eff751285c29d8709ab046e2bca96bf3336503579d91d28a136cb5af22b
single_shape,plain2_w16_gap,random_rank10,7090,2,release_default,10,8.613925375458267e-10,1.134268856617382e-08,,a44e7b9aca538e106c37341f5c949aa5e3e313252c670696770b86a257bc4779
single_shape,plain2_w16_gap,random_rank10,7090,3,release_default,10,4.886569064340474e-10,8.383925109711754e-09,,916f0b505ddd3da3160c91822903931a746a6d2bf7c6bd6ef378a92b6d396ccf
single_shape,plain2_w16_gap,random_rank10,7091,0,release_default,10,6.065094544563764e-10,9.013466084617505e-09,,4094e2c2b01ebb4a956fc8cf167b97eccab161cf2150019a232771f58ae5c58b
single_shape,plain2_w16_gap,random_rank10,7091,1,release_default,10,1.0664218369825387e-09,1.2548074135310117e-08,,8044c54c5658d5cf6dc858eea1fe6dc730270ad60b4898bd7147ce61ce0021f5
single_shape,plain2_w16_gap,random_rank10,7091,2,release_default,10,6.639985022721467e-10,1.1697086410578095e-08,,dc01f9de3a32911133b45130d48923f277825719347c8652f008f96d11bba632
single_shape,plain2_w16_gap,random_rank10,7091,3,release_default,10,5.461459542498177e-10,9.755912966369351e-09,,1d79d357e11a0ceab048e27f2ee95071a961e2e7819afc07bd2783f12a578c91
single_shape,plain2_w16_gap,random_rank10,7092,0,release_default,10,5.576437638129717e-10,7.294280957026444e-09,,eaec545e5b013f7f113ed986a37f4c57131d59428e3b9f05a05afd34b4520d9a
single_shape,plain2_w16_gap,random_rank10,7092,1,release_default,10,6.568123712951755e-10,7.956423742072616e-09,,5e1fdbd9acc42bb6fdc5d162d02ea340bb1efb5b4fcde4c7b9af88c718143f76
single_shape,plain2_w16_gap,random_rank10,7092,2,release_default,10,6.654357284675409e-10,1.1209613459683965e-08,,44caa7c92390300a18e129183c707b01ad218ef9ffe0111908bb43b22679ccd4
single_shape,plain2_w16_gap,random_rank10,7092,3,release_default,10,5.906999663070397e-10,1.244045477744038e-08,,4f3c59da3596e9379400e6970ceb39208b46d30249ff0250269737ad6da92c89
single_shape,plain2_w16_gap,random_rank10,7093,0,release_default,10,4.714101920893163e-10,1.4029031270013093e-08,,55b72bcb9c8bfc669b8ed77a571c33c1cdda14621418fd7585019743f783c4d0
single_shape,plain2_w16_gap,random_rank10,7093,1,release_default,10,5.346481446866636e-10,1.194541077165212e-08,,2090fcbf229ca5a739915bd9aafacff51eff277ffe2a0101bd82d0e5fa0ccc80
single_shape,plain2_w16_gap,random_rank10,7093,2,release_default,10,4.5057041225609954e-10,1.1667522281655351e-08,,721e315370e081971d6c30fcdd613c51c175498ac95828841b50734a841aa531
single_shape,plain2_w16_gap,random_rank10,7093,3,release_default,10,5.116525255603555e-10,1.085604606210211e-08,,719f48ccab1b6dc1193432989ad7b70da99b07f5e7feb6bdb70fdb9901cb3960
single_shape,plain2_w16_gap,random_rank10,7094,0,release_default,10,7.473576216050136e-10,9.030629799511303e-09,,4433c3a36485a04cc6ff4762ee74c6eaa09ee1901242e8974541681ee3d41388
single_shape,plain2_w16_gap,random_rank10,7094,1,release_default,10,6.697474070537237e-10,1.0400501682106267e-08,,400df8d491e89bc29899a0e5c600ee35860036c644924f4bf8afd84f8a6d75b3
single_shape,plain2_w16_gap,random_rank10,7094,2,release_default,10,9.9599775340822e-10,5.951683146321329e-09,,8cfc0bebdf2980bb39d536f4a082f506197a36748aa01ad04f889d717ae5a55f
single_shape,plain2_w16_gap,random_rank10,7094,3,release_default,10,8.537123600641886e-10,1.3546745614156919e-08,,2c91b21b29abb40afefa0fc976e4ed453cff07de881585698445cf6e60d5b6c1
single_shape,plain2_w16_gap,random_rank10,7095,0,release_default,10,5.835138353300683e-10,8.121819994322266e-09,,5ad53728f2f4045929984bf7661c05a9447851f17097a60bcb62acc9581bdd76
single_shape,plain2_w16_gap,random_rank10,7095,1,release_default,10,6.15132811628742e-10,8.444884791458662e-09,,330ff871530e0ff357cf171a56f8513e94f26abe06a6e93445e166f8de571b57
single_shape,plain2_w16_gap,random_rank10,7095,2,release_default,10,4.0529778710118046e-10,1.6610464115274226e-08,,b9398af4c254ec637c01195b5d63e5882edcb5489125a8a81260db19f8bb9da6
single_shape,plain2_w16_gap,random_rank10,7095,3,release_default,10,8.853313363628623e-10,1.0220478019462576e-08,,64a719a3273338e0175f07d6a13b8d387d00189d7df88a0f8577575997fee693
single_shape,plain2_w16_gap,random_rank10,7096,0,release_default,10,7.962233122484184e-10,1.2314383512901372e-08,,f5c09ce27d1bee475ebc0ec8cbcd13f45ddb5c47c9d11c87e3991769bb3e5264
single_shape,plain2_w16_gap,random_rank10,7096,1,release_default,10,7.951453926018727e-10,1.3527500897225764e-08,,53cd060357e5aa6aa57a47a0844e77e5fe6113744c714d76b74093d7c5bd4131
single_shape,plain2_w16_gap,random_rank10,7096,2,release_default,10,5.461459542498177e-10,8.735948631155566e-09,,89dd79feb42199a72708e677cc083a2f7ffcac46b711c48e6ecbcac114664506
single_shape,plain2_w16_gap,random_rank10,7096,3,release_default,10,6.525006927089927e-10,1.0556549523421666e-08,,dad3282aff5c0feed8234b3e9a595a72f3e8148174bf7a4c4e01185d5641fcdf
single_shape,plain2_w16_gap,random_rank10,7097,0,release_default,10,6.740590856399065e-10,9.009274548610335e-09,,aa79dd4fdb75791267e90e72bb0f0c5d350806d14504d0de5354af57271f5972
single_shape,plain2_w16_gap,random_rank10,7097,1,release_default,10,4.4266566818143115e-10,6.450618927900109e-09,,c661075ce56991051bcffb174d43dc6fc2a0e371e164e7970ddb64c90d927b48
single_shape,plain2_w16_gap,random_rank10,7097,2,release_default,10,6.927430261800318e-10,8.01159749652669e-09,,2d0604e0e3b5206cef8c549d7df9c180fba7fffadd83abd41367a3e6a3b5e6ff
single_shape,plain2_w16_gap,random_rank10,7097,3,release_default,10,5.403970494682406e-10,1.0730924593360669e-08,,f8cfeca2e6786aacc76b8903652d2c25993283dfc4a660f8e7ce2f94ce398118
single_shape,plain2_w16_gap,random_rank10,7098,0,release_default,10,6.20881716410319e-10,9.937853651109663e-09,,f4ab08f382fbba67cf226e69da05b5f05cbd034a5c93d3790e49a50ca3db0b26
single_shape,plain2_w16_gap,random_rank10,7098,1,release_default,10,9.212619912477187e-10,7.175207317189347e-09,,d970191dd55ccf4d0060a75995eac577aba26465ccc129314490bf0b9c05a050
single_shape,plain2_w16_gap,random_rank10,7098,2,release_default,10,7.66041562145139e-10,9.516467613934765e-09,,444629f57e41bf988aac15f31bb7b45ffcc8fb9f258100eb8bafe0f9c321b631
single_shape,plain2_w16_gap,random_rank10,7098,3,release_default,10,7.669398285172604e-10,1.0329966770861176e-08,,44bbc88782d570c43a80e14b275c1d3d5f61a0ea727f1b7bb61eac909a1bb313
single_shape,plain2_w16_gap,random_rank10,7099,0,release_default,10,5.08778073169567e-10,1.1792780196806518e-08,,b069b51bbce86b8bc0e9a910f340870f9ab24d80125766e778cfb3ee48c145cd
single_shape,plain2_w16_gap,random_rank10,7099,1,release_default,10,6.251933949965018e-10,1.1800168286946189e-08,,a03bbe134da1da1a66b39c85091cddafd7dfa143e09b78d80ee85688beb56d20
single_shape,plain2_w16_gap,random_rank10,7099,2,release_default,10,7.013663833523974e-10,7.847838157104547e-09,,6fb336afbdd5218e411eef23f0d52dc886f88d3241aac05b52ed3c621625e034
single_shape,plain2_w16_gap,random_rank10,7099,3,release_default,10,5.461459542498177e-10,8.15885248250936e-09,,fc21e209caaa90d82bed0cb298ba6fb1a1bbc71d5d74c5494f9859864a29f47b
single_shape,plain2_w16_gap,structured_template,7000,0,release_default,10,1.437226195394257e-09,1.219202161450994e-08,,f66b0ed6213727f69588d38841ded918816d6380486bf28ded46c5226b74072e
single_shape,plain2_w16_gap,structured_template,7000,1,release_default,10,1.437226195394257e-09,1.219202161450994e-08,,f66b0ed6213727f69588d38841ded918816d6380486bf28ded46c5226b74072e
single_shape,plain2_w16_gap,structured_template,7000,2,release_default,10,1.437226195394257e-09,1.219202161450994e-08,,f66b0ed6213727f69588d38841ded918816d6380486bf28ded46c5226b74072e
single_shape,plain2_w16_gap,structured_template,7000,3,release_default,10,1.437226195394257e-09,1.219202161450994e-08,,f66b0ed6213727f69588d38841ded918816d6380486bf28ded46c5226b74072e
single_shape,plain2_w16_gap,structured_template,7001,0,release_default,10,1.437226195394257e-09,1.219202161450994e-08,,f66b0ed6213727f69588d38841ded918816d6380486bf28ded46c5226b74072e
single_shape,plain2_w16_gap,structured_template,7001,1,release_default,10,1.437226195394257e-09,1.219202161450994e-08,,f66b0ed6213727f69588d38841ded918816d6380486bf28ded46c5226b74072e
single_shape,plain2_w16_gap,structured_template,7001,2,release_default,10,1.437226195394257e-09,1.219202161450994e-08,,f66b0ed6213727f69588d38841ded918816d6380486bf28ded46c5226b74072e
single_shape,plain2_w16_gap,structured_template,7001,3,release_default,10,1.437226195394257e-09,1.219202161450994e-08,,f66b0ed6213727f69588d38841ded918816d6380486bf28ded46c5226b74072e
single_shape,plain2_w16_gap,structured_template,7002,0,release_default,10,1.437226195394257e-09,1.219202161450994e-08,,f66b0ed6213727f69588d38841ded918816d6380486bf28ded46c5226b74072e
single_shape,plain2_w16_gap,structured_template,7002,1,release_default,10,1.437226195394257e-09,1.219202161450994e-08,,f66b0ed6213727f69588d38841ded918816d6380486bf28ded46c5226b74072e
single_shape,plain2_w16_gap,structured_template,7002,2,release_default,10,1.437226195394257e-09,1.219202161450994e-08,,f66b0ed6213727f69588d38841ded918816d6380486bf28ded46c5226b74072e
single_shape,plain2_w16_gap,structured_template,7002,3,release_default,10,1.437226195394257e-09,1.219202161450994e-08,,f66b0ed6213727f69588d38841ded918816d6380486bf28ded46c5226b74072e
single_shape,plain2_w16_gap,structured_template,7003,0,release_default,10,1.437226195394257e-09,1.219202161450994e-08,,f66b0ed6213727f69588d38841ded918816d6380486bf28ded46c5226b74072e
single_shape,plain2_w16_gap,structured_template,7003,1,release_default,10,1.437226195394257e-09,1.219202161450994e-08,,f66b0ed6213727f69588d38841ded918816d6380486bf28ded46c5226b74072e
single_shape,plain2_w16_gap,structured_template,7003,2,release_default,10,1.437226195394257e-09,1.219202161450994e-08,,f66b0ed6213727f69588d38841ded918816d6380486bf28ded46c5226b74072e
single_shape,plain2_w16_gap,structured_template,7003,3,release_default,10,1.437226195394257e-09,1.219202161450994e-08,,f66b0ed6213727f69588d38841ded918816d6380486bf28ded46c5226b74072e
single_shape,plain2_w16_gap,structured_template,7004,0,release_default,10,1.437226195394257e-09,1.219202161450994e-08,,f66b0ed6213727f69588d38841ded918816d6380486bf28ded46c5226b74072e
single_shape,plain2_w16_gap,structured_template,7004,1,release_default,10,1.437226195394257e-09,1.219202161450994e-08,,f66b0ed6213727f69588d38841ded918816d6380486bf28ded46c5226b74072e
single_shape,plain2_w16_gap,structured_template,7004,2,release_default,10,1.437226195394257e-09,1.219202161450994e-08,,f66b0ed6213727f69588d38841ded918816d6380486bf28ded46c5226b74072e
single_shape,plain2_w16_gap,structured_template,7004,3,release_default,10,1.437226195394257e-09,1.219202161450994e-08,,f66b0ed6213727f69588d38841ded918816d6380486bf28ded46c5226b74072e
single_shape,plain2_w16_gap,structured_template,7005,0,release_default,10,1.437226195394257e-09,1.219202161450994e-08,,f66b0ed6213727f69588d38841ded918816d6380486bf28ded46c5226b74072e
single_shape,plain2_w16_gap,structured_template,7005,1,release_default,10,1.437226195394257e-09,1.219202161450994e-08,,f66b0ed6213727f69588d38841ded918816d6380486bf28ded46c5226b74072e
single_shape,plain2_w16_gap,structured_template,7005,2,release_default,10,1.437226195394257e-09,1.219202161450994e-08,,f66b0ed6213727f69588d38841ded918816d6380486bf28ded46c5226b74072e
single_shape,plain2_w16_gap,structured_template,7005,3,release_default,10,1.437226195394257e-09,1.219202161450994e-08,,f66b0ed6213727f69588d38841ded918816d6380486bf28ded46c5226b74072e
single_shape,plain2_w16_gap,structured_template,7006,0,release_default,10,1.437226195394257e-09,1.219202161450994e-08,,f66b0ed6213727f69588d38841ded918816d6380486bf28ded46c5226b74072e
single_shape,plain2_w16_gap,structured_template,7006,1,release_default,10,1.437226195394257e-09,1.219202161450994e-08,,f66b0ed6213727f69588d38841ded918816d6380486bf28ded46c5226b74072e
single_shape,plain2_w16_gap,structured_template,7006,2,release_default,10,1.437226195394257e-09,1.219202161450994e-08,,f66b0ed6213727f69588d38841ded918816d6380486bf28ded46c5226b74072e
single_shape,plain2_w16_gap,structured_template,7006,3,release_default,10,1.437226195394257e-09,1.219202161450994e-08,,f66b0ed6213727f69588d38841ded918816d6380486bf28ded46c5226b74072e
single_shape,plain2_w16_gap,structured_template,7007,0,release_default,10,1.437226195394257e-09,1.219202161450994e-08,,f66b0ed6213727f69588d38841ded918816d6380486bf28ded46c5226b74072e
single_shape,plain2_w16_gap,structured_template,7007,1,release_default,10,1.437226195394257e-09,1.219202161450994e-08,,f66b0ed6213727f69588d38841ded918816d6380486bf28ded46c5226b74072e
single_shape,plain2_w16_gap,structured_template,7007,2,release_default,10,1.437226195394257e-09,1.219202161450994e-08,,f66b0ed6213727f69588d38841ded918816d6380486bf28ded46c5226b74072e
single_shape,plain2_w16_gap,structured_template,7007,3,release_default,10,1.437226195394257e-09,1.219202161450994e-08,,f66b0ed6213727f69588d38841ded918816d6380486bf28ded46c5226b74072e
single_shape,plain2_w16_gap,structured_template,7008,0,release_default,10,1.437226195394257e-09,1.219202161450994e-08,,f66b0ed6213727f69588d38841ded918816d6380486bf28ded46c5226b74072e
single_shape,plain2_w16_gap,structured_template,7008,1,release_default,10,1.437226195394257e-09,1.219202161450994e-08,,f66b0ed6213727f69588d38841ded918816d6380486bf28ded46c5226b74072e
single_shape,plain2_w16_gap,structured_template,7008,2,release_default,10,1.437226195394257e-09,1.219202161450994e-08,,f66b0ed6213727f69588d38841ded918816d6380486bf28ded46c5226b74072e
single_shape,plain2_w16_gap,structured_template,7008,3,release_default,10,1.437226195394257e-09,1.219202161450994e-08,,f66b0ed6213727f69588d38841ded918816d6380486bf28ded46c5226b74072e
single_shape,plain2_w16_gap,structured_template,7009,0,release_default,10,1.437226195394257e-09,1.219202161450994e-08,,f66b0ed6213727f69588d38841ded918816d6380486bf28ded46c5226b74072e
single_shape,plain2_w16_gap,structured_template,7009,1,release_default,10,1.437226195394257e-09,1.219202161450994e-08,,f66b0ed6213727f69588d38841ded918816d6380486bf28ded46c5226b74072e
single_shape,plain2_w16_gap,structured_template,7009,2,release_default,10,1.437226195394257e-09,1.219202161450994e-08,,f66b0ed6213727f69588d38841ded918816d6380486bf28ded46c5226b74072e
single_shape,plain2_w16_gap,structured_template,7009,3,release_default,10,1.437226195394257e-09,1.219202161450994e-08,,f66b0ed6213727f69588d38841ded918816d6380486bf28ded46c5226b74072e
single_shape,plain2_w16_gap,structured_template,7010,0,release_default,10,1.437226195394257e-09,1.219202161450994e-08,,f66b0ed6213727f69588d38841ded918816d6380486bf28ded46c5226b74072e
single_shape,plain2_w16_gap,structured_template,7010,1,release_default,10,1.437226195394257e-09,1.219202161450994e-08,,f66b0ed6213727f69588d38841ded918816d6380486bf28ded46c5226b74072e
single_shape,plain2_w16_gap,structured_template,7010,2,release_default,10,1.437226195394257e-09,1.219202161450994e-08,,f66b0ed6213727f69588d38841ded918816d6380486bf28ded46c5226b74072e
single_shape,plain2_w16_gap,structured_template,7010,3,release_default,10,1.437226195394257e-09,1.219202161450994e-08,,f66b0ed6213727f69588d38841ded918816d6380486bf28ded46c5226b74072e
single_shape,plain2_w16_gap,structured_template,7011,0,release_default,10,1.437226195394257e-09,1.219202161450994e-08,,f66b0ed6213727f69588d38841ded918816d6380486bf28ded46c5226b74072e
single_shape,plain2_w16_gap,structured_template,7011,1,release_default,10,1.437226195394257e-09,1.219202161450994e-08,,f66b0ed6213727f69588d38841ded918816d6380486bf28ded46c5226b74072e
single_shape,plain2_w16_gap,structured_template,7011,2,release_default,10,1.437226195394257e-09,1.219202161450994e-08,,f66b0ed6213727f69588d38841ded918816d6380486bf28ded46c5226b74072e
single_shape,plain2_w16_gap,structured_template,7011,3,release_default,10,1.437226195394257e-09,1.219202161450994e-08,,f66b0ed6213727f69588d38841ded918816d6380486bf28ded46c5226b74072e
single_shape,plain2_w16_gap,structured_template,7012,0,release_default,10,1.437226195394257e-09,1.219202161450994e-08,,f66b0ed6213727f69588d38841ded918816d6380486bf28ded46c5226b74072e
single_shape,plain2_w16_gap,structured_template,7012,1,release_default,10,1.437226195394257e-09,1.219202161450994e-08,,f66b0ed6213727f69588d38841ded918816d6380486bf28ded46c5226b74072e
single_shape,plain2_w16_gap,structured_template,7012,2,release_default,10,1.437226195394257e-09,1.219202161450994e-08,,f66b0ed6213727f69588d38841ded918816d6380486bf28ded46c5226b74072e
single_shape,plain2_w16_gap,structured_template,7012,3,release_default,10,1.437226195394257e-09,1.219202161450994e-08,,f66b0ed6213727f69588d38841ded918816d6380486bf28ded46c5226b74072e
single_shape,plain2_w16_gap,structured_template,7013,0,release_default,10,1.437226195394257e-09,1.219202161450994e-08,,f66b0ed6213727f69588d38841ded918816d6380486bf28ded46c5226b74072e
single_shape,plain2_w16_gap,structured_template,7013,1,release_default,10,1.437226195394257e-09,1.219202161450994e-08,,f66b0ed6213727f69588d38841ded918816d6380486bf28ded46c5226b74072e
single_shape,plain2_w16_gap,structured_template,7013,2,release_default,10,1.437226195394257e-09,1.219202161450994e-08,,f66b0ed6213727f69588d38841ded918816d6380486bf28ded46c5226b74072e
single_shape,plain2_w16_gap,structured_template,7013,3,release_default,10,1.437226195394257e-09,1.219202161450994e-08,,f66b0ed6213727f69588d38841ded918816d6380486bf28ded46c5226b74072e
single_shape,plain2_w16_gap,structured_template,7014,0,release_default,10,1.437226195394257e-09,1.219202161450994e-08,,f66b0ed6213727f69588d38841ded918816d6380486bf28ded46c5226b74072e
single_shape,plain2_w16_gap,structured_template,7014,1,release_default,10,1.437226195394257e-09,1.219202161450994e-08,,f66b0ed6213727f69588d38841ded918816d6380486bf28ded46c5226b74072e
single_shape,plain2_w16_gap,structured_template,7014,2,release_default,10,1.437226195394257e-09,1.219202161450994e-08,,f66b0ed6213727f69588d38841ded918816d6380486bf28ded46c5226b74072e
single_shape,plain2_w16_gap,structured_template,7014,3,release_default,10,1.437226195394257e-09,1.219202161450994e-08,,f66b0ed6213727f69588d38841ded918816d6380486bf28ded46c5226b74072e
single_shape,plain2_w16_gap,structured_template,7015,0,release_default,10,1.437226195394257e-09,1.219202161450994e-08,,f66b0ed6213727f69588d38841ded918816d6380486bf28ded46c5226b74072e
single_shape,plain2_w16_gap,structured_template,7015,1,release_default,10,1.437226195394257e-09,1.219202161450994e-08,,f66b0ed6213727f69588d38841ded918816d6380486bf28ded46c5226b74072e
single_shape,plain2_w16_gap,structured_template,7015,2,release_default,10,1.437226195394257e-09,1.219202161450994e-08,,f66b0ed6213727f69588d38841ded918816d6380486bf28ded46c5226b74072e
single_shape,plain2_w16_gap,structured_template,7015,3,release_default,10,1.437226195394257e-09,1.219202161450994e-08,,f66b0ed6213727f69588d38841ded918816d6380486bf28ded46c5226b74072e
single_shape,plain2_w16_gap,structured_template,7016,0,release_default,10,1.437226195394257e-09,1.219202161450994e-08,,f66b0ed6213727f69588d38841ded918816d6380486bf28ded46c5226b74072e
single_shape,plain2_w16_gap,structured_template,7016,1,release_default,10,1.437226195394257e-09,1.219202161450994e-08,,f66b0ed6213727f69588d38841ded918816d6380486bf28ded46c5226b74072e
single_shape,plain2_w16_gap,structured_template,7016,2,release_default,10,1.437226195394257e-09,1.219202161450994e-08,,f66b0ed6213727f69588d38841ded918816d6380486bf28ded46c5226b74072e
single_shape,plain2_w16_gap,structured_template,7016,3,release_default,10,1.437226195394257e-09,1.219202161450994e-08,,f66b0ed6213727f69588d38841ded918816d6380486bf28ded46c5226b74072e
single_shape,plain2_w16_gap,structured_template,7017,0,release_default,10,1.437226195394257e-09,1.219202161450994e-08,,f66b0ed6213727f69588d38841ded918816d6380486bf28ded46c5226b74072e
single_shape,plain2_w16_gap,structured_template,7017,1,release_default,10,1.437226195394257e-09,1.219202161450994e-08,,f66b0ed6213727f69588d38841ded918816d6380486bf28ded46c5226b74072e
single_shape,plain2_w16_gap,structured_template,7017,2,release_default,10,1.437226195394257e-09,1.219202161450994e-08,,f66b0ed6213727f69588d38841ded918816d6380486bf28ded46c5226b74072e
single_shape,plain2_w16_gap,structured_template,7017,3,release_default,10,1.437226195394257e-09,1.219202161450994e-08,,f66b0ed6213727f69588d38841ded918816d6380486bf28ded46c5226b74072e
single_shape,plain2_w16_gap,structured_template,7018,0,release_default,10,1.437226195394257e-09,1.219202161450994e-08,,f66b0ed6213727f69588d38841ded918816d6380486bf28ded46c5226b74072e
single_shape,plain2_w16_gap,structured_template,7018,1,release_default,10,1.437226195394257e-09,1.219202161450994e-08,,f66b0ed6213727f69588d38841ded918816d6380486bf28ded46c5226b74072e
single_shape,plain2_w16_gap,structured_template,7018,2,release_default,10,1.437226195394257e-09,1.219202161450994e-08,,f66b0ed6213727f69588d38841ded918816d6380486bf28ded46c5226b74072e
single_shape,plain2_w16_gap,structured_template,7018,3,release_default,10,1.437226195394257e-09,1.219202161450994e-08,,f66b0ed6213727f69588d38841ded918816d6380486bf28ded46c5226b74072e
single_shape,plain2_w16_gap,structured_template,7019,0,release_default,10,1.437226195394257e-09,1.219202161450994e-08,,f66b0ed6213727f69588d38841ded918816d6380486bf28ded46c5226b74072e
single_shape,plain2_w16_gap,structured_template,7019,1,release_default,10,1.437226195394257e-09,1.219202161450994e-08,,f66b0ed6213727f69588d38841ded918816d6380486bf28ded46c5226b74072e
single_shape,plain2_w16_gap,structured_template,7019,2,release_default,10,1.437226195394257e-09,1.219202161450994e-08,,f66b0ed6213727f69588d38841ded918816d6380486bf28ded46c5226b74072e
single_shape,plain2_w16_gap,structured_template,7019,3,release_default,10,1.437226195394257e-09,1.219202161450994e-08,,f66b0ed6213727f69588d38841ded918816d6380486bf28ded46c5226b74072e
single_shape,plain2_w16_gap,structured_template,7020,0,release_default,10,1.437226195394257e-09,1.219202161450994e-08,,f66b0ed6213727f69588d38841ded918816d6380486bf28ded46c5226b74072e
single_shape,plain2_w16_gap,structured_template,7020,1,release_default,10,1.437226195394257e-09,1.219202161450994e-08,,f66b0ed6213727f69588d38841ded918816d6380486bf28ded46c5226b74072e
single_shape,plain2_w16_gap,structured_template,7020,2,release_default,10,1.437226195394257e-09,1.219202161450994e-08,,f66b0ed6213727f69588d38841ded918816d6380486bf28ded46c5226b74072e
single_shape,plain2_w16_gap,structured_template,7020,3,release_default,10,1.437226195394257e-09,1.219202161450994e-08,,f66b0ed6213727f69588d38841ded918816d6380486bf28ded46c5226b74072e
single_shape,plain2_w16_gap,structured_template,7021,0,release_default,10,1.437226195394257e-09,1.219202161450994e-08,,f66b0ed6213727f69588d38841ded918816d6380486bf28ded46c5226b74072e
single_shape,plain2_w16_gap,structured_template,7021,1,release_default,10,1.437226195394257e-09,1.219202161450994e-08,,f66b0ed6213727f69588d38841ded918816d6380486bf28ded46c5226b74072e
single_shape,plain2_w16_gap,structured_template,7021,2,release_default,10,1.437226195394257e-09,1.219202161450994e-08,,f66b0ed6213727f69588d38841ded918816d6380486bf28ded46c5226b74072e
single_shape,plain2_w16_gap,structured_template,7021,3,release_default,10,1.437226195394257e-09,1.219202161450994e-08,,f66b0ed6213727f69588d38841ded918816d6380486bf28ded46c5226b74072e
single_shape,plain2_w16_gap,structured_template,7022,0,release_default,10,1.437226195394257e-09,1.219202161450994e-08,,f66b0ed6213727f69588d38841ded918816d6380486bf28ded46c5226b74072e
single_shape,plain2_w16_gap,structured_template,7022,1,release_default,10,1.437226195394257e-09,1.219202161450994e-08,,f66b0ed6213727f69588d38841ded918816d6380486bf28ded46c5226b74072e
single_shape,plain2_w16_gap,structured_template,7022,2,release_default,10,1.437226195394257e-09,1.219202161450994e-08,,f66b0ed6213727f69588d38841ded918816d6380486bf28ded46c5226b74072e
single_shape,plain2_w16_gap,structured_template,7022,3,release_default,10,1.437226195394257e-09,1.219202161450994e-08,,f66b0ed6213727f69588d38841ded918816d6380486bf28ded46c5226b74072e
single_shape,plain2_w16_gap,structured_template,7023,0,release_default,10,1.437226195394257e-09,1.219202161450994e-08,,f66b0ed6213727f69588d38841ded918816d6380486bf28ded46c5226b74072e
single_shape,plain2_w16_gap,structured_template,7023,1,release_default,10,1.437226195394257e-09,1.219202161450994e-08,,f66b0ed6213727f69588d38841ded918816d6380486bf28ded46c5226b74072e
single_shape,plain2_w16_gap,structured_template,7023,2,release_default,10,1.437226195394257e-09,1.219202161450994e-08,,f66b0ed6213727f69588d38841ded918816d6380486bf28ded46c5226b74072e
single_shape,plain2_w16_gap,structured_template,7023,3,release_default,10,1.437226195394257e-09,1.219202161450994e-08,,f66b0ed6213727f69588d38841ded918816d6380486bf28ded46c5226b74072e
single_shape,plain2_w16_gap,structured_template,7024,0,release_default,10,1.437226195394257e-09,1.219202161450994e-08,,f66b0ed6213727f69588d38841ded918816d6380486bf28ded46c5226b74072e
single_shape,plain2_w16_gap,structured_template,7024,1,release_default,10,1.437226195394257e-09,1.219202161450994e-08,,f66b0ed6213727f69588d38841ded918816d6380486bf28ded46c5226b74072e
single_shape,plain2_w16_gap,structured_template,7024,2,release_default,10,1.437226195394257e-09,1.219202161450994e-08,,f66b0ed6213727f69588d38841ded918816d6380486bf28ded46c5226b74072e
single_shape,plain2_w16_gap,structured_template,7024,3,release_default,10,1.437226195394257e-09,1.219202161450994e-08,,f66b0ed6213727f69588d38841ded918816d6380486bf28ded46c5226b74072e
single_shape,plain2_w16_gap,structured_template,7025,0,release_default,10,1.437226195394257e-09,1.219202161450994e-08,,f66b0ed6213727f69588d38841ded918816d6380486bf28ded46c5226b74072e
single_shape,plain2_w16_gap,structured_template,7025,1,release_default,10,1.437226195394257e-09,1.219202161450994e-08,,f66b0ed6213727f69588d38841ded918816d6380486bf28ded46c5226b74072e
single_shape,plain2_w16_gap,structured_template,7025,2,release_default,10,1.437226195394257e-09,1.219202161450994e-08,,f66b0ed6213727f69588d38841ded918816d6380486bf28ded46c5226b74072e
single_shape,plain2_w16_gap,structured_template,7025,3,release_default,10,1.437226195394257e-09,1.219202161450994e-08,,f66b0ed6213727f69588d38841ded918816d6380486bf28ded46c5226b74072e
single_shape,plain2_w16_gap,structured_template,7026,0,release_default,10,1.437226195394257e-09,1.219202161450994e-08,,f66b0ed6213727f69588d38841ded918816d6380486bf28ded46c5226b74072e
single_shape,plain2_w16_gap,structured_template,7026,1,release_default,10,1.437226195394257e-09,1.219202161450994e-08,,f66b0ed6213727f69588d38841ded918816d6380486bf28ded46c5226b74072e
single_shape,plain2_w16_gap,structured_template,7026,2,release_default,10,1.437226195394257e-09,1.219202161450994e-08,,f66b0ed6213727f69588d38841ded918816d6380486bf28ded46c5226b74072e
single_shape,plain2_w16_gap,structured_template,7026,3,release_default,10,1.437226195394257e-09,1.219202161450994e-08,,f66b0ed6213727f69588d38841ded918816d6380486bf28ded46c5226b74072e
single_shape,plain2_w16_gap,structured_template,7027,0,release_default,10,1.437226195394257e-09,1.219202161450994e-08,,f66b0ed6213727f69588d38841ded918816d6380486bf28ded46c5226b74072e
single_shape,plain2_w16_gap,structured_template,7027,1,release_default,10,1.437226195394257e-09,1.219202161450994e-08,,f66b0ed6213727f69588d38841ded918816d6380486bf28ded46c5226b74072e
single_shape,plain2_w16_gap,structured_template,7027,2,release_default,10,1.437226195394257e-09,1.219202161450994e-08,,f66b0ed6213727f69588d38841ded918816d6380486bf28ded46c5226b74072e
single_shape,plain2_w16_gap,structured_template,7027,3,release_default,10,1.437226195394257e-09,1.219202161450994e-08,,f66b0ed6213727f69588d38841ded918816d6380486bf28ded46c5226b74072e
single_shape,plain2_w16_gap,structured_template,7028,0,release_default,10,1.437226195394257e-09,1.219202161450994e-08,,f66b0ed6213727f69588d38841ded918816d6380486bf28ded46c5226b74072e
single_shape,plain2_w16_gap,structured_template,7028,1,release_default,10,1.437226195394257e-09,1.219202161450994e-08,,f66b0ed6213727f69588d38841ded918816d6380486bf28ded46c5226b74072e
single_shape,plain2_w16_gap,structured_template,7028,2,release_default,10,1.437226195394257e-09,1.219202161450994e-08,,f66b0ed6213727f69588d38841ded918816d6380486bf28ded46c5226b74072e
single_shape,plain2_w16_gap,structured_template,7028,3,release_default,10,1.437226195394257e-09,1.219202161450994e-08,,f66b0ed6213727f69588d38841ded918816d6380486bf28ded46c5226b74072e
single_shape,plain2_w16_gap,structured_template,7029,0,release_default,10,1.437226195394257e-09,1.219202161450994e-08,,f66b0ed6213727f69588d38841ded918816d6380486bf28ded46c5226b74072e
single_shape,plain2_w16_gap,structured_template,7029,1,release_default,10,1.437226195394257e-09,1.219202161450994e-08,,f66b0ed6213727f69588d38841ded918816d6380486bf28ded46c5226b74072e
single_shape,plain2_w16_gap,structured_template,7029,2,release_default,10,1.437226195394257e-09,1.219202161450994e-08,,f66b0ed6213727f69588d38841ded918816d6380486bf28ded46c5226b74072e
single_shape,plain2_w16_gap,structured_template,7029,3,release_default,10,1.437226195394257e-09,1.219202161450994e-08,,f66b0ed6213727f69588d38841ded918816d6380486bf28ded46c5226b74072e
single_shape,plain2_w16_gap,structured_template,7030,0,release_default,10,1.437226195394257e-09,1.219202161450994e-08,,f66b0ed6213727f69588d38841ded918816d6380486bf28ded46c5226b74072e
single_shape,plain2_w16_gap,structured_template,7030,1,release_default,10,1.437226195394257e-09,1.219202161450994e-08,,f66b0ed6213727f69588d38841ded918816d6380486bf28ded46c5226b74072e
single_shape,plain2_w16_gap,structured_template,7030,2,release_default,10,1.437226195394257e-09,1.219202161450994e-08,,f66b0ed6213727f69588d38841ded918816d6380486bf28ded46c5226b74072e
single_shape,plain2_w16_gap,structured_template,7030,3,release_default,10,1.437226195394257e-09,1.219202161450994e-08,,f66b0ed6213727f69588d38841ded918816d6380486bf28ded46c5226b74072e
single_shape,plain2_w16_gap,structured_template,7031,0,release_default,10,1.437226195394257e-09,1.219202161450994e-08,,f66b0ed6213727f69588d38841ded918816d6380486bf28ded46c5226b74072e
single_shape,plain2_w16_gap,structured_template,7031,1,release_default,10,1.437226195394257e-09,1.219202161450994e-08,,f66b0ed6213727f69588d38841ded918816d6380486bf28ded46c5226b74072e
single_shape,plain2_w16_gap,structured_template,7031,2,release_default,10,1.437226195394257e-09,1.219202161450994e-08,,f66b0ed6213727f69588d38841ded918816d6380486bf28ded46c5226b74072e
single_shape,plain2_w16_gap,structured_template,7031,3,release_default,10,1.437226195394257e-09,1.219202161450994e-08,,f66b0ed6213727f69588d38841ded918816d6380486bf28ded46c5226b74072e
single_shape,plain2_w16_gap,structured_template,7032,0,release_default,10,1.437226195394257e-09,1.219202161450994e-08,,f66b0ed6213727f69588d38841ded918816d6380486bf28ded46c5226b74072e
single_shape,plain2_w16_gap,structured_template,7032,1,release_default,10,1.437226195394257e-09,1.219202161450994e-08,,f66b0ed6213727f69588d38841ded918816d6380486bf28ded46c5226b74072e
single_shape,plain2_w16_gap,structured_template,7032,2,release_default,10,1.437226195394257e-09,1.219202161450994e-08,,f66b0ed6213727f69588d38841ded918816d6380486bf28ded46c5226b74072e
single_shape,plain2_w16_gap,structured_template,7032,3,release_default,10,1.437226195394257e-09,1.219202161450994e-08,,f66b0ed6213727f69588d38841ded918816d6380486bf28ded46c5226b74072e
single_shape,plain2_w16_gap,structured_template,7033,0,release_default,10,1.437226195394257e-09,1.219202161450994e-08,,f66b0ed6213727f69588d38841ded918816d6380486bf28ded46c5226b74072e
single_shape,plain2_w16_gap,structured_template,7033,1,release_default,10,1.437226195394257e-09,1.219202161450994e-08,,f66b0ed6213727f69588d38841ded918816d6380486bf28ded46c5226b74072e
single_shape,plain2_w16_gap,structured_template,7033,2,release_default,10,1.437226195394257e-09,1.219202161450994e-08,,f66b0ed6213727f69588d38841ded918816d6380486bf28ded46c5226b74072e
single_shape,plain2_w16_gap,structured_template,7033,3,release_default,10,1.437226195394257e-09,1.219202161450994e-08,,f66b0ed6213727f69588d38841ded918816d6380486bf28ded46c5226b74072e
single_shape,plain2_w16_gap,structured_template,7034,0,release_default,10,1.437226195394257e-09,1.219202161450994e-08,,f66b0ed6213727f69588d38841ded918816d6380486bf28ded46c5226b74072e
single_shape,plain2_w16_gap,structured_template,7034,1,release_default,10,1.437226195394257e-09,1.219202161450994e-08,,f66b0ed6213727f69588d38841ded918816d6380486bf28ded46c5226b74072e
single_shape,plain2_w16_gap,structured_template,7034,2,release_default,10,1.437226195394257e-09,1.219202161450994e-08,,f66b0ed6213727f69588d38841ded918816d6380486bf28ded46c5226b74072e
single_shape,plain2_w16_gap,structured_template,7034,3,release_default,10,1.437226195394257e-09,1.219202161450994e-08,,f66b0ed6213727f69588d38841ded918816d6380486bf28ded46c5226b74072e
single_shape,plain2_w16_gap,structured_template,7035,0,release_default,10,1.437226195394257e-09,1.219202161450994e-08,,f66b0ed6213727f69588d38841ded918816d6380486bf28ded46c5226b74072e
single_shape,plain2_w16_gap,structured_template,7035,1,release_default,10,1.437226195394257e-09,1.219202161450994e-08,,f66b0ed6213727f69588d38841ded918816d6380486bf28ded46c5226b74072e
single_shape,plain2_w16_gap,structured_template,7035,2,release_default,10,1.437226195394257e-09,1.219202161450994e-08,,f66b0ed6213727f69588d38841ded918816d6380486bf28ded46c5226b74072e
single_shape,plain2_w16_gap,structured_template,7035,3,release_default,10,1.437226195394257e-09,1.219202161450994e-08,,f66b0ed6213727f69588d38841ded918816d6380486bf28ded46c5226b74072e
single_shape,plain2_w16_gap,structured_template,7036,0,release_default,10,1.437226195394257e-09,1.219202161450994e-08,,f66b0ed6213727f69588d38841ded918816d6380486bf28ded46c5226b74072e
single_shape,plain2_w16_gap,structured_template,7036,1,release_default,10,1.437226195394257e-09,1.219202161450994e-08,,f66b0ed6213727f69588d38841ded918816d6380486bf28ded46c5226b74072e
single_shape,plain2_w16_gap,structured_template,7036,2,release_default,10,1.437226195394257e-09,1.219202161450994e-08,,f66b0ed6213727f69588d38841ded918816d6380486bf28ded46c5226b74072e
single_shape,plain2_w16_gap,structured_template,7036,3,release_default,10,1.437226195394257e-09,1.219202161450994e-08,,f66b0ed6213727f69588d38841ded918816d6380486bf28ded46c5226b74072e
single_shape,plain2_w16_gap,structured_template,7037,0,release_default,10,1.437226195394257e-09,1.219202161450994e-08,,f66b0ed6213727f69588d38841ded918816d6380486bf28ded46c5226b74072e
single_shape,plain2_w16_gap,structured_template,7037,1,release_default,10,1.437226195394257e-09,1.219202161450994e-08,,f66b0ed6213727f69588d38841ded918816d6380486bf28ded46c5226b74072e
single_shape,plain2_w16_gap,structured_template,7037,2,release_default,10,1.437226195394257e-09,1.219202161450994e-08,,f66b0ed6213727f69588d38841ded918816d6380486bf28ded46c5226b74072e
single_shape,plain2_w16_gap,structured_template,7037,3,release_default,10,1.437226195394257e-09,1.219202161450994e-08,,f66b0ed6213727f69588d38841ded918816d6380486bf28ded46c5226b74072e
single_shape,plain2_w16_gap,structured_template,7038,0,release_default,10,1.437226195394257e-09,1.219202161450994e-08,,f66b0ed6213727f69588d38841ded918816d6380486bf28ded46c5226b74072e
single_shape,plain2_w16_gap,structured_template,7038,1,release_default,10,1.437226195394257e-09,1.219202161450994e-08,,f66b0ed6213727f69588d38841ded918816d6380486bf28ded46c5226b74072e
single_shape,plain2_w16_gap,structured_template,7038,2,release_default,10,1.437226195394257e-09,1.219202161450994e-08,,f66b0ed6213727f69588d38841ded918816d6380486bf28ded46c5226b74072e
single_shape,plain2_w16_gap,structured_template,7038,3,release_default,10,1.437226195394257e-09,1.219202161450994e-08,,f66b0ed6213727f69588d38841ded918816d6380486bf28ded46c5226b74072e
single_shape,plain2_w16_gap,structured_template,7039,0,release_default,10,1.437226195394257e-09,1.219202161450994e-08,,f66b0ed6213727f69588d38841ded918816d6380486bf28ded46c5226b74072e
single_shape,plain2_w16_gap,structured_template,7039,1,release_default,10,1.437226195394257e-09,1.219202161450994e-08,,f66b0ed6213727f69588d38841ded918816d6380486bf28ded46c5226b74072e
single_shape,plain2_w16_gap,structured_template,7039,2,release_default,10,1.437226195394257e-09,1.219202161450994e-08,,f66b0ed6213727f69588d38841ded918816d6380486bf28ded46c5226b74072e
single_shape,plain2_w16_gap,structured_template,7039,3,release_default,10,1.437226195394257e-09,1.219202161450994e-08,,f66b0ed6213727f69588d38841ded918816d6380486bf28ded46c5226b74072e
single_shape,plain2_w16_gap,structured_template,7040,0,release_default,10,1.437226195394257e-09,1.219202161450994e-08,,f66b0ed6213727f69588d38841ded918816d6380486bf28ded46c5226b74072e
single_shape,plain2_w16_gap,structured_template,7040,1,release_default,10,1.437226195394257e-09,1.219202161450994e-08,,f66b0ed6213727f69588d38841ded918816d6380486bf28ded46c5226b74072e
single_shape,plain2_w16_gap,structured_template,7040,2,release_default,10,1.437226195394257e-09,1.219202161450994e-08,,f66b0ed6213727f69588d38841ded918816d6380486bf28ded46c5226b74072e
single_shape,plain2_w16_gap,structured_template,7040,3,release_default,10,1.437226195394257e-09,1.219202161450994e-08,,f66b0ed6213727f69588d38841ded918816d6380486bf28ded46c5226b74072e
single_shape,plain2_w16_gap,structured_template,7041,0,release_default,10,1.437226195394257e-09,1.219202161450994e-08,,f66b0ed6213727f69588d38841ded918816d6380486bf28ded46c5226b74072e
single_shape,plain2_w16_gap,structured_template,7041,1,release_default,10,1.437226195394257e-09,1.219202161450994e-08,,f66b0ed6213727f69588d38841ded918816d6380486bf28ded46c5226b74072e
single_shape,plain2_w16_gap,structured_template,7041,2,release_default,10,1.437226195394257e-09,1.219202161450994e-08,,f66b0ed6213727f69588d38841ded918816d6380486bf28ded46c5226b74072e
single_shape,plain2_w16_gap,structured_template,7041,3,release_default,10,1.437226195394257e-09,1.219202161450994e-08,,f66b0ed6213727f69588d38841ded918816d6380486bf28ded46c5226b74072e
single_shape,plain2_w16_gap,structured_template,7042,0,release_default,10,1.437226195394257e-09,1.219202161450994e-08,,f66b0ed6213727f69588d38841ded918816d6380486bf28ded46c5226b74072e
single_shape,plain2_w16_gap,structured_template,7042,1,release_default,10,1.437226195394257e-09,1.219202161450994e-08,,f66b0ed6213727f69588d38841ded918816d6380486bf28ded46c5226b74072e
single_shape,plain2_w16_gap,structured_template,7042,2,release_default,10,1.437226195394257e-09,1.219202161450994e-08,,f66b0ed6213727f69588d38841ded918816d6380486bf28ded46c5226b74072e
single_shape,plain2_w16_gap,structured_template,7042,3,release_default,10,1.437226195394257e-09,1.219202161450994e-08,,f66b0ed6213727f69588d38841ded918816d6380486bf28ded46c5226b74072e
single_shape,plain2_w16_gap,structured_template,7043,0,release_default,10,1.437226195394257e-09,1.219202161450994e-08,,f66b0ed6213727f69588d38841ded918816d6380486bf28ded46c5226b74072e
single_shape,plain2_w16_gap,structured_template,7043,1,release_default,10,1.437226195394257e-09,1.219202161450994e-08,,f66b0ed6213727f69588d38841ded918816d6380486bf28ded46c5226b74072e
single_shape,plain2_w16_gap,structured_template,7043,2,release_default,10,1.437226195394257e-09,1.219202161450994e-08,,f66b0ed6213727f69588d38841ded918816d6380486bf28ded46c5226b74072e
single_shape,plain2_w16_gap,structured_template,7043,3,release_default,10,1.437226195394257e-09,1.219202161450994e-08,,f66b0ed6213727f69588d38841ded918816d6380486bf28ded46c5226b74072e
single_shape,plain2_w16_gap,structured_template,7044,0,release_default,10,1.437226195394257e-09,1.219202161450994e-08,,f66b0ed6213727f69588d38841ded918816d6380486bf28ded46c5226b74072e
single_shape,plain2_w16_gap,structured_template,7044,1,release_default,10,1.437226195394257e-09,1.219202161450994e-08,,f66b0ed6213727f69588d38841ded918816d6380486bf28ded46c5226b74072e
single_shape,plain2_w16_gap,structured_template,7044,2,release_default,10,1.437226195394257e-09,1.219202161450994e-08,,f66b0ed6213727f69588d38841ded918816d6380486bf28ded46c5226b74072e
single_shape,plain2_w16_gap,structured_template,7044,3,release_default,10,1.437226195394257e-09,1.219202161450994e-08,,f66b0ed6213727f69588d38841ded918816d6380486bf28ded46c5226b74072e
single_shape,plain2_w16_gap,structured_template,7045,0,release_default,10,1.437226195394257e-09,1.219202161450994e-08,,f66b0ed6213727f69588d38841ded918816d6380486bf28ded46c5226b74072e
single_shape,plain2_w16_gap,structured_template,7045,1,release_default,10,1.437226195394257e-09,1.219202161450994e-08,,f66b0ed6213727f69588d38841ded918816d6380486bf28ded46c5226b74072e
single_shape,plain2_w16_gap,structured_template,7045,2,release_default,10,1.437226195394257e-09,1.219202161450994e-08,,f66b0ed6213727f69588d38841ded918816d6380486bf28ded46c5226b74072e
single_shape,plain2_w16_gap,structured_template,7045,3,release_default,10,1.437226195394257e-09,1.219202161450994e-08,,f66b0ed6213727f69588d38841ded918816d6380486bf28ded46c5226b74072e
single_shape,plain2_w16_gap,structured_template,7046,0,release_default,10,1.437226195394257e-09,1.219202161450994e-08,,f66b0ed6213727f69588d38841ded918816d6380486bf28ded46c5226b74072e
single_shape,plain2_w16_gap,structured_template,7046,1,release_default,10,1.437226195394257e-09,1.219202161450994e-08,,f66b0ed6213727f69588d38841ded918816d6380486bf28ded46c5226b74072e
single_shape,plain2_w16_gap,structured_template,7046,2,release_default,10,1.437226195394257e-09,1.219202161450994e-08,,f66b0ed6213727f69588d38841ded918816d6380486bf28ded46c5226b74072e
single_shape,plain2_w16_gap,structured_template,7046,3,release_default,10,1.437226195394257e-09,1.219202161450994e-08,,f66b0ed6213727f69588d38841ded918816d6380486bf28ded46c5226b74072e
single_shape,plain2_w16_gap,structured_template,7047,0,release_default,10,1.437226195394257e-09,1.219202161450994e-08,,f66b0ed6213727f69588d38841ded918816d6380486bf28ded46c5226b74072e
single_shape,plain2_w16_gap,structured_template,7047,1,release_default,10,1.437226195394257e-09,1.219202161450994e-08,,f66b0ed6213727f69588d38841ded918816d6380486bf28ded46c5226b74072e
single_shape,plain2_w16_gap,structured_template,7047,2,release_default,10,1.437226195394257e-09,1.219202161450994e-08,,f66b0ed6213727f69588d38841ded918816d6380486bf28ded46c5226b74072e
single_shape,plain2_w16_gap,structured_template,7047,3,release_default,10,1.437226195394257e-09,1.219202161450994e-08,,f66b0ed6213727f69588d38841ded918816d6380486bf28ded46c5226b74072e
single_shape,plain2_w16_gap,structured_template,7048,0,release_default,10,1.437226195394257e-09,1.219202161450994e-08,,f66b0ed6213727f69588d38841ded918816d6380486bf28ded46c5226b74072e
single_shape,plain2_w16_gap,structured_template,7048,1,release_default,10,1.437226195394257e-09,1.219202161450994e-08,,f66b0ed6213727f69588d38841ded918816d6380486bf28ded46c5226b74072e
single_shape,plain2_w16_gap,structured_template,7048,2,release_default,10,1.437226195394257e-09,1.219202161450994e-08,,f66b0ed6213727f69588d38841ded918816d6380486bf28ded46c5226b74072e
single_shape,plain2_w16_gap,structured_template,7048,3,release_default,10,1.437226195394257e-09,1.219202161450994e-08,,f66b0ed6213727f69588d38841ded918816d6380486bf28ded46c5226b74072e
single_shape,plain2_w16_gap,structured_template,7049,0,release_default,10,1.437226195394257e-09,1.219202161450994e-08,,f66b0ed6213727f69588d38841ded918816d6380486bf28ded46c5226b74072e
single_shape,plain2_w16_gap,structured_template,7049,1,release_default,10,1.437226195394257e-09,1.219202161450994e-08,,f66b0ed6213727f69588d38841ded918816d6380486bf28ded46c5226b74072e
single_shape,plain2_w16_gap,structured_template,7049,2,release_default,10,1.437226195394257e-09,1.219202161450994e-08,,f66b0ed6213727f69588d38841ded918816d6380486bf28ded46c5226b74072e
single_shape,plain2_w16_gap,structured_template,7049,3,release_default,10,1.437226195394257e-09,1.219202161450994e-08,,f66b0ed6213727f69588d38841ded918816d6380486bf28ded46c5226b74072e
single_shape,plain2_w16_gap,structured_template,7050,0,release_default,10,1.437226195394257e-09,1.219202161450994e-08,,f66b0ed6213727f69588d38841ded918816d6380486bf28ded46c5226b74072e
single_shape,plain2_w16_gap,structured_template,7050,1,release_default,10,1.437226195394257e-09,1.219202161450994e-08,,f66b0ed6213727f69588d38841ded918816d6380486bf28ded46c5226b74072e
single_shape,plain2_w16_gap,structured_template,7050,2,release_default,10,1.437226195394257e-09,1.219202161450994e-08,,f66b0ed6213727f69588d38841ded918816d6380486bf28ded46c5226b74072e
single_shape,plain2_w16_gap,structured_template,7050,3,release_default,10,1.437226195394257e-09,1.219202161450994e-08,,f66b0ed6213727f69588d38841ded918816d6380486bf28ded46c5226b74072e
single_shape,plain2_w16_gap,structured_template,7051,0,release_default,10,1.437226195394257e-09,1.219202161450994e-08,,f66b0ed6213727f69588d38841ded918816d6380486bf28ded46c5226b74072e
single_shape,plain2_w16_gap,structured_template,7051,1,release_default,10,1.437226195394257e-09,1.219202161450994e-08,,f66b0ed6213727f69588d38841ded918816d6380486bf28ded46c5226b74072e
single_shape,plain2_w16_gap,structured_template,7051,2,release_default,10,1.437226195394257e-09,1.219202161450994e-08,,f66b0ed6213727f69588d38841ded918816d6380486bf28ded46c5226b74072e
single_shape,plain2_w16_gap,structured_template,7051,3,release_default,10,1.437226195394257e-09,1.219202161450994e-08,,f66b0ed6213727f69588d38841ded918816d6380486bf28ded46c5226b74072e
single_shape,plain2_w16_gap,structured_template,7052,0,release_default,10,1.437226195394257e-09,1.219202161450994e-08,,f66b0ed6213727f69588d38841ded918816d6380486bf28ded46c5226b74072e
single_shape,plain2_w16_gap,structured_template,7052,1,release_default,10,1.437226195394257e-09,1.219202161450994e-08,,f66b0ed6213727f69588d38841ded918816d6380486bf28ded46c5226b74072e
single_shape,plain2_w16_gap,structured_template,7052,2,release_default,10,1.437226195394257e-09,1.219202161450994e-08,,f66b0ed6213727f69588d38841ded918816d6380486bf28ded46c5226b74072e
single_shape,plain2_w16_gap,structured_template,7052,3,release_default,10,1.437226195394257e-09,1.219202161450994e-08,,f66b0ed6213727f69588d38841ded918816d6380486bf28ded46c5226b74072e
single_shape,plain2_w16_gap,structured_template,7053,0,release_default,10,1.437226195394257e-09,1.219202161450994e-08,,f66b0ed6213727f69588d38841ded918816d6380486bf28ded46c5226b74072e
single_shape,plain2_w16_gap,structured_template,7053,1,release_default,10,1.437226195394257e-09,1.219202161450994e-08,,f66b0ed6213727f69588d38841ded918816d6380486bf28ded46c5226b74072e
single_shape,plain2_w16_gap,structured_template,7053,2,release_default,10,1.437226195394257e-09,1.219202161450994e-08,,f66b0ed6213727f69588d38841ded918816d6380486bf28ded46c5226b74072e
single_shape,plain2_w16_gap,structured_template,7053,3,release_default,10,1.437226195394257e-09,1.219202161450994e-08,,f66b0ed6213727f69588d38841ded918816d6380486bf28ded46c5226b74072e
single_shape,plain2_w16_gap,structured_template,7054,0,release_default,10,1.437226195394257e-09,1.219202161450994e-08,,f66b0ed6213727f69588d38841ded918816d6380486bf28ded46c5226b74072e
single_shape,plain2_w16_gap,structured_template,7054,1,release_default,10,1.437226195394257e-09,1.219202161450994e-08,,f66b0ed6213727f69588d38841ded918816d6380486bf28ded46c5226b74072e
single_shape,plain2_w16_gap,structured_template,7054,2,release_default,10,1.437226195394257e-09,1.219202161450994e-08,,f66b0ed6213727f69588d38841ded918816d6380486bf28ded46c5226b74072e
single_shape,plain2_w16_gap,structured_template,7054,3,release_default,10,1.437226195394257e-09,1.219202161450994e-08,,f66b0ed6213727f69588d38841ded918816d6380486bf28ded46c5226b74072e
single_shape,plain2_w16_gap,structured_template,7055,0,release_default,10,1.437226195394257e-09,1.219202161450994e-08,,f66b0ed6213727f69588d38841ded918816d6380486bf28ded46c5226b74072e
single_shape,plain2_w16_gap,structured_template,7055,1,release_default,10,1.437226195394257e-09,1.219202161450994e-08,,f66b0ed6213727f69588d38841ded918816d6380486bf28ded46c5226b74072e
single_shape,plain2_w16_gap,structured_template,7055,2,release_default,10,1.437226195394257e-09,1.219202161450994e-08,,f66b0ed6213727f69588d38841ded918816d6380486bf28ded46c5226b74072e
single_shape,plain2_w16_gap,structured_template,7055,3,release_default,10,1.437226195394257e-09,1.219202161450994e-08,,f66b0ed6213727f69588d38841ded918816d6380486bf28ded46c5226b74072e
single_shape,plain2_w16_gap,structured_template,7056,0,release_default,10,1.437226195394257e-09,1.219202161450994e-08,,f66b0ed6213727f69588d38841ded918816d6380486bf28ded46c5226b74072e
single_shape,plain2_w16_gap,structured_template,7056,1,release_default,10,1.437226195394257e-09,1.219202161450994e-08,,f66b0ed6213727f69588d38841ded918816d6380486bf28ded46c5226b74072e
single_shape,plain2_w16_gap,structured_template,7056,2,release_default,10,1.437226195394257e-09,1.219202161450994e-08,,f66b0ed6213727f69588d38841ded918816d6380486bf28ded46c5226b74072e
single_shape,plain2_w16_gap,structured_template,7056,3,release_default,10,1.437226195394257e-09,1.219202161450994e-08,,f66b0ed6213727f69588d38841ded918816d6380486bf28ded46c5226b74072e
single_shape,plain2_w16_gap,structured_template,7057,0,release_default,10,1.437226195394257e-09,1.219202161450994e-08,,f66b0ed6213727f69588d38841ded918816d6380486bf28ded46c5226b74072e
single_shape,plain2_w16_gap,structured_template,7057,1,release_default,10,1.437226195394257e-09,1.219202161450994e-08,,f66b0ed6213727f69588d38841ded918816d6380486bf28ded46c5226b74072e
single_shape,plain2_w16_gap,structured_template,7057,2,release_default,10,1.437226195394257e-09,1.219202161450994e-08,,f66b0ed6213727f69588d38841ded918816d6380486bf28ded46c5226b74072e
single_shape,plain2_w16_gap,structured_template,7057,3,release_default,10,1.437226195394257e-09,1.219202161450994e-08,,f66b0ed6213727f69588d38841ded918816d6380486bf28ded46c5226b74072e
single_shape,plain2_w16_gap,structured_template,7058,0,release_default,10,1.437226195394257e-09,1.219202161450994e-08,,f66b0ed6213727f69588d38841ded918816d6380486bf28ded46c5226b74072e
single_shape,plain2_w16_gap,structured_template,7058,1,release_default,10,1.437226195394257e-09,1.219202161450994e-08,,f66b0ed6213727f69588d38841ded918816d6380486bf28ded46c5226b74072e
single_shape,plain2_w16_gap,structured_template,7058,2,release_default,10,1.437226195394257e-09,1.219202161450994e-08,,f66b0ed6213727f69588d38841ded918816d6380486bf28ded46c5226b74072e
single_shape,plain2_w16_gap,structured_template,7058,3,release_default,10,1.437226195394257e-09,1.219202161450994e-08,,f66b0ed6213727f69588d38841ded918816d6380486bf28ded46c5226b74072e
single_shape,plain2_w16_gap,structured_template,7059,0,release_default,10,1.437226195394257e-09,1.219202161450994e-08,,f66b0ed6213727f69588d38841ded918816d6380486bf28ded46c5226b74072e
single_shape,plain2_w16_gap,structured_template,7059,1,release_default,10,1.437226195394257e-09,1.219202161450994e-08,,f66b0ed6213727f69588d38841ded918816d6380486bf28ded46c5226b74072e
single_shape,plain2_w16_gap,structured_template,7059,2,release_default,10,1.437226195394257e-09,1.219202161450994e-08,,f66b0ed6213727f69588d38841ded918816d6380486bf28ded46c5226b74072e
single_shape,plain2_w16_gap,structured_template,7059,3,release_default,10,1.437226195394257e-09,1.219202161450994e-08,,f66b0ed6213727f69588d38841ded918816d6380486bf28ded46c5226b74072e
single_shape,plain2_w16_gap,structured_template,7060,0,release_default,10,1.437226195394257e-09,1.219202161450994e-08,,f66b0ed6213727f69588d38841ded918816d6380486bf28ded46c5226b74072e
single_shape,plain2_w16_gap,structured_template,7060,1,release_default,10,1.437226195394257e-09,1.219202161450994e-08,,f66b0ed6213727f69588d38841ded918816d6380486bf28ded46c5226b74072e
single_shape,plain2_w16_gap,structured_template,7060,2,release_default,10,1.437226195394257e-09,1.219202161450994e-08,,f66b0ed6213727f69588d38841ded918816d6380486bf28ded46c5226b74072e
single_shape,plain2_w16_gap,structured_template,7060,3,release_default,10,1.437226195394257e-09,1.219202161450994e-08,,f66b0ed6213727f69588d38841ded918816d6380486bf28ded46c5226b74072e
single_shape,plain2_w16_gap,structured_template,7061,0,release_default,10,1.437226195394257e-09,1.219202161450994e-08,,f66b0ed6213727f69588d38841ded918816d6380486bf28ded46c5226b74072e
single_shape,plain2_w16_gap,structured_template,7061,1,release_default,10,1.437226195394257e-09,1.219202161450994e-08,,f66b0ed6213727f69588d38841ded918816d6380486bf28ded46c5226b74072e
single_shape,plain2_w16_gap,structured_template,7061,2,release_default,10,1.437226195394257e-09,1.219202161450994e-08,,f66b0ed6213727f69588d38841ded918816d6380486bf28ded46c5226b74072e
single_shape,plain2_w16_gap,structured_template,7061,3,release_default,10,1.437226195394257e-09,1.219202161450994e-08,,f66b0ed6213727f69588d38841ded918816d6380486bf28ded46c5226b74072e
single_shape,plain2_w16_gap,structured_template,7062,0,release_default,10,1.437226195394257e-09,1.219202161450994e-08,,f66b0ed6213727f69588d38841ded918816d6380486bf28ded46c5226b74072e
single_shape,plain2_w16_gap,structured_template,7062,1,release_default,10,1.437226195394257e-09,1.219202161450994e-08,,f66b0ed6213727f69588d38841ded918816d6380486bf28ded46c5226b74072e
single_shape,plain2_w16_gap,structured_template,7062,2,release_default,10,1.437226195394257e-09,1.219202161450994e-08,,f66b0ed6213727f69588d38841ded918816d6380486bf28ded46c5226b74072e
single_shape,plain2_w16_gap,structured_template,7062,3,release_default,10,1.437226195394257e-09,1.219202161450994e-08,,f66b0ed6213727f69588d38841ded918816d6380486bf28ded46c5226b74072e
single_shape,plain2_w16_gap,structured_template,7063,0,release_default,10,1.437226195394257e-09,1.219202161450994e-08,,f66b0ed6213727f69588d38841ded918816d6380486bf28ded46c5226b74072e
single_shape,plain2_w16_gap,structured_template,7063,1,release_default,10,1.437226195394257e-09,1.219202161450994e-08,,f66b0ed6213727f69588d38841ded918816d6380486bf28ded46c5226b74072e
single_shape,plain2_w16_gap,structured_template,7063,2,release_default,10,1.437226195394257e-09,1.219202161450994e-08,,f66b0ed6213727f69588d38841ded918816d6380486bf28ded46c5226b74072e
single_shape,plain2_w16_gap,structured_template,7063,3,release_default,10,1.437226195394257e-09,1.219202161450994e-08,,f66b0ed6213727f69588d38841ded918816d6380486bf28ded46c5226b74072e
single_shape,plain2_w16_gap,structured_template,7064,0,release_default,10,1.437226195394257e-09,1.219202161450994e-08,,f66b0ed6213727f69588d38841ded918816d6380486bf28ded46c5226b74072e
single_shape,plain2_w16_gap,structured_template,7064,1,release_default,10,1.437226195394257e-09,1.219202161450994e-08,,f66b0ed6213727f69588d38841ded918816d6380486bf28ded46c5226b74072e
single_shape,plain2_w16_gap,structured_template,7064,2,release_default,10,1.437226195394257e-09,1.219202161450994e-08,,f66b0ed6213727f69588d38841ded918816d6380486bf28ded46c5226b74072e
single_shape,plain2_w16_gap,structured_template,7064,3,release_default,10,1.437226195394257e-09,1.219202161450994e-08,,f66b0ed6213727f69588d38841ded918816d6380486bf28ded46c5226b74072e
single_shape,plain2_w16_gap,structured_template,7065,0,release_default,10,1.437226195394257e-09,1.219202161450994e-08,,f66b0ed6213727f69588d38841ded918816d6380486bf28ded46c5226b74072e
single_shape,plain2_w16_gap,structured_template,7065,1,release_default,10,1.437226195394257e-09,1.219202161450994e-08,,f66b0ed6213727f69588d38841ded918816d6380486bf28ded46c5226b74072e
single_shape,plain2_w16_gap,structured_template,7065,2,release_default,10,1.437226195394257e-09,1.219202161450994e-08,,f66b0ed6213727f69588d38841ded918816d6380486bf28ded46c5226b74072e
single_shape,plain2_w16_gap,structured_template,7065,3,release_default,10,1.437226195394257e-09,1.219202161450994e-08,,f66b0ed6213727f69588d38841ded918816d6380486bf28ded46c5226b74072e
single_shape,plain2_w16_gap,structured_template,7066,0,release_default,10,1.437226195394257e-09,1.219202161450994e-08,,f66b0ed6213727f69588d38841ded918816d6380486bf28ded46c5226b74072e
single_shape,plain2_w16_gap,structured_template,7066,1,release_default,10,1.437226195394257e-09,1.219202161450994e-08,,f66b0ed6213727f69588d38841ded918816d6380486bf28ded46c5226b74072e
single_shape,plain2_w16_gap,structured_template,7066,2,release_default,10,1.437226195394257e-09,1.219202161450994e-08,,f66b0ed6213727f69588d38841ded918816d6380486bf28ded46c5226b74072e
single_shape,plain2_w16_gap,structured_template,7066,3,release_default,10,1.437226195394257e-09,1.219202161450994e-08,,f66b0ed6213727f69588d38841ded918816d6380486bf28ded46c5226b74072e
single_shape,plain2_w16_gap,structured_template,7067,0,release_default,10,1.437226195394257e-09,1.219202161450994e-08,,f66b0ed6213727f69588d38841ded918816d6380486bf28ded46c5226b74072e
single_shape,plain2_w16_gap,structured_template,7067,1,release_default,10,1.437226195394257e-09,1.219202161450994e-08,,f66b0ed6213727f69588d38841ded918816d6380486bf28ded46c5226b74072e
single_shape,plain2_w16_gap,structured_template,7067,2,release_default,10,1.437226195394257e-09,1.219202161450994e-08,,f66b0ed6213727f69588d38841ded918816d6380486bf28ded46c5226b74072e
single_shape,plain2_w16_gap,structured_template,7067,3,release_default,10,1.437226195394257e-09,1.219202161450994e-08,,f66b0ed6213727f69588d38841ded918816d6380486bf28ded46c5226b74072e
single_shape,plain2_w16_gap,structured_template,7068,0,release_default,10,1.437226195394257e-09,1.219202161450994e-08,,f66b0ed6213727f69588d38841ded918816d6380486bf28ded46c5226b74072e
single_shape,plain2_w16_gap,structured_template,7068,1,release_default,10,1.437226195394257e-09,1.219202161450994e-08,,f66b0ed6213727f69588d38841ded918816d6380486bf28ded46c5226b74072e
single_shape,plain2_w16_gap,structured_template,7068,2,release_default,10,1.437226195394257e-09,1.219202161450994e-08,,f66b0ed6213727f69588d38841ded918816d6380486bf28ded46c5226b74072e
single_shape,plain2_w16_gap,structured_template,7068,3,release_default,10,1.437226195394257e-09,1.219202161450994e-08,,f66b0ed6213727f69588d38841ded918816d6380486bf28ded46c5226b74072e
single_shape,plain2_w16_gap,structured_template,7069,0,release_default,10,1.437226195394257e-09,1.219202161450994e-08,,f66b0ed6213727f69588d38841ded918816d6380486bf28ded46c5226b74072e
single_shape,plain2_w16_gap,structured_template,7069,1,release_default,10,1.437226195394257e-09,1.219202161450994e-08,,f66b0ed6213727f69588d38841ded918816d6380486bf28ded46c5226b74072e
single_shape,plain2_w16_gap,structured_template,7069,2,release_default,10,1.437226195394257e-09,1.219202161450994e-08,,f66b0ed6213727f69588d38841ded918816d6380486bf28ded46c5226b74072e
single_shape,plain2_w16_gap,structured_template,7069,3,release_default,10,1.437226195394257e-09,1.219202161450994e-08,,f66b0ed6213727f69588d38841ded918816d6380486bf28ded46c5226b74072e
single_shape,plain2_w16_gap,structured_template,7070,0,release_default,10,1.437226195394257e-09,1.219202161450994e-08,,f66b0ed6213727f69588d38841ded918816d6380486bf28ded46c5226b74072e
single_shape,plain2_w16_gap,structured_template,7070,1,release_default,10,1.437226195394257e-09,1.219202161450994e-08,,f66b0ed6213727f69588d38841ded918816d6380486bf28ded46c5226b74072e
single_shape,plain2_w16_gap,structured_template,7070,2,release_default,10,1.437226195394257e-09,1.219202161450994e-08,,f66b0ed6213727f69588d38841ded918816d6380486bf28ded46c5226b74072e
single_shape,plain2_w16_gap,structured_template,7070,3,release_default,10,1.437226195394257e-09,1.219202161450994e-08,,f66b0ed6213727f69588d38841ded918816d6380486bf28ded46c5226b74072e
single_shape,plain2_w16_gap,structured_template,7071,0,release_default,10,1.437226195394257e-09,1.219202161450994e-08,,f66b0ed6213727f69588d38841ded918816d6380486bf28ded46c5226b74072e
single_shape,plain2_w16_gap,structured_template,7071,1,release_default,10,1.437226195394257e-09,1.219202161450994e-08,,f66b0ed6213727f69588d38841ded918816d6380486bf28ded46c5226b74072e
single_shape,plain2_w16_gap,structured_template,7071,2,release_default,10,1.437226195394257e-09,1.219202161450994e-08,,f66b0ed6213727f69588d38841ded918816d6380486bf28ded46c5226b74072e
single_shape,plain2_w16_gap,structured_template,7071,3,release_default,10,1.437226195394257e-09,1.219202161450994e-08,,f66b0ed6213727f69588d38841ded918816d6380486bf28ded46c5226b74072e
single_shape,plain2_w16_gap,structured_template,7072,0,release_default,10,1.437226195394257e-09,1.219202161450994e-08,,f66b0ed6213727f69588d38841ded918816d6380486bf28ded46c5226b74072e
single_shape,plain2_w16_gap,structured_template,7072,1,release_default,10,1.437226195394257e-09,1.219202161450994e-08,,f66b0ed6213727f69588d38841ded918816d6380486bf28ded46c5226b74072e
single_shape,plain2_w16_gap,structured_template,7072,2,release_default,10,1.437226195394257e-09,1.219202161450994e-08,,f66b0ed6213727f69588d38841ded918816d6380486bf28ded46c5226b74072e
single_shape,plain2_w16_gap,structured_template,7072,3,release_default,10,1.437226195394257e-09,1.219202161450994e-08,,f66b0ed6213727f69588d38841ded918816d6380486bf28ded46c5226b74072e
single_shape,plain2_w16_gap,structured_template,7073,0,release_default,10,1.437226195394257e-09,1.219202161450994e-08,,f66b0ed6213727f69588d38841ded918816d6380486bf28ded46c5226b74072e
single_shape,plain2_w16_gap,structured_template,7073,1,release_default,10,1.437226195394257e-09,1.219202161450994e-08,,f66b0ed6213727f69588d38841ded918816d6380486bf28ded46c5226b74072e
single_shape,plain2_w16_gap,structured_template,7073,2,release_default,10,1.437226195394257e-09,1.219202161450994e-08,,f66b0ed6213727f69588d38841ded918816d6380486bf28ded46c5226b74072e
single_shape,plain2_w16_gap,structured_template,7073,3,release_default,10,1.437226195394257e-09,1.219202161450994e-08,,f66b0ed6213727f69588d38841ded918816d6380486bf28ded46c5226b74072e
single_shape,plain2_w16_gap,structured_template,7074,0,release_default,10,1.437226195394257e-09,1.219202161450994e-08,,f66b0ed6213727f69588d38841ded918816d6380486bf28ded46c5226b74072e
single_shape,plain2_w16_gap,structured_template,7074,1,release_default,10,1.437226195394257e-09,1.219202161450994e-08,,f66b0ed6213727f69588d38841ded918816d6380486bf28ded46c5226b74072e
single_shape,plain2_w16_gap,structured_template,7074,2,release_default,10,1.437226195394257e-09,1.219202161450994e-08,,f66b0ed6213727f69588d38841ded918816d6380486bf28ded46c5226b74072e
single_shape,plain2_w16_gap,structured_template,7074,3,release_default,10,1.437226195394257e-09,1.219202161450994e-08,,f66b0ed6213727f69588d38841ded918816d6380486bf28ded46c5226b74072e
single_shape,plain2_w16_gap,structured_template,7075,0,release_default,10,1.437226195394257e-09,1.219202161450994e-08,,f66b0ed6213727f69588d38841ded918816d6380486bf28ded46c5226b74072e
single_shape,plain2_w16_gap,structured_template,7075,1,release_default,10,1.437226195394257e-09,1.219202161450994e-08,,f66b0ed6213727f69588d38841ded918816d6380486bf28ded46c5226b74072e
single_shape,plain2_w16_gap,structured_template,7075,2,release_default,10,1.437226195394257e-09,1.219202161450994e-08,,f66b0ed6213727f69588d38841ded918816d6380486bf28ded46c5226b74072e
single_shape,plain2_w16_gap,structured_template,7075,3,release_default,10,1.437226195394257e-09,1.219202161450994e-08,,f66b0ed6213727f69588d38841ded918816d6380486bf28ded46c5226b74072e
single_shape,plain2_w16_gap,structured_template,7076,0,release_default,10,1.437226195394257e-09,1.219202161450994e-08,,f66b0ed6213727f69588d38841ded918816d6380486bf28ded46c5226b74072e
single_shape,plain2_w16_gap,structured_template,7076,1,release_default,10,1.437226195394257e-09,1.219202161450994e-08,,f66b0ed6213727f69588d38841ded918816d6380486bf28ded46c5226b74072e
single_shape,plain2_w16_gap,structured_template,7076,2,release_default,10,1.437226195394257e-09,1.219202161450994e-08,,f66b0ed6213727f69588d38841ded918816d6380486bf28ded46c5226b74072e
single_shape,plain2_w16_gap,structured_template,7076,3,release_default,10,1.437226195394257e-09,1.219202161450994e-08,,f66b0ed6213727f69588d38841ded918816d6380486bf28ded46c5226b74072e
single_shape,plain2_w16_gap,structured_template,7077,0,release_default,10,1.437226195394257e-09,1.219202161450994e-08,,f66b0ed6213727f69588d38841ded918816d6380486bf28ded46c5226b74072e
single_shape,plain2_w16_gap,structured_template,7077,1,release_default,10,1.437226195394257e-09,1.219202161450994e-08,,f66b0ed6213727f69588d38841ded918816d6380486bf28ded46c5226b74072e
single_shape,plain2_w16_gap,structured_template,7077,2,release_default,10,1.437226195394257e-09,1.219202161450994e-08,,f66b0ed6213727f69588d38841ded918816d6380486bf28ded46c5226b74072e
single_shape,plain2_w16_gap,structured_template,7077,3,release_default,10,1.437226195394257e-09,1.219202161450994e-08,,f66b0ed6213727f69588d38841ded918816d6380486bf28ded46c5226b74072e
single_shape,plain2_w16_gap,structured_template,7078,0,release_default,10,1.437226195394257e-09,1.219202161450994e-08,,f66b0ed6213727f69588d38841ded918816d6380486bf28ded46c5226b74072e
single_shape,plain2_w16_gap,structured_template,7078,1,release_default,10,1.437226195394257e-09,1.219202161450994e-08,,f66b0ed6213727f69588d38841ded918816d6380486bf28ded46c5226b74072e
single_shape,plain2_w16_gap,structured_template,7078,2,release_default,10,1.437226195394257e-09,1.219202161450994e-08,,f66b0ed6213727f69588d38841ded918816d6380486bf28ded46c5226b74072e
single_shape,plain2_w16_gap,structured_template,7078,3,release_default,10,1.437226195394257e-09,1.219202161450994e-08,,f66b0ed6213727f69588d38841ded918816d6380486bf28ded46c5226b74072e
single_shape,plain2_w16_gap,structured_template,7079,0,release_default,10,1.437226195394257e-09,1.219202161450994e-08,,f66b0ed6213727f69588d38841ded918816d6380486bf28ded46c5226b74072e
single_shape,plain2_w16_gap,structured_template,7079,1,release_default,10,1.437226195394257e-09,1.219202161450994e-08,,f66b0ed6213727f69588d38841ded918816d6380486bf28ded46c5226b74072e
single_shape,plain2_w16_gap,structured_template,7079,2,release_default,10,1.437226195394257e-09,1.219202161450994e-08,,f66b0ed6213727f69588d38841ded918816d6380486bf28ded46c5226b74072e
single_shape,plain2_w16_gap,structured_template,7079,3,release_default,10,1.437226195394257e-09,1.219202161450994e-08,,f66b0ed6213727f69588d38841ded918816d6380486bf28ded46c5226b74072e
single_shape,plain2_w16_gap,structured_template,7080,0,release_default,10,1.437226195394257e-09,1.219202161450994e-08,,f66b0ed6213727f69588d38841ded918816d6380486bf28ded46c5226b74072e
single_shape,plain2_w16_gap,structured_template,7080,1,release_default,10,1.437226195394257e-09,1.219202161450994e-08,,f66b0ed6213727f69588d38841ded918816d6380486bf28ded46c5226b74072e
single_shape,plain2_w16_gap,structured_template,7080,2,release_default,10,1.437226195394257e-09,1.219202161450994e-08,,f66b0ed6213727f69588d38841ded918816d6380486bf28ded46c5226b74072e
single_shape,plain2_w16_gap,structured_template,7080,3,release_default,10,1.437226195394257e-09,1.219202161450994e-08,,f66b0ed6213727f69588d38841ded918816d6380486bf28ded46c5226b74072e
single_shape,plain2_w16_gap,structured_template,7081,0,release_default,10,1.437226195394257e-09,1.219202161450994e-08,,f66b0ed6213727f69588d38841ded918816d6380486bf28ded46c5226b74072e
single_shape,plain2_w16_gap,structured_template,7081,1,release_default,10,1.437226195394257e-09,1.219202161450994e-08,,f66b0ed6213727f69588d38841ded918816d6380486bf28ded46c5226b74072e
single_shape,plain2_w16_gap,structured_template,7081,2,release_default,10,1.437226195394257e-09,1.219202161450994e-08,,f66b0ed6213727f69588d38841ded918816d6380486bf28ded46c5226b74072e
single_shape,plain2_w16_gap,structured_template,7081,3,release_default,10,1.437226195394257e-09,1.219202161450994e-08,,f66b0ed6213727f69588d38841ded918816d6380486bf28ded46c5226b74072e
single_shape,plain2_w16_gap,structured_template,7082,0,release_default,10,1.437226195394257e-09,1.219202161450994e-08,,f66b0ed6213727f69588d38841ded918816d6380486bf28ded46c5226b74072e
single_shape,plain2_w16_gap,structured_template,7082,1,release_default,10,1.437226195394257e-09,1.219202161450994e-08,,f66b0ed6213727f69588d38841ded918816d6380486bf28ded46c5226b74072e
single_shape,plain2_w16_gap,structured_template,7082,2,release_default,10,1.437226195394257e-09,1.219202161450994e-08,,f66b0ed6213727f69588d38841ded918816d6380486bf28ded46c5226b74072e
single_shape,plain2_w16_gap,structured_template,7082,3,release_default,10,1.437226195394257e-09,1.219202161450994e-08,,f66b0ed6213727f69588d38841ded918816d6380486bf28ded46c5226b74072e
single_shape,plain2_w16_gap,structured_template,7083,0,release_default,10,1.437226195394257e-09,1.219202161450994e-08,,f66b0ed6213727f69588d38841ded918816d6380486bf28ded46c5226b74072e
single_shape,plain2_w16_gap,structured_template,7083,1,release_default,10,1.437226195394257e-09,1.219202161450994e-08,,f66b0ed6213727f69588d38841ded918816d6380486bf28ded46c5226b74072e
single_shape,plain2_w16_gap,structured_template,7083,2,release_default,10,1.437226195394257e-09,1.219202161450994e-08,,f66b0ed6213727f69588d38841ded918816d6380486bf28ded46c5226b74072e
single_shape,plain2_w16_gap,structured_template,7083,3,release_default,10,1.437226195394257e-09,1.219202161450994e-08,,f66b0ed6213727f69588d38841ded918816d6380486bf28ded46c5226b74072e
single_shape,plain2_w16_gap,structured_template,7084,0,release_default,10,1.437226195394257e-09,1.219202161450994e-08,,f66b0ed6213727f69588d38841ded918816d6380486bf28ded46c5226b74072e
single_shape,plain2_w16_gap,structured_template,7084,1,release_default,10,1.437226195394257e-09,1.219202161450994e-08,,f66b0ed6213727f69588d38841ded918816d6380486bf28ded46c5226b74072e
single_shape,plain2_w16_gap,structured_template,7084,2,release_default,10,1.437226195394257e-09,1.219202161450994e-08,,f66b0ed6213727f69588d38841ded918816d6380486bf28ded46c5226b74072e
single_shape,plain2_w16_gap,structured_template,7084,3,release_default,10,1.437226195394257e-09,1.219202161450994e-08,,f66b0ed6213727f69588d38841ded918816d6380486bf28ded46c5226b74072e
single_shape,plain2_w16_gap,structured_template,7085,0,release_default,10,1.437226195394257e-09,1.219202161450994e-08,,f66b0ed6213727f69588d38841ded918816d6380486bf28ded46c5226b74072e
single_shape,plain2_w16_gap,structured_template,7085,1,release_default,10,1.437226195394257e-09,1.219202161450994e-08,,f66b0ed6213727f69588d38841ded918816d6380486bf28ded46c5226b74072e
single_shape,plain2_w16_gap,structured_template,7085,2,release_default,10,1.437226195394257e-09,1.219202161450994e-08,,f66b0ed6213727f69588d38841ded918816d6380486bf28ded46c5226b74072e
single_shape,plain2_w16_gap,structured_template,7085,3,release_default,10,1.437226195394257e-09,1.219202161450994e-08,,f66b0ed6213727f69588d38841ded918816d6380486bf28ded46c5226b74072e
single_shape,plain2_w16_gap,structured_template,7086,0,release_default,10,1.437226195394257e-09,1.219202161450994e-08,,f66b0ed6213727f69588d38841ded918816d6380486bf28ded46c5226b74072e
single_shape,plain2_w16_gap,structured_template,7086,1,release_default,10,1.437226195394257e-09,1.219202161450994e-08,,f66b0ed6213727f69588d38841ded918816d6380486bf28ded46c5226b74072e
single_shape,plain2_w16_gap,structured_template,7086,2,release_default,10,1.437226195394257e-09,1.219202161450994e-08,,f66b0ed6213727f69588d38841ded918816d6380486bf28ded46c5226b74072e
single_shape,plain2_w16_gap,structured_template,7086,3,release_default,10,1.437226195394257e-09,1.219202161450994e-08,,f66b0ed6213727f69588d38841ded918816d6380486bf28ded46c5226b74072e
single_shape,plain2_w16_gap,structured_template,7087,0,release_default,10,1.437226195394257e-09,1.219202161450994e-08,,f66b0ed6213727f69588d38841ded918816d6380486bf28ded46c5226b74072e
single_shape,plain2_w16_gap,structured_template,7087,1,release_default,10,1.437226195394257e-09,1.219202161450994e-08,,f66b0ed6213727f69588d38841ded918816d6380486bf28ded46c5226b74072e
single_shape,plain2_w16_gap,structured_template,7087,2,release_default,10,1.437226195394257e-09,1.219202161450994e-08,,f66b0ed6213727f69588d38841ded918816d6380486bf28ded46c5226b74072e
single_shape,plain2_w16_gap,structured_template,7087,3,release_default,10,1.437226195394257e-09,1.219202161450994e-08,,f66b0ed6213727f69588d38841ded918816d6380486bf28ded46c5226b74072e
single_shape,plain2_w16_gap,structured_template,7088,0,release_default,10,1.437226195394257e-09,1.219202161450994e-08,,f66b0ed6213727f69588d38841ded918816d6380486bf28ded46c5226b74072e
single_shape,plain2_w16_gap,structured_template,7088,1,release_default,10,1.437226195394257e-09,1.219202161450994e-08,,f66b0ed6213727f69588d38841ded918816d6380486bf28ded46c5226b74072e
single_shape,plain2_w16_gap,structured_template,7088,2,release_default,10,1.437226195394257e-09,1.219202161450994e-08,,f66b0ed6213727f69588d38841ded918816d6380486bf28ded46c5226b74072e
single_shape,plain2_w16_gap,structured_template,7088,3,release_default,10,1.437226195394257e-09,1.219202161450994e-08,,f66b0ed6213727f69588d38841ded918816d6380486bf28ded46c5226b74072e
single_shape,plain2_w16_gap,structured_template,7089,0,release_default,10,1.437226195394257e-09,1.219202161450994e-08,,f66b0ed6213727f69588d38841ded918816d6380486bf28ded46c5226b74072e
single_shape,plain2_w16_gap,structured_template,7089,1,release_default,10,1.437226195394257e-09,1.219202161450994e-08,,f66b0ed6213727f69588d38841ded918816d6380486bf28ded46c5226b74072e
single_shape,plain2_w16_gap,structured_template,7089,2,release_default,10,1.437226195394257e-09,1.219202161450994e-08,,f66b0ed6213727f69588d38841ded918816d6380486bf28ded46c5226b74072e
single_shape,plain2_w16_gap,structured_template,7089,3,release_default,10,1.437226195394257e-09,1.219202161450994e-08,,f66b0ed6213727f69588d38841ded918816d6380486bf28ded46c5226b74072e
single_shape,plain2_w16_gap,structured_template,7090,0,release_default,10,1.437226195394257e-09,1.219202161450994e-08,,f66b0ed6213727f69588d38841ded918816d6380486bf28ded46c5226b74072e
single_shape,plain2_w16_gap,structured_template,7090,1,release_default,10,1.437226195394257e-09,1.219202161450994e-08,,f66b0ed6213727f69588d38841ded918816d6380486bf28ded46c5226b74072e
single_shape,plain2_w16_gap,structured_template,7090,2,release_default,10,1.437226195394257e-09,1.219202161450994e-08,,f66b0ed6213727f69588d38841ded918816d6380486bf28ded46c5226b74072e
single_shape,plain2_w16_gap,structured_template,7090,3,release_default,10,1.437226195394257e-09,1.219202161450994e-08,,f66b0ed6213727f69588d38841ded918816d6380486bf28ded46c5226b74072e
single_shape,plain2_w16_gap,structured_template,7091,0,release_default,10,1.437226195394257e-09,1.219202161450994e-08,,f66b0ed6213727f69588d38841ded918816d6380486bf28ded46c5226b74072e
single_shape,plain2_w16_gap,structured_template,7091,1,release_default,10,1.437226195394257e-09,1.219202161450994e-08,,f66b0ed6213727f69588d38841ded918816d6380486bf28ded46c5226b74072e
single_shape,plain2_w16_gap,structured_template,7091,2,release_default,10,1.437226195394257e-09,1.219202161450994e-08,,f66b0ed6213727f69588d38841ded918816d6380486bf28ded46c5226b74072e
single_shape,plain2_w16_gap,structured_template,7091,3,release_default,10,1.437226195394257e-09,1.219202161450994e-08,,f66b0ed6213727f69588d38841ded918816d6380486bf28ded46c5226b74072e
single_shape,plain2_w16_gap,structured_template,7092,0,release_default,10,1.437226195394257e-09,1.219202161450994e-08,,f66b0ed6213727f69588d38841ded918816d6380486bf28ded46c5226b74072e
single_shape,plain2_w16_gap,structured_template,7092,1,release_default,10,1.437226195394257e-09,1.219202161450994e-08,,f66b0ed6213727f69588d38841ded918816d6380486bf28ded46c5226b74072e
single_shape,plain2_w16_gap,structured_template,7092,2,release_default,10,1.437226195394257e-09,1.219202161450994e-08,,f66b0ed6213727f69588d38841ded918816d6380486bf28ded46c5226b74072e
single_shape,plain2_w16_gap,structured_template,7092,3,release_default,10,1.437226195394257e-09,1.219202161450994e-08,,f66b0ed6213727f69588d38841ded918816d6380486bf28ded46c5226b74072e
single_shape,plain2_w16_gap,structured_template,7093,0,release_default,10,1.437226195394257e-09,1.219202161450994e-08,,f66b0ed6213727f69588d38841ded918816d6380486bf28ded46c5226b74072e
single_shape,plain2_w16_gap,structured_template,7093,1,release_default,10,1.437226195394257e-09,1.219202161450994e-08,,f66b0ed6213727f69588d38841ded918816d6380486bf28ded46c5226b74072e
single_shape,plain2_w16_gap,structured_template,7093,2,release_default,10,1.437226195394257e-09,1.219202161450994e-08,,f66b0ed6213727f69588d38841ded918816d6380486bf28ded46c5226b74072e
single_shape,plain2_w16_gap,structured_template,7093,3,release_default,10,1.437226195394257e-09,1.219202161450994e-08,,f66b0ed6213727f69588d38841ded918816d6380486bf28ded46c5226b74072e
single_shape,plain2_w16_gap,structured_template,7094,0,release_default,10,1.437226195394257e-09,1.219202161450994e-08,,f66b0ed6213727f69588d38841ded918816d6380486bf28ded46c5226b74072e
single_shape,plain2_w16_gap,structured_template,7094,1,release_default,10,1.437226195394257e-09,1.219202161450994e-08,,f66b0ed6213727f69588d38841ded918816d6380486bf28ded46c5226b74072e
single_shape,plain2_w16_gap,structured_template,7094,2,release_default,10,1.437226195394257e-09,1.219202161450994e-08,,f66b0ed6213727f69588d38841ded918816d6380486bf28ded46c5226b74072e
single_shape,plain2_w16_gap,structured_template,7094,3,release_default,10,1.437226195394257e-09,1.219202161450994e-08,,f66b0ed6213727f69588d38841ded918816d6380486bf28ded46c5226b74072e
single_shape,plain2_w16_gap,structured_template,7095,0,release_default,10,1.437226195394257e-09,1.219202161450994e-08,,f66b0ed6213727f69588d38841ded918816d6380486bf28ded46c5226b74072e
single_shape,plain2_w16_gap,structured_template,7095,1,release_default,10,1.437226195394257e-09,1.219202161450994e-08,,f66b0ed6213727f69588d38841ded918816d6380486bf28ded46c5226b74072e
single_shape,plain2_w16_gap,structured_template,7095,2,release_default,10,1.437226195394257e-09,1.219202161450994e-08,,f66b0ed6213727f69588d38841ded918816d6380486bf28ded46c5226b74072e
single_shape,plain2_w16_gap,structured_template,7095,3,release_default,10,1.437226195394257e-09,1.219202161450994e-08,,f66b0ed6213727f69588d38841ded918816d6380486bf28ded46c5226b74072e
single_shape,plain2_w16_gap,structured_template,7096,0,release_default,10,1.437226195394257e-09,1.219202161450994e-08,,f66b0ed6213727f69588d38841ded918816d6380486bf28ded46c5226b74072e
single_shape,plain2_w16_gap,structured_template,7096,1,release_default,10,1.437226195394257e-09,1.219202161450994e-08,,f66b0ed6213727f69588d38841ded918816d6380486bf28ded46c5226b74072e
single_shape,plain2_w16_gap,structured_template,7096,2,release_default,10,1.437226195394257e-09,1.219202161450994e-08,,f66b0ed6213727f69588d38841ded918816d6380486bf28ded46c5226b74072e
single_shape,plain2_w16_gap,structured_template,7096,3,release_default,10,1.437226195394257e-09,1.219202161450994e-08,,f66b0ed6213727f69588d38841ded918816d6380486bf28ded46c5226b74072e
single_shape,plain2_w16_gap,structured_template,7097,0,release_default,10,1.437226195394257e-09,1.219202161450994e-08,,f66b0ed6213727f69588d38841ded918816d6380486bf28ded46c5226b74072e
single_shape,plain2_w16_gap,structured_template,7097,1,release_default,10,1.437226195394257e-09,1.219202161450994e-08,,f66b0ed6213727f69588d38841ded918816d6380486bf28ded46c5226b74072e
single_shape,plain2_w16_gap,structured_template,7097,2,release_default,10,1.437226195394257e-09,1.219202161450994e-08,,f66b0ed6213727f69588d38841ded918816d6380486bf28ded46c5226b74072e
single_shape,plain2_w16_gap,structured_template,7097,3,release_default,10,1.437226195394257e-09,1.219202161450994e-08,,f66b0ed6213727f69588d38841ded918816d6380486bf28ded46c5226b74072e
single_shape,plain2_w16_gap,structured_template,7098,0,release_default,10,1.437226195394257e-09,1.219202161450994e-08,,f66b0ed6213727f69588d38841ded918816d6380486bf28ded46c5226b74072e
single_shape,plain2_w16_gap,structured_template,7098,1,release_default,10,1.437226195394257e-09,1.219202161450994e-08,,f66b0ed6213727f69588d38841ded918816d6380486bf28ded46c5226b74072e
single_shape,plain2_w16_gap,structured_template,7098,2,release_default,10,1.437226195394257e-09,1.219202161450994e-08,,f66b0ed6213727f69588d38841ded918816d6380486bf28ded46c5226b74072e
single_shape,plain2_w16_gap,structured_template,7098,3,release_default,10,1.437226195394257e-09,1.219202161450994e-08,,f66b0ed6213727f69588d38841ded918816d6380486bf28ded46c5226b74072e
single_shape,plain2_w16_gap,structured_template,7099,0,release_default,10,1.437226195394257e-09,1.219202161450994e-08,,f66b0ed6213727f69588d38841ded918816d6380486bf28ded46c5226b74072e
single_shape,plain2_w16_gap,structured_template,7099,1,release_default,10,1.437226195394257e-09,1.219202161450994e-08,,f66b0ed6213727f69588d38841ded918816d6380486bf28ded46c5226b74072e
single_shape,plain2_w16_gap,structured_template,7099,2,release_default,10,1.437226195394257e-09,1.219202161450994e-08,,f66b0ed6213727f69588d38841ded918816d6380486bf28ded46c5226b74072e
single_shape,plain2_w16_gap,structured_template,7099,3,release_default,10,1.437226195394257e-09,1.219202161450994e-08,,f66b0ed6213727f69588d38841ded918816d6380486bf28ded46c5226b74072e
