task,architecture,anchor_family,block,metric,value_kind,B,init_reps
single_shape,plain2_w16_gap,pixel_permuted_template,7000,centered_logit_fidelity,random,-0.012917118491539977,4
single_shape,plain2_w16_gap,pixel_permuted_template,7000,prob_error_reduction,random,0.09169380972161889,4
single_shape,plain2_w16_gap,pixel_permuted_template,7001,centered_logit_fidelity,random,0.000697416006728296,4
single_shape,plain2_w16_gap,pixel_permuted_template,7001,prob_error_reduction,random,0.10787969315424562,4
single_shape,plain2_w16_gap,pixel_permuted_template,7002,centered_logit_fidelity,random,0.00923541927102533,4
single_shape,plain2_w16_gap,pixel_permuted_template,7002,prob_error_reduction,random,0.10475046373903751,4
single_shape,plain2_w16_gap,pixel_permuted_template,7003,centered_logit_fidelity,random,0.006986817925609113,4
single_shape,plain2_w16_gap,pixel_permuted_template,7003,prob_error_reduction,random,0.10642120474949479,4
single_shape,plain2_w16_gap,pixel_permuted_template,7004,centered_logit_fidelity,random,-0.013002057936732087,4
single_shape,plain2_w16_gap,pixel_permuted_template,7004,prob_error_reduction,random,0.08220451138913631,4
single_shape,plain2_w16_gap,pixel_permuted_template,7005,centered_logit_fidelity,random,-0.027996764796364534,4
single_shape,plain2_w16_gap,pixel_permuted_template,7005,prob_error_reduction,random,0.09356564423069358,4
single_shape,plain2_w16_gap,pixel_permuted_template,7006,centered_logit_fidelity,random,0.00595286739458299,4
single_shape,plain2_w16_gap,pixel_permuted_template,7006,prob_error_reduction,random,0.11299077793955803,4
single_shape,plain2_w16_gap,pixel_permuted_template,7007,centered_logit_fidelity,random,0.0013086710050141948,4
single_shape,plain2_w16_gap,pixel_permuted_template,7007,prob_error_reduction,random,0.10621207719668746,4
single_shape,plain2_w16_gap,pixel_permuted_template,7008,centered_logit_fidelity,random,0.0105123615462952,4
single_shape,plain2_w16_gap,pixel_permuted_template,7008,prob_error_reduction,random,0.07516184262931347,4
single_shape,plain2_w16_gap,pixel_permuted_template,7009,centered_logit_fidelity,random,0.005640318571526219,4
single_shape,plain2_w16_gap,pixel_permuted_template,7009,prob_error_reduction,random,0.09356402512639761,4
single_shape,plain2_w16_gap,pixel_permuted_template,7010,centered_logit_fidelity,random,0.0017844578160518421,4
single_shape,plain2_w16_gap,pixel_permuted_template,7010,prob_error_reduction,random,0.06631211331114173,4
single_shape,plain2_w16_gap,pixel_permuted_template,7011,centered_logit_fidelity,random,0.012277775642855246,4
single_shape,plain2_w16_gap,pixel_permuted_template,7011,prob_error_reduction,random,0.11743957456201315,4
single_shape,plain2_w16_gap,pixel_permuted_template,7012,centered_logit_fidelity,random,-0.0045337682754942425,4
single_shape,plain2_w16_gap,pixel_permuted_template,7012,prob_error_reduction,random,0.07450652355328202,4
single_shape,plain2_w16_gap,pixel_permuted_template,7013,centered_logit_fidelity,random,-0.01868271522406803,4
single_shape,plain2_w16_gap,pixel_permuted_template,7013,prob_error_reduction,random,0.12547658709809184,4
single_shape,plain2_w16_gap,pixel_permuted_template,7014,centered_logit_fidelity,random,0.000503014222780776,4
single_shape,plain2_w16_gap,pixel_permuted_template,7014,prob_error_reduction,random,0.06749232858419418,4
single_shape,plain2_w16_gap,pixel_permuted_template,7015,centered_logit_fidelity,random,0.010900007930901697,4
single_shape,plain2_w16_gap,pixel_permuted_template,7015,prob_error_reduction,random,0.09187663276679814,4
single_shape,plain2_w16_gap,pixel_permuted_template,7016,centered_logit_fidelity,random,0.018415280433995866,4
single_shape,plain2_w16_gap,pixel_permuted_template,7016,prob_error_reduction,random,0.09970282204449177,4
single_shape,plain2_w16_gap,pixel_permuted_template,7017,centered_logit_fidelity,random,-0.004527791800145176,4
single_shape,plain2_w16_gap,pixel_permuted_template,7017,prob_error_reduction,random,0.10538664180785418,4
single_shape,plain2_w16_gap,pixel_permuted_template,7018,centered_logit_fidelity,random,-0.022387860710896473,4
single_shape,plain2_w16_gap,pixel_permuted_template,7018,prob_error_reduction,random,0.13616112526506186,4
single_shape,plain2_w16_gap,pixel_permuted_template,7019,centered_logit_fidelity,random,0.0069136619942746225,4
single_shape,plain2_w16_gap,pixel_permuted_template,7019,prob_error_reduction,random,0.12580240215174854,4
single_shape,plain2_w16_gap,pixel_permuted_template,7020,centered_logit_fidelity,random,0.006920903114424318,4
single_shape,plain2_w16_gap,pixel_permuted_template,7020,prob_error_reduction,random,0.06143535650335252,4
single_shape,plain2_w16_gap,pixel_permuted_template,7021,centered_logit_fidelity,random,0.0018644370238583233,4
single_shape,plain2_w16_gap,pixel_permuted_template,7021,prob_error_reduction,random,0.11482462612912059,4
single_shape,plain2_w16_gap,pixel_permuted_template,7022,centered_logit_fidelity,random,0.023110989922311576,4
single_shape,plain2_w16_gap,pixel_permuted_template,7022,prob_error_reduction,random,0.10814207559451461,4
single_shape,plain2_w16_gap,pixel_permuted_template,7023,centered_logit_fidelity,random,0.0022104009497722742,4
single_shape,plain2_w16_gap,pixel_permuted_template,7023,prob_error_reduction,random,0.10525126336142421,4
single_shape,plain2_w16_gap,pixel_permuted_template,7024,centered_logit_fidelity,random,0.004165989141973485,4
single_shape,plain2_w16_gap,pixel_permuted_template,7024,prob_error_reduction,random,0.08926795655861497,4
single_shape,plain2_w16_gap,pixel_permuted_template,7025,centered_logit_fidelity,random,-0.02740992190344394,4
single_shape,plain2_w16_gap,pixel_permuted_template,7025,prob_error_reduction,random,0.09962880378589034,4
single_shape,plain2_w16_gap,pixel_permuted_template,7026,centered_logit_fidelity,random,-0.007303836193205128,4
single_shape,plain2_w16_gap,pixel_permuted_template,7026,prob_error_reduction,random,0.08078215131536126,4
single_shape,plain2_w16_gap,pixel_permuted_template,7027,centered_logit_fidelity,random,0.0028198732830499278,4
single_shape,plain2_w16_gap,pixel_permuted_template,7027,prob_error_reduction,random,0.131665859837085,4
single_shape,plain2_w16_gap,pixel_permuted_template,7028,centered_logit_fidelity,random,0.0020023642310116312,4
single_shape,plain2_w16_gap,pixel_permuted_template,7028,prob_error_reduction,random,0.0837011719122529,4
single_shape,plain2_w16_gap,pixel_permuted_template,7029,centered_logit_fidelity,random,0.014873280978131748,4
single_shape,plain2_w16_gap,pixel_permuted_template,7029,prob_error_reduction,random,0.07874202192761004,4
single_shape,plain2_w16_gap,pixel_permuted_template,7030,centered_logit_fidelity,random,-0.0036675297359566716,4
single_shape,plain2_w16_gap,pixel_permuted_template,7030,prob_error_reduction,random,0.12566798785701394,4
single_shape,plain2_w16_gap,pixel_permuted_template,7031,centered_logit_fidelity,random,0.001579509291207844,4
single_shape,plain2_w16_gap,pixel_permuted_template,7031,prob_error_reduction,random,0.0710618644952774,4
single_shape,plain2_w16_gap,pixel_permuted_template,7032,centered_logit_fidelity,random,0.008550229238316494,4
single_shape,plain2_w16_gap,pixel_permuted_template,7032,prob_error_reduction,random,0.10412729438394308,4
single_shape,plain2_w16_gap,pixel_permuted_template,7033,centered_logit_fidelity,random,0.0003220337514197001,4
single_shape,plain2_w16_gap,pixel_permuted_template,7033,prob_error_reduction,random,0.09580053761601448,4
single_shape,plain2_w16_gap,pixel_permuted_template,7034,centered_logit_fidelity,random,0.012347327613597171,4
single_shape,plain2_w16_gap,pixel_permuted_template,7034,prob_error_reduction,random,0.10478504374623299,4
single_shape,plain2_w16_gap,pixel_permuted_template,7035,centered_logit_fidelity,random,-0.011111406964795735,4
single_shape,plain2_w16_gap,pixel_permuted_template,7035,prob_error_reduction,random,0.08950880635529757,4
single_shape,plain2_w16_gap,pixel_permuted_template,7036,centered_logit_fidelity,random,0.005801621647254037,4
single_shape,plain2_w16_gap,pixel_permuted_template,7036,prob_error_reduction,random,0.13358013052493334,4
single_shape,plain2_w16_gap,pixel_permuted_template,7037,centered_logit_fidelity,random,0.02008328079379689,4
single_shape,plain2_w16_gap,pixel_permuted_template,7037,prob_error_reduction,random,0.09056324185803533,4
single_shape,plain2_w16_gap,pixel_permuted_template,7038,centered_logit_fidelity,random,0.0006990210300054384,4
single_shape,plain2_w16_gap,pixel_permuted_template,7038,prob_error_reduction,random,0.09839590638875961,4
single_shape,plain2_w16_gap,pixel_permuted_template,7039,centered_logit_fidelity,random,-0.012322725567433837,4
single_shape,plain2_w16_gap,pixel_permuted_template,7039,prob_error_reduction,random,0.08714935835450888,4
single_shape,plain2_w16_gap,pixel_permuted_template,7040,centered_logit_fidelity,random,-0.004280192850824207,4
single_shape,plain2_w16_gap,pixel_permuted_template,7040,prob_error_reduction,random,0.1243274612352252,4
single_shape,plain2_w16_gap,pixel_permuted_template,7041,centered_logit_fidelity,random,0.002382371593182886,4
single_shape,plain2_w16_gap,pixel_permuted_template,7041,prob_error_reduction,random,0.07118265982717276,4
single_shape,plain2_w16_gap,pixel_permuted_template,7042,centered_logit_fidelity,random,-6.754488143720545e-05,4
single_shape,plain2_w16_gap,pixel_permuted_template,7042,prob_error_reduction,random,0.10367549024522305,4
single_shape,plain2_w16_gap,pixel_permuted_template,7043,centered_logit_fidelity,random,0.001075561098045184,4
single_shape,plain2_w16_gap,pixel_permuted_template,7043,prob_error_reduction,random,0.08790030423551798,4
single_shape,plain2_w16_gap,pixel_permuted_template,7044,centered_logit_fidelity,random,0.019605233175721822,4
single_shape,plain2_w16_gap,pixel_permuted_template,7044,prob_error_reduction,random,0.06214411836117506,4
single_shape,plain2_w16_gap,pixel_permuted_template,7045,centered_logit_fidelity,random,0.001745511010279862,4
single_shape,plain2_w16_gap,pixel_permuted_template,7045,prob_error_reduction,random,0.08992758672684431,4
single_shape,plain2_w16_gap,pixel_permuted_template,7046,centered_logit_fidelity,random,-0.0016829744058345433,4
single_shape,plain2_w16_gap,pixel_permuted_template,7046,prob_error_reduction,random,0.09413185343146324,4
single_shape,plain2_w16_gap,pixel_permuted_template,7047,centered_logit_fidelity,random,-0.0040164642348642,4
single_shape,plain2_w16_gap,pixel_permuted_template,7047,prob_error_reduction,random,0.11497402563691139,4
single_shape,plain2_w16_gap,pixel_permuted_template,7048,centered_logit_fidelity,random,0.017484468935352097,4
single_shape,plain2_w16_gap,pixel_permuted_template,7048,prob_error_reduction,random,0.09572117356583476,4
single_shape,plain2_w16_gap,pixel_permuted_template,7049,centered_logit_fidelity,random,0.009537247194821486,4
single_shape,plain2_w16_gap,pixel_permuted_template,7049,prob_error_reduction,random,0.09829316334798932,4
single_shape,plain2_w16_gap,pixel_permuted_template,7050,centered_logit_fidelity,random,-8.684229075060779e-05,4
single_shape,plain2_w16_gap,pixel_permuted_template,7050,prob_error_reduction,random,0.08242821041494608,4
single_shape,plain2_w16_gap,pixel_permuted_template,7051,centered_logit_fidelity,random,0.010755298025289262,4
single_shape,plain2_w16_gap,pixel_permuted_template,7051,prob_error_reduction,random,0.11106067476794124,4
single_shape,plain2_w16_gap,pixel_permuted_template,7052,centered_logit_fidelity,random,-0.00043047003706993096,4
single_shape,plain2_w16_gap,pixel_permuted_template,7052,prob_error_reduction,random,0.07434501592069864,4
single_shape,plain2_w16_gap,pixel_permuted_template,7053,centered_logit_fidelity,random,0.01644746516586637,4
single_shape,plain2_w16_gap,pixel_permuted_template,7053,prob_error_reduction,random,0.10207964293658733,4
single_shape,plain2_w16_gap,pixel_permuted_template,7054,centered_logit_fidelity,random,0.0088234393347338,4
single_shape,plain2_w16_gap,pixel_permuted_template,7054,prob_error_reduction,random,0.11956089036539197,4
single_shape,plain2_w16_gap,pixel_permuted_template,7055,centered_logit_fidelity,random,0.01854577605022676,4
single_shape,plain2_w16_gap,pixel_permuted_template,7055,prob_error_reduction,random,0.13266738527454436,4
single_shape,plain2_w16_gap,pixel_permuted_template,7056,centered_logit_fidelity,random,-0.013396685111073626,4
single_shape,plain2_w16_gap,pixel_permuted_template,7056,prob_error_reduction,random,0.08945939084514976,4
single_shape,plain2_w16_gap,pixel_permuted_template,7057,centered_logit_fidelity,random,0.0023019576108705177,4
single_shape,plain2_w16_gap,pixel_permuted_template,7057,prob_error_reduction,random,0.1100615500472486,4
single_shape,plain2_w16_gap,pixel_permuted_template,7058,centered_logit_fidelity,random,-0.012413343595348632,4
single_shape,plain2_w16_gap,pixel_permuted_template,7058,prob_error_reduction,random,0.09084447007626295,4
single_shape,plain2_w16_gap,pixel_permuted_template,7059,centered_logit_fidelity,random,0.009304941046910754,4
single_shape,plain2_w16_gap,pixel_permuted_template,7059,prob_error_reduction,random,0.1014515059068799,4
single_shape,plain2_w16_gap,pixel_permuted_template,7060,centered_logit_fidelity,random,0.0047957592522056905,4
single_shape,plain2_w16_gap,pixel_permuted_template,7060,prob_error_reduction,random,0.09347687242552638,4
single_shape,plain2_w16_gap,pixel_permuted_template,7061,centered_logit_fidelity,random,0.007365034752088837,4
single_shape,plain2_w16_gap,pixel_permuted_template,7061,prob_error_reduction,random,0.12157479580491781,4
single_shape,plain2_w16_gap,pixel_permuted_template,7062,centered_logit_fidelity,random,0.01061686320991765,4
single_shape,plain2_w16_gap,pixel_permuted_template,7062,prob_error_reduction,random,0.08224047813564539,4
single_shape,plain2_w16_gap,pixel_permuted_template,7063,centered_logit_fidelity,random,0.004608464351749341,4
single_shape,plain2_w16_gap,pixel_permuted_template,7063,prob_error_reduction,random,0.04898293549194932,4
single_shape,plain2_w16_gap,pixel_permuted_template,7064,centered_logit_fidelity,random,0.007764583566472206,4
single_shape,plain2_w16_gap,pixel_permuted_template,7064,prob_error_reduction,random,0.09357450064271688,4
single_shape,plain2_w16_gap,pixel_permuted_template,7065,centered_logit_fidelity,random,-0.01309005680581682,4
single_shape,plain2_w16_gap,pixel_permuted_template,7065,prob_error_reduction,random,0.07936377730220556,4
single_shape,plain2_w16_gap,pixel_permuted_template,7066,centered_logit_fidelity,random,0.014028206763797083,4
single_shape,plain2_w16_gap,pixel_permuted_template,7066,prob_error_reduction,random,0.10425450513139367,4
single_shape,plain2_w16_gap,pixel_permuted_template,7067,centered_logit_fidelity,random,0.016418839110359264,4
single_shape,plain2_w16_gap,pixel_permuted_template,7067,prob_error_reduction,random,0.09784480417147279,4
single_shape,plain2_w16_gap,pixel_permuted_template,7068,centered_logit_fidelity,random,0.008859685334701354,4
single_shape,plain2_w16_gap,pixel_permuted_template,7068,prob_error_reduction,random,0.11612847866490483,4
single_shape,plain2_w16_gap,pixel_permuted_template,7069,centered_logit_fidelity,random,0.00405698022949957,4
single_shape,plain2_w16_gap,pixel_permuted_template,7069,prob_error_reduction,random,0.06651151040568948,4
single_shape,plain2_w16_gap,pixel_permuted_template,7070,centered_logit_fidelity,random,0.007583792586773098,4
single_shape,plain2_w16_gap,pixel_permuted_template,7070,prob_error_reduction,random,0.0773839196190238,4
single_shape,plain2_w16_gap,pixel_permuted_template,7071,centered_logit_fidelity,random,0.001727204183877576,4
single_shape,plain2_w16_gap,pixel_permuted_template,7071,prob_error_reduction,random,0.09308936167508364,4
single_shape,plain2_w16_gap,pixel_permuted_template,7072,centered_logit_fidelity,random,0.007534245487551286,4
single_shape,plain2_w16_gap,pixel_permuted_template,7072,prob_error_reduction,random,0.10955500463023782,4
single_shape,plain2_w16_gap,pixel_permuted_template,7073,centered_logit_fidelity,random,-0.007759266047429844,4
single_shape,plain2_w16_gap,pixel_permuted_template,7073,prob_error_reduction,random,0.10346696339547634,4
single_shape,plain2_w16_gap,pixel_permuted_template,7074,centered_logit_fidelity,random,-0.004784013393534681,4
single_shape,plain2_w16_gap,pixel_permuted_template,7074,prob_error_reduction,random,0.09952834853902459,4
single_shape,plain2_w16_gap,pixel_permuted_template,7075,centered_logit_fidelity,random,-0.00061025290421814,4
single_shape,plain2_w16_gap,pixel_permuted_template,7075,prob_error_reduction,random,0.10378888808190823,4
single_shape,plain2_w16_gap,pixel_permuted_template,7076,centered_logit_fidelity,random,0.005999430025293004,4
single_shape,plain2_w16_gap,pixel_permuted_template,7076,prob_error_reduction,random,0.11210289318114519,4
single_shape,plain2_w16_gap,pixel_permuted_template,7077,centered_logit_fidelity,random,-0.0017437773289166077,4
single_shape,plain2_w16_gap,pixel_permuted_template,7077,prob_error_reduction,random,0.09657565271481872,4
single_shape,plain2_w16_gap,pixel_permuted_template,7078,centered_logit_fidelity,random,0.002697304836371912,4
single_shape,plain2_w16_gap,pixel_permuted_template,7078,prob_error_reduction,random,0.10803765757009387,4
single_shape,plain2_w16_gap,pixel_permuted_template,7079,centered_logit_fidelity,random,-0.0014610073148375383,4
single_shape,plain2_w16_gap,pixel_permuted_template,7079,prob_error_reduction,random,0.10408454947173595,4
single_shape,plain2_w16_gap,pixel_permuted_template,7080,centered_logit_fidelity,random,0.00022914237748033854,4
single_shape,plain2_w16_gap,pixel_permuted_template,7080,prob_error_reduction,random,0.04884057305753231,4
single_shape,plain2_w16_gap,pixel_permuted_template,7081,centered_logit_fidelity,random,-0.0053541643886996955,4
single_shape,plain2_w16_gap,pixel_permuted_template,7081,prob_error_reduction,random,0.09524910245090723,4
single_shape,plain2_w16_gap,pixel_permuted_template,7082,centered_logit_fidelity,random,-0.02690725562018606,4
single_shape,plain2_w16_gap,pixel_permuted_template,7082,prob_error_reduction,random,0.10655952338129282,4
single_shape,plain2_w16_gap,pixel_permuted_template,7083,centered_logit_fidelity,random,-0.004847662948734422,4
single_shape,plain2_w16_gap,pixel_permuted_template,7083,prob_error_reduction,random,0.08974873973056674,4
single_shape,plain2_w16_gap,pixel_permuted_template,7084,centered_logit_fidelity,random,0.005533221889005124,4
single_shape,plain2_w16_gap,pixel_permuted_template,7084,prob_error_reduction,random,0.09104373678565025,4
single_shape,plain2_w16_gap,pixel_permuted_template,7085,centered_logit_fidelity,random,0.013502530584592902,4
single_shape,plain2_w16_gap,pixel_permuted_template,7085,prob_error_reduction,random,0.12506658397614956,4
single_shape,plain2_w16_gap,pixel_permuted_template,7086,centered_logit_fidelity,random,0.0059933518083057635,4
single_shape,plain2_w16_gap,pixel_permuted_template,7086,prob_error_reduction,random,0.08048160513862967,4
single_shape,plain2_w16_gap,pixel_permuted_template,7087,centered_logit_fidelity,random,0.01767268771812599,4
single_shape,plain2_w16_gap,pixel_permuted_template,7087,prob_error_reduction,random,0.11746811773627996,4
single_shape,plain2_w16_gap,pixel_permuted_template,7088,centered_logit_fidelity,random,0.0026608637800533963,4
single_shape,plain2_w16_gap,pixel_permuted_template,7088,prob_error_reduction,random,0.08197581628337502,4
single_shape,plain2_w16_gap,pixel_permuted_template,7089,centered_logit_fidelity,random,0.002618814936977708,4
single_shape,plain2_w16_gap,pixel_permuted_template,7089,prob_error_reduction,random,0.10669089015573263,4
single_shape,plain2_w16_gap,pixel_permuted_template,7090,centered_logit_fidelity,random,-0.006128446999817743,4
single_shape,plain2_w16_gap,pixel_permuted_template,7090,prob_error_reduction,random,0.0975023852661252,4
single_shape,plain2_w16_gap,pixel_permuted_template,7091,centered_logit_fidelity,random,-0.0018065341195725153,4
single_shape,plain2_w16_gap,pixel_permuted_template,7091,prob_error_reduction,random,0.07871425105258822,4
single_shape,plain2_w16_gap,pixel_permuted_template,7092,centered_logit_fidelity,random,-0.006025162443851687,4
single_shape,plain2_w16_gap,pixel_permuted_template,7092,prob_error_reduction,random,0.0997632269281894,4
single_shape,plain2_w16_gap,pixel_permuted_template,7093,centered_logit_fidelity,random,0.01453051594358284,4
single_shape,plain2_w16_gap,pixel_permuted_template,7093,prob_error_reduction,random,0.12695977464318275,4
single_shape,plain2_w16_gap,pixel_permuted_template,7094,centered_logit_fidelity,random,-0.010659903786930052,4
single_shape,plain2_w16_gap,pixel_permuted_template,7094,prob_error_reduction,random,0.10706804599612951,4
single_shape,plain2_w16_gap,pixel_permuted_template,7095,centered_logit_fidelity,random,-0.015731151816013006,4
single_shape,plain2_w16_gap,pixel_permuted_template,7095,prob_error_reduction,random,0.06535948067903519,4
single_shape,plain2_w16_gap,pixel_permuted_template,7096,centered_logit_fidelity,random,-0.013540702804769046,4
single_shape,plain2_w16_gap,pixel_permuted_template,7096,prob_error_reduction,random,0.13512461073696613,4
single_shape,plain2_w16_gap,pixel_permuted_template,7097,centered_logit_fidelity,random,0.012849235955805734,4
single_shape,plain2_w16_gap,pixel_permuted_template,7097,prob_error_reduction,random,0.05861564865335822,4
single_shape,plain2_w16_gap,pixel_permuted_template,7098,centered_logit_fidelity,random,0.012279165663956738,4
single_shape,plain2_w16_gap,pixel_permuted_template,7098,prob_error_reduction,random,0.07160378899425268,4
single_shape,plain2_w16_gap,pixel_permuted_template,7099,centered_logit_fidelity,random,0.004325378612174526,4
single_shape,plain2_w16_gap,pixel_permuted_template,7099,prob_error_reduction,random,0.06554710725322366,4
single_shape,plain2_w16_gap,random_fullrank,7000,centered_logit_fidelity,random,-0.0013077689439472458,4
single_shape,plain2_w16_gap,random_fullrank,7000,prob_error_reduction,random,0.07407639687880874,4
single_shape,plain2_w16_gap,random_fullrank,7001,centered_logit_fidelity,random,-0.0006045453118526372,4
single_shape,plain2_w16_gap,random_fullrank,7001,prob_error_reduction,random,0.10664230631664395,4
single_shape,plain2_w16_gap,random_fullrank,7002,centered_logit_fidelity,random,0.016914569604599493,4
single_shape,plain2_w16_gap,random_fullrank,7002,prob_error_reduction,random,0.0653389603830874,4
single_shape,plain2_w16_gap,random_fullrank,7003,centered_logit_fidelity,random,-0.001406517440125524,4
single_shape,plain2_w16_gap,random_fullrank,7003,prob_error_reduction,random,0.08803417766466737,4
single_shape,plain2_w16_gap,random_fullrank,7004,centered_logit_fidelity,random,0.0036403127930114583,4
single_shape,plain2_w16_gap,random_fullrank,7004,prob_error_reduction,random,0.0789096849039197,4
single_shape,plain2_w16_gap,random_fullrank,7005,centered_logit_fidelity,random,-0.0049255405484997135,4
single_shape,plain2_w16_gap,random_fullrank,7005,prob_error_reduction,random,0.10103563382290304,4
single_shape,plain2_w16_gap,random_fullrank,7006,centered_logit_fidelity,random,0.0013865020309269324,4
single_shape,plain2_w16_gap,random_fullrank,7006,prob_error_reduction,random,0.12516705505549908,4
single_shape,plain2_w16_gap,random_fullrank,7007,centered_logit_fidelity,random,-0.0031551795334961337,4
single_shape,plain2_w16_gap,random_fullrank,7007,prob_error_reduction,random,0.1179997380822897,4
single_shape,plain2_w16_gap,random_fullrank,7008,centered_logit_fidelity,random,0.020940483319508287,4
single_shape,plain2_w16_gap,random_fullrank,7008,prob_error_reduction,random,0.1141005759127438,4
single_shape,plain2_w16_gap,random_fullrank,7009,centered_logit_fidelity,random,0.01992836104808874,4
single_shape,plain2_w16_gap,random_fullrank,7009,prob_error_reduction,random,0.08437834400683641,4
single_shape,plain2_w16_gap,random_fullrank,7010,centered_logit_fidelity,random,0.007543750369255321,4
single_shape,plain2_w16_gap,random_fullrank,7010,prob_error_reduction,random,0.07628957601264119,4
single_shape,plain2_w16_gap,random_fullrank,7011,centered_logit_fidelity,random,0.010549136796757019,4
single_shape,plain2_w16_gap,random_fullrank,7011,prob_error_reduction,random,0.0515764020383358,4
single_shape,plain2_w16_gap,random_fullrank,7012,centered_logit_fidelity,random,-7.978715676921003e-05,4
single_shape,plain2_w16_gap,random_fullrank,7012,prob_error_reduction,random,0.0592914205044508,4
single_shape,plain2_w16_gap,random_fullrank,7013,centered_logit_fidelity,random,0.006159412984931367,4
single_shape,plain2_w16_gap,random_fullrank,7013,prob_error_reduction,random,0.07397897285409272,4
single_shape,plain2_w16_gap,random_fullrank,7014,centered_logit_fidelity,random,0.014409541481566078,4
single_shape,plain2_w16_gap,random_fullrank,7014,prob_error_reduction,random,0.11174760293215513,4
single_shape,plain2_w16_gap,random_fullrank,7015,centered_logit_fidelity,random,0.008984607454042559,4
single_shape,plain2_w16_gap,random_fullrank,7015,prob_error_reduction,random,0.08322737039998174,4
single_shape,plain2_w16_gap,random_fullrank,7016,centered_logit_fidelity,random,0.0014423401724593544,4
single_shape,plain2_w16_gap,random_fullrank,7016,prob_error_reduction,random,0.08718822104856372,4
single_shape,plain2_w16_gap,random_fullrank,7017,centered_logit_fidelity,random,-0.001952788029225475,4
single_shape,plain2_w16_gap,random_fullrank,7017,prob_error_reduction,random,0.09323236159980297,4
single_shape,plain2_w16_gap,random_fullrank,7018,centered_logit_fidelity,random,-0.02878286558358905,4
single_shape,plain2_w16_gap,random_fullrank,7018,prob_error_reduction,random,0.10014249477535486,4
single_shape,plain2_w16_gap,random_fullrank,7019,centered_logit_fidelity,random,0.011439497088583642,4
single_shape,plain2_w16_gap,random_fullrank,7019,prob_error_reduction,random,0.1065582986921072,4
single_shape,plain2_w16_gap,random_fullrank,7020,centered_logit_fidelity,random,0.010811391785835732,4
single_shape,plain2_w16_gap,random_fullrank,7020,prob_error_reduction,random,0.08817771356552839,4
single_shape,plain2_w16_gap,random_fullrank,7021,centered_logit_fidelity,random,0.0003236207456706556,4
single_shape,plain2_w16_gap,random_fullrank,7021,prob_error_reduction,random,0.10310710966587067,4
single_shape,plain2_w16_gap,random_fullrank,7022,centered_logit_fidelity,random,-0.0026618465056886496,4
single_shape,plain2_w16_gap,random_fullrank,7022,prob_error_reduction,random,0.10320571297779679,4
single_shape,plain2_w16_gap,random_fullrank,7023,centered_logit_fidelity,random,-0.010879861670763807,4
single_shape,plain2_w16_gap,random_fullrank,7023,prob_error_reduction,random,0.0927268760278821,4
single_shape,plain2_w16_gap,random_fullrank,7024,centered_logit_fidelity,random,0.020423718344201848,4
single_shape,plain2_w16_gap,random_fullrank,7024,prob_error_reduction,random,0.09922561421990395,4
single_shape,plain2_w16_gap,random_fullrank,7025,centered_logit_fidelity,random,0.009118865380626616,4
single_shape,plain2_w16_gap,random_fullrank,7025,prob_error_reduction,random,0.1034033796750009,4
single_shape,plain2_w16_gap,random_fullrank,7026,centered_logit_fidelity,random,0.008852294563145784,4
single_shape,plain2_w16_gap,random_fullrank,7026,prob_error_reduction,random,0.08067966066300869,4
single_shape,plain2_w16_gap,random_fullrank,7027,centered_logit_fidelity,random,-0.020529933295921975,4
single_shape,plain2_w16_gap,random_fullrank,7027,prob_error_reduction,random,0.0923404130153358,4
single_shape,plain2_w16_gap,random_fullrank,7028,centered_logit_fidelity,random,-0.0010420083862775521,4
single_shape,plain2_w16_gap,random_fullrank,7028,prob_error_reduction,random,0.08131254883483052,4
single_shape,plain2_w16_gap,random_fullrank,7029,centered_logit_fidelity,random,0.0027522370550915106,4
single_shape,plain2_w16_gap,random_fullrank,7029,prob_error_reduction,random,0.06604075292125344,4
single_shape,plain2_w16_gap,random_fullrank,7030,centered_logit_fidelity,random,-0.005007125602068799,4
single_shape,plain2_w16_gap,random_fullrank,7030,prob_error_reduction,random,0.07852100022137165,4
single_shape,plain2_w16_gap,random_fullrank,7031,centered_logit_fidelity,random,0.004918500606395867,4
single_shape,plain2_w16_gap,random_fullrank,7031,prob_error_reduction,random,0.10611411277204752,4
single_shape,plain2_w16_gap,random_fullrank,7032,centered_logit_fidelity,random,0.003309804255149835,4
single_shape,plain2_w16_gap,random_fullrank,7032,prob_error_reduction,random,0.0890778605826199,4
single_shape,plain2_w16_gap,random_fullrank,7033,centered_logit_fidelity,random,0.006130709187446404,4
single_shape,plain2_w16_gap,random_fullrank,7033,prob_error_reduction,random,0.06596529018133879,4
single_shape,plain2_w16_gap,random_fullrank,7034,centered_logit_fidelity,random,0.008812622902145135,4
single_shape,plain2_w16_gap,random_fullrank,7034,prob_error_reduction,random,0.10506006237119436,4
single_shape,plain2_w16_gap,random_fullrank,7035,centered_logit_fidelity,random,0.007592779704032552,4
single_shape,plain2_w16_gap,random_fullrank,7035,prob_error_reduction,random,0.08661852753721178,4
single_shape,plain2_w16_gap,random_fullrank,7036,centered_logit_fidelity,random,0.0038920582132566765,4
single_shape,plain2_w16_gap,random_fullrank,7036,prob_error_reduction,random,0.08906457340344787,4
single_shape,plain2_w16_gap,random_fullrank,7037,centered_logit_fidelity,random,0.023564281357154507,4
single_shape,plain2_w16_gap,random_fullrank,7037,prob_error_reduction,random,0.11645070509985089,4
single_shape,plain2_w16_gap,random_fullrank,7038,centered_logit_fidelity,random,0.015121899032879886,4
single_shape,plain2_w16_gap,random_fullrank,7038,prob_error_reduction,random,0.08265421725809574,4
single_shape,plain2_w16_gap,random_fullrank,7039,centered_logit_fidelity,random,0.0031450188540170666,4
single_shape,plain2_w16_gap,random_fullrank,7039,prob_error_reduction,random,0.07424458488821983,4
single_shape,plain2_w16_gap,random_fullrank,7040,centered_logit_fidelity,random,-0.004910307685638554,4
single_shape,plain2_w16_gap,random_fullrank,7040,prob_error_reduction,random,0.11481843329966068,4
single_shape,plain2_w16_gap,random_fullrank,7041,centered_logit_fidelity,random,0.003513356809064158,4
single_shape,plain2_w16_gap,random_fullrank,7041,prob_error_reduction,random,0.09403897123411298,4
single_shape,plain2_w16_gap,random_fullrank,7042,centered_logit_fidelity,random,0.028223216432264542,4
single_shape,plain2_w16_gap,random_fullrank,7042,prob_error_reduction,random,0.07611055998131633,4
single_shape,plain2_w16_gap,random_fullrank,7043,centered_logit_fidelity,random,-0.011230428691498694,4
single_shape,plain2_w16_gap,random_fullrank,7043,prob_error_reduction,random,0.10918258829042315,4
single_shape,plain2_w16_gap,random_fullrank,7044,centered_logit_fidelity,random,0.015937947497145975,4
single_shape,plain2_w16_gap,random_fullrank,7044,prob_error_reduction,random,0.09430378628894687,4
single_shape,plain2_w16_gap,random_fullrank,7045,centered_logit_fidelity,random,-0.006621207430246223,4
single_shape,plain2_w16_gap,random_fullrank,7045,prob_error_reduction,random,0.08215626701712608,4
single_shape,plain2_w16_gap,random_fullrank,7046,centered_logit_fidelity,random,-0.0124212571121118,4
single_shape,plain2_w16_gap,random_fullrank,7046,prob_error_reduction,random,0.0561944218352437,4
single_shape,plain2_w16_gap,random_fullrank,7047,centered_logit_fidelity,random,-0.0009192984764235176,4
single_shape,plain2_w16_gap,random_fullrank,7047,prob_error_reduction,random,0.10321287112310529,4
single_shape,plain2_w16_gap,random_fullrank,7048,centered_logit_fidelity,random,-0.002855879555048792,4
single_shape,plain2_w16_gap,random_fullrank,7048,prob_error_reduction,random,0.11839952226728201,4
single_shape,plain2_w16_gap,random_fullrank,7049,centered_logit_fidelity,random,0.007706216209295154,4
single_shape,plain2_w16_gap,random_fullrank,7049,prob_error_reduction,random,0.12005141610279679,4
single_shape,plain2_w16_gap,random_fullrank,7050,centered_logit_fidelity,random,0.019824881256662874,4
single_shape,plain2_w16_gap,random_fullrank,7050,prob_error_reduction,random,0.09272477962076664,4
single_shape,plain2_w16_gap,random_fullrank,7051,centered_logit_fidelity,random,0.003836480597734367,4
single_shape,plain2_w16_gap,random_fullrank,7051,prob_error_reduction,random,0.10304133594036102,4
single_shape,plain2_w16_gap,random_fullrank,7052,centered_logit_fidelity,random,-0.004575995222926272,4
single_shape,plain2_w16_gap,random_fullrank,7052,prob_error_reduction,random,0.12954525649547577,4
single_shape,plain2_w16_gap,random_fullrank,7053,centered_logit_fidelity,random,0.005717021621912049,4
single_shape,plain2_w16_gap,random_fullrank,7053,prob_error_reduction,random,0.11816332140006125,4
single_shape,plain2_w16_gap,random_fullrank,7054,centered_logit_fidelity,random,0.019363877140239585,4
single_shape,plain2_w16_gap,random_fullrank,7054,prob_error_reduction,random,0.10115348314866424,4
single_shape,plain2_w16_gap,random_fullrank,7055,centered_logit_fidelity,random,-0.0011665055078677825,4
single_shape,plain2_w16_gap,random_fullrank,7055,prob_error_reduction,random,0.09493425255641341,4
single_shape,plain2_w16_gap,random_fullrank,7056,centered_logit_fidelity,random,0.020506961090353843,4
single_shape,plain2_w16_gap,random_fullrank,7056,prob_error_reduction,random,0.09276333218440413,4
single_shape,plain2_w16_gap,random_fullrank,7057,centered_logit_fidelity,random,-0.011781902771242433,4
single_shape,plain2_w16_gap,random_fullrank,7057,prob_error_reduction,random,0.08822974003851414,4
single_shape,plain2_w16_gap,random_fullrank,7058,centered_logit_fidelity,random,0.0015882307553526896,4
single_shape,plain2_w16_gap,random_fullrank,7058,prob_error_reduction,random,0.09962634043768048,4
single_shape,plain2_w16_gap,random_fullrank,7059,centered_logit_fidelity,random,0.0021977247505394672,4
single_shape,plain2_w16_gap,random_fullrank,7059,prob_error_reduction,random,0.07518586004152894,4
single_shape,plain2_w16_gap,random_fullrank,7060,centered_logit_fidelity,random,-0.009497912973865392,4
single_shape,plain2_w16_gap,random_fullrank,7060,prob_error_reduction,random,0.06253494136035442,4
single_shape,plain2_w16_gap,random_fullrank,7061,centered_logit_fidelity,random,0.003429854579179702,4
single_shape,plain2_w16_gap,random_fullrank,7061,prob_error_reduction,random,0.10857828753069043,4
single_shape,plain2_w16_gap,random_fullrank,7062,centered_logit_fidelity,random,0.020831590472286117,4
single_shape,plain2_w16_gap,random_fullrank,7062,prob_error_reduction,random,0.06778968032449484,4
single_shape,plain2_w16_gap,random_fullrank,7063,centered_logit_fidelity,random,-0.005610733782349648,4
single_shape,plain2_w16_gap,random_fullrank,7063,prob_error_reduction,random,0.08624034142121673,4
single_shape,plain2_w16_gap,random_fullrank,7064,centered_logit_fidelity,random,-0.02645366710351578,4
single_shape,plain2_w16_gap,random_fullrank,7064,prob_error_reduction,random,0.10317444382235408,4
single_shape,plain2_w16_gap,random_fullrank,7065,centered_logit_fidelity,random,0.008646738548884106,4
single_shape,plain2_w16_gap,random_fullrank,7065,prob_error_reduction,random,0.1004478270187974,4
single_shape,plain2_w16_gap,random_fullrank,7066,centered_logit_fidelity,random,-0.00275033767894229,4
single_shape,plain2_w16_gap,random_fullrank,7066,prob_error_reduction,random,0.09266847651451826,4
single_shape,plain2_w16_gap,random_fullrank,7067,centered_logit_fidelity,random,0.0047372164537508865,4
single_shape,plain2_w16_gap,random_fullrank,7067,prob_error_reduction,random,0.10904761776328087,4
single_shape,plain2_w16_gap,random_fullrank,7068,centered_logit_fidelity,random,-0.003026077812976072,4
single_shape,plain2_w16_gap,random_fullrank,7068,prob_error_reduction,random,0.071916279848665,4
single_shape,plain2_w16_gap,random_fullrank,7069,centered_logit_fidelity,random,0.011840109843620737,4
single_shape,plain2_w16_gap,random_fullrank,7069,prob_error_reduction,random,0.05924556450918317,4
single_shape,plain2_w16_gap,random_fullrank,7070,centered_logit_fidelity,random,0.009397199069310086,4
single_shape,plain2_w16_gap,random_fullrank,7070,prob_error_reduction,random,0.10379510093480349,4
single_shape,plain2_w16_gap,random_fullrank,7071,centered_logit_fidelity,random,-0.005826016799515287,4
single_shape,plain2_w16_gap,random_fullrank,7071,prob_error_reduction,random,0.09881898714229465,4
single_shape,plain2_w16_gap,random_fullrank,7072,centered_logit_fidelity,random,0.0033281402208688114,4
single_shape,plain2_w16_gap,random_fullrank,7072,prob_error_reduction,random,0.10847940994426608,4
single_shape,plain2_w16_gap,random_fullrank,7073,centered_logit_fidelity,random,0.001946647104303114,4
single_shape,plain2_w16_gap,random_fullrank,7073,prob_error_reduction,random,0.09962030686438084,4
single_shape,plain2_w16_gap,random_fullrank,7074,centered_logit_fidelity,random,0.009129030573683746,4
single_shape,plain2_w16_gap,random_fullrank,7074,prob_error_reduction,random,0.08566236542537808,4
single_shape,plain2_w16_gap,random_fullrank,7075,centered_logit_fidelity,random,-0.00129705967353814,4
single_shape,plain2_w16_gap,random_fullrank,7075,prob_error_reduction,random,0.08222757885232568,4
single_shape,plain2_w16_gap,random_fullrank,7076,centered_logit_fidelity,random,-0.005369719089717281,4
single_shape,plain2_w16_gap,random_fullrank,7076,prob_error_reduction,random,0.1127329166047275,4
single_shape,plain2_w16_gap,random_fullrank,7077,centered_logit_fidelity,random,-0.0021546882460310047,4
single_shape,plain2_w16_gap,random_fullrank,7077,prob_error_reduction,random,0.07949032401666045,4
single_shape,plain2_w16_gap,random_fullrank,7078,centered_logit_fidelity,random,-0.018641156176108235,4
single_shape,plain2_w16_gap,random_fullrank,7078,prob_error_reduction,random,0.11997135728597641,4
single_shape,plain2_w16_gap,random_fullrank,7079,centered_logit_fidelity,random,0.00765190657999767,4
single_shape,plain2_w16_gap,random_fullrank,7079,prob_error_reduction,random,0.09454358741641045,4
single_shape,plain2_w16_gap,random_fullrank,7080,centered_logit_fidelity,random,0.011935565013225196,4
single_shape,plain2_w16_gap,random_fullrank,7080,prob_error_reduction,random,0.09575439197942615,4
single_shape,plain2_w16_gap,random_fullrank,7081,centered_logit_fidelity,random,0.003949793122793862,4
single_shape,plain2_w16_gap,random_fullrank,7081,prob_error_reduction,random,0.05685428762808442,4
single_shape,plain2_w16_gap,random_fullrank,7082,centered_logit_fidelity,random,-0.0023117562910556656,4
single_shape,plain2_w16_gap,random_fullrank,7082,prob_error_reduction,random,0.09305328177288175,4
single_shape,plain2_w16_gap,random_fullrank,7083,centered_logit_fidelity,random,0.0045986244529702906,4
single_shape,plain2_w16_gap,random_fullrank,7083,prob_error_reduction,random,0.07762831868603826,4
single_shape,plain2_w16_gap,random_fullrank,7084,centered_logit_fidelity,random,0.003222323176181976,4
single_shape,plain2_w16_gap,random_fullrank,7084,prob_error_reduction,random,0.10547797195613384,4
single_shape,plain2_w16_gap,random_fullrank,7085,centered_logit_fidelity,random,0.008995998220390988,4
single_shape,plain2_w16_gap,random_fullrank,7085,prob_error_reduction,random,0.08664001361466944,4
single_shape,plain2_w16_gap,random_fullrank,7086,centered_logit_fidelity,random,-0.002852878146705288,4
single_shape,plain2_w16_gap,random_fullrank,7086,prob_error_reduction,random,0.0534264980815351,4
single_shape,plain2_w16_gap,random_fullrank,7087,centered_logit_fidelity,random,0.014174019486252768,4
single_shape,plain2_w16_gap,random_fullrank,7087,prob_error_reduction,random,0.10518347937613726,4
single_shape,plain2_w16_gap,random_fullrank,7088,centered_logit_fidelity,random,-0.01648401251037892,4
single_shape,plain2_w16_gap,random_fullrank,7088,prob_error_reduction,random,0.0870635244064033,4
single_shape,plain2_w16_gap,random_fullrank,7089,centered_logit_fidelity,random,-0.005799250073724706,4
single_shape,plain2_w16_gap,random_fullrank,7089,prob_error_reduction,random,0.0986397247761488,4
single_shape,plain2_w16_gap,random_fullrank,7090,centered_logit_fidelity,random,-0.008133987871637818,4
single_shape,plain2_w16_gap,random_fullrank,7090,prob_error_reduction,random,0.09798437030985951,4
single_shape,plain2_w16_gap,random_fullrank,7091,centered_logit_fidelity,random,-0.0038811815249618666,4
single_shape,plain2_w16_gap,random_fullrank,7091,prob_error_reduction,random,0.08942404203116894,4
single_shape,plain2_w16_gap,random_fullrank,7092,centered_logit_fidelity,random,0.011399671712953663,4
single_shape,plain2_w16_gap,random_fullrank,7092,prob_error_reduction,random,0.1017465703189373,4
single_shape,plain2_w16_gap,random_fullrank,7093,centered_logit_fidelity,random,-0.0014511367187044592,4
single_shape,plain2_w16_gap,random_fullrank,7093,prob_error_reduction,random,0.10057231970131397,4
single_shape,plain2_w16_gap,random_fullrank,7094,centered_logit_fidelity,random,-0.03996566109180245,4
single_shape,plain2_w16_gap,random_fullrank,7094,prob_error_reduction,random,0.10546329990029335,4
single_shape,plain2_w16_gap,random_fullrank,7095,centered_logit_fidelity,random,-0.001979599922008468,4
single_shape,plain2_w16_gap,random_fullrank,7095,prob_error_reduction,random,0.09197029424831271,4
single_shape,plain2_w16_gap,random_fullrank,7096,centered_logit_fidelity,random,0.01443594004085942,4
single_shape,plain2_w16_gap,random_fullrank,7096,prob_error_reduction,random,0.09317165426909924,4
single_shape,plain2_w16_gap,random_fullrank,7097,centered_logit_fidelity,random,-0.005515445933928678,4
single_shape,plain2_w16_gap,random_fullrank,7097,prob_error_reduction,random,0.08640831150114536,4
single_shape,plain2_w16_gap,random_fullrank,7098,centered_logit_fidelity,random,0.006780705845133815,4
single_shape,plain2_w16_gap,random_fullrank,7098,prob_error_reduction,random,0.07055574608966708,4
single_shape,plain2_w16_gap,random_fullrank,7099,centered_logit_fidelity,random,0.008044011334182425,4
single_shape,plain2_w16_gap,random_fullrank,7099,prob_error_reduction,random,0.08076250413432717,4
single_shape,plain2_w16_gap,random_rank10,7000,centered_logit_fidelity,random,-0.006180448612979223,4
single_shape,plain2_w16_gap,random_rank10,7000,prob_error_reduction,random,0.09169677319005132,4
single_shape,plain2_w16_gap,random_rank10,7001,centered_logit_fidelity,random,-0.005070183987909493,4
single_shape,plain2_w16_gap,random_rank10,7001,prob_error_reduction,random,0.09899544389918447,4
single_shape,plain2_w16_gap,random_rank10,7002,centered_logit_fidelity,random,0.012371851121976555,4
single_shape,plain2_w16_gap,random_rank10,7002,prob_error_reduction,random,0.07303575589321554,4
single_shape,plain2_w16_gap,random_rank10,7003,centered_logit_fidelity,random,-0.01102431246912254,4
single_shape,plain2_w16_gap,random_rank10,7003,prob_error_reduction,random,0.0629499014467001,4
single_shape,plain2_w16_gap,random_rank10,7004,centered_logit_fidelity,random,0.01698678452651786,4
single_shape,plain2_w16_gap,random_rank10,7004,prob_error_reduction,random,0.09693372249603271,4
single_shape,plain2_w16_gap,random_rank10,7005,centered_logit_fidelity,random,0.0009113762974887942,4
single_shape,plain2_w16_gap,random_rank10,7005,prob_error_reduction,random,0.09573144349269569,4
single_shape,plain2_w16_gap,random_rank10,7006,centered_logit_fidelity,random,-0.0023934469916562107,4
single_shape,plain2_w16_gap,random_rank10,7006,prob_error_reduction,random,0.08277546055614948,4
single_shape,plain2_w16_gap,random_rank10,7007,centered_logit_fidelity,random,0.010482941044036763,4
single_shape,plain2_w16_gap,random_rank10,7007,prob_error_reduction,random,0.09720196668058634,4
single_shape,plain2_w16_gap,random_rank10,7008,centered_logit_fidelity,random,0.0017103234426462024,4
single_shape,plain2_w16_gap,random_rank10,7008,prob_error_reduction,random,0.060804206412285566,4
single_shape,plain2_w16_gap,random_rank10,7009,centered_logit_fidelity,random,0.007564934177332875,4
single_shape,plain2_w16_gap,random_rank10,7009,prob_error_reduction,random,0.08314931206405163,4
single_shape,plain2_w16_gap,random_rank10,7010,centered_logit_fidelity,random,-0.009247901903832787,4
single_shape,plain2_w16_gap,random_rank10,7010,prob_error_reduction,random,0.09684332879260182,4
single_shape,plain2_w16_gap,random_rank10,7011,centered_logit_fidelity,random,-0.0052816375634223665,4
single_shape,plain2_w16_gap,random_rank10,7011,prob_error_reduction,random,0.11508964607492089,4
single_shape,plain2_w16_gap,random_rank10,7012,centered_logit_fidelity,random,-0.0010338820088938334,4
single_shape,plain2_w16_gap,random_rank10,7012,prob_error_reduction,random,0.06716631539165974,4
single_shape,plain2_w16_gap,random_rank10,7013,centered_logit_fidelity,random,-0.004299047751838543,4
single_shape,plain2_w16_gap,random_rank10,7013,prob_error_reduction,random,0.13014013832435012,4
single_shape,plain2_w16_gap,random_rank10,7014,centered_logit_fidelity,random,0.0028796902831443733,4
single_shape,plain2_w16_gap,random_rank10,7014,prob_error_reduction,random,0.07538353279232979,4
single_shape,plain2_w16_gap,random_rank10,7015,centered_logit_fidelity,random,0.001660379496155365,4
single_shape,plain2_w16_gap,random_rank10,7015,prob_error_reduction,random,0.11159560922533274,4
single_shape,plain2_w16_gap,random_rank10,7016,centered_logit_fidelity,random,0.007238052845375669,4
single_shape,plain2_w16_gap,random_rank10,7016,prob_error_reduction,random,0.1082569626159966,4
single_shape,plain2_w16_gap,random_rank10,7017,centered_logit_fidelity,random,0.006291535175044867,4
single_shape,plain2_w16_gap,random_rank10,7017,prob_error_reduction,random,0.11126981768757105,4
single_shape,plain2_w16_gap,random_rank10,7018,centered_logit_fidelity,random,-0.022733657212643792,4
single_shape,plain2_w16_gap,random_rank10,7018,prob_error_reduction,random,0.09996147081255913,4
single_shape,plain2_w16_gap,random_rank10,7019,centered_logit_fidelity,random,-0.002084644504754825,4
single_shape,plain2_w16_gap,random_rank10,7019,prob_error_reduction,random,0.1110541196539998,4
single_shape,plain2_w16_gap,random_rank10,7020,centered_logit_fidelity,random,-0.0012167260129225393,4
single_shape,plain2_w16_gap,random_rank10,7020,prob_error_reduction,random,0.08360262308269739,4
single_shape,plain2_w16_gap,random_rank10,7021,centered_logit_fidelity,random,-0.001906663403350918,4
single_shape,plain2_w16_gap,random_rank10,7021,prob_error_reduction,random,0.08886740356683731,4
single_shape,plain2_w16_gap,random_rank10,7022,centered_logit_fidelity,random,-0.008316307774986164,4
single_shape,plain2_w16_gap,random_rank10,7022,prob_error_reduction,random,0.08587525133043528,4
single_shape,plain2_w16_gap,random_rank10,7023,centered_logit_fidelity,random,-0.003942957479597905,4
single_shape,plain2_w16_gap,random_rank10,7023,prob_error_reduction,random,0.09705985430628061,4
single_shape,plain2_w16_gap,random_rank10,7024,centered_logit_fidelity,random,-0.00523297545488079,4
single_shape,plain2_w16_gap,random_rank10,7024,prob_error_reduction,random,0.0900874207727611,4
single_shape,plain2_w16_gap,random_rank10,7025,centered_logit_fidelity,random,-0.011236776288322113,4
single_shape,plain2_w16_gap,random_rank10,7025,prob_error_reduction,random,0.07740538893267512,4
single_shape,plain2_w16_gap,random_rank10,7026,centered_logit_fidelity,random,0.0026513007326879594,4
single_shape,plain2_w16_gap,random_rank10,7026,prob_error_reduction,random,0.11481578787788749,4
single_shape,plain2_w16_gap,random_rank10,7027,centered_logit_fidelity,random,0.0050118218104855256,4
single_shape,plain2_w16_gap,random_rank10,7027,prob_error_reduction,random,0.1280678235925734,4
single_shape,plain2_w16_gap,random_rank10,7028,centered_logit_fidelity,random,0.01039607089210143,4
single_shape,plain2_w16_gap,random_rank10,7028,prob_error_reduction,random,0.10239059012383223,4
single_shape,plain2_w16_gap,random_rank10,7029,centered_logit_fidelity,random,0.013011521971549268,4
single_shape,plain2_w16_gap,random_rank10,7029,prob_error_reduction,random,0.0863178325816989,4
single_shape,plain2_w16_gap,random_rank10,7030,centered_logit_fidelity,random,0.0020325106235958897,4
single_shape,plain2_w16_gap,random_rank10,7030,prob_error_reduction,random,0.08903376152738929,4
single_shape,plain2_w16_gap,random_rank10,7031,centered_logit_fidelity,random,0.007712512774746737,4
single_shape,plain2_w16_gap,random_rank10,7031,prob_error_reduction,random,0.06454514106735587,4
single_shape,plain2_w16_gap,random_rank10,7032,centered_logit_fidelity,random,-0.0006702618969771732,4
single_shape,plain2_w16_gap,random_rank10,7032,prob_error_reduction,random,0.1035223938524723,4
single_shape,plain2_w16_gap,random_rank10,7033,centered_logit_fidelity,random,-0.005394706134796081,4
single_shape,plain2_w16_gap,random_rank10,7033,prob_error_reduction,random,0.09279364859685302,4
single_shape,plain2_w16_gap,random_rank10,7034,centered_logit_fidelity,random,-0.009095220439029003,4
single_shape,plain2_w16_gap,random_rank10,7034,prob_error_reduction,random,0.08178609050810337,4
single_shape,plain2_w16_gap,random_rank10,7035,centered_logit_fidelity,random,-0.013508130800849028,4
single_shape,plain2_w16_gap,random_rank10,7035,prob_error_reduction,random,0.06883308291435242,4
single_shape,plain2_w16_gap,random_rank10,7036,centered_logit_fidelity,random,0.013447440093504744,4
single_shape,plain2_w16_gap,random_rank10,7036,prob_error_reduction,random,0.10114021343179047,4
single_shape,plain2_w16_gap,random_rank10,7037,centered_logit_fidelity,random,0.0007325457452364865,4
single_shape,plain2_w16_gap,random_rank10,7037,prob_error_reduction,random,0.08935985108837485,4
single_shape,plain2_w16_gap,random_rank10,7038,centered_logit_fidelity,random,-0.010042077396622027,4
single_shape,plain2_w16_gap,random_rank10,7038,prob_error_reduction,random,0.05841343943029642,4
single_shape,plain2_w16_gap,random_rank10,7039,centered_logit_fidelity,random,0.008737345682532505,4
single_shape,plain2_w16_gap,random_rank10,7039,prob_error_reduction,random,0.07460872130468488,4
single_shape,plain2_w16_gap,random_rank10,7040,centered_logit_fidelity,random,-0.008157428246386917,4
single_shape,plain2_w16_gap,random_rank10,7040,prob_error_reduction,random,0.11404002737253904,4
single_shape,plain2_w16_gap,random_rank10,7041,centered_logit_fidelity,random,-0.00017332418573484318,4
single_shape,plain2_w16_gap,random_rank10,7041,prob_error_reduction,random,0.09338428173214197,4
single_shape,plain2_w16_gap,random_rank10,7042,centered_logit_fidelity,random,-0.0057377249074995855,4
single_shape,plain2_w16_gap,random_rank10,7042,prob_error_reduction,random,0.0777189414948225,4
single_shape,plain2_w16_gap,random_rank10,7043,centered_logit_fidelity,random,-0.0026787214923069437,4
single_shape,plain2_w16_gap,random_rank10,7043,prob_error_reduction,random,0.12547429301775992,4
single_shape,plain2_w16_gap,random_rank10,7044,centered_logit_fidelity,random,-0.01614071492740537,4
single_shape,plain2_w16_gap,random_rank10,7044,prob_error_reduction,random,0.08694626297801733,4
single_shape,plain2_w16_gap,random_rank10,7045,centered_logit_fidelity,random,0.004872620689202542,4
single_shape,plain2_w16_gap,random_rank10,7045,prob_error_reduction,random,0.0896174143999815,4
single_shape,plain2_w16_gap,random_rank10,7046,centered_logit_fidelity,random,-0.0005694836881780171,4
single_shape,plain2_w16_gap,random_rank10,7046,prob_error_reduction,random,0.07246767496690154,4
single_shape,plain2_w16_gap,random_rank10,7047,centered_logit_fidelity,random,-0.013201269865815709,4
single_shape,plain2_w16_gap,random_rank10,7047,prob_error_reduction,random,0.12235335726290941,4
single_shape,plain2_w16_gap,random_rank10,7048,centered_logit_fidelity,random,0.016229304449269698,4
single_shape,plain2_w16_gap,random_rank10,7048,prob_error_reduction,random,0.08904808573424816,4
single_shape,plain2_w16_gap,random_rank10,7049,centered_logit_fidelity,random,0.0017164110759098124,4
single_shape,plain2_w16_gap,random_rank10,7049,prob_error_reduction,random,0.07019831659272313,4
single_shape,plain2_w16_gap,random_rank10,7050,centered_logit_fidelity,random,0.00866256414487578,4
single_shape,plain2_w16_gap,random_rank10,7050,prob_error_reduction,random,0.09197721304371953,4
single_shape,plain2_w16_gap,random_rank10,7051,centered_logit_fidelity,random,0.00916958217663141,4
single_shape,plain2_w16_gap,random_rank10,7051,prob_error_reduction,random,0.07386255078017712,4
single_shape,plain2_w16_gap,random_rank10,7052,centered_logit_fidelity,random,0.01975887904575107,4
single_shape,plain2_w16_gap,random_rank10,7052,prob_error_reduction,random,0.07705677673220634,4
single_shape,plain2_w16_gap,random_rank10,7053,centered_logit_fidelity,random,0.006883638446150933,4
single_shape,plain2_w16_gap,random_rank10,7053,prob_error_reduction,random,0.09373421687632799,4
single_shape,plain2_w16_gap,random_rank10,7054,centered_logit_fidelity,random,-0.003888422394362016,4
single_shape,plain2_w16_gap,random_rank10,7054,prob_error_reduction,random,0.1030855136923492,4
single_shape,plain2_w16_gap,random_rank10,7055,centered_logit_fidelity,random,0.0032469909888240694,4
single_shape,plain2_w16_gap,random_rank10,7055,prob_error_reduction,random,0.1092621423304081,4
single_shape,plain2_w16_gap,random_rank10,7056,centered_logit_fidelity,random,0.004915181022795367,4
single_shape,plain2_w16_gap,random_rank10,7056,prob_error_reduction,random,0.11240571737289429,4
single_shape,plain2_w16_gap,random_rank10,7057,centered_logit_fidelity,random,-0.0023177532755294366,4
single_shape,plain2_w16_gap,random_rank10,7057,prob_error_reduction,random,0.10131375212222338,4
single_shape,plain2_w16_gap,random_rank10,7058,centered_logit_fidelity,random,0.017384256975278668,4
single_shape,plain2_w16_gap,random_rank10,7058,prob_error_reduction,random,0.09867956629022956,4
single_shape,plain2_w16_gap,random_rank10,7059,centered_logit_fidelity,random,0.009198477945863148,4
single_shape,plain2_w16_gap,random_rank10,7059,prob_error_reduction,random,0.06482655089348555,4
single_shape,plain2_w16_gap,random_rank10,7060,centered_logit_fidelity,random,-0.01547992035684901,4
single_shape,plain2_w16_gap,random_rank10,7060,prob_error_reduction,random,0.035628499928861856,4
single_shape,plain2_w16_gap,random_rank10,7061,centered_logit_fidelity,random,0.0033847830862316925,4
single_shape,plain2_w16_gap,random_rank10,7061,prob_error_reduction,random,0.07160985190421343,4
single_shape,plain2_w16_gap,random_rank10,7062,centered_logit_fidelity,random,0.010552766450461961,4
single_shape,plain2_w16_gap,random_rank10,7062,prob_error_reduction,random,0.08880964992567897,4
single_shape,plain2_w16_gap,random_rank10,7063,centered_logit_fidelity,random,0.009502317845471345,4
single_shape,plain2_w16_gap,random_rank10,7063,prob_error_reduction,random,0.06744328420609236,4
single_shape,plain2_w16_gap,random_rank10,7064,centered_logit_fidelity,random,0.0048129392434734155,4
single_shape,plain2_w16_gap,random_rank10,7064,prob_error_reduction,random,0.1098183742724359,4
single_shape,plain2_w16_gap,random_rank10,7065,centered_logit_fidelity,random,0.012302909210157238,4
single_shape,plain2_w16_gap,random_rank10,7065,prob_error_reduction,random,0.09249480371363461,4
single_shape,plain2_w16_gap,random_rank10,7066,centered_logit_fidelity,random,0.0063345622643044604,4
single_shape,plain2_w16_gap,random_rank10,7066,prob_error_reduction,random,0.12315961625427008,4
single_shape,plain2_w16_gap,random_rank10,7067,centered_logit_fidelity,random,0.0005262991507130523,4
single_shape,plain2_w16_gap,random_rank10,7067,prob_error_reduction,random,0.07412217184901237,4
single_shape,plain2_w16_gap,random_rank10,7068,centered_logit_fidelity,random,-0.003676117968003118,4
single_shape,plain2_w16_gap,random_rank10,7068,prob_error_reduction,random,0.08529800409451127,4
single_shape,plain2_w16_gap,random_rank10,7069,centered_logit_fidelity,random,0.0027927644858199638,4
single_shape,plain2_w16_gap,random_rank10,7069,prob_error_reduction,random,0.089435582049191,4
single_shape,plain2_w16_gap,random_rank10,7070,centered_logit_fidelity,random,0.00280324448336983,4
single_shape,plain2_w16_gap,random_rank10,7070,prob_error_reduction,random,0.11738100764341652,4
single_shape,plain2_w16_gap,random_rank10,7071,centered_logit_fidelity,random,0.005047405049017621,4
single_shape,plain2_w16_gap,random_rank10,7071,prob_error_reduction,random,0.10426538856700063,4
single_shape,plain2_w16_gap,random_rank10,7072,centered_logit_fidelity,random,0.007551485625578386,4
single_shape,plain2_w16_gap,random_rank10,7072,prob_error_reduction,random,0.09792873961851001,4
single_shape,plain2_w16_gap,random_rank10,7073,centered_logit_fidelity,random,0.01461662032081434,4
single_shape,plain2_w16_gap,random_rank10,7073,prob_error_reduction,random,0.0805695615708828,4
single_shape,plain2_w16_gap,random_rank10,7074,centered_logit_fidelity,random,-0.02285338584841371,4
single_shape,plain2_w16_gap,random_rank10,7074,prob_error_reduction,random,0.06751350779086351,4
single_shape,plain2_w16_gap,random_rank10,7075,centered_logit_fidelity,random,0.02452385136578252,4
single_shape,plain2_w16_gap,random_rank10,7075,prob_error_reduction,random,0.09608749859035015,4
single_shape,plain2_w16_gap,random_rank10,7076,centered_logit_fidelity,random,-0.01225647545147123,4
single_shape,plain2_w16_gap,random_rank10,7076,prob_error_reduction,random,0.09328833408653736,4
single_shape,plain2_w16_gap,random_rank10,7077,centered_logit_fidelity,random,-0.0092969730919398,4
single_shape,plain2_w16_gap,random_rank10,7077,prob_error_reduction,random,0.09525184612721205,4
single_shape,plain2_w16_gap,random_rank10,7078,centered_logit_fidelity,random,-0.015662138553356075,4
single_shape,plain2_w16_gap,random_rank10,7078,prob_error_reduction,random,0.10384473856538534,4
single_shape,plain2_w16_gap,random_rank10,7079,centered_logit_fidelity,random,-0.007672830828236048,4
single_shape,plain2_w16_gap,random_rank10,7079,prob_error_reduction,random,0.12474881112575531,4
single_shape,plain2_w16_gap,random_rank10,7080,centered_logit_fidelity,random,0.004986266455071152,4
single_shape,plain2_w16_gap,random_rank10,7080,prob_error_reduction,random,0.04296663822606206,4
single_shape,plain2_w16_gap,random_rank10,7081,centered_logit_fidelity,random,0.01791877055526548,4
single_shape,plain2_w16_gap,random_rank10,7081,prob_error_reduction,random,0.08510749833658338,4
single_shape,plain2_w16_gap,random_rank10,7082,centered_logit_fidelity,random,-0.0010753974070796118,4
single_shape,plain2_w16_gap,random_rank10,7082,prob_error_reduction,random,0.09912217827513814,4
single_shape,plain2_w16_gap,random_rank10,7083,centered_logit_fidelity,random,-0.003489908177099937,4
single_shape,plain2_w16_gap,random_rank10,7083,prob_error_reduction,random,0.10579630639404058,4
single_shape,plain2_w16_gap,random_rank10,7084,centered_logit_fidelity,random,0.006355923251444937,4
single_shape,plain2_w16_gap,random_rank10,7084,prob_error_reduction,random,0.059795849956572056,4
single_shape,plain2_w16_gap,random_rank10,7085,centered_logit_fidelity,random,0.0025375849736246243,4
single_shape,plain2_w16_gap,random_rank10,7085,prob_error_reduction,random,0.09973175311461091,4
single_shape,plain2_w16_gap,random_rank10,7086,centered_logit_fidelity,random,-0.00930824583736652,4
single_shape,plain2_w16_gap,random_rank10,7086,prob_error_reduction,random,0.10562099236994982,4
single_shape,plain2_w16_gap,random_rank10,7087,centered_logit_fidelity,random,0.002785527224289314,4
single_shape,plain2_w16_gap,random_rank10,7087,prob_error_reduction,random,0.10652725957334042,4
single_shape,plain2_w16_gap,random_rank10,7088,centered_logit_fidelity,random,0.0009378733212558662,4
single_shape,plain2_w16_gap,random_rank10,7088,prob_error_reduction,random,0.09019786538556218,4
single_shape,plain2_w16_gap,random_rank10,7089,centered_logit_fidelity,random,0.020124307194337922,4
single_shape,plain2_w16_gap,random_rank10,7089,prob_error_reduction,random,0.11916087055578828,4
single_shape,plain2_w16_gap,random_rank10,7090,centered_logit_fidelity,random,0.009306948273940567,4
single_shape,plain2_w16_gap,random_rank10,7090,prob_error_reduction,random,0.1251285308972001,4
single_shape,plain2_w16_gap,random_rank10,7091,centered_logit_fidelity,random,-0.026879707207536234,4
single_shape,plain2_w16_gap,random_rank10,7091,prob_error_reduction,random,0.07902252580970526,4
single_shape,plain2_w16_gap,random_rank10,7092,centered_logit_fidelity,random,0.019311627938017925,4
single_shape,plain2_w16_gap,random_rank10,7092,prob_error_reduction,random,0.10531444568186998,4
single_shape,plain2_w16_gap,random_rank10,7093,centered_logit_fidelity,random,-0.0017776968222123976,4
single_shape,plain2_w16_gap,random_rank10,7093,prob_error_reduction,random,0.10175072122365236,4
single_shape,plain2_w16_gap,random_rank10,7094,centered_logit_fidelity,random,-0.0035529543517946825,4
single_shape,plain2_w16_gap,random_rank10,7094,prob_error_reduction,random,0.11260000616312027,4
single_shape,plain2_w16_gap,random_rank10,7095,centered_logit_fidelity,random,-0.005136870106376123,4
single_shape,plain2_w16_gap,random_rank10,7095,prob_error_reduction,random,0.12044888758100569,4
single_shape,plain2_w16_gap,random_rank10,7096,centered_logit_fidelity,random,-0.0004574178441073117,4
single_shape,plain2_w16_gap,random_rank10,7096,prob_error_reduction,random,0.0893515762872994,4
single_shape,plain2_w16_gap,random_rank10,7097,centered_logit_fidelity,random,-0.003925183001191665,4
single_shape,plain2_w16_gap,random_rank10,7097,prob_error_reduction,random,0.08170505799353123,4
single_shape,plain2_w16_gap,random_rank10,7098,centered_logit_fidelity,random,-0.006360590317883807,4
single_shape,plain2_w16_gap,random_rank10,7098,prob_error_reduction,random,0.08098572958260775,4
single_shape,plain2_w16_gap,random_rank10,7099,centered_logit_fidelity,random,0.0025741162962204574,4
single_shape,plain2_w16_gap,random_rank10,7099,prob_error_reduction,random,0.08511806931346655,4
single_shape,plain2_w16_gap,structured_template,7000,centered_logit_fidelity,random,-0.013661420916938092,4
single_shape,plain2_w16_gap,structured_template,7000,prob_error_reduction,random,0.13835754850879312,4
single_shape,plain2_w16_gap,structured_template,7001,centered_logit_fidelity,random,-0.009579318421068576,4
single_shape,plain2_w16_gap,structured_template,7001,prob_error_reduction,random,0.14068730548024178,4
single_shape,plain2_w16_gap,structured_template,7002,centered_logit_fidelity,random,0.026841910259263583,4
single_shape,plain2_w16_gap,structured_template,7002,prob_error_reduction,random,0.13891285052523017,4
single_shape,plain2_w16_gap,structured_template,7003,centered_logit_fidelity,random,-0.004262851815051181,4
single_shape,plain2_w16_gap,structured_template,7003,prob_error_reduction,random,0.12054792186245322,4
single_shape,plain2_w16_gap,structured_template,7004,centered_logit_fidelity,random,-0.03822429834797902,4
single_shape,plain2_w16_gap,structured_template,7004,prob_error_reduction,random,0.12423919746652246,4
single_shape,plain2_w16_gap,structured_template,7005,centered_logit_fidelity,random,-0.004790659253843543,4
single_shape,plain2_w16_gap,structured_template,7005,prob_error_reduction,random,0.12252177344635129,4
single_shape,plain2_w16_gap,structured_template,7006,centered_logit_fidelity,random,0.0331446591749278,4
single_shape,plain2_w16_gap,structured_template,7006,prob_error_reduction,random,0.1306085465475917,4
single_shape,plain2_w16_gap,structured_template,7007,centered_logit_fidelity,random,-0.00383820232128468,4
single_shape,plain2_w16_gap,structured_template,7007,prob_error_reduction,random,0.14356764312833548,4
single_shape,plain2_w16_gap,structured_template,7008,centered_logit_fidelity,random,0.033264495558586,4
single_shape,plain2_w16_gap,structured_template,7008,prob_error_reduction,random,0.12247538706287742,4
single_shape,plain2_w16_gap,structured_template,7009,centered_logit_fidelity,random,-0.009393121807715885,4
single_shape,plain2_w16_gap,structured_template,7009,prob_error_reduction,random,0.1450369036756456,4
single_shape,plain2_w16_gap,structured_template,7010,centered_logit_fidelity,random,0.037692958260866834,4
single_shape,plain2_w16_gap,structured_template,7010,prob_error_reduction,random,0.12997897248715162,4
single_shape,plain2_w16_gap,structured_template,7011,centered_logit_fidelity,random,0.023057089583450284,4
single_shape,plain2_w16_gap,structured_template,7011,prob_error_reduction,random,0.12248608702793717,4
single_shape,plain2_w16_gap,structured_template,7012,centered_logit_fidelity,random,-0.0006493726070726236,4
single_shape,plain2_w16_gap,structured_template,7012,prob_error_reduction,random,0.15094670047983527,4
single_shape,plain2_w16_gap,structured_template,7013,centered_logit_fidelity,random,-0.04497630861436594,4
single_shape,plain2_w16_gap,structured_template,7013,prob_error_reduction,random,0.15717417281121016,4
single_shape,plain2_w16_gap,structured_template,7014,centered_logit_fidelity,random,-0.015484734430071048,4
single_shape,plain2_w16_gap,structured_template,7014,prob_error_reduction,random,0.13381796050816774,4
single_shape,plain2_w16_gap,structured_template,7015,centered_logit_fidelity,random,0.008758471493102883,4
single_shape,plain2_w16_gap,structured_template,7015,prob_error_reduction,random,0.1243507880717516,4
single_shape,plain2_w16_gap,structured_template,7016,centered_logit_fidelity,random,-0.047984332060103024,4
single_shape,plain2_w16_gap,structured_template,7016,prob_error_reduction,random,0.11769971810281277,4
single_shape,plain2_w16_gap,structured_template,7017,centered_logit_fidelity,random,0.012593402190725522,4
single_shape,plain2_w16_gap,structured_template,7017,prob_error_reduction,random,0.1835354370996356,4
single_shape,plain2_w16_gap,structured_template,7018,centered_logit_fidelity,random,0.028361125721340925,4
single_shape,plain2_w16_gap,structured_template,7018,prob_error_reduction,random,0.18306473875418305,4
single_shape,plain2_w16_gap,structured_template,7019,centered_logit_fidelity,random,-0.008736074753088248,4
single_shape,plain2_w16_gap,structured_template,7019,prob_error_reduction,random,0.15578364813700318,4
single_shape,plain2_w16_gap,structured_template,7020,centered_logit_fidelity,random,-0.006148432605541213,4
single_shape,plain2_w16_gap,structured_template,7020,prob_error_reduction,random,0.15267311735078692,4
single_shape,plain2_w16_gap,structured_template,7021,centered_logit_fidelity,random,-0.03125889396029998,4
single_shape,plain2_w16_gap,structured_template,7021,prob_error_reduction,random,0.1656819572672248,4
single_shape,plain2_w16_gap,structured_template,7022,centered_logit_fidelity,random,0.023979655391263247,4
single_shape,plain2_w16_gap,structured_template,7022,prob_error_reduction,random,0.14386441884562373,4
single_shape,plain2_w16_gap,structured_template,7023,centered_logit_fidelity,random,-0.04165538328866955,4
single_shape,plain2_w16_gap,structured_template,7023,prob_error_reduction,random,0.12117141322232783,4
single_shape,plain2_w16_gap,structured_template,7024,centered_logit_fidelity,random,0.003915605839022318,4
single_shape,plain2_w16_gap,structured_template,7024,prob_error_reduction,random,0.13314561219885945,4
single_shape,plain2_w16_gap,structured_template,7025,centered_logit_fidelity,random,-0.03942010021696434,4
single_shape,plain2_w16_gap,structured_template,7025,prob_error_reduction,random,0.1021285061724484,4
single_shape,plain2_w16_gap,structured_template,7026,centered_logit_fidelity,random,0.020793737712443562,4
single_shape,plain2_w16_gap,structured_template,7026,prob_error_reduction,random,0.14754755375906825,4
single_shape,plain2_w16_gap,structured_template,7027,centered_logit_fidelity,random,0.01974893841476001,4
single_shape,plain2_w16_gap,structured_template,7027,prob_error_reduction,random,0.19553500157780945,4
single_shape,plain2_w16_gap,structured_template,7028,centered_logit_fidelity,random,-0.03374199489494278,4
single_shape,plain2_w16_gap,structured_template,7028,prob_error_reduction,random,0.1358621814288199,4
single_shape,plain2_w16_gap,structured_template,7029,centered_logit_fidelity,random,0.027057797558055947,4
single_shape,plain2_w16_gap,structured_template,7029,prob_error_reduction,random,0.09692314127460122,4
single_shape,plain2_w16_gap,structured_template,7030,centered_logit_fidelity,random,-0.04058446297916078,4
single_shape,plain2_w16_gap,structured_template,7030,prob_error_reduction,random,0.14215634670108557,4
single_shape,plain2_w16_gap,structured_template,7031,centered_logit_fidelity,random,-0.035129898089506915,4
single_shape,plain2_w16_gap,structured_template,7031,prob_error_reduction,random,0.11276697600260377,4
single_shape,plain2_w16_gap,structured_template,7032,centered_logit_fidelity,random,-0.010248952864476288,4
single_shape,plain2_w16_gap,structured_template,7032,prob_error_reduction,random,0.15262060146778822,4
single_shape,plain2_w16_gap,structured_template,7033,centered_logit_fidelity,random,0.013874351059455456,4
single_shape,plain2_w16_gap,structured_template,7033,prob_error_reduction,random,0.11333926091901958,4
single_shape,plain2_w16_gap,structured_template,7034,centered_logit_fidelity,random,-0.05585003481297367,4
single_shape,plain2_w16_gap,structured_template,7034,prob_error_reduction,random,0.1271201935596764,4
single_shape,plain2_w16_gap,structured_template,7035,centered_logit_fidelity,random,0.021330484426285164,4
single_shape,plain2_w16_gap,structured_template,7035,prob_error_reduction,random,0.12180273467674851,4
single_shape,plain2_w16_gap,structured_template,7036,centered_logit_fidelity,random,0.011707886976076436,4
single_shape,plain2_w16_gap,structured_template,7036,prob_error_reduction,random,0.143202462233603,4
single_shape,plain2_w16_gap,structured_template,7037,centered_logit_fidelity,random,0.014305872390790304,4
single_shape,plain2_w16_gap,structured_template,7037,prob_error_reduction,random,0.15004708478227258,4
single_shape,plain2_w16_gap,structured_template,7038,centered_logit_fidelity,random,-0.003050311008037279,4
single_shape,plain2_w16_gap,structured_template,7038,prob_error_reduction,random,0.15603146282956004,4
single_shape,plain2_w16_gap,structured_template,7039,centered_logit_fidelity,random,0.028340838099429992,4
single_shape,plain2_w16_gap,structured_template,7039,prob_error_reduction,random,0.12345334189012647,4
single_shape,plain2_w16_gap,structured_template,7040,centered_logit_fidelity,random,0.01716027595672289,4
single_shape,plain2_w16_gap,structured_template,7040,prob_error_reduction,random,0.15366108040325344,4
single_shape,plain2_w16_gap,structured_template,7041,centered_logit_fidelity,random,0.01435467815149666,4
single_shape,plain2_w16_gap,structured_template,7041,prob_error_reduction,random,0.11499745887704194,4
single_shape,plain2_w16_gap,structured_template,7042,centered_logit_fidelity,random,-0.006944520576518088,4
single_shape,plain2_w16_gap,structured_template,7042,prob_error_reduction,random,0.11460426542907953,4
single_shape,plain2_w16_gap,structured_template,7043,centered_logit_fidelity,random,0.0026450605170244765,4
single_shape,plain2_w16_gap,structured_template,7043,prob_error_reduction,random,0.13319845870137215,4
single_shape,plain2_w16_gap,structured_template,7044,centered_logit_fidelity,random,-0.01858169125358678,4
single_shape,plain2_w16_gap,structured_template,7044,prob_error_reduction,random,0.12167638493701816,4
single_shape,plain2_w16_gap,structured_template,7045,centered_logit_fidelity,random,0.0022673786948912734,4
single_shape,plain2_w16_gap,structured_template,7045,prob_error_reduction,random,0.1586632418911904,4
single_shape,plain2_w16_gap,structured_template,7046,centered_logit_fidelity,random,0.005519824899201926,4
single_shape,plain2_w16_gap,structured_template,7046,prob_error_reduction,random,0.1568064191378653,4
single_shape,plain2_w16_gap,structured_template,7047,centered_logit_fidelity,random,-0.03845671136394149,4
single_shape,plain2_w16_gap,structured_template,7047,prob_error_reduction,random,0.13624558690935373,4
single_shape,plain2_w16_gap,structured_template,7048,centered_logit_fidelity,random,0.018750955643757346,4
single_shape,plain2_w16_gap,structured_template,7048,prob_error_reduction,random,0.15791212255135179,4
single_shape,plain2_w16_gap,structured_template,7049,centered_logit_fidelity,random,0.008748948569473933,4
single_shape,plain2_w16_gap,structured_template,7049,prob_error_reduction,random,0.13881663884967566,4
single_shape,plain2_w16_gap,structured_template,7050,centered_logit_fidelity,random,0.03313606162188553,4
single_shape,plain2_w16_gap,structured_template,7050,prob_error_reduction,random,0.11062361253425479,4
single_shape,plain2_w16_gap,structured_template,7051,centered_logit_fidelity,random,0.012953558926184477,4
single_shape,plain2_w16_gap,structured_template,7051,prob_error_reduction,random,0.14693491673097014,4
single_shape,plain2_w16_gap,structured_template,7052,centered_logit_fidelity,random,0.017468908702169196,4
single_shape,plain2_w16_gap,structured_template,7052,prob_error_reduction,random,0.14862640434876084,4
single_shape,plain2_w16_gap,structured_template,7053,centered_logit_fidelity,random,-0.009410640478454593,4
single_shape,plain2_w16_gap,structured_template,7053,prob_error_reduction,random,0.15791853331029415,4
single_shape,plain2_w16_gap,structured_template,7054,centered_logit_fidelity,random,-0.016769426527428306,4
single_shape,plain2_w16_gap,structured_template,7054,prob_error_reduction,random,0.1093835614155978,4
single_shape,plain2_w16_gap,structured_template,7055,centered_logit_fidelity,random,-0.02899884257710968,4
single_shape,plain2_w16_gap,structured_template,7055,prob_error_reduction,random,0.13234172575175762,4
single_shape,plain2_w16_gap,structured_template,7056,centered_logit_fidelity,random,0.032733514495714884,4
single_shape,plain2_w16_gap,structured_template,7056,prob_error_reduction,random,0.18289916310459375,4
single_shape,plain2_w16_gap,structured_template,7057,centered_logit_fidelity,random,0.003463754367286605,4
single_shape,plain2_w16_gap,structured_template,7057,prob_error_reduction,random,0.12474951602052897,4
single_shape,plain2_w16_gap,structured_template,7058,centered_logit_fidelity,random,0.0211649719984781,4
single_shape,plain2_w16_gap,structured_template,7058,prob_error_reduction,random,0.12704416317865252,4
single_shape,plain2_w16_gap,structured_template,7059,centered_logit_fidelity,random,0.07950768340381224,4
single_shape,plain2_w16_gap,structured_template,7059,prob_error_reduction,random,0.15954703651368618,4
single_shape,plain2_w16_gap,structured_template,7060,centered_logit_fidelity,random,0.001158368647313588,4
single_shape,plain2_w16_gap,structured_template,7060,prob_error_reduction,random,0.1344338811468333,4
single_shape,plain2_w16_gap,structured_template,7061,centered_logit_fidelity,random,0.03544869183881957,4
single_shape,plain2_w16_gap,structured_template,7061,prob_error_reduction,random,0.17443249840289354,4
single_shape,plain2_w16_gap,structured_template,7062,centered_logit_fidelity,random,-0.005891811481982607,4
single_shape,plain2_w16_gap,structured_template,7062,prob_error_reduction,random,0.1735700834542513,4
single_shape,plain2_w16_gap,structured_template,7063,centered_logit_fidelity,random,0.054748297044317544,4
single_shape,plain2_w16_gap,structured_template,7063,prob_error_reduction,random,0.15268859709613025,4
single_shape,plain2_w16_gap,structured_template,7064,centered_logit_fidelity,random,-0.03034320151260094,4
single_shape,plain2_w16_gap,structured_template,7064,prob_error_reduction,random,0.12495257565751672,4
single_shape,plain2_w16_gap,structured_template,7065,centered_logit_fidelity,random,-0.017714482769048155,4
single_shape,plain2_w16_gap,structured_template,7065,prob_error_reduction,random,0.1458056503906846,4
single_shape,plain2_w16_gap,structured_template,7066,centered_logit_fidelity,random,0.004079734861996635,4
single_shape,plain2_w16_gap,structured_template,7066,prob_error_reduction,random,0.1137524414807558,4
single_shape,plain2_w16_gap,structured_template,7067,centered_logit_fidelity,random,-0.019675714878976486,4
single_shape,plain2_w16_gap,structured_template,7067,prob_error_reduction,random,0.10086835501715541,4
single_shape,plain2_w16_gap,structured_template,7068,centered_logit_fidelity,random,0.004791428469521693,4
single_shape,plain2_w16_gap,structured_template,7068,prob_error_reduction,random,0.12962550367228687,4
single_shape,plain2_w16_gap,structured_template,7069,centered_logit_fidelity,random,-0.02033173205015509,4
single_shape,plain2_w16_gap,structured_template,7069,prob_error_reduction,random,0.12495923275128007,4
single_shape,plain2_w16_gap,structured_template,7070,centered_logit_fidelity,random,0.021543199073128582,4
single_shape,plain2_w16_gap,structured_template,7070,prob_error_reduction,random,0.11971376603469253,4
single_shape,plain2_w16_gap,structured_template,7071,centered_logit_fidelity,random,0.02428418865748391,4
single_shape,plain2_w16_gap,structured_template,7071,prob_error_reduction,random,0.1633243397809565,4
single_shape,plain2_w16_gap,structured_template,7072,centered_logit_fidelity,random,0.0426942371817365,4
single_shape,plain2_w16_gap,structured_template,7072,prob_error_reduction,random,0.16990220500156283,4
single_shape,plain2_w16_gap,structured_template,7073,centered_logit_fidelity,random,0.009425300956908437,4
single_shape,plain2_w16_gap,structured_template,7073,prob_error_reduction,random,0.14418835192918777,4
single_shape,plain2_w16_gap,structured_template,7074,centered_logit_fidelity,random,0.007573978797512348,4
single_shape,plain2_w16_gap,structured_template,7074,prob_error_reduction,random,0.13352697668597102,4
single_shape,plain2_w16_gap,structured_template,7075,centered_logit_fidelity,random,-0.021437929500623117,4
single_shape,plain2_w16_gap,structured_template,7075,prob_error_reduction,random,0.15608654031530023,4
single_shape,plain2_w16_gap,structured_template,7076,centered_logit_fidelity,random,-0.0280548030614152,4
single_shape,plain2_w16_gap,structured_template,7076,prob_error_reduction,random,0.15349268983118236,4
single_shape,plain2_w16_gap,structured_template,7077,centered_logit_fidelity,random,-0.0013938828847963741,4
single_shape,plain2_w16_gap,structured_template,7077,prob_error_reduction,random,0.1399643076583743,4
single_shape,plain2_w16_gap,structured_template,7078,centered_logit_fidelity,random,-0.025730992898150465,4
single_shape,plain2_w16_gap,structured_template,7078,prob_error_reduction,random,0.15367026650346816,4
single_shape,plain2_w16_gap,structured_template,7079,centered_logit_fidelity,random,-0.026389233133281897,4
single_shape,plain2_w16_gap,structured_template,7079,prob_error_reduction,random,0.12095561111345887,4
single_shape,plain2_w16_gap,structured_template,7080,centered_logit_fidelity,random,0.007866232403475469,4
single_shape,plain2_w16_gap,structured_template,7080,prob_error_reduction,random,0.12660542828962207,4
single_shape,plain2_w16_gap,structured_template,7081,centered_logit_fidelity,random,0.039994808169646866,4
single_shape,plain2_w16_gap,structured_template,7081,prob_error_reduction,random,0.1876680445857346,4
single_shape,plain2_w16_gap,structured_template,7082,centered_logit_fidelity,random,-0.008262659032764524,4
single_shape,plain2_w16_gap,structured_template,7082,prob_error_reduction,random,0.16609876416623592,4
single_shape,plain2_w16_gap,structured_template,7083,centered_logit_fidelity,random,0.03715653581002942,4
single_shape,plain2_w16_gap,structured_template,7083,prob_error_reduction,random,0.13874130509793758,4
single_shape,plain2_w16_gap,structured_template,7084,centered_logit_fidelity,random,0.018218922099020558,4
single_shape,plain2_w16_gap,structured_template,7084,prob_error_reduction,random,0.1095134480856359,4
single_shape,plain2_w16_gap,structured_template,7085,centered_logit_fidelity,random,0.007744566356272858,4
single_shape,plain2_w16_gap,structured_template,7085,prob_error_reduction,random,0.13593476521782577,4
single_shape,plain2_w16_gap,structured_template,7086,centered_logit_fidelity,random,0.004758028600163991,4
single_shape,plain2_w16_gap,structured_template,7086,prob_error_reduction,random,0.1260926485992968,4
single_shape,plain2_w16_gap,structured_template,7087,centered_logit_fidelity,random,0.011712540620849282,4
single_shape,plain2_w16_gap,structured_template,7087,prob_error_reduction,random,0.15311716962605715,4
single_shape,plain2_w16_gap,structured_template,7088,centered_logit_fidelity,random,0.020016542043419815,4
single_shape,plain2_w16_gap,structured_template,7088,prob_error_reduction,random,0.1520843980833888,4
single_shape,plain2_w16_gap,structured_template,7089,centered_logit_fidelity,random,0.007387065836645142,4
single_shape,plain2_w16_gap,structured_template,7089,prob_error_reduction,random,0.09798607928678393,4
single_shape,plain2_w16_gap,structured_template,7090,centered_logit_fidelity,random,-0.01104426633552532,4
single_shape,plain2_w16_gap,structured_template,7090,prob_error_reduction,random,0.16259572911076248,4
single_shape,plain2_w16_gap,structured_template,7091,centered_logit_fidelity,random,0.0189570074811437,4
single_shape,plain2_w16_gap,structured_template,7091,prob_error_reduction,random,0.1429625740274787,4
single_shape,plain2_w16_gap,structured_template,7092,centered_logit_fidelity,random,0.02220694830900883,4
single_shape,plain2_w16_gap,structured_template,7092,prob_error_reduction,random,0.12151269055902958,4
single_shape,plain2_w16_gap,structured_template,7093,centered_logit_fidelity,random,-0.020360116595192643,4
single_shape,plain2_w16_gap,structured_template,7093,prob_error_reduction,random,0.183774993987754,4
single_shape,plain2_w16_gap,structured_template,7094,centered_logit_fidelity,random,0.002638527763796285,4
single_shape,plain2_w16_gap,structured_template,7094,prob_error_reduction,random,0.1527757467702031,4
single_shape,plain2_w16_gap,structured_template,7095,centered_logit_fidelity,random,0.00910119528291536,4
single_shape,plain2_w16_gap,structured_template,7095,prob_error_reduction,random,0.09691106947138906,4
single_shape,plain2_w16_gap,structured_template,7096,centered_logit_fidelity,random,-0.03299339826615415,4
single_shape,plain2_w16_gap,structured_template,7096,prob_error_reduction,random,0.14264429220929742,4
single_shape,plain2_w16_gap,structured_template,7097,centered_logit_fidelity,random,0.0052939616431531625,4
single_shape,plain2_w16_gap,structured_template,7097,prob_error_reduction,random,0.15968153811991215,4
single_shape,plain2_w16_gap,structured_template,7098,centered_logit_fidelity,random,0.013165504734392496,4
single_shape,plain2_w16_gap,structured_template,7098,prob_error_reduction,random,0.11182919284328818,4
single_shape,plain2_w16_gap,structured_template,7099,centered_logit_fidelity,random,0.03342786447361221,4
single_shape,plain2_w16_gap,structured_template,7099,prob_error_reduction,random,0.13868675706908107,4
single_shape,plain2_w16_gmp,pixel_permuted_template,7000,centered_logit_fidelity,random,-0.0010382012271011407,4
single_shape,plain2_w16_gmp,pixel_permuted_template,7000,prob_error_reduction,random,-0.07549739442765713,4
single_shape,plain2_w16_gmp,pixel_permuted_template,7001,centered_logit_fidelity,random,0.000711813879909937,4
single_shape,plain2_w16_gmp,pixel_permuted_template,7001,prob_error_reduction,random,-0.07896552793681622,4
single_shape,plain2_w16_gmp,pixel_permuted_template,7002,centered_logit_fidelity,random,0.0038036057569613077,4
single_shape,plain2_w16_gmp,pixel_permuted_template,7002,prob_error_reduction,random,-0.06867177318781614,4
single_shape,plain2_w16_gmp,pixel_permuted_template,7003,centered_logit_fidelity,random,0.005098608514751253,4
single_shape,plain2_w16_gmp,pixel_permuted_template,7003,prob_error_reduction,random,-0.06861178297549486,4
single_shape,plain2_w16_gmp,pixel_permuted_template,7004,centered_logit_fidelity,random,0.004348750294010793,4
single_shape,plain2_w16_gmp,pixel_permuted_template,7004,prob_error_reduction,random,-0.06742027308791876,4
single_shape,plain2_w16_gmp,pixel_permuted_template,7005,centered_logit_fidelity,random,0.004935016538187519,4
single_shape,plain2_w16_gmp,pixel_permuted_template,7005,prob_error_reduction,random,-0.06353357061743736,4
single_shape,plain2_w16_gmp,pixel_permuted_template,7006,centered_logit_fidelity,random,0.005024441055154094,4
single_shape,plain2_w16_gmp,pixel_permuted_template,7006,prob_error_reduction,random,-0.07086703181266785,4
single_shape,plain2_w16_gmp,pixel_permuted_template,7007,centered_logit_fidelity,random,0.009693768328015436,4
single_shape,plain2_w16_gmp,pixel_permuted_template,7007,prob_error_reduction,random,-0.060712698847055435,4
single_shape,plain2_w16_gmp,pixel_permuted_template,7008,centered_logit_fidelity,random,-0.002841219547304456,4
single_shape,plain2_w16_gmp,pixel_permuted_template,7008,prob_error_reduction,random,-0.0787180420011282,4
single_shape,plain2_w16_gmp,pixel_permuted_template,7009,centered_logit_fidelity,random,0.005338810296573199,4
single_shape,plain2_w16_gmp,pixel_permuted_template,7009,prob_error_reduction,random,-0.055265309289097786,4
single_shape,plain2_w16_gmp,pixel_permuted_template,7010,centered_logit_fidelity,random,-0.0008501518551145369,4
single_shape,plain2_w16_gmp,pixel_permuted_template,7010,prob_error_reduction,random,-0.08366648107767105,4
single_shape,plain2_w16_gmp,pixel_permuted_template,7011,centered_logit_fidelity,random,0.0017886846812644828,4
single_shape,plain2_w16_gmp,pixel_permuted_template,7011,prob_error_reduction,random,-0.07667640224099159,4
single_shape,plain2_w16_gmp,pixel_permuted_template,7012,centered_logit_fidelity,random,0.002998535688422019,4
single_shape,plain2_w16_gmp,pixel_permuted_template,7012,prob_error_reduction,random,-0.09111636690795422,4
single_shape,plain2_w16_gmp,pixel_permuted_template,7013,centered_logit_fidelity,random,-0.0043908673772347934,4
single_shape,plain2_w16_gmp,pixel_permuted_template,7013,prob_error_reduction,random,-0.06817544531077147,4
single_shape,plain2_w16_gmp,pixel_permuted_template,7014,centered_logit_fidelity,random,0.005028775245683674,4
single_shape,plain2_w16_gmp,pixel_permuted_template,7014,prob_error_reduction,random,-0.058331290259957314,4
single_shape,plain2_w16_gmp,pixel_permuted_template,7015,centered_logit_fidelity,random,-0.0001512902434923271,4
single_shape,plain2_w16_gmp,pixel_permuted_template,7015,prob_error_reduction,random,-0.07409830670803785,4
single_shape,plain2_w16_gmp,pixel_permuted_template,7016,centered_logit_fidelity,random,0.007727283689281647,4
single_shape,plain2_w16_gmp,pixel_permuted_template,7016,prob_error_reduction,random,-0.06626095063984394,4
single_shape,plain2_w16_gmp,pixel_permuted_template,7017,centered_logit_fidelity,random,0.005871040475822495,4
single_shape,plain2_w16_gmp,pixel_permuted_template,7017,prob_error_reduction,random,-0.0582797983661294,4
single_shape,plain2_w16_gmp,pixel_permuted_template,7018,centered_logit_fidelity,random,0.0061119818188673375,4
single_shape,plain2_w16_gmp,pixel_permuted_template,7018,prob_error_reduction,random,-0.08144836314022541,4
single_shape,plain2_w16_gmp,pixel_permuted_template,7019,centered_logit_fidelity,random,-0.0008088782769480069,4
single_shape,plain2_w16_gmp,pixel_permuted_template,7019,prob_error_reduction,random,-0.08097996143624187,4
single_shape,plain2_w16_gmp,pixel_permuted_template,7020,centered_logit_fidelity,random,0.00662998375227246,4
single_shape,plain2_w16_gmp,pixel_permuted_template,7020,prob_error_reduction,random,-0.06318850815296173,4
single_shape,plain2_w16_gmp,pixel_permuted_template,7021,centered_logit_fidelity,random,0.005430839863256005,4
single_shape,plain2_w16_gmp,pixel_permuted_template,7021,prob_error_reduction,random,-0.058667861856520176,4
single_shape,plain2_w16_gmp,pixel_permuted_template,7022,centered_logit_fidelity,random,0.005911851533369124,4
single_shape,plain2_w16_gmp,pixel_permuted_template,7022,prob_error_reduction,random,-0.05902988649904728,4
single_shape,plain2_w16_gmp,pixel_permuted_template,7023,centered_logit_fidelity,random,0.0037118947563810414,4
single_shape,plain2_w16_gmp,pixel_permuted_template,7023,prob_error_reduction,random,-0.0631722854450345,4
single_shape,plain2_w16_gmp,pixel_permuted_template,7024,centered_logit_fidelity,random,-0.0024044896152052523,4
single_shape,plain2_w16_gmp,pixel_permuted_template,7024,prob_error_reduction,random,-0.06270725186914206,4
single_shape,plain2_w16_gmp,pixel_permuted_template,7025,centered_logit_fidelity,random,0.004124739328194306,4
single_shape,plain2_w16_gmp,pixel_permuted_template,7025,prob_error_reduction,random,-0.06671252474188805,4
single_shape,plain2_w16_gmp,pixel_permuted_template,7026,centered_logit_fidelity,random,0.0012203258315290223,4
single_shape,plain2_w16_gmp,pixel_permuted_template,7026,prob_error_reduction,random,-0.07869100663810968,4
single_shape,plain2_w16_gmp,pixel_permuted_template,7027,centered_logit_fidelity,random,-0.002629030717012747,4
single_shape,plain2_w16_gmp,pixel_permuted_template,7027,prob_error_reduction,random,-0.09023948386311531,4
single_shape,plain2_w16_gmp,pixel_permuted_template,7028,centered_logit_fidelity,random,-0.0032651000864234152,4
single_shape,plain2_w16_gmp,pixel_permuted_template,7028,prob_error_reduction,random,-0.05545608978718519,4
single_shape,plain2_w16_gmp,pixel_permuted_template,7029,centered_logit_fidelity,random,0.0006639748307892736,4
single_shape,plain2_w16_gmp,pixel_permuted_template,7029,prob_error_reduction,random,-0.06228731479495764,4
single_shape,plain2_w16_gmp,pixel_permuted_template,7030,centered_logit_fidelity,random,0.002756756622296127,4
single_shape,plain2_w16_gmp,pixel_permuted_template,7030,prob_error_reduction,random,-0.06317792506888509,4
single_shape,plain2_w16_gmp,pixel_permuted_template,7031,centered_logit_fidelity,random,-0.002884233981425153,4
single_shape,plain2_w16_gmp,pixel_permuted_template,7031,prob_error_reduction,random,-0.07192367687821388,4
single_shape,plain2_w16_gmp,pixel_permuted_template,7032,centered_logit_fidelity,random,0.003438389296874336,4
single_shape,plain2_w16_gmp,pixel_permuted_template,7032,prob_error_reduction,random,-0.062389698810875416,4
single_shape,plain2_w16_gmp,pixel_permuted_template,7033,centered_logit_fidelity,random,0.0038479931522436804,4
single_shape,plain2_w16_gmp,pixel_permuted_template,7033,prob_error_reduction,random,-0.07474963739514351,4
single_shape,plain2_w16_gmp,pixel_permuted_template,7034,centered_logit_fidelity,random,-0.0022422484960713356,4
single_shape,plain2_w16_gmp,pixel_permuted_template,7034,prob_error_reduction,random,-0.09093662537634373,4
single_shape,plain2_w16_gmp,pixel_permuted_template,7035,centered_logit_fidelity,random,-0.0042369157355950406,4
single_shape,plain2_w16_gmp,pixel_permuted_template,7035,prob_error_reduction,random,-0.0777364457026124,4
single_shape,plain2_w16_gmp,pixel_permuted_template,7036,centered_logit_fidelity,random,0.0012616539457900831,4
single_shape,plain2_w16_gmp,pixel_permuted_template,7036,prob_error_reduction,random,-0.07059810776263475,4
single_shape,plain2_w16_gmp,pixel_permuted_template,7037,centered_logit_fidelity,random,0.004978656588444499,4
single_shape,plain2_w16_gmp,pixel_permuted_template,7037,prob_error_reduction,random,-0.05973015073686838,4
single_shape,plain2_w16_gmp,pixel_permuted_template,7038,centered_logit_fidelity,random,0.006004587329713831,4
single_shape,plain2_w16_gmp,pixel_permuted_template,7038,prob_error_reduction,random,-0.06561862956732512,4
single_shape,plain2_w16_gmp,pixel_permuted_template,7039,centered_logit_fidelity,random,0.002460040610671132,4
single_shape,plain2_w16_gmp,pixel_permuted_template,7039,prob_error_reduction,random,-0.08085075579583645,4
single_shape,plain2_w16_gmp,pixel_permuted_template,7040,centered_logit_fidelity,random,0.0017448131668509267,4
single_shape,plain2_w16_gmp,pixel_permuted_template,7040,prob_error_reduction,random,-0.08199591469019651,4
single_shape,plain2_w16_gmp,pixel_permuted_template,7041,centered_logit_fidelity,random,0.019893176313560856,4
single_shape,plain2_w16_gmp,pixel_permuted_template,7041,prob_error_reduction,random,-0.05692890100181103,4
single_shape,plain2_w16_gmp,pixel_permuted_template,7042,centered_logit_fidelity,random,-0.0010851817553681926,4
single_shape,plain2_w16_gmp,pixel_permuted_template,7042,prob_error_reduction,random,-0.06348863942548633,4
single_shape,plain2_w16_gmp,pixel_permuted_template,7043,centered_logit_fidelity,random,0.0045081993545595545,4
single_shape,plain2_w16_gmp,pixel_permuted_template,7043,prob_error_reduction,random,-0.062121166847646236,4
single_shape,plain2_w16_gmp,pixel_permuted_template,7044,centered_logit_fidelity,random,0.004367272330099932,4
single_shape,plain2_w16_gmp,pixel_permuted_template,7044,prob_error_reduction,random,-0.06717316713184118,4
single_shape,plain2_w16_gmp,pixel_permuted_template,7045,centered_logit_fidelity,random,0.0003327945103773801,4
single_shape,plain2_w16_gmp,pixel_permuted_template,7045,prob_error_reduction,random,-0.06382959615439177,4
single_shape,plain2_w16_gmp,pixel_permuted_template,7046,centered_logit_fidelity,random,0.0052308309010851515,4
single_shape,plain2_w16_gmp,pixel_permuted_template,7046,prob_error_reduction,random,-0.056199622340500355,4
single_shape,plain2_w16_gmp,pixel_permuted_template,7047,centered_logit_fidelity,random,0.0027692282901413783,4
single_shape,plain2_w16_gmp,pixel_permuted_template,7047,prob_error_reduction,random,-0.07252742256969213,4
single_shape,plain2_w16_gmp,pixel_permuted_template,7048,centered_logit_fidelity,random,0.0028434289257857556,4
single_shape,plain2_w16_gmp,pixel_permuted_template,7048,prob_error_reduction,random,-0.06059067044407129,4
single_shape,plain2_w16_gmp,pixel_permuted_template,7049,centered_logit_fidelity,random,0.001402156599654418,4
single_shape,plain2_w16_gmp,pixel_permuted_template,7049,prob_error_reduction,random,-0.07773939613252878,4
single_shape,plain2_w16_gmp,pixel_permuted_template,7050,centered_logit_fidelity,random,-0.0005571260995960621,4
single_shape,plain2_w16_gmp,pixel_permuted_template,7050,prob_error_reduction,random,-0.06901139579713345,4
single_shape,plain2_w16_gmp,pixel_permuted_template,7051,centered_logit_fidelity,random,-0.0036000174107403866,4
single_shape,plain2_w16_gmp,pixel_permuted_template,7051,prob_error_reduction,random,-0.06996863428503275,4
single_shape,plain2_w16_gmp,pixel_permuted_template,7052,centered_logit_fidelity,random,0.0069347127602236575,4
single_shape,plain2_w16_gmp,pixel_permuted_template,7052,prob_error_reduction,random,-0.07727459818124771,4
single_shape,plain2_w16_gmp,pixel_permuted_template,7053,centered_logit_fidelity,random,0.0009927110468508395,4
single_shape,plain2_w16_gmp,pixel_permuted_template,7053,prob_error_reduction,random,-0.06479352805763483,4
single_shape,plain2_w16_gmp,pixel_permuted_template,7054,centered_logit_fidelity,random,0.0011836600653795642,4
single_shape,plain2_w16_gmp,pixel_permuted_template,7054,prob_error_reduction,random,-0.06548039615154266,4
single_shape,plain2_w16_gmp,pixel_permuted_template,7055,centered_logit_fidelity,random,0.0031161137306912473,4
single_shape,plain2_w16_gmp,pixel_permuted_template,7055,prob_error_reduction,random,-0.07142299320548773,4
single_shape,plain2_w16_gmp,pixel_permuted_template,7056,centered_logit_fidelity,random,1.3349260163735346e-05,4
single_shape,plain2_w16_gmp,pixel_permuted_template,7056,prob_error_reduction,random,-0.07449988229200244,4
single_shape,plain2_w16_gmp,pixel_permuted_template,7057,centered_logit_fidelity,random,0.0029682484181668637,4
single_shape,plain2_w16_gmp,pixel_permuted_template,7057,prob_error_reduction,random,-0.07516861893236637,4
single_shape,plain2_w16_gmp,pixel_permuted_template,7058,centered_logit_fidelity,random,0.003730306240323363,4
single_shape,plain2_w16_gmp,pixel_permuted_template,7058,prob_error_reduction,random,-0.06508701294660568,4
single_shape,plain2_w16_gmp,pixel_permuted_template,7059,centered_logit_fidelity,random,0.006433181103571179,4
single_shape,plain2_w16_gmp,pixel_permuted_template,7059,prob_error_reduction,random,-0.07523262873291969,4
single_shape,plain2_w16_gmp,pixel_permuted_template,7060,centered_logit_fidelity,random,0.001746985455229515,4
single_shape,plain2_w16_gmp,pixel_permuted_template,7060,prob_error_reduction,random,-0.06735502742230892,4
single_shape,plain2_w16_gmp,pixel_permuted_template,7061,centered_logit_fidelity,random,-6.225715959397998e-05,4
single_shape,plain2_w16_gmp,pixel_permuted_template,7061,prob_error_reduction,random,-0.07045913301408291,4
single_shape,plain2_w16_gmp,pixel_permuted_template,7062,centered_logit_fidelity,random,0.011089510607114552,4
single_shape,plain2_w16_gmp,pixel_permuted_template,7062,prob_error_reduction,random,-0.05666507501155138,4
single_shape,plain2_w16_gmp,pixel_permuted_template,7063,centered_logit_fidelity,random,-0.0035493625437771105,4
single_shape,plain2_w16_gmp,pixel_permuted_template,7063,prob_error_reduction,random,-0.09119395818561316,4
single_shape,plain2_w16_gmp,pixel_permuted_template,7064,centered_logit_fidelity,random,-0.0018003830843821098,4
single_shape,plain2_w16_gmp,pixel_permuted_template,7064,prob_error_reduction,random,-0.0679527735337615,4
single_shape,plain2_w16_gmp,pixel_permuted_template,7065,centered_logit_fidelity,random,-0.0007871167912364939,4
single_shape,plain2_w16_gmp,pixel_permuted_template,7065,prob_error_reduction,random,-0.07509431522339582,4
single_shape,plain2_w16_gmp,pixel_permuted_template,7066,centered_logit_fidelity,random,0.0013307186041806966,4
single_shape,plain2_w16_gmp,pixel_permuted_template,7066,prob_error_reduction,random,-0.054677680134773254,4
single_shape,plain2_w16_gmp,pixel_permuted_template,7067,centered_logit_fidelity,random,0.003604018981127619,4
single_shape,plain2_w16_gmp,pixel_permuted_template,7067,prob_error_reduction,random,-0.08087585866451263,4
single_shape,plain2_w16_gmp,pixel_permuted_template,7068,centered_logit_fidelity,random,0.001600867223317464,4
single_shape,plain2_w16_gmp,pixel_permuted_template,7068,prob_error_reduction,random,-0.08490651473402977,4
single_shape,plain2_w16_gmp,pixel_permuted_template,7069,centered_logit_fidelity,random,0.005145378699905714,4
single_shape,plain2_w16_gmp,pixel_permuted_template,7069,prob_error_reduction,random,-0.06141191441565752,4
single_shape,plain2_w16_gmp,pixel_permuted_template,7070,centered_logit_fidelity,random,0.004188340156815689,4
single_shape,plain2_w16_gmp,pixel_permuted_template,7070,prob_error_reduction,random,-0.07048528362065554,4
single_shape,plain2_w16_gmp,pixel_permuted_template,7071,centered_logit_fidelity,random,-0.0011848217746138826,4
single_shape,plain2_w16_gmp,pixel_permuted_template,7071,prob_error_reduction,random,-0.09031533543020487,4
single_shape,plain2_w16_gmp,pixel_permuted_template,7072,centered_logit_fidelity,random,0.009694909868109758,4
single_shape,plain2_w16_gmp,pixel_permuted_template,7072,prob_error_reduction,random,-0.061746273189783096,4
single_shape,plain2_w16_gmp,pixel_permuted_template,7073,centered_logit_fidelity,random,0.0011788151019662494,4
single_shape,plain2_w16_gmp,pixel_permuted_template,7073,prob_error_reduction,random,-0.06902653817087412,4
single_shape,plain2_w16_gmp,pixel_permuted_template,7074,centered_logit_fidelity,random,0.0013456027811351527,4
single_shape,plain2_w16_gmp,pixel_permuted_template,7074,prob_error_reduction,random,-0.07532522920519114,4
single_shape,plain2_w16_gmp,pixel_permuted_template,7075,centered_logit_fidelity,random,-0.005379205808350477,4
single_shape,plain2_w16_gmp,pixel_permuted_template,7075,prob_error_reduction,random,-0.08089990727603436,4
single_shape,plain2_w16_gmp,pixel_permuted_template,7076,centered_logit_fidelity,random,0.0016869681627824512,4
single_shape,plain2_w16_gmp,pixel_permuted_template,7076,prob_error_reduction,random,-0.057316483929753304,4
single_shape,plain2_w16_gmp,pixel_permuted_template,7077,centered_logit_fidelity,random,-0.007303353958898527,4
single_shape,plain2_w16_gmp,pixel_permuted_template,7077,prob_error_reduction,random,-0.07220819499343634,4
single_shape,plain2_w16_gmp,pixel_permuted_template,7078,centered_logit_fidelity,random,0.003093216773852407,4
single_shape,plain2_w16_gmp,pixel_permuted_template,7078,prob_error_reduction,random,-0.057197725400328636,4
single_shape,plain2_w16_gmp,pixel_permuted_template,7079,centered_logit_fidelity,random,0.005822713288695745,4
single_shape,plain2_w16_gmp,pixel_permuted_template,7079,prob_error_reduction,random,-0.0762513317167759,4
single_shape,plain2_w16_gmp,pixel_permuted_template,7080,centered_logit_fidelity,random,0.0007319983492448928,4
single_shape,plain2_w16_gmp,pixel_permuted_template,7080,prob_error_reduction,random,-0.06582581531256437,4
single_shape,plain2_w16_gmp,pixel_permuted_template,7081,centered_logit_fidelity,random,-0.002116279553730071,4
single_shape,plain2_w16_gmp,pixel_permuted_template,7081,prob_error_reduction,random,-0.06271105818450451,4
single_shape,plain2_w16_gmp,pixel_permuted_template,7082,centered_logit_fidelity,random,0.0031632767202514345,4
single_shape,plain2_w16_gmp,pixel_permuted_template,7082,prob_error_reduction,random,-0.06722328811883926,4
single_shape,plain2_w16_gmp,pixel_permuted_template,7083,centered_logit_fidelity,random,0.00961755817917954,4
single_shape,plain2_w16_gmp,pixel_permuted_template,7083,prob_error_reduction,random,-0.06446988880634308,4
single_shape,plain2_w16_gmp,pixel_permuted_template,7084,centered_logit_fidelity,random,-0.0039630639012158304,4
single_shape,plain2_w16_gmp,pixel_permuted_template,7084,prob_error_reduction,random,-0.05697216186672449,4
single_shape,plain2_w16_gmp,pixel_permuted_template,7085,centered_logit_fidelity,random,0.005289516411944495,4
single_shape,plain2_w16_gmp,pixel_permuted_template,7085,prob_error_reduction,random,-0.05099572706967592,4
single_shape,plain2_w16_gmp,pixel_permuted_template,7086,centered_logit_fidelity,random,0.0003024216946723012,4
single_shape,plain2_w16_gmp,pixel_permuted_template,7086,prob_error_reduction,random,-0.07689975202083588,4
single_shape,plain2_w16_gmp,pixel_permuted_template,7087,centered_logit_fidelity,random,-0.0010967219977943282,4
single_shape,plain2_w16_gmp,pixel_permuted_template,7087,prob_error_reduction,random,-0.05466187931597233,4
single_shape,plain2_w16_gmp,pixel_permuted_template,7088,centered_logit_fidelity,random,-0.0009563898545589776,4
single_shape,plain2_w16_gmp,pixel_permuted_template,7088,prob_error_reduction,random,-0.055026592686772346,4
single_shape,plain2_w16_gmp,pixel_permuted_template,7089,centered_logit_fidelity,random,0.006980577473596405,4
single_shape,plain2_w16_gmp,pixel_permuted_template,7089,prob_error_reduction,random,-0.07330258842557669,4
single_shape,plain2_w16_gmp,pixel_permuted_template,7090,centered_logit_fidelity,random,-0.0004792725927423528,4
single_shape,plain2_w16_gmp,pixel_permuted_template,7090,prob_error_reduction,random,-0.07047070655971766,4
single_shape,plain2_w16_gmp,pixel_permuted_template,7091,centered_logit_fidelity,random,0.010848265000502502,4
single_shape,plain2_w16_gmp,pixel_permuted_template,7091,prob_error_reduction,random,-0.06641129683703184,4
single_shape,plain2_w16_gmp,pixel_permuted_template,7092,centered_logit_fidelity,random,0.003199627496410366,4
single_shape,plain2_w16_gmp,pixel_permuted_template,7092,prob_error_reduction,random,-0.06657467875629663,4
single_shape,plain2_w16_gmp,pixel_permuted_template,7093,centered_logit_fidelity,random,0.0021505894989648187,4
single_shape,plain2_w16_gmp,pixel_permuted_template,7093,prob_error_reduction,random,-0.07302006054669619,4
single_shape,plain2_w16_gmp,pixel_permuted_template,7094,centered_logit_fidelity,random,0.0024934434655595663,4
single_shape,plain2_w16_gmp,pixel_permuted_template,7094,prob_error_reduction,random,-0.06627625739201903,4
single_shape,plain2_w16_gmp,pixel_permuted_template,7095,centered_logit_fidelity,random,0.00029328735530698667,4
single_shape,plain2_w16_gmp,pixel_permuted_template,7095,prob_error_reduction,random,-0.08183912374079227,4
single_shape,plain2_w16_gmp,pixel_permuted_template,7096,centered_logit_fidelity,random,0.005649941159550758,4
single_shape,plain2_w16_gmp,pixel_permuted_template,7096,prob_error_reduction,random,-0.07404269929975271,4
single_shape,plain2_w16_gmp,pixel_permuted_template,7097,centered_logit_fidelity,random,-0.004106929913545812,4
single_shape,plain2_w16_gmp,pixel_permuted_template,7097,prob_error_reduction,random,-0.07913398183882236,4
single_shape,plain2_w16_gmp,pixel_permuted_template,7098,centered_logit_fidelity,random,0.005512490643799002,4
single_shape,plain2_w16_gmp,pixel_permuted_template,7098,prob_error_reduction,random,-0.06877017952501774,4
single_shape,plain2_w16_gmp,pixel_permuted_template,7099,centered_logit_fidelity,random,0.0007913070623721558,4
single_shape,plain2_w16_gmp,pixel_permuted_template,7099,prob_error_reduction,random,-0.06702115386724472,4
single_shape,plain2_w16_gmp,random_fullrank,7000,centered_logit_fidelity,random,0.00033784832900573235,4
single_shape,plain2_w16_gmp,random_fullrank,7000,prob_error_reduction,random,-0.08674874436110258,4
single_shape,plain2_w16_gmp,random_fullrank,7001,centered_logit_fidelity,random,0.008490294832621335,4
single_shape,plain2_w16_gmp,random_fullrank,7001,prob_error_reduction,random,-0.07880624569952488,4
single_shape,plain2_w16_gmp,random_fullrank,7002,centered_logit_fidelity,random,0.009293591981460767,4
single_shape,plain2_w16_gmp,random_fullrank,7002,prob_error_reduction,random,-0.0777465533465147,4
single_shape,plain2_w16_gmp,random_fullrank,7003,centered_logit_fidelity,random,0.0009273018904686972,4
single_shape,plain2_w16_gmp,random_fullrank,7003,prob_error_reduction,random,-0.08839397598057985,4
single_shape,plain2_w16_gmp,random_fullrank,7004,centered_logit_fidelity,random,0.0010910901422861111,4
single_shape,plain2_w16_gmp,random_fullrank,7004,prob_error_reduction,random,-0.08657826762646437,4
single_shape,plain2_w16_gmp,random_fullrank,7005,centered_logit_fidelity,random,0.00580523716200314,4
single_shape,plain2_w16_gmp,random_fullrank,7005,prob_error_reduction,random,-0.08455320354551077,4
single_shape,plain2_w16_gmp,random_fullrank,7006,centered_logit_fidelity,random,0.010211469130089908,4
single_shape,plain2_w16_gmp,random_fullrank,7006,prob_error_reduction,random,-0.07343184761703014,4
single_shape,plain2_w16_gmp,random_fullrank,7007,centered_logit_fidelity,random,0.008770638508904484,4
single_shape,plain2_w16_gmp,random_fullrank,7007,prob_error_reduction,random,-0.08063848689198494,4
single_shape,plain2_w16_gmp,random_fullrank,7008,centered_logit_fidelity,random,0.00639222085726911,4
single_shape,plain2_w16_gmp,random_fullrank,7008,prob_error_reduction,random,-0.07530229166150093,4
single_shape,plain2_w16_gmp,random_fullrank,7009,centered_logit_fidelity,random,0.007562246855060118,4
single_shape,plain2_w16_gmp,random_fullrank,7009,prob_error_reduction,random,-0.05718006379902363,4
single_shape,plain2_w16_gmp,random_fullrank,7010,centered_logit_fidelity,random,0.0066686282180295,4
single_shape,plain2_w16_gmp,random_fullrank,7010,prob_error_reduction,random,-0.07871182262897491,4
single_shape,plain2_w16_gmp,random_fullrank,7011,centered_logit_fidelity,random,0.004011712513256662,4
single_shape,plain2_w16_gmp,random_fullrank,7011,prob_error_reduction,random,-0.06635969690978527,4
single_shape,plain2_w16_gmp,random_fullrank,7012,centered_logit_fidelity,random,0.00539056779278636,4
single_shape,plain2_w16_gmp,random_fullrank,7012,prob_error_reduction,random,-0.09452441800385714,4
single_shape,plain2_w16_gmp,random_fullrank,7013,centered_logit_fidelity,random,0.00439174776874578,4
single_shape,plain2_w16_gmp,random_fullrank,7013,prob_error_reduction,random,-0.08274053409695625,4
single_shape,plain2_w16_gmp,random_fullrank,7014,centered_logit_fidelity,random,0.003085324231942148,4
single_shape,plain2_w16_gmp,random_fullrank,7014,prob_error_reduction,random,-0.08023867756128311,4
single_shape,plain2_w16_gmp,random_fullrank,7015,centered_logit_fidelity,random,0.004648992850229716,4
single_shape,plain2_w16_gmp,random_fullrank,7015,prob_error_reduction,random,-0.08825862221419811,4
single_shape,plain2_w16_gmp,random_fullrank,7016,centered_logit_fidelity,random,0.005533669917951003,4
single_shape,plain2_w16_gmp,random_fullrank,7016,prob_error_reduction,random,-0.07952471543103456,4
single_shape,plain2_w16_gmp,random_fullrank,7017,centered_logit_fidelity,random,0.008189155793395296,4
single_shape,plain2_w16_gmp,random_fullrank,7017,prob_error_reduction,random,-0.08327065780758858,4
single_shape,plain2_w16_gmp,random_fullrank,7018,centered_logit_fidelity,random,0.006785185265308004,4
single_shape,plain2_w16_gmp,random_fullrank,7018,prob_error_reduction,random,-0.07465917710214853,4
single_shape,plain2_w16_gmp,random_fullrank,7019,centered_logit_fidelity,random,0.00684175658995808,4
single_shape,plain2_w16_gmp,random_fullrank,7019,prob_error_reduction,random,-0.08493584953248501,4
single_shape,plain2_w16_gmp,random_fullrank,7020,centered_logit_fidelity,random,-0.0023039175243149725,4
single_shape,plain2_w16_gmp,random_fullrank,7020,prob_error_reduction,random,-0.08796231914311647,4
single_shape,plain2_w16_gmp,random_fullrank,7021,centered_logit_fidelity,random,0.006182980928695727,4
single_shape,plain2_w16_gmp,random_fullrank,7021,prob_error_reduction,random,-0.07449574396014214,4
single_shape,plain2_w16_gmp,random_fullrank,7022,centered_logit_fidelity,random,0.012634983104903127,4
single_shape,plain2_w16_gmp,random_fullrank,7022,prob_error_reduction,random,-0.07192671671509743,4
single_shape,plain2_w16_gmp,random_fullrank,7023,centered_logit_fidelity,random,0.013689001791702104,4
single_shape,plain2_w16_gmp,random_fullrank,7023,prob_error_reduction,random,-0.07437770161777735,4
single_shape,plain2_w16_gmp,random_fullrank,7024,centered_logit_fidelity,random,0.010419616390304275,4
single_shape,plain2_w16_gmp,random_fullrank,7024,prob_error_reduction,random,-0.07620715163648129,4
single_shape,plain2_w16_gmp,random_fullrank,7025,centered_logit_fidelity,random,0.00038548183392112835,4
single_shape,plain2_w16_gmp,random_fullrank,7025,prob_error_reduction,random,-0.07890523504465818,4
single_shape,plain2_w16_gmp,random_fullrank,7026,centered_logit_fidelity,random,0.009380440970143272,4
single_shape,plain2_w16_gmp,random_fullrank,7026,prob_error_reduction,random,-0.08396482933312654,4
single_shape,plain2_w16_gmp,random_fullrank,7027,centered_logit_fidelity,random,0.001717055382247987,4
single_shape,plain2_w16_gmp,random_fullrank,7027,prob_error_reduction,random,-0.09641195926815271,4
single_shape,plain2_w16_gmp,random_fullrank,7028,centered_logit_fidelity,random,0.0028235679576884398,4
single_shape,plain2_w16_gmp,random_fullrank,7028,prob_error_reduction,random,-0.09990361891686916,4
single_shape,plain2_w16_gmp,random_fullrank,7029,centered_logit_fidelity,random,0.006463990766265826,4
single_shape,plain2_w16_gmp,random_fullrank,7029,prob_error_reduction,random,-0.08293698541820049,4
single_shape,plain2_w16_gmp,random_fullrank,7030,centered_logit_fidelity,random,0.00516996589793289,4
single_shape,plain2_w16_gmp,random_fullrank,7030,prob_error_reduction,random,-0.07310992944985628,4
single_shape,plain2_w16_gmp,random_fullrank,7031,centered_logit_fidelity,random,0.003618531514633143,4
single_shape,plain2_w16_gmp,random_fullrank,7031,prob_error_reduction,random,-0.09692831430584192,4
single_shape,plain2_w16_gmp,random_fullrank,7032,centered_logit_fidelity,random,0.009340637434101514,4
single_shape,plain2_w16_gmp,random_fullrank,7032,prob_error_reduction,random,-0.06864497857168317,4
single_shape,plain2_w16_gmp,random_fullrank,7033,centered_logit_fidelity,random,0.007785196908031049,4
single_shape,plain2_w16_gmp,random_fullrank,7033,prob_error_reduction,random,-0.0883393594995141,4
single_shape,plain2_w16_gmp,random_fullrank,7034,centered_logit_fidelity,random,0.010036481458273905,4
single_shape,plain2_w16_gmp,random_fullrank,7034,prob_error_reduction,random,-0.05418287171050906,4
single_shape,plain2_w16_gmp,random_fullrank,7035,centered_logit_fidelity,random,0.006156307202256763,4
single_shape,plain2_w16_gmp,random_fullrank,7035,prob_error_reduction,random,-0.0743471048772335,4
single_shape,plain2_w16_gmp,random_fullrank,7036,centered_logit_fidelity,random,-0.00022538896942775853,4
single_shape,plain2_w16_gmp,random_fullrank,7036,prob_error_reduction,random,-0.09353770967572927,4
single_shape,plain2_w16_gmp,random_fullrank,7037,centered_logit_fidelity,random,0.006992439315295801,4
single_shape,plain2_w16_gmp,random_fullrank,7037,prob_error_reduction,random,-0.07209379877895117,4
single_shape,plain2_w16_gmp,random_fullrank,7038,centered_logit_fidelity,random,0.004786846212282413,4
single_shape,plain2_w16_gmp,random_fullrank,7038,prob_error_reduction,random,-0.06838548183441162,4
single_shape,plain2_w16_gmp,random_fullrank,7039,centered_logit_fidelity,random,0.004108330811676024,4
single_shape,plain2_w16_gmp,random_fullrank,7039,prob_error_reduction,random,-0.0899542709812522,4
single_shape,plain2_w16_gmp,random_fullrank,7040,centered_logit_fidelity,random,0.006000311275856667,4
single_shape,plain2_w16_gmp,random_fullrank,7040,prob_error_reduction,random,-0.08006898825988173,4
single_shape,plain2_w16_gmp,random_fullrank,7041,centered_logit_fidelity,random,0.0027202594735374237,4
single_shape,plain2_w16_gmp,random_fullrank,7041,prob_error_reduction,random,-0.07674104534089565,4
single_shape,plain2_w16_gmp,random_fullrank,7042,centered_logit_fidelity,random,0.004882057533068347,4
single_shape,plain2_w16_gmp,random_fullrank,7042,prob_error_reduction,random,-0.07101139426231384,4
single_shape,plain2_w16_gmp,random_fullrank,7043,centered_logit_fidelity,random,0.012484194112502109,4
single_shape,plain2_w16_gmp,random_fullrank,7043,prob_error_reduction,random,-0.0675329752266407,4
single_shape,plain2_w16_gmp,random_fullrank,7044,centered_logit_fidelity,random,0.012379809946160775,4
single_shape,plain2_w16_gmp,random_fullrank,7044,prob_error_reduction,random,-0.07056320179253817,4
single_shape,plain2_w16_gmp,random_fullrank,7045,centered_logit_fidelity,random,0.009661305369466942,4
single_shape,plain2_w16_gmp,random_fullrank,7045,prob_error_reduction,random,-0.07707403041422367,4
single_shape,plain2_w16_gmp,random_fullrank,7046,centered_logit_fidelity,random,0.003612817072978086,4
single_shape,plain2_w16_gmp,random_fullrank,7046,prob_error_reduction,random,-0.07837499864399433,4
single_shape,plain2_w16_gmp,random_fullrank,7047,centered_logit_fidelity,random,0.006880527136656404,4
single_shape,plain2_w16_gmp,random_fullrank,7047,prob_error_reduction,random,-0.07484869565814734,4
single_shape,plain2_w16_gmp,random_fullrank,7048,centered_logit_fidelity,random,0.0061970928868006845,4
single_shape,plain2_w16_gmp,random_fullrank,7048,prob_error_reduction,random,-0.06545496080070734,4
single_shape,plain2_w16_gmp,random_fullrank,7049,centered_logit_fidelity,random,0.004586309355293873,4
single_shape,plain2_w16_gmp,random_fullrank,7049,prob_error_reduction,random,-0.07674821792170405,4
single_shape,plain2_w16_gmp,random_fullrank,7050,centered_logit_fidelity,random,0.007616943669353929,4
single_shape,plain2_w16_gmp,random_fullrank,7050,prob_error_reduction,random,-0.0660032955929637,4
single_shape,plain2_w16_gmp,random_fullrank,7051,centered_logit_fidelity,random,0.005501163669774283,4
single_shape,plain2_w16_gmp,random_fullrank,7051,prob_error_reduction,random,-0.08889667969197035,4
single_shape,plain2_w16_gmp,random_fullrank,7052,centered_logit_fidelity,random,0.005178992939970969,4
single_shape,plain2_w16_gmp,random_fullrank,7052,prob_error_reduction,random,-0.0710939303971827,4
single_shape,plain2_w16_gmp,random_fullrank,7053,centered_logit_fidelity,random,0.008354464486398372,4
single_shape,plain2_w16_gmp,random_fullrank,7053,prob_error_reduction,random,-0.08389747235924006,4
single_shape,plain2_w16_gmp,random_fullrank,7054,centered_logit_fidelity,random,0.0037957645036056017,4
single_shape,plain2_w16_gmp,random_fullrank,7054,prob_error_reduction,random,-0.08260977081954479,4
single_shape,plain2_w16_gmp,random_fullrank,7055,centered_logit_fidelity,random,-0.0010597436028892265,4
single_shape,plain2_w16_gmp,random_fullrank,7055,prob_error_reduction,random,-0.08346705604344606,4
single_shape,plain2_w16_gmp,random_fullrank,7056,centered_logit_fidelity,random,0.007677786890556152,4
single_shape,plain2_w16_gmp,random_fullrank,7056,prob_error_reduction,random,-0.07974582817405462,4
single_shape,plain2_w16_gmp,random_fullrank,7057,centered_logit_fidelity,random,0.007522394954521573,4
single_shape,plain2_w16_gmp,random_fullrank,7057,prob_error_reduction,random,-0.0739729069173336,4
single_shape,plain2_w16_gmp,random_fullrank,7058,centered_logit_fidelity,random,0.0012167476123144828,4
single_shape,plain2_w16_gmp,random_fullrank,7058,prob_error_reduction,random,-0.0911417007446289,4
single_shape,plain2_w16_gmp,random_fullrank,7059,centered_logit_fidelity,random,0.009321509101744889,4
single_shape,plain2_w16_gmp,random_fullrank,7059,prob_error_reduction,random,-0.09287986904382706,4
single_shape,plain2_w16_gmp,random_fullrank,7060,centered_logit_fidelity,random,0.007293936736728885,4
single_shape,plain2_w16_gmp,random_fullrank,7060,prob_error_reduction,random,-0.0771991889923811,4
single_shape,plain2_w16_gmp,random_fullrank,7061,centered_logit_fidelity,random,0.007271911691448741,4
single_shape,plain2_w16_gmp,random_fullrank,7061,prob_error_reduction,random,-0.07804327923804522,4
single_shape,plain2_w16_gmp,random_fullrank,7062,centered_logit_fidelity,random,0.0022199567932711436,4
single_shape,plain2_w16_gmp,random_fullrank,7062,prob_error_reduction,random,-0.07933549303561449,4
single_shape,plain2_w16_gmp,random_fullrank,7063,centered_logit_fidelity,random,0.004387585427662426,4
single_shape,plain2_w16_gmp,random_fullrank,7063,prob_error_reduction,random,-0.07888275338336825,4
single_shape,plain2_w16_gmp,random_fullrank,7064,centered_logit_fidelity,random,5.2002188914672745e-05,4
single_shape,plain2_w16_gmp,random_fullrank,7064,prob_error_reduction,random,-0.09622005745768547,4
single_shape,plain2_w16_gmp,random_fullrank,7065,centered_logit_fidelity,random,0.012617778109935503,4
single_shape,plain2_w16_gmp,random_fullrank,7065,prob_error_reduction,random,-0.07878605090081692,4
single_shape,plain2_w16_gmp,random_fullrank,7066,centered_logit_fidelity,random,0.012562268042644775,4
single_shape,plain2_w16_gmp,random_fullrank,7066,prob_error_reduction,random,-0.06245835032314062,4
single_shape,plain2_w16_gmp,random_fullrank,7067,centered_logit_fidelity,random,-0.00019042644695531352,4
single_shape,plain2_w16_gmp,random_fullrank,7067,prob_error_reduction,random,-0.10647222679108381,4
single_shape,plain2_w16_gmp,random_fullrank,7068,centered_logit_fidelity,random,0.0031844050776936115,4
single_shape,plain2_w16_gmp,random_fullrank,7068,prob_error_reduction,random,-0.08293956704437733,4
single_shape,plain2_w16_gmp,random_fullrank,7069,centered_logit_fidelity,random,0.009497948954385634,4
single_shape,plain2_w16_gmp,random_fullrank,7069,prob_error_reduction,random,-0.08486520126461983,4
single_shape,plain2_w16_gmp,random_fullrank,7070,centered_logit_fidelity,random,0.0045975998197385175,4
single_shape,plain2_w16_gmp,random_fullrank,7070,prob_error_reduction,random,-0.0925180185586214,4
single_shape,plain2_w16_gmp,random_fullrank,7071,centered_logit_fidelity,random,0.0009595238765328796,4
single_shape,plain2_w16_gmp,random_fullrank,7071,prob_error_reduction,random,-0.09041695948690176,4
single_shape,plain2_w16_gmp,random_fullrank,7072,centered_logit_fidelity,random,0.003107104502902901,4
single_shape,plain2_w16_gmp,random_fullrank,7072,prob_error_reduction,random,-0.08410617802292109,4
single_shape,plain2_w16_gmp,random_fullrank,7073,centered_logit_fidelity,random,0.012669401989346223,4
single_shape,plain2_w16_gmp,random_fullrank,7073,prob_error_reduction,random,-0.06519362702965736,4
single_shape,plain2_w16_gmp,random_fullrank,7074,centered_logit_fidelity,random,0.001459086301675334,4
single_shape,plain2_w16_gmp,random_fullrank,7074,prob_error_reduction,random,-0.08878014888614416,4
single_shape,plain2_w16_gmp,random_fullrank,7075,centered_logit_fidelity,random,0.009955970771793223,4
single_shape,plain2_w16_gmp,random_fullrank,7075,prob_error_reduction,random,-0.07061026245355606,4
single_shape,plain2_w16_gmp,random_fullrank,7076,centered_logit_fidelity,random,0.0019703179444213667,4
single_shape,plain2_w16_gmp,random_fullrank,7076,prob_error_reduction,random,-0.09483849629759789,4
single_shape,plain2_w16_gmp,random_fullrank,7077,centered_logit_fidelity,random,0.003773483407894778,4
single_shape,plain2_w16_gmp,random_fullrank,7077,prob_error_reduction,random,-0.07891595549881458,4
single_shape,plain2_w16_gmp,random_fullrank,7078,centered_logit_fidelity,random,0.0036584480938235703,4
single_shape,plain2_w16_gmp,random_fullrank,7078,prob_error_reduction,random,-0.06777019798755646,4
single_shape,plain2_w16_gmp,random_fullrank,7079,centered_logit_fidelity,random,0.0056618180969415476,4
single_shape,plain2_w16_gmp,random_fullrank,7079,prob_error_reduction,random,-0.06852795835584402,4
single_shape,plain2_w16_gmp,random_fullrank,7080,centered_logit_fidelity,random,0.006316825191206642,4
single_shape,plain2_w16_gmp,random_fullrank,7080,prob_error_reduction,random,-0.06394307967275381,4
single_shape,plain2_w16_gmp,random_fullrank,7081,centered_logit_fidelity,random,0.0084273469850514,4
single_shape,plain2_w16_gmp,random_fullrank,7081,prob_error_reduction,random,-0.08528886642307043,4
single_shape,plain2_w16_gmp,random_fullrank,7082,centered_logit_fidelity,random,0.005796820258750137,4
single_shape,plain2_w16_gmp,random_fullrank,7082,prob_error_reduction,random,-0.08885917300358415,4
single_shape,plain2_w16_gmp,random_fullrank,7083,centered_logit_fidelity,random,0.0068244062330748406,4
single_shape,plain2_w16_gmp,random_fullrank,7083,prob_error_reduction,random,-0.07479176670312881,4
single_shape,plain2_w16_gmp,random_fullrank,7084,centered_logit_fidelity,random,0.001568707168347564,4
single_shape,plain2_w16_gmp,random_fullrank,7084,prob_error_reduction,random,-0.07968514040112495,4
single_shape,plain2_w16_gmp,random_fullrank,7085,centered_logit_fidelity,random,0.006270537167723586,4
single_shape,plain2_w16_gmp,random_fullrank,7085,prob_error_reduction,random,-0.08148002810776234,4
single_shape,plain2_w16_gmp,random_fullrank,7086,centered_logit_fidelity,random,0.009724529876117844,4
single_shape,plain2_w16_gmp,random_fullrank,7086,prob_error_reduction,random,-0.07367596309632063,4
single_shape,plain2_w16_gmp,random_fullrank,7087,centered_logit_fidelity,random,-0.0019367132263346347,4
single_shape,plain2_w16_gmp,random_fullrank,7087,prob_error_reduction,random,-0.09096759185194969,4
single_shape,plain2_w16_gmp,random_fullrank,7088,centered_logit_fidelity,random,0.006384027878148313,4
single_shape,plain2_w16_gmp,random_fullrank,7088,prob_error_reduction,random,-0.06874866597354412,4
single_shape,plain2_w16_gmp,random_fullrank,7089,centered_logit_fidelity,random,-0.001146158748743636,4
single_shape,plain2_w16_gmp,random_fullrank,7089,prob_error_reduction,random,-0.08632539911195636,4
single_shape,plain2_w16_gmp,random_fullrank,7090,centered_logit_fidelity,random,0.006588647349885157,4
single_shape,plain2_w16_gmp,random_fullrank,7090,prob_error_reduction,random,-0.08916682098060846,4
single_shape,plain2_w16_gmp,random_fullrank,7091,centered_logit_fidelity,random,0.0012332854553135948,4
single_shape,plain2_w16_gmp,random_fullrank,7091,prob_error_reduction,random,-0.0805116007104516,4
single_shape,plain2_w16_gmp,random_fullrank,7092,centered_logit_fidelity,random,9.524902085778116e-05,4
single_shape,plain2_w16_gmp,random_fullrank,7092,prob_error_reduction,random,-0.07404802087694407,4
single_shape,plain2_w16_gmp,random_fullrank,7093,centered_logit_fidelity,random,0.010596017341318228,4
single_shape,plain2_w16_gmp,random_fullrank,7093,prob_error_reduction,random,-0.07498799357563257,4
single_shape,plain2_w16_gmp,random_fullrank,7094,centered_logit_fidelity,random,0.0049868904982147775,4
single_shape,plain2_w16_gmp,random_fullrank,7094,prob_error_reduction,random,-0.06701459176838398,4
single_shape,plain2_w16_gmp,random_fullrank,7095,centered_logit_fidelity,random,0.005266326278054409,4
single_shape,plain2_w16_gmp,random_fullrank,7095,prob_error_reduction,random,-0.08393395971506834,4
single_shape,plain2_w16_gmp,random_fullrank,7096,centered_logit_fidelity,random,0.00022197988303568686,4
single_shape,plain2_w16_gmp,random_fullrank,7096,prob_error_reduction,random,-0.0836403458379209,4
single_shape,plain2_w16_gmp,random_fullrank,7097,centered_logit_fidelity,random,0.00849861897589941,4
single_shape,plain2_w16_gmp,random_fullrank,7097,prob_error_reduction,random,-0.06733134528622031,4
single_shape,plain2_w16_gmp,random_fullrank,7098,centered_logit_fidelity,random,0.002981612734398814,4
single_shape,plain2_w16_gmp,random_fullrank,7098,prob_error_reduction,random,-0.09151148982346058,4
single_shape,plain2_w16_gmp,random_fullrank,7099,centered_logit_fidelity,random,0.008108686837457715,4
single_shape,plain2_w16_gmp,random_fullrank,7099,prob_error_reduction,random,-0.0839231014251709,4
single_shape,plain2_w16_gmp,random_rank10,7000,centered_logit_fidelity,random,0.010605633628725157,4
single_shape,plain2_w16_gmp,random_rank10,7000,prob_error_reduction,random,-0.08542987052351236,4
single_shape,plain2_w16_gmp,random_rank10,7001,centered_logit_fidelity,random,0.0025254874530152224,4
single_shape,plain2_w16_gmp,random_rank10,7001,prob_error_reduction,random,-0.07202336750924587,4
single_shape,plain2_w16_gmp,random_rank10,7002,centered_logit_fidelity,random,0.007993477491656645,4
single_shape,plain2_w16_gmp,random_rank10,7002,prob_error_reduction,random,-0.06985700502991676,4
single_shape,plain2_w16_gmp,random_rank10,7003,centered_logit_fidelity,random,0.0035407749546331312,4
single_shape,plain2_w16_gmp,random_rank10,7003,prob_error_reduction,random,-0.09328124579042196,4
single_shape,plain2_w16_gmp,random_rank10,7004,centered_logit_fidelity,random,0.0028061673247665436,4
single_shape,plain2_w16_gmp,random_rank10,7004,prob_error_reduction,random,-0.09467720333486795,4
single_shape,plain2_w16_gmp,random_rank10,7005,centered_logit_fidelity,random,0.0021669940149569213,4
single_shape,plain2_w16_gmp,random_rank10,7005,prob_error_reduction,random,-0.07323247753083706,4
single_shape,plain2_w16_gmp,random_rank10,7006,centered_logit_fidelity,random,0.005166164825406225,4
single_shape,plain2_w16_gmp,random_rank10,7006,prob_error_reduction,random,-0.07779381331056356,4
single_shape,plain2_w16_gmp,random_rank10,7007,centered_logit_fidelity,random,0.0020712525614157446,4
single_shape,plain2_w16_gmp,random_rank10,7007,prob_error_reduction,random,-0.09707020968198776,4
single_shape,plain2_w16_gmp,random_rank10,7008,centered_logit_fidelity,random,0.005301030060256935,4
single_shape,plain2_w16_gmp,random_rank10,7008,prob_error_reduction,random,-0.0693997498601675,4
single_shape,plain2_w16_gmp,random_rank10,7009,centered_logit_fidelity,random,0.011579233703989437,4
single_shape,plain2_w16_gmp,random_rank10,7009,prob_error_reduction,random,-0.059384094551205635,4
single_shape,plain2_w16_gmp,random_rank10,7010,centered_logit_fidelity,random,0.009112617569013841,4
single_shape,plain2_w16_gmp,random_rank10,7010,prob_error_reduction,random,-0.09245279617607594,4
single_shape,plain2_w16_gmp,random_rank10,7011,centered_logit_fidelity,random,0.004847022204579497,4
single_shape,plain2_w16_gmp,random_rank10,7011,prob_error_reduction,random,-0.09152063354849815,4
single_shape,plain2_w16_gmp,random_rank10,7012,centered_logit_fidelity,random,0.007941528565762392,4
single_shape,plain2_w16_gmp,random_rank10,7012,prob_error_reduction,random,-0.07861311547458172,4
single_shape,plain2_w16_gmp,random_rank10,7013,centered_logit_fidelity,random,0.004059245255390639,4
single_shape,plain2_w16_gmp,random_rank10,7013,prob_error_reduction,random,-0.0809742771089077,4
single_shape,plain2_w16_gmp,random_rank10,7014,centered_logit_fidelity,random,-0.00026104407156438657,4
single_shape,plain2_w16_gmp,random_rank10,7014,prob_error_reduction,random,-0.0748431459069252,4
single_shape,plain2_w16_gmp,random_rank10,7015,centered_logit_fidelity,random,0.008180348822522698,4
single_shape,plain2_w16_gmp,random_rank10,7015,prob_error_reduction,random,-0.08782555814832449,4
single_shape,plain2_w16_gmp,random_rank10,7016,centered_logit_fidelity,random,0.00736318438707159,4
single_shape,plain2_w16_gmp,random_rank10,7016,prob_error_reduction,random,-0.08560431562364101,4
single_shape,plain2_w16_gmp,random_rank10,7017,centered_logit_fidelity,random,0.0101080569917358,4
single_shape,plain2_w16_gmp,random_rank10,7017,prob_error_reduction,random,-0.08164825849235058,4
single_shape,plain2_w16_gmp,random_rank10,7018,centered_logit_fidelity,random,0.0054337563574271466,4
single_shape,plain2_w16_gmp,random_rank10,7018,prob_error_reduction,random,-0.07378857443109155,4
single_shape,plain2_w16_gmp,random_rank10,7019,centered_logit_fidelity,random,-0.0018960694122670627,4
single_shape,plain2_w16_gmp,random_rank10,7019,prob_error_reduction,random,-0.08024743292480707,4
single_shape,plain2_w16_gmp,random_rank10,7020,centered_logit_fidelity,random,0.002945422051547658,4
single_shape,plain2_w16_gmp,random_rank10,7020,prob_error_reduction,random,-0.0783025287091732,4
single_shape,plain2_w16_gmp,random_rank10,7021,centered_logit_fidelity,random,0.0013529767919102566,4
single_shape,plain2_w16_gmp,random_rank10,7021,prob_error_reduction,random,-0.07913834229111671,4
single_shape,plain2_w16_gmp,random_rank10,7022,centered_logit_fidelity,random,0.006567549474074881,4
single_shape,plain2_w16_gmp,random_rank10,7022,prob_error_reduction,random,-0.07725679781287909,4
single_shape,plain2_w16_gmp,random_rank10,7023,centered_logit_fidelity,random,0.00951191399665382,4
single_shape,plain2_w16_gmp,random_rank10,7023,prob_error_reduction,random,-0.07340202108025551,4
single_shape,plain2_w16_gmp,random_rank10,7024,centered_logit_fidelity,random,0.00785059146584508,4
single_shape,plain2_w16_gmp,random_rank10,7024,prob_error_reduction,random,-0.07171751651912928,4
single_shape,plain2_w16_gmp,random_rank10,7025,centered_logit_fidelity,random,0.008456858054213826,4
single_shape,plain2_w16_gmp,random_rank10,7025,prob_error_reduction,random,-0.06459849700331688,4
single_shape,plain2_w16_gmp,random_rank10,7026,centered_logit_fidelity,random,0.005099478821650658,4
single_shape,plain2_w16_gmp,random_rank10,7026,prob_error_reduction,random,-0.07739019766449928,4
single_shape,plain2_w16_gmp,random_rank10,7027,centered_logit_fidelity,random,0.005959356890539119,4
single_shape,plain2_w16_gmp,random_rank10,7027,prob_error_reduction,random,-0.07891323138028383,4
single_shape,plain2_w16_gmp,random_rank10,7028,centered_logit_fidelity,random,-0.0008509766546374274,4
single_shape,plain2_w16_gmp,random_rank10,7028,prob_error_reduction,random,-0.06347288843244314,4
single_shape,plain2_w16_gmp,random_rank10,7029,centered_logit_fidelity,random,0.006558005668729574,4
single_shape,plain2_w16_gmp,random_rank10,7029,prob_error_reduction,random,-0.08904386777430773,4
single_shape,plain2_w16_gmp,random_rank10,7030,centered_logit_fidelity,random,-0.0003076470068169544,4
single_shape,plain2_w16_gmp,random_rank10,7030,prob_error_reduction,random,-0.09171708300709724,4
single_shape,plain2_w16_gmp,random_rank10,7031,centered_logit_fidelity,random,0.009358423803217825,4
single_shape,plain2_w16_gmp,random_rank10,7031,prob_error_reduction,random,-0.08059337735176086,4
single_shape,plain2_w16_gmp,random_rank10,7032,centered_logit_fidelity,random,0.010940634708561936,4
single_shape,plain2_w16_gmp,random_rank10,7032,prob_error_reduction,random,-0.06784359831362963,4
single_shape,plain2_w16_gmp,random_rank10,7033,centered_logit_fidelity,random,0.007891314890986004,4
single_shape,plain2_w16_gmp,random_rank10,7033,prob_error_reduction,random,-0.05435074679553509,4
single_shape,plain2_w16_gmp,random_rank10,7034,centered_logit_fidelity,random,0.005013944390345257,4
single_shape,plain2_w16_gmp,random_rank10,7034,prob_error_reduction,random,-0.06122764013707638,4
single_shape,plain2_w16_gmp,random_rank10,7035,centered_logit_fidelity,random,0.007219601889114522,4
single_shape,plain2_w16_gmp,random_rank10,7035,prob_error_reduction,random,-0.08237820211797953,4
single_shape,plain2_w16_gmp,random_rank10,7036,centered_logit_fidelity,random,0.004503003441226231,4
single_shape,plain2_w16_gmp,random_rank10,7036,prob_error_reduction,random,-0.06633280124515295,4
single_shape,plain2_w16_gmp,random_rank10,7037,centered_logit_fidelity,random,0.007424843450201687,4
single_shape,plain2_w16_gmp,random_rank10,7037,prob_error_reduction,random,-0.0669413534924388,4
single_shape,plain2_w16_gmp,random_rank10,7038,centered_logit_fidelity,random,0.005263909617659067,4
single_shape,plain2_w16_gmp,random_rank10,7038,prob_error_reduction,random,-0.07799881882965565,4
single_shape,plain2_w16_gmp,random_rank10,7039,centered_logit_fidelity,random,0.0008551407102133889,4
single_shape,plain2_w16_gmp,random_rank10,7039,prob_error_reduction,random,-0.07780304364860058,4
single_shape,plain2_w16_gmp,random_rank10,7040,centered_logit_fidelity,random,0.004623849975622461,4
single_shape,plain2_w16_gmp,random_rank10,7040,prob_error_reduction,random,-0.08564883470535278,4
single_shape,plain2_w16_gmp,random_rank10,7041,centered_logit_fidelity,random,0.00613558802617668,4
single_shape,plain2_w16_gmp,random_rank10,7041,prob_error_reduction,random,-0.06951929535716772,4
single_shape,plain2_w16_gmp,random_rank10,7042,centered_logit_fidelity,random,0.004070694964261405,4
single_shape,plain2_w16_gmp,random_rank10,7042,prob_error_reduction,random,-0.06816730182617903,4
single_shape,plain2_w16_gmp,random_rank10,7043,centered_logit_fidelity,random,0.009079449138938668,4
single_shape,plain2_w16_gmp,random_rank10,7043,prob_error_reduction,random,-0.06146293971687555,4
single_shape,plain2_w16_gmp,random_rank10,7044,centered_logit_fidelity,random,0.0030442974300087123,4
single_shape,plain2_w16_gmp,random_rank10,7044,prob_error_reduction,random,-0.0827838508412242,4
single_shape,plain2_w16_gmp,random_rank10,7045,centered_logit_fidelity,random,0.004312329372050359,4
single_shape,plain2_w16_gmp,random_rank10,7045,prob_error_reduction,random,-0.07513154577463865,4
single_shape,plain2_w16_gmp,random_rank10,7046,centered_logit_fidelity,random,0.004558620464426915,4
single_shape,plain2_w16_gmp,random_rank10,7046,prob_error_reduction,random,-0.07768366066738963,4
single_shape,plain2_w16_gmp,random_rank10,7047,centered_logit_fidelity,random,0.008194322128224006,4
single_shape,plain2_w16_gmp,random_rank10,7047,prob_error_reduction,random,-0.07022210117429495,4
single_shape,plain2_w16_gmp,random_rank10,7048,centered_logit_fidelity,random,0.004675887324651056,4
single_shape,plain2_w16_gmp,random_rank10,7048,prob_error_reduction,random,-0.07965781074017286,4
single_shape,plain2_w16_gmp,random_rank10,7049,centered_logit_fidelity,random,0.00316344069140221,4
single_shape,plain2_w16_gmp,random_rank10,7049,prob_error_reduction,random,-0.0699447225779295,4
single_shape,plain2_w16_gmp,random_rank10,7050,centered_logit_fidelity,random,0.0015525177275119723,4
single_shape,plain2_w16_gmp,random_rank10,7050,prob_error_reduction,random,-0.078403040766716,4
single_shape,plain2_w16_gmp,random_rank10,7051,centered_logit_fidelity,random,0.00019918972757048369,4
single_shape,plain2_w16_gmp,random_rank10,7051,prob_error_reduction,random,-0.08934599440544844,4
single_shape,plain2_w16_gmp,random_rank10,7052,centered_logit_fidelity,random,0.0021794819738603314,4
single_shape,plain2_w16_gmp,random_rank10,7052,prob_error_reduction,random,-0.10035536717623472,4
single_shape,plain2_w16_gmp,random_rank10,7053,centered_logit_fidelity,random,0.0007508531514685713,4
single_shape,plain2_w16_gmp,random_rank10,7053,prob_error_reduction,random,-0.10451306868344545,4
single_shape,plain2_w16_gmp,random_rank10,7054,centered_logit_fidelity,random,0.006144922351620209,4
single_shape,plain2_w16_gmp,random_rank10,7054,prob_error_reduction,random,-0.08432796597480774,4
single_shape,plain2_w16_gmp,random_rank10,7055,centered_logit_fidelity,random,0.0012414622672718891,4
single_shape,plain2_w16_gmp,random_rank10,7055,prob_error_reduction,random,-0.0823660222813487,4
single_shape,plain2_w16_gmp,random_rank10,7056,centered_logit_fidelity,random,-0.0014656558064019484,4
single_shape,plain2_w16_gmp,random_rank10,7056,prob_error_reduction,random,-0.08054663054645061,4
single_shape,plain2_w16_gmp,random_rank10,7057,centered_logit_fidelity,random,0.008087596963327585,4
single_shape,plain2_w16_gmp,random_rank10,7057,prob_error_reduction,random,-0.08382492139935493,4
single_shape,plain2_w16_gmp,random_rank10,7058,centered_logit_fidelity,random,0.0047397059306553465,4
single_shape,plain2_w16_gmp,random_rank10,7058,prob_error_reduction,random,-0.08786740060895681,4
single_shape,plain2_w16_gmp,random_rank10,7059,centered_logit_fidelity,random,0.009808735248226565,4
single_shape,plain2_w16_gmp,random_rank10,7059,prob_error_reduction,random,-0.0771784633398056,4
single_shape,plain2_w16_gmp,random_rank10,7060,centered_logit_fidelity,random,0.00955259677729995,4
single_shape,plain2_w16_gmp,random_rank10,7060,prob_error_reduction,random,-0.0764089860022068,4
single_shape,plain2_w16_gmp,random_rank10,7061,centered_logit_fidelity,random,0.008276339530981617,4
single_shape,plain2_w16_gmp,random_rank10,7061,prob_error_reduction,random,-0.08033779449760914,4
single_shape,plain2_w16_gmp,random_rank10,7062,centered_logit_fidelity,random,0.0010228817559250203,4
single_shape,plain2_w16_gmp,random_rank10,7062,prob_error_reduction,random,-0.07953214924782515,4
single_shape,plain2_w16_gmp,random_rank10,7063,centered_logit_fidelity,random,0.00509333801812493,4
single_shape,plain2_w16_gmp,random_rank10,7063,prob_error_reduction,random,-0.08985860180109739,4
single_shape,plain2_w16_gmp,random_rank10,7064,centered_logit_fidelity,random,0.0023714626715166335,4
single_shape,plain2_w16_gmp,random_rank10,7064,prob_error_reduction,random,-0.09364385716617107,4
single_shape,plain2_w16_gmp,random_rank10,7065,centered_logit_fidelity,random,0.006534338728362413,4
single_shape,plain2_w16_gmp,random_rank10,7065,prob_error_reduction,random,-0.08056613337248564,4
single_shape,plain2_w16_gmp,random_rank10,7066,centered_logit_fidelity,random,0.01128504649300411,4
single_shape,plain2_w16_gmp,random_rank10,7066,prob_error_reduction,random,-0.07282047253102064,4
single_shape,plain2_w16_gmp,random_rank10,7067,centered_logit_fidelity,random,0.007843064724445561,4
single_shape,plain2_w16_gmp,random_rank10,7067,prob_error_reduction,random,-0.07373256422579288,4
single_shape,plain2_w16_gmp,random_rank10,7068,centered_logit_fidelity,random,0.006986076710740578,4
single_shape,plain2_w16_gmp,random_rank10,7068,prob_error_reduction,random,-0.08087991224601865,4
single_shape,plain2_w16_gmp,random_rank10,7069,centered_logit_fidelity,random,0.003558624942691173,4
single_shape,plain2_w16_gmp,random_rank10,7069,prob_error_reduction,random,-0.08019493147730827,4
single_shape,plain2_w16_gmp,random_rank10,7070,centered_logit_fidelity,random,0.006352561213254605,4
single_shape,plain2_w16_gmp,random_rank10,7070,prob_error_reduction,random,-0.07338111195713282,4
single_shape,plain2_w16_gmp,random_rank10,7071,centered_logit_fidelity,random,0.008516809788358379,4
single_shape,plain2_w16_gmp,random_rank10,7071,prob_error_reduction,random,-0.0678927218541503,4
single_shape,plain2_w16_gmp,random_rank10,7072,centered_logit_fidelity,random,0.006561582764941591,4
single_shape,plain2_w16_gmp,random_rank10,7072,prob_error_reduction,random,-0.07661917619407177,4
single_shape,plain2_w16_gmp,random_rank10,7073,centered_logit_fidelity,random,0.0011312882041933335,4
single_shape,plain2_w16_gmp,random_rank10,7073,prob_error_reduction,random,-0.06920581683516502,4
single_shape,plain2_w16_gmp,random_rank10,7074,centered_logit_fidelity,random,0.00651889191522308,4
single_shape,plain2_w16_gmp,random_rank10,7074,prob_error_reduction,random,-0.08818635996431112,4
single_shape,plain2_w16_gmp,random_rank10,7075,centered_logit_fidelity,random,0.011219668541213286,4
single_shape,plain2_w16_gmp,random_rank10,7075,prob_error_reduction,random,-0.07631919719278812,4
single_shape,plain2_w16_gmp,random_rank10,7076,centered_logit_fidelity,random,0.0041441426644664315,4
single_shape,plain2_w16_gmp,random_rank10,7076,prob_error_reduction,random,-0.08522605523467064,4
single_shape,plain2_w16_gmp,random_rank10,7077,centered_logit_fidelity,random,0.0006700264894015494,4
single_shape,plain2_w16_gmp,random_rank10,7077,prob_error_reduction,random,-0.0712506640702486,4
single_shape,plain2_w16_gmp,random_rank10,7078,centered_logit_fidelity,random,0.009630110410044895,4
single_shape,plain2_w16_gmp,random_rank10,7078,prob_error_reduction,random,-0.06720591429620981,4
single_shape,plain2_w16_gmp,random_rank10,7079,centered_logit_fidelity,random,0.005776358008952197,4
single_shape,plain2_w16_gmp,random_rank10,7079,prob_error_reduction,random,-0.08634615410119295,4
single_shape,plain2_w16_gmp,random_rank10,7080,centered_logit_fidelity,random,0.008798758092031216,4
single_shape,plain2_w16_gmp,random_rank10,7080,prob_error_reduction,random,-0.0754076074808836,4
single_shape,plain2_w16_gmp,random_rank10,7081,centered_logit_fidelity,random,0.013379690165148736,4
single_shape,plain2_w16_gmp,random_rank10,7081,prob_error_reduction,random,-0.08982496429234743,4
single_shape,plain2_w16_gmp,random_rank10,7082,centered_logit_fidelity,random,0.006227319234301417,4
single_shape,plain2_w16_gmp,random_rank10,7082,prob_error_reduction,random,-0.08886234555393457,4
single_shape,plain2_w16_gmp,random_rank10,7083,centered_logit_fidelity,random,0.0152005665079061,4
single_shape,plain2_w16_gmp,random_rank10,7083,prob_error_reduction,random,-0.07191319111734629,4
single_shape,plain2_w16_gmp,random_rank10,7084,centered_logit_fidelity,random,0.006620308047870855,4
single_shape,plain2_w16_gmp,random_rank10,7084,prob_error_reduction,random,-0.08133257273584604,4
single_shape,plain2_w16_gmp,random_rank10,7085,centered_logit_fidelity,random,0.005429498698717819,4
single_shape,plain2_w16_gmp,random_rank10,7085,prob_error_reduction,random,-0.06278031226247549,4
single_shape,plain2_w16_gmp,random_rank10,7086,centered_logit_fidelity,random,0.002915869762815512,4
single_shape,plain2_w16_gmp,random_rank10,7086,prob_error_reduction,random,-0.07951346877962351,4
single_shape,plain2_w16_gmp,random_rank10,7087,centered_logit_fidelity,random,-0.0013945517145897233,4
single_shape,plain2_w16_gmp,random_rank10,7087,prob_error_reduction,random,-0.0806594779714942,4
single_shape,plain2_w16_gmp,random_rank10,7088,centered_logit_fidelity,random,0.008367238175597305,4
single_shape,plain2_w16_gmp,random_rank10,7088,prob_error_reduction,random,-0.0828748308122158,4
single_shape,plain2_w16_gmp,random_rank10,7089,centered_logit_fidelity,random,0.008201511855377356,4
single_shape,plain2_w16_gmp,random_rank10,7089,prob_error_reduction,random,-0.08374292217195034,4
single_shape,plain2_w16_gmp,random_rank10,7090,centered_logit_fidelity,random,0.004746436708491935,4
single_shape,plain2_w16_gmp,random_rank10,7090,prob_error_reduction,random,-0.0865362985059619,4
single_shape,plain2_w16_gmp,random_rank10,7091,centered_logit_fidelity,random,0.0018262562030042818,4
single_shape,plain2_w16_gmp,random_rank10,7091,prob_error_reduction,random,-0.08416567277163267,4
single_shape,plain2_w16_gmp,random_rank10,7092,centered_logit_fidelity,random,0.004184748311003659,4
single_shape,plain2_w16_gmp,random_rank10,7092,prob_error_reduction,random,-0.0832370831631124,4
single_shape,plain2_w16_gmp,random_rank10,7093,centered_logit_fidelity,random,0.010626440009755475,4
single_shape,plain2_w16_gmp,random_rank10,7093,prob_error_reduction,random,-0.07075140252709389,4
single_shape,plain2_w16_gmp,random_rank10,7094,centered_logit_fidelity,random,0.005641777269334805,4
single_shape,plain2_w16_gmp,random_rank10,7094,prob_error_reduction,random,-0.06376803666353226,4
single_shape,plain2_w16_gmp,random_rank10,7095,centered_logit_fidelity,random,0.0011889078441835975,4
single_shape,plain2_w16_gmp,random_rank10,7095,prob_error_reduction,random,-0.09594698995351791,4
single_shape,plain2_w16_gmp,random_rank10,7096,centered_logit_fidelity,random,0.010178628466495953,4
single_shape,plain2_w16_gmp,random_rank10,7096,prob_error_reduction,random,-0.08000768814235926,4
single_shape,plain2_w16_gmp,random_rank10,7097,centered_logit_fidelity,random,0.00404560306953604,4
single_shape,plain2_w16_gmp,random_rank10,7097,prob_error_reduction,random,-0.06622769590467215,4
single_shape,plain2_w16_gmp,random_rank10,7098,centered_logit_fidelity,random,0.005082350028173548,4
single_shape,plain2_w16_gmp,random_rank10,7098,prob_error_reduction,random,-0.06006027292460203,4
single_shape,plain2_w16_gmp,random_rank10,7099,centered_logit_fidelity,random,0.007614464378666388,4
single_shape,plain2_w16_gmp,random_rank10,7099,prob_error_reduction,random,-0.0776197062805295,4
single_shape,plain2_w16_gmp,structured_template,7000,centered_logit_fidelity,random,0.0008565492081793018,4
single_shape,plain2_w16_gmp,structured_template,7000,prob_error_reduction,random,-0.04446745291352272,4
single_shape,plain2_w16_gmp,structured_template,7001,centered_logit_fidelity,random,0.009463978544815217,4
single_shape,plain2_w16_gmp,structured_template,7001,prob_error_reduction,random,-0.02924278937280178,4
single_shape,plain2_w16_gmp,structured_template,7002,centered_logit_fidelity,random,0.011532906647680584,4
single_shape,plain2_w16_gmp,structured_template,7002,prob_error_reduction,random,-0.03384994016960263,4
single_shape,plain2_w16_gmp,structured_template,7003,centered_logit_fidelity,random,0.017777290967601285,4
single_shape,plain2_w16_gmp,structured_template,7003,prob_error_reduction,random,-0.008859739173203707,4
single_shape,plain2_w16_gmp,structured_template,7004,centered_logit_fidelity,random,0.007176600469199261,4
single_shape,plain2_w16_gmp,structured_template,7004,prob_error_reduction,random,-0.036913104355335236,4
single_shape,plain2_w16_gmp,structured_template,7005,centered_logit_fidelity,random,0.00991940180792733,4
single_shape,plain2_w16_gmp,structured_template,7005,prob_error_reduction,random,-0.04510862845927477,4
single_shape,plain2_w16_gmp,structured_template,7006,centered_logit_fidelity,random,0.007364272658815224,4
single_shape,plain2_w16_gmp,structured_template,7006,prob_error_reduction,random,-0.03857123386114836,4
single_shape,plain2_w16_gmp,structured_template,7007,centered_logit_fidelity,random,0.000997452303937163,4
single_shape,plain2_w16_gmp,structured_template,7007,prob_error_reduction,random,-0.04574424913153052,4
single_shape,plain2_w16_gmp,structured_template,7008,centered_logit_fidelity,random,0.009229637331014272,4
single_shape,plain2_w16_gmp,structured_template,7008,prob_error_reduction,random,-0.059219080954790115,4
single_shape,plain2_w16_gmp,structured_template,7009,centered_logit_fidelity,random,0.015266148197703618,4
single_shape,plain2_w16_gmp,structured_template,7009,prob_error_reduction,random,-0.03327849833294749,4
single_shape,plain2_w16_gmp,structured_template,7010,centered_logit_fidelity,random,0.00919789037526301,4
single_shape,plain2_w16_gmp,structured_template,7010,prob_error_reduction,random,-0.03735727351158857,4
single_shape,plain2_w16_gmp,structured_template,7011,centered_logit_fidelity,random,0.015615419170535848,4
single_shape,plain2_w16_gmp,structured_template,7011,prob_error_reduction,random,-0.05377065762877464,4
single_shape,plain2_w16_gmp,structured_template,7012,centered_logit_fidelity,random,0.006876637627734184,4
single_shape,plain2_w16_gmp,structured_template,7012,prob_error_reduction,random,-0.0439517255872488,4
single_shape,plain2_w16_gmp,structured_template,7013,centered_logit_fidelity,random,-0.0003020423481021415,4
single_shape,plain2_w16_gmp,structured_template,7013,prob_error_reduction,random,-0.03821021690964699,4
single_shape,plain2_w16_gmp,structured_template,7014,centered_logit_fidelity,random,0.005421628887581973,4
single_shape,plain2_w16_gmp,structured_template,7014,prob_error_reduction,random,-0.036656031385064125,4
single_shape,plain2_w16_gmp,structured_template,7015,centered_logit_fidelity,random,0.014495950929334495,4
single_shape,plain2_w16_gmp,structured_template,7015,prob_error_reduction,random,-0.04171307384967804,4
single_shape,plain2_w16_gmp,structured_template,7016,centered_logit_fidelity,random,0.003642393797212158,4
single_shape,plain2_w16_gmp,structured_template,7016,prob_error_reduction,random,-0.04804585129022598,4
single_shape,plain2_w16_gmp,structured_template,7017,centered_logit_fidelity,random,0.006188392632053837,4
single_shape,plain2_w16_gmp,structured_template,7017,prob_error_reduction,random,-0.04120331350713968,4
single_shape,plain2_w16_gmp,structured_template,7018,centered_logit_fidelity,random,0.02091553672517862,4
single_shape,plain2_w16_gmp,structured_template,7018,prob_error_reduction,random,-0.022546136751770973,4
single_shape,plain2_w16_gmp,structured_template,7019,centered_logit_fidelity,random,0.010117017144627698,4
single_shape,plain2_w16_gmp,structured_template,7019,prob_error_reduction,random,-0.05146405287086964,4
single_shape,plain2_w16_gmp,structured_template,7020,centered_logit_fidelity,random,0.004474798360175393,4
single_shape,plain2_w16_gmp,structured_template,7020,prob_error_reduction,random,-0.06195381190627813,4
single_shape,plain2_w16_gmp,structured_template,7021,centered_logit_fidelity,random,0.008457815449840929,4
single_shape,plain2_w16_gmp,structured_template,7021,prob_error_reduction,random,-0.03382487967610359,4
single_shape,plain2_w16_gmp,structured_template,7022,centered_logit_fidelity,random,0.005944662732664224,4
single_shape,plain2_w16_gmp,structured_template,7022,prob_error_reduction,random,-0.05083493888378143,4
single_shape,plain2_w16_gmp,structured_template,7023,centered_logit_fidelity,random,0.0057017287072718675,4
single_shape,plain2_w16_gmp,structured_template,7023,prob_error_reduction,random,-0.04476830177009106,4
single_shape,plain2_w16_gmp,structured_template,7024,centered_logit_fidelity,random,0.007622658430880853,4
single_shape,plain2_w16_gmp,structured_template,7024,prob_error_reduction,random,-0.040432408452034,4
single_shape,plain2_w16_gmp,structured_template,7025,centered_logit_fidelity,random,-0.0036581584283314258,4
single_shape,plain2_w16_gmp,structured_template,7025,prob_error_reduction,random,-0.056838374584913254,4
single_shape,plain2_w16_gmp,structured_template,7026,centered_logit_fidelity,random,0.01671921998108677,4
single_shape,plain2_w16_gmp,structured_template,7026,prob_error_reduction,random,-0.015327531844377518,4
single_shape,plain2_w16_gmp,structured_template,7027,centered_logit_fidelity,random,0.003572305258899077,4
single_shape,plain2_w16_gmp,structured_template,7027,prob_error_reduction,random,-0.021206889301538467,4
single_shape,plain2_w16_gmp,structured_template,7028,centered_logit_fidelity,random,0.012173515229136974,4
single_shape,plain2_w16_gmp,structured_template,7028,prob_error_reduction,random,-0.03770859586074948,4
single_shape,plain2_w16_gmp,structured_template,7029,centered_logit_fidelity,random,0.011749059879310247,4
single_shape,plain2_w16_gmp,structured_template,7029,prob_error_reduction,random,-0.04218967445194721,4
single_shape,plain2_w16_gmp,structured_template,7030,centered_logit_fidelity,random,0.007160856436277539,4
single_shape,plain2_w16_gmp,structured_template,7030,prob_error_reduction,random,-0.06034277332946658,4
single_shape,plain2_w16_gmp,structured_template,7031,centered_logit_fidelity,random,0.01208881648917726,4
single_shape,plain2_w16_gmp,structured_template,7031,prob_error_reduction,random,-0.027326985262334347,4
single_shape,plain2_w16_gmp,structured_template,7032,centered_logit_fidelity,random,0.007314661430798383,4
single_shape,plain2_w16_gmp,structured_template,7032,prob_error_reduction,random,-0.04398058354854584,4
single_shape,plain2_w16_gmp,structured_template,7033,centered_logit_fidelity,random,0.006003848745414585,4
single_shape,plain2_w16_gmp,structured_template,7033,prob_error_reduction,random,-0.049823006615042686,4
single_shape,plain2_w16_gmp,structured_template,7034,centered_logit_fidelity,random,0.008682522491479215,4
single_shape,plain2_w16_gmp,structured_template,7034,prob_error_reduction,random,-0.05505440663546324,4
single_shape,plain2_w16_gmp,structured_template,7035,centered_logit_fidelity,random,0.009780450726171175,4
single_shape,plain2_w16_gmp,structured_template,7035,prob_error_reduction,random,-0.02761215576902032,4
single_shape,plain2_w16_gmp,structured_template,7036,centered_logit_fidelity,random,0.006251813557812824,4
single_shape,plain2_w16_gmp,structured_template,7036,prob_error_reduction,random,-0.047929152846336365,4
single_shape,plain2_w16_gmp,structured_template,7037,centered_logit_fidelity,random,0.012723175466576612,4
single_shape,plain2_w16_gmp,structured_template,7037,prob_error_reduction,random,-0.016390576027333736,4
single_shape,plain2_w16_gmp,structured_template,7038,centered_logit_fidelity,random,0.008204869160887206,4
single_shape,plain2_w16_gmp,structured_template,7038,prob_error_reduction,random,-0.03397828945890069,4
single_shape,plain2_w16_gmp,structured_template,7039,centered_logit_fidelity,random,0.01367825578678484,4
single_shape,plain2_w16_gmp,structured_template,7039,prob_error_reduction,random,-0.044513214845210314,4
single_shape,plain2_w16_gmp,structured_template,7040,centered_logit_fidelity,random,0.01363178600753544,4
single_shape,plain2_w16_gmp,structured_template,7040,prob_error_reduction,random,-0.030925386119633913,4
single_shape,plain2_w16_gmp,structured_template,7041,centered_logit_fidelity,random,0.010481945566000881,4
single_shape,plain2_w16_gmp,structured_template,7041,prob_error_reduction,random,-0.04144963063299656,4
single_shape,plain2_w16_gmp,structured_template,7042,centered_logit_fidelity,random,0.007976774393376069,4
single_shape,plain2_w16_gmp,structured_template,7042,prob_error_reduction,random,-0.032336643896996975,4
single_shape,plain2_w16_gmp,structured_template,7043,centered_logit_fidelity,random,0.013343934256959698,4
single_shape,plain2_w16_gmp,structured_template,7043,prob_error_reduction,random,-0.036027638241648674,4
single_shape,plain2_w16_gmp,structured_template,7044,centered_logit_fidelity,random,0.00841529079505423,4
single_shape,plain2_w16_gmp,structured_template,7044,prob_error_reduction,random,-0.03946415241807699,4
single_shape,plain2_w16_gmp,structured_template,7045,centered_logit_fidelity,random,0.006268384847631085,4
single_shape,plain2_w16_gmp,structured_template,7045,prob_error_reduction,random,-0.03226033039391041,4
single_shape,plain2_w16_gmp,structured_template,7046,centered_logit_fidelity,random,0.002911348115131246,4
single_shape,plain2_w16_gmp,structured_template,7046,prob_error_reduction,random,-0.030565153807401657,4
single_shape,plain2_w16_gmp,structured_template,7047,centered_logit_fidelity,random,0.011705526967237541,4
single_shape,plain2_w16_gmp,structured_template,7047,prob_error_reduction,random,-0.036553602665662766,4
single_shape,plain2_w16_gmp,structured_template,7048,centered_logit_fidelity,random,0.00871809824298965,4
single_shape,plain2_w16_gmp,structured_template,7048,prob_error_reduction,random,-0.02681024232879281,4
single_shape,plain2_w16_gmp,structured_template,7049,centered_logit_fidelity,random,0.009764251769366955,4
single_shape,plain2_w16_gmp,structured_template,7049,prob_error_reduction,random,-0.0451754373498261,4
single_shape,plain2_w16_gmp,structured_template,7050,centered_logit_fidelity,random,0.01003268217997487,4
single_shape,plain2_w16_gmp,structured_template,7050,prob_error_reduction,random,-0.026380063965916634,4
single_shape,plain2_w16_gmp,structured_template,7051,centered_logit_fidelity,random,0.005033211762041349,4
single_shape,plain2_w16_gmp,structured_template,7051,prob_error_reduction,random,-0.05188968125730753,4
single_shape,plain2_w16_gmp,structured_template,7052,centered_logit_fidelity,random,0.004203840512100234,4
single_shape,plain2_w16_gmp,structured_template,7052,prob_error_reduction,random,-0.056096081621944904,4
single_shape,plain2_w16_gmp,structured_template,7053,centered_logit_fidelity,random,0.011452510918910202,4
single_shape,plain2_w16_gmp,structured_template,7053,prob_error_reduction,random,-0.05918865231797099,4
single_shape,plain2_w16_gmp,structured_template,7054,centered_logit_fidelity,random,0.013017134653868558,4
single_shape,plain2_w16_gmp,structured_template,7054,prob_error_reduction,random,-0.035800724290311337,4
single_shape,plain2_w16_gmp,structured_template,7055,centered_logit_fidelity,random,0.00967317231171027,4
single_shape,plain2_w16_gmp,structured_template,7055,prob_error_reduction,random,-0.039461173582822084,4
single_shape,plain2_w16_gmp,structured_template,7056,centered_logit_fidelity,random,0.005047659610781423,4
single_shape,plain2_w16_gmp,structured_template,7056,prob_error_reduction,random,-0.055139332078397274,4
single_shape,plain2_w16_gmp,structured_template,7057,centered_logit_fidelity,random,0.010569275519603839,4
single_shape,plain2_w16_gmp,structured_template,7057,prob_error_reduction,random,-0.03930000588297844,4
single_shape,plain2_w16_gmp,structured_template,7058,centered_logit_fidelity,random,0.008113679559473412,4
single_shape,plain2_w16_gmp,structured_template,7058,prob_error_reduction,random,-0.041604709811508656,4
single_shape,plain2_w16_gmp,structured_template,7059,centered_logit_fidelity,random,0.005415397250049841,4
single_shape,plain2_w16_gmp,structured_template,7059,prob_error_reduction,random,-0.04426591005176306,4
single_shape,plain2_w16_gmp,structured_template,7060,centered_logit_fidelity,random,0.007407936135734415,4
single_shape,plain2_w16_gmp,structured_template,7060,prob_error_reduction,random,-0.04882920626550913,4
single_shape,plain2_w16_gmp,structured_template,7061,centered_logit_fidelity,random,0.006090164082961794,4
single_shape,plain2_w16_gmp,structured_template,7061,prob_error_reduction,random,-0.0342771178111434,4
single_shape,plain2_w16_gmp,structured_template,7062,centered_logit_fidelity,random,0.004617848972049926,4
single_shape,plain2_w16_gmp,structured_template,7062,prob_error_reduction,random,-0.023555747233331203,4
single_shape,plain2_w16_gmp,structured_template,7063,centered_logit_fidelity,random,0.004561434774535142,4
single_shape,plain2_w16_gmp,structured_template,7063,prob_error_reduction,random,-0.054106156807392836,4
single_shape,plain2_w16_gmp,structured_template,7064,centered_logit_fidelity,random,0.009281930602167187,4
single_shape,plain2_w16_gmp,structured_template,7064,prob_error_reduction,random,-0.04939548438414931,4
single_shape,plain2_w16_gmp,structured_template,7065,centered_logit_fidelity,random,0.01279808007685868,4
single_shape,plain2_w16_gmp,structured_template,7065,prob_error_reduction,random,-0.038813934661448,4
single_shape,plain2_w16_gmp,structured_template,7066,centered_logit_fidelity,random,0.023068034258986438,4
single_shape,plain2_w16_gmp,structured_template,7066,prob_error_reduction,random,-0.025496575981378555,4
single_shape,plain2_w16_gmp,structured_template,7067,centered_logit_fidelity,random,0.014317423534591018,4
single_shape,plain2_w16_gmp,structured_template,7067,prob_error_reduction,random,-0.02735475543886423,4
single_shape,plain2_w16_gmp,structured_template,7068,centered_logit_fidelity,random,0.005684994849766969,4
single_shape,plain2_w16_gmp,structured_template,7068,prob_error_reduction,random,-0.05034320894628763,4
single_shape,plain2_w16_gmp,structured_template,7069,centered_logit_fidelity,random,0.007766230655674699,4
single_shape,plain2_w16_gmp,structured_template,7069,prob_error_reduction,random,-0.06514850817620754,4
single_shape,plain2_w16_gmp,structured_template,7070,centered_logit_fidelity,random,0.010462381779711394,4
single_shape,plain2_w16_gmp,structured_template,7070,prob_error_reduction,random,-0.03535552928224206,4
single_shape,plain2_w16_gmp,structured_template,7071,centered_logit_fidelity,random,0.011971294998379234,4
single_shape,plain2_w16_gmp,structured_template,7071,prob_error_reduction,random,-0.035817110911011696,4
single_shape,plain2_w16_gmp,structured_template,7072,centered_logit_fidelity,random,0.013894390134835498,4
single_shape,plain2_w16_gmp,structured_template,7072,prob_error_reduction,random,-0.04150041472166777,4
single_shape,plain2_w16_gmp,structured_template,7073,centered_logit_fidelity,random,0.011087207997339445,4
single_shape,plain2_w16_gmp,structured_template,7073,prob_error_reduction,random,-0.054239085875451565,4
single_shape,plain2_w16_gmp,structured_template,7074,centered_logit_fidelity,random,0.007182055689119806,4
single_shape,plain2_w16_gmp,structured_template,7074,prob_error_reduction,random,-0.03749256953597069,4
single_shape,plain2_w16_gmp,structured_template,7075,centered_logit_fidelity,random,0.010495790787478301,4
single_shape,plain2_w16_gmp,structured_template,7075,prob_error_reduction,random,-0.05364799126982689,4
single_shape,plain2_w16_gmp,structured_template,7076,centered_logit_fidelity,random,-6.278759261029235e-05,4
single_shape,plain2_w16_gmp,structured_template,7076,prob_error_reduction,random,-0.0430316673591733,4
single_shape,plain2_w16_gmp,structured_template,7077,centered_logit_fidelity,random,0.015646232103814252,4
single_shape,plain2_w16_gmp,structured_template,7077,prob_error_reduction,random,-0.030047224834561348,4
single_shape,plain2_w16_gmp,structured_template,7078,centered_logit_fidelity,random,0.007404841037438362,4
single_shape,plain2_w16_gmp,structured_template,7078,prob_error_reduction,random,-0.03797426912933588,4
single_shape,plain2_w16_gmp,structured_template,7079,centered_logit_fidelity,random,0.013267192857588364,4
single_shape,plain2_w16_gmp,structured_template,7079,prob_error_reduction,random,-0.054040905088186264,4
single_shape,plain2_w16_gmp,structured_template,7080,centered_logit_fidelity,random,0.01172008395938485,4
single_shape,plain2_w16_gmp,structured_template,7080,prob_error_reduction,random,-0.03074648417532444,4
single_shape,plain2_w16_gmp,structured_template,7081,centered_logit_fidelity,random,0.009534620756512926,4
single_shape,plain2_w16_gmp,structured_template,7081,prob_error_reduction,random,-0.050801265984773636,4
single_shape,plain2_w16_gmp,structured_template,7082,centered_logit_fidelity,random,0.007784164831646517,4
single_shape,plain2_w16_gmp,structured_template,7082,prob_error_reduction,random,-0.05508796405047178,4
single_shape,plain2_w16_gmp,structured_template,7083,centered_logit_fidelity,random,0.005218177477878432,4
single_shape,plain2_w16_gmp,structured_template,7083,prob_error_reduction,random,-0.022392974700778723,4
single_shape,plain2_w16_gmp,structured_template,7084,centered_logit_fidelity,random,0.01528091853195451,4
single_shape,plain2_w16_gmp,structured_template,7084,prob_error_reduction,random,-0.05265404004603624,4
single_shape,plain2_w16_gmp,structured_template,7085,centered_logit_fidelity,random,0.008283127467713315,4
single_shape,plain2_w16_gmp,structured_template,7085,prob_error_reduction,random,-0.05173994693905115,4
single_shape,plain2_w16_gmp,structured_template,7086,centered_logit_fidelity,random,0.006309760711987911,4
single_shape,plain2_w16_gmp,structured_template,7086,prob_error_reduction,random,-0.056543922051787376,4
single_shape,plain2_w16_gmp,structured_template,7087,centered_logit_fidelity,random,0.01991012276901835,4
single_shape,plain2_w16_gmp,structured_template,7087,prob_error_reduction,random,-0.02495121117681265,4
single_shape,plain2_w16_gmp,structured_template,7088,centered_logit_fidelity,random,0.0109998936728588,4
single_shape,plain2_w16_gmp,structured_template,7088,prob_error_reduction,random,-0.04735581483691931,4
single_shape,plain2_w16_gmp,structured_template,7089,centered_logit_fidelity,random,0.008639898917176548,4
single_shape,plain2_w16_gmp,structured_template,7089,prob_error_reduction,random,-0.04635670129209757,4
single_shape,plain2_w16_gmp,structured_template,7090,centered_logit_fidelity,random,0.005864149336790924,4
single_shape,plain2_w16_gmp,structured_template,7090,prob_error_reduction,random,-0.04437060561031103,4
single_shape,plain2_w16_gmp,structured_template,7091,centered_logit_fidelity,random,0.0038529560336771976,4
single_shape,plain2_w16_gmp,structured_template,7091,prob_error_reduction,random,-0.04506399016827345,4
single_shape,plain2_w16_gmp,structured_template,7092,centered_logit_fidelity,random,0.006919581974855421,4
single_shape,plain2_w16_gmp,structured_template,7092,prob_error_reduction,random,-0.04453158751130104,4
single_shape,plain2_w16_gmp,structured_template,7093,centered_logit_fidelity,random,0.008117969662891102,4
single_shape,plain2_w16_gmp,structured_template,7093,prob_error_reduction,random,-0.03264165949076414,4
single_shape,plain2_w16_gmp,structured_template,7094,centered_logit_fidelity,random,0.0026884717158301517,4
single_shape,plain2_w16_gmp,structured_template,7094,prob_error_reduction,random,-0.058167457580566406,4
single_shape,plain2_w16_gmp,structured_template,7095,centered_logit_fidelity,random,0.008727019293200739,4
single_shape,plain2_w16_gmp,structured_template,7095,prob_error_reduction,random,-0.03633944224566221,4
single_shape,plain2_w16_gmp,structured_template,7096,centered_logit_fidelity,random,0.007611360084923392,4
single_shape,plain2_w16_gmp,structured_template,7096,prob_error_reduction,random,-0.022212165407836437,4
single_shape,plain2_w16_gmp,structured_template,7097,centered_logit_fidelity,random,0.009995527447174161,4
single_shape,plain2_w16_gmp,structured_template,7097,prob_error_reduction,random,-0.047676194459199905,4
single_shape,plain2_w16_gmp,structured_template,7098,centered_logit_fidelity,random,0.010218917417027143,4
single_shape,plain2_w16_gmp,structured_template,7098,prob_error_reduction,random,-0.04766389727592468,4
single_shape,plain2_w16_gmp,structured_template,7099,centered_logit_fidelity,random,0.0061527341044532585,4
single_shape,plain2_w16_gmp,structured_template,7099,prob_error_reduction,random,-0.045372335240244865,4
single_shape,tiny_gap,pixel_permuted_template,7000,centered_logit_fidelity,random,-0.01974597775555427,4
single_shape,tiny_gap,pixel_permuted_template,7000,prob_error_reduction,random,0.1694273023167625,4
single_shape,tiny_gap,pixel_permuted_template,7001,centered_logit_fidelity,random,-0.017837040905059033,4
single_shape,tiny_gap,pixel_permuted_template,7001,prob_error_reduction,random,0.18832592922262847,4
single_shape,tiny_gap,pixel_permuted_template,7002,centered_logit_fidelity,random,-0.038643235343256144,4
single_shape,tiny_gap,pixel_permuted_template,7002,prob_error_reduction,random,0.19229964300757274,4
single_shape,tiny_gap,pixel_permuted_template,7003,centered_logit_fidelity,random,-0.023140963495337036,4
single_shape,tiny_gap,pixel_permuted_template,7003,prob_error_reduction,random,0.18872566884965636,4
single_shape,tiny_gap,pixel_permuted_template,7004,centered_logit_fidelity,random,-0.034982099660509025,4
single_shape,tiny_gap,pixel_permuted_template,7004,prob_error_reduction,random,0.16058471289579757,4
single_shape,tiny_gap,pixel_permuted_template,7005,centered_logit_fidelity,random,-0.03769604613594218,4
single_shape,tiny_gap,pixel_permuted_template,7005,prob_error_reduction,random,0.1888524805835914,4
single_shape,tiny_gap,pixel_permuted_template,7006,centered_logit_fidelity,random,-0.028117882319851795,4
single_shape,tiny_gap,pixel_permuted_template,7006,prob_error_reduction,random,0.1716713448986411,4
single_shape,tiny_gap,pixel_permuted_template,7007,centered_logit_fidelity,random,-0.036451800188840935,4
single_shape,tiny_gap,pixel_permuted_template,7007,prob_error_reduction,random,0.16731383401202038,4
single_shape,tiny_gap,pixel_permuted_template,7008,centered_logit_fidelity,random,-0.025543996984876596,4
single_shape,tiny_gap,pixel_permuted_template,7008,prob_error_reduction,random,0.17443687905324623,4
single_shape,tiny_gap,pixel_permuted_template,7009,centered_logit_fidelity,random,-0.022378562814946913,4
single_shape,tiny_gap,pixel_permuted_template,7009,prob_error_reduction,random,0.16123081822297536,4
single_shape,tiny_gap,pixel_permuted_template,7010,centered_logit_fidelity,random,-0.029938889223791537,4
single_shape,tiny_gap,pixel_permuted_template,7010,prob_error_reduction,random,0.17935032356763259,4
single_shape,tiny_gap,pixel_permuted_template,7011,centered_logit_fidelity,random,-0.026886321776766055,4
single_shape,tiny_gap,pixel_permuted_template,7011,prob_error_reduction,random,0.1780900206649676,4
single_shape,tiny_gap,pixel_permuted_template,7012,centered_logit_fidelity,random,-0.02206215624519551,4
single_shape,tiny_gap,pixel_permuted_template,7012,prob_error_reduction,random,0.22252808764460497,4
single_shape,tiny_gap,pixel_permuted_template,7013,centered_logit_fidelity,random,-0.021530864042331635,4
single_shape,tiny_gap,pixel_permuted_template,7013,prob_error_reduction,random,0.19713398511521518,4
single_shape,tiny_gap,pixel_permuted_template,7014,centered_logit_fidelity,random,-0.018230594074228175,4
single_shape,tiny_gap,pixel_permuted_template,7014,prob_error_reduction,random,0.18938720299047418,4
single_shape,tiny_gap,pixel_permuted_template,7015,centered_logit_fidelity,random,-0.028173364187696344,4
single_shape,tiny_gap,pixel_permuted_template,7015,prob_error_reduction,random,0.17660498362965882,4
single_shape,tiny_gap,pixel_permuted_template,7016,centered_logit_fidelity,random,-0.017580489833538816,4
single_shape,tiny_gap,pixel_permuted_template,7016,prob_error_reduction,random,0.14759384578792378,4
single_shape,tiny_gap,pixel_permuted_template,7017,centered_logit_fidelity,random,-0.018328943511292745,4
single_shape,tiny_gap,pixel_permuted_template,7017,prob_error_reduction,random,0.16415765177225694,4
single_shape,tiny_gap,pixel_permuted_template,7018,centered_logit_fidelity,random,-0.018384946690496208,4
single_shape,tiny_gap,pixel_permuted_template,7018,prob_error_reduction,random,0.1893124029156752,4
single_shape,tiny_gap,pixel_permuted_template,7019,centered_logit_fidelity,random,-0.02880512099102738,4
single_shape,tiny_gap,pixel_permuted_template,7019,prob_error_reduction,random,0.191787001414923,4
single_shape,tiny_gap,pixel_permuted_template,7020,centered_logit_fidelity,random,-0.02159685555144275,4
single_shape,tiny_gap,pixel_permuted_template,7020,prob_error_reduction,random,0.19090351479826495,4
single_shape,tiny_gap,pixel_permuted_template,7021,centered_logit_fidelity,random,-0.04131816078030406,4
single_shape,tiny_gap,pixel_permuted_template,7021,prob_error_reduction,random,0.19316496036481112,4
single_shape,tiny_gap,pixel_permuted_template,7022,centered_logit_fidelity,random,-0.02276317129548801,4
single_shape,tiny_gap,pixel_permuted_template,7022,prob_error_reduction,random,0.14637816580943763,4
single_shape,tiny_gap,pixel_permuted_template,7023,centered_logit_fidelity,random,-0.01667967806883799,4
single_shape,tiny_gap,pixel_permuted_template,7023,prob_error_reduction,random,0.15458194335224107,4
single_shape,tiny_gap,pixel_permuted_template,7024,centered_logit_fidelity,random,-0.038844871431493226,4
single_shape,tiny_gap,pixel_permuted_template,7024,prob_error_reduction,random,0.18448774638818577,4
single_shape,tiny_gap,pixel_permuted_template,7025,centered_logit_fidelity,random,-0.02718740516264512,4
single_shape,tiny_gap,pixel_permuted_template,7025,prob_error_reduction,random,0.18778760806890205,4
single_shape,tiny_gap,pixel_permuted_template,7026,centered_logit_fidelity,random,-0.011174291623311197,4
single_shape,tiny_gap,pixel_permuted_template,7026,prob_error_reduction,random,0.17681146998074837,4
single_shape,tiny_gap,pixel_permuted_template,7027,centered_logit_fidelity,random,-0.022085290581800664,4
single_shape,tiny_gap,pixel_permuted_template,7027,prob_error_reduction,random,0.13622122030938044,4
single_shape,tiny_gap,pixel_permuted_template,7028,centered_logit_fidelity,random,-0.014452216153491956,4
single_shape,tiny_gap,pixel_permuted_template,7028,prob_error_reduction,random,0.16732365608913824,4
single_shape,tiny_gap,pixel_permuted_template,7029,centered_logit_fidelity,random,-0.038951030744861365,4
single_shape,tiny_gap,pixel_permuted_template,7029,prob_error_reduction,random,0.19754721951903775,4
single_shape,tiny_gap,pixel_permuted_template,7030,centered_logit_fidelity,random,-0.017643102841988268,4
single_shape,tiny_gap,pixel_permuted_template,7030,prob_error_reduction,random,0.19427738367812708,4
single_shape,tiny_gap,pixel_permuted_template,7031,centered_logit_fidelity,random,-0.022680746413978436,4
single_shape,tiny_gap,pixel_permuted_template,7031,prob_error_reduction,random,0.18178461195202544,4
single_shape,tiny_gap,pixel_permuted_template,7032,centered_logit_fidelity,random,-0.023706466312267842,4
single_shape,tiny_gap,pixel_permuted_template,7032,prob_error_reduction,random,0.13862197432899848,4
single_shape,tiny_gap,pixel_permuted_template,7033,centered_logit_fidelity,random,-0.030005601570729738,4
single_shape,tiny_gap,pixel_permuted_template,7033,prob_error_reduction,random,0.17072643802384846,4
single_shape,tiny_gap,pixel_permuted_template,7034,centered_logit_fidelity,random,-0.013214536524052016,4
single_shape,tiny_gap,pixel_permuted_template,7034,prob_error_reduction,random,0.1598724335199222,4
single_shape,tiny_gap,pixel_permuted_template,7035,centered_logit_fidelity,random,-0.03511795519834823,4
single_shape,tiny_gap,pixel_permuted_template,7035,prob_error_reduction,random,0.16280282801017165,4
single_shape,tiny_gap,pixel_permuted_template,7036,centered_logit_fidelity,random,-0.047429703494272044,4
single_shape,tiny_gap,pixel_permuted_template,7036,prob_error_reduction,random,0.20586593938060105,4
single_shape,tiny_gap,pixel_permuted_template,7037,centered_logit_fidelity,random,-0.023720095201809302,4
single_shape,tiny_gap,pixel_permuted_template,7037,prob_error_reduction,random,0.14094165910501033,4
single_shape,tiny_gap,pixel_permuted_template,7038,centered_logit_fidelity,random,-0.042676025983353655,4
single_shape,tiny_gap,pixel_permuted_template,7038,prob_error_reduction,random,0.16913608484901488,4
single_shape,tiny_gap,pixel_permuted_template,7039,centered_logit_fidelity,random,-0.03078149097666362,4
single_shape,tiny_gap,pixel_permuted_template,7039,prob_error_reduction,random,0.20663867326220497,4
single_shape,tiny_gap,pixel_permuted_template,7040,centered_logit_fidelity,random,-0.02429228593288263,4
single_shape,tiny_gap,pixel_permuted_template,7040,prob_error_reduction,random,0.1559443094593007,4
single_shape,tiny_gap,pixel_permuted_template,7041,centered_logit_fidelity,random,-0.019936530433380818,4
single_shape,tiny_gap,pixel_permuted_template,7041,prob_error_reduction,random,0.1802736719546374,4
single_shape,tiny_gap,pixel_permuted_template,7042,centered_logit_fidelity,random,-0.03360669433763777,4
single_shape,tiny_gap,pixel_permuted_template,7042,prob_error_reduction,random,0.15681931574363261,4
single_shape,tiny_gap,pixel_permuted_template,7043,centered_logit_fidelity,random,-0.03939328135691785,4
single_shape,tiny_gap,pixel_permuted_template,7043,prob_error_reduction,random,0.18526317938813008,4
single_shape,tiny_gap,pixel_permuted_template,7044,centered_logit_fidelity,random,-0.03904421626957966,4
single_shape,tiny_gap,pixel_permuted_template,7044,prob_error_reduction,random,0.16978221473982558,4
single_shape,tiny_gap,pixel_permuted_template,7045,centered_logit_fidelity,random,-0.030727676286504302,4
single_shape,tiny_gap,pixel_permuted_template,7045,prob_error_reduction,random,0.16773922817083076,4
single_shape,tiny_gap,pixel_permuted_template,7046,centered_logit_fidelity,random,-0.02740425148802694,4
single_shape,tiny_gap,pixel_permuted_template,7046,prob_error_reduction,random,0.16745180636644363,4
single_shape,tiny_gap,pixel_permuted_template,7047,centered_logit_fidelity,random,-0.02769755462547325,4
single_shape,tiny_gap,pixel_permuted_template,7047,prob_error_reduction,random,0.17581724078627303,4
single_shape,tiny_gap,pixel_permuted_template,7048,centered_logit_fidelity,random,-0.021947866992907395,4
single_shape,tiny_gap,pixel_permuted_template,7048,prob_error_reduction,random,0.17113189009251073,4
single_shape,tiny_gap,pixel_permuted_template,7049,centered_logit_fidelity,random,-0.021518444048333966,4
single_shape,tiny_gap,pixel_permuted_template,7049,prob_error_reduction,random,0.165521856804844,4
single_shape,tiny_gap,pixel_permuted_template,7050,centered_logit_fidelity,random,-0.028475789709697504,4
single_shape,tiny_gap,pixel_permuted_template,7050,prob_error_reduction,random,0.1658621301758103,4
single_shape,tiny_gap,pixel_permuted_template,7051,centered_logit_fidelity,random,-0.023740062487222713,4
single_shape,tiny_gap,pixel_permuted_template,7051,prob_error_reduction,random,0.17094387681572698,4
single_shape,tiny_gap,pixel_permuted_template,7052,centered_logit_fidelity,random,-0.02833036881695572,4
single_shape,tiny_gap,pixel_permuted_template,7052,prob_error_reduction,random,0.18154107546433806,4
single_shape,tiny_gap,pixel_permuted_template,7053,centered_logit_fidelity,random,-0.029219224820495562,4
single_shape,tiny_gap,pixel_permuted_template,7053,prob_error_reduction,random,0.17079429561272264,4
single_shape,tiny_gap,pixel_permuted_template,7054,centered_logit_fidelity,random,-0.023760602352046717,4
single_shape,tiny_gap,pixel_permuted_template,7054,prob_error_reduction,random,0.18816917852382176,4
single_shape,tiny_gap,pixel_permuted_template,7055,centered_logit_fidelity,random,-0.04146702944005567,4
single_shape,tiny_gap,pixel_permuted_template,7055,prob_error_reduction,random,0.17843430588254705,4
single_shape,tiny_gap,pixel_permuted_template,7056,centered_logit_fidelity,random,-0.030387237871374487,4
single_shape,tiny_gap,pixel_permuted_template,7056,prob_error_reduction,random,0.16850416059605777,4
single_shape,tiny_gap,pixel_permuted_template,7057,centered_logit_fidelity,random,-0.02949307054765004,4
single_shape,tiny_gap,pixel_permuted_template,7057,prob_error_reduction,random,0.16725512937409803,4
single_shape,tiny_gap,pixel_permuted_template,7058,centered_logit_fidelity,random,-0.019705028472722007,4
single_shape,tiny_gap,pixel_permuted_template,7058,prob_error_reduction,random,0.16796181752579287,4
single_shape,tiny_gap,pixel_permuted_template,7059,centered_logit_fidelity,random,-0.01251595959346656,4
single_shape,tiny_gap,pixel_permuted_template,7059,prob_error_reduction,random,0.20131848903838545,4
single_shape,tiny_gap,pixel_permuted_template,7060,centered_logit_fidelity,random,-0.0231633320573736,4
single_shape,tiny_gap,pixel_permuted_template,7060,prob_error_reduction,random,0.14555927441688254,4
single_shape,tiny_gap,pixel_permuted_template,7061,centered_logit_fidelity,random,-0.030321127121326917,4
single_shape,tiny_gap,pixel_permuted_template,7061,prob_error_reduction,random,0.17099603626411408,4
single_shape,tiny_gap,pixel_permuted_template,7062,centered_logit_fidelity,random,-0.02642660420971054,4
single_shape,tiny_gap,pixel_permuted_template,7062,prob_error_reduction,random,0.16961339741828851,4
single_shape,tiny_gap,pixel_permuted_template,7063,centered_logit_fidelity,random,-0.008034514593805858,4
single_shape,tiny_gap,pixel_permuted_template,7063,prob_error_reduction,random,0.18172856312594377,4
single_shape,tiny_gap,pixel_permuted_template,7064,centered_logit_fidelity,random,-0.038459355911819364,4
single_shape,tiny_gap,pixel_permuted_template,7064,prob_error_reduction,random,0.16825885709840804,4
single_shape,tiny_gap,pixel_permuted_template,7065,centered_logit_fidelity,random,-0.03855315810583195,4
single_shape,tiny_gap,pixel_permuted_template,7065,prob_error_reduction,random,0.17947304883273318,4
single_shape,tiny_gap,pixel_permuted_template,7066,centered_logit_fidelity,random,-0.021653948364470956,4
single_shape,tiny_gap,pixel_permuted_template,7066,prob_error_reduction,random,0.15498325100634247,4
single_shape,tiny_gap,pixel_permuted_template,7067,centered_logit_fidelity,random,-0.020702944286433784,4
single_shape,tiny_gap,pixel_permuted_template,7067,prob_error_reduction,random,0.18952931556850672,4
single_shape,tiny_gap,pixel_permuted_template,7068,centered_logit_fidelity,random,-0.023051372721325222,4
single_shape,tiny_gap,pixel_permuted_template,7068,prob_error_reduction,random,0.16119532781885937,4
single_shape,tiny_gap,pixel_permuted_template,7069,centered_logit_fidelity,random,-0.02584802935342992,4
single_shape,tiny_gap,pixel_permuted_template,7069,prob_error_reduction,random,0.1919833776773885,4
single_shape,tiny_gap,pixel_permuted_template,7070,centered_logit_fidelity,random,-0.012360463039876148,4
single_shape,tiny_gap,pixel_permuted_template,7070,prob_error_reduction,random,0.1984480646206066,4
single_shape,tiny_gap,pixel_permuted_template,7071,centered_logit_fidelity,random,-0.025865059169895246,4
single_shape,tiny_gap,pixel_permuted_template,7071,prob_error_reduction,random,0.18444049241952598,4
single_shape,tiny_gap,pixel_permuted_template,7072,centered_logit_fidelity,random,-0.02987015441827017,4
single_shape,tiny_gap,pixel_permuted_template,7072,prob_error_reduction,random,0.17694449838018045,4
single_shape,tiny_gap,pixel_permuted_template,7073,centered_logit_fidelity,random,-0.03427493856199418,4
single_shape,tiny_gap,pixel_permuted_template,7073,prob_error_reduction,random,0.17475611821282655,4
single_shape,tiny_gap,pixel_permuted_template,7074,centered_logit_fidelity,random,-0.030986420133800284,4
single_shape,tiny_gap,pixel_permuted_template,7074,prob_error_reduction,random,0.16297610368928872,4
single_shape,tiny_gap,pixel_permuted_template,7075,centered_logit_fidelity,random,-0.02656441083551611,4
single_shape,tiny_gap,pixel_permuted_template,7075,prob_error_reduction,random,0.2047429453523364,4
single_shape,tiny_gap,pixel_permuted_template,7076,centered_logit_fidelity,random,-0.022052936609824908,4
single_shape,tiny_gap,pixel_permuted_template,7076,prob_error_reduction,random,0.15896802878705785,4
single_shape,tiny_gap,pixel_permuted_template,7077,centered_logit_fidelity,random,-0.02323285594787264,4
single_shape,tiny_gap,pixel_permuted_template,7077,prob_error_reduction,random,0.19152750380453654,4
single_shape,tiny_gap,pixel_permuted_template,7078,centered_logit_fidelity,random,-0.013026725877718241,4
single_shape,tiny_gap,pixel_permuted_template,7078,prob_error_reduction,random,0.16623965848702937,4
single_shape,tiny_gap,pixel_permuted_template,7079,centered_logit_fidelity,random,-0.028454420370965315,4
single_shape,tiny_gap,pixel_permuted_template,7079,prob_error_reduction,random,0.1610670139780268,4
single_shape,tiny_gap,pixel_permuted_template,7080,centered_logit_fidelity,random,-0.014875776887457715,4
single_shape,tiny_gap,pixel_permuted_template,7080,prob_error_reduction,random,0.19999180338345468,4
single_shape,tiny_gap,pixel_permuted_template,7081,centered_logit_fidelity,random,-0.02621846523869664,4
single_shape,tiny_gap,pixel_permuted_template,7081,prob_error_reduction,random,0.2069751073140651,4
single_shape,tiny_gap,pixel_permuted_template,7082,centered_logit_fidelity,random,-0.03195386530765772,4
single_shape,tiny_gap,pixel_permuted_template,7082,prob_error_reduction,random,0.15673677943414077,4
single_shape,tiny_gap,pixel_permuted_template,7083,centered_logit_fidelity,random,-0.015724252068534908,4
single_shape,tiny_gap,pixel_permuted_template,7083,prob_error_reduction,random,0.18515370169188827,4
single_shape,tiny_gap,pixel_permuted_template,7084,centered_logit_fidelity,random,-0.016060372276689244,4
single_shape,tiny_gap,pixel_permuted_template,7084,prob_error_reduction,random,0.19515445778961293,4
single_shape,tiny_gap,pixel_permuted_template,7085,centered_logit_fidelity,random,-0.038803292354564554,4
single_shape,tiny_gap,pixel_permuted_template,7085,prob_error_reduction,random,0.16678596450947225,4
single_shape,tiny_gap,pixel_permuted_template,7086,centered_logit_fidelity,random,-0.025404393225061946,4
single_shape,tiny_gap,pixel_permuted_template,7086,prob_error_reduction,random,0.2061299500055611,4
single_shape,tiny_gap,pixel_permuted_template,7087,centered_logit_fidelity,random,-0.03745913634751211,4
single_shape,tiny_gap,pixel_permuted_template,7087,prob_error_reduction,random,0.1952088775287848,4
single_shape,tiny_gap,pixel_permuted_template,7088,centered_logit_fidelity,random,-0.037592809753345675,4
single_shape,tiny_gap,pixel_permuted_template,7088,prob_error_reduction,random,0.15433017315808684,4
single_shape,tiny_gap,pixel_permuted_template,7089,centered_logit_fidelity,random,-0.028720425596608888,4
single_shape,tiny_gap,pixel_permuted_template,7089,prob_error_reduction,random,0.17363152734469622,4
single_shape,tiny_gap,pixel_permuted_template,7090,centered_logit_fidelity,random,-0.034596544677612376,4
single_shape,tiny_gap,pixel_permuted_template,7090,prob_error_reduction,random,0.1763525003916584,4
single_shape,tiny_gap,pixel_permuted_template,7091,centered_logit_fidelity,random,-0.01802538524826962,4
single_shape,tiny_gap,pixel_permuted_template,7091,prob_error_reduction,random,0.19999199980520643,4
single_shape,tiny_gap,pixel_permuted_template,7092,centered_logit_fidelity,random,-0.02406909209562206,4
single_shape,tiny_gap,pixel_permuted_template,7092,prob_error_reduction,random,0.16389720293227583,4
single_shape,tiny_gap,pixel_permuted_template,7093,centered_logit_fidelity,random,-0.0335086950571345,4
single_shape,tiny_gap,pixel_permuted_template,7093,prob_error_reduction,random,0.16595818955102004,4
single_shape,tiny_gap,pixel_permuted_template,7094,centered_logit_fidelity,random,-0.02574380988088568,4
single_shape,tiny_gap,pixel_permuted_template,7094,prob_error_reduction,random,0.18879878625739366,4
single_shape,tiny_gap,pixel_permuted_template,7095,centered_logit_fidelity,random,-0.018340157148582458,4
single_shape,tiny_gap,pixel_permuted_template,7095,prob_error_reduction,random,0.18767863168613985,4
single_shape,tiny_gap,pixel_permuted_template,7096,centered_logit_fidelity,random,-0.02256605280947556,4
single_shape,tiny_gap,pixel_permuted_template,7096,prob_error_reduction,random,0.135217928502243,4
single_shape,tiny_gap,pixel_permuted_template,7097,centered_logit_fidelity,random,-0.025033619671548935,4
single_shape,tiny_gap,pixel_permuted_template,7097,prob_error_reduction,random,0.19982299336697906,4
single_shape,tiny_gap,pixel_permuted_template,7098,centered_logit_fidelity,random,-0.03129432362170283,4
single_shape,tiny_gap,pixel_permuted_template,7098,prob_error_reduction,random,0.17027723183855414,4
single_shape,tiny_gap,pixel_permuted_template,7099,centered_logit_fidelity,random,-0.03003702772155877,4
single_shape,tiny_gap,pixel_permuted_template,7099,prob_error_reduction,random,0.21028360008494928,4
single_shape,tiny_gap,random_fullrank,7000,centered_logit_fidelity,random,-0.03194071372875047,4
single_shape,tiny_gap,random_fullrank,7000,prob_error_reduction,random,0.15607612187159248,4
single_shape,tiny_gap,random_fullrank,7001,centered_logit_fidelity,random,-0.01779430043172553,4
single_shape,tiny_gap,random_fullrank,7001,prob_error_reduction,random,0.1499162229592912,4
single_shape,tiny_gap,random_fullrank,7002,centered_logit_fidelity,random,-0.018627512195573417,4
single_shape,tiny_gap,random_fullrank,7002,prob_error_reduction,random,0.19671853349427693,4
single_shape,tiny_gap,random_fullrank,7003,centered_logit_fidelity,random,-0.037430014319189214,4
single_shape,tiny_gap,random_fullrank,7003,prob_error_reduction,random,0.16357360428082757,4
single_shape,tiny_gap,random_fullrank,7004,centered_logit_fidelity,random,-0.026738660434617163,4
single_shape,tiny_gap,random_fullrank,7004,prob_error_reduction,random,0.15002939873374999,4
single_shape,tiny_gap,random_fullrank,7005,centered_logit_fidelity,random,-0.021122648438933293,4
single_shape,tiny_gap,random_fullrank,7005,prob_error_reduction,random,0.20061560368048958,4
single_shape,tiny_gap,random_fullrank,7006,centered_logit_fidelity,random,-0.038356114723801085,4
single_shape,tiny_gap,random_fullrank,7006,prob_error_reduction,random,0.149444721697364,4
single_shape,tiny_gap,random_fullrank,7007,centered_logit_fidelity,random,-0.022042085149027228,4
single_shape,tiny_gap,random_fullrank,7007,prob_error_reduction,random,0.17579562184982933,4
single_shape,tiny_gap,random_fullrank,7008,centered_logit_fidelity,random,-0.02674397062756172,4
single_shape,tiny_gap,random_fullrank,7008,prob_error_reduction,random,0.19113962107803673,4
single_shape,tiny_gap,random_fullrank,7009,centered_logit_fidelity,random,-0.01696987822027946,4
single_shape,tiny_gap,random_fullrank,7009,prob_error_reduction,random,0.19906858590547927,4
single_shape,tiny_gap,random_fullrank,7010,centered_logit_fidelity,random,-0.03838675212003312,4
single_shape,tiny_gap,random_fullrank,7010,prob_error_reduction,random,0.1674443020601757,4
single_shape,tiny_gap,random_fullrank,7011,centered_logit_fidelity,random,-0.045884428186776745,4
single_shape,tiny_gap,random_fullrank,7011,prob_error_reduction,random,0.2054509631707333,4
single_shape,tiny_gap,random_fullrank,7012,centered_logit_fidelity,random,-0.03256290533152376,4
single_shape,tiny_gap,random_fullrank,7012,prob_error_reduction,random,0.17293397447792813,4
single_shape,tiny_gap,random_fullrank,7013,centered_logit_fidelity,random,-0.021307570652047712,4
single_shape,tiny_gap,random_fullrank,7013,prob_error_reduction,random,0.1729986451100558,4
single_shape,tiny_gap,random_fullrank,7014,centered_logit_fidelity,random,-0.023117113669784098,4
single_shape,tiny_gap,random_fullrank,7014,prob_error_reduction,random,0.16499374763225205,4
single_shape,tiny_gap,random_fullrank,7015,centered_logit_fidelity,random,-0.02504005526356584,4
single_shape,tiny_gap,random_fullrank,7015,prob_error_reduction,random,0.17506582086207345,4
single_shape,tiny_gap,random_fullrank,7016,centered_logit_fidelity,random,-0.020462643147909743,4
single_shape,tiny_gap,random_fullrank,7016,prob_error_reduction,random,0.16651985576027073,4
single_shape,tiny_gap,random_fullrank,7017,centered_logit_fidelity,random,-0.031346778311738356,4
single_shape,tiny_gap,random_fullrank,7017,prob_error_reduction,random,0.1688547896919772,4
single_shape,tiny_gap,random_fullrank,7018,centered_logit_fidelity,random,-0.023388230044371676,4
single_shape,tiny_gap,random_fullrank,7018,prob_error_reduction,random,0.17330022423993796,4
single_shape,tiny_gap,random_fullrank,7019,centered_logit_fidelity,random,-0.03215677794927049,4
single_shape,tiny_gap,random_fullrank,7019,prob_error_reduction,random,0.1844546723878011,4
single_shape,tiny_gap,random_fullrank,7020,centered_logit_fidelity,random,-0.025861073407179167,4
single_shape,tiny_gap,random_fullrank,7020,prob_error_reduction,random,0.1806916135828942,4
single_shape,tiny_gap,random_fullrank,7021,centered_logit_fidelity,random,-0.026891217487148365,4
single_shape,tiny_gap,random_fullrank,7021,prob_error_reduction,random,0.16348861309234053,4
single_shape,tiny_gap,random_fullrank,7022,centered_logit_fidelity,random,-0.02243854913370643,4
single_shape,tiny_gap,random_fullrank,7022,prob_error_reduction,random,0.20202930324012414,4
single_shape,tiny_gap,random_fullrank,7023,centered_logit_fidelity,random,-0.024234550346324664,4
single_shape,tiny_gap,random_fullrank,7023,prob_error_reduction,random,0.1509430910809897,4
single_shape,tiny_gap,random_fullrank,7024,centered_logit_fidelity,random,-0.02933072529429806,4
single_shape,tiny_gap,random_fullrank,7024,prob_error_reduction,random,0.17330333060817793,4
single_shape,tiny_gap,random_fullrank,7025,centered_logit_fidelity,random,-0.03409494776526514,4
single_shape,tiny_gap,random_fullrank,7025,prob_error_reduction,random,0.18593285855604336,4
single_shape,tiny_gap,random_fullrank,7026,centered_logit_fidelity,random,-0.031842437673291375,4
single_shape,tiny_gap,random_fullrank,7026,prob_error_reduction,random,0.1633270915481262,4
single_shape,tiny_gap,random_fullrank,7027,centered_logit_fidelity,random,-0.019912680307683662,4
single_shape,tiny_gap,random_fullrank,7027,prob_error_reduction,random,0.13565495156217366,4
single_shape,tiny_gap,random_fullrank,7028,centered_logit_fidelity,random,-0.02033278407095738,4
single_shape,tiny_gap,random_fullrank,7028,prob_error_reduction,random,0.14873361855279654,4
single_shape,tiny_gap,random_fullrank,7029,centered_logit_fidelity,random,-0.035892990264814253,4
single_shape,tiny_gap,random_fullrank,7029,prob_error_reduction,random,0.19485320406965911,4
single_shape,tiny_gap,random_fullrank,7030,centered_logit_fidelity,random,-0.04166751601114441,4
single_shape,tiny_gap,random_fullrank,7030,prob_error_reduction,random,0.18403930100612342,4
single_shape,tiny_gap,random_fullrank,7031,centered_logit_fidelity,random,-0.024840264379323983,4
single_shape,tiny_gap,random_fullrank,7031,prob_error_reduction,random,0.2267818971304223,4
single_shape,tiny_gap,random_fullrank,7032,centered_logit_fidelity,random,-0.009142185810478713,4
single_shape,tiny_gap,random_fullrank,7032,prob_error_reduction,random,0.1759377421112731,4
single_shape,tiny_gap,random_fullrank,7033,centered_logit_fidelity,random,-0.01927760084031005,4
single_shape,tiny_gap,random_fullrank,7033,prob_error_reduction,random,0.18061689016758464,4
single_shape,tiny_gap,random_fullrank,7034,centered_logit_fidelity,random,-0.026937304617878296,4
single_shape,tiny_gap,random_fullrank,7034,prob_error_reduction,random,0.15606684095109813,4
single_shape,tiny_gap,random_fullrank,7035,centered_logit_fidelity,random,-0.03536694697684193,4
single_shape,tiny_gap,random_fullrank,7035,prob_error_reduction,random,0.20602723601041362,4
single_shape,tiny_gap,random_fullrank,7036,centered_logit_fidelity,random,-0.04859990844292947,4
single_shape,tiny_gap,random_fullrank,7036,prob_error_reduction,random,0.18335168564226478,4
single_shape,tiny_gap,random_fullrank,7037,centered_logit_fidelity,random,-0.03897626597799591,4
single_shape,tiny_gap,random_fullrank,7037,prob_error_reduction,random,0.19899885775521398,4
single_shape,tiny_gap,random_fullrank,7038,centered_logit_fidelity,random,-0.04476493130370074,4
single_shape,tiny_gap,random_fullrank,7038,prob_error_reduction,random,0.21215445501729846,4
single_shape,tiny_gap,random_fullrank,7039,centered_logit_fidelity,random,-0.02932155060973676,4
single_shape,tiny_gap,random_fullrank,7039,prob_error_reduction,random,0.21347586740739644,4
single_shape,tiny_gap,random_fullrank,7040,centered_logit_fidelity,random,-0.03275450027803728,4
single_shape,tiny_gap,random_fullrank,7040,prob_error_reduction,random,0.13662922783987597,4
single_shape,tiny_gap,random_fullrank,7041,centered_logit_fidelity,random,-0.028141308581418233,4
single_shape,tiny_gap,random_fullrank,7041,prob_error_reduction,random,0.1795359227398876,4
single_shape,tiny_gap,random_fullrank,7042,centered_logit_fidelity,random,-0.03992910691741204,4
single_shape,tiny_gap,random_fullrank,7042,prob_error_reduction,random,0.1930763726704754,4
single_shape,tiny_gap,random_fullrank,7043,centered_logit_fidelity,random,-0.02722813949847406,4
single_shape,tiny_gap,random_fullrank,7043,prob_error_reduction,random,0.1641729325929191,4
single_shape,tiny_gap,random_fullrank,7044,centered_logit_fidelity,random,-0.006978751130751446,4
single_shape,tiny_gap,random_fullrank,7044,prob_error_reduction,random,0.17582316201878712,4
single_shape,tiny_gap,random_fullrank,7045,centered_logit_fidelity,random,-0.02986192340402629,4
single_shape,tiny_gap,random_fullrank,7045,prob_error_reduction,random,0.1805150180880446,4
single_shape,tiny_gap,random_fullrank,7046,centered_logit_fidelity,random,-0.027196050291702113,4
single_shape,tiny_gap,random_fullrank,7046,prob_error_reduction,random,0.1674638397525996,4
single_shape,tiny_gap,random_fullrank,7047,centered_logit_fidelity,random,-0.015296389176014348,4
single_shape,tiny_gap,random_fullrank,7047,prob_error_reduction,random,0.14111056691035628,4
single_shape,tiny_gap,random_fullrank,7048,centered_logit_fidelity,random,-0.03148627600247475,4
single_shape,tiny_gap,random_fullrank,7048,prob_error_reduction,random,0.17803849288611673,4
single_shape,tiny_gap,random_fullrank,7049,centered_logit_fidelity,random,-0.02012379922856188,4
single_shape,tiny_gap,random_fullrank,7049,prob_error_reduction,random,0.1759519726037979,4
single_shape,tiny_gap,random_fullrank,7050,centered_logit_fidelity,random,-0.034023960809356886,4
single_shape,tiny_gap,random_fullrank,7050,prob_error_reduction,random,0.16819416324142367,4
single_shape,tiny_gap,random_fullrank,7051,centered_logit_fidelity,random,-0.01671810342816892,4
single_shape,tiny_gap,random_fullrank,7051,prob_error_reduction,random,0.19033157598460093,4
single_shape,tiny_gap,random_fullrank,7052,centered_logit_fidelity,random,-0.030959242792677553,4
single_shape,tiny_gap,random_fullrank,7052,prob_error_reduction,random,0.15481451113009825,4
single_shape,tiny_gap,random_fullrank,7053,centered_logit_fidelity,random,-0.02494361298403352,4
single_shape,tiny_gap,random_fullrank,7053,prob_error_reduction,random,0.1662770415423438,4
single_shape,tiny_gap,random_fullrank,7054,centered_logit_fidelity,random,-0.027257518438925522,4
single_shape,tiny_gap,random_fullrank,7054,prob_error_reduction,random,0.19934091679169796,4
single_shape,tiny_gap,random_fullrank,7055,centered_logit_fidelity,random,-0.04912825686404791,4
single_shape,tiny_gap,random_fullrank,7055,prob_error_reduction,random,0.20635860023321584,4
single_shape,tiny_gap,random_fullrank,7056,centered_logit_fidelity,random,-0.030374617561197116,4
single_shape,tiny_gap,random_fullrank,7056,prob_error_reduction,random,0.1641316246241331,4
single_shape,tiny_gap,random_fullrank,7057,centered_logit_fidelity,random,-0.0308297770270654,4
single_shape,tiny_gap,random_fullrank,7057,prob_error_reduction,random,0.16037706763017923,4
single_shape,tiny_gap,random_fullrank,7058,centered_logit_fidelity,random,-0.020996076826732997,4
single_shape,tiny_gap,random_fullrank,7058,prob_error_reduction,random,0.19749792470247485,4
single_shape,tiny_gap,random_fullrank,7059,centered_logit_fidelity,random,-0.021526365024492858,4
single_shape,tiny_gap,random_fullrank,7059,prob_error_reduction,random,0.2007015478448011,4
single_shape,tiny_gap,random_fullrank,7060,centered_logit_fidelity,random,-0.01285416099821461,4
single_shape,tiny_gap,random_fullrank,7060,prob_error_reduction,random,0.18616030405974016,4
single_shape,tiny_gap,random_fullrank,7061,centered_logit_fidelity,random,-0.026841542499728158,4
single_shape,tiny_gap,random_fullrank,7061,prob_error_reduction,random,0.1741383534972556,4
single_shape,tiny_gap,random_fullrank,7062,centered_logit_fidelity,random,-0.0298092696629755,4
single_shape,tiny_gap,random_fullrank,7062,prob_error_reduction,random,0.15811228958773427,4
single_shape,tiny_gap,random_fullrank,7063,centered_logit_fidelity,random,-0.02026271178132617,4
single_shape,tiny_gap,random_fullrank,7063,prob_error_reduction,random,0.2119733986328356,4
single_shape,tiny_gap,random_fullrank,7064,centered_logit_fidelity,random,-0.05623552696949356,4
single_shape,tiny_gap,random_fullrank,7064,prob_error_reduction,random,0.16509252216201276,4
single_shape,tiny_gap,random_fullrank,7065,centered_logit_fidelity,random,-0.031055714641407453,4
single_shape,tiny_gap,random_fullrank,7065,prob_error_reduction,random,0.1764461670536548,4
single_shape,tiny_gap,random_fullrank,7066,centered_logit_fidelity,random,-0.027280303247328108,4
single_shape,tiny_gap,random_fullrank,7066,prob_error_reduction,random,0.14889382664114237,4
single_shape,tiny_gap,random_fullrank,7067,centered_logit_fidelity,random,-0.0164778260354162,4
single_shape,tiny_gap,random_fullrank,7067,prob_error_reduction,random,0.21020814278745092,4
single_shape,tiny_gap,random_fullrank,7068,centered_logit_fidelity,random,-0.015026547485766142,4
single_shape,tiny_gap,random_fullrank,7068,prob_error_reduction,random,0.20149506858433597,4
single_shape,tiny_gap,random_fullrank,7069,centered_logit_fidelity,random,-0.019054588203745025,4
single_shape,tiny_gap,random_fullrank,7069,prob_error_reduction,random,0.1742643155157566,4
single_shape,tiny_gap,random_fullrank,7070,centered_logit_fidelity,random,-0.016823256964374818,4
single_shape,tiny_gap,random_fullrank,7070,prob_error_reduction,random,0.1535418572893832,4
single_shape,tiny_gap,random_fullrank,7071,centered_logit_fidelity,random,-0.025867309853953795,4
single_shape,tiny_gap,random_fullrank,7071,prob_error_reduction,random,0.1902263192459941,4
single_shape,tiny_gap,random_fullrank,7072,centered_logit_fidelity,random,-0.023742468922232016,4
single_shape,tiny_gap,random_fullrank,7072,prob_error_reduction,random,0.18784296937519684,4
single_shape,tiny_gap,random_fullrank,7073,centered_logit_fidelity,random,-0.016023773206948776,4
single_shape,tiny_gap,random_fullrank,7073,prob_error_reduction,random,0.19466150784865022,4
single_shape,tiny_gap,random_fullrank,7074,centered_logit_fidelity,random,-0.031800686737953617,4
single_shape,tiny_gap,random_fullrank,7074,prob_error_reduction,random,0.1791003071994055,4
single_shape,tiny_gap,random_fullrank,7075,centered_logit_fidelity,random,-0.019766495379894895,4
single_shape,tiny_gap,random_fullrank,7075,prob_error_reduction,random,0.22372815202106722,4
single_shape,tiny_gap,random_fullrank,7076,centered_logit_fidelity,random,-0.017609815590866912,4
single_shape,tiny_gap,random_fullrank,7076,prob_error_reduction,random,0.171101073094178,4
single_shape,tiny_gap,random_fullrank,7077,centered_logit_fidelity,random,-0.03181309356708219,4
single_shape,tiny_gap,random_fullrank,7077,prob_error_reduction,random,0.18538055516546592,4
single_shape,tiny_gap,random_fullrank,7078,centered_logit_fidelity,random,-0.018381268324076206,4
single_shape,tiny_gap,random_fullrank,7078,prob_error_reduction,random,0.17159361811354756,4
single_shape,tiny_gap,random_fullrank,7079,centered_logit_fidelity,random,-0.040079217584592625,4
single_shape,tiny_gap,random_fullrank,7079,prob_error_reduction,random,0.18817778589436784,4
single_shape,tiny_gap,random_fullrank,7080,centered_logit_fidelity,random,-0.015648571413411763,4
single_shape,tiny_gap,random_fullrank,7080,prob_error_reduction,random,0.19664737227139995,4
single_shape,tiny_gap,random_fullrank,7081,centered_logit_fidelity,random,-0.02406884108436197,4
single_shape,tiny_gap,random_fullrank,7081,prob_error_reduction,random,0.19151677869376726,4
single_shape,tiny_gap,random_fullrank,7082,centered_logit_fidelity,random,-0.02796973208752259,4
single_shape,tiny_gap,random_fullrank,7082,prob_error_reduction,random,0.1497552472865209,4
single_shape,tiny_gap,random_fullrank,7083,centered_logit_fidelity,random,-0.03613307560186729,4
single_shape,tiny_gap,random_fullrank,7083,prob_error_reduction,random,0.17688851029379293,4
single_shape,tiny_gap,random_fullrank,7084,centered_logit_fidelity,random,-0.02347330819031713,4
single_shape,tiny_gap,random_fullrank,7084,prob_error_reduction,random,0.19327386771328747,4
single_shape,tiny_gap,random_fullrank,7085,centered_logit_fidelity,random,-0.021955320802836603,4
single_shape,tiny_gap,random_fullrank,7085,prob_error_reduction,random,0.17097319013555534,4
single_shape,tiny_gap,random_fullrank,7086,centered_logit_fidelity,random,-0.028853796009555857,4
single_shape,tiny_gap,random_fullrank,7086,prob_error_reduction,random,0.2018443150445819,4
single_shape,tiny_gap,random_fullrank,7087,centered_logit_fidelity,random,-0.04030406737921835,4
single_shape,tiny_gap,random_fullrank,7087,prob_error_reduction,random,0.18465529463719577,4
single_shape,tiny_gap,random_fullrank,7088,centered_logit_fidelity,random,-0.0195547574860152,4
single_shape,tiny_gap,random_fullrank,7088,prob_error_reduction,random,0.1795703482348472,4
single_shape,tiny_gap,random_fullrank,7089,centered_logit_fidelity,random,-0.02121277443093786,4
single_shape,tiny_gap,random_fullrank,7089,prob_error_reduction,random,0.15798693129909225,4
single_shape,tiny_gap,random_fullrank,7090,centered_logit_fidelity,random,-0.028250119257036334,4
single_shape,tiny_gap,random_fullrank,7090,prob_error_reduction,random,0.1912322788266465,4
single_shape,tiny_gap,random_fullrank,7091,centered_logit_fidelity,random,-0.028005222752502383,4
single_shape,tiny_gap,random_fullrank,7091,prob_error_reduction,random,0.19142354431096464,4
single_shape,tiny_gap,random_fullrank,7092,centered_logit_fidelity,random,-0.02848130958826555,4
single_shape,tiny_gap,random_fullrank,7092,prob_error_reduction,random,0.1591573801706545,4
single_shape,tiny_gap,random_fullrank,7093,centered_logit_fidelity,random,-0.01662806779714553,4
single_shape,tiny_gap,random_fullrank,7093,prob_error_reduction,random,0.1529112319694832,4
single_shape,tiny_gap,random_fullrank,7094,centered_logit_fidelity,random,-0.0274563605977129,4
single_shape,tiny_gap,random_fullrank,7094,prob_error_reduction,random,0.19504182349191979,4
single_shape,tiny_gap,random_fullrank,7095,centered_logit_fidelity,random,-0.015275781422528101,4
single_shape,tiny_gap,random_fullrank,7095,prob_error_reduction,random,0.21901657216949388,4
single_shape,tiny_gap,random_fullrank,7096,centered_logit_fidelity,random,-0.020220854282433896,4
single_shape,tiny_gap,random_fullrank,7096,prob_error_reduction,random,0.141471878887387,4
single_shape,tiny_gap,random_fullrank,7097,centered_logit_fidelity,random,-0.0224396320368798,4
single_shape,tiny_gap,random_fullrank,7097,prob_error_reduction,random,0.1968177756643854,4
single_shape,tiny_gap,random_fullrank,7098,centered_logit_fidelity,random,-0.030042704526124828,4
single_shape,tiny_gap,random_fullrank,7098,prob_error_reduction,random,0.1756909810937941,4
single_shape,tiny_gap,random_fullrank,7099,centered_logit_fidelity,random,-0.03188079961933169,4
single_shape,tiny_gap,random_fullrank,7099,prob_error_reduction,random,0.19683398224879056,4
single_shape,tiny_gap,random_rank10,7000,centered_logit_fidelity,random,-0.033482712970584284,4
single_shape,tiny_gap,random_rank10,7000,prob_error_reduction,random,0.1958794214297086,4
single_shape,tiny_gap,random_rank10,7001,centered_logit_fidelity,random,-0.017859373102746896,4
single_shape,tiny_gap,random_rank10,7001,prob_error_reduction,random,0.16163373782183044,4
single_shape,tiny_gap,random_rank10,7002,centered_logit_fidelity,random,-0.02413196774314384,4
single_shape,tiny_gap,random_rank10,7002,prob_error_reduction,random,0.21559504070319235,4
single_shape,tiny_gap,random_rank10,7003,centered_logit_fidelity,random,-0.034642453056237615,4
single_shape,tiny_gap,random_rank10,7003,prob_error_reduction,random,0.1657982784381602,4
single_shape,tiny_gap,random_rank10,7004,centered_logit_fidelity,random,-0.03970557427608526,4
single_shape,tiny_gap,random_rank10,7004,prob_error_reduction,random,0.15623767068609595,4
single_shape,tiny_gap,random_rank10,7005,centered_logit_fidelity,random,-0.025529124814934696,4
single_shape,tiny_gap,random_rank10,7005,prob_error_reduction,random,0.17945958697237074,4
single_shape,tiny_gap,random_rank10,7006,centered_logit_fidelity,random,-0.012747961284324708,4
single_shape,tiny_gap,random_rank10,7006,prob_error_reduction,random,0.17167336569400504,4
single_shape,tiny_gap,random_rank10,7007,centered_logit_fidelity,random,-0.017783696520209544,4
single_shape,tiny_gap,random_rank10,7007,prob_error_reduction,random,0.17528601476806216,4
single_shape,tiny_gap,random_rank10,7008,centered_logit_fidelity,random,-0.02763358894370165,4
single_shape,tiny_gap,random_rank10,7008,prob_error_reduction,random,0.21744506806135178,4
single_shape,tiny_gap,random_rank10,7009,centered_logit_fidelity,random,-0.026088003478012628,4
single_shape,tiny_gap,random_rank10,7009,prob_error_reduction,random,0.17185268289176747,4
single_shape,tiny_gap,random_rank10,7010,centered_logit_fidelity,random,-0.02772161130263618,4
single_shape,tiny_gap,random_rank10,7010,prob_error_reduction,random,0.16229524128721096,4
single_shape,tiny_gap,random_rank10,7011,centered_logit_fidelity,random,-0.026248222155442036,4
single_shape,tiny_gap,random_rank10,7011,prob_error_reduction,random,0.19007329471060075,4
single_shape,tiny_gap,random_rank10,7012,centered_logit_fidelity,random,-0.04082277521057221,4
single_shape,tiny_gap,random_rank10,7012,prob_error_reduction,random,0.19164541605277918,4
single_shape,tiny_gap,random_rank10,7013,centered_logit_fidelity,random,-0.029069577638206875,4
single_shape,tiny_gap,random_rank10,7013,prob_error_reduction,random,0.1488225442590192,4
single_shape,tiny_gap,random_rank10,7014,centered_logit_fidelity,random,-0.026864608503111446,4
single_shape,tiny_gap,random_rank10,7014,prob_error_reduction,random,0.16013443467090838,4
single_shape,tiny_gap,random_rank10,7015,centered_logit_fidelity,random,-0.02551564423971063,4
single_shape,tiny_gap,random_rank10,7015,prob_error_reduction,random,0.17718028198578395,4
single_shape,tiny_gap,random_rank10,7016,centered_logit_fidelity,random,-0.01599190972417483,4
single_shape,tiny_gap,random_rank10,7016,prob_error_reduction,random,0.1969955457316246,4
single_shape,tiny_gap,random_rank10,7017,centered_logit_fidelity,random,-0.03602844557930305,4
single_shape,tiny_gap,random_rank10,7017,prob_error_reduction,random,0.14615196228260174,4
single_shape,tiny_gap,random_rank10,7018,centered_logit_fidelity,random,-0.02550306767382047,4
single_shape,tiny_gap,random_rank10,7018,prob_error_reduction,random,0.18364638215280138,4
single_shape,tiny_gap,random_rank10,7019,centered_logit_fidelity,random,-0.030793000889299895,4
single_shape,tiny_gap,random_rank10,7019,prob_error_reduction,random,0.20036885674926452,4
single_shape,tiny_gap,random_rank10,7020,centered_logit_fidelity,random,-0.016137683584282934,4
single_shape,tiny_gap,random_rank10,7020,prob_error_reduction,random,0.1780041578458622,4
single_shape,tiny_gap,random_rank10,7021,centered_logit_fidelity,random,-0.02914362270730582,4
single_shape,tiny_gap,random_rank10,7021,prob_error_reduction,random,0.18034874385921285,4
single_shape,tiny_gap,random_rank10,7022,centered_logit_fidelity,random,-0.027463904573809324,4
single_shape,tiny_gap,random_rank10,7022,prob_error_reduction,random,0.17831697734072804,4
single_shape,tiny_gap,random_rank10,7023,centered_logit_fidelity,random,-0.02549161578519501,4
single_shape,tiny_gap,random_rank10,7023,prob_error_reduction,random,0.15565370832337067,4
single_shape,tiny_gap,random_rank10,7024,centered_logit_fidelity,random,-0.03520621820981462,4
single_shape,tiny_gap,random_rank10,7024,prob_error_reduction,random,0.18205392462550662,4
single_shape,tiny_gap,random_rank10,7025,centered_logit_fidelity,random,-0.03503180576166954,4
single_shape,tiny_gap,random_rank10,7025,prob_error_reduction,random,0.19757515378296375,4
single_shape,tiny_gap,random_rank10,7026,centered_logit_fidelity,random,-0.013794964536487464,4
single_shape,tiny_gap,random_rank10,7026,prob_error_reduction,random,0.15852834074757993,4
single_shape,tiny_gap,random_rank10,7027,centered_logit_fidelity,random,-0.023677882338312008,4
single_shape,tiny_gap,random_rank10,7027,prob_error_reduction,random,0.15923125532572158,4
single_shape,tiny_gap,random_rank10,7028,centered_logit_fidelity,random,-0.015313029085965369,4
single_shape,tiny_gap,random_rank10,7028,prob_error_reduction,random,0.16258838862995617,4
single_shape,tiny_gap,random_rank10,7029,centered_logit_fidelity,random,-0.02499767845532285,4
single_shape,tiny_gap,random_rank10,7029,prob_error_reduction,random,0.16486825564061292,4
single_shape,tiny_gap,random_rank10,7030,centered_logit_fidelity,random,-0.038750914858068676,4
single_shape,tiny_gap,random_rank10,7030,prob_error_reduction,random,0.1884123724885285,4
single_shape,tiny_gap,random_rank10,7031,centered_logit_fidelity,random,-0.025535444720507568,4
single_shape,tiny_gap,random_rank10,7031,prob_error_reduction,random,0.18448925879783928,4
single_shape,tiny_gap,random_rank10,7032,centered_logit_fidelity,random,-0.015783052038410215,4
single_shape,tiny_gap,random_rank10,7032,prob_error_reduction,random,0.18676708976272494,4
single_shape,tiny_gap,random_rank10,7033,centered_logit_fidelity,random,-0.03295436375553481,4
single_shape,tiny_gap,random_rank10,7033,prob_error_reduction,random,0.18371023298823275,4
single_shape,tiny_gap,random_rank10,7034,centered_logit_fidelity,random,-0.020472729327780544,4
single_shape,tiny_gap,random_rank10,7034,prob_error_reduction,random,0.17049052662332542,4
single_shape,tiny_gap,random_rank10,7035,centered_logit_fidelity,random,-0.03224397190248403,4
single_shape,tiny_gap,random_rank10,7035,prob_error_reduction,random,0.17732338065980002,4
single_shape,tiny_gap,random_rank10,7036,centered_logit_fidelity,random,-0.030872183380545766,4
single_shape,tiny_gap,random_rank10,7036,prob_error_reduction,random,0.20920838572783396,4
single_shape,tiny_gap,random_rank10,7037,centered_logit_fidelity,random,-0.03188061594843147,4
single_shape,tiny_gap,random_rank10,7037,prob_error_reduction,random,0.16765354477684014,4
single_shape,tiny_gap,random_rank10,7038,centered_logit_fidelity,random,-0.024931233985059864,4
single_shape,tiny_gap,random_rank10,7038,prob_error_reduction,random,0.19307877513347194,4
single_shape,tiny_gap,random_rank10,7039,centered_logit_fidelity,random,-0.010305981606282096,4
single_shape,tiny_gap,random_rank10,7039,prob_error_reduction,random,0.18121651507681236,4
single_shape,tiny_gap,random_rank10,7040,centered_logit_fidelity,random,-0.02988871518755927,4
single_shape,tiny_gap,random_rank10,7040,prob_error_reduction,random,0.14829043712234125,4
single_shape,tiny_gap,random_rank10,7041,centered_logit_fidelity,random,-0.006778171374188655,4
single_shape,tiny_gap,random_rank10,7041,prob_error_reduction,random,0.20080446059000678,4
single_shape,tiny_gap,random_rank10,7042,centered_logit_fidelity,random,-0.02190905504499914,4
single_shape,tiny_gap,random_rank10,7042,prob_error_reduction,random,0.1793057651957497,4
single_shape,tiny_gap,random_rank10,7043,centered_logit_fidelity,random,-0.02191676430929118,4
single_shape,tiny_gap,random_rank10,7043,prob_error_reduction,random,0.17109117220388725,4
single_shape,tiny_gap,random_rank10,7044,centered_logit_fidelity,random,-0.025501623703874876,4
single_shape,tiny_gap,random_rank10,7044,prob_error_reduction,random,0.16365268488880247,4
single_shape,tiny_gap,random_rank10,7045,centered_logit_fidelity,random,-0.0425332164101249,4
single_shape,tiny_gap,random_rank10,7045,prob_error_reduction,random,0.17549964346108027,4
single_shape,tiny_gap,random_rank10,7046,centered_logit_fidelity,random,-0.03106630744661289,4
single_shape,tiny_gap,random_rank10,7046,prob_error_reduction,random,0.15888174969586544,4
single_shape,tiny_gap,random_rank10,7047,centered_logit_fidelity,random,-0.024330774254172995,4
single_shape,tiny_gap,random_rank10,7047,prob_error_reduction,random,0.14678761549293995,4
single_shape,tiny_gap,random_rank10,7048,centered_logit_fidelity,random,-0.03158159288724432,4
single_shape,tiny_gap,random_rank10,7048,prob_error_reduction,random,0.156159757374553,4
single_shape,tiny_gap,random_rank10,7049,centered_logit_fidelity,random,-0.025149870774699674,4
single_shape,tiny_gap,random_rank10,7049,prob_error_reduction,random,0.13729038659948856,4
single_shape,tiny_gap,random_rank10,7050,centered_logit_fidelity,random,-0.024707808359782597,4
single_shape,tiny_gap,random_rank10,7050,prob_error_reduction,random,0.17126275756163523,4
single_shape,tiny_gap,random_rank10,7051,centered_logit_fidelity,random,-0.017574903081222924,4
single_shape,tiny_gap,random_rank10,7051,prob_error_reduction,random,0.16044944335590117,4
single_shape,tiny_gap,random_rank10,7052,centered_logit_fidelity,random,-0.031181582482898887,4
single_shape,tiny_gap,random_rank10,7052,prob_error_reduction,random,0.18895002361387014,4
single_shape,tiny_gap,random_rank10,7053,centered_logit_fidelity,random,-0.02137103466289851,4
single_shape,tiny_gap,random_rank10,7053,prob_error_reduction,random,0.1606916604214348,4
single_shape,tiny_gap,random_rank10,7054,centered_logit_fidelity,random,-0.028451892846955554,4
single_shape,tiny_gap,random_rank10,7054,prob_error_reduction,random,0.24887249755556695,4
single_shape,tiny_gap,random_rank10,7055,centered_logit_fidelity,random,-0.045819592876121966,4
single_shape,tiny_gap,random_rank10,7055,prob_error_reduction,random,0.20482087298296392,4
single_shape,tiny_gap,random_rank10,7056,centered_logit_fidelity,random,-0.012858839080307176,4
single_shape,tiny_gap,random_rank10,7056,prob_error_reduction,random,0.17940562867443077,4
single_shape,tiny_gap,random_rank10,7057,centered_logit_fidelity,random,-0.015212064382431875,4
single_shape,tiny_gap,random_rank10,7057,prob_error_reduction,random,0.1597511206928175,4
single_shape,tiny_gap,random_rank10,7058,centered_logit_fidelity,random,-0.024562384226039846,4
single_shape,tiny_gap,random_rank10,7058,prob_error_reduction,random,0.18858909275149927,4
single_shape,tiny_gap,random_rank10,7059,centered_logit_fidelity,random,-0.017688689002147436,4
single_shape,tiny_gap,random_rank10,7059,prob_error_reduction,random,0.18361611760337837,4
single_shape,tiny_gap,random_rank10,7060,centered_logit_fidelity,random,-0.027888021433550916,4
single_shape,tiny_gap,random_rank10,7060,prob_error_reduction,random,0.16680099960649386,4
single_shape,tiny_gap,random_rank10,7061,centered_logit_fidelity,random,-0.03779824811435194,4
single_shape,tiny_gap,random_rank10,7061,prob_error_reduction,random,0.16219050763174891,4
single_shape,tiny_gap,random_rank10,7062,centered_logit_fidelity,random,-0.020178821655788583,4
single_shape,tiny_gap,random_rank10,7062,prob_error_reduction,random,0.173623371636495,4
single_shape,tiny_gap,random_rank10,7063,centered_logit_fidelity,random,-0.014132154595949858,4
single_shape,tiny_gap,random_rank10,7063,prob_error_reduction,random,0.19124020703020506,4
single_shape,tiny_gap,random_rank10,7064,centered_logit_fidelity,random,-0.02565876337527325,4
single_shape,tiny_gap,random_rank10,7064,prob_error_reduction,random,0.17337593587581068,4
single_shape,tiny_gap,random_rank10,7065,centered_logit_fidelity,random,-0.03232107076231737,4
single_shape,tiny_gap,random_rank10,7065,prob_error_reduction,random,0.1799440840841271,4
single_shape,tiny_gap,random_rank10,7066,centered_logit_fidelity,random,-0.01651869110790352,4
single_shape,tiny_gap,random_rank10,7066,prob_error_reduction,random,0.14501223718980327,4
single_shape,tiny_gap,random_rank10,7067,centered_logit_fidelity,random,-0.02262647411614721,4
single_shape,tiny_gap,random_rank10,7067,prob_error_reduction,random,0.17656452578376047,4
single_shape,tiny_gap,random_rank10,7068,centered_logit_fidelity,random,-0.038008042661348954,4
single_shape,tiny_gap,random_rank10,7068,prob_error_reduction,random,0.17429200670449063,4
single_shape,tiny_gap,random_rank10,7069,centered_logit_fidelity,random,-0.02573792546834599,4
single_shape,tiny_gap,random_rank10,7069,prob_error_reduction,random,0.1639766606676858,4
single_shape,tiny_gap,random_rank10,7070,centered_logit_fidelity,random,-0.0064562166335696905,4
single_shape,tiny_gap,random_rank10,7070,prob_error_reduction,random,0.1679179678321816,4
single_shape,tiny_gap,random_rank10,7071,centered_logit_fidelity,random,-0.02108316352434566,4
single_shape,tiny_gap,random_rank10,7071,prob_error_reduction,random,0.17611133126774803,4
single_shape,tiny_gap,random_rank10,7072,centered_logit_fidelity,random,-0.0231483756885426,4
single_shape,tiny_gap,random_rank10,7072,prob_error_reduction,random,0.17544801585609093,4
single_shape,tiny_gap,random_rank10,7073,centered_logit_fidelity,random,-0.018173226142289653,4
single_shape,tiny_gap,random_rank10,7073,prob_error_reduction,random,0.23379947716603056,4
single_shape,tiny_gap,random_rank10,7074,centered_logit_fidelity,random,-0.012932274619901148,4
single_shape,tiny_gap,random_rank10,7074,prob_error_reduction,random,0.1715203866478987,4
single_shape,tiny_gap,random_rank10,7075,centered_logit_fidelity,random,-0.037085954985641253,4
single_shape,tiny_gap,random_rank10,7075,prob_error_reduction,random,0.1975555467652157,4
single_shape,tiny_gap,random_rank10,7076,centered_logit_fidelity,random,-0.012048155387491762,4
single_shape,tiny_gap,random_rank10,7076,prob_error_reduction,random,0.16383716615382582,4
single_shape,tiny_gap,random_rank10,7077,centered_logit_fidelity,random,-0.03252735567129784,4
single_shape,tiny_gap,random_rank10,7077,prob_error_reduction,random,0.19575464783702046,4
single_shape,tiny_gap,random_rank10,7078,centered_logit_fidelity,random,-0.016795578080350385,4
single_shape,tiny_gap,random_rank10,7078,prob_error_reduction,random,0.16012532159220427,4
single_shape,tiny_gap,random_rank10,7079,centered_logit_fidelity,random,-0.02683046741568425,4
single_shape,tiny_gap,random_rank10,7079,prob_error_reduction,random,0.16051356692332774,4
single_shape,tiny_gap,random_rank10,7080,centered_logit_fidelity,random,-0.017694498089373286,4
single_shape,tiny_gap,random_rank10,7080,prob_error_reduction,random,0.19508906186092645,4
single_shape,tiny_gap,random_rank10,7081,centered_logit_fidelity,random,-0.02720120477576906,4
single_shape,tiny_gap,random_rank10,7081,prob_error_reduction,random,0.19936083111679181,4
single_shape,tiny_gap,random_rank10,7082,centered_logit_fidelity,random,-0.025105303675311455,4
single_shape,tiny_gap,random_rank10,7082,prob_error_reduction,random,0.15451381605817005,4
single_shape,tiny_gap,random_rank10,7083,centered_logit_fidelity,random,-0.019216337945297677,4
single_shape,tiny_gap,random_rank10,7083,prob_error_reduction,random,0.19233154339599423,4
single_shape,tiny_gap,random_rank10,7084,centered_logit_fidelity,random,-0.018483102591877958,4
single_shape,tiny_gap,random_rank10,7084,prob_error_reduction,random,0.18625925859669223,4
single_shape,tiny_gap,random_rank10,7085,centered_logit_fidelity,random,-0.029190752858839646,4
single_shape,tiny_gap,random_rank10,7085,prob_error_reduction,random,0.1732378335436806,4
single_shape,tiny_gap,random_rank10,7086,centered_logit_fidelity,random,-0.01856053661132786,4
single_shape,tiny_gap,random_rank10,7086,prob_error_reduction,random,0.19248613590025343,4
single_shape,tiny_gap,random_rank10,7087,centered_logit_fidelity,random,-0.04128862883980649,4
single_shape,tiny_gap,random_rank10,7087,prob_error_reduction,random,0.18745176494121552,4
single_shape,tiny_gap,random_rank10,7088,centered_logit_fidelity,random,-0.03139801532811829,4
single_shape,tiny_gap,random_rank10,7088,prob_error_reduction,random,0.16657528627547435,4
single_shape,tiny_gap,random_rank10,7089,centered_logit_fidelity,random,-0.017657796390581716,4
single_shape,tiny_gap,random_rank10,7089,prob_error_reduction,random,0.17777392169227824,4
single_shape,tiny_gap,random_rank10,7090,centered_logit_fidelity,random,-0.017262712874445113,4
single_shape,tiny_gap,random_rank10,7090,prob_error_reduction,random,0.16768987334216945,4
single_shape,tiny_gap,random_rank10,7091,centered_logit_fidelity,random,-0.0206197939832913,4
single_shape,tiny_gap,random_rank10,7091,prob_error_reduction,random,0.1990019674121868,4
single_shape,tiny_gap,random_rank10,7092,centered_logit_fidelity,random,-0.024686284827088203,4
single_shape,tiny_gap,random_rank10,7092,prob_error_reduction,random,0.1829801494604908,4
single_shape,tiny_gap,random_rank10,7093,centered_logit_fidelity,random,-0.017792921583986567,4
single_shape,tiny_gap,random_rank10,7093,prob_error_reduction,random,0.16712273587472737,4
single_shape,tiny_gap,random_rank10,7094,centered_logit_fidelity,random,-0.04320893077063436,4
single_shape,tiny_gap,random_rank10,7094,prob_error_reduction,random,0.20808851724723354,4
single_shape,tiny_gap,random_rank10,7095,centered_logit_fidelity,random,-0.03954712923587583,4
single_shape,tiny_gap,random_rank10,7095,prob_error_reduction,random,0.21655983765958808,4
single_shape,tiny_gap,random_rank10,7096,centered_logit_fidelity,random,-0.030117593840747775,4
single_shape,tiny_gap,random_rank10,7096,prob_error_reduction,random,0.1534307557158172,4
single_shape,tiny_gap,random_rank10,7097,centered_logit_fidelity,random,-0.026759161911192264,4
single_shape,tiny_gap,random_rank10,7097,prob_error_reduction,random,0.1968725937185809,4
single_shape,tiny_gap,random_rank10,7098,centered_logit_fidelity,random,-0.01563714858380697,4
single_shape,tiny_gap,random_rank10,7098,prob_error_reduction,random,0.20065378170693293,4
single_shape,tiny_gap,random_rank10,7099,centered_logit_fidelity,random,-0.025738371611502518,4
single_shape,tiny_gap,random_rank10,7099,prob_error_reduction,random,0.22374238399788737,4
single_shape,tiny_gap,structured_template,7000,centered_logit_fidelity,random,-0.02509467821518674,4
single_shape,tiny_gap,structured_template,7000,prob_error_reduction,random,0.1868857272202149,4
single_shape,tiny_gap,structured_template,7001,centered_logit_fidelity,random,-0.02706860028324528,4
single_shape,tiny_gap,structured_template,7001,prob_error_reduction,random,0.18983414501417428,4
single_shape,tiny_gap,structured_template,7002,centered_logit_fidelity,random,-0.03535791461873637,4
single_shape,tiny_gap,structured_template,7002,prob_error_reduction,random,0.20894642401253805,4
single_shape,tiny_gap,structured_template,7003,centered_logit_fidelity,random,-0.02473354393740209,4
single_shape,tiny_gap,structured_template,7003,prob_error_reduction,random,0.22020599935785867,4
single_shape,tiny_gap,structured_template,7004,centered_logit_fidelity,random,-0.05817306113007638,4
single_shape,tiny_gap,structured_template,7004,prob_error_reduction,random,0.17716496111825109,4
single_shape,tiny_gap,structured_template,7005,centered_logit_fidelity,random,-0.05024941210007949,4
single_shape,tiny_gap,structured_template,7005,prob_error_reduction,random,0.23673161008628085,4
single_shape,tiny_gap,structured_template,7006,centered_logit_fidelity,random,-0.03005963462238506,4
single_shape,tiny_gap,structured_template,7006,prob_error_reduction,random,0.19312364212237298,4
single_shape,tiny_gap,structured_template,7007,centered_logit_fidelity,random,-0.03932568967245008,4
single_shape,tiny_gap,structured_template,7007,prob_error_reduction,random,0.21573732103570364,4
single_shape,tiny_gap,structured_template,7008,centered_logit_fidelity,random,-0.028825786941607166,4
single_shape,tiny_gap,structured_template,7008,prob_error_reduction,random,0.23106231488054618,4
single_shape,tiny_gap,structured_template,7009,centered_logit_fidelity,random,-0.05726253842098893,4
single_shape,tiny_gap,structured_template,7009,prob_error_reduction,random,0.19007243303349242,4
single_shape,tiny_gap,structured_template,7010,centered_logit_fidelity,random,-0.03218862205834652,4
single_shape,tiny_gap,structured_template,7010,prob_error_reduction,random,0.19912780914455652,4
single_shape,tiny_gap,structured_template,7011,centered_logit_fidelity,random,-0.04373067326781856,4
single_shape,tiny_gap,structured_template,7011,prob_error_reduction,random,0.1887177299358882,4
single_shape,tiny_gap,structured_template,7012,centered_logit_fidelity,random,-0.03900383371865004,4
single_shape,tiny_gap,structured_template,7012,prob_error_reduction,random,0.25553639049758203,4
single_shape,tiny_gap,structured_template,7013,centered_logit_fidelity,random,-0.04503373553755306,4
single_shape,tiny_gap,structured_template,7013,prob_error_reduction,random,0.20290094520896673,4
single_shape,tiny_gap,structured_template,7014,centered_logit_fidelity,random,-0.03358039049645547,4
single_shape,tiny_gap,structured_template,7014,prob_error_reduction,random,0.18973980183363892,4
single_shape,tiny_gap,structured_template,7015,centered_logit_fidelity,random,-0.034889042092469555,4
single_shape,tiny_gap,structured_template,7015,prob_error_reduction,random,0.19149387476500124,4
single_shape,tiny_gap,structured_template,7016,centered_logit_fidelity,random,-0.029031333803761127,4
single_shape,tiny_gap,structured_template,7016,prob_error_reduction,random,0.22420833603246137,4
single_shape,tiny_gap,structured_template,7017,centered_logit_fidelity,random,-0.02384318760974114,4
single_shape,tiny_gap,structured_template,7017,prob_error_reduction,random,0.19104478645022027,4
single_shape,tiny_gap,structured_template,7018,centered_logit_fidelity,random,-0.03583697809056689,4
single_shape,tiny_gap,structured_template,7018,prob_error_reduction,random,0.21746624633669853,4
single_shape,tiny_gap,structured_template,7019,centered_logit_fidelity,random,-0.05399916672330363,4
single_shape,tiny_gap,structured_template,7019,prob_error_reduction,random,0.20936721184989437,4
single_shape,tiny_gap,structured_template,7020,centered_logit_fidelity,random,-0.03625267731357486,4
single_shape,tiny_gap,structured_template,7020,prob_error_reduction,random,0.20248501712922007,4
single_shape,tiny_gap,structured_template,7021,centered_logit_fidelity,random,-0.026017447554170715,4
single_shape,tiny_gap,structured_template,7021,prob_error_reduction,random,0.18868556449888274,4
single_shape,tiny_gap,structured_template,7022,centered_logit_fidelity,random,-0.03271296488133308,4
single_shape,tiny_gap,structured_template,7022,prob_error_reduction,random,0.2022943576448597,4
single_shape,tiny_gap,structured_template,7023,centered_logit_fidelity,random,-0.023058205341049007,4
single_shape,tiny_gap,structured_template,7023,prob_error_reduction,random,0.1924332808703184,4
single_shape,tiny_gap,structured_template,7024,centered_logit_fidelity,random,-0.031878137879150586,4
single_shape,tiny_gap,structured_template,7024,prob_error_reduction,random,0.23033671639859676,4
single_shape,tiny_gap,structured_template,7025,centered_logit_fidelity,random,-0.03215594349356769,4
single_shape,tiny_gap,structured_template,7025,prob_error_reduction,random,0.24910253705456853,4
single_shape,tiny_gap,structured_template,7026,centered_logit_fidelity,random,-0.049513209308489584,4
single_shape,tiny_gap,structured_template,7026,prob_error_reduction,random,0.18372619687579572,4
single_shape,tiny_gap,structured_template,7027,centered_logit_fidelity,random,-0.03276834443628996,4
single_shape,tiny_gap,structured_template,7027,prob_error_reduction,random,0.19625889469170943,4
single_shape,tiny_gap,structured_template,7028,centered_logit_fidelity,random,-0.01855368018269818,4
single_shape,tiny_gap,structured_template,7028,prob_error_reduction,random,0.18812498560873792,4
single_shape,tiny_gap,structured_template,7029,centered_logit_fidelity,random,-0.056490944424877426,4
single_shape,tiny_gap,structured_template,7029,prob_error_reduction,random,0.1936031407385599,4
single_shape,tiny_gap,structured_template,7030,centered_logit_fidelity,random,-0.025222877254698742,4
single_shape,tiny_gap,structured_template,7030,prob_error_reduction,random,0.23984716058475897,4
single_shape,tiny_gap,structured_template,7031,centered_logit_fidelity,random,-0.033179191256288806,4
single_shape,tiny_gap,structured_template,7031,prob_error_reduction,random,0.20589165037381463,4
single_shape,tiny_gap,structured_template,7032,centered_logit_fidelity,random,-0.038305585042650414,4
single_shape,tiny_gap,structured_template,7032,prob_error_reduction,random,0.2092636035522446,4
single_shape,tiny_gap,structured_template,7033,centered_logit_fidelity,random,-0.03343289014066129,4
single_shape,tiny_gap,structured_template,7033,prob_error_reduction,random,0.18373356433585286,4
single_shape,tiny_gap,structured_template,7034,centered_logit_fidelity,random,-0.02450117279330536,4
single_shape,tiny_gap,structured_template,7034,prob_error_reduction,random,0.18391041754512116,4
single_shape,tiny_gap,structured_template,7035,centered_logit_fidelity,random,-0.03539865506201109,4
single_shape,tiny_gap,structured_template,7035,prob_error_reduction,random,0.20291133766295388,4
single_shape,tiny_gap,structured_template,7036,centered_logit_fidelity,random,-0.04881300592504339,4
single_shape,tiny_gap,structured_template,7036,prob_error_reduction,random,0.22675282380077988,4
single_shape,tiny_gap,structured_template,7037,centered_logit_fidelity,random,-0.03791586313148622,4
single_shape,tiny_gap,structured_template,7037,prob_error_reduction,random,0.2003129484364763,4
single_shape,tiny_gap,structured_template,7038,centered_logit_fidelity,random,-0.03753825173422509,4
single_shape,tiny_gap,structured_template,7038,prob_error_reduction,random,0.2381035972503014,4
single_shape,tiny_gap,structured_template,7039,centered_logit_fidelity,random,-0.020402695631317913,4
single_shape,tiny_gap,structured_template,7039,prob_error_reduction,random,0.2119800986838527,4
single_shape,tiny_gap,structured_template,7040,centered_logit_fidelity,random,-0.041523193687456224,4
single_shape,tiny_gap,structured_template,7040,prob_error_reduction,random,0.1842176997452043,4
single_shape,tiny_gap,structured_template,7041,centered_logit_fidelity,random,-0.026327346482579804,4
single_shape,tiny_gap,structured_template,7041,prob_error_reduction,random,0.21310985035961494,4
single_shape,tiny_gap,structured_template,7042,centered_logit_fidelity,random,-0.05358162419090628,4
single_shape,tiny_gap,structured_template,7042,prob_error_reduction,random,0.2317217143427115,4
single_shape,tiny_gap,structured_template,7043,centered_logit_fidelity,random,-0.026407231052272204,4
single_shape,tiny_gap,structured_template,7043,prob_error_reduction,random,0.18452169842203148,4
single_shape,tiny_gap,structured_template,7044,centered_logit_fidelity,random,-0.04883565401551402,4
single_shape,tiny_gap,structured_template,7044,prob_error_reduction,random,0.20192315764143132,4
single_shape,tiny_gap,structured_template,7045,centered_logit_fidelity,random,-0.05478869152448055,4
single_shape,tiny_gap,structured_template,7045,prob_error_reduction,random,0.23112142621539533,4
single_shape,tiny_gap,structured_template,7046,centered_logit_fidelity,random,-0.001186465523412946,4
single_shape,tiny_gap,structured_template,7046,prob_error_reduction,random,0.21636330359615386,4
single_shape,tiny_gap,structured_template,7047,centered_logit_fidelity,random,-0.030602005744595977,4
single_shape,tiny_gap,structured_template,7047,prob_error_reduction,random,0.1521607786999084,4
single_shape,tiny_gap,structured_template,7048,centered_logit_fidelity,random,-0.030534216206155453,4
single_shape,tiny_gap,structured_template,7048,prob_error_reduction,random,0.1932730353437364,4
single_shape,tiny_gap,structured_template,7049,centered_logit_fidelity,random,-0.03358940522229952,4
single_shape,tiny_gap,structured_template,7049,prob_error_reduction,random,0.19448969268705696,4
single_shape,tiny_gap,structured_template,7050,centered_logit_fidelity,random,-0.047374505673200826,4
single_shape,tiny_gap,structured_template,7050,prob_error_reduction,random,0.22406716528348625,4
single_shape,tiny_gap,structured_template,7051,centered_logit_fidelity,random,-0.01954033730445115,4
single_shape,tiny_gap,structured_template,7051,prob_error_reduction,random,0.21514119798666798,4
single_shape,tiny_gap,structured_template,7052,centered_logit_fidelity,random,-0.040903601395014984,4
single_shape,tiny_gap,structured_template,7052,prob_error_reduction,random,0.1998083529761061,4
single_shape,tiny_gap,structured_template,7053,centered_logit_fidelity,random,-0.04581621390358427,4
single_shape,tiny_gap,structured_template,7053,prob_error_reduction,random,0.21188912860816345,4
single_shape,tiny_gap,structured_template,7054,centered_logit_fidelity,random,-0.029822297305496223,4
single_shape,tiny_gap,structured_template,7054,prob_error_reduction,random,0.22768421287764795,4
single_shape,tiny_gap,structured_template,7055,centered_logit_fidelity,random,-0.05484145293626924,4
single_shape,tiny_gap,structured_template,7055,prob_error_reduction,random,0.2162301270000171,4
single_shape,tiny_gap,structured_template,7056,centered_logit_fidelity,random,-0.02006225164440744,4
single_shape,tiny_gap,structured_template,7056,prob_error_reduction,random,0.21919504273682833,4
single_shape,tiny_gap,structured_template,7057,centered_logit_fidelity,random,-0.03246398867854263,4
single_shape,tiny_gap,structured_template,7057,prob_error_reduction,random,0.18616452196147293,4
single_shape,tiny_gap,structured_template,7058,centered_logit_fidelity,random,-0.04629650857043314,4
single_shape,tiny_gap,structured_template,7058,prob_error_reduction,random,0.20567142593790777,4
single_shape,tiny_gap,structured_template,7059,centered_logit_fidelity,random,-0.032701448114535625,4
single_shape,tiny_gap,structured_template,7059,prob_error_reduction,random,0.1830921681248583,4
single_shape,tiny_gap,structured_template,7060,centered_logit_fidelity,random,-0.05809145225052874,4
single_shape,tiny_gap,structured_template,7060,prob_error_reduction,random,0.18074032117147,4
single_shape,tiny_gap,structured_template,7061,centered_logit_fidelity,random,-0.02896043942408425,4
single_shape,tiny_gap,structured_template,7061,prob_error_reduction,random,0.19201583787798882,4
single_shape,tiny_gap,structured_template,7062,centered_logit_fidelity,random,-0.024258282851546076,4
single_shape,tiny_gap,structured_template,7062,prob_error_reduction,random,0.21144457650370896,4
single_shape,tiny_gap,structured_template,7063,centered_logit_fidelity,random,-0.04276446143542424,4
single_shape,tiny_gap,structured_template,7063,prob_error_reduction,random,0.21379640567465685,4
single_shape,tiny_gap,structured_template,7064,centered_logit_fidelity,random,-0.028942048208437314,4
single_shape,tiny_gap,structured_template,7064,prob_error_reduction,random,0.23645367624703795,4
single_shape,tiny_gap,structured_template,7065,centered_logit_fidelity,random,-0.0416281647289356,4
single_shape,tiny_gap,structured_template,7065,prob_error_reduction,random,0.189565017062705,4
single_shape,tiny_gap,structured_template,7066,centered_logit_fidelity,random,-0.043330328130514004,4
single_shape,tiny_gap,structured_template,7066,prob_error_reduction,random,0.1841449721250683,4
single_shape,tiny_gap,structured_template,7067,centered_logit_fidelity,random,-0.019858068224759273,4
single_shape,tiny_gap,structured_template,7067,prob_error_reduction,random,0.21367643820121884,4
single_shape,tiny_gap,structured_template,7068,centered_logit_fidelity,random,-0.026866757457108287,4
single_shape,tiny_gap,structured_template,7068,prob_error_reduction,random,0.18962912092683837,4
single_shape,tiny_gap,structured_template,7069,centered_logit_fidelity,random,-0.03751540925962164,4
single_shape,tiny_gap,structured_template,7069,prob_error_reduction,random,0.18042012606747448,4
single_shape,tiny_gap,structured_template,7070,centered_logit_fidelity,random,-0.038811576698096886,4
single_shape,tiny_gap,structured_template,7070,prob_error_reduction,random,0.19324677780969068,4
single_shape,tiny_gap,structured_template,7071,centered_logit_fidelity,random,-0.03365594519979778,4
single_shape,tiny_gap,structured_template,7071,prob_error_reduction,random,0.1992429877864197,4
single_shape,tiny_gap,structured_template,7072,centered_logit_fidelity,random,-0.04851457077878114,4
single_shape,tiny_gap,structured_template,7072,prob_error_reduction,random,0.22870209522079676,4
single_shape,tiny_gap,structured_template,7073,centered_logit_fidelity,random,-0.030803525980611566,4
single_shape,tiny_gap,structured_template,7073,prob_error_reduction,random,0.2267530358512886,4
single_shape,tiny_gap,structured_template,7074,centered_logit_fidelity,random,-0.04338959133184821,4
single_shape,tiny_gap,structured_template,7074,prob_error_reduction,random,0.17502963030710816,4
single_shape,tiny_gap,structured_template,7075,centered_logit_fidelity,random,-0.03956543422645005,4
single_shape,tiny_gap,structured_template,7075,prob_error_reduction,random,0.2304017540300265,4
single_shape,tiny_gap,structured_template,7076,centered_logit_fidelity,random,-0.03649291189294698,4
single_shape,tiny_gap,structured_template,7076,prob_error_reduction,random,0.20095290182507597,4
single_shape,tiny_gap,structured_template,7077,centered_logit_fidelity,random,-0.04820122079925236,4
single_shape,tiny_gap,structured_template,7077,prob_error_reduction,random,0.2168537406832911,4
single_shape,tiny_gap,structured_template,7078,centered_logit_fidelity,random,-0.03251893313381749,4
single_shape,tiny_gap,structured_template,7078,prob_error_reduction,random,0.20115231000818312,4
single_shape,tiny_gap,structured_template,7079,centered_logit_fidelity,random,-0.02372018710031215,4
single_shape,tiny_gap,structured_template,7079,prob_error_reduction,random,0.1876277230330743,4
single_shape,tiny_gap,structured_template,7080,centered_logit_fidelity,random,-0.028617331509145028,4
single_shape,tiny_gap,structured_template,7080,prob_error_reduction,random,0.2605567413265817,4
single_shape,tiny_gap,structured_template,7081,centered_logit_fidelity,random,-0.036932195907920365,4
single_shape,tiny_gap,structured_template,7081,prob_error_reduction,random,0.2129045461770147,4
single_shape,tiny_gap,structured_template,7082,centered_logit_fidelity,random,-0.020571828852612127,4
single_shape,tiny_gap,structured_template,7082,prob_error_reduction,random,0.17105795914540067,4
single_shape,tiny_gap,structured_template,7083,centered_logit_fidelity,random,-0.0420890727672589,4
single_shape,tiny_gap,structured_template,7083,prob_error_reduction,random,0.21680690700304694,4
single_shape,tiny_gap,structured_template,7084,centered_logit_fidelity,random,-0.03371763184937642,4
single_shape,tiny_gap,structured_template,7084,prob_error_reduction,random,0.20865939580835402,4
single_shape,tiny_gap,structured_template,7085,centered_logit_fidelity,random,-0.02900996176592359,4
single_shape,tiny_gap,structured_template,7085,prob_error_reduction,random,0.18872694880701602,4
single_shape,tiny_gap,structured_template,7086,centered_logit_fidelity,random,-0.031748257074237285,4
single_shape,tiny_gap,structured_template,7086,prob_error_reduction,random,0.24244273611111566,4
single_shape,tiny_gap,structured_template,7087,centered_logit_fidelity,random,-0.02720564323246733,4
single_shape,tiny_gap,structured_template,7087,prob_error_reduction,random,0.22598254412878305,4
single_shape,tiny_gap,structured_template,7088,centered_logit_fidelity,random,-0.03204173562191014,4
single_shape,tiny_gap,structured_template,7088,prob_error_reduction,random,0.19982586172409356,4
single_shape,tiny_gap,structured_template,7089,centered_logit_fidelity,random,-0.07421349352459103,4
single_shape,tiny_gap,structured_template,7089,prob_error_reduction,random,0.17758519513881765,4
single_shape,tiny_gap,structured_template,7090,centered_logit_fidelity,random,-0.025896341929687962,4
single_shape,tiny_gap,structured_template,7090,prob_error_reduction,random,0.224793041968951,4
single_shape,tiny_gap,structured_template,7091,centered_logit_fidelity,random,-0.03584179165013479,4
single_shape,tiny_gap,structured_template,7091,prob_error_reduction,random,0.2315623683971353,4
single_shape,tiny_gap,structured_template,7092,centered_logit_fidelity,random,-0.027427583819526945,4
single_shape,tiny_gap,structured_template,7092,prob_error_reduction,random,0.16826607860275544,4
single_shape,tiny_gap,structured_template,7093,centered_logit_fidelity,random,-0.028419583281963492,4
single_shape,tiny_gap,structured_template,7093,prob_error_reduction,random,0.18557702662656084,4
single_shape,tiny_gap,structured_template,7094,centered_logit_fidelity,random,-0.04447287860990451,4
single_shape,tiny_gap,structured_template,7094,prob_error_reduction,random,0.22662532445974648,4
single_shape,tiny_gap,structured_template,7095,centered_logit_fidelity,random,-0.018597411682847852,4
single_shape,tiny_gap,structured_template,7095,prob_error_reduction,random,0.24557084526168182,4
single_shape,tiny_gap,structured_template,7096,centered_logit_fidelity,random,-0.01596683035406883,4
single_shape,tiny_gap,structured_template,7096,prob_error_reduction,random,0.20093014027224854,4
single_shape,tiny_gap,structured_template,7097,centered_logit_fidelity,random,-0.04472672919219481,4
single_shape,tiny_gap,structured_template,7097,prob_error_reduction,random,0.22705647003022023,4
single_shape,tiny_gap,structured_template,7098,centered_logit_fidelity,random,-0.022131056201941803,4
single_shape,tiny_gap,structured_template,7098,prob_error_reduction,random,0.21929066389566287,4
single_shape,tiny_gap,structured_template,7099,centered_logit_fidelity,random,-0.04150355195027962,4
single_shape,tiny_gap,structured_template,7099,prob_error_reduction,random,0.22624360583722591,4
single_shape,tiny_gmp,pixel_permuted_template,7000,centered_logit_fidelity,random,0.008998486171224056,4
single_shape,tiny_gmp,pixel_permuted_template,7000,prob_error_reduction,random,0.10096540907397866,4
single_shape,tiny_gmp,pixel_permuted_template,7001,centered_logit_fidelity,random,0.012084199146636802,4
single_shape,tiny_gmp,pixel_permuted_template,7001,prob_error_reduction,random,0.11215525958687067,4
single_shape,tiny_gmp,pixel_permuted_template,7002,centered_logit_fidelity,random,0.015487855546071965,4
single_shape,tiny_gmp,pixel_permuted_template,7002,prob_error_reduction,random,0.11439875094220042,4
single_shape,tiny_gmp,pixel_permuted_template,7003,centered_logit_fidelity,random,0.005216964738485383,4
single_shape,tiny_gmp,pixel_permuted_template,7003,prob_error_reduction,random,0.1132539501413703,4
single_shape,tiny_gmp,pixel_permuted_template,7004,centered_logit_fidelity,random,0.009652876989397407,4
single_shape,tiny_gmp,pixel_permuted_template,7004,prob_error_reduction,random,0.1246565212495625,4
single_shape,tiny_gmp,pixel_permuted_template,7005,centered_logit_fidelity,random,0.0023280848434941385,4
single_shape,tiny_gmp,pixel_permuted_template,7005,prob_error_reduction,random,0.09069075435400009,4
single_shape,tiny_gmp,pixel_permuted_template,7006,centered_logit_fidelity,random,0.009505799584330777,4
single_shape,tiny_gmp,pixel_permuted_template,7006,prob_error_reduction,random,0.11600656411610544,4
single_shape,tiny_gmp,pixel_permuted_template,7007,centered_logit_fidelity,random,0.010584232652192941,4
single_shape,tiny_gmp,pixel_permuted_template,7007,prob_error_reduction,random,0.10500678140670061,4
single_shape,tiny_gmp,pixel_permuted_template,7008,centered_logit_fidelity,random,0.005083364635592254,4
single_shape,tiny_gmp,pixel_permuted_template,7008,prob_error_reduction,random,0.07656887033954263,4
single_shape,tiny_gmp,pixel_permuted_template,7009,centered_logit_fidelity,random,0.008706292397576356,4
single_shape,tiny_gmp,pixel_permuted_template,7009,prob_error_reduction,random,0.09690686454996467,4
single_shape,tiny_gmp,pixel_permuted_template,7010,centered_logit_fidelity,random,0.018119443914503514,4
single_shape,tiny_gmp,pixel_permuted_template,7010,prob_error_reduction,random,0.08991676475852728,4
single_shape,tiny_gmp,pixel_permuted_template,7011,centered_logit_fidelity,random,0.00470281282842353,4
single_shape,tiny_gmp,pixel_permuted_template,7011,prob_error_reduction,random,0.07811443461105227,4
single_shape,tiny_gmp,pixel_permuted_template,7012,centered_logit_fidelity,random,0.00818560691914055,4
single_shape,tiny_gmp,pixel_permuted_template,7012,prob_error_reduction,random,0.0564138013869524,4
single_shape,tiny_gmp,pixel_permuted_template,7013,centered_logit_fidelity,random,0.00694517184422643,4
single_shape,tiny_gmp,pixel_permuted_template,7013,prob_error_reduction,random,0.11956296628341079,4
single_shape,tiny_gmp,pixel_permuted_template,7014,centered_logit_fidelity,random,0.005595064744585402,4
single_shape,tiny_gmp,pixel_permuted_template,7014,prob_error_reduction,random,0.10033885831944644,4
single_shape,tiny_gmp,pixel_permuted_template,7015,centered_logit_fidelity,random,0.01372124474187921,4
single_shape,tiny_gmp,pixel_permuted_template,7015,prob_error_reduction,random,0.10030087176710367,4
single_shape,tiny_gmp,pixel_permuted_template,7016,centered_logit_fidelity,random,0.007388977861844755,4
single_shape,tiny_gmp,pixel_permuted_template,7016,prob_error_reduction,random,0.07850205712020397,4
single_shape,tiny_gmp,pixel_permuted_template,7017,centered_logit_fidelity,random,0.008007117927696886,4
single_shape,tiny_gmp,pixel_permuted_template,7017,prob_error_reduction,random,0.11428325856104493,4
single_shape,tiny_gmp,pixel_permuted_template,7018,centered_logit_fidelity,random,0.015834521445754965,4
single_shape,tiny_gmp,pixel_permuted_template,7018,prob_error_reduction,random,0.07204889599233866,4
single_shape,tiny_gmp,pixel_permuted_template,7019,centered_logit_fidelity,random,0.011746783556457547,4
single_shape,tiny_gmp,pixel_permuted_template,7019,prob_error_reduction,random,0.11373317707329988,4
single_shape,tiny_gmp,pixel_permuted_template,7020,centered_logit_fidelity,random,0.016268185169781187,4
single_shape,tiny_gmp,pixel_permuted_template,7020,prob_error_reduction,random,0.11024997988715768,4
single_shape,tiny_gmp,pixel_permuted_template,7021,centered_logit_fidelity,random,0.007242992974913069,4
single_shape,tiny_gmp,pixel_permuted_template,7021,prob_error_reduction,random,0.11159079940989614,4
single_shape,tiny_gmp,pixel_permuted_template,7022,centered_logit_fidelity,random,0.007973163465698775,4
single_shape,tiny_gmp,pixel_permuted_template,7022,prob_error_reduction,random,0.097291877027601,4
single_shape,tiny_gmp,pixel_permuted_template,7023,centered_logit_fidelity,random,0.004938153490317685,4
single_shape,tiny_gmp,pixel_permuted_template,7023,prob_error_reduction,random,0.07831686642020941,4
single_shape,tiny_gmp,pixel_permuted_template,7024,centered_logit_fidelity,random,0.013484679808961099,4
single_shape,tiny_gmp,pixel_permuted_template,7024,prob_error_reduction,random,0.1021971155423671,4
single_shape,tiny_gmp,pixel_permuted_template,7025,centered_logit_fidelity,random,0.003797431801767729,4
single_shape,tiny_gmp,pixel_permuted_template,7025,prob_error_reduction,random,0.07747205020859838,4
single_shape,tiny_gmp,pixel_permuted_template,7026,centered_logit_fidelity,random,0.025915912769480985,4
single_shape,tiny_gmp,pixel_permuted_template,7026,prob_error_reduction,random,0.11596831632778049,4
single_shape,tiny_gmp,pixel_permuted_template,7027,centered_logit_fidelity,random,0.010914110984212268,4
single_shape,tiny_gmp,pixel_permuted_template,7027,prob_error_reduction,random,0.09894958371296525,4
single_shape,tiny_gmp,pixel_permuted_template,7028,centered_logit_fidelity,random,0.02102152770453522,4
single_shape,tiny_gmp,pixel_permuted_template,7028,prob_error_reduction,random,0.09450860880315304,4
single_shape,tiny_gmp,pixel_permuted_template,7029,centered_logit_fidelity,random,0.013214291636434759,4
single_shape,tiny_gmp,pixel_permuted_template,7029,prob_error_reduction,random,0.08250348921865225,4
single_shape,tiny_gmp,pixel_permuted_template,7030,centered_logit_fidelity,random,0.013711370253918435,4
single_shape,tiny_gmp,pixel_permuted_template,7030,prob_error_reduction,random,0.12455870630219579,4
single_shape,tiny_gmp,pixel_permuted_template,7031,centered_logit_fidelity,random,0.007992407103678887,4
single_shape,tiny_gmp,pixel_permuted_template,7031,prob_error_reduction,random,0.10165890213102102,4
single_shape,tiny_gmp,pixel_permuted_template,7032,centered_logit_fidelity,random,0.01155974405728626,4
single_shape,tiny_gmp,pixel_permuted_template,7032,prob_error_reduction,random,0.11294493125751615,4
single_shape,tiny_gmp,pixel_permuted_template,7033,centered_logit_fidelity,random,0.003012220296067347,4
single_shape,tiny_gmp,pixel_permuted_template,7033,prob_error_reduction,random,0.08509847847744823,4
single_shape,tiny_gmp,pixel_permuted_template,7034,centered_logit_fidelity,random,0.004626938882790227,4
single_shape,tiny_gmp,pixel_permuted_template,7034,prob_error_reduction,random,0.09776077140122652,4
single_shape,tiny_gmp,pixel_permuted_template,7035,centered_logit_fidelity,random,0.011652279738969349,4
single_shape,tiny_gmp,pixel_permuted_template,7035,prob_error_reduction,random,0.09517841786146164,4
single_shape,tiny_gmp,pixel_permuted_template,7036,centered_logit_fidelity,random,0.008317537816871903,4
single_shape,tiny_gmp,pixel_permuted_template,7036,prob_error_reduction,random,0.10855892719700933,4
single_shape,tiny_gmp,pixel_permuted_template,7037,centered_logit_fidelity,random,0.005182451460656023,4
single_shape,tiny_gmp,pixel_permuted_template,7037,prob_error_reduction,random,0.12836453784257174,4
single_shape,tiny_gmp,pixel_permuted_template,7038,centered_logit_fidelity,random,0.014835005224460561,4
single_shape,tiny_gmp,pixel_permuted_template,7038,prob_error_reduction,random,0.1050376039929688,4
single_shape,tiny_gmp,pixel_permuted_template,7039,centered_logit_fidelity,random,0.0038008269977090406,4
single_shape,tiny_gmp,pixel_permuted_template,7039,prob_error_reduction,random,0.07033109292387962,4
single_shape,tiny_gmp,pixel_permuted_template,7040,centered_logit_fidelity,random,0.014210698185662033,4
single_shape,tiny_gmp,pixel_permuted_template,7040,prob_error_reduction,random,0.08817515475675464,4
single_shape,tiny_gmp,pixel_permuted_template,7041,centered_logit_fidelity,random,0.006798316213470067,4
single_shape,tiny_gmp,pixel_permuted_template,7041,prob_error_reduction,random,0.08420094149187207,4
single_shape,tiny_gmp,pixel_permuted_template,7042,centered_logit_fidelity,random,0.013927414665703105,4
single_shape,tiny_gmp,pixel_permuted_template,7042,prob_error_reduction,random,0.08065612334758043,4
single_shape,tiny_gmp,pixel_permuted_template,7043,centered_logit_fidelity,random,0.009647841579485304,4
single_shape,tiny_gmp,pixel_permuted_template,7043,prob_error_reduction,random,0.1244271935429424,4
single_shape,tiny_gmp,pixel_permuted_template,7044,centered_logit_fidelity,random,0.011639390084966306,4
single_shape,tiny_gmp,pixel_permuted_template,7044,prob_error_reduction,random,0.11464176047593355,4
single_shape,tiny_gmp,pixel_permuted_template,7045,centered_logit_fidelity,random,0.013484517048188519,4
single_shape,tiny_gmp,pixel_permuted_template,7045,prob_error_reduction,random,0.1083448058925569,4
single_shape,tiny_gmp,pixel_permuted_template,7046,centered_logit_fidelity,random,0.007553836450248248,4
single_shape,tiny_gmp,pixel_permuted_template,7046,prob_error_reduction,random,0.0929258307442069,4
single_shape,tiny_gmp,pixel_permuted_template,7047,centered_logit_fidelity,random,0.010329155535224106,4
single_shape,tiny_gmp,pixel_permuted_template,7047,prob_error_reduction,random,0.09905392350628972,4
single_shape,tiny_gmp,pixel_permuted_template,7048,centered_logit_fidelity,random,0.006725882731417299,4
single_shape,tiny_gmp,pixel_permuted_template,7048,prob_error_reduction,random,0.1294833868741989,4
single_shape,tiny_gmp,pixel_permuted_template,7049,centered_logit_fidelity,random,0.013278748993677114,4
single_shape,tiny_gmp,pixel_permuted_template,7049,prob_error_reduction,random,0.10773439472541213,4
single_shape,tiny_gmp,pixel_permuted_template,7050,centered_logit_fidelity,random,0.007838024468757632,4
single_shape,tiny_gmp,pixel_permuted_template,7050,prob_error_reduction,random,0.09096050774678588,4
single_shape,tiny_gmp,pixel_permuted_template,7051,centered_logit_fidelity,random,0.012077698282164831,4
single_shape,tiny_gmp,pixel_permuted_template,7051,prob_error_reduction,random,0.10105741443112493,4
single_shape,tiny_gmp,pixel_permuted_template,7052,centered_logit_fidelity,random,0.018520725518573505,4
single_shape,tiny_gmp,pixel_permuted_template,7052,prob_error_reduction,random,0.12385410070419312,4
single_shape,tiny_gmp,pixel_permuted_template,7053,centered_logit_fidelity,random,0.01286350281957667,4
single_shape,tiny_gmp,pixel_permuted_template,7053,prob_error_reduction,random,0.09021787066012621,4
single_shape,tiny_gmp,pixel_permuted_template,7054,centered_logit_fidelity,random,0.010303207402146198,4
single_shape,tiny_gmp,pixel_permuted_template,7054,prob_error_reduction,random,0.07819474628195167,4
single_shape,tiny_gmp,pixel_permuted_template,7055,centered_logit_fidelity,random,0.005762163698323743,4
single_shape,tiny_gmp,pixel_permuted_template,7055,prob_error_reduction,random,0.12860338063910604,4
single_shape,tiny_gmp,pixel_permuted_template,7056,centered_logit_fidelity,random,0.009441786634440638,4
single_shape,tiny_gmp,pixel_permuted_template,7056,prob_error_reduction,random,0.125645755790174,4
single_shape,tiny_gmp,pixel_permuted_template,7057,centered_logit_fidelity,random,0.010883063378885947,4
single_shape,tiny_gmp,pixel_permuted_template,7057,prob_error_reduction,random,0.08433238370344043,4
single_shape,tiny_gmp,pixel_permuted_template,7058,centered_logit_fidelity,random,0.01127665565116463,4
single_shape,tiny_gmp,pixel_permuted_template,7058,prob_error_reduction,random,0.107403734466061,4
single_shape,tiny_gmp,pixel_permuted_template,7059,centered_logit_fidelity,random,0.0058617331770012306,4
single_shape,tiny_gmp,pixel_permuted_template,7059,prob_error_reduction,random,0.06766034429892898,4
single_shape,tiny_gmp,pixel_permuted_template,7060,centered_logit_fidelity,random,0.008578759292127465,4
single_shape,tiny_gmp,pixel_permuted_template,7060,prob_error_reduction,random,0.07519441237673163,4
single_shape,tiny_gmp,pixel_permuted_template,7061,centered_logit_fidelity,random,0.011180173495478462,4
single_shape,tiny_gmp,pixel_permuted_template,7061,prob_error_reduction,random,0.10688428254798055,4
single_shape,tiny_gmp,pixel_permuted_template,7062,centered_logit_fidelity,random,0.002246200226597196,4
single_shape,tiny_gmp,pixel_permuted_template,7062,prob_error_reduction,random,0.08887567603960633,4
single_shape,tiny_gmp,pixel_permuted_template,7063,centered_logit_fidelity,random,0.011777154136613928,4
single_shape,tiny_gmp,pixel_permuted_template,7063,prob_error_reduction,random,0.11408525612205267,4
single_shape,tiny_gmp,pixel_permuted_template,7064,centered_logit_fidelity,random,0.012807646218793897,4
single_shape,tiny_gmp,pixel_permuted_template,7064,prob_error_reduction,random,0.10358944348990917,4
single_shape,tiny_gmp,pixel_permuted_template,7065,centered_logit_fidelity,random,0.012858714498077545,4
single_shape,tiny_gmp,pixel_permuted_template,7065,prob_error_reduction,random,0.08337389538064599,4
single_shape,tiny_gmp,pixel_permuted_template,7066,centered_logit_fidelity,random,0.012417526584146481,4
single_shape,tiny_gmp,pixel_permuted_template,7066,prob_error_reduction,random,0.1325641656294465,4
single_shape,tiny_gmp,pixel_permuted_template,7067,centered_logit_fidelity,random,0.01033006730142752,4
single_shape,tiny_gmp,pixel_permuted_template,7067,prob_error_reduction,random,0.0666423870716244,4
single_shape,tiny_gmp,pixel_permuted_template,7068,centered_logit_fidelity,random,0.01142183374681265,4
single_shape,tiny_gmp,pixel_permuted_template,7068,prob_error_reduction,random,0.10604129452258348,4
single_shape,tiny_gmp,pixel_permuted_template,7069,centered_logit_fidelity,random,0.009614698544910823,4
single_shape,tiny_gmp,pixel_permuted_template,7069,prob_error_reduction,random,0.08740923600271344,4
single_shape,tiny_gmp,pixel_permuted_template,7070,centered_logit_fidelity,random,0.010913382753163352,4
single_shape,tiny_gmp,pixel_permuted_template,7070,prob_error_reduction,random,0.09416239592246711,4
single_shape,tiny_gmp,pixel_permuted_template,7071,centered_logit_fidelity,random,0.017603968942999045,4
single_shape,tiny_gmp,pixel_permuted_template,7071,prob_error_reduction,random,0.10132798459380865,4
single_shape,tiny_gmp,pixel_permuted_template,7072,centered_logit_fidelity,random,0.009421642916724305,4
single_shape,tiny_gmp,pixel_permuted_template,7072,prob_error_reduction,random,0.12161272391676903,4
single_shape,tiny_gmp,pixel_permuted_template,7073,centered_logit_fidelity,random,0.005595260983553216,4
single_shape,tiny_gmp,pixel_permuted_template,7073,prob_error_reduction,random,0.09417862677946687,4
single_shape,tiny_gmp,pixel_permuted_template,7074,centered_logit_fidelity,random,0.01349936238303322,4
single_shape,tiny_gmp,pixel_permuted_template,7074,prob_error_reduction,random,0.12293215794488788,4
single_shape,tiny_gmp,pixel_permuted_template,7075,centered_logit_fidelity,random,0.001688723913325892,4
single_shape,tiny_gmp,pixel_permuted_template,7075,prob_error_reduction,random,0.08749122219160199,4
single_shape,tiny_gmp,pixel_permuted_template,7076,centered_logit_fidelity,random,0.012003942981220801,4
single_shape,tiny_gmp,pixel_permuted_template,7076,prob_error_reduction,random,0.1072770175524056,4
single_shape,tiny_gmp,pixel_permuted_template,7077,centered_logit_fidelity,random,0.0065467557506954325,4
single_shape,tiny_gmp,pixel_permuted_template,7077,prob_error_reduction,random,0.10086739948019385,4
single_shape,tiny_gmp,pixel_permuted_template,7078,centered_logit_fidelity,random,0.003497781274797435,4
single_shape,tiny_gmp,pixel_permuted_template,7078,prob_error_reduction,random,0.1295629870146513,4
single_shape,tiny_gmp,pixel_permuted_template,7079,centered_logit_fidelity,random,0.005007310128181522,4
single_shape,tiny_gmp,pixel_permuted_template,7079,prob_error_reduction,random,0.09777016006410122,4
single_shape,tiny_gmp,pixel_permuted_template,7080,centered_logit_fidelity,random,0.007753857731337303,4
single_shape,tiny_gmp,pixel_permuted_template,7080,prob_error_reduction,random,0.06381909595802426,4
single_shape,tiny_gmp,pixel_permuted_template,7081,centered_logit_fidelity,random,0.006168140459042768,4
single_shape,tiny_gmp,pixel_permuted_template,7081,prob_error_reduction,random,0.06503457669168711,4
single_shape,tiny_gmp,pixel_permuted_template,7082,centered_logit_fidelity,random,0.014963462683603677,4
single_shape,tiny_gmp,pixel_permuted_template,7082,prob_error_reduction,random,0.0893701077438891,4
single_shape,tiny_gmp,pixel_permuted_template,7083,centered_logit_fidelity,random,0.004270542251646844,4
single_shape,tiny_gmp,pixel_permuted_template,7083,prob_error_reduction,random,0.08555081114172935,4
single_shape,tiny_gmp,pixel_permuted_template,7084,centered_logit_fidelity,random,0.00565559296156617,4
single_shape,tiny_gmp,pixel_permuted_template,7084,prob_error_reduction,random,0.1133940308354795,4
single_shape,tiny_gmp,pixel_permuted_template,7085,centered_logit_fidelity,random,0.009991944250640645,4
single_shape,tiny_gmp,pixel_permuted_template,7085,prob_error_reduction,random,0.14073991077020764,4
single_shape,tiny_gmp,pixel_permuted_template,7086,centered_logit_fidelity,random,0.011295033479073478,4
single_shape,tiny_gmp,pixel_permuted_template,7086,prob_error_reduction,random,0.08705119183287024,4
single_shape,tiny_gmp,pixel_permuted_template,7087,centered_logit_fidelity,random,0.011246844034383214,4
single_shape,tiny_gmp,pixel_permuted_template,7087,prob_error_reduction,random,0.09341266029514372,4
single_shape,tiny_gmp,pixel_permuted_template,7088,centered_logit_fidelity,random,0.012420103774158697,4
single_shape,tiny_gmp,pixel_permuted_template,7088,prob_error_reduction,random,0.09684409946203232,4
single_shape,tiny_gmp,pixel_permuted_template,7089,centered_logit_fidelity,random,0.002524599667359507,4
single_shape,tiny_gmp,pixel_permuted_template,7089,prob_error_reduction,random,0.1007058173418045,4
single_shape,tiny_gmp,pixel_permuted_template,7090,centered_logit_fidelity,random,0.004833188606673925,4
single_shape,tiny_gmp,pixel_permuted_template,7090,prob_error_reduction,random,0.10720720188692212,4
single_shape,tiny_gmp,pixel_permuted_template,7091,centered_logit_fidelity,random,0.012240777482538094,4
single_shape,tiny_gmp,pixel_permuted_template,7091,prob_error_reduction,random,0.07220200239680707,4
single_shape,tiny_gmp,pixel_permuted_template,7092,centered_logit_fidelity,random,0.012430560251063684,4
single_shape,tiny_gmp,pixel_permuted_template,7092,prob_error_reduction,random,0.11681030178442597,4
single_shape,tiny_gmp,pixel_permuted_template,7093,centered_logit_fidelity,random,0.006449888605613761,4
single_shape,tiny_gmp,pixel_permuted_template,7093,prob_error_reduction,random,0.10310156783089042,4
single_shape,tiny_gmp,pixel_permuted_template,7094,centered_logit_fidelity,random,0.004598562075140179,4
single_shape,tiny_gmp,pixel_permuted_template,7094,prob_error_reduction,random,0.11047295108437538,4
single_shape,tiny_gmp,pixel_permuted_template,7095,centered_logit_fidelity,random,0.01004696580437769,4
single_shape,tiny_gmp,pixel_permuted_template,7095,prob_error_reduction,random,0.06829205108806491,4
single_shape,tiny_gmp,pixel_permuted_template,7096,centered_logit_fidelity,random,0.015092445270967208,4
single_shape,tiny_gmp,pixel_permuted_template,7096,prob_error_reduction,random,0.0934134186245501,4
single_shape,tiny_gmp,pixel_permuted_template,7097,centered_logit_fidelity,random,0.0054133708658868525,4
single_shape,tiny_gmp,pixel_permuted_template,7097,prob_error_reduction,random,0.07810347364284098,4
single_shape,tiny_gmp,pixel_permuted_template,7098,centered_logit_fidelity,random,0.005413756689071372,4
single_shape,tiny_gmp,pixel_permuted_template,7098,prob_error_reduction,random,0.09405333222821355,4
single_shape,tiny_gmp,pixel_permuted_template,7099,centered_logit_fidelity,random,0.00682231186853644,4
single_shape,tiny_gmp,pixel_permuted_template,7099,prob_error_reduction,random,0.06744009116664529,4
single_shape,tiny_gmp,random_fullrank,7000,centered_logit_fidelity,random,0.014054212713612612,4
single_shape,tiny_gmp,random_fullrank,7000,prob_error_reduction,random,0.10863134684041142,4
single_shape,tiny_gmp,random_fullrank,7001,centered_logit_fidelity,random,0.017766985930373524,4
single_shape,tiny_gmp,random_fullrank,7001,prob_error_reduction,random,0.11374980211257935,4
single_shape,tiny_gmp,random_fullrank,7002,centered_logit_fidelity,random,0.01103360258399625,4
single_shape,tiny_gmp,random_fullrank,7002,prob_error_reduction,random,0.09686968056485057,4
single_shape,tiny_gmp,random_fullrank,7003,centered_logit_fidelity,random,0.00883647663415454,4
single_shape,tiny_gmp,random_fullrank,7003,prob_error_reduction,random,0.066608393099159,4
single_shape,tiny_gmp,random_fullrank,7004,centered_logit_fidelity,random,0.00951615757069075,4
single_shape,tiny_gmp,random_fullrank,7004,prob_error_reduction,random,0.11217294912785292,4
single_shape,tiny_gmp,random_fullrank,7005,centered_logit_fidelity,random,0.0067444960460320575,4
single_shape,tiny_gmp,random_fullrank,7005,prob_error_reduction,random,0.10415364988148212,4
single_shape,tiny_gmp,random_fullrank,7006,centered_logit_fidelity,random,0.016145069723927544,4
single_shape,tiny_gmp,random_fullrank,7006,prob_error_reduction,random,0.12880578450858593,4
single_shape,tiny_gmp,random_fullrank,7007,centered_logit_fidelity,random,0.010494075063665453,4
single_shape,tiny_gmp,random_fullrank,7007,prob_error_reduction,random,0.07820083945989609,4
single_shape,tiny_gmp,random_fullrank,7008,centered_logit_fidelity,random,0.0045032449889992835,4
single_shape,tiny_gmp,random_fullrank,7008,prob_error_reduction,random,0.05809992551803589,4
single_shape,tiny_gmp,random_fullrank,7009,centered_logit_fidelity,random,0.00927727270227492,4
single_shape,tiny_gmp,random_fullrank,7009,prob_error_reduction,random,0.10821776930242777,4
single_shape,tiny_gmp,random_fullrank,7010,centered_logit_fidelity,random,0.020210401740744118,4
single_shape,tiny_gmp,random_fullrank,7010,prob_error_reduction,random,0.0916609086561948,4
single_shape,tiny_gmp,random_fullrank,7011,centered_logit_fidelity,random,0.0033318626513040555,4
single_shape,tiny_gmp,random_fullrank,7011,prob_error_reduction,random,0.07950266310945153,4
single_shape,tiny_gmp,random_fullrank,7012,centered_logit_fidelity,random,0.00917417046827574,4
single_shape,tiny_gmp,random_fullrank,7012,prob_error_reduction,random,0.0593316201120615,4
single_shape,tiny_gmp,random_fullrank,7013,centered_logit_fidelity,random,0.016162048976279486,4
single_shape,tiny_gmp,random_fullrank,7013,prob_error_reduction,random,0.10961581952869892,4
single_shape,tiny_gmp,random_fullrank,7014,centered_logit_fidelity,random,0.012841052658712219,4
single_shape,tiny_gmp,random_fullrank,7014,prob_error_reduction,random,0.10491708107292652,4
single_shape,tiny_gmp,random_fullrank,7015,centered_logit_fidelity,random,0.005516421282843917,4
single_shape,tiny_gmp,random_fullrank,7015,prob_error_reduction,random,0.06746313092298806,4
single_shape,tiny_gmp,random_fullrank,7016,centered_logit_fidelity,random,0.01527033868415478,4
single_shape,tiny_gmp,random_fullrank,7016,prob_error_reduction,random,0.04403231479227543,4
single_shape,tiny_gmp,random_fullrank,7017,centered_logit_fidelity,random,0.012638581087682668,4
single_shape,tiny_gmp,random_fullrank,7017,prob_error_reduction,random,0.11641684221103787,4
single_shape,tiny_gmp,random_fullrank,7018,centered_logit_fidelity,random,0.012134868841515442,4
single_shape,tiny_gmp,random_fullrank,7018,prob_error_reduction,random,0.07264141645282507,4
single_shape,tiny_gmp,random_fullrank,7019,centered_logit_fidelity,random,0.017328499947840432,4
single_shape,tiny_gmp,random_fullrank,7019,prob_error_reduction,random,0.11865679128095508,4
single_shape,tiny_gmp,random_fullrank,7020,centered_logit_fidelity,random,0.010136511879638148,4
single_shape,tiny_gmp,random_fullrank,7020,prob_error_reduction,random,0.09770457865670323,4
single_shape,tiny_gmp,random_fullrank,7021,centered_logit_fidelity,random,0.011839558103536051,4
single_shape,tiny_gmp,random_fullrank,7021,prob_error_reduction,random,0.11246506730094552,4
single_shape,tiny_gmp,random_fullrank,7022,centered_logit_fidelity,random,0.014253846801713434,4
single_shape,tiny_gmp,random_fullrank,7022,prob_error_reduction,random,0.10472862562164664,4
single_shape,tiny_gmp,random_fullrank,7023,centered_logit_fidelity,random,0.009578022847450877,4
single_shape,tiny_gmp,random_fullrank,7023,prob_error_reduction,random,0.09497055085375905,4
single_shape,tiny_gmp,random_fullrank,7024,centered_logit_fidelity,random,0.0037943513869863697,4
single_shape,tiny_gmp,random_fullrank,7024,prob_error_reduction,random,0.10882479324936867,4
single_shape,tiny_gmp,random_fullrank,7025,centered_logit_fidelity,random,0.007797790510260708,4
single_shape,tiny_gmp,random_fullrank,7025,prob_error_reduction,random,0.0710300353821367,4
single_shape,tiny_gmp,random_fullrank,7026,centered_logit_fidelity,random,0.014449981676788756,4
single_shape,tiny_gmp,random_fullrank,7026,prob_error_reduction,random,0.11008345428854227,4
single_shape,tiny_gmp,random_fullrank,7027,centered_logit_fidelity,random,0.010830257434634494,4
single_shape,tiny_gmp,random_fullrank,7027,prob_error_reduction,random,0.1079638758674264,4
single_shape,tiny_gmp,random_fullrank,7028,centered_logit_fidelity,random,0.009318466692739936,4
single_shape,tiny_gmp,random_fullrank,7028,prob_error_reduction,random,0.08195687923580408,4
single_shape,tiny_gmp,random_fullrank,7029,centered_logit_fidelity,random,0.008067645350530624,4
single_shape,tiny_gmp,random_fullrank,7029,prob_error_reduction,random,0.06849378626793623,4
single_shape,tiny_gmp,random_fullrank,7030,centered_logit_fidelity,random,0.008381716970337927,4
single_shape,tiny_gmp,random_fullrank,7030,prob_error_reduction,random,0.10279469680972397,4
single_shape,tiny_gmp,random_fullrank,7031,centered_logit_fidelity,random,0.006328321696492521,4
single_shape,tiny_gmp,random_fullrank,7031,prob_error_reduction,random,0.09997933497652411,4
single_shape,tiny_gmp,random_fullrank,7032,centered_logit_fidelity,random,0.015528195890221459,4
single_shape,tiny_gmp,random_fullrank,7032,prob_error_reduction,random,0.09650514973327518,4
single_shape,tiny_gmp,random_fullrank,7033,centered_logit_fidelity,random,0.008015300003225496,4
single_shape,tiny_gmp,random_fullrank,7033,prob_error_reduction,random,0.09736330667510629,4
single_shape,tiny_gmp,random_fullrank,7034,centered_logit_fidelity,random,0.005701709573108104,4
single_shape,tiny_gmp,random_fullrank,7034,prob_error_reduction,random,0.10503544937819242,4
single_shape,tiny_gmp,random_fullrank,7035,centered_logit_fidelity,random,0.00692528826383355,4
single_shape,tiny_gmp,random_fullrank,7035,prob_error_reduction,random,0.0824672020971775,4
single_shape,tiny_gmp,random_fullrank,7036,centered_logit_fidelity,random,0.011804719822879615,4
single_shape,tiny_gmp,random_fullrank,7036,prob_error_reduction,random,0.09364867536351085,4
single_shape,tiny_gmp,random_fullrank,7037,centered_logit_fidelity,random,0.007603653703692625,4
single_shape,tiny_gmp,random_fullrank,7037,prob_error_reduction,random,0.1505792890675366,4
single_shape,tiny_gmp,random_fullrank,7038,centered_logit_fidelity,random,0.010535534704313442,4
single_shape,tiny_gmp,random_fullrank,7038,prob_error_reduction,random,0.12756799347698689,4
single_shape,tiny_gmp,random_fullrank,7039,centered_logit_fidelity,random,0.004601102656469881,4
single_shape,tiny_gmp,random_fullrank,7039,prob_error_reduction,random,0.05685757892206311,4
single_shape,tiny_gmp,random_fullrank,7040,centered_logit_fidelity,random,0.011660424482473633,4
single_shape,tiny_gmp,random_fullrank,7040,prob_error_reduction,random,0.09508009487763047,4
single_shape,tiny_gmp,random_fullrank,7041,centered_logit_fidelity,random,0.003664373771436495,4
single_shape,tiny_gmp,random_fullrank,7041,prob_error_reduction,random,0.0959199657663703,4
single_shape,tiny_gmp,random_fullrank,7042,centered_logit_fidelity,random,0.01437366487403645,4
single_shape,tiny_gmp,random_fullrank,7042,prob_error_reduction,random,0.07410125667229295,4
single_shape,tiny_gmp,random_fullrank,7043,centered_logit_fidelity,random,0.007603762714408472,4
single_shape,tiny_gmp,random_fullrank,7043,prob_error_reduction,random,0.1263317191042006,4
single_shape,tiny_gmp,random_fullrank,7044,centered_logit_fidelity,random,0.008951055837696328,4
single_shape,tiny_gmp,random_fullrank,7044,prob_error_reduction,random,0.11463330965489149,4
single_shape,tiny_gmp,random_fullrank,7045,centered_logit_fidelity,random,0.010865269992647565,4
single_shape,tiny_gmp,random_fullrank,7045,prob_error_reduction,random,0.08599818218499422,4
single_shape,tiny_gmp,random_fullrank,7046,centered_logit_fidelity,random,0.006732254436462569,4
single_shape,tiny_gmp,random_fullrank,7046,prob_error_reduction,random,0.09636064292863011,4
single_shape,tiny_gmp,random_fullrank,7047,centered_logit_fidelity,random,0.014067783223375728,4
single_shape,tiny_gmp,random_fullrank,7047,prob_error_reduction,random,0.10244558937847614,4
single_shape,tiny_gmp,random_fullrank,7048,centered_logit_fidelity,random,0.004613281040584548,4
single_shape,tiny_gmp,random_fullrank,7048,prob_error_reduction,random,0.12161358911544085,4
single_shape,tiny_gmp,random_fullrank,7049,centered_logit_fidelity,random,0.011266293227956362,4
single_shape,tiny_gmp,random_fullrank,7049,prob_error_reduction,random,0.10605798289179802,4
single_shape,tiny_gmp,random_fullrank,7050,centered_logit_fidelity,random,0.005005652231624729,4
single_shape,tiny_gmp,random_fullrank,7050,prob_error_reduction,random,0.07694617426022887,4
single_shape,tiny_gmp,random_fullrank,7051,centered_logit_fidelity,random,0.014230898169705014,4
single_shape,tiny_gmp,random_fullrank,7051,prob_error_reduction,random,0.09363998984917998,4
single_shape,tiny_gmp,random_fullrank,7052,centered_logit_fidelity,random,0.010698333791317358,4
single_shape,tiny_gmp,random_fullrank,7052,prob_error_reduction,random,0.09454376972280443,4
single_shape,tiny_gmp,random_fullrank,7053,centered_logit_fidelity,random,0.0008846963685528956,4
single_shape,tiny_gmp,random_fullrank,7053,prob_error_reduction,random,0.0990059096366167,4
single_shape,tiny_gmp,random_fullrank,7054,centered_logit_fidelity,random,0.010559028629299048,4
single_shape,tiny_gmp,random_fullrank,7054,prob_error_reduction,random,0.09391859546303749,4
single_shape,tiny_gmp,random_fullrank,7055,centered_logit_fidelity,random,0.003928258635315622,4
single_shape,tiny_gmp,random_fullrank,7055,prob_error_reduction,random,0.11175204114988446,4
single_shape,tiny_gmp,random_fullrank,7056,centered_logit_fidelity,random,0.012884399433121673,4
single_shape,tiny_gmp,random_fullrank,7056,prob_error_reduction,random,0.1260866024531424,4
single_shape,tiny_gmp,random_fullrank,7057,centered_logit_fidelity,random,0.002810860680631142,4
single_shape,tiny_gmp,random_fullrank,7057,prob_error_reduction,random,0.07602464174851775,4
single_shape,tiny_gmp,random_fullrank,7058,centered_logit_fidelity,random,0.016297050318285145,4
single_shape,tiny_gmp,random_fullrank,7058,prob_error_reduction,random,0.09745652647688985,4
single_shape,tiny_gmp,random_fullrank,7059,centered_logit_fidelity,random,0.014176180874195005,4
single_shape,tiny_gmp,random_fullrank,7059,prob_error_reduction,random,0.11098246858455241,4
single_shape,tiny_gmp,random_fullrank,7060,centered_logit_fidelity,random,0.004746081842531202,4
single_shape,tiny_gmp,random_fullrank,7060,prob_error_reduction,random,0.07470952114090323,4
single_shape,tiny_gmp,random_fullrank,7061,centered_logit_fidelity,random,0.003298074884883954,4
single_shape,tiny_gmp,random_fullrank,7061,prob_error_reduction,random,0.09211716149002314,4
single_shape,tiny_gmp,random_fullrank,7062,centered_logit_fidelity,random,0.003584980295404343,4
single_shape,tiny_gmp,random_fullrank,7062,prob_error_reduction,random,0.09776436304673553,4
single_shape,tiny_gmp,random_fullrank,7063,centered_logit_fidelity,random,-0.0028601279684522408,4
single_shape,tiny_gmp,random_fullrank,7063,prob_error_reduction,random,0.10671172430738807,4
single_shape,tiny_gmp,random_fullrank,7064,centered_logit_fidelity,random,0.007660304052654422,4
single_shape,tiny_gmp,random_fullrank,7064,prob_error_reduction,random,0.08033585175871849,4
single_shape,tiny_gmp,random_fullrank,7065,centered_logit_fidelity,random,0.009903081077148363,4
single_shape,tiny_gmp,random_fullrank,7065,prob_error_reduction,random,0.06094539584591985,4
single_shape,tiny_gmp,random_fullrank,7066,centered_logit_fidelity,random,0.001588252793346609,4
single_shape,tiny_gmp,random_fullrank,7066,prob_error_reduction,random,0.13621690683066845,4
single_shape,tiny_gmp,random_fullrank,7067,centered_logit_fidelity,random,0.011011101429455189,4
single_shape,tiny_gmp,random_fullrank,7067,prob_error_reduction,random,0.057025455636903644,4
single_shape,tiny_gmp,random_fullrank,7068,centered_logit_fidelity,random,0.011894937025448605,4
single_shape,tiny_gmp,random_fullrank,7068,prob_error_reduction,random,0.11966039310209453,4
single_shape,tiny_gmp,random_fullrank,7069,centered_logit_fidelity,random,0.009866045862665894,4
single_shape,tiny_gmp,random_fullrank,7069,prob_error_reduction,random,0.10536654945462942,4
single_shape,tiny_gmp,random_fullrank,7070,centered_logit_fidelity,random,0.014368597903871853,4
single_shape,tiny_gmp,random_fullrank,7070,prob_error_reduction,random,0.1007182328030467,4
single_shape,tiny_gmp,random_fullrank,7071,centered_logit_fidelity,random,0.00794712406139196,4
single_shape,tiny_gmp,random_fullrank,7071,prob_error_reduction,random,0.1026207678951323,4
single_shape,tiny_gmp,random_fullrank,7072,centered_logit_fidelity,random,0.00737421634265136,4
single_shape,tiny_gmp,random_fullrank,7072,prob_error_reduction,random,0.11286741448566318,4
single_shape,tiny_gmp,random_fullrank,7073,centered_logit_fidelity,random,0.007898525502243266,4
single_shape,tiny_gmp,random_fullrank,7073,prob_error_reduction,random,0.08817454474046826,4
single_shape,tiny_gmp,random_fullrank,7074,centered_logit_fidelity,random,0.009601479082280864,4
single_shape,tiny_gmp,random_fullrank,7074,prob_error_reduction,random,0.12024261616170406,4
single_shape,tiny_gmp,random_fullrank,7075,centered_logit_fidelity,random,0.013357428013354896,4
single_shape,tiny_gmp,random_fullrank,7075,prob_error_reduction,random,0.09062468027696013,4
single_shape,tiny_gmp,random_fullrank,7076,centered_logit_fidelity,random,0.0099955522576415,4
single_shape,tiny_gmp,random_fullrank,7076,prob_error_reduction,random,0.10694541456177831,4
single_shape,tiny_gmp,random_fullrank,7077,centered_logit_fidelity,random,0.0024542708482435897,4
single_shape,tiny_gmp,random_fullrank,7077,prob_error_reduction,random,0.08546473644673824,4
single_shape,tiny_gmp,random_fullrank,7078,centered_logit_fidelity,random,0.006930657916572259,4
single_shape,tiny_gmp,random_fullrank,7078,prob_error_reduction,random,0.12619664100930095,4
single_shape,tiny_gmp,random_fullrank,7079,centered_logit_fidelity,random,0.007481181360166641,4
single_shape,tiny_gmp,random_fullrank,7079,prob_error_reduction,random,0.08826538920402527,4
single_shape,tiny_gmp,random_fullrank,7080,centered_logit_fidelity,random,0.005860938981244212,4
single_shape,tiny_gmp,random_fullrank,7080,prob_error_reduction,random,0.07767648715525866,4
single_shape,tiny_gmp,random_fullrank,7081,centered_logit_fidelity,random,0.004937120917972153,4
single_shape,tiny_gmp,random_fullrank,7081,prob_error_reduction,random,0.06975288642570376,4
single_shape,tiny_gmp,random_fullrank,7082,centered_logit_fidelity,random,0.008116559979361768,4
single_shape,tiny_gmp,random_fullrank,7082,prob_error_reduction,random,0.07867197599261999,4
single_shape,tiny_gmp,random_fullrank,7083,centered_logit_fidelity,random,0.012628308651462602,4
single_shape,tiny_gmp,random_fullrank,7083,prob_error_reduction,random,0.07353643421083689,4
single_shape,tiny_gmp,random_fullrank,7084,centered_logit_fidelity,random,0.010949877382923922,4
single_shape,tiny_gmp,random_fullrank,7084,prob_error_reduction,random,0.07828430831432343,4
single_shape,tiny_gmp,random_fullrank,7085,centered_logit_fidelity,random,0.013252149176133496,4
single_shape,tiny_gmp,random_fullrank,7085,prob_error_reduction,random,0.13062608893960714,4
single_shape,tiny_gmp,random_fullrank,7086,centered_logit_fidelity,random,0.010455667565990335,4
single_shape,tiny_gmp,random_fullrank,7086,prob_error_reduction,random,0.09072756278328598,4
single_shape,tiny_gmp,random_fullrank,7087,centered_logit_fidelity,random,0.012783982257132304,4
single_shape,tiny_gmp,random_fullrank,7087,prob_error_reduction,random,0.07558008981868625,4
single_shape,tiny_gmp,random_fullrank,7088,centered_logit_fidelity,random,0.012738247254390411,4
single_shape,tiny_gmp,random_fullrank,7088,prob_error_reduction,random,0.10405336506664753,4
single_shape,tiny_gmp,random_fullrank,7089,centered_logit_fidelity,random,0.007878125408496054,4
single_shape,tiny_gmp,random_fullrank,7089,prob_error_reduction,random,0.1043877862393856,4
single_shape,tiny_gmp,random_fullrank,7090,centered_logit_fidelity,random,0.007543333401871492,4
single_shape,tiny_gmp,random_fullrank,7090,prob_error_reduction,random,0.1164295319467783,4
single_shape,tiny_gmp,random_fullrank,7091,centered_logit_fidelity,random,0.012713196874620195,4
single_shape,tiny_gmp,random_fullrank,7091,prob_error_reduction,random,0.09629634721204638,4
single_shape,tiny_gmp,random_fullrank,7092,centered_logit_fidelity,random,0.014566752188031683,4
single_shape,tiny_gmp,random_fullrank,7092,prob_error_reduction,random,0.10991598898544908,4
single_shape,tiny_gmp,random_fullrank,7093,centered_logit_fidelity,random,0.006711245693450694,4
single_shape,tiny_gmp,random_fullrank,7093,prob_error_reduction,random,0.09069980774074793,4
single_shape,tiny_gmp,random_fullrank,7094,centered_logit_fidelity,random,0.011536543597844761,4
single_shape,tiny_gmp,random_fullrank,7094,prob_error_reduction,random,0.12244057795032859,4
single_shape,tiny_gmp,random_fullrank,7095,centered_logit_fidelity,random,0.0064741035675837146,4
single_shape,tiny_gmp,random_fullrank,7095,prob_error_reduction,random,0.05452051991596818,4
single_shape,tiny_gmp,random_fullrank,7096,centered_logit_fidelity,random,0.010883972071307601,4
single_shape,tiny_gmp,random_fullrank,7096,prob_error_reduction,random,0.07890987629070878,4
single_shape,tiny_gmp,random_fullrank,7097,centered_logit_fidelity,random,0.00939269043429679,4
single_shape,tiny_gmp,random_fullrank,7097,prob_error_reduction,random,0.07390070892870426,4
single_shape,tiny_gmp,random_fullrank,7098,centered_logit_fidelity,random,0.008540255821074878,4
single_shape,tiny_gmp,random_fullrank,7098,prob_error_reduction,random,0.0651393469888717,4
single_shape,tiny_gmp,random_fullrank,7099,centered_logit_fidelity,random,0.005463406818417331,4
single_shape,tiny_gmp,random_fullrank,7099,prob_error_reduction,random,0.08277915557846427,4
single_shape,tiny_gmp,random_rank10,7000,centered_logit_fidelity,random,0.01313360547277529,4
single_shape,tiny_gmp,random_rank10,7000,prob_error_reduction,random,0.11990951979532838,4
single_shape,tiny_gmp,random_rank10,7001,centered_logit_fidelity,random,0.01478885878980554,4
single_shape,tiny_gmp,random_rank10,7001,prob_error_reduction,random,0.10014151548966765,4
single_shape,tiny_gmp,random_rank10,7002,centered_logit_fidelity,random,0.004230077135765779,4
single_shape,tiny_gmp,random_rank10,7002,prob_error_reduction,random,0.09137750789523125,4
single_shape,tiny_gmp,random_rank10,7003,centered_logit_fidelity,random,0.008802526575476255,4
single_shape,tiny_gmp,random_rank10,7003,prob_error_reduction,random,0.07839264580979943,4
single_shape,tiny_gmp,random_rank10,7004,centered_logit_fidelity,random,0.014157391699649668,4
single_shape,tiny_gmp,random_rank10,7004,prob_error_reduction,random,0.1244993070140481,4
single_shape,tiny_gmp,random_rank10,7005,centered_logit_fidelity,random,0.005186382688960716,4
single_shape,tiny_gmp,random_rank10,7005,prob_error_reduction,random,0.08420407515950501,4
single_shape,tiny_gmp,random_rank10,7006,centered_logit_fidelity,random,0.012799671318045753,4
single_shape,tiny_gmp,random_rank10,7006,prob_error_reduction,random,0.11086304532364011,4
single_shape,tiny_gmp,random_rank10,7007,centered_logit_fidelity,random,0.00429511359514239,4
single_shape,tiny_gmp,random_rank10,7007,prob_error_reduction,random,0.07122870301827788,4
single_shape,tiny_gmp,random_rank10,7008,centered_logit_fidelity,random,0.013530408170868964,4
single_shape,tiny_gmp,random_rank10,7008,prob_error_reduction,random,0.07525908527895808,4
single_shape,tiny_gmp,random_rank10,7009,centered_logit_fidelity,random,0.01800421040148724,4
single_shape,tiny_gmp,random_rank10,7009,prob_error_reduction,random,0.12113856198266149,4
single_shape,tiny_gmp,random_rank10,7010,centered_logit_fidelity,random,0.008408262725190331,4
single_shape,tiny_gmp,random_rank10,7010,prob_error_reduction,random,0.07620041817426682,4
single_shape,tiny_gmp,random_rank10,7011,centered_logit_fidelity,random,0.003123411582597631,4
single_shape,tiny_gmp,random_rank10,7011,prob_error_reduction,random,0.0921267147641629,4
single_shape,tiny_gmp,random_rank10,7012,centered_logit_fidelity,random,0.014469745816466987,4
single_shape,tiny_gmp,random_rank10,7012,prob_error_reduction,random,0.06000484898686409,4
single_shape,tiny_gmp,random_rank10,7013,centered_logit_fidelity,random,0.003393518065632907,4
single_shape,tiny_gmp,random_rank10,7013,prob_error_reduction,random,0.10503229731693864,4
single_shape,tiny_gmp,random_rank10,7014,centered_logit_fidelity,random,-0.0034817653910246636,4
single_shape,tiny_gmp,random_rank10,7014,prob_error_reduction,random,0.08608172507956624,4
single_shape,tiny_gmp,random_rank10,7015,centered_logit_fidelity,random,0.013089201842353723,4
single_shape,tiny_gmp,random_rank10,7015,prob_error_reduction,random,0.10170715674757957,4
single_shape,tiny_gmp,random_rank10,7016,centered_logit_fidelity,random,0.004959456199062998,4
single_shape,tiny_gmp,random_rank10,7016,prob_error_reduction,random,0.07939584506675601,4
single_shape,tiny_gmp,random_rank10,7017,centered_logit_fidelity,random,0.01277825017978178,4
single_shape,tiny_gmp,random_rank10,7017,prob_error_reduction,random,0.10873891180381179,4
single_shape,tiny_gmp,random_rank10,7018,centered_logit_fidelity,random,0.014952492961512276,4
single_shape,tiny_gmp,random_rank10,7018,prob_error_reduction,random,0.06921120127663016,4
single_shape,tiny_gmp,random_rank10,7019,centered_logit_fidelity,random,0.009516044909055133,4
single_shape,tiny_gmp,random_rank10,7019,prob_error_reduction,random,0.11317816097289324,4
single_shape,tiny_gmp,random_rank10,7020,centered_logit_fidelity,random,0.012906691853423647,4
single_shape,tiny_gmp,random_rank10,7020,prob_error_reduction,random,0.09446403244510293,4
single_shape,tiny_gmp,random_rank10,7021,centered_logit_fidelity,random,0.01282706456399012,4
single_shape,tiny_gmp,random_rank10,7021,prob_error_reduction,random,0.09974758187308908,4
single_shape,tiny_gmp,random_rank10,7022,centered_logit_fidelity,random,0.010507360874456556,4
single_shape,tiny_gmp,random_rank10,7022,prob_error_reduction,random,0.09018977312371135,4
single_shape,tiny_gmp,random_rank10,7023,centered_logit_fidelity,random,0.001774225480299367,4
single_shape,tiny_gmp,random_rank10,7023,prob_error_reduction,random,0.07694094814360142,4
single_shape,tiny_gmp,random_rank10,7024,centered_logit_fidelity,random,0.008234099411226159,4
single_shape,tiny_gmp,random_rank10,7024,prob_error_reduction,random,0.10352026345208287,4
single_shape,tiny_gmp,random_rank10,7025,centered_logit_fidelity,random,0.015168458097675723,4
single_shape,tiny_gmp,random_rank10,7025,prob_error_reduction,random,0.09988810960203409,4
single_shape,tiny_gmp,random_rank10,7026,centered_logit_fidelity,random,0.012789503675510315,4
single_shape,tiny_gmp,random_rank10,7026,prob_error_reduction,random,0.10240422980859876,4
single_shape,tiny_gmp,random_rank10,7027,centered_logit_fidelity,random,0.01026640582323887,4
single_shape,tiny_gmp,random_rank10,7027,prob_error_reduction,random,0.0896776057779789,4
single_shape,tiny_gmp,random_rank10,7028,centered_logit_fidelity,random,0.00712652974545285,4
single_shape,tiny_gmp,random_rank10,7028,prob_error_reduction,random,0.09415945410728455,4
single_shape,tiny_gmp,random_rank10,7029,centered_logit_fidelity,random,0.014820924185894825,4
single_shape,tiny_gmp,random_rank10,7029,prob_error_reduction,random,0.08622635621577501,4
single_shape,tiny_gmp,random_rank10,7030,centered_logit_fidelity,random,0.009747559609310076,4
single_shape,tiny_gmp,random_rank10,7030,prob_error_reduction,random,0.09982676664367318,4
single_shape,tiny_gmp,random_rank10,7031,centered_logit_fidelity,random,0.0074217637738322115,4
single_shape,tiny_gmp,random_rank10,7031,prob_error_reduction,random,0.0833551506511867,4
single_shape,tiny_gmp,random_rank10,7032,centered_logit_fidelity,random,0.010509201653089722,4
single_shape,tiny_gmp,random_rank10,7032,prob_error_reduction,random,0.0769858080893755,4
single_shape,tiny_gmp,random_rank10,7033,centered_logit_fidelity,random,0.006427672767288985,4
single_shape,tiny_gmp,random_rank10,7033,prob_error_reduction,random,0.10000403155572712,4
single_shape,tiny_gmp,random_rank10,7034,centered_logit_fidelity,random,0.002470284232116527,4
single_shape,tiny_gmp,random_rank10,7034,prob_error_reduction,random,0.08813069853931665,4
single_shape,tiny_gmp,random_rank10,7035,centered_logit_fidelity,random,0.013281757995953608,4
single_shape,tiny_gmp,random_rank10,7035,prob_error_reduction,random,0.09509579418227077,4
single_shape,tiny_gmp,random_rank10,7036,centered_logit_fidelity,random,0.007727013327295902,4
single_shape,tiny_gmp,random_rank10,7036,prob_error_reduction,random,0.06885696807876229,4
single_shape,tiny_gmp,random_rank10,7037,centered_logit_fidelity,random,0.0038770056860200925,4
single_shape,tiny_gmp,random_rank10,7037,prob_error_reduction,random,0.14127051644027233,4
single_shape,tiny_gmp,random_rank10,7038,centered_logit_fidelity,random,0.017353501621797947,4
single_shape,tiny_gmp,random_rank10,7038,prob_error_reduction,random,0.11487899022176862,4
single_shape,tiny_gmp,random_rank10,7039,centered_logit_fidelity,random,0.0028059160756673633,4
single_shape,tiny_gmp,random_rank10,7039,prob_error_reduction,random,0.06295104138553143,4
single_shape,tiny_gmp,random_rank10,7040,centered_logit_fidelity,random,0.015052425640598423,4
single_shape,tiny_gmp,random_rank10,7040,prob_error_reduction,random,0.09922521514818072,4
single_shape,tiny_gmp,random_rank10,7041,centered_logit_fidelity,random,0.0010413265134578444,4
single_shape,tiny_gmp,random_rank10,7041,prob_error_reduction,random,0.07055892469361424,4
single_shape,tiny_gmp,random_rank10,7042,centered_logit_fidelity,random,0.009527029317488727,4
single_shape,tiny_gmp,random_rank10,7042,prob_error_reduction,random,0.06261212518438697,4
single_shape,tiny_gmp,random_rank10,7043,centered_logit_fidelity,random,0.008589285398910023,4
single_shape,tiny_gmp,random_rank10,7043,prob_error_reduction,random,0.12438404699787498,4
single_shape,tiny_gmp,random_rank10,7044,centered_logit_fidelity,random,0.007827963957717104,4
single_shape,tiny_gmp,random_rank10,7044,prob_error_reduction,random,0.11470219306647778,4
single_shape,tiny_gmp,random_rank10,7045,centered_logit_fidelity,random,0.01141602644185733,4
single_shape,tiny_gmp,random_rank10,7045,prob_error_reduction,random,0.10153952124528587,4
single_shape,tiny_gmp,random_rank10,7046,centered_logit_fidelity,random,0.010308459707839994,4
single_shape,tiny_gmp,random_rank10,7046,prob_error_reduction,random,0.10360240144655108,4
single_shape,tiny_gmp,random_rank10,7047,centered_logit_fidelity,random,0.009456007329190316,4
single_shape,tiny_gmp,random_rank10,7047,prob_error_reduction,random,0.09090916765853763,4
single_shape,tiny_gmp,random_rank10,7048,centered_logit_fidelity,random,0.010513469093086722,4
single_shape,tiny_gmp,random_rank10,7048,prob_error_reduction,random,0.12845130311325192,4
single_shape,tiny_gmp,random_rank10,7049,centered_logit_fidelity,random,0.014576580305414335,4
single_shape,tiny_gmp,random_rank10,7049,prob_error_reduction,random,0.1174585185945034,4
single_shape,tiny_gmp,random_rank10,7050,centered_logit_fidelity,random,0.00918625299540079,4
single_shape,tiny_gmp,random_rank10,7050,prob_error_reduction,random,0.07912431005388498,4
single_shape,tiny_gmp,random_rank10,7051,centered_logit_fidelity,random,0.012295472164056047,4
single_shape,tiny_gmp,random_rank10,7051,prob_error_reduction,random,0.1006034049205482,4
single_shape,tiny_gmp,random_rank10,7052,centered_logit_fidelity,random,0.01701695008481492,4
single_shape,tiny_gmp,random_rank10,7052,prob_error_reduction,random,0.11053848173469305,4
single_shape,tiny_gmp,random_rank10,7053,centered_logit_fidelity,random,0.010323189003697575,4
single_shape,tiny_gmp,random_rank10,7053,prob_error_reduction,random,0.09987673861905932,4
single_shape,tiny_gmp,random_rank10,7054,centered_logit_fidelity,random,0.010299868791906412,4
single_shape,tiny_gmp,random_rank10,7054,prob_error_reduction,random,0.08194614853709936,4
single_shape,tiny_gmp,random_rank10,7055,centered_logit_fidelity,random,0.0022782506941525817,4
single_shape,tiny_gmp,random_rank10,7055,prob_error_reduction,random,0.12798914313316345,4
single_shape,tiny_gmp,random_rank10,7056,centered_logit_fidelity,random,0.0005498501675029605,4
single_shape,tiny_gmp,random_rank10,7056,prob_error_reduction,random,0.1274734630715102,4
single_shape,tiny_gmp,random_rank10,7057,centered_logit_fidelity,random,-0.0024048079340384942,4
single_shape,tiny_gmp,random_rank10,7057,prob_error_reduction,random,0.069488609675318,4
single_shape,tiny_gmp,random_rank10,7058,centered_logit_fidelity,random,0.006129118609166739,4
single_shape,tiny_gmp,random_rank10,7058,prob_error_reduction,random,0.06794087449088693,4
single_shape,tiny_gmp,random_rank10,7059,centered_logit_fidelity,random,0.01252525817538116,4
single_shape,tiny_gmp,random_rank10,7059,prob_error_reduction,random,0.08869908237829804,4
single_shape,tiny_gmp,random_rank10,7060,centered_logit_fidelity,random,0.0010816144625432744,4
single_shape,tiny_gmp,random_rank10,7060,prob_error_reduction,random,0.07882812665775418,4
single_shape,tiny_gmp,random_rank10,7061,centered_logit_fidelity,random,0.010293733842095417,4
single_shape,tiny_gmp,random_rank10,7061,prob_error_reduction,random,0.09413684997707605,4
single_shape,tiny_gmp,random_rank10,7062,centered_logit_fidelity,random,0.015585303378280712,4
single_shape,tiny_gmp,random_rank10,7062,prob_error_reduction,random,0.08827714761719108,4
single_shape,tiny_gmp,random_rank10,7063,centered_logit_fidelity,random,0.007718293110857279,4
single_shape,tiny_gmp,random_rank10,7063,prob_error_reduction,random,0.10407101665623486,4
single_shape,tiny_gmp,random_rank10,7064,centered_logit_fidelity,random,0.008041952306453597,4
single_shape,tiny_gmp,random_rank10,7064,prob_error_reduction,random,0.08405175805091858,4
single_shape,tiny_gmp,random_rank10,7065,centered_logit_fidelity,random,0.008415903598310811,4
single_shape,tiny_gmp,random_rank10,7065,prob_error_reduction,random,0.06997292721644044,4
single_shape,tiny_gmp,random_rank10,7066,centered_logit_fidelity,random,0.008421194663648289,4
single_shape,tiny_gmp,random_rank10,7066,prob_error_reduction,random,0.1482431823387742,4
single_shape,tiny_gmp,random_rank10,7067,centered_logit_fidelity,random,0.006692376818063178,4
single_shape,tiny_gmp,random_rank10,7067,prob_error_reduction,random,0.06283449986949563,4
single_shape,tiny_gmp,random_rank10,7068,centered_logit_fidelity,random,0.0029411085394725964,4
single_shape,tiny_gmp,random_rank10,7068,prob_error_reduction,random,0.10426571313291788,4
single_shape,tiny_gmp,random_rank10,7069,centered_logit_fidelity,random,0.015480190209370215,4
single_shape,tiny_gmp,random_rank10,7069,prob_error_reduction,random,0.10931737627834082,4
single_shape,tiny_gmp,random_rank10,7070,centered_logit_fidelity,random,0.010327161338838722,4
single_shape,tiny_gmp,random_rank10,7070,prob_error_reduction,random,0.08049066411331296,4
single_shape,tiny_gmp,random_rank10,7071,centered_logit_fidelity,random,0.01022464298149251,4
single_shape,tiny_gmp,random_rank10,7071,prob_error_reduction,random,0.08875896316021681,4
single_shape,tiny_gmp,random_rank10,7072,centered_logit_fidelity,random,0.013718566600191445,4
single_shape,tiny_gmp,random_rank10,7072,prob_error_reduction,random,0.1331238723360002,4
single_shape,tiny_gmp,random_rank10,7073,centered_logit_fidelity,random,0.010449456110215707,4
single_shape,tiny_gmp,random_rank10,7073,prob_error_reduction,random,0.09215447213500738,4
single_shape,tiny_gmp,random_rank10,7074,centered_logit_fidelity,random,0.01642036848525384,4
single_shape,tiny_gmp,random_rank10,7074,prob_error_reduction,random,0.11831584060564637,4
single_shape,tiny_gmp,random_rank10,7075,centered_logit_fidelity,random,0.011114439121196609,4
single_shape,tiny_gmp,random_rank10,7075,prob_error_reduction,random,0.09953458653762937,4
single_shape,tiny_gmp,random_rank10,7076,centered_logit_fidelity,random,0.009973311245236878,4
single_shape,tiny_gmp,random_rank10,7076,prob_error_reduction,random,0.09689894481562078,4
single_shape,tiny_gmp,random_rank10,7077,centered_logit_fidelity,random,0.011351305070888504,4
single_shape,tiny_gmp,random_rank10,7077,prob_error_reduction,random,0.09725042106583714,4
single_shape,tiny_gmp,random_rank10,7078,centered_logit_fidelity,random,0.012003449432267936,4
single_shape,tiny_gmp,random_rank10,7078,prob_error_reduction,random,0.12304262910038233,4
single_shape,tiny_gmp,random_rank10,7079,centered_logit_fidelity,random,0.0123023515298432,4
single_shape,tiny_gmp,random_rank10,7079,prob_error_reduction,random,0.08615857549011707,4
single_shape,tiny_gmp,random_rank10,7080,centered_logit_fidelity,random,0.003952454725072876,4
single_shape,tiny_gmp,random_rank10,7080,prob_error_reduction,random,0.07243317179381847,4
single_shape,tiny_gmp,random_rank10,7081,centered_logit_fidelity,random,0.006982369324487344,4
single_shape,tiny_gmp,random_rank10,7081,prob_error_reduction,random,0.06097188265994191,4
single_shape,tiny_gmp,random_rank10,7082,centered_logit_fidelity,random,0.008035355710907867,4
single_shape,tiny_gmp,random_rank10,7082,prob_error_reduction,random,0.06719376798719168,4
single_shape,tiny_gmp,random_rank10,7083,centered_logit_fidelity,random,0.014037682210916055,4
single_shape,tiny_gmp,random_rank10,7083,prob_error_reduction,random,0.09267462091520429,4
single_shape,tiny_gmp,random_rank10,7084,centered_logit_fidelity,random,0.010465736108942893,4
single_shape,tiny_gmp,random_rank10,7084,prob_error_reduction,random,0.10678259516134858,4
single_shape,tiny_gmp,random_rank10,7085,centered_logit_fidelity,random,0.013571177521297557,4
single_shape,tiny_gmp,random_rank10,7085,prob_error_reduction,random,0.13764103455469012,4
single_shape,tiny_gmp,random_rank10,7086,centered_logit_fidelity,random,0.014096534557402953,4
single_shape,tiny_gmp,random_rank10,7086,prob_error_reduction,random,0.08541435888037086,4
single_shape,tiny_gmp,random_rank10,7087,centered_logit_fidelity,random,0.006838964656070954,4
single_shape,tiny_gmp,random_rank10,7087,prob_error_reduction,random,0.08099919324740767,4
single_shape,tiny_gmp,random_rank10,7088,centered_logit_fidelity,random,0.004625618472582003,4
single_shape,tiny_gmp,random_rank10,7088,prob_error_reduction,random,0.09240767452865839,4
single_shape,tiny_gmp,random_rank10,7089,centered_logit_fidelity,random,0.003829068712142272,4
single_shape,tiny_gmp,random_rank10,7089,prob_error_reduction,random,0.08553215861320496,4
single_shape,tiny_gmp,random_rank10,7090,centered_logit_fidelity,random,0.008271853279090233,4
single_shape,tiny_gmp,random_rank10,7090,prob_error_reduction,random,0.11474278382956982,4
single_shape,tiny_gmp,random_rank10,7091,centered_logit_fidelity,random,0.0032672133119300353,4
single_shape,tiny_gmp,random_rank10,7091,prob_error_reduction,random,0.06353645538911223,4
single_shape,tiny_gmp,random_rank10,7092,centered_logit_fidelity,random,0.006462606107816255,4
single_shape,tiny_gmp,random_rank10,7092,prob_error_reduction,random,0.09952405607327819,4
single_shape,tiny_gmp,random_rank10,7093,centered_logit_fidelity,random,0.010168933942924509,4
single_shape,tiny_gmp,random_rank10,7093,prob_error_reduction,random,0.09392562415450811,4
single_shape,tiny_gmp,random_rank10,7094,centered_logit_fidelity,random,0.009092654974131316,4
single_shape,tiny_gmp,random_rank10,7094,prob_error_reduction,random,0.114367816131562,4
single_shape,tiny_gmp,random_rank10,7095,centered_logit_fidelity,random,0.007441848881429514,4
single_shape,tiny_gmp,random_rank10,7095,prob_error_reduction,random,0.06479223258793354,4
single_shape,tiny_gmp,random_rank10,7096,centered_logit_fidelity,random,0.0019078796235496819,4
single_shape,tiny_gmp,random_rank10,7096,prob_error_reduction,random,0.07541269762441516,4
single_shape,tiny_gmp,random_rank10,7097,centered_logit_fidelity,random,0.0035781555382768757,4
single_shape,tiny_gmp,random_rank10,7097,prob_error_reduction,random,0.06311165122315288,4
single_shape,tiny_gmp,random_rank10,7098,centered_logit_fidelity,random,0.0069384218576500015,4
single_shape,tiny_gmp,random_rank10,7098,prob_error_reduction,random,0.08399455668404698,4
single_shape,tiny_gmp,random_rank10,7099,centered_logit_fidelity,random,0.010730733657142482,4
single_shape,tiny_gmp,random_rank10,7099,prob_error_reduction,random,0.0732311955653131,4
single_shape,tiny_gmp,structured_template,7000,centered_logit_fidelity,random,0.019613976017239746,4
single_shape,tiny_gmp,structured_template,7000,prob_error_reduction,random,0.13601931440643966,4
single_shape,tiny_gmp,structured_template,7001,centered_logit_fidelity,random,0.02047649820365781,4
single_shape,tiny_gmp,structured_template,7001,prob_error_reduction,random,0.10194892389699817,4
single_shape,tiny_gmp,structured_template,7002,centered_logit_fidelity,random,0.01629707499484758,4
single_shape,tiny_gmp,structured_template,7002,prob_error_reduction,random,0.11481142276898026,4
single_shape,tiny_gmp,structured_template,7003,centered_logit_fidelity,random,0.020349608391974312,4
single_shape,tiny_gmp,structured_template,7003,prob_error_reduction,random,0.07662363070994616,4
single_shape,tiny_gmp,structured_template,7004,centered_logit_fidelity,random,0.011376289568576373,4
single_shape,tiny_gmp,structured_template,7004,prob_error_reduction,random,0.10721352091059089,4
single_shape,tiny_gmp,structured_template,7005,centered_logit_fidelity,random,0.0161418077218074,4
single_shape,tiny_gmp,structured_template,7005,prob_error_reduction,random,0.0990212697070092,4
single_shape,tiny_gmp,structured_template,7006,centered_logit_fidelity,random,0.008864307289662626,4
single_shape,tiny_gmp,structured_template,7006,prob_error_reduction,random,0.11614039889536798,4
single_shape,tiny_gmp,structured_template,7007,centered_logit_fidelity,random,0.026757481652212402,4
single_shape,tiny_gmp,structured_template,7007,prob_error_reduction,random,0.10251365462318063,4
single_shape,tiny_gmp,structured_template,7008,centered_logit_fidelity,random,0.007102084987961336,4
single_shape,tiny_gmp,structured_template,7008,prob_error_reduction,random,0.059965378139168024,4
single_shape,tiny_gmp,structured_template,7009,centered_logit_fidelity,random,0.021077413267980797,4
single_shape,tiny_gmp,structured_template,7009,prob_error_reduction,random,0.11072635278105736,4
single_shape,tiny_gmp,structured_template,7010,centered_logit_fidelity,random,0.01527355444726104,4
single_shape,tiny_gmp,structured_template,7010,prob_error_reduction,random,0.07833474315702915,4
single_shape,tiny_gmp,structured_template,7011,centered_logit_fidelity,random,0.021326432748448164,4
single_shape,tiny_gmp,structured_template,7011,prob_error_reduction,random,0.09092832170426846,4
single_shape,tiny_gmp,structured_template,7012,centered_logit_fidelity,random,0.018450411581644687,4
single_shape,tiny_gmp,structured_template,7012,prob_error_reduction,random,0.07356049725785851,4
single_shape,tiny_gmp,structured_template,7013,centered_logit_fidelity,random,0.01405488405285669,4
single_shape,tiny_gmp,structured_template,7013,prob_error_reduction,random,0.12354775331914425,4
single_shape,tiny_gmp,structured_template,7014,centered_logit_fidelity,random,0.01830171948111348,4
single_shape,tiny_gmp,structured_template,7014,prob_error_reduction,random,0.11991599574685097,4
single_shape,tiny_gmp,structured_template,7015,centered_logit_fidelity,random,0.010436406926914072,4
single_shape,tiny_gmp,structured_template,7015,prob_error_reduction,random,0.10837999789509922,4
single_shape,tiny_gmp,structured_template,7016,centered_logit_fidelity,random,0.009717262194424241,4
single_shape,tiny_gmp,structured_template,7016,prob_error_reduction,random,0.0812133178114891,4
single_shape,tiny_gmp,structured_template,7017,centered_logit_fidelity,random,0.02562346915187787,4
single_shape,tiny_gmp,structured_template,7017,prob_error_reduction,random,0.12439083121716976,4
single_shape,tiny_gmp,structured_template,7018,centered_logit_fidelity,random,0.016769856416434005,4
single_shape,tiny_gmp,structured_template,7018,prob_error_reduction,random,0.07353532034903765,4
single_shape,tiny_gmp,structured_template,7019,centered_logit_fidelity,random,0.012045014023576474,4
single_shape,tiny_gmp,structured_template,7019,prob_error_reduction,random,0.12633434077724814,4
single_shape,tiny_gmp,structured_template,7020,centered_logit_fidelity,random,0.018348278902494783,4
single_shape,tiny_gmp,structured_template,7020,prob_error_reduction,random,0.09979455079883337,4
single_shape,tiny_gmp,structured_template,7021,centered_logit_fidelity,random,0.024809378107749712,4
single_shape,tiny_gmp,structured_template,7021,prob_error_reduction,random,0.11392634082585573,4
single_shape,tiny_gmp,structured_template,7022,centered_logit_fidelity,random,0.01639769420583912,4
single_shape,tiny_gmp,structured_template,7022,prob_error_reduction,random,0.11595718050375581,4
single_shape,tiny_gmp,structured_template,7023,centered_logit_fidelity,random,0.013365973669899871,4
single_shape,tiny_gmp,structured_template,7023,prob_error_reduction,random,0.08229003101587296,4
single_shape,tiny_gmp,structured_template,7024,centered_logit_fidelity,random,0.01105935726130369,4
single_shape,tiny_gmp,structured_template,7024,prob_error_reduction,random,0.10717577720060945,4
single_shape,tiny_gmp,structured_template,7025,centered_logit_fidelity,random,0.016797825840931303,4
single_shape,tiny_gmp,structured_template,7025,prob_error_reduction,random,0.08430668478831649,4
single_shape,tiny_gmp,structured_template,7026,centered_logit_fidelity,random,0.024282552849102496,4
single_shape,tiny_gmp,structured_template,7026,prob_error_reduction,random,0.09882949944585562,4
single_shape,tiny_gmp,structured_template,7027,centered_logit_fidelity,random,0.011132512751525893,4
single_shape,tiny_gmp,structured_template,7027,prob_error_reduction,random,0.0938272918574512,4
single_shape,tiny_gmp,structured_template,7028,centered_logit_fidelity,random,0.007708463226224789,4
single_shape,tiny_gmp,structured_template,7028,prob_error_reduction,random,0.08189215790480375,4
single_shape,tiny_gmp,structured_template,7029,centered_logit_fidelity,random,0.02524106815739542,4
single_shape,tiny_gmp,structured_template,7029,prob_error_reduction,random,0.1204876380506903,4
single_shape,tiny_gmp,structured_template,7030,centered_logit_fidelity,random,0.009896266193328535,4
single_shape,tiny_gmp,structured_template,7030,prob_error_reduction,random,0.11376055469736457,4
single_shape,tiny_gmp,structured_template,7031,centered_logit_fidelity,random,0.01113042901031835,4
single_shape,tiny_gmp,structured_template,7031,prob_error_reduction,random,0.10259010177105665,4
single_shape,tiny_gmp,structured_template,7032,centered_logit_fidelity,random,0.01077931573625938,4
single_shape,tiny_gmp,structured_template,7032,prob_error_reduction,random,0.08871365897357464,4
single_shape,tiny_gmp,structured_template,7033,centered_logit_fidelity,random,0.011738801959211594,4
single_shape,tiny_gmp,structured_template,7033,prob_error_reduction,random,0.10801378358155489,4
single_shape,tiny_gmp,structured_template,7034,centered_logit_fidelity,random,0.020308590452449357,4
single_shape,tiny_gmp,structured_template,7034,prob_error_reduction,random,0.09145176131278276,4
single_shape,tiny_gmp,structured_template,7035,centered_logit_fidelity,random,0.022389552489336047,4
single_shape,tiny_gmp,structured_template,7035,prob_error_reduction,random,0.08900313219055533,4
single_shape,tiny_gmp,structured_template,7036,centered_logit_fidelity,random,0.02334636083201706,4
single_shape,tiny_gmp,structured_template,7036,prob_error_reduction,random,0.1036279839463532,4
single_shape,tiny_gmp,structured_template,7037,centered_logit_fidelity,random,0.011778779712336315,4
single_shape,tiny_gmp,structured_template,7037,prob_error_reduction,random,0.11912290030159056,4
single_shape,tiny_gmp,structured_template,7038,centered_logit_fidelity,random,0.009007276296396085,4
single_shape,tiny_gmp,structured_template,7038,prob_error_reduction,random,0.09778670058585703,4
single_shape,tiny_gmp,structured_template,7039,centered_logit_fidelity,random,0.01230565791483401,4
single_shape,tiny_gmp,structured_template,7039,prob_error_reduction,random,0.07486181007698178,4
single_shape,tiny_gmp,structured_template,7040,centered_logit_fidelity,random,0.01411571112369844,4
single_shape,tiny_gmp,structured_template,7040,prob_error_reduction,random,0.10414736997336149,4
single_shape,tiny_gmp,structured_template,7041,centered_logit_fidelity,random,0.010431914388201027,4
single_shape,tiny_gmp,structured_template,7041,prob_error_reduction,random,0.08428058447316289,4
single_shape,tiny_gmp,structured_template,7042,centered_logit_fidelity,random,0.017541679679023432,4
single_shape,tiny_gmp,structured_template,7042,prob_error_reduction,random,0.06516074435785413,4
single_shape,tiny_gmp,structured_template,7043,centered_logit_fidelity,random,0.018509957385271565,4
single_shape,tiny_gmp,structured_template,7043,prob_error_reduction,random,0.12903930037282407,4
single_shape,tiny_gmp,structured_template,7044,centered_logit_fidelity,random,0.02060744125711906,4
single_shape,tiny_gmp,structured_template,7044,prob_error_reduction,random,0.12740373751148582,4
single_shape,tiny_gmp,structured_template,7045,centered_logit_fidelity,random,0.01300580295959122,4
single_shape,tiny_gmp,structured_template,7045,prob_error_reduction,random,0.09909428749233484,4
single_shape,tiny_gmp,structured_template,7046,centered_logit_fidelity,random,0.01172420584370699,4
single_shape,tiny_gmp,structured_template,7046,prob_error_reduction,random,0.1128658102825284,4
single_shape,tiny_gmp,structured_template,7047,centered_logit_fidelity,random,0.03147877624593439,4
single_shape,tiny_gmp,structured_template,7047,prob_error_reduction,random,0.1212305910885334,4
single_shape,tiny_gmp,structured_template,7048,centered_logit_fidelity,random,0.01944818156185988,4
single_shape,tiny_gmp,structured_template,7048,prob_error_reduction,random,0.1306690750643611,4
single_shape,tiny_gmp,structured_template,7049,centered_logit_fidelity,random,0.024435887160964162,4
single_shape,tiny_gmp,structured_template,7049,prob_error_reduction,random,0.12570958910509944,4
single_shape,tiny_gmp,structured_template,7050,centered_logit_fidelity,random,0.009101195246205476,4
single_shape,tiny_gmp,structured_template,7050,prob_error_reduction,random,0.06561293546110392,4
single_shape,tiny_gmp,structured_template,7051,centered_logit_fidelity,random,0.014349538761167752,4
single_shape,tiny_gmp,structured_template,7051,prob_error_reduction,random,0.10312305809929967,4
single_shape,tiny_gmp,structured_template,7052,centered_logit_fidelity,random,0.02739767483970741,4
single_shape,tiny_gmp,structured_template,7052,prob_error_reduction,random,0.1146703870035708,4
single_shape,tiny_gmp,structured_template,7053,centered_logit_fidelity,random,0.012691143307422428,4
single_shape,tiny_gmp,structured_template,7053,prob_error_reduction,random,0.0915605747140944,4
single_shape,tiny_gmp,structured_template,7054,centered_logit_fidelity,random,0.004539446160027043,4
single_shape,tiny_gmp,structured_template,7054,prob_error_reduction,random,0.10329020908102393,4
single_shape,tiny_gmp,structured_template,7055,centered_logit_fidelity,random,0.0027594815717873773,4
single_shape,tiny_gmp,structured_template,7055,prob_error_reduction,random,0.11151728499680758,4
single_shape,tiny_gmp,structured_template,7056,centered_logit_fidelity,random,0.0215579125919086,4
single_shape,tiny_gmp,structured_template,7056,prob_error_reduction,random,0.14295286359265447,4
single_shape,tiny_gmp,structured_template,7057,centered_logit_fidelity,random,0.010544709287338487,4
single_shape,tiny_gmp,structured_template,7057,prob_error_reduction,random,0.08274248242378235,4
single_shape,tiny_gmp,structured_template,7058,centered_logit_fidelity,random,0.02117548474051624,4
single_shape,tiny_gmp,structured_template,7058,prob_error_reduction,random,0.10855216020718217,4
single_shape,tiny_gmp,structured_template,7059,centered_logit_fidelity,random,0.011444418969994976,4
single_shape,tiny_gmp,structured_template,7059,prob_error_reduction,random,0.0958903837017715,4
single_shape,tiny_gmp,structured_template,7060,centered_logit_fidelity,random,0.0025522986281263215,4
single_shape,tiny_gmp,structured_template,7060,prob_error_reduction,random,0.09878207091242075,4
single_shape,tiny_gmp,structured_template,7061,centered_logit_fidelity,random,0.009160401842683998,4
single_shape,tiny_gmp,structured_template,7061,prob_error_reduction,random,0.0932677136734128,4
single_shape,tiny_gmp,structured_template,7062,centered_logit_fidelity,random,0.022654498828077102,4
single_shape,tiny_gmp,structured_template,7062,prob_error_reduction,random,0.11917140334844589,4
single_shape,tiny_gmp,structured_template,7063,centered_logit_fidelity,random,0.016260626211192758,4
single_shape,tiny_gmp,structured_template,7063,prob_error_reduction,random,0.11721026059240103,4
single_shape,tiny_gmp,structured_template,7064,centered_logit_fidelity,random,0.012813108158116785,4
single_shape,tiny_gmp,structured_template,7064,prob_error_reduction,random,0.09802988823503256,4
single_shape,tiny_gmp,structured_template,7065,centered_logit_fidelity,random,0.024464696623373576,4
single_shape,tiny_gmp,structured_template,7065,prob_error_reduction,random,0.09906914597377181,4
single_shape,tiny_gmp,structured_template,7066,centered_logit_fidelity,random,0.011206121215641655,4
single_shape,tiny_gmp,structured_template,7066,prob_error_reduction,random,0.13309147371910512,4
single_shape,tiny_gmp,structured_template,7067,centered_logit_fidelity,random,0.0086744352187691,4
single_shape,tiny_gmp,structured_template,7067,prob_error_reduction,random,0.05263412790372968,4
single_shape,tiny_gmp,structured_template,7068,centered_logit_fidelity,random,0.013689362502679672,4
single_shape,tiny_gmp,structured_template,7068,prob_error_reduction,random,0.11329674674198031,4
single_shape,tiny_gmp,structured_template,7069,centered_logit_fidelity,random,0.010906523940889345,4
single_shape,tiny_gmp,structured_template,7069,prob_error_reduction,random,0.07849943870678544,4
single_shape,tiny_gmp,structured_template,7070,centered_logit_fidelity,random,0.021888192826983836,4
single_shape,tiny_gmp,structured_template,7070,prob_error_reduction,random,0.10511902812868357,4
single_shape,tiny_gmp,structured_template,7071,centered_logit_fidelity,random,0.012953711791949011,4
single_shape,tiny_gmp,structured_template,7071,prob_error_reduction,random,0.10908533679321408,4
single_shape,tiny_gmp,structured_template,7072,centered_logit_fidelity,random,0.02385722861431755,4
single_shape,tiny_gmp,structured_template,7072,prob_error_reduction,random,0.11494082445278764,4
single_shape,tiny_gmp,structured_template,7073,centered_logit_fidelity,random,0.013025632033424927,4
single_shape,tiny_gmp,structured_template,7073,prob_error_reduction,random,0.09645761922001839,4
single_shape,tiny_gmp,structured_template,7074,centered_logit_fidelity,random,0.026053844642848344,4
single_shape,tiny_gmp,structured_template,7074,prob_error_reduction,random,0.11155862873420119,4
single_shape,tiny_gmp,structured_template,7075,centered_logit_fidelity,random,0.010710829467532141,4
single_shape,tiny_gmp,structured_template,7075,prob_error_reduction,random,0.08247194299474359,4
single_shape,tiny_gmp,structured_template,7076,centered_logit_fidelity,random,0.0253081556790952,4
single_shape,tiny_gmp,structured_template,7076,prob_error_reduction,random,0.10998924309387803,4
single_shape,tiny_gmp,structured_template,7077,centered_logit_fidelity,random,0.013523895007234955,4
single_shape,tiny_gmp,structured_template,7077,prob_error_reduction,random,0.10008545871824026,4
single_shape,tiny_gmp,structured_template,7078,centered_logit_fidelity,random,0.021923110410139966,4
single_shape,tiny_gmp,structured_template,7078,prob_error_reduction,random,0.11696812137961388,4
single_shape,tiny_gmp,structured_template,7079,centered_logit_fidelity,random,0.014776408860442328,4
single_shape,tiny_gmp,structured_template,7079,prob_error_reduction,random,0.10342259705066681,4
single_shape,tiny_gmp,structured_template,7080,centered_logit_fidelity,random,0.025209716904038594,4
single_shape,tiny_gmp,structured_template,7080,prob_error_reduction,random,0.09859922342002392,4
single_shape,tiny_gmp,structured_template,7081,centered_logit_fidelity,random,0.008250136365126604,4
single_shape,tiny_gmp,structured_template,7081,prob_error_reduction,random,0.09343860438093543,4
single_shape,tiny_gmp,structured_template,7082,centered_logit_fidelity,random,0.037730353949301555,4
single_shape,tiny_gmp,structured_template,7082,prob_error_reduction,random,0.11682660272344947,4
single_shape,tiny_gmp,structured_template,7083,centered_logit_fidelity,random,0.0117047993467088,4
single_shape,tiny_gmp,structured_template,7083,prob_error_reduction,random,0.07359854783862829,4
single_shape,tiny_gmp,structured_template,7084,centered_logit_fidelity,random,0.015551667552528993,4
single_shape,tiny_gmp,structured_template,7084,prob_error_reduction,random,0.10705095250159502,4
single_shape,tiny_gmp,structured_template,7085,centered_logit_fidelity,random,0.01604275232345204,4
single_shape,tiny_gmp,structured_template,7085,prob_error_reduction,random,0.13108590384945273,4
single_shape,tiny_gmp,structured_template,7086,centered_logit_fidelity,random,0.016964736325971237,4
single_shape,tiny_gmp,structured_template,7086,prob_error_reduction,random,0.0901466473005712,4
single_shape,tiny_gmp,structured_template,7087,centered_logit_fidelity,random,0.015782993957436646,4
single_shape,tiny_gmp,structured_template,7087,prob_error_reduction,random,0.08287744782865047,4
single_shape,tiny_gmp,structured_template,7088,centered_logit_fidelity,random,0.012256062763983134,4
single_shape,tiny_gmp,structured_template,7088,prob_error_reduction,random,0.09720763517543674,4
single_shape,tiny_gmp,structured_template,7089,centered_logit_fidelity,random,0.020967448797757124,4
single_shape,tiny_gmp,structured_template,7089,prob_error_reduction,random,0.1339918808080256,4
single_shape,tiny_gmp,structured_template,7090,centered_logit_fidelity,random,0.011682033680260996,4
single_shape,tiny_gmp,structured_template,7090,prob_error_reduction,random,0.101141975261271,4
single_shape,tiny_gmp,structured_template,7091,centered_logit_fidelity,random,0.025715163604060665,4
single_shape,tiny_gmp,structured_template,7091,prob_error_reduction,random,0.08793353708460927,4
single_shape,tiny_gmp,structured_template,7092,centered_logit_fidelity,random,0.013100973515756535,4
single_shape,tiny_gmp,structured_template,7092,prob_error_reduction,random,0.11384704243391752,4
single_shape,tiny_gmp,structured_template,7093,centered_logit_fidelity,random,0.012188097234180573,4
single_shape,tiny_gmp,structured_template,7093,prob_error_reduction,random,0.09854367328807712,4
single_shape,tiny_gmp,structured_template,7094,centered_logit_fidelity,random,0.007294913134632671,4
single_shape,tiny_gmp,structured_template,7094,prob_error_reduction,random,0.10514594102278352,4
single_shape,tiny_gmp,structured_template,7095,centered_logit_fidelity,random,0.011711252324397422,4
single_shape,tiny_gmp,structured_template,7095,prob_error_reduction,random,0.04995149979367852,4
single_shape,tiny_gmp,structured_template,7096,centered_logit_fidelity,random,0.01612877426113185,4
single_shape,tiny_gmp,structured_template,7096,prob_error_reduction,random,0.08468233561143279,4
single_shape,tiny_gmp,structured_template,7097,centered_logit_fidelity,random,0.010365913009128428,4
single_shape,tiny_gmp,structured_template,7097,prob_error_reduction,random,0.07212100806646049,4
single_shape,tiny_gmp,structured_template,7098,centered_logit_fidelity,random,0.012470743588766839,4
single_shape,tiny_gmp,structured_template,7098,prob_error_reduction,random,0.08257598895579576,4
single_shape,tiny_gmp,structured_template,7099,centered_logit_fidelity,random,0.01517108054227889,4
single_shape,tiny_gmp,structured_template,7099,prob_error_reduction,random,0.0913719437085092,4
two_concepts,plain2_w16_gap,pixel_permuted_template,7000,centered_logit_fidelity,random,0.009426893495566222,4
two_concepts,plain2_w16_gap,pixel_permuted_template,7000,prob_error_reduction,random,0.19289242615923285,4
two_concepts,plain2_w16_gap,pixel_permuted_template,7001,centered_logit_fidelity,random,0.011864169922475925,4
two_concepts,plain2_w16_gap,pixel_permuted_template,7001,prob_error_reduction,random,0.2129323841072619,4
two_concepts,plain2_w16_gap,pixel_permuted_template,7002,centered_logit_fidelity,random,0.024208646291901663,4
two_concepts,plain2_w16_gap,pixel_permuted_template,7002,prob_error_reduction,random,0.20750066440086812,4
two_concepts,plain2_w16_gap,pixel_permuted_template,7003,centered_logit_fidelity,random,0.01180647409565177,4
two_concepts,plain2_w16_gap,pixel_permuted_template,7003,prob_error_reduction,random,0.18758050701580942,4
two_concepts,plain2_w16_gap,pixel_permuted_template,7004,centered_logit_fidelity,random,0.014901754860536194,4
two_concepts,plain2_w16_gap,pixel_permuted_template,7004,prob_error_reduction,random,0.20328356721438468,4
two_concepts,plain2_w16_gap,pixel_permuted_template,7005,centered_logit_fidelity,random,0.001376968906248258,4
two_concepts,plain2_w16_gap,pixel_permuted_template,7005,prob_error_reduction,random,0.2194634258048609,4
two_concepts,plain2_w16_gap,pixel_permuted_template,7006,centered_logit_fidelity,random,0.03407056013317457,4
two_concepts,plain2_w16_gap,pixel_permuted_template,7006,prob_error_reduction,random,0.2463089846423827,4
two_concepts,plain2_w16_gap,pixel_permuted_template,7007,centered_logit_fidelity,random,0.005592588717311477,4
two_concepts,plain2_w16_gap,pixel_permuted_template,7007,prob_error_reduction,random,0.2010570745333098,4
two_concepts,plain2_w16_gap,pixel_permuted_template,7008,centered_logit_fidelity,random,0.0031009355180138063,4
two_concepts,plain2_w16_gap,pixel_permuted_template,7008,prob_error_reduction,random,0.3129037261242047,4
two_concepts,plain2_w16_gap,pixel_permuted_template,7009,centered_logit_fidelity,random,-0.0035309626191852295,4
two_concepts,plain2_w16_gap,pixel_permuted_template,7009,prob_error_reduction,random,0.290689570363611,4
two_concepts,plain2_w16_gap,pixel_permuted_template,7010,centered_logit_fidelity,random,0.004072388114807736,4
two_concepts,plain2_w16_gap,pixel_permuted_template,7010,prob_error_reduction,random,0.2581259254075121,4
two_concepts,plain2_w16_gap,pixel_permuted_template,7011,centered_logit_fidelity,random,0.006513725591136164,4
two_concepts,plain2_w16_gap,pixel_permuted_template,7011,prob_error_reduction,random,0.23060355300549418,4
two_concepts,plain2_w16_gap,pixel_permuted_template,7012,centered_logit_fidelity,random,-0.0008440484633740111,4
two_concepts,plain2_w16_gap,pixel_permuted_template,7012,prob_error_reduction,random,0.225118036265485,4
two_concepts,plain2_w16_gap,pixel_permuted_template,7013,centered_logit_fidelity,random,0.00502399373422141,4
two_concepts,plain2_w16_gap,pixel_permuted_template,7013,prob_error_reduction,random,0.20173792814603075,4
two_concepts,plain2_w16_gap,pixel_permuted_template,7014,centered_logit_fidelity,random,-0.002151227051843842,4
two_concepts,plain2_w16_gap,pixel_permuted_template,7014,prob_error_reduction,random,0.2585872809868306,4
two_concepts,plain2_w16_gap,pixel_permuted_template,7015,centered_logit_fidelity,random,-0.004136571053983287,4
two_concepts,plain2_w16_gap,pixel_permuted_template,7015,prob_error_reduction,random,0.23239710461348295,4
two_concepts,plain2_w16_gap,pixel_permuted_template,7016,centered_logit_fidelity,random,-0.013188678964166122,4
two_concepts,plain2_w16_gap,pixel_permuted_template,7016,prob_error_reduction,random,0.19431668758625165,4
two_concepts,plain2_w16_gap,pixel_permuted_template,7017,centered_logit_fidelity,random,0.003818311721904241,4
two_concepts,plain2_w16_gap,pixel_permuted_template,7017,prob_error_reduction,random,0.2589664804399945,4
two_concepts,plain2_w16_gap,pixel_permuted_template,7018,centered_logit_fidelity,random,0.0003224486002910438,4
two_concepts,plain2_w16_gap,pixel_permuted_template,7018,prob_error_reduction,random,0.28960080386605114,4
two_concepts,plain2_w16_gap,pixel_permuted_template,7019,centered_logit_fidelity,random,0.029941946171636296,4
two_concepts,plain2_w16_gap,pixel_permuted_template,7019,prob_error_reduction,random,0.2116851367172785,4
two_concepts,plain2_w16_gap,pixel_permuted_template,7020,centered_logit_fidelity,random,0.021971900631622434,4
two_concepts,plain2_w16_gap,pixel_permuted_template,7020,prob_error_reduction,random,0.2805234300903976,4
two_concepts,plain2_w16_gap,pixel_permuted_template,7021,centered_logit_fidelity,random,-0.0028848060170102146,4
two_concepts,plain2_w16_gap,pixel_permuted_template,7021,prob_error_reduction,random,0.2498374629067257,4
two_concepts,plain2_w16_gap,pixel_permuted_template,7022,centered_logit_fidelity,random,-0.030483875922422528,4
two_concepts,plain2_w16_gap,pixel_permuted_template,7022,prob_error_reduction,random,0.2363225705048535,4
two_concepts,plain2_w16_gap,pixel_permuted_template,7023,centered_logit_fidelity,random,0.0016423005109525261,4
two_concepts,plain2_w16_gap,pixel_permuted_template,7023,prob_error_reduction,random,0.21621070901164785,4
two_concepts,plain2_w16_gap,pixel_permuted_template,7024,centered_logit_fidelity,random,-0.009042296709440706,4
two_concepts,plain2_w16_gap,pixel_permuted_template,7024,prob_error_reduction,random,0.17943659471347928,4
two_concepts,plain2_w16_gap,pixel_permuted_template,7025,centered_logit_fidelity,random,0.0037851663048312847,4
two_concepts,plain2_w16_gap,pixel_permuted_template,7025,prob_error_reduction,random,0.2501332216197625,4
two_concepts,plain2_w16_gap,pixel_permuted_template,7026,centered_logit_fidelity,random,0.005325168674713037,4
two_concepts,plain2_w16_gap,pixel_permuted_template,7026,prob_error_reduction,random,0.23323937895474955,4
two_concepts,plain2_w16_gap,pixel_permuted_template,7027,centered_logit_fidelity,random,0.010271139100324268,4
two_concepts,plain2_w16_gap,pixel_permuted_template,7027,prob_error_reduction,random,0.24070862770895474,4
two_concepts,plain2_w16_gap,pixel_permuted_template,7028,centered_logit_fidelity,random,0.008410412263367167,4
two_concepts,plain2_w16_gap,pixel_permuted_template,7028,prob_error_reduction,random,0.18328297918196768,4
two_concepts,plain2_w16_gap,pixel_permuted_template,7029,centered_logit_fidelity,random,-2.708784153986933e-05,4
two_concepts,plain2_w16_gap,pixel_permuted_template,7029,prob_error_reduction,random,0.23361674626357853,4
two_concepts,plain2_w16_gap,pixel_permuted_template,7030,centered_logit_fidelity,random,0.03290188624199172,4
two_concepts,plain2_w16_gap,pixel_permuted_template,7030,prob_error_reduction,random,0.277602176356595,4
two_concepts,plain2_w16_gap,pixel_permuted_template,7031,centered_logit_fidelity,random,0.008943933616351991,4
two_concepts,plain2_w16_gap,pixel_permuted_template,7031,prob_error_reduction,random,0.20877520448993891,4
two_concepts,plain2_w16_gap,pixel_permuted_template,7032,centered_logit_fidelity,random,0.0019496124971066283,4
two_concepts,plain2_w16_gap,pixel_permuted_template,7032,prob_error_reduction,random,0.2343422644189559,4
two_concepts,plain2_w16_gap,pixel_permuted_template,7033,centered_logit_fidelity,random,0.005488299114382915,4
two_concepts,plain2_w16_gap,pixel_permuted_template,7033,prob_error_reduction,random,0.28994757757754996,4
two_concepts,plain2_w16_gap,pixel_permuted_template,7034,centered_logit_fidelity,random,-0.0017627659425398668,4
two_concepts,plain2_w16_gap,pixel_permuted_template,7034,prob_error_reduction,random,0.23656370281241834,4
two_concepts,plain2_w16_gap,pixel_permuted_template,7035,centered_logit_fidelity,random,0.011998544968256263,4
two_concepts,plain2_w16_gap,pixel_permuted_template,7035,prob_error_reduction,random,0.21677355212159455,4
two_concepts,plain2_w16_gap,pixel_permuted_template,7036,centered_logit_fidelity,random,-0.022006978830490482,4
two_concepts,plain2_w16_gap,pixel_permuted_template,7036,prob_error_reduction,random,0.21028665895573795,4
two_concepts,plain2_w16_gap,pixel_permuted_template,7037,centered_logit_fidelity,random,-0.0022640211445615396,4
two_concepts,plain2_w16_gap,pixel_permuted_template,7037,prob_error_reduction,random,0.205199210671708,4
two_concepts,plain2_w16_gap,pixel_permuted_template,7038,centered_logit_fidelity,random,0.003249834184251711,4
two_concepts,plain2_w16_gap,pixel_permuted_template,7038,prob_error_reduction,random,0.2849919550353661,4
two_concepts,plain2_w16_gap,pixel_permuted_template,7039,centered_logit_fidelity,random,-0.002535822503908757,4
two_concepts,plain2_w16_gap,pixel_permuted_template,7039,prob_error_reduction,random,0.21998563082888722,4
two_concepts,plain2_w16_gap,pixel_permuted_template,7040,centered_logit_fidelity,random,-0.0011973571038860799,4
two_concepts,plain2_w16_gap,pixel_permuted_template,7040,prob_error_reduction,random,0.2577416691929102,4
two_concepts,plain2_w16_gap,pixel_permuted_template,7041,centered_logit_fidelity,random,0.006212112947646592,4
two_concepts,plain2_w16_gap,pixel_permuted_template,7041,prob_error_reduction,random,0.16101119472295977,4
two_concepts,plain2_w16_gap,pixel_permuted_template,7042,centered_logit_fidelity,random,0.009992022629121978,4
two_concepts,plain2_w16_gap,pixel_permuted_template,7042,prob_error_reduction,random,0.2270130724646151,4
two_concepts,plain2_w16_gap,pixel_permuted_template,7043,centered_logit_fidelity,random,0.01628602548112603,4
two_concepts,plain2_w16_gap,pixel_permuted_template,7043,prob_error_reduction,random,0.2661523565184325,4
two_concepts,plain2_w16_gap,pixel_permuted_template,7044,centered_logit_fidelity,random,0.02396517979578422,4
two_concepts,plain2_w16_gap,pixel_permuted_template,7044,prob_error_reduction,random,0.16715558851137757,4
two_concepts,plain2_w16_gap,pixel_permuted_template,7045,centered_logit_fidelity,random,-0.019161725594945025,4
two_concepts,plain2_w16_gap,pixel_permuted_template,7045,prob_error_reduction,random,0.2882338558556512,4
two_concepts,plain2_w16_gap,pixel_permuted_template,7046,centered_logit_fidelity,random,0.0046348714653861225,4
two_concepts,plain2_w16_gap,pixel_permuted_template,7046,prob_error_reduction,random,0.17704249086091295,4
two_concepts,plain2_w16_gap,pixel_permuted_template,7047,centered_logit_fidelity,random,-0.0016438316108364406,4
two_concepts,plain2_w16_gap,pixel_permuted_template,7047,prob_error_reduction,random,0.1913257190026343,4
two_concepts,plain2_w16_gap,pixel_permuted_template,7048,centered_logit_fidelity,random,0.009216797409092602,4
two_concepts,plain2_w16_gap,pixel_permuted_template,7048,prob_error_reduction,random,0.20349413098301739,4
two_concepts,plain2_w16_gap,pixel_permuted_template,7049,centered_logit_fidelity,random,0.027539116659669752,4
two_concepts,plain2_w16_gap,pixel_permuted_template,7049,prob_error_reduction,random,0.16577404615236446,4
two_concepts,plain2_w16_gap,pixel_permuted_template,7050,centered_logit_fidelity,random,0.006744898829765937,4
two_concepts,plain2_w16_gap,pixel_permuted_template,7050,prob_error_reduction,random,0.1632794644101523,4
two_concepts,plain2_w16_gap,pixel_permuted_template,7051,centered_logit_fidelity,random,-0.02351918368635137,4
two_concepts,plain2_w16_gap,pixel_permuted_template,7051,prob_error_reduction,random,0.22382193175144494,4
two_concepts,plain2_w16_gap,pixel_permuted_template,7052,centered_logit_fidelity,random,-0.011286065813355978,4
two_concepts,plain2_w16_gap,pixel_permuted_template,7052,prob_error_reduction,random,0.21655323449522257,4
two_concepts,plain2_w16_gap,pixel_permuted_template,7053,centered_logit_fidelity,random,0.010197590639507923,4
two_concepts,plain2_w16_gap,pixel_permuted_template,7053,prob_error_reduction,random,0.20634192251600325,4
two_concepts,plain2_w16_gap,pixel_permuted_template,7054,centered_logit_fidelity,random,0.02106952632554174,4
two_concepts,plain2_w16_gap,pixel_permuted_template,7054,prob_error_reduction,random,0.23880426259711385,4
two_concepts,plain2_w16_gap,pixel_permuted_template,7055,centered_logit_fidelity,random,0.016968840894687597,4
two_concepts,plain2_w16_gap,pixel_permuted_template,7055,prob_error_reduction,random,0.25897177832666785,4
two_concepts,plain2_w16_gap,pixel_permuted_template,7056,centered_logit_fidelity,random,-0.023325765166284297,4
two_concepts,plain2_w16_gap,pixel_permuted_template,7056,prob_error_reduction,random,0.2291312992456369,4
two_concepts,plain2_w16_gap,pixel_permuted_template,7057,centered_logit_fidelity,random,0.0050908521098497785,4
two_concepts,plain2_w16_gap,pixel_permuted_template,7057,prob_error_reduction,random,0.19722800998715684,4
two_concepts,plain2_w16_gap,pixel_permuted_template,7058,centered_logit_fidelity,random,0.001649501323582601,4
two_concepts,plain2_w16_gap,pixel_permuted_template,7058,prob_error_reduction,random,0.24444172030780464,4
two_concepts,plain2_w16_gap,pixel_permuted_template,7059,centered_logit_fidelity,random,0.0009677362940487891,4
two_concepts,plain2_w16_gap,pixel_permuted_template,7059,prob_error_reduction,random,0.26302479684818536,4
two_concepts,plain2_w16_gap,pixel_permuted_template,7060,centered_logit_fidelity,random,-0.00017328891892088444,4
two_concepts,plain2_w16_gap,pixel_permuted_template,7060,prob_error_reduction,random,0.17207652104843874,4
two_concepts,plain2_w16_gap,pixel_permuted_template,7061,centered_logit_fidelity,random,-0.00028667377439546213,4
two_concepts,plain2_w16_gap,pixel_permuted_template,7061,prob_error_reduction,random,0.26055431948043406,4
two_concepts,plain2_w16_gap,pixel_permuted_template,7062,centered_logit_fidelity,random,-0.01618971745269241,4
two_concepts,plain2_w16_gap,pixel_permuted_template,7062,prob_error_reduction,random,0.26677946909330785,4
two_concepts,plain2_w16_gap,pixel_permuted_template,7063,centered_logit_fidelity,random,0.017066063184142083,4
two_concepts,plain2_w16_gap,pixel_permuted_template,7063,prob_error_reduction,random,0.2347773677611258,4
two_concepts,plain2_w16_gap,pixel_permuted_template,7064,centered_logit_fidelity,random,0.02327394452918144,4
two_concepts,plain2_w16_gap,pixel_permuted_template,7064,prob_error_reduction,random,0.2527191590052098,4
two_concepts,plain2_w16_gap,pixel_permuted_template,7065,centered_logit_fidelity,random,-0.0044994441853210415,4
two_concepts,plain2_w16_gap,pixel_permuted_template,7065,prob_error_reduction,random,0.23047281720209867,4
two_concepts,plain2_w16_gap,pixel_permuted_template,7066,centered_logit_fidelity,random,0.010107597886356002,4
two_concepts,plain2_w16_gap,pixel_permuted_template,7066,prob_error_reduction,random,0.2739030534867197,4
two_concepts,plain2_w16_gap,pixel_permuted_template,7067,centered_logit_fidelity,random,0.017955267795019464,4
two_concepts,plain2_w16_gap,pixel_permuted_template,7067,prob_error_reduction,random,0.30537357938010246,4
two_concepts,plain2_w16_gap,pixel_permuted_template,7068,centered_logit_fidelity,random,-0.011319267456342137,4
two_concepts,plain2_w16_gap,pixel_permuted_template,7068,prob_error_reduction,random,0.23798687878297642,4
two_concepts,plain2_w16_gap,pixel_permuted_template,7069,centered_logit_fidelity,random,0.006280149808403414,4
two_concepts,plain2_w16_gap,pixel_permuted_template,7069,prob_error_reduction,random,0.21357422647997737,4
two_concepts,plain2_w16_gap,pixel_permuted_template,7070,centered_logit_fidelity,random,0.008468103462586998,4
two_concepts,plain2_w16_gap,pixel_permuted_template,7070,prob_error_reduction,random,0.20155207300558686,4
two_concepts,plain2_w16_gap,pixel_permuted_template,7071,centered_logit_fidelity,random,-0.002664961314543402,4
two_concepts,plain2_w16_gap,pixel_permuted_template,7071,prob_error_reduction,random,0.21563576778862625,4
two_concepts,plain2_w16_gap,pixel_permuted_template,7072,centered_logit_fidelity,random,-0.02765177030428159,4
two_concepts,plain2_w16_gap,pixel_permuted_template,7072,prob_error_reduction,random,0.23306432273238897,4
two_concepts,plain2_w16_gap,pixel_permuted_template,7073,centered_logit_fidelity,random,0.017069358427624644,4
two_concepts,plain2_w16_gap,pixel_permuted_template,7073,prob_error_reduction,random,0.23259843257255852,4
two_concepts,plain2_w16_gap,pixel_permuted_template,7074,centered_logit_fidelity,random,-0.0036696923952841774,4
two_concepts,plain2_w16_gap,pixel_permuted_template,7074,prob_error_reduction,random,0.25851768237771466,4
two_concepts,plain2_w16_gap,pixel_permuted_template,7075,centered_logit_fidelity,random,0.026669924970333984,4
two_concepts,plain2_w16_gap,pixel_permuted_template,7075,prob_error_reduction,random,0.2254856302170083,4
two_concepts,plain2_w16_gap,pixel_permuted_template,7076,centered_logit_fidelity,random,0.014210585563574305,4
two_concepts,plain2_w16_gap,pixel_permuted_template,7076,prob_error_reduction,random,0.2406580820097588,4
two_concepts,plain2_w16_gap,pixel_permuted_template,7077,centered_logit_fidelity,random,0.01102417626573771,4
two_concepts,plain2_w16_gap,pixel_permuted_template,7077,prob_error_reduction,random,0.1719895371934399,4
two_concepts,plain2_w16_gap,pixel_permuted_template,7078,centered_logit_fidelity,random,5.0818944841303504e-05,4
two_concepts,plain2_w16_gap,pixel_permuted_template,7078,prob_error_reduction,random,0.1953422627557302,4
two_concepts,plain2_w16_gap,pixel_permuted_template,7079,centered_logit_fidelity,random,-0.011879356779025607,4
two_concepts,plain2_w16_gap,pixel_permuted_template,7079,prob_error_reduction,random,0.20061364129651338,4
two_concepts,plain2_w16_gap,pixel_permuted_template,7080,centered_logit_fidelity,random,0.005966553183795305,4
two_concepts,plain2_w16_gap,pixel_permuted_template,7080,prob_error_reduction,random,0.3155005631269887,4
two_concepts,plain2_w16_gap,pixel_permuted_template,7081,centered_logit_fidelity,random,0.0018151398100924448,4
two_concepts,plain2_w16_gap,pixel_permuted_template,7081,prob_error_reduction,random,0.2524213300202973,4
two_concepts,plain2_w16_gap,pixel_permuted_template,7082,centered_logit_fidelity,random,0.007046156261855809,4
two_concepts,plain2_w16_gap,pixel_permuted_template,7082,prob_error_reduction,random,0.20516968076117337,4
two_concepts,plain2_w16_gap,pixel_permuted_template,7083,centered_logit_fidelity,random,-0.012381997791337368,4
two_concepts,plain2_w16_gap,pixel_permuted_template,7083,prob_error_reduction,random,0.2756077865778934,4
two_concepts,plain2_w16_gap,pixel_permuted_template,7084,centered_logit_fidelity,random,0.005115409963531827,4
two_concepts,plain2_w16_gap,pixel_permuted_template,7084,prob_error_reduction,random,0.2418877535383217,4
two_concepts,plain2_w16_gap,pixel_permuted_template,7085,centered_logit_fidelity,random,-0.006291789288468387,4
two_concepts,plain2_w16_gap,pixel_permuted_template,7085,prob_error_reduction,random,0.20680495706619695,4
two_concepts,plain2_w16_gap,pixel_permuted_template,7086,centered_logit_fidelity,random,0.00851354263245659,4
two_concepts,plain2_w16_gap,pixel_permuted_template,7086,prob_error_reduction,random,0.25094612792599946,4
two_concepts,plain2_w16_gap,pixel_permuted_template,7087,centered_logit_fidelity,random,0.018275593638250244,4
two_concepts,plain2_w16_gap,pixel_permuted_template,7087,prob_error_reduction,random,0.28229180979542434,4
two_concepts,plain2_w16_gap,pixel_permuted_template,7088,centered_logit_fidelity,random,0.022379828481344406,4
two_concepts,plain2_w16_gap,pixel_permuted_template,7088,prob_error_reduction,random,0.22603564235032536,4
two_concepts,plain2_w16_gap,pixel_permuted_template,7089,centered_logit_fidelity,random,0.014475168413936227,4
two_concepts,plain2_w16_gap,pixel_permuted_template,7089,prob_error_reduction,random,0.2476386009948328,4
two_concepts,plain2_w16_gap,pixel_permuted_template,7090,centered_logit_fidelity,random,0.01173105439137347,4
two_concepts,plain2_w16_gap,pixel_permuted_template,7090,prob_error_reduction,random,0.2064260266488418,4
two_concepts,plain2_w16_gap,pixel_permuted_template,7091,centered_logit_fidelity,random,-0.007312622165873318,4
two_concepts,plain2_w16_gap,pixel_permuted_template,7091,prob_error_reduction,random,0.20422400708775967,4
two_concepts,plain2_w16_gap,pixel_permuted_template,7092,centered_logit_fidelity,random,-0.0042482003981342865,4
two_concepts,plain2_w16_gap,pixel_permuted_template,7092,prob_error_reduction,random,0.24781403789529577,4
two_concepts,plain2_w16_gap,pixel_permuted_template,7093,centered_logit_fidelity,random,0.004411493308145999,4
two_concepts,plain2_w16_gap,pixel_permuted_template,7093,prob_error_reduction,random,0.23717422387562692,4
two_concepts,plain2_w16_gap,pixel_permuted_template,7094,centered_logit_fidelity,random,-0.01052053403562043,4
two_concepts,plain2_w16_gap,pixel_permuted_template,7094,prob_error_reduction,random,0.19755662977695465,4
two_concepts,plain2_w16_gap,pixel_permuted_template,7095,centered_logit_fidelity,random,0.0031902359112080027,4
two_concepts,plain2_w16_gap,pixel_permuted_template,7095,prob_error_reduction,random,0.18576189025770873,4
two_concepts,plain2_w16_gap,pixel_permuted_template,7096,centered_logit_fidelity,random,0.005216405053470567,4
two_concepts,plain2_w16_gap,pixel_permuted_template,7096,prob_error_reduction,random,0.2484579686424695,4
two_concepts,plain2_w16_gap,pixel_permuted_template,7097,centered_logit_fidelity,random,0.03629763638874286,4
two_concepts,plain2_w16_gap,pixel_permuted_template,7097,prob_error_reduction,random,0.17950649635167792,4
two_concepts,plain2_w16_gap,pixel_permuted_template,7098,centered_logit_fidelity,random,0.005030928921493198,4
two_concepts,plain2_w16_gap,pixel_permuted_template,7098,prob_error_reduction,random,0.21704203594708815,4
two_concepts,plain2_w16_gap,pixel_permuted_template,7099,centered_logit_fidelity,random,0.004982271866402979,4
two_concepts,plain2_w16_gap,pixel_permuted_template,7099,prob_error_reduction,random,0.2171778306365013,4
two_concepts,plain2_w16_gap,random_fullrank,7000,centered_logit_fidelity,random,-0.008284412162131181,4
two_concepts,plain2_w16_gap,random_fullrank,7000,prob_error_reduction,random,0.19144633944961242,4
two_concepts,plain2_w16_gap,random_fullrank,7001,centered_logit_fidelity,random,0.011272284486836792,4
two_concepts,plain2_w16_gap,random_fullrank,7001,prob_error_reduction,random,0.2017475028987974,4
two_concepts,plain2_w16_gap,random_fullrank,7002,centered_logit_fidelity,random,0.013604042858239278,4
two_concepts,plain2_w16_gap,random_fullrank,7002,prob_error_reduction,random,0.24892895121593028,4
two_concepts,plain2_w16_gap,random_fullrank,7003,centered_logit_fidelity,random,-0.008280023195819554,4
two_concepts,plain2_w16_gap,random_fullrank,7003,prob_error_reduction,random,0.23443778249202296,4
two_concepts,plain2_w16_gap,random_fullrank,7004,centered_logit_fidelity,random,-0.005430340444687366,4
two_concepts,plain2_w16_gap,random_fullrank,7004,prob_error_reduction,random,0.20969875052105635,4
two_concepts,plain2_w16_gap,random_fullrank,7005,centered_logit_fidelity,random,0.005239793677937485,4
two_concepts,plain2_w16_gap,random_fullrank,7005,prob_error_reduction,random,0.23145531711634248,4
two_concepts,plain2_w16_gap,random_fullrank,7006,centered_logit_fidelity,random,-0.01712607536661069,4
two_concepts,plain2_w16_gap,random_fullrank,7006,prob_error_reduction,random,0.24807200956274755,4
two_concepts,plain2_w16_gap,random_fullrank,7007,centered_logit_fidelity,random,0.011039868147123015,4
two_concepts,plain2_w16_gap,random_fullrank,7007,prob_error_reduction,random,0.19426443963311613,4
two_concepts,plain2_w16_gap,random_fullrank,7008,centered_logit_fidelity,random,0.014144160394659237,4
two_concepts,plain2_w16_gap,random_fullrank,7008,prob_error_reduction,random,0.2567920394940302,4
two_concepts,plain2_w16_gap,random_fullrank,7009,centered_logit_fidelity,random,0.0044370403296526886,4
two_concepts,plain2_w16_gap,random_fullrank,7009,prob_error_reduction,random,0.2827903860597871,4
two_concepts,plain2_w16_gap,random_fullrank,7010,centered_logit_fidelity,random,-4.871628665405886e-05,4
two_concepts,plain2_w16_gap,random_fullrank,7010,prob_error_reduction,random,0.23339114245027304,4
two_concepts,plain2_w16_gap,random_fullrank,7011,centered_logit_fidelity,random,0.012227389224369141,4
two_concepts,plain2_w16_gap,random_fullrank,7011,prob_error_reduction,random,0.19048499636119232,4
two_concepts,plain2_w16_gap,random_fullrank,7012,centered_logit_fidelity,random,0.006870926392303007,4
two_concepts,plain2_w16_gap,random_fullrank,7012,prob_error_reduction,random,0.26015085517428815,4
two_concepts,plain2_w16_gap,random_fullrank,7013,centered_logit_fidelity,random,-0.00028715377524992855,4
two_concepts,plain2_w16_gap,random_fullrank,7013,prob_error_reduction,random,0.1982116104918532,4
two_concepts,plain2_w16_gap,random_fullrank,7014,centered_logit_fidelity,random,-0.023047672749230953,4
two_concepts,plain2_w16_gap,random_fullrank,7014,prob_error_reduction,random,0.25722143438179046,4
two_concepts,plain2_w16_gap,random_fullrank,7015,centered_logit_fidelity,random,0.02587743499509238,4
two_concepts,plain2_w16_gap,random_fullrank,7015,prob_error_reduction,random,0.18436940549872816,4
two_concepts,plain2_w16_gap,random_fullrank,7016,centered_logit_fidelity,random,0.012407506611477935,4
two_concepts,plain2_w16_gap,random_fullrank,7016,prob_error_reduction,random,0.2785472741816193,4
two_concepts,plain2_w16_gap,random_fullrank,7017,centered_logit_fidelity,random,0.008456633444716583,4
two_concepts,plain2_w16_gap,random_fullrank,7017,prob_error_reduction,random,0.23348350383457728,4
two_concepts,plain2_w16_gap,random_fullrank,7018,centered_logit_fidelity,random,-0.007948498240898135,4
two_concepts,plain2_w16_gap,random_fullrank,7018,prob_error_reduction,random,0.24937499221414328,4
two_concepts,plain2_w16_gap,random_fullrank,7019,centered_logit_fidelity,random,-0.014408574307603728,4
two_concepts,plain2_w16_gap,random_fullrank,7019,prob_error_reduction,random,0.24095694487914443,4
two_concepts,plain2_w16_gap,random_fullrank,7020,centered_logit_fidelity,random,0.02552833960118197,4
two_concepts,plain2_w16_gap,random_fullrank,7020,prob_error_reduction,random,0.25045331032015383,4
two_concepts,plain2_w16_gap,random_fullrank,7021,centered_logit_fidelity,random,0.012024799587465882,4
two_concepts,plain2_w16_gap,random_fullrank,7021,prob_error_reduction,random,0.246235520549817,4
two_concepts,plain2_w16_gap,random_fullrank,7022,centered_logit_fidelity,random,-0.025786265777368193,4
two_concepts,plain2_w16_gap,random_fullrank,7022,prob_error_reduction,random,0.2687243896070868,4
two_concepts,plain2_w16_gap,random_fullrank,7023,centered_logit_fidelity,random,0.005492834827035673,4
two_concepts,plain2_w16_gap,random_fullrank,7023,prob_error_reduction,random,0.26076872553676367,4
two_concepts,plain2_w16_gap,random_fullrank,7024,centered_logit_fidelity,random,-0.027515046683945697,4
two_concepts,plain2_w16_gap,random_fullrank,7024,prob_error_reduction,random,0.2138590049580671,4
two_concepts,plain2_w16_gap,random_fullrank,7025,centered_logit_fidelity,random,0.009213595316192274,4
two_concepts,plain2_w16_gap,random_fullrank,7025,prob_error_reduction,random,0.22975140460766852,4
two_concepts,plain2_w16_gap,random_fullrank,7026,centered_logit_fidelity,random,0.014349355913822671,4
two_concepts,plain2_w16_gap,random_fullrank,7026,prob_error_reduction,random,0.24966365017462522,4
two_concepts,plain2_w16_gap,random_fullrank,7027,centered_logit_fidelity,random,0.02667686096742504,4
two_concepts,plain2_w16_gap,random_fullrank,7027,prob_error_reduction,random,0.22988651634659618,4
two_concepts,plain2_w16_gap,random_fullrank,7028,centered_logit_fidelity,random,-0.0059343684030934585,4
two_concepts,plain2_w16_gap,random_fullrank,7028,prob_error_reduction,random,0.18739124026615173,4
two_concepts,plain2_w16_gap,random_fullrank,7029,centered_logit_fidelity,random,0.011644702989820843,4
two_concepts,plain2_w16_gap,random_fullrank,7029,prob_error_reduction,random,0.22478687542025,4
two_concepts,plain2_w16_gap,random_fullrank,7030,centered_logit_fidelity,random,0.004150810348888175,4
two_concepts,plain2_w16_gap,random_fullrank,7030,prob_error_reduction,random,0.1836051910649985,4
two_concepts,plain2_w16_gap,random_fullrank,7031,centered_logit_fidelity,random,0.014510898841761034,4
two_concepts,plain2_w16_gap,random_fullrank,7031,prob_error_reduction,random,0.1903218892402947,4
two_concepts,plain2_w16_gap,random_fullrank,7032,centered_logit_fidelity,random,0.0017588857657692778,4
two_concepts,plain2_w16_gap,random_fullrank,7032,prob_error_reduction,random,0.1950447604758665,4
two_concepts,plain2_w16_gap,random_fullrank,7033,centered_logit_fidelity,random,0.021583064439844306,4
two_concepts,plain2_w16_gap,random_fullrank,7033,prob_error_reduction,random,0.2637515041278675,4
two_concepts,plain2_w16_gap,random_fullrank,7034,centered_logit_fidelity,random,0.00033183112957220137,4
two_concepts,plain2_w16_gap,random_fullrank,7034,prob_error_reduction,random,0.16254233877407387,4
two_concepts,plain2_w16_gap,random_fullrank,7035,centered_logit_fidelity,random,0.0008372949469854004,4
two_concepts,plain2_w16_gap,random_fullrank,7035,prob_error_reduction,random,0.22852703707758337,4
two_concepts,plain2_w16_gap,random_fullrank,7036,centered_logit_fidelity,random,-0.014401147773683532,4
two_concepts,plain2_w16_gap,random_fullrank,7036,prob_error_reduction,random,0.17409247456816956,4
two_concepts,plain2_w16_gap,random_fullrank,7037,centered_logit_fidelity,random,0.02119418269408247,4
two_concepts,plain2_w16_gap,random_fullrank,7037,prob_error_reduction,random,0.1875773868523538,4
two_concepts,plain2_w16_gap,random_fullrank,7038,centered_logit_fidelity,random,0.018693398217478112,4
two_concepts,plain2_w16_gap,random_fullrank,7038,prob_error_reduction,random,0.27586624573450536,4
two_concepts,plain2_w16_gap,random_fullrank,7039,centered_logit_fidelity,random,-0.010147705067345343,4
two_concepts,plain2_w16_gap,random_fullrank,7039,prob_error_reduction,random,0.19063869712408632,4
two_concepts,plain2_w16_gap,random_fullrank,7040,centered_logit_fidelity,random,0.01048714106902132,4
two_concepts,plain2_w16_gap,random_fullrank,7040,prob_error_reduction,random,0.23360723699443042,4
two_concepts,plain2_w16_gap,random_fullrank,7041,centered_logit_fidelity,random,0.007084617979273457,4
two_concepts,plain2_w16_gap,random_fullrank,7041,prob_error_reduction,random,0.24081163061782718,4
two_concepts,plain2_w16_gap,random_fullrank,7042,centered_logit_fidelity,random,0.02777678772671119,4
two_concepts,plain2_w16_gap,random_fullrank,7042,prob_error_reduction,random,0.17950181383639574,4
two_concepts,plain2_w16_gap,random_fullrank,7043,centered_logit_fidelity,random,0.006820269825062992,4
two_concepts,plain2_w16_gap,random_fullrank,7043,prob_error_reduction,random,0.23654611920937896,4
two_concepts,plain2_w16_gap,random_fullrank,7044,centered_logit_fidelity,random,0.03108907606775146,4
two_concepts,plain2_w16_gap,random_fullrank,7044,prob_error_reduction,random,0.19668958231341094,4
two_concepts,plain2_w16_gap,random_fullrank,7045,centered_logit_fidelity,random,-0.002554376729392467,4
two_concepts,plain2_w16_gap,random_fullrank,7045,prob_error_reduction,random,0.2434080037055537,4
two_concepts,plain2_w16_gap,random_fullrank,7046,centered_logit_fidelity,random,0.006676968906840729,4
two_concepts,plain2_w16_gap,random_fullrank,7046,prob_error_reduction,random,0.21384663437493145,4
two_concepts,plain2_w16_gap,random_fullrank,7047,centered_logit_fidelity,random,0.016524254557673146,4
two_concepts,plain2_w16_gap,random_fullrank,7047,prob_error_reduction,random,0.21405626612249762,4
two_concepts,plain2_w16_gap,random_fullrank,7048,centered_logit_fidelity,random,-0.002759937020509905,4
two_concepts,plain2_w16_gap,random_fullrank,7048,prob_error_reduction,random,0.26248910918366164,4
two_concepts,plain2_w16_gap,random_fullrank,7049,centered_logit_fidelity,random,0.015866158254843662,4
two_concepts,plain2_w16_gap,random_fullrank,7049,prob_error_reduction,random,0.1330491243279539,4
two_concepts,plain2_w16_gap,random_fullrank,7050,centered_logit_fidelity,random,-0.008427259026391076,4
two_concepts,plain2_w16_gap,random_fullrank,7050,prob_error_reduction,random,0.19398523919517174,4
two_concepts,plain2_w16_gap,random_fullrank,7051,centered_logit_fidelity,random,0.014252907333074348,4
two_concepts,plain2_w16_gap,random_fullrank,7051,prob_error_reduction,random,0.25760865106713027,4
two_concepts,plain2_w16_gap,random_fullrank,7052,centered_logit_fidelity,random,0.014648963534526997,4
two_concepts,plain2_w16_gap,random_fullrank,7052,prob_error_reduction,random,0.24166772468015552,4
two_concepts,plain2_w16_gap,random_fullrank,7053,centered_logit_fidelity,random,-0.00983933113597413,4
two_concepts,plain2_w16_gap,random_fullrank,7053,prob_error_reduction,random,0.19017021276522428,4
two_concepts,plain2_w16_gap,random_fullrank,7054,centered_logit_fidelity,random,0.012268052579009318,4
two_concepts,plain2_w16_gap,random_fullrank,7054,prob_error_reduction,random,0.21887336298823357,4
two_concepts,plain2_w16_gap,random_fullrank,7055,centered_logit_fidelity,random,0.003875625900904865,4
two_concepts,plain2_w16_gap,random_fullrank,7055,prob_error_reduction,random,0.2952777333557606,4
two_concepts,plain2_w16_gap,random_fullrank,7056,centered_logit_fidelity,random,0.005089571021111756,4
two_concepts,plain2_w16_gap,random_fullrank,7056,prob_error_reduction,random,0.26850393402855843,4
two_concepts,plain2_w16_gap,random_fullrank,7057,centered_logit_fidelity,random,0.010999430804780327,4
two_concepts,plain2_w16_gap,random_fullrank,7057,prob_error_reduction,random,0.15301043156068772,4
two_concepts,plain2_w16_gap,random_fullrank,7058,centered_logit_fidelity,random,0.02066187438484713,4
two_concepts,plain2_w16_gap,random_fullrank,7058,prob_error_reduction,random,0.2626368109486066,4
two_concepts,plain2_w16_gap,random_fullrank,7059,centered_logit_fidelity,random,0.0001651664572214894,4
two_concepts,plain2_w16_gap,random_fullrank,7059,prob_error_reduction,random,0.20974655589088798,4
two_concepts,plain2_w16_gap,random_fullrank,7060,centered_logit_fidelity,random,0.0014282245870009622,4
two_concepts,plain2_w16_gap,random_fullrank,7060,prob_error_reduction,random,0.1861907450365834,4
two_concepts,plain2_w16_gap,random_fullrank,7061,centered_logit_fidelity,random,0.005504366341880864,4
two_concepts,plain2_w16_gap,random_fullrank,7061,prob_error_reduction,random,0.2304508617380634,4
two_concepts,plain2_w16_gap,random_fullrank,7062,centered_logit_fidelity,random,0.014148173126967315,4
two_concepts,plain2_w16_gap,random_fullrank,7062,prob_error_reduction,random,0.25677444296889007,4
two_concepts,plain2_w16_gap,random_fullrank,7063,centered_logit_fidelity,random,-0.004897672230907724,4
two_concepts,plain2_w16_gap,random_fullrank,7063,prob_error_reduction,random,0.2324517812812701,4
two_concepts,plain2_w16_gap,random_fullrank,7064,centered_logit_fidelity,random,0.008874304130402548,4
two_concepts,plain2_w16_gap,random_fullrank,7064,prob_error_reduction,random,0.2557504156138748,4
two_concepts,plain2_w16_gap,random_fullrank,7065,centered_logit_fidelity,random,0.0018954885885508563,4
two_concepts,plain2_w16_gap,random_fullrank,7065,prob_error_reduction,random,0.15752515546046197,4
two_concepts,plain2_w16_gap,random_fullrank,7066,centered_logit_fidelity,random,0.008134484027627885,4
two_concepts,plain2_w16_gap,random_fullrank,7066,prob_error_reduction,random,0.28757159237284213,4
two_concepts,plain2_w16_gap,random_fullrank,7067,centered_logit_fidelity,random,0.01867118299842257,4
two_concepts,plain2_w16_gap,random_fullrank,7067,prob_error_reduction,random,0.2483600023551844,4
two_concepts,plain2_w16_gap,random_fullrank,7068,centered_logit_fidelity,random,-0.010162036582100445,4
two_concepts,plain2_w16_gap,random_fullrank,7068,prob_error_reduction,random,0.1945710126310587,4
two_concepts,plain2_w16_gap,random_fullrank,7069,centered_logit_fidelity,random,-0.0009634348268317983,4
two_concepts,plain2_w16_gap,random_fullrank,7069,prob_error_reduction,random,0.20873661222867668,4
two_concepts,plain2_w16_gap,random_fullrank,7070,centered_logit_fidelity,random,0.017821870279696957,4
two_concepts,plain2_w16_gap,random_fullrank,7070,prob_error_reduction,random,0.22688991844188422,4
two_concepts,plain2_w16_gap,random_fullrank,7071,centered_logit_fidelity,random,-0.0015431703838262988,4
two_concepts,plain2_w16_gap,random_fullrank,7071,prob_error_reduction,random,0.20194861735217273,4
two_concepts,plain2_w16_gap,random_fullrank,7072,centered_logit_fidelity,random,0.004943091528632568,4
two_concepts,plain2_w16_gap,random_fullrank,7072,prob_error_reduction,random,0.17363767413189635,4
two_concepts,plain2_w16_gap,random_fullrank,7073,centered_logit_fidelity,random,0.016766744504748937,4
two_concepts,plain2_w16_gap,random_fullrank,7073,prob_error_reduction,random,0.3045821121777408,4
two_concepts,plain2_w16_gap,random_fullrank,7074,centered_logit_fidelity,random,0.006692292711710748,4
two_concepts,plain2_w16_gap,random_fullrank,7074,prob_error_reduction,random,0.34003592462977394,4
two_concepts,plain2_w16_gap,random_fullrank,7075,centered_logit_fidelity,random,0.004516950514678599,4
two_concepts,plain2_w16_gap,random_fullrank,7075,prob_error_reduction,random,0.2661257319850847,4
two_concepts,plain2_w16_gap,random_fullrank,7076,centered_logit_fidelity,random,-0.0005681822623678986,4
two_concepts,plain2_w16_gap,random_fullrank,7076,prob_error_reduction,random,0.24011315032839775,4
two_concepts,plain2_w16_gap,random_fullrank,7077,centered_logit_fidelity,random,0.0070724544731900815,4
two_concepts,plain2_w16_gap,random_fullrank,7077,prob_error_reduction,random,0.17035288969054818,4
two_concepts,plain2_w16_gap,random_fullrank,7078,centered_logit_fidelity,random,-0.008168874053072631,4
two_concepts,plain2_w16_gap,random_fullrank,7078,prob_error_reduction,random,0.22352030058391392,4
two_concepts,plain2_w16_gap,random_fullrank,7079,centered_logit_fidelity,random,0.007270970759323167,4
two_concepts,plain2_w16_gap,random_fullrank,7079,prob_error_reduction,random,0.21364902664208785,4
two_concepts,plain2_w16_gap,random_fullrank,7080,centered_logit_fidelity,random,0.007073491532803247,4
two_concepts,plain2_w16_gap,random_fullrank,7080,prob_error_reduction,random,0.2611921444768086,4
two_concepts,plain2_w16_gap,random_fullrank,7081,centered_logit_fidelity,random,-0.006178261633659067,4
two_concepts,plain2_w16_gap,random_fullrank,7081,prob_error_reduction,random,0.2096718531101942,4
two_concepts,plain2_w16_gap,random_fullrank,7082,centered_logit_fidelity,random,0.0010580432040024658,4
two_concepts,plain2_w16_gap,random_fullrank,7082,prob_error_reduction,random,0.20641089515993372,4
two_concepts,plain2_w16_gap,random_fullrank,7083,centered_logit_fidelity,random,-0.0020716385862689195,4
two_concepts,plain2_w16_gap,random_fullrank,7083,prob_error_reduction,random,0.2494724988937378,4
two_concepts,plain2_w16_gap,random_fullrank,7084,centered_logit_fidelity,random,0.0024073590557590428,4
two_concepts,plain2_w16_gap,random_fullrank,7084,prob_error_reduction,random,0.22577065118821338,4
two_concepts,plain2_w16_gap,random_fullrank,7085,centered_logit_fidelity,random,0.006332754329559863,4
two_concepts,plain2_w16_gap,random_fullrank,7085,prob_error_reduction,random,0.2575484033441171,4
two_concepts,plain2_w16_gap,random_fullrank,7086,centered_logit_fidelity,random,0.0011041643262135609,4
two_concepts,plain2_w16_gap,random_fullrank,7086,prob_error_reduction,random,0.21503691817633808,4
two_concepts,plain2_w16_gap,random_fullrank,7087,centered_logit_fidelity,random,0.005832670462486212,4
two_concepts,plain2_w16_gap,random_fullrank,7087,prob_error_reduction,random,0.28281902067828923,4
two_concepts,plain2_w16_gap,random_fullrank,7088,centered_logit_fidelity,random,0.002303472966320679,4
two_concepts,plain2_w16_gap,random_fullrank,7088,prob_error_reduction,random,0.25140586073393933,4
two_concepts,plain2_w16_gap,random_fullrank,7089,centered_logit_fidelity,random,0.023652291874110096,4
two_concepts,plain2_w16_gap,random_fullrank,7089,prob_error_reduction,random,0.21387094864621758,4
two_concepts,plain2_w16_gap,random_fullrank,7090,centered_logit_fidelity,random,0.002273700360455792,4
two_concepts,plain2_w16_gap,random_fullrank,7090,prob_error_reduction,random,0.2122535123489797,4
two_concepts,plain2_w16_gap,random_fullrank,7091,centered_logit_fidelity,random,-0.01266782950478091,4
two_concepts,plain2_w16_gap,random_fullrank,7091,prob_error_reduction,random,0.23254779167473316,4
two_concepts,plain2_w16_gap,random_fullrank,7092,centered_logit_fidelity,random,0.011869515091839151,4
two_concepts,plain2_w16_gap,random_fullrank,7092,prob_error_reduction,random,0.21039078087778762,4
two_concepts,plain2_w16_gap,random_fullrank,7093,centered_logit_fidelity,random,0.010501822605498586,4
two_concepts,plain2_w16_gap,random_fullrank,7093,prob_error_reduction,random,0.21934909676201642,4
two_concepts,plain2_w16_gap,random_fullrank,7094,centered_logit_fidelity,random,0.01115261126593585,4
two_concepts,plain2_w16_gap,random_fullrank,7094,prob_error_reduction,random,0.2302383913192898,4
two_concepts,plain2_w16_gap,random_fullrank,7095,centered_logit_fidelity,random,0.020401234115636928,4
two_concepts,plain2_w16_gap,random_fullrank,7095,prob_error_reduction,random,0.23092940310016274,4
two_concepts,plain2_w16_gap,random_fullrank,7096,centered_logit_fidelity,random,0.010526960148737042,4
two_concepts,plain2_w16_gap,random_fullrank,7096,prob_error_reduction,random,0.2223952185595408,4
two_concepts,plain2_w16_gap,random_fullrank,7097,centered_logit_fidelity,random,0.022774673672236248,4
two_concepts,plain2_w16_gap,random_fullrank,7097,prob_error_reduction,random,0.21835829960764386,4
two_concepts,plain2_w16_gap,random_fullrank,7098,centered_logit_fidelity,random,0.02553437774385115,4
two_concepts,plain2_w16_gap,random_fullrank,7098,prob_error_reduction,random,0.2366584676783532,4
two_concepts,plain2_w16_gap,random_fullrank,7099,centered_logit_fidelity,random,0.006291462054938891,4
two_concepts,plain2_w16_gap,random_fullrank,7099,prob_error_reduction,random,0.1932415155461058,4
two_concepts,plain2_w16_gap,random_rank10,7000,centered_logit_fidelity,random,0.005006515411199716,4
two_concepts,plain2_w16_gap,random_rank10,7000,prob_error_reduction,random,0.23516776418546215,4
two_concepts,plain2_w16_gap,random_rank10,7001,centered_logit_fidelity,random,0.014945384037115863,4
two_concepts,plain2_w16_gap,random_rank10,7001,prob_error_reduction,random,0.23938647779868916,4
two_concepts,plain2_w16_gap,random_rank10,7002,centered_logit_fidelity,random,0.007077265385137241,4
two_concepts,plain2_w16_gap,random_rank10,7002,prob_error_reduction,random,0.2655842322856188,4
two_concepts,plain2_w16_gap,random_rank10,7003,centered_logit_fidelity,random,0.006966919297614019,4
two_concepts,plain2_w16_gap,random_rank10,7003,prob_error_reduction,random,0.21256629331037402,4
two_concepts,plain2_w16_gap,random_rank10,7004,centered_logit_fidelity,random,-0.0028940081011663028,4
two_concepts,plain2_w16_gap,random_rank10,7004,prob_error_reduction,random,0.16592491598566994,4
two_concepts,plain2_w16_gap,random_rank10,7005,centered_logit_fidelity,random,-0.015439851378524336,4
two_concepts,plain2_w16_gap,random_rank10,7005,prob_error_reduction,random,0.1648991407128051,4
two_concepts,plain2_w16_gap,random_rank10,7006,centered_logit_fidelity,random,0.0049120513855178405,4
two_concepts,plain2_w16_gap,random_rank10,7006,prob_error_reduction,random,0.15924235642887652,4
two_concepts,plain2_w16_gap,random_rank10,7007,centered_logit_fidelity,random,-0.018138443524291184,4
two_concepts,plain2_w16_gap,random_rank10,7007,prob_error_reduction,random,0.1519313734024763,4
two_concepts,plain2_w16_gap,random_rank10,7008,centered_logit_fidelity,random,-0.0023897185432595718,4
two_concepts,plain2_w16_gap,random_rank10,7008,prob_error_reduction,random,0.22213038464542478,4
two_concepts,plain2_w16_gap,random_rank10,7009,centered_logit_fidelity,random,0.019508577313892897,4
two_concepts,plain2_w16_gap,random_rank10,7009,prob_error_reduction,random,0.23187212576158345,4
two_concepts,plain2_w16_gap,random_rank10,7010,centered_logit_fidelity,random,-0.0024494506611852495,4
two_concepts,plain2_w16_gap,random_rank10,7010,prob_error_reduction,random,0.23150860553141683,4
two_concepts,plain2_w16_gap,random_rank10,7011,centered_logit_fidelity,random,0.010735573063708963,4
two_concepts,plain2_w16_gap,random_rank10,7011,prob_error_reduction,random,0.242311441921629,4
two_concepts,plain2_w16_gap,random_rank10,7012,centered_logit_fidelity,random,0.00704870936264395,4
two_concepts,plain2_w16_gap,random_rank10,7012,prob_error_reduction,random,0.2690775285009295,4
two_concepts,plain2_w16_gap,random_rank10,7013,centered_logit_fidelity,random,0.016180238245484483,4
two_concepts,plain2_w16_gap,random_rank10,7013,prob_error_reduction,random,0.2362962510669604,4
two_concepts,plain2_w16_gap,random_rank10,7014,centered_logit_fidelity,random,0.0254339272259769,4
two_concepts,plain2_w16_gap,random_rank10,7014,prob_error_reduction,random,0.28594708227319643,4
two_concepts,plain2_w16_gap,random_rank10,7015,centered_logit_fidelity,random,0.005476704586848303,4
two_concepts,plain2_w16_gap,random_rank10,7015,prob_error_reduction,random,0.2334909287164919,4
two_concepts,plain2_w16_gap,random_rank10,7016,centered_logit_fidelity,random,0.0181827178737817,4
two_concepts,plain2_w16_gap,random_rank10,7016,prob_error_reduction,random,0.27312295348383486,4
two_concepts,plain2_w16_gap,random_rank10,7017,centered_logit_fidelity,random,0.004934274124539709,4
two_concepts,plain2_w16_gap,random_rank10,7017,prob_error_reduction,random,0.2696529058739543,4
two_concepts,plain2_w16_gap,random_rank10,7018,centered_logit_fidelity,random,-0.0105892994373279,4
two_concepts,plain2_w16_gap,random_rank10,7018,prob_error_reduction,random,0.27992061618715525,4
two_concepts,plain2_w16_gap,random_rank10,7019,centered_logit_fidelity,random,0.01558204920080308,4
two_concepts,plain2_w16_gap,random_rank10,7019,prob_error_reduction,random,0.21843252493999898,4
two_concepts,plain2_w16_gap,random_rank10,7020,centered_logit_fidelity,random,0.00794190937205918,4
two_concepts,plain2_w16_gap,random_rank10,7020,prob_error_reduction,random,0.2675652930047363,4
two_concepts,plain2_w16_gap,random_rank10,7021,centered_logit_fidelity,random,0.022545416667325166,4
two_concepts,plain2_w16_gap,random_rank10,7021,prob_error_reduction,random,0.21697047440102324,4
two_concepts,plain2_w16_gap,random_rank10,7022,centered_logit_fidelity,random,0.004041035498957592,4
two_concepts,plain2_w16_gap,random_rank10,7022,prob_error_reduction,random,0.2406116783968173,4
two_concepts,plain2_w16_gap,random_rank10,7023,centered_logit_fidelity,random,-0.0029399349456699347,4
two_concepts,plain2_w16_gap,random_rank10,7023,prob_error_reduction,random,0.229673431487754,4
two_concepts,plain2_w16_gap,random_rank10,7024,centered_logit_fidelity,random,-0.01114340772032468,4
two_concepts,plain2_w16_gap,random_rank10,7024,prob_error_reduction,random,0.2154479417949915,4
two_concepts,plain2_w16_gap,random_rank10,7025,centered_logit_fidelity,random,0.005115463471383927,4
two_concepts,plain2_w16_gap,random_rank10,7025,prob_error_reduction,random,0.18837196566164494,4
two_concepts,plain2_w16_gap,random_rank10,7026,centered_logit_fidelity,random,-0.00657475601298867,4
two_concepts,plain2_w16_gap,random_rank10,7026,prob_error_reduction,random,0.21930270560551435,4
two_concepts,plain2_w16_gap,random_rank10,7027,centered_logit_fidelity,random,0.018727567870034503,4
two_concepts,plain2_w16_gap,random_rank10,7027,prob_error_reduction,random,0.24350033811060712,4
two_concepts,plain2_w16_gap,random_rank10,7028,centered_logit_fidelity,random,0.008858742322895501,4
two_concepts,plain2_w16_gap,random_rank10,7028,prob_error_reduction,random,0.21833842439809814,4
two_concepts,plain2_w16_gap,random_rank10,7029,centered_logit_fidelity,random,-0.0112593151882209,4
two_concepts,plain2_w16_gap,random_rank10,7029,prob_error_reduction,random,0.1840668306685984,4
two_concepts,plain2_w16_gap,random_rank10,7030,centered_logit_fidelity,random,0.010963878818874676,4
two_concepts,plain2_w16_gap,random_rank10,7030,prob_error_reduction,random,0.2538037358317524,4
two_concepts,plain2_w16_gap,random_rank10,7031,centered_logit_fidelity,random,-0.005635635436196629,4
two_concepts,plain2_w16_gap,random_rank10,7031,prob_error_reduction,random,0.2667977372184396,4
two_concepts,plain2_w16_gap,random_rank10,7032,centered_logit_fidelity,random,0.00643823300484524,4
two_concepts,plain2_w16_gap,random_rank10,7032,prob_error_reduction,random,0.15467741689644754,4
two_concepts,plain2_w16_gap,random_rank10,7033,centered_logit_fidelity,random,0.01178663074143376,4
two_concepts,plain2_w16_gap,random_rank10,7033,prob_error_reduction,random,0.21286451339256018,4
two_concepts,plain2_w16_gap,random_rank10,7034,centered_logit_fidelity,random,0.0026163275718382017,4
two_concepts,plain2_w16_gap,random_rank10,7034,prob_error_reduction,random,0.2544020927743986,4
two_concepts,plain2_w16_gap,random_rank10,7035,centered_logit_fidelity,random,0.007482387861654317,4
two_concepts,plain2_w16_gap,random_rank10,7035,prob_error_reduction,random,0.2643399047665298,4
two_concepts,plain2_w16_gap,random_rank10,7036,centered_logit_fidelity,random,0.01786689124015449,4
two_concepts,plain2_w16_gap,random_rank10,7036,prob_error_reduction,random,0.18398033344419673,4
two_concepts,plain2_w16_gap,random_rank10,7037,centered_logit_fidelity,random,0.01588519164611879,4
two_concepts,plain2_w16_gap,random_rank10,7037,prob_error_reduction,random,0.1829526835354045,4
two_concepts,plain2_w16_gap,random_rank10,7038,centered_logit_fidelity,random,0.017496911072370377,4
two_concepts,plain2_w16_gap,random_rank10,7038,prob_error_reduction,random,0.2074260349618271,4
two_concepts,plain2_w16_gap,random_rank10,7039,centered_logit_fidelity,random,0.012444745705291131,4
two_concepts,plain2_w16_gap,random_rank10,7039,prob_error_reduction,random,0.21453110192669556,4
two_concepts,plain2_w16_gap,random_rank10,7040,centered_logit_fidelity,random,0.015675869023248835,4
two_concepts,plain2_w16_gap,random_rank10,7040,prob_error_reduction,random,0.20837702474091202,4
two_concepts,plain2_w16_gap,random_rank10,7041,centered_logit_fidelity,random,0.002486449487709248,4
two_concepts,plain2_w16_gap,random_rank10,7041,prob_error_reduction,random,0.16871729446575046,4
two_concepts,plain2_w16_gap,random_rank10,7042,centered_logit_fidelity,random,0.02310333106541089,4
two_concepts,plain2_w16_gap,random_rank10,7042,prob_error_reduction,random,0.21677800477482378,4
two_concepts,plain2_w16_gap,random_rank10,7043,centered_logit_fidelity,random,0.018367702621019746,4
two_concepts,plain2_w16_gap,random_rank10,7043,prob_error_reduction,random,0.2657316402764991,4
two_concepts,plain2_w16_gap,random_rank10,7044,centered_logit_fidelity,random,0.002100587333647959,4
two_concepts,plain2_w16_gap,random_rank10,7044,prob_error_reduction,random,0.20405867067165673,4
two_concepts,plain2_w16_gap,random_rank10,7045,centered_logit_fidelity,random,0.00572114423156427,4
two_concepts,plain2_w16_gap,random_rank10,7045,prob_error_reduction,random,0.19552957580890507,4
two_concepts,plain2_w16_gap,random_rank10,7046,centered_logit_fidelity,random,0.019679757881246276,4
two_concepts,plain2_w16_gap,random_rank10,7046,prob_error_reduction,random,0.16713465430075303,4
two_concepts,plain2_w16_gap,random_rank10,7047,centered_logit_fidelity,random,0.0054904955300667715,4
two_concepts,plain2_w16_gap,random_rank10,7047,prob_error_reduction,random,0.22447193879634142,4
two_concepts,plain2_w16_gap,random_rank10,7048,centered_logit_fidelity,random,-0.002648141602192792,4
two_concepts,plain2_w16_gap,random_rank10,7048,prob_error_reduction,random,0.26112980057951063,4
two_concepts,plain2_w16_gap,random_rank10,7049,centered_logit_fidelity,random,-0.013404647081800645,4
two_concepts,plain2_w16_gap,random_rank10,7049,prob_error_reduction,random,0.13851143314968795,4
two_concepts,plain2_w16_gap,random_rank10,7050,centered_logit_fidelity,random,-0.0037567327113530776,4
two_concepts,plain2_w16_gap,random_rank10,7050,prob_error_reduction,random,0.1976283397525549,4
two_concepts,plain2_w16_gap,random_rank10,7051,centered_logit_fidelity,random,-0.014301207286623676,4
two_concepts,plain2_w16_gap,random_rank10,7051,prob_error_reduction,random,0.2663086955435574,4
two_concepts,plain2_w16_gap,random_rank10,7052,centered_logit_fidelity,random,-0.009821078821177009,4
two_concepts,plain2_w16_gap,random_rank10,7052,prob_error_reduction,random,0.24470494384877384,4
two_concepts,plain2_w16_gap,random_rank10,7053,centered_logit_fidelity,random,0.023120680668352336,4
two_concepts,plain2_w16_gap,random_rank10,7053,prob_error_reduction,random,0.2318913849303499,4
two_concepts,plain2_w16_gap,random_rank10,7054,centered_logit_fidelity,random,0.006318742991080621,4
two_concepts,plain2_w16_gap,random_rank10,7054,prob_error_reduction,random,0.2525921810301952,4
two_concepts,plain2_w16_gap,random_rank10,7055,centered_logit_fidelity,random,0.014732878720891312,4
two_concepts,plain2_w16_gap,random_rank10,7055,prob_error_reduction,random,0.2745898060966283,4
two_concepts,plain2_w16_gap,random_rank10,7056,centered_logit_fidelity,random,-0.00016103625445913067,4
two_concepts,plain2_w16_gap,random_rank10,7056,prob_error_reduction,random,0.2191885468782857,4
two_concepts,plain2_w16_gap,random_rank10,7057,centered_logit_fidelity,random,0.016230690003359943,4
two_concepts,plain2_w16_gap,random_rank10,7057,prob_error_reduction,random,0.1877069880720228,4
two_concepts,plain2_w16_gap,random_rank10,7058,centered_logit_fidelity,random,0.011011295415581176,4
two_concepts,plain2_w16_gap,random_rank10,7058,prob_error_reduction,random,0.21992198668885976,4
two_concepts,plain2_w16_gap,random_rank10,7059,centered_logit_fidelity,random,0.01611213453749469,4
two_concepts,plain2_w16_gap,random_rank10,7059,prob_error_reduction,random,0.20095036434940994,4
two_concepts,plain2_w16_gap,random_rank10,7060,centered_logit_fidelity,random,0.007075417535539192,4
two_concepts,plain2_w16_gap,random_rank10,7060,prob_error_reduction,random,0.24601452238857746,4
two_concepts,plain2_w16_gap,random_rank10,7061,centered_logit_fidelity,random,0.025076257063365276,4
two_concepts,plain2_w16_gap,random_rank10,7061,prob_error_reduction,random,0.2871011048555374,4
two_concepts,plain2_w16_gap,random_rank10,7062,centered_logit_fidelity,random,0.01620417182057933,4
two_concepts,plain2_w16_gap,random_rank10,7062,prob_error_reduction,random,0.2550806449726224,4
two_concepts,plain2_w16_gap,random_rank10,7063,centered_logit_fidelity,random,0.0008026324930824544,4
two_concepts,plain2_w16_gap,random_rank10,7063,prob_error_reduction,random,0.22064129123464227,4
two_concepts,plain2_w16_gap,random_rank10,7064,centered_logit_fidelity,random,-0.01161455610178844,4
two_concepts,plain2_w16_gap,random_rank10,7064,prob_error_reduction,random,0.23433404479874298,4
two_concepts,plain2_w16_gap,random_rank10,7065,centered_logit_fidelity,random,0.0008792652389344544,4
two_concepts,plain2_w16_gap,random_rank10,7065,prob_error_reduction,random,0.2105563751538284,4
two_concepts,plain2_w16_gap,random_rank10,7066,centered_logit_fidelity,random,8.459290064027208e-06,4
two_concepts,plain2_w16_gap,random_rank10,7066,prob_error_reduction,random,0.2735574182588607,4
two_concepts,plain2_w16_gap,random_rank10,7067,centered_logit_fidelity,random,0.013040164220139714,4
two_concepts,plain2_w16_gap,random_rank10,7067,prob_error_reduction,random,0.2972240671515465,4
two_concepts,plain2_w16_gap,random_rank10,7068,centered_logit_fidelity,random,0.02511504939459584,4
two_concepts,plain2_w16_gap,random_rank10,7068,prob_error_reduction,random,0.24685843716724776,4
two_concepts,plain2_w16_gap,random_rank10,7069,centered_logit_fidelity,random,-0.008379587542126504,4
two_concepts,plain2_w16_gap,random_rank10,7069,prob_error_reduction,random,0.25719862250844017,4
two_concepts,plain2_w16_gap,random_rank10,7070,centered_logit_fidelity,random,0.011853413287055555,4
two_concepts,plain2_w16_gap,random_rank10,7070,prob_error_reduction,random,0.30107059283182025,4
two_concepts,plain2_w16_gap,random_rank10,7071,centered_logit_fidelity,random,0.0023043956528324434,4
two_concepts,plain2_w16_gap,random_rank10,7071,prob_error_reduction,random,0.21659144398290664,4
two_concepts,plain2_w16_gap,random_rank10,7072,centered_logit_fidelity,random,0.004398180081461639,4
two_concepts,plain2_w16_gap,random_rank10,7072,prob_error_reduction,random,0.18470883590634912,4
two_concepts,plain2_w16_gap,random_rank10,7073,centered_logit_fidelity,random,0.006467757357852252,4
two_concepts,plain2_w16_gap,random_rank10,7073,prob_error_reduction,random,0.2574258871609345,4
two_concepts,plain2_w16_gap,random_rank10,7074,centered_logit_fidelity,random,0.0009058946298009692,4
two_concepts,plain2_w16_gap,random_rank10,7074,prob_error_reduction,random,0.30188912263838574,4
two_concepts,plain2_w16_gap,random_rank10,7075,centered_logit_fidelity,random,-0.0006233082150860891,4
two_concepts,plain2_w16_gap,random_rank10,7075,prob_error_reduction,random,0.2581361345946789,4
two_concepts,plain2_w16_gap,random_rank10,7076,centered_logit_fidelity,random,-0.005217520473891917,4
two_concepts,plain2_w16_gap,random_rank10,7076,prob_error_reduction,random,0.23428650639834814,4
two_concepts,plain2_w16_gap,random_rank10,7077,centered_logit_fidelity,random,0.015176332017520158,4
two_concepts,plain2_w16_gap,random_rank10,7077,prob_error_reduction,random,0.2081450098194182,4
two_concepts,plain2_w16_gap,random_rank10,7078,centered_logit_fidelity,random,0.008070977170142126,4
two_concepts,plain2_w16_gap,random_rank10,7078,prob_error_reduction,random,0.2212761848932132,4
two_concepts,plain2_w16_gap,random_rank10,7079,centered_logit_fidelity,random,0.010094834592232585,4
two_concepts,plain2_w16_gap,random_rank10,7079,prob_error_reduction,random,0.2284436305053532,4
two_concepts,plain2_w16_gap,random_rank10,7080,centered_logit_fidelity,random,-0.01344273951690981,4
two_concepts,plain2_w16_gap,random_rank10,7080,prob_error_reduction,random,0.29655887771514244,4
two_concepts,plain2_w16_gap,random_rank10,7081,centered_logit_fidelity,random,-0.004622382712121877,4
two_concepts,plain2_w16_gap,random_rank10,7081,prob_error_reduction,random,0.29726241575554013,4
two_concepts,plain2_w16_gap,random_rank10,7082,centered_logit_fidelity,random,0.004854724167775994,4
two_concepts,plain2_w16_gap,random_rank10,7082,prob_error_reduction,random,0.21938063250854611,4
two_concepts,plain2_w16_gap,random_rank10,7083,centered_logit_fidelity,random,0.004023509705341544,4
two_concepts,plain2_w16_gap,random_rank10,7083,prob_error_reduction,random,0.2182856123545207,4
two_concepts,plain2_w16_gap,random_rank10,7084,centered_logit_fidelity,random,0.012022458822440041,4
two_concepts,plain2_w16_gap,random_rank10,7084,prob_error_reduction,random,0.275966587360017,4
two_concepts,plain2_w16_gap,random_rank10,7085,centered_logit_fidelity,random,-0.0029292554965713955,4
two_concepts,plain2_w16_gap,random_rank10,7085,prob_error_reduction,random,0.21760816499590874,4
two_concepts,plain2_w16_gap,random_rank10,7086,centered_logit_fidelity,random,-0.013346854716216118,4
two_concepts,plain2_w16_gap,random_rank10,7086,prob_error_reduction,random,0.2707197838171851,4
two_concepts,plain2_w16_gap,random_rank10,7087,centered_logit_fidelity,random,-0.006499245774560382,4
two_concepts,plain2_w16_gap,random_rank10,7087,prob_error_reduction,random,0.22822802769951522,4
two_concepts,plain2_w16_gap,random_rank10,7088,centered_logit_fidelity,random,0.010414775036997637,4
two_concepts,plain2_w16_gap,random_rank10,7088,prob_error_reduction,random,0.1795875501120463,4
two_concepts,plain2_w16_gap,random_rank10,7089,centered_logit_fidelity,random,0.01069897963621115,4
two_concepts,plain2_w16_gap,random_rank10,7089,prob_error_reduction,random,0.20775538578163832,4
two_concepts,plain2_w16_gap,random_rank10,7090,centered_logit_fidelity,random,0.010172316632485374,4
two_concepts,plain2_w16_gap,random_rank10,7090,prob_error_reduction,random,0.1895412451121956,4
two_concepts,plain2_w16_gap,random_rank10,7091,centered_logit_fidelity,random,-0.013190903612194351,4
two_concepts,plain2_w16_gap,random_rank10,7091,prob_error_reduction,random,0.20461061521200463,4
two_concepts,plain2_w16_gap,random_rank10,7092,centered_logit_fidelity,random,-0.00528710094591734,4
two_concepts,plain2_w16_gap,random_rank10,7092,prob_error_reduction,random,0.18884471687488258,4
two_concepts,plain2_w16_gap,random_rank10,7093,centered_logit_fidelity,random,0.003059390639661798,4
two_concepts,plain2_w16_gap,random_rank10,7093,prob_error_reduction,random,0.24971291003748775,4
two_concepts,plain2_w16_gap,random_rank10,7094,centered_logit_fidelity,random,0.002922598069273495,4
two_concepts,plain2_w16_gap,random_rank10,7094,prob_error_reduction,random,0.22166348868631758,4
two_concepts,plain2_w16_gap,random_rank10,7095,centered_logit_fidelity,random,-0.0033523680422683014,4
two_concepts,plain2_w16_gap,random_rank10,7095,prob_error_reduction,random,0.17006018821848556,4
two_concepts,plain2_w16_gap,random_rank10,7096,centered_logit_fidelity,random,0.00871771563659348,4
two_concepts,plain2_w16_gap,random_rank10,7096,prob_error_reduction,random,0.22905677859671414,4
two_concepts,plain2_w16_gap,random_rank10,7097,centered_logit_fidelity,random,0.006077948128666494,4
two_concepts,plain2_w16_gap,random_rank10,7097,prob_error_reduction,random,0.1944487951695919,4
two_concepts,plain2_w16_gap,random_rank10,7098,centered_logit_fidelity,random,0.017514870276595533,4
two_concepts,plain2_w16_gap,random_rank10,7098,prob_error_reduction,random,0.25040817871922627,4
two_concepts,plain2_w16_gap,random_rank10,7099,centered_logit_fidelity,random,0.0037482795388487054,4
two_concepts,plain2_w16_gap,random_rank10,7099,prob_error_reduction,random,0.20508984493790194,4
two_concepts,plain2_w16_gap,structured_template,7000,centered_logit_fidelity,random,0.01546046621867575,4
two_concepts,plain2_w16_gap,structured_template,7000,prob_error_reduction,random,0.20825741882435977,4
two_concepts,plain2_w16_gap,structured_template,7001,centered_logit_fidelity,random,0.03081260815787832,4
two_concepts,plain2_w16_gap,structured_template,7001,prob_error_reduction,random,0.2721445833449252,4
two_concepts,plain2_w16_gap,structured_template,7002,centered_logit_fidelity,random,0.017985162783063304,4
two_concepts,plain2_w16_gap,structured_template,7002,prob_error_reduction,random,0.20164181302970974,4
two_concepts,plain2_w16_gap,structured_template,7003,centered_logit_fidelity,random,-0.022937615946101594,4
two_concepts,plain2_w16_gap,structured_template,7003,prob_error_reduction,random,0.19908982358174399,4
two_concepts,plain2_w16_gap,structured_template,7004,centered_logit_fidelity,random,0.020662774022979054,4
two_concepts,plain2_w16_gap,structured_template,7004,prob_error_reduction,random,0.19732394121820107,4
two_concepts,plain2_w16_gap,structured_template,7005,centered_logit_fidelity,random,-0.022475069735712255,4
two_concepts,plain2_w16_gap,structured_template,7005,prob_error_reduction,random,0.21989579393994063,4
two_concepts,plain2_w16_gap,structured_template,7006,centered_logit_fidelity,random,0.04195873739341052,4
two_concepts,plain2_w16_gap,structured_template,7006,prob_error_reduction,random,0.20289960609807167,4
two_concepts,plain2_w16_gap,structured_template,7007,centered_logit_fidelity,random,0.029536500048936293,4
two_concepts,plain2_w16_gap,structured_template,7007,prob_error_reduction,random,0.22110907500609756,4
two_concepts,plain2_w16_gap,structured_template,7008,centered_logit_fidelity,random,0.0133166267991078,4
two_concepts,plain2_w16_gap,structured_template,7008,prob_error_reduction,random,0.19164457928854972,4
two_concepts,plain2_w16_gap,structured_template,7009,centered_logit_fidelity,random,0.013513737626775857,4
two_concepts,plain2_w16_gap,structured_template,7009,prob_error_reduction,random,0.24906702595762908,4
two_concepts,plain2_w16_gap,structured_template,7010,centered_logit_fidelity,random,-0.006376697182421721,4
two_concepts,plain2_w16_gap,structured_template,7010,prob_error_reduction,random,0.21262471968657337,4
two_concepts,plain2_w16_gap,structured_template,7011,centered_logit_fidelity,random,-0.012999261279802714,4
two_concepts,plain2_w16_gap,structured_template,7011,prob_error_reduction,random,0.25079737017222214,4
two_concepts,plain2_w16_gap,structured_template,7012,centered_logit_fidelity,random,0.004166815775425787,4
two_concepts,plain2_w16_gap,structured_template,7012,prob_error_reduction,random,0.2345716045529116,4
two_concepts,plain2_w16_gap,structured_template,7013,centered_logit_fidelity,random,-0.009614901157770944,4
two_concepts,plain2_w16_gap,structured_template,7013,prob_error_reduction,random,0.2772592979599722,4
two_concepts,plain2_w16_gap,structured_template,7014,centered_logit_fidelity,random,0.005189584763565475,4
two_concepts,plain2_w16_gap,structured_template,7014,prob_error_reduction,random,0.27993804233847186,4
two_concepts,plain2_w16_gap,structured_template,7015,centered_logit_fidelity,random,0.012888424467243245,4
two_concepts,plain2_w16_gap,structured_template,7015,prob_error_reduction,random,0.24958682496799156,4
two_concepts,plain2_w16_gap,structured_template,7016,centered_logit_fidelity,random,0.031890160264842364,4
two_concepts,plain2_w16_gap,structured_template,7016,prob_error_reduction,random,0.2522368802456185,4
two_concepts,plain2_w16_gap,structured_template,7017,centered_logit_fidelity,random,0.030036331320893138,4
two_concepts,plain2_w16_gap,structured_template,7017,prob_error_reduction,random,0.2260059194813948,4
two_concepts,plain2_w16_gap,structured_template,7018,centered_logit_fidelity,random,0.01773635240256831,4
two_concepts,plain2_w16_gap,structured_template,7018,prob_error_reduction,random,0.25590409302094486,4
two_concepts,plain2_w16_gap,structured_template,7019,centered_logit_fidelity,random,0.0026843103127317386,4
two_concepts,plain2_w16_gap,structured_template,7019,prob_error_reduction,random,0.201962802791968,4
two_concepts,plain2_w16_gap,structured_template,7020,centered_logit_fidelity,random,0.037089979412605854,4
two_concepts,plain2_w16_gap,structured_template,7020,prob_error_reduction,random,0.3085409491905011,4
two_concepts,plain2_w16_gap,structured_template,7021,centered_logit_fidelity,random,0.004689774942794501,4
two_concepts,plain2_w16_gap,structured_template,7021,prob_error_reduction,random,0.18245360697619617,4
two_concepts,plain2_w16_gap,structured_template,7022,centered_logit_fidelity,random,0.010074307814182509,4
two_concepts,plain2_w16_gap,structured_template,7022,prob_error_reduction,random,0.2824011875782162,4
two_concepts,plain2_w16_gap,structured_template,7023,centered_logit_fidelity,random,0.032885986470755524,4
two_concepts,plain2_w16_gap,structured_template,7023,prob_error_reduction,random,0.2199441702105105,4
two_concepts,plain2_w16_gap,structured_template,7024,centered_logit_fidelity,random,0.03187146140798075,4
two_concepts,plain2_w16_gap,structured_template,7024,prob_error_reduction,random,0.23024036810966209,4
two_concepts,plain2_w16_gap,structured_template,7025,centered_logit_fidelity,random,0.02120190693402456,4
two_concepts,plain2_w16_gap,structured_template,7025,prob_error_reduction,random,0.2554275314323604,4
two_concepts,plain2_w16_gap,structured_template,7026,centered_logit_fidelity,random,0.028824576555166875,4
two_concepts,plain2_w16_gap,structured_template,7026,prob_error_reduction,random,0.2459543048607884,4
two_concepts,plain2_w16_gap,structured_template,7027,centered_logit_fidelity,random,-0.007261498207093339,4
two_concepts,plain2_w16_gap,structured_template,7027,prob_error_reduction,random,0.24137763102771714,4
two_concepts,plain2_w16_gap,structured_template,7028,centered_logit_fidelity,random,-0.009125345603399235,4
two_concepts,plain2_w16_gap,structured_template,7028,prob_error_reduction,random,0.28485570498742163,4
two_concepts,plain2_w16_gap,structured_template,7029,centered_logit_fidelity,random,0.008245945772392713,4
two_concepts,plain2_w16_gap,structured_template,7029,prob_error_reduction,random,0.24124768027104437,4
two_concepts,plain2_w16_gap,structured_template,7030,centered_logit_fidelity,random,0.023824300003004582,4
two_concepts,plain2_w16_gap,structured_template,7030,prob_error_reduction,random,0.19301531670498662,4
two_concepts,plain2_w16_gap,structured_template,7031,centered_logit_fidelity,random,-0.0033376766927354796,4
two_concepts,plain2_w16_gap,structured_template,7031,prob_error_reduction,random,0.19345255561347585,4
two_concepts,plain2_w16_gap,structured_template,7032,centered_logit_fidelity,random,0.019018540400309564,4
two_concepts,plain2_w16_gap,structured_template,7032,prob_error_reduction,random,0.3120273745735176,4
two_concepts,plain2_w16_gap,structured_template,7033,centered_logit_fidelity,random,0.007273203726901359,4
two_concepts,plain2_w16_gap,structured_template,7033,prob_error_reduction,random,0.2171724248037208,4
two_concepts,plain2_w16_gap,structured_template,7034,centered_logit_fidelity,random,0.02929810762484052,4
two_concepts,plain2_w16_gap,structured_template,7034,prob_error_reduction,random,0.25831699432455935,4
two_concepts,plain2_w16_gap,structured_template,7035,centered_logit_fidelity,random,0.0014356369423157503,4
two_concepts,plain2_w16_gap,structured_template,7035,prob_error_reduction,random,0.23236726250615902,4
two_concepts,plain2_w16_gap,structured_template,7036,centered_logit_fidelity,random,0.0034400544424987873,4
two_concepts,plain2_w16_gap,structured_template,7036,prob_error_reduction,random,0.20361842430429533,4
two_concepts,plain2_w16_gap,structured_template,7037,centered_logit_fidelity,random,0.01839576902378541,4
two_concepts,plain2_w16_gap,structured_template,7037,prob_error_reduction,random,0.18053356613381766,4
two_concepts,plain2_w16_gap,structured_template,7038,centered_logit_fidelity,random,0.009875665592476985,4
two_concepts,plain2_w16_gap,structured_template,7038,prob_error_reduction,random,0.2670189239725005,4
two_concepts,plain2_w16_gap,structured_template,7039,centered_logit_fidelity,random,0.023038650320387804,4
two_concepts,plain2_w16_gap,structured_template,7039,prob_error_reduction,random,0.21220042699133046,4
two_concepts,plain2_w16_gap,structured_template,7040,centered_logit_fidelity,random,0.07251763424077265,4
two_concepts,plain2_w16_gap,structured_template,7040,prob_error_reduction,random,0.3001547518942971,4
two_concepts,plain2_w16_gap,structured_template,7041,centered_logit_fidelity,random,0.025493257513298583,4
two_concepts,plain2_w16_gap,structured_template,7041,prob_error_reduction,random,0.24006747934618033,4
two_concepts,plain2_w16_gap,structured_template,7042,centered_logit_fidelity,random,-0.002703223434270704,4
two_concepts,plain2_w16_gap,structured_template,7042,prob_error_reduction,random,0.22028783499263227,4
two_concepts,plain2_w16_gap,structured_template,7043,centered_logit_fidelity,random,0.04292729632629768,4
two_concepts,plain2_w16_gap,structured_template,7043,prob_error_reduction,random,0.24972969805821776,4
two_concepts,plain2_w16_gap,structured_template,7044,centered_logit_fidelity,random,0.007855913738889539,4
two_concepts,plain2_w16_gap,structured_template,7044,prob_error_reduction,random,0.18511228455463424,4
two_concepts,plain2_w16_gap,structured_template,7045,centered_logit_fidelity,random,-0.0046498281370383095,4
two_concepts,plain2_w16_gap,structured_template,7045,prob_error_reduction,random,0.1975222610635683,4
two_concepts,plain2_w16_gap,structured_template,7046,centered_logit_fidelity,random,-0.0014166831656835226,4
two_concepts,plain2_w16_gap,structured_template,7046,prob_error_reduction,random,0.2083689080318436,4
two_concepts,plain2_w16_gap,structured_template,7047,centered_logit_fidelity,random,0.046753554859660304,4
two_concepts,plain2_w16_gap,structured_template,7047,prob_error_reduction,random,0.2701907104928978,4
two_concepts,plain2_w16_gap,structured_template,7048,centered_logit_fidelity,random,0.014697117164737731,4
two_concepts,plain2_w16_gap,structured_template,7048,prob_error_reduction,random,0.25317592181818327,4
two_concepts,plain2_w16_gap,structured_template,7049,centered_logit_fidelity,random,0.026952087133815913,4
two_concepts,plain2_w16_gap,structured_template,7049,prob_error_reduction,random,0.13448965572752059,4
two_concepts,plain2_w16_gap,structured_template,7050,centered_logit_fidelity,random,0.014010386409166322,4
two_concepts,plain2_w16_gap,structured_template,7050,prob_error_reduction,random,0.17063798967865296,4
two_concepts,plain2_w16_gap,structured_template,7051,centered_logit_fidelity,random,-0.004194290180049836,4
two_concepts,plain2_w16_gap,structured_template,7051,prob_error_reduction,random,0.24473798600956798,4
two_concepts,plain2_w16_gap,structured_template,7052,centered_logit_fidelity,random,0.006769797298790896,4
two_concepts,plain2_w16_gap,structured_template,7052,prob_error_reduction,random,0.18513017235090956,4
two_concepts,plain2_w16_gap,structured_template,7053,centered_logit_fidelity,random,0.012862163259203903,4
two_concepts,plain2_w16_gap,structured_template,7053,prob_error_reduction,random,0.19875640273676254,4
two_concepts,plain2_w16_gap,structured_template,7054,centered_logit_fidelity,random,0.02298276139626587,4
two_concepts,plain2_w16_gap,structured_template,7054,prob_error_reduction,random,0.24326953158015385,4
two_concepts,plain2_w16_gap,structured_template,7055,centered_logit_fidelity,random,0.0512691525670531,4
two_concepts,plain2_w16_gap,structured_template,7055,prob_error_reduction,random,0.2503930093953386,4
two_concepts,plain2_w16_gap,structured_template,7056,centered_logit_fidelity,random,0.026167547389244084,4
two_concepts,plain2_w16_gap,structured_template,7056,prob_error_reduction,random,0.2577745102462359,4
two_concepts,plain2_w16_gap,structured_template,7057,centered_logit_fidelity,random,0.015710362114010896,4
two_concepts,plain2_w16_gap,structured_template,7057,prob_error_reduction,random,0.18519143626326695,4
two_concepts,plain2_w16_gap,structured_template,7058,centered_logit_fidelity,random,0.013140575709918233,4
two_concepts,plain2_w16_gap,structured_template,7058,prob_error_reduction,random,0.2922631410183385,4
two_concepts,plain2_w16_gap,structured_template,7059,centered_logit_fidelity,random,0.0022222228418173253,4
two_concepts,plain2_w16_gap,structured_template,7059,prob_error_reduction,random,0.2136726047610864,4
two_concepts,plain2_w16_gap,structured_template,7060,centered_logit_fidelity,random,0.031194392489096487,4
two_concepts,plain2_w16_gap,structured_template,7060,prob_error_reduction,random,0.2921901955414796,4
two_concepts,plain2_w16_gap,structured_template,7061,centered_logit_fidelity,random,-0.0058759265345144675,4
two_concepts,plain2_w16_gap,structured_template,7061,prob_error_reduction,random,0.23747433465905488,4
two_concepts,plain2_w16_gap,structured_template,7062,centered_logit_fidelity,random,0.041145787564405095,4
two_concepts,plain2_w16_gap,structured_template,7062,prob_error_reduction,random,0.3077088072896004,4
two_concepts,plain2_w16_gap,structured_template,7063,centered_logit_fidelity,random,0.02066273141142578,4
two_concepts,plain2_w16_gap,structured_template,7063,prob_error_reduction,random,0.2850105025063385,4
two_concepts,plain2_w16_gap,structured_template,7064,centered_logit_fidelity,random,0.03894711225103961,4
two_concepts,plain2_w16_gap,structured_template,7064,prob_error_reduction,random,0.25424826178641524,4
two_concepts,plain2_w16_gap,structured_template,7065,centered_logit_fidelity,random,-0.0066373416968305895,4
two_concepts,plain2_w16_gap,structured_template,7065,prob_error_reduction,random,0.23712026758585125,4
two_concepts,plain2_w16_gap,structured_template,7066,centered_logit_fidelity,random,0.005702948371355453,4
two_concepts,plain2_w16_gap,structured_template,7066,prob_error_reduction,random,0.204632869863417,4
two_concepts,plain2_w16_gap,structured_template,7067,centered_logit_fidelity,random,0.027812562885729863,4
two_concepts,plain2_w16_gap,structured_template,7067,prob_error_reduction,random,0.2547215611557476,4
two_concepts,plain2_w16_gap,structured_template,7068,centered_logit_fidelity,random,-0.02897505051554122,4
two_concepts,plain2_w16_gap,structured_template,7068,prob_error_reduction,random,0.1975112124782754,4
two_concepts,plain2_w16_gap,structured_template,7069,centered_logit_fidelity,random,0.016288369336328573,4
two_concepts,plain2_w16_gap,structured_template,7069,prob_error_reduction,random,0.23038028209703043,4
two_concepts,plain2_w16_gap,structured_template,7070,centered_logit_fidelity,random,0.018505651391926496,4
two_concepts,plain2_w16_gap,structured_template,7070,prob_error_reduction,random,0.2802650660596555,4
two_concepts,plain2_w16_gap,structured_template,7071,centered_logit_fidelity,random,0.011739223228558809,4
two_concepts,plain2_w16_gap,structured_template,7071,prob_error_reduction,random,0.21091229320154525,4
two_concepts,plain2_w16_gap,structured_template,7072,centered_logit_fidelity,random,0.023101369455681583,4
two_concepts,plain2_w16_gap,structured_template,7072,prob_error_reduction,random,0.19529050745768473,4
two_concepts,plain2_w16_gap,structured_template,7073,centered_logit_fidelity,random,-0.021498138628156846,4
two_concepts,plain2_w16_gap,structured_template,7073,prob_error_reduction,random,0.22690636840707157,4
two_concepts,plain2_w16_gap,structured_template,7074,centered_logit_fidelity,random,0.03189930578705447,4
two_concepts,plain2_w16_gap,structured_template,7074,prob_error_reduction,random,0.21980862025520764,4
two_concepts,plain2_w16_gap,structured_template,7075,centered_logit_fidelity,random,-0.001985766472669669,4
two_concepts,plain2_w16_gap,structured_template,7075,prob_error_reduction,random,0.2173158577643335,4
two_concepts,plain2_w16_gap,structured_template,7076,centered_logit_fidelity,random,0.015590441425529252,4
two_concepts,plain2_w16_gap,structured_template,7076,prob_error_reduction,random,0.2149019952485105,4
two_concepts,plain2_w16_gap,structured_template,7077,centered_logit_fidelity,random,0.037468842294528404,4
two_concepts,plain2_w16_gap,structured_template,7077,prob_error_reduction,random,0.2061074068187736,4
two_concepts,plain2_w16_gap,structured_template,7078,centered_logit_fidelity,random,-0.013527569877536737,4
two_concepts,plain2_w16_gap,structured_template,7078,prob_error_reduction,random,0.1927129684772808,4
two_concepts,plain2_w16_gap,structured_template,7079,centered_logit_fidelity,random,0.04545804057357314,4
two_concepts,plain2_w16_gap,structured_template,7079,prob_error_reduction,random,0.21435467654373497,4
two_concepts,plain2_w16_gap,structured_template,7080,centered_logit_fidelity,random,0.027808806650149853,4
two_concepts,plain2_w16_gap,structured_template,7080,prob_error_reduction,random,0.3012592901359312,4
two_concepts,plain2_w16_gap,structured_template,7081,centered_logit_fidelity,random,0.0719734931463525,4
two_concepts,plain2_w16_gap,structured_template,7081,prob_error_reduction,random,0.31341529224300757,4
two_concepts,plain2_w16_gap,structured_template,7082,centered_logit_fidelity,random,0.018286040248634512,4
two_concepts,plain2_w16_gap,structured_template,7082,prob_error_reduction,random,0.21735578298103064,4
two_concepts,plain2_w16_gap,structured_template,7083,centered_logit_fidelity,random,0.009437111204665604,4
two_concepts,plain2_w16_gap,structured_template,7083,prob_error_reduction,random,0.2202831107424572,4
two_concepts,plain2_w16_gap,structured_template,7084,centered_logit_fidelity,random,-0.013060770129474313,4
two_concepts,plain2_w16_gap,structured_template,7084,prob_error_reduction,random,0.30413552568643354,4
two_concepts,plain2_w16_gap,structured_template,7085,centered_logit_fidelity,random,-0.006273528852087901,4
two_concepts,plain2_w16_gap,structured_template,7085,prob_error_reduction,random,0.23530655610375106,4
two_concepts,plain2_w16_gap,structured_template,7086,centered_logit_fidelity,random,0.03037290083854252,4
two_concepts,plain2_w16_gap,structured_template,7086,prob_error_reduction,random,0.21870613540522754,4
two_concepts,plain2_w16_gap,structured_template,7087,centered_logit_fidelity,random,0.01747460935643781,4
two_concepts,plain2_w16_gap,structured_template,7087,prob_error_reduction,random,0.2826420667115599,4
two_concepts,plain2_w16_gap,structured_template,7088,centered_logit_fidelity,random,0.008061639305269135,4
two_concepts,plain2_w16_gap,structured_template,7088,prob_error_reduction,random,0.25596135170781054,4
two_concepts,plain2_w16_gap,structured_template,7089,centered_logit_fidelity,random,0.02277066531063841,4
two_concepts,plain2_w16_gap,structured_template,7089,prob_error_reduction,random,0.20927478959492873,4
two_concepts,plain2_w16_gap,structured_template,7090,centered_logit_fidelity,random,0.025478985182269966,4
two_concepts,plain2_w16_gap,structured_template,7090,prob_error_reduction,random,0.2962205450749025,4
two_concepts,plain2_w16_gap,structured_template,7091,centered_logit_fidelity,random,0.029154307674880513,4
two_concepts,plain2_w16_gap,structured_template,7091,prob_error_reduction,random,0.2528689443715848,4
two_concepts,plain2_w16_gap,structured_template,7092,centered_logit_fidelity,random,0.001402731314787917,4
two_concepts,plain2_w16_gap,structured_template,7092,prob_error_reduction,random,0.215053273801459,4
two_concepts,plain2_w16_gap,structured_template,7093,centered_logit_fidelity,random,0.005925901301736867,4
two_concepts,plain2_w16_gap,structured_template,7093,prob_error_reduction,random,0.25384636051603593,4
two_concepts,plain2_w16_gap,structured_template,7094,centered_logit_fidelity,random,0.008932608970472584,4
two_concepts,plain2_w16_gap,structured_template,7094,prob_error_reduction,random,0.23966482747346163,4
two_concepts,plain2_w16_gap,structured_template,7095,centered_logit_fidelity,random,0.020748825793899854,4
two_concepts,plain2_w16_gap,structured_template,7095,prob_error_reduction,random,0.22100569735630415,4
two_concepts,plain2_w16_gap,structured_template,7096,centered_logit_fidelity,random,-0.006782863954668315,4
two_concepts,plain2_w16_gap,structured_template,7096,prob_error_reduction,random,0.20360040401283186,4
two_concepts,plain2_w16_gap,structured_template,7097,centered_logit_fidelity,random,0.04763565125069952,4
two_concepts,plain2_w16_gap,structured_template,7097,prob_error_reduction,random,0.20660162688000128,4
two_concepts,plain2_w16_gap,structured_template,7098,centered_logit_fidelity,random,-0.0009418123328495571,4
two_concepts,plain2_w16_gap,structured_template,7098,prob_error_reduction,random,0.17473602193058468,4
two_concepts,plain2_w16_gap,structured_template,7099,centered_logit_fidelity,random,0.005937589600572791,4
two_concepts,plain2_w16_gap,structured_template,7099,prob_error_reduction,random,0.18450928141828626,4
two_concepts,plain2_w16_gmp,pixel_permuted_template,7000,centered_logit_fidelity,random,0.008613027776265186,4
two_concepts,plain2_w16_gmp,pixel_permuted_template,7000,prob_error_reduction,random,-0.02313402108848095,4
two_concepts,plain2_w16_gmp,pixel_permuted_template,7001,centered_logit_fidelity,random,0.00784433552228501,4
two_concepts,plain2_w16_gmp,pixel_permuted_template,7001,prob_error_reduction,random,-0.01661601336672902,4
two_concepts,plain2_w16_gmp,pixel_permuted_template,7002,centered_logit_fidelity,random,0.011652189833391126,4
two_concepts,plain2_w16_gmp,pixel_permuted_template,7002,prob_error_reduction,random,-0.03278897516429424,4
two_concepts,plain2_w16_gmp,pixel_permuted_template,7003,centered_logit_fidelity,random,0.012029618427045327,4
two_concepts,plain2_w16_gmp,pixel_permuted_template,7003,prob_error_reduction,random,-0.027517106849700212,4
two_concepts,plain2_w16_gmp,pixel_permuted_template,7004,centered_logit_fidelity,random,0.009615658572199199,4
two_concepts,plain2_w16_gmp,pixel_permuted_template,7004,prob_error_reduction,random,-0.015287881251424551,4
two_concepts,plain2_w16_gmp,pixel_permuted_template,7005,centered_logit_fidelity,random,0.008228104879120146,4
two_concepts,plain2_w16_gmp,pixel_permuted_template,7005,prob_error_reduction,random,-0.013881567865610123,4
two_concepts,plain2_w16_gmp,pixel_permuted_template,7006,centered_logit_fidelity,random,0.00504376498740141,4
two_concepts,plain2_w16_gmp,pixel_permuted_template,7006,prob_error_reduction,random,-0.05584356561303139,4
two_concepts,plain2_w16_gmp,pixel_permuted_template,7007,centered_logit_fidelity,random,0.003118788059529318,4
two_concepts,plain2_w16_gmp,pixel_permuted_template,7007,prob_error_reduction,random,-0.04106175107881427,4
two_concepts,plain2_w16_gmp,pixel_permuted_template,7008,centered_logit_fidelity,random,0.010963364314179653,4
two_concepts,plain2_w16_gmp,pixel_permuted_template,7008,prob_error_reduction,random,-0.03121576737612486,4
two_concepts,plain2_w16_gmp,pixel_permuted_template,7009,centered_logit_fidelity,random,0.00830551560970371,4
two_concepts,plain2_w16_gmp,pixel_permuted_template,7009,prob_error_reduction,random,-0.029567145509645343,4
two_concepts,plain2_w16_gmp,pixel_permuted_template,7010,centered_logit_fidelity,random,0.015025026665043248,4
two_concepts,plain2_w16_gmp,pixel_permuted_template,7010,prob_error_reduction,random,-0.028977839276194572,4
two_concepts,plain2_w16_gmp,pixel_permuted_template,7011,centered_logit_fidelity,random,0.006254526355671905,4
two_concepts,plain2_w16_gmp,pixel_permuted_template,7011,prob_error_reduction,random,-0.052037302404642105,4
two_concepts,plain2_w16_gmp,pixel_permuted_template,7012,centered_logit_fidelity,random,0.005018565376451629,4
two_concepts,plain2_w16_gmp,pixel_permuted_template,7012,prob_error_reduction,random,-0.0491393213160336,4
two_concepts,plain2_w16_gmp,pixel_permuted_template,7013,centered_logit_fidelity,random,0.008312275624810675,4
two_concepts,plain2_w16_gmp,pixel_permuted_template,7013,prob_error_reduction,random,-0.016998958773911,4
two_concepts,plain2_w16_gmp,pixel_permuted_template,7014,centered_logit_fidelity,random,0.009164297525820337,4
two_concepts,plain2_w16_gmp,pixel_permuted_template,7014,prob_error_reduction,random,-0.05519043514505029,4
two_concepts,plain2_w16_gmp,pixel_permuted_template,7015,centered_logit_fidelity,random,0.009121328204722312,4
two_concepts,plain2_w16_gmp,pixel_permuted_template,7015,prob_error_reduction,random,-0.027154300827533007,4
two_concepts,plain2_w16_gmp,pixel_permuted_template,7016,centered_logit_fidelity,random,0.006810969163505232,4
two_concepts,plain2_w16_gmp,pixel_permuted_template,7016,prob_error_reduction,random,-0.03855321742594242,4
two_concepts,plain2_w16_gmp,pixel_permuted_template,7017,centered_logit_fidelity,random,0.006118196270261004,4
two_concepts,plain2_w16_gmp,pixel_permuted_template,7017,prob_error_reduction,random,-0.03452219581231475,4
two_concepts,plain2_w16_gmp,pixel_permuted_template,7018,centered_logit_fidelity,random,0.0019218243206347834,4
two_concepts,plain2_w16_gmp,pixel_permuted_template,7018,prob_error_reduction,random,-0.047925741877406836,4
two_concepts,plain2_w16_gmp,pixel_permuted_template,7019,centered_logit_fidelity,random,0.007717259519890517,4
two_concepts,plain2_w16_gmp,pixel_permuted_template,7019,prob_error_reduction,random,-0.03287455067038536,4
two_concepts,plain2_w16_gmp,pixel_permuted_template,7020,centered_logit_fidelity,random,0.014812631461391975,4
two_concepts,plain2_w16_gmp,pixel_permuted_template,7020,prob_error_reduction,random,-0.02079831901937723,4
two_concepts,plain2_w16_gmp,pixel_permuted_template,7021,centered_logit_fidelity,random,0.014832115784054065,4
two_concepts,plain2_w16_gmp,pixel_permuted_template,7021,prob_error_reduction,random,-0.013247593306005001,4
two_concepts,plain2_w16_gmp,pixel_permuted_template,7022,centered_logit_fidelity,random,0.01332345911905196,4
two_concepts,plain2_w16_gmp,pixel_permuted_template,7022,prob_error_reduction,random,-0.02477123634889722,4
two_concepts,plain2_w16_gmp,pixel_permuted_template,7023,centered_logit_fidelity,random,0.0077068027884644764,4
two_concepts,plain2_w16_gmp,pixel_permuted_template,7023,prob_error_reduction,random,-0.0316036194562912,4
two_concepts,plain2_w16_gmp,pixel_permuted_template,7024,centered_logit_fidelity,random,0.011830165906755542,4
two_concepts,plain2_w16_gmp,pixel_permuted_template,7024,prob_error_reduction,random,-0.020589768886566162,4
two_concepts,plain2_w16_gmp,pixel_permuted_template,7025,centered_logit_fidelity,random,0.01723111365169576,4
two_concepts,plain2_w16_gmp,pixel_permuted_template,7025,prob_error_reduction,random,-0.0191591321490705,4
two_concepts,plain2_w16_gmp,pixel_permuted_template,7026,centered_logit_fidelity,random,0.004773103342117788,4
two_concepts,plain2_w16_gmp,pixel_permuted_template,7026,prob_error_reduction,random,-0.022801536601036787,4
two_concepts,plain2_w16_gmp,pixel_permuted_template,7027,centered_logit_fidelity,random,0.006504278232408503,4
two_concepts,plain2_w16_gmp,pixel_permuted_template,7027,prob_error_reduction,random,-0.057488581631332636,4
two_concepts,plain2_w16_gmp,pixel_permuted_template,7028,centered_logit_fidelity,random,0.011581917585072432,4
two_concepts,plain2_w16_gmp,pixel_permuted_template,7028,prob_error_reduction,random,-0.04029450425878167,4
two_concepts,plain2_w16_gmp,pixel_permuted_template,7029,centered_logit_fidelity,random,0.009800617934815655,4
two_concepts,plain2_w16_gmp,pixel_permuted_template,7029,prob_error_reduction,random,-0.029796164017170668,4
two_concepts,plain2_w16_gmp,pixel_permuted_template,7030,centered_logit_fidelity,random,0.014661729575307942,4
two_concepts,plain2_w16_gmp,pixel_permuted_template,7030,prob_error_reduction,random,-0.059732147958129644,4
two_concepts,plain2_w16_gmp,pixel_permuted_template,7031,centered_logit_fidelity,random,0.017588183509178793,4
two_concepts,plain2_w16_gmp,pixel_permuted_template,7031,prob_error_reduction,random,-0.03525875974446535,4
two_concepts,plain2_w16_gmp,pixel_permuted_template,7032,centered_logit_fidelity,random,0.004278317705028237,4
two_concepts,plain2_w16_gmp,pixel_permuted_template,7032,prob_error_reduction,random,-0.04418241651728749,4
two_concepts,plain2_w16_gmp,pixel_permuted_template,7033,centered_logit_fidelity,random,0.014210394768052382,4
two_concepts,plain2_w16_gmp,pixel_permuted_template,7033,prob_error_reduction,random,-0.02511105127632618,4
two_concepts,plain2_w16_gmp,pixel_permuted_template,7034,centered_logit_fidelity,random,0.012795978328884823,4
two_concepts,plain2_w16_gmp,pixel_permuted_template,7034,prob_error_reduction,random,-0.031582288444042206,4
two_concepts,plain2_w16_gmp,pixel_permuted_template,7035,centered_logit_fidelity,random,0.008716288024433421,4
two_concepts,plain2_w16_gmp,pixel_permuted_template,7035,prob_error_reduction,random,-0.02674890891648829,4
two_concepts,plain2_w16_gmp,pixel_permuted_template,7036,centered_logit_fidelity,random,0.007212760689353096,4
two_concepts,plain2_w16_gmp,pixel_permuted_template,7036,prob_error_reduction,random,-0.0600539930164814,4
two_concepts,plain2_w16_gmp,pixel_permuted_template,7037,centered_logit_fidelity,random,0.0053158395030434204,4
two_concepts,plain2_w16_gmp,pixel_permuted_template,7037,prob_error_reduction,random,-0.01415425119921565,4
two_concepts,plain2_w16_gmp,pixel_permuted_template,7038,centered_logit_fidelity,random,0.0009046907958880235,4
two_concepts,plain2_w16_gmp,pixel_permuted_template,7038,prob_error_reduction,random,-0.04164754319936037,4
two_concepts,plain2_w16_gmp,pixel_permuted_template,7039,centered_logit_fidelity,random,0.0015078033785248853,4
two_concepts,plain2_w16_gmp,pixel_permuted_template,7039,prob_error_reduction,random,-0.06480710627511144,4
two_concepts,plain2_w16_gmp,pixel_permuted_template,7040,centered_logit_fidelity,random,0.009257085686813066,4
two_concepts,plain2_w16_gmp,pixel_permuted_template,7040,prob_error_reduction,random,-0.027656365651637316,4
two_concepts,plain2_w16_gmp,pixel_permuted_template,7041,centered_logit_fidelity,random,0.004678418153291357,4
two_concepts,plain2_w16_gmp,pixel_permuted_template,7041,prob_error_reduction,random,-0.04510868526995182,4
two_concepts,plain2_w16_gmp,pixel_permuted_template,7042,centered_logit_fidelity,random,0.009275741193045755,4
two_concepts,plain2_w16_gmp,pixel_permuted_template,7042,prob_error_reduction,random,-0.036573479883372784,4
two_concepts,plain2_w16_gmp,pixel_permuted_template,7043,centered_logit_fidelity,random,0.007295909147138142,4
two_concepts,plain2_w16_gmp,pixel_permuted_template,7043,prob_error_reduction,random,-0.052980031818151474,4
two_concepts,plain2_w16_gmp,pixel_permuted_template,7044,centered_logit_fidelity,random,0.005044370854491727,4
two_concepts,plain2_w16_gmp,pixel_permuted_template,7044,prob_error_reduction,random,-0.022068358957767487,4
two_concepts,plain2_w16_gmp,pixel_permuted_template,7045,centered_logit_fidelity,random,0.009442795434722547,4
two_concepts,plain2_w16_gmp,pixel_permuted_template,7045,prob_error_reduction,random,-0.037213231436908245,4
two_concepts,plain2_w16_gmp,pixel_permuted_template,7046,centered_logit_fidelity,random,0.006223118938020808,4
two_concepts,plain2_w16_gmp,pixel_permuted_template,7046,prob_error_reduction,random,-0.01033174991607666,4
two_concepts,plain2_w16_gmp,pixel_permuted_template,7047,centered_logit_fidelity,random,0.01127682824196166,4
two_concepts,plain2_w16_gmp,pixel_permuted_template,7047,prob_error_reduction,random,-0.02036634460091591,4
two_concepts,plain2_w16_gmp,pixel_permuted_template,7048,centered_logit_fidelity,random,0.0061063604457760184,4
two_concepts,plain2_w16_gmp,pixel_permuted_template,7048,prob_error_reduction,random,-0.0175242661498487,4
two_concepts,plain2_w16_gmp,pixel_permuted_template,7049,centered_logit_fidelity,random,0.010552718866359802,4
two_concepts,plain2_w16_gmp,pixel_permuted_template,7049,prob_error_reduction,random,-0.017835028935223818,4
two_concepts,plain2_w16_gmp,pixel_permuted_template,7050,centered_logit_fidelity,random,0.001849632296818086,4
two_concepts,plain2_w16_gmp,pixel_permuted_template,7050,prob_error_reduction,random,-0.045152209931984544,4
two_concepts,plain2_w16_gmp,pixel_permuted_template,7051,centered_logit_fidelity,random,0.013768134841378954,4
two_concepts,plain2_w16_gmp,pixel_permuted_template,7051,prob_error_reduction,random,-0.02566010458394885,4
two_concepts,plain2_w16_gmp,pixel_permuted_template,7052,centered_logit_fidelity,random,0.010392446312531478,4
two_concepts,plain2_w16_gmp,pixel_permuted_template,7052,prob_error_reduction,random,-0.027225003577768803,4
two_concepts,plain2_w16_gmp,pixel_permuted_template,7053,centered_logit_fidelity,random,0.003954799164727843,4
two_concepts,plain2_w16_gmp,pixel_permuted_template,7053,prob_error_reduction,random,-0.04036907386034727,4
two_concepts,plain2_w16_gmp,pixel_permuted_template,7054,centered_logit_fidelity,random,0.008366383031282943,4
two_concepts,plain2_w16_gmp,pixel_permuted_template,7054,prob_error_reduction,random,-0.008910914417356253,4
two_concepts,plain2_w16_gmp,pixel_permuted_template,7055,centered_logit_fidelity,random,0.001684078972726535,4
two_concepts,plain2_w16_gmp,pixel_permuted_template,7055,prob_error_reduction,random,-0.052000771975144744,4
two_concepts,plain2_w16_gmp,pixel_permuted_template,7056,centered_logit_fidelity,random,0.01072444242274221,4
two_concepts,plain2_w16_gmp,pixel_permuted_template,7056,prob_error_reduction,random,-0.02342726057395339,4
two_concepts,plain2_w16_gmp,pixel_permuted_template,7057,centered_logit_fidelity,random,0.014591630809715967,4
two_concepts,plain2_w16_gmp,pixel_permuted_template,7057,prob_error_reduction,random,-0.017713082022964954,4
two_concepts,plain2_w16_gmp,pixel_permuted_template,7058,centered_logit_fidelity,random,0.005926957587338319,4
two_concepts,plain2_w16_gmp,pixel_permuted_template,7058,prob_error_reduction,random,-0.028420977760106325,4
two_concepts,plain2_w16_gmp,pixel_permuted_template,7059,centered_logit_fidelity,random,0.0032925719191638867,4
two_concepts,plain2_w16_gmp,pixel_permuted_template,7059,prob_error_reduction,random,-0.05093412706628442,4
two_concepts,plain2_w16_gmp,pixel_permuted_template,7060,centered_logit_fidelity,random,0.013504723827543766,4
two_concepts,plain2_w16_gmp,pixel_permuted_template,7060,prob_error_reduction,random,-0.01416891347616911,4
two_concepts,plain2_w16_gmp,pixel_permuted_template,7061,centered_logit_fidelity,random,-0.0005583138936117553,4
two_concepts,plain2_w16_gmp,pixel_permuted_template,7061,prob_error_reduction,random,-0.057574061676859856,4
two_concepts,plain2_w16_gmp,pixel_permuted_template,7062,centered_logit_fidelity,random,0.0060066338257886796,4
two_concepts,plain2_w16_gmp,pixel_permuted_template,7062,prob_error_reduction,random,-0.04084309097379446,4
two_concepts,plain2_w16_gmp,pixel_permuted_template,7063,centered_logit_fidelity,random,0.004131173809827859,4
two_concepts,plain2_w16_gmp,pixel_permuted_template,7063,prob_error_reduction,random,-0.027273920830339193,4
two_concepts,plain2_w16_gmp,pixel_permuted_template,7064,centered_logit_fidelity,random,0.008698480616676675,4
two_concepts,plain2_w16_gmp,pixel_permuted_template,7064,prob_error_reduction,random,-0.0256712818518281,4
two_concepts,plain2_w16_gmp,pixel_permuted_template,7065,centered_logit_fidelity,random,0.003747843056251518,4
two_concepts,plain2_w16_gmp,pixel_permuted_template,7065,prob_error_reduction,random,-0.03364485059864819,4
two_concepts,plain2_w16_gmp,pixel_permuted_template,7066,centered_logit_fidelity,random,-0.0033254904446010144,4
two_concepts,plain2_w16_gmp,pixel_permuted_template,7066,prob_error_reduction,random,-0.04235584195703268,4
two_concepts,plain2_w16_gmp,pixel_permuted_template,7067,centered_logit_fidelity,random,0.0064518997810600765,4
two_concepts,plain2_w16_gmp,pixel_permuted_template,7067,prob_error_reduction,random,-0.01938889967277646,4
two_concepts,plain2_w16_gmp,pixel_permuted_template,7068,centered_logit_fidelity,random,0.0037390121778094008,4
two_concepts,plain2_w16_gmp,pixel_permuted_template,7068,prob_error_reduction,random,-0.026193639263510704,4
two_concepts,plain2_w16_gmp,pixel_permuted_template,7069,centered_logit_fidelity,random,0.015488678514190876,4
two_concepts,plain2_w16_gmp,pixel_permuted_template,7069,prob_error_reduction,random,-0.034309168346226215,4
two_concepts,plain2_w16_gmp,pixel_permuted_template,7070,centered_logit_fidelity,random,0.016457019685764088,4
two_concepts,plain2_w16_gmp,pixel_permuted_template,7070,prob_error_reduction,random,-0.03348410129547119,4
two_concepts,plain2_w16_gmp,pixel_permuted_template,7071,centered_logit_fidelity,random,0.009954532913072172,4
two_concepts,plain2_w16_gmp,pixel_permuted_template,7071,prob_error_reduction,random,-0.013329866342246532,4
two_concepts,plain2_w16_gmp,pixel_permuted_template,7072,centered_logit_fidelity,random,0.0025116840979942396,4
two_concepts,plain2_w16_gmp,pixel_permuted_template,7072,prob_error_reduction,random,-0.03986535640433431,4
two_concepts,plain2_w16_gmp,pixel_permuted_template,7073,centered_logit_fidelity,random,0.013199767763563968,4
two_concepts,plain2_w16_gmp,pixel_permuted_template,7073,prob_error_reduction,random,-0.016462207306176424,4
two_concepts,plain2_w16_gmp,pixel_permuted_template,7074,centered_logit_fidelity,random,0.013458657550106556,4
two_concepts,plain2_w16_gmp,pixel_permuted_template,7074,prob_error_reduction,random,-0.019883124623447657,4
two_concepts,plain2_w16_gmp,pixel_permuted_template,7075,centered_logit_fidelity,random,0.005561245379250483,4
two_concepts,plain2_w16_gmp,pixel_permuted_template,7075,prob_error_reduction,random,-0.03901015198789537,4
two_concepts,plain2_w16_gmp,pixel_permuted_template,7076,centered_logit_fidelity,random,0.006544197430979335,4
two_concepts,plain2_w16_gmp,pixel_permuted_template,7076,prob_error_reduction,random,-0.02867395943030715,4
two_concepts,plain2_w16_gmp,pixel_permuted_template,7077,centered_logit_fidelity,random,-0.0028142852772338675,4
two_concepts,plain2_w16_gmp,pixel_permuted_template,7077,prob_error_reduction,random,-0.019066977314651012,4
two_concepts,plain2_w16_gmp,pixel_permuted_template,7078,centered_logit_fidelity,random,0.010995704184679716,4
two_concepts,plain2_w16_gmp,pixel_permuted_template,7078,prob_error_reduction,random,-0.026221856009215117,4
two_concepts,plain2_w16_gmp,pixel_permuted_template,7079,centered_logit_fidelity,random,0.005828951038477579,4
two_concepts,plain2_w16_gmp,pixel_permuted_template,7079,prob_error_reduction,random,-0.02327570552006364,4
two_concepts,plain2_w16_gmp,pixel_permuted_template,7080,centered_logit_fidelity,random,0.006912411680233816,4
two_concepts,plain2_w16_gmp,pixel_permuted_template,7080,prob_error_reduction,random,-0.05259237717837095,4
two_concepts,plain2_w16_gmp,pixel_permuted_template,7081,centered_logit_fidelity,random,0.008524699801102157,4
two_concepts,plain2_w16_gmp,pixel_permuted_template,7081,prob_error_reduction,random,-0.03002335224300623,4
two_concepts,plain2_w16_gmp,pixel_permuted_template,7082,centered_logit_fidelity,random,0.012855512796066518,4
two_concepts,plain2_w16_gmp,pixel_permuted_template,7082,prob_error_reduction,random,-0.030366623308509588,4
two_concepts,plain2_w16_gmp,pixel_permuted_template,7083,centered_logit_fidelity,random,0.007203832374532445,4
two_concepts,plain2_w16_gmp,pixel_permuted_template,7083,prob_error_reduction,random,-0.021410045213997364,4
two_concepts,plain2_w16_gmp,pixel_permuted_template,7084,centered_logit_fidelity,random,0.005966630795687652,4
two_concepts,plain2_w16_gmp,pixel_permuted_template,7084,prob_error_reduction,random,-0.039369451347738504,4
two_concepts,plain2_w16_gmp,pixel_permuted_template,7085,centered_logit_fidelity,random,0.010178071349362496,4
two_concepts,plain2_w16_gmp,pixel_permuted_template,7085,prob_error_reduction,random,-0.03586353315040469,4
two_concepts,plain2_w16_gmp,pixel_permuted_template,7086,centered_logit_fidelity,random,0.006326566631179495,4
two_concepts,plain2_w16_gmp,pixel_permuted_template,7086,prob_error_reduction,random,-0.03252881811931729,4
two_concepts,plain2_w16_gmp,pixel_permuted_template,7087,centered_logit_fidelity,random,0.004916484469467807,4
two_concepts,plain2_w16_gmp,pixel_permuted_template,7087,prob_error_reduction,random,-0.017046174965798855,4
two_concepts,plain2_w16_gmp,pixel_permuted_template,7088,centered_logit_fidelity,random,0.0026440317120311335,4
two_concepts,plain2_w16_gmp,pixel_permuted_template,7088,prob_error_reduction,random,-0.053520418237894773,4
two_concepts,plain2_w16_gmp,pixel_permuted_template,7089,centered_logit_fidelity,random,0.013220337749605777,4
two_concepts,plain2_w16_gmp,pixel_permuted_template,7089,prob_error_reduction,random,-0.01724665379151702,4
two_concepts,plain2_w16_gmp,pixel_permuted_template,7090,centered_logit_fidelity,random,0.013505715244515864,4
two_concepts,plain2_w16_gmp,pixel_permuted_template,7090,prob_error_reduction,random,-0.04707518685609102,4
two_concepts,plain2_w16_gmp,pixel_permuted_template,7091,centered_logit_fidelity,random,0.0077377737525029765,4
two_concepts,plain2_w16_gmp,pixel_permuted_template,7091,prob_error_reduction,random,-0.03581379959359765,4
two_concepts,plain2_w16_gmp,pixel_permuted_template,7092,centered_logit_fidelity,random,0.015253595587330908,4
two_concepts,plain2_w16_gmp,pixel_permuted_template,7092,prob_error_reduction,random,-0.03589973598718643,4
two_concepts,plain2_w16_gmp,pixel_permuted_template,7093,centered_logit_fidelity,random,0.004944324774159195,4
two_concepts,plain2_w16_gmp,pixel_permuted_template,7093,prob_error_reduction,random,-0.0382109060883522,4
two_concepts,plain2_w16_gmp,pixel_permuted_template,7094,centered_logit_fidelity,random,0.014077536567105916,4
two_concepts,plain2_w16_gmp,pixel_permuted_template,7094,prob_error_reduction,random,-0.02917703567072749,4
two_concepts,plain2_w16_gmp,pixel_permuted_template,7095,centered_logit_fidelity,random,0.01002268562957747,4
two_concepts,plain2_w16_gmp,pixel_permuted_template,7095,prob_error_reduction,random,-0.03101514931768179,4
two_concepts,plain2_w16_gmp,pixel_permuted_template,7096,centered_logit_fidelity,random,0.004516390001907674,4
two_concepts,plain2_w16_gmp,pixel_permuted_template,7096,prob_error_reduction,random,-0.034695342648774385,4
two_concepts,plain2_w16_gmp,pixel_permuted_template,7097,centered_logit_fidelity,random,0.008291443308714638,4
two_concepts,plain2_w16_gmp,pixel_permuted_template,7097,prob_error_reduction,random,-0.01769922999665141,4
two_concepts,plain2_w16_gmp,pixel_permuted_template,7098,centered_logit_fidelity,random,0.00878719923287854,4
two_concepts,plain2_w16_gmp,pixel_permuted_template,7098,prob_error_reduction,random,-0.019255794119089842,4
two_concepts,plain2_w16_gmp,pixel_permuted_template,7099,centered_logit_fidelity,random,0.006813648633574334,4
two_concepts,plain2_w16_gmp,pixel_permuted_template,7099,prob_error_reduction,random,-0.00830524880439043,4
two_concepts,plain2_w16_gmp,random_fullrank,7000,centered_logit_fidelity,random,0.00904969690982356,4
two_concepts,plain2_w16_gmp,random_fullrank,7000,prob_error_reduction,random,-0.05117849726229906,4
two_concepts,plain2_w16_gmp,random_fullrank,7001,centered_logit_fidelity,random,-0.003057909524900303,4
two_concepts,plain2_w16_gmp,random_fullrank,7001,prob_error_reduction,random,-0.04771100776270032,4
two_concepts,plain2_w16_gmp,random_fullrank,7002,centered_logit_fidelity,random,-0.003674825545405465,4
two_concepts,plain2_w16_gmp,random_fullrank,7002,prob_error_reduction,random,-0.06467960821464658,4
two_concepts,plain2_w16_gmp,random_fullrank,7003,centered_logit_fidelity,random,-0.00407937951593622,4
two_concepts,plain2_w16_gmp,random_fullrank,7003,prob_error_reduction,random,-0.061837791465222836,4
two_concepts,plain2_w16_gmp,random_fullrank,7004,centered_logit_fidelity,random,0.006649541330967901,4
two_concepts,plain2_w16_gmp,random_fullrank,7004,prob_error_reduction,random,-0.029713481198996305,4
two_concepts,plain2_w16_gmp,random_fullrank,7005,centered_logit_fidelity,random,0.003328158932901181,4
two_concepts,plain2_w16_gmp,random_fullrank,7005,prob_error_reduction,random,-0.029396833386272192,4
two_concepts,plain2_w16_gmp,random_fullrank,7006,centered_logit_fidelity,random,0.011928497824236366,4
two_concepts,plain2_w16_gmp,random_fullrank,7006,prob_error_reduction,random,-0.03289940068498254,4
two_concepts,plain2_w16_gmp,random_fullrank,7007,centered_logit_fidelity,random,0.0005702959599822033,4
two_concepts,plain2_w16_gmp,random_fullrank,7007,prob_error_reduction,random,-0.040237308479845524,4
two_concepts,plain2_w16_gmp,random_fullrank,7008,centered_logit_fidelity,random,0.0009586008673373812,4
two_concepts,plain2_w16_gmp,random_fullrank,7008,prob_error_reduction,random,-0.060143196024000645,4
two_concepts,plain2_w16_gmp,random_fullrank,7009,centered_logit_fidelity,random,-0.0016469779782615386,4
two_concepts,plain2_w16_gmp,random_fullrank,7009,prob_error_reduction,random,-0.039788587018847466,4
two_concepts,plain2_w16_gmp,random_fullrank,7010,centered_logit_fidelity,random,0.019916411258317168,4
two_concepts,plain2_w16_gmp,random_fullrank,7010,prob_error_reduction,random,-0.025452393107116222,4
two_concepts,plain2_w16_gmp,random_fullrank,7011,centered_logit_fidelity,random,-0.0013613064579157952,4
two_concepts,plain2_w16_gmp,random_fullrank,7011,prob_error_reduction,random,-0.0717898914590478,4
two_concepts,plain2_w16_gmp,random_fullrank,7012,centered_logit_fidelity,random,0.0010855637386161868,4
two_concepts,plain2_w16_gmp,random_fullrank,7012,prob_error_reduction,random,-0.06776131084188819,4
two_concepts,plain2_w16_gmp,random_fullrank,7013,centered_logit_fidelity,random,0.0055038224646342965,4
two_concepts,plain2_w16_gmp,random_fullrank,7013,prob_error_reduction,random,-0.050098839681595564,4
two_concepts,plain2_w16_gmp,random_fullrank,7014,centered_logit_fidelity,random,-0.007982501986388984,4
two_concepts,plain2_w16_gmp,random_fullrank,7014,prob_error_reduction,random,-0.06514072697609663,4
two_concepts,plain2_w16_gmp,random_fullrank,7015,centered_logit_fidelity,random,0.004061090758949058,4
two_concepts,plain2_w16_gmp,random_fullrank,7015,prob_error_reduction,random,-0.026360026327893138,4
two_concepts,plain2_w16_gmp,random_fullrank,7016,centered_logit_fidelity,random,0.005183715690673647,4
two_concepts,plain2_w16_gmp,random_fullrank,7016,prob_error_reduction,random,-0.02579211862757802,4
two_concepts,plain2_w16_gmp,random_fullrank,7017,centered_logit_fidelity,random,-6.36038820405558e-05,4
two_concepts,plain2_w16_gmp,random_fullrank,7017,prob_error_reduction,random,-0.04916982166469097,4
two_concepts,plain2_w16_gmp,random_fullrank,7018,centered_logit_fidelity,random,0.007573395569406826,4
two_concepts,plain2_w16_gmp,random_fullrank,7018,prob_error_reduction,random,-0.03252080362290144,4
two_concepts,plain2_w16_gmp,random_fullrank,7019,centered_logit_fidelity,random,0.011665939058479208,4
two_concepts,plain2_w16_gmp,random_fullrank,7019,prob_error_reduction,random,-0.028438845183700323,4
two_concepts,plain2_w16_gmp,random_fullrank,7020,centered_logit_fidelity,random,0.00662237786227904,4
two_concepts,plain2_w16_gmp,random_fullrank,7020,prob_error_reduction,random,-0.024554427014663815,4
two_concepts,plain2_w16_gmp,random_fullrank,7021,centered_logit_fidelity,random,0.003337882633386203,4
two_concepts,plain2_w16_gmp,random_fullrank,7021,prob_error_reduction,random,-0.02411225577816367,4
two_concepts,plain2_w16_gmp,random_fullrank,7022,centered_logit_fidelity,random,0.0013216809265859143,4
two_concepts,plain2_w16_gmp,random_fullrank,7022,prob_error_reduction,random,-0.02478305296972394,4
two_concepts,plain2_w16_gmp,random_fullrank,7023,centered_logit_fidelity,random,-0.0024237122305810228,4
two_concepts,plain2_w16_gmp,random_fullrank,7023,prob_error_reduction,random,-0.05609699385240674,4
two_concepts,plain2_w16_gmp,random_fullrank,7024,centered_logit_fidelity,random,0.01519634066616716,4
two_concepts,plain2_w16_gmp,random_fullrank,7024,prob_error_reduction,random,-0.0346501125022769,4
two_concepts,plain2_w16_gmp,random_fullrank,7025,centered_logit_fidelity,random,0.006300312451546327,4
two_concepts,plain2_w16_gmp,random_fullrank,7025,prob_error_reduction,random,-0.02501039346680045,4
two_concepts,plain2_w16_gmp,random_fullrank,7026,centered_logit_fidelity,random,0.011889288823336619,4
two_concepts,plain2_w16_gmp,random_fullrank,7026,prob_error_reduction,random,-0.032464932184666395,4
two_concepts,plain2_w16_gmp,random_fullrank,7027,centered_logit_fidelity,random,0.008702277216861416,4
two_concepts,plain2_w16_gmp,random_fullrank,7027,prob_error_reduction,random,-0.0422659320756793,4
two_concepts,plain2_w16_gmp,random_fullrank,7028,centered_logit_fidelity,random,0.003628300757802516,4
two_concepts,plain2_w16_gmp,random_fullrank,7028,prob_error_reduction,random,-0.04897945746779442,4
two_concepts,plain2_w16_gmp,random_fullrank,7029,centered_logit_fidelity,random,0.007678675844800519,4
two_concepts,plain2_w16_gmp,random_fullrank,7029,prob_error_reduction,random,-0.02465853001922369,4
two_concepts,plain2_w16_gmp,random_fullrank,7030,centered_logit_fidelity,random,0.007496731776685519,4
two_concepts,plain2_w16_gmp,random_fullrank,7030,prob_error_reduction,random,-0.03901475993916392,4
two_concepts,plain2_w16_gmp,random_fullrank,7031,centered_logit_fidelity,random,0.012047773027585449,4
two_concepts,plain2_w16_gmp,random_fullrank,7031,prob_error_reduction,random,-0.020039346534758806,4
two_concepts,plain2_w16_gmp,random_fullrank,7032,centered_logit_fidelity,random,0.00412639008746191,4
two_concepts,plain2_w16_gmp,random_fullrank,7032,prob_error_reduction,random,-0.04811827698722482,4
two_concepts,plain2_w16_gmp,random_fullrank,7033,centered_logit_fidelity,random,0.0032377720134617125,4
two_concepts,plain2_w16_gmp,random_fullrank,7033,prob_error_reduction,random,-0.023329974617809057,4
two_concepts,plain2_w16_gmp,random_fullrank,7034,centered_logit_fidelity,random,0.007944691063757876,4
two_concepts,plain2_w16_gmp,random_fullrank,7034,prob_error_reduction,random,-0.042528525460511446,4
two_concepts,plain2_w16_gmp,random_fullrank,7035,centered_logit_fidelity,random,0.00436255327498186,4
two_concepts,plain2_w16_gmp,random_fullrank,7035,prob_error_reduction,random,-0.045816426165401936,4
two_concepts,plain2_w16_gmp,random_fullrank,7036,centered_logit_fidelity,random,0.0026226868392321134,4
two_concepts,plain2_w16_gmp,random_fullrank,7036,prob_error_reduction,random,-0.06073865294456482,4
two_concepts,plain2_w16_gmp,random_fullrank,7037,centered_logit_fidelity,random,0.004028211437481924,4
two_concepts,plain2_w16_gmp,random_fullrank,7037,prob_error_reduction,random,-0.038930949522182345,4
two_concepts,plain2_w16_gmp,random_fullrank,7038,centered_logit_fidelity,random,0.00029186364662580483,4
two_concepts,plain2_w16_gmp,random_fullrank,7038,prob_error_reduction,random,-0.043201420456171036,4
two_concepts,plain2_w16_gmp,random_fullrank,7039,centered_logit_fidelity,random,-0.0012862088633334694,4
two_concepts,plain2_w16_gmp,random_fullrank,7039,prob_error_reduction,random,-0.057111244183033705,4
two_concepts,plain2_w16_gmp,random_fullrank,7040,centered_logit_fidelity,random,0.005633747902407274,4
two_concepts,plain2_w16_gmp,random_fullrank,7040,prob_error_reduction,random,-0.05799941252917051,4
two_concepts,plain2_w16_gmp,random_fullrank,7041,centered_logit_fidelity,random,0.0068742896520578925,4
two_concepts,plain2_w16_gmp,random_fullrank,7041,prob_error_reduction,random,-0.028747681993991137,4
two_concepts,plain2_w16_gmp,random_fullrank,7042,centered_logit_fidelity,random,0.004490092833519371,4
two_concepts,plain2_w16_gmp,random_fullrank,7042,prob_error_reduction,random,-0.04343002708628774,4
two_concepts,plain2_w16_gmp,random_fullrank,7043,centered_logit_fidelity,random,0.006516747819785829,4
two_concepts,plain2_w16_gmp,random_fullrank,7043,prob_error_reduction,random,-0.043021599762141705,4
two_concepts,plain2_w16_gmp,random_fullrank,7044,centered_logit_fidelity,random,0.003925220110622185,4
two_concepts,plain2_w16_gmp,random_fullrank,7044,prob_error_reduction,random,-0.04437581868842244,4
two_concepts,plain2_w16_gmp,random_fullrank,7045,centered_logit_fidelity,random,-0.0005316478095669652,4
two_concepts,plain2_w16_gmp,random_fullrank,7045,prob_error_reduction,random,-0.05197136756032705,4
two_concepts,plain2_w16_gmp,random_fullrank,7046,centered_logit_fidelity,random,0.0008022166473497117,4
two_concepts,plain2_w16_gmp,random_fullrank,7046,prob_error_reduction,random,-0.011347547639161348,4
two_concepts,plain2_w16_gmp,random_fullrank,7047,centered_logit_fidelity,random,0.006809219017109212,4
two_concepts,plain2_w16_gmp,random_fullrank,7047,prob_error_reduction,random,-0.045870205853134394,4
two_concepts,plain2_w16_gmp,random_fullrank,7048,centered_logit_fidelity,random,0.0063853777654902764,4
two_concepts,plain2_w16_gmp,random_fullrank,7048,prob_error_reduction,random,-0.04473682073876262,4
two_concepts,plain2_w16_gmp,random_fullrank,7049,centered_logit_fidelity,random,-0.002622458467122139,4
two_concepts,plain2_w16_gmp,random_fullrank,7049,prob_error_reduction,random,-0.0314408321864903,4
two_concepts,plain2_w16_gmp,random_fullrank,7050,centered_logit_fidelity,random,0.0035816019941092916,4
two_concepts,plain2_w16_gmp,random_fullrank,7050,prob_error_reduction,random,-0.036136876326054335,4
two_concepts,plain2_w16_gmp,random_fullrank,7051,centered_logit_fidelity,random,0.007724246804456027,4
two_concepts,plain2_w16_gmp,random_fullrank,7051,prob_error_reduction,random,-0.021527535747736692,4
two_concepts,plain2_w16_gmp,random_fullrank,7052,centered_logit_fidelity,random,0.0018072694174416093,4
two_concepts,plain2_w16_gmp,random_fullrank,7052,prob_error_reduction,random,-0.023191016167402267,4
two_concepts,plain2_w16_gmp,random_fullrank,7053,centered_logit_fidelity,random,0.004317675468474761,4
two_concepts,plain2_w16_gmp,random_fullrank,7053,prob_error_reduction,random,-0.02553856000304222,4
two_concepts,plain2_w16_gmp,random_fullrank,7054,centered_logit_fidelity,random,-0.00034988334992679983,4
two_concepts,plain2_w16_gmp,random_fullrank,7054,prob_error_reduction,random,-0.03696527611464262,4
two_concepts,plain2_w16_gmp,random_fullrank,7055,centered_logit_fidelity,random,-0.0031795854662557584,4
two_concepts,plain2_w16_gmp,random_fullrank,7055,prob_error_reduction,random,-0.045171888545155525,4
two_concepts,plain2_w16_gmp,random_fullrank,7056,centered_logit_fidelity,random,-0.0028218179232576465,4
two_concepts,plain2_w16_gmp,random_fullrank,7056,prob_error_reduction,random,-0.032402293756604195,4
two_concepts,plain2_w16_gmp,random_fullrank,7057,centered_logit_fidelity,random,0.015183481792782883,4
two_concepts,plain2_w16_gmp,random_fullrank,7057,prob_error_reduction,random,-0.01668868912383914,4
two_concepts,plain2_w16_gmp,random_fullrank,7058,centered_logit_fidelity,random,0.0048128705277987495,4
two_concepts,plain2_w16_gmp,random_fullrank,7058,prob_error_reduction,random,-0.03661833982914686,4
two_concepts,plain2_w16_gmp,random_fullrank,7059,centered_logit_fidelity,random,0.01037114044356601,4
two_concepts,plain2_w16_gmp,random_fullrank,7059,prob_error_reduction,random,-0.03047635778784752,4
two_concepts,plain2_w16_gmp,random_fullrank,7060,centered_logit_fidelity,random,0.00270630285532133,4
two_concepts,plain2_w16_gmp,random_fullrank,7060,prob_error_reduction,random,-0.03488020785152912,4
two_concepts,plain2_w16_gmp,random_fullrank,7061,centered_logit_fidelity,random,-0.001101227692895895,4
two_concepts,plain2_w16_gmp,random_fullrank,7061,prob_error_reduction,random,-0.06046010786667466,4
two_concepts,plain2_w16_gmp,random_fullrank,7062,centered_logit_fidelity,random,0.008136121907779348,4
two_concepts,plain2_w16_gmp,random_fullrank,7062,prob_error_reduction,random,-0.022573622409254313,4
two_concepts,plain2_w16_gmp,random_fullrank,7063,centered_logit_fidelity,random,0.006619754585009191,4
two_concepts,plain2_w16_gmp,random_fullrank,7063,prob_error_reduction,random,-0.039935640059411526,4
two_concepts,plain2_w16_gmp,random_fullrank,7064,centered_logit_fidelity,random,0.010950033029867605,4
two_concepts,plain2_w16_gmp,random_fullrank,7064,prob_error_reduction,random,-0.011760734487324953,4
two_concepts,plain2_w16_gmp,random_fullrank,7065,centered_logit_fidelity,random,0.0013528131132382343,4
two_concepts,plain2_w16_gmp,random_fullrank,7065,prob_error_reduction,random,-0.029019013978540897,4
two_concepts,plain2_w16_gmp,random_fullrank,7066,centered_logit_fidelity,random,0.003959350898858401,4
two_concepts,plain2_w16_gmp,random_fullrank,7066,prob_error_reduction,random,-0.048359066247940063,4
two_concepts,plain2_w16_gmp,random_fullrank,7067,centered_logit_fidelity,random,-0.005033785804722291,4
two_concepts,plain2_w16_gmp,random_fullrank,7067,prob_error_reduction,random,-0.06734171789139509,4
two_concepts,plain2_w16_gmp,random_fullrank,7068,centered_logit_fidelity,random,0.005532423502614537,4
two_concepts,plain2_w16_gmp,random_fullrank,7068,prob_error_reduction,random,-0.0379232713021338,4
two_concepts,plain2_w16_gmp,random_fullrank,7069,centered_logit_fidelity,random,0.0018590499915260659,4
two_concepts,plain2_w16_gmp,random_fullrank,7069,prob_error_reduction,random,-0.03766142996028066,4
two_concepts,plain2_w16_gmp,random_fullrank,7070,centered_logit_fidelity,random,0.002500379873236593,4
two_concepts,plain2_w16_gmp,random_fullrank,7070,prob_error_reduction,random,-0.040539711713790894,4
two_concepts,plain2_w16_gmp,random_fullrank,7071,centered_logit_fidelity,random,-0.001334621559838614,4
two_concepts,plain2_w16_gmp,random_fullrank,7071,prob_error_reduction,random,-0.039312890730798244,4
two_concepts,plain2_w16_gmp,random_fullrank,7072,centered_logit_fidelity,random,0.007275502067593639,4
two_concepts,plain2_w16_gmp,random_fullrank,7072,prob_error_reduction,random,-0.012515158392488956,4
two_concepts,plain2_w16_gmp,random_fullrank,7073,centered_logit_fidelity,random,0.006014049603709971,4
two_concepts,plain2_w16_gmp,random_fullrank,7073,prob_error_reduction,random,-0.023708753753453493,4
two_concepts,plain2_w16_gmp,random_fullrank,7074,centered_logit_fidelity,random,0.011146096226294519,4
two_concepts,plain2_w16_gmp,random_fullrank,7074,prob_error_reduction,random,-0.024337321985512972,4
two_concepts,plain2_w16_gmp,random_fullrank,7075,centered_logit_fidelity,random,-0.004092304750983598,4
two_concepts,plain2_w16_gmp,random_fullrank,7075,prob_error_reduction,random,-0.05395675450563431,4
two_concepts,plain2_w16_gmp,random_fullrank,7076,centered_logit_fidelity,random,0.0027347786601917903,4
two_concepts,plain2_w16_gmp,random_fullrank,7076,prob_error_reduction,random,-0.046055135782808065,4
two_concepts,plain2_w16_gmp,random_fullrank,7077,centered_logit_fidelity,random,0.004704520229259615,4
two_concepts,plain2_w16_gmp,random_fullrank,7077,prob_error_reduction,random,-0.02589407190680504,4
two_concepts,plain2_w16_gmp,random_fullrank,7078,centered_logit_fidelity,random,-0.0039243860351956626,4
two_concepts,plain2_w16_gmp,random_fullrank,7078,prob_error_reduction,random,-0.04764193436130881,4
two_concepts,plain2_w16_gmp,random_fullrank,7079,centered_logit_fidelity,random,-0.0008701190532111724,4
two_concepts,plain2_w16_gmp,random_fullrank,7079,prob_error_reduction,random,-0.05038410518318415,4
two_concepts,plain2_w16_gmp,random_fullrank,7080,centered_logit_fidelity,random,0.009875801161204454,4
two_concepts,plain2_w16_gmp,random_fullrank,7080,prob_error_reduction,random,-0.04015584662556648,4
two_concepts,plain2_w16_gmp,random_fullrank,7081,centered_logit_fidelity,random,-0.0054643528194709655,4
two_concepts,plain2_w16_gmp,random_fullrank,7081,prob_error_reduction,random,-0.04097750037908554,4
two_concepts,plain2_w16_gmp,random_fullrank,7082,centered_logit_fidelity,random,0.010583489973702353,4
two_concepts,plain2_w16_gmp,random_fullrank,7082,prob_error_reduction,random,-0.03920055693015456,4
two_concepts,plain2_w16_gmp,random_fullrank,7083,centered_logit_fidelity,random,0.009133588024245751,4
two_concepts,plain2_w16_gmp,random_fullrank,7083,prob_error_reduction,random,-0.025331199169158936,4
two_concepts,plain2_w16_gmp,random_fullrank,7084,centered_logit_fidelity,random,0.009130253230970789,4
two_concepts,plain2_w16_gmp,random_fullrank,7084,prob_error_reduction,random,-0.029935774393379688,4
two_concepts,plain2_w16_gmp,random_fullrank,7085,centered_logit_fidelity,random,-0.0037950753219612304,4
two_concepts,plain2_w16_gmp,random_fullrank,7085,prob_error_reduction,random,-0.07157894177362323,4
two_concepts,plain2_w16_gmp,random_fullrank,7086,centered_logit_fidelity,random,2.817602245263305e-05,4
two_concepts,plain2_w16_gmp,random_fullrank,7086,prob_error_reduction,random,-0.06184832053259015,4
two_concepts,plain2_w16_gmp,random_fullrank,7087,centered_logit_fidelity,random,0.0019627595628189717,4
two_concepts,plain2_w16_gmp,random_fullrank,7087,prob_error_reduction,random,-0.026853788178414106,4
two_concepts,plain2_w16_gmp,random_fullrank,7088,centered_logit_fidelity,random,-0.004744498446769212,4
two_concepts,plain2_w16_gmp,random_fullrank,7088,prob_error_reduction,random,-0.043419135734438896,4
two_concepts,plain2_w16_gmp,random_fullrank,7089,centered_logit_fidelity,random,0.0036495020213843325,4
two_concepts,plain2_w16_gmp,random_fullrank,7089,prob_error_reduction,random,-0.04377213306725025,4
two_concepts,plain2_w16_gmp,random_fullrank,7090,centered_logit_fidelity,random,0.009747444500805785,4
two_concepts,plain2_w16_gmp,random_fullrank,7090,prob_error_reduction,random,-0.0383185395039618,4
two_concepts,plain2_w16_gmp,random_fullrank,7091,centered_logit_fidelity,random,-0.0007531197076007523,4
two_concepts,plain2_w16_gmp,random_fullrank,7091,prob_error_reduction,random,-0.049099347088485956,4
two_concepts,plain2_w16_gmp,random_fullrank,7092,centered_logit_fidelity,random,0.0031063081900719724,4
two_concepts,plain2_w16_gmp,random_fullrank,7092,prob_error_reduction,random,-0.05241610994562507,4
two_concepts,plain2_w16_gmp,random_fullrank,7093,centered_logit_fidelity,random,-0.0019797373116003207,4
two_concepts,plain2_w16_gmp,random_fullrank,7093,prob_error_reduction,random,-0.055665632244199514,4
two_concepts,plain2_w16_gmp,random_fullrank,7094,centered_logit_fidelity,random,0.006024150155452735,4
two_concepts,plain2_w16_gmp,random_fullrank,7094,prob_error_reduction,random,-0.031197992619127035,4
two_concepts,plain2_w16_gmp,random_fullrank,7095,centered_logit_fidelity,random,0.0029814551529696153,4
two_concepts,plain2_w16_gmp,random_fullrank,7095,prob_error_reduction,random,-0.024297740776091814,4
two_concepts,plain2_w16_gmp,random_fullrank,7096,centered_logit_fidelity,random,-0.0025264639753013983,4
two_concepts,plain2_w16_gmp,random_fullrank,7096,prob_error_reduction,random,-0.04812757112085819,4
two_concepts,plain2_w16_gmp,random_fullrank,7097,centered_logit_fidelity,random,0.007009187544406936,4
two_concepts,plain2_w16_gmp,random_fullrank,7097,prob_error_reduction,random,-0.02205879706889391,4
two_concepts,plain2_w16_gmp,random_fullrank,7098,centered_logit_fidelity,random,0.008337609456607612,4
two_concepts,plain2_w16_gmp,random_fullrank,7098,prob_error_reduction,random,-0.020317641086876392,4
two_concepts,plain2_w16_gmp,random_fullrank,7099,centered_logit_fidelity,random,-0.004829356746066828,4
two_concepts,plain2_w16_gmp,random_fullrank,7099,prob_error_reduction,random,-0.02037416910752654,4
two_concepts,plain2_w16_gmp,random_rank10,7000,centered_logit_fidelity,random,0.016563897029510714,4
two_concepts,plain2_w16_gmp,random_rank10,7000,prob_error_reduction,random,-0.009072967804968357,4
two_concepts,plain2_w16_gmp,random_rank10,7001,centered_logit_fidelity,random,-0.0004228542642296263,4
two_concepts,plain2_w16_gmp,random_rank10,7001,prob_error_reduction,random,-0.04327823547646403,4
two_concepts,plain2_w16_gmp,random_rank10,7002,centered_logit_fidelity,random,0.0026759993738300018,4
two_concepts,plain2_w16_gmp,random_rank10,7002,prob_error_reduction,random,-0.05313653568737209,4
two_concepts,plain2_w16_gmp,random_rank10,7003,centered_logit_fidelity,random,0.0017791069017135137,4
two_concepts,plain2_w16_gmp,random_rank10,7003,prob_error_reduction,random,-0.049780486384406686,4
two_concepts,plain2_w16_gmp,random_rank10,7004,centered_logit_fidelity,random,0.008584347404839746,4
two_concepts,plain2_w16_gmp,random_rank10,7004,prob_error_reduction,random,-0.01090188603848219,4
two_concepts,plain2_w16_gmp,random_rank10,7005,centered_logit_fidelity,random,0.010707276373500675,4
two_concepts,plain2_w16_gmp,random_rank10,7005,prob_error_reduction,random,-0.029046142008155584,4
two_concepts,plain2_w16_gmp,random_rank10,7006,centered_logit_fidelity,random,0.009133384482093656,4
two_concepts,plain2_w16_gmp,random_rank10,7006,prob_error_reduction,random,-0.04755844920873642,4
two_concepts,plain2_w16_gmp,random_rank10,7007,centered_logit_fidelity,random,0.007816478569299724,4
two_concepts,plain2_w16_gmp,random_rank10,7007,prob_error_reduction,random,-0.033884841948747635,4
two_concepts,plain2_w16_gmp,random_rank10,7008,centered_logit_fidelity,random,0.011246368870866014,4
two_concepts,plain2_w16_gmp,random_rank10,7008,prob_error_reduction,random,-0.05027330247685313,4
two_concepts,plain2_w16_gmp,random_rank10,7009,centered_logit_fidelity,random,0.010928167140070414,4
two_concepts,plain2_w16_gmp,random_rank10,7009,prob_error_reduction,random,-0.03200931381434202,4
two_concepts,plain2_w16_gmp,random_rank10,7010,centered_logit_fidelity,random,0.01002946710627827,4
two_concepts,plain2_w16_gmp,random_rank10,7010,prob_error_reduction,random,-0.03491911944001913,4
two_concepts,plain2_w16_gmp,random_rank10,7011,centered_logit_fidelity,random,0.007934344589662839,4
two_concepts,plain2_w16_gmp,random_rank10,7011,prob_error_reduction,random,-0.02612048527225852,4
two_concepts,plain2_w16_gmp,random_rank10,7012,centered_logit_fidelity,random,0.013516739071373282,4
two_concepts,plain2_w16_gmp,random_rank10,7012,prob_error_reduction,random,-0.03239239379763603,4
two_concepts,plain2_w16_gmp,random_rank10,7013,centered_logit_fidelity,random,-0.001859904085557057,4
two_concepts,plain2_w16_gmp,random_rank10,7013,prob_error_reduction,random,-0.060184573754668236,4
two_concepts,plain2_w16_gmp,random_rank10,7014,centered_logit_fidelity,random,0.006237974805720891,4
two_concepts,plain2_w16_gmp,random_rank10,7014,prob_error_reduction,random,-0.04883750109001994,4
two_concepts,plain2_w16_gmp,random_rank10,7015,centered_logit_fidelity,random,0.002704649025854289,4
two_concepts,plain2_w16_gmp,random_rank10,7015,prob_error_reduction,random,-0.024394910782575607,4
two_concepts,plain2_w16_gmp,random_rank10,7016,centered_logit_fidelity,random,0.00809287830569093,4
two_concepts,plain2_w16_gmp,random_rank10,7016,prob_error_reduction,random,-0.014215155271813273,4
two_concepts,plain2_w16_gmp,random_rank10,7017,centered_logit_fidelity,random,0.002592389153119391,4
two_concepts,plain2_w16_gmp,random_rank10,7017,prob_error_reduction,random,-0.06263235351070762,4
two_concepts,plain2_w16_gmp,random_rank10,7018,centered_logit_fidelity,random,0.0024191968574106444,4
two_concepts,plain2_w16_gmp,random_rank10,7018,prob_error_reduction,random,-0.04044558433815837,4
two_concepts,plain2_w16_gmp,random_rank10,7019,centered_logit_fidelity,random,0.010368964103346607,4
two_concepts,plain2_w16_gmp,random_rank10,7019,prob_error_reduction,random,-0.03944564564153552,4
two_concepts,plain2_w16_gmp,random_rank10,7020,centered_logit_fidelity,random,0.0036028155454107067,4
two_concepts,plain2_w16_gmp,random_rank10,7020,prob_error_reduction,random,-0.036298445891588926,4
two_concepts,plain2_w16_gmp,random_rank10,7021,centered_logit_fidelity,random,0.005409913830785587,4
two_concepts,plain2_w16_gmp,random_rank10,7021,prob_error_reduction,random,-0.02023237571120262,4
two_concepts,plain2_w16_gmp,random_rank10,7022,centered_logit_fidelity,random,0.0075092167868091135,4
two_concepts,plain2_w16_gmp,random_rank10,7022,prob_error_reduction,random,-0.021211589220911264,4
two_concepts,plain2_w16_gmp,random_rank10,7023,centered_logit_fidelity,random,0.004350987495034677,4
two_concepts,plain2_w16_gmp,random_rank10,7023,prob_error_reduction,random,-0.05940516758710146,4
two_concepts,plain2_w16_gmp,random_rank10,7024,centered_logit_fidelity,random,0.01833070604904788,4
two_concepts,plain2_w16_gmp,random_rank10,7024,prob_error_reduction,random,-0.008327676448971033,4
two_concepts,plain2_w16_gmp,random_rank10,7025,centered_logit_fidelity,random,0.0014945646261281167,4
two_concepts,plain2_w16_gmp,random_rank10,7025,prob_error_reduction,random,-0.046766458079218864,4
two_concepts,plain2_w16_gmp,random_rank10,7026,centered_logit_fidelity,random,0.007869716817461849,4
two_concepts,plain2_w16_gmp,random_rank10,7026,prob_error_reduction,random,-0.024921266362071037,4
two_concepts,plain2_w16_gmp,random_rank10,7027,centered_logit_fidelity,random,0.009637378816036522,4
two_concepts,plain2_w16_gmp,random_rank10,7027,prob_error_reduction,random,-0.0446307216770947,4
two_concepts,plain2_w16_gmp,random_rank10,7028,centered_logit_fidelity,random,0.014013523390985827,4
two_concepts,plain2_w16_gmp,random_rank10,7028,prob_error_reduction,random,0.0002643200568854809,4
two_concepts,plain2_w16_gmp,random_rank10,7029,centered_logit_fidelity,random,0.004021344923476024,4
two_concepts,plain2_w16_gmp,random_rank10,7029,prob_error_reduction,random,-0.03918193746358156,4
two_concepts,plain2_w16_gmp,random_rank10,7030,centered_logit_fidelity,random,-0.0012016005503818691,4
two_concepts,plain2_w16_gmp,random_rank10,7030,prob_error_reduction,random,-0.05718812346458435,4
two_concepts,plain2_w16_gmp,random_rank10,7031,centered_logit_fidelity,random,0.00779704844295581,4
two_concepts,plain2_w16_gmp,random_rank10,7031,prob_error_reduction,random,-0.04501435533165932,4
two_concepts,plain2_w16_gmp,random_rank10,7032,centered_logit_fidelity,random,0.0035033429985747606,4
two_concepts,plain2_w16_gmp,random_rank10,7032,prob_error_reduction,random,-0.024577698670327663,4
two_concepts,plain2_w16_gmp,random_rank10,7033,centered_logit_fidelity,random,0.0057893000490939865,4
two_concepts,plain2_w16_gmp,random_rank10,7033,prob_error_reduction,random,-0.0340469628572464,4
two_concepts,plain2_w16_gmp,random_rank10,7034,centered_logit_fidelity,random,0.0026598099802510825,4
two_concepts,plain2_w16_gmp,random_rank10,7034,prob_error_reduction,random,-0.043243623338639736,4
two_concepts,plain2_w16_gmp,random_rank10,7035,centered_logit_fidelity,random,0.007855514674609172,4
two_concepts,plain2_w16_gmp,random_rank10,7035,prob_error_reduction,random,-0.049340841826051474,4
two_concepts,plain2_w16_gmp,random_rank10,7036,centered_logit_fidelity,random,0.005431388531443418,4
two_concepts,plain2_w16_gmp,random_rank10,7036,prob_error_reduction,random,-0.039277308620512486,4
two_concepts,plain2_w16_gmp,random_rank10,7037,centered_logit_fidelity,random,0.005935416609267571,4
two_concepts,plain2_w16_gmp,random_rank10,7037,prob_error_reduction,random,-0.05085262889042497,4
two_concepts,plain2_w16_gmp,random_rank10,7038,centered_logit_fidelity,random,0.0028514750798350474,4
two_concepts,plain2_w16_gmp,random_rank10,7038,prob_error_reduction,random,-0.0432461891323328,4
two_concepts,plain2_w16_gmp,random_rank10,7039,centered_logit_fidelity,random,0.007971887529914422,4
two_concepts,plain2_w16_gmp,random_rank10,7039,prob_error_reduction,random,-0.04134205589070916,4
two_concepts,plain2_w16_gmp,random_rank10,7040,centered_logit_fidelity,random,0.006881617819327354,4
two_concepts,plain2_w16_gmp,random_rank10,7040,prob_error_reduction,random,-0.011012031231075525,4
two_concepts,plain2_w16_gmp,random_rank10,7041,centered_logit_fidelity,random,0.006475314161933178,4
two_concepts,plain2_w16_gmp,random_rank10,7041,prob_error_reduction,random,-0.034863995388150215,4
two_concepts,plain2_w16_gmp,random_rank10,7042,centered_logit_fidelity,random,-0.0001132855956039458,4
two_concepts,plain2_w16_gmp,random_rank10,7042,prob_error_reduction,random,-0.026897098869085312,4
two_concepts,plain2_w16_gmp,random_rank10,7043,centered_logit_fidelity,random,0.007039729831730512,4
two_concepts,plain2_w16_gmp,random_rank10,7043,prob_error_reduction,random,-0.029394403100013733,4
two_concepts,plain2_w16_gmp,random_rank10,7044,centered_logit_fidelity,random,0.0019069453045112914,4
two_concepts,plain2_w16_gmp,random_rank10,7044,prob_error_reduction,random,-0.0389108220115304,4
two_concepts,plain2_w16_gmp,random_rank10,7045,centered_logit_fidelity,random,0.0028597949630655844,4
two_concepts,plain2_w16_gmp,random_rank10,7045,prob_error_reduction,random,-0.04316003806889057,4
two_concepts,plain2_w16_gmp,random_rank10,7046,centered_logit_fidelity,random,-0.001584964343282787,4
two_concepts,plain2_w16_gmp,random_rank10,7046,prob_error_reduction,random,-0.031466913409531116,4
two_concepts,plain2_w16_gmp,random_rank10,7047,centered_logit_fidelity,random,0.011050848242166794,4
two_concepts,plain2_w16_gmp,random_rank10,7047,prob_error_reduction,random,-0.03042691247537732,4
two_concepts,plain2_w16_gmp,random_rank10,7048,centered_logit_fidelity,random,0.005636277230631568,4
two_concepts,plain2_w16_gmp,random_rank10,7048,prob_error_reduction,random,-0.04038225021213293,4
two_concepts,plain2_w16_gmp,random_rank10,7049,centered_logit_fidelity,random,0.007081980609184527,4
two_concepts,plain2_w16_gmp,random_rank10,7049,prob_error_reduction,random,-0.04235074110329151,4
two_concepts,plain2_w16_gmp,random_rank10,7050,centered_logit_fidelity,random,0.007983859959082493,4
two_concepts,plain2_w16_gmp,random_rank10,7050,prob_error_reduction,random,-0.031156630255281925,4
two_concepts,plain2_w16_gmp,random_rank10,7051,centered_logit_fidelity,random,0.0032152532947821635,4
two_concepts,plain2_w16_gmp,random_rank10,7051,prob_error_reduction,random,-0.04507421841844916,4
two_concepts,plain2_w16_gmp,random_rank10,7052,centered_logit_fidelity,random,0.0013983198663556195,4
two_concepts,plain2_w16_gmp,random_rank10,7052,prob_error_reduction,random,-0.0031607425771653652,4
two_concepts,plain2_w16_gmp,random_rank10,7053,centered_logit_fidelity,random,0.0023068822342612715,4
two_concepts,plain2_w16_gmp,random_rank10,7053,prob_error_reduction,random,-0.05121635366231203,4
two_concepts,plain2_w16_gmp,random_rank10,7054,centered_logit_fidelity,random,0.010073826854405606,4
two_concepts,plain2_w16_gmp,random_rank10,7054,prob_error_reduction,random,-0.018385888542979956,4
two_concepts,plain2_w16_gmp,random_rank10,7055,centered_logit_fidelity,random,0.0031214330082045393,4
two_concepts,plain2_w16_gmp,random_rank10,7055,prob_error_reduction,random,-0.044929749332368374,4
two_concepts,plain2_w16_gmp,random_rank10,7056,centered_logit_fidelity,random,-0.0023594129171147313,4
two_concepts,plain2_w16_gmp,random_rank10,7056,prob_error_reduction,random,-0.051817137748003006,4
two_concepts,plain2_w16_gmp,random_rank10,7057,centered_logit_fidelity,random,0.00379680518119975,4
two_concepts,plain2_w16_gmp,random_rank10,7057,prob_error_reduction,random,-0.034380700904875994,4
two_concepts,plain2_w16_gmp,random_rank10,7058,centered_logit_fidelity,random,-6.468572162976992e-05,4
two_concepts,plain2_w16_gmp,random_rank10,7058,prob_error_reduction,random,-0.044094383250921965,4
two_concepts,plain2_w16_gmp,random_rank10,7059,centered_logit_fidelity,random,0.003594392882823195,4
two_concepts,plain2_w16_gmp,random_rank10,7059,prob_error_reduction,random,-0.04048096342012286,4
two_concepts,plain2_w16_gmp,random_rank10,7060,centered_logit_fidelity,random,4.446232534927909e-05,4
two_concepts,plain2_w16_gmp,random_rank10,7060,prob_error_reduction,random,-0.04677683347836137,4
two_concepts,plain2_w16_gmp,random_rank10,7061,centered_logit_fidelity,random,-0.0019097787151978757,4
two_concepts,plain2_w16_gmp,random_rank10,7061,prob_error_reduction,random,-0.06844960479065776,4
two_concepts,plain2_w16_gmp,random_rank10,7062,centered_logit_fidelity,random,0.00939685440545663,4
two_concepts,plain2_w16_gmp,random_rank10,7062,prob_error_reduction,random,-0.024151915218681097,4
two_concepts,plain2_w16_gmp,random_rank10,7063,centered_logit_fidelity,random,0.0016653358466399756,4
two_concepts,plain2_w16_gmp,random_rank10,7063,prob_error_reduction,random,-0.048048047348856926,4
two_concepts,plain2_w16_gmp,random_rank10,7064,centered_logit_fidelity,random,0.007914449330301653,4
two_concepts,plain2_w16_gmp,random_rank10,7064,prob_error_reduction,random,-0.020330326166003942,4
two_concepts,plain2_w16_gmp,random_rank10,7065,centered_logit_fidelity,random,-0.007163142371876114,4
two_concepts,plain2_w16_gmp,random_rank10,7065,prob_error_reduction,random,-0.04870009841397405,4
two_concepts,plain2_w16_gmp,random_rank10,7066,centered_logit_fidelity,random,-0.002215326735217068,4
two_concepts,plain2_w16_gmp,random_rank10,7066,prob_error_reduction,random,-0.04755493765696883,4
two_concepts,plain2_w16_gmp,random_rank10,7067,centered_logit_fidelity,random,-0.0031705190376111556,4
two_concepts,plain2_w16_gmp,random_rank10,7067,prob_error_reduction,random,-0.06605835491791368,4
two_concepts,plain2_w16_gmp,random_rank10,7068,centered_logit_fidelity,random,0.006684986056442193,4
two_concepts,plain2_w16_gmp,random_rank10,7068,prob_error_reduction,random,-0.0403711455874145,4
two_concepts,plain2_w16_gmp,random_rank10,7069,centered_logit_fidelity,random,0.008824388832782009,4
two_concepts,plain2_w16_gmp,random_rank10,7069,prob_error_reduction,random,-0.030308088287711143,4
two_concepts,plain2_w16_gmp,random_rank10,7070,centered_logit_fidelity,random,0.0008891732471972974,4
two_concepts,plain2_w16_gmp,random_rank10,7070,prob_error_reduction,random,-0.045852421317249537,4
two_concepts,plain2_w16_gmp,random_rank10,7071,centered_logit_fidelity,random,0.0021820637030638725,4
two_concepts,plain2_w16_gmp,random_rank10,7071,prob_error_reduction,random,-0.024113690480589867,4
two_concepts,plain2_w16_gmp,random_rank10,7072,centered_logit_fidelity,random,0.013122209080560405,4
two_concepts,plain2_w16_gmp,random_rank10,7072,prob_error_reduction,random,-0.02104943711310625,4
two_concepts,plain2_w16_gmp,random_rank10,7073,centered_logit_fidelity,random,0.0050015870981529875,4
two_concepts,plain2_w16_gmp,random_rank10,7073,prob_error_reduction,random,-0.050690573174506426,4
two_concepts,plain2_w16_gmp,random_rank10,7074,centered_logit_fidelity,random,-0.0008126492244027641,4
two_concepts,plain2_w16_gmp,random_rank10,7074,prob_error_reduction,random,-0.04655681271106005,4
two_concepts,plain2_w16_gmp,random_rank10,7075,centered_logit_fidelity,random,0.004023857621610762,4
two_concepts,plain2_w16_gmp,random_rank10,7075,prob_error_reduction,random,-0.03596950229257345,4
two_concepts,plain2_w16_gmp,random_rank10,7076,centered_logit_fidelity,random,0.006216911580130718,4
two_concepts,plain2_w16_gmp,random_rank10,7076,prob_error_reduction,random,-0.04281494906172156,4
two_concepts,plain2_w16_gmp,random_rank10,7077,centered_logit_fidelity,random,0.009184532630552822,4
two_concepts,plain2_w16_gmp,random_rank10,7077,prob_error_reduction,random,-0.022356818895787,4
two_concepts,plain2_w16_gmp,random_rank10,7078,centered_logit_fidelity,random,0.010009586719436895,4
two_concepts,plain2_w16_gmp,random_rank10,7078,prob_error_reduction,random,-0.031817405950278044,4
two_concepts,plain2_w16_gmp,random_rank10,7079,centered_logit_fidelity,random,0.0030287191826499898,4
two_concepts,plain2_w16_gmp,random_rank10,7079,prob_error_reduction,random,-0.05762728629633784,4
two_concepts,plain2_w16_gmp,random_rank10,7080,centered_logit_fidelity,random,0.012556104673629425,4
two_concepts,plain2_w16_gmp,random_rank10,7080,prob_error_reduction,random,-0.04470159253105521,4
two_concepts,plain2_w16_gmp,random_rank10,7081,centered_logit_fidelity,random,-0.006304049153414518,4
two_concepts,plain2_w16_gmp,random_rank10,7081,prob_error_reduction,random,-0.05350403627380729,4
two_concepts,plain2_w16_gmp,random_rank10,7082,centered_logit_fidelity,random,0.01015422155393504,4
two_concepts,plain2_w16_gmp,random_rank10,7082,prob_error_reduction,random,-0.04138948721811175,4
two_concepts,plain2_w16_gmp,random_rank10,7083,centered_logit_fidelity,random,0.006318630756135132,4
two_concepts,plain2_w16_gmp,random_rank10,7083,prob_error_reduction,random,-0.033995801117271185,4
two_concepts,plain2_w16_gmp,random_rank10,7084,centered_logit_fidelity,random,0.006298850573683928,4
two_concepts,plain2_w16_gmp,random_rank10,7084,prob_error_reduction,random,-0.029935365077108145,4
two_concepts,plain2_w16_gmp,random_rank10,7085,centered_logit_fidelity,random,0.006486826016192404,4
two_concepts,plain2_w16_gmp,random_rank10,7085,prob_error_reduction,random,-0.04040459054522216,4
two_concepts,plain2_w16_gmp,random_rank10,7086,centered_logit_fidelity,random,-0.00020909008487270293,4
two_concepts,plain2_w16_gmp,random_rank10,7086,prob_error_reduction,random,-0.03715174039825797,4
two_concepts,plain2_w16_gmp,random_rank10,7087,centered_logit_fidelity,random,0.005098336830966763,4
two_concepts,plain2_w16_gmp,random_rank10,7087,prob_error_reduction,random,-0.023305079899728298,4
two_concepts,plain2_w16_gmp,random_rank10,7088,centered_logit_fidelity,random,0.006269591641927341,4
two_concepts,plain2_w16_gmp,random_rank10,7088,prob_error_reduction,random,-0.02819206053391099,4
two_concepts,plain2_w16_gmp,random_rank10,7089,centered_logit_fidelity,random,0.009615698472794107,4
two_concepts,plain2_w16_gmp,random_rank10,7089,prob_error_reduction,random,-0.0282582170329988,4
two_concepts,plain2_w16_gmp,random_rank10,7090,centered_logit_fidelity,random,0.003960513356922159,4
two_concepts,plain2_w16_gmp,random_rank10,7090,prob_error_reduction,random,-0.0514220567420125,4
two_concepts,plain2_w16_gmp,random_rank10,7091,centered_logit_fidelity,random,0.00879674138899355,4
two_concepts,plain2_w16_gmp,random_rank10,7091,prob_error_reduction,random,-0.03359624743461609,4
two_concepts,plain2_w16_gmp,random_rank10,7092,centered_logit_fidelity,random,6.937226141152941e-06,4
two_concepts,plain2_w16_gmp,random_rank10,7092,prob_error_reduction,random,-0.06335210474207997,4
two_concepts,plain2_w16_gmp,random_rank10,7093,centered_logit_fidelity,random,-0.0005046266040268678,4
two_concepts,plain2_w16_gmp,random_rank10,7093,prob_error_reduction,random,-0.03851909888908267,4
two_concepts,plain2_w16_gmp,random_rank10,7094,centered_logit_fidelity,random,0.00576808228281386,4
two_concepts,plain2_w16_gmp,random_rank10,7094,prob_error_reduction,random,-0.04101191321387887,4
two_concepts,plain2_w16_gmp,random_rank10,7095,centered_logit_fidelity,random,0.010935447777677855,4
two_concepts,plain2_w16_gmp,random_rank10,7095,prob_error_reduction,random,-0.03557061683386564,4
two_concepts,plain2_w16_gmp,random_rank10,7096,centered_logit_fidelity,random,0.01303139918506929,4
two_concepts,plain2_w16_gmp,random_rank10,7096,prob_error_reduction,random,-0.009350141044706106,4
two_concepts,plain2_w16_gmp,random_rank10,7097,centered_logit_fidelity,random,0.00163882779315575,4
two_concepts,plain2_w16_gmp,random_rank10,7097,prob_error_reduction,random,-0.026907706633210182,4
two_concepts,plain2_w16_gmp,random_rank10,7098,centered_logit_fidelity,random,0.003148245017487025,4
two_concepts,plain2_w16_gmp,random_rank10,7098,prob_error_reduction,random,-0.026315977796912193,4
two_concepts,plain2_w16_gmp,random_rank10,7099,centered_logit_fidelity,random,0.006758547906198826,4
two_concepts,plain2_w16_gmp,random_rank10,7099,prob_error_reduction,random,-0.016456767916679382,4
two_concepts,plain2_w16_gmp,structured_template,7000,centered_logit_fidelity,random,0.008634035817805575,4
two_concepts,plain2_w16_gmp,structured_template,7000,prob_error_reduction,random,-0.03453039797022939,4
two_concepts,plain2_w16_gmp,structured_template,7001,centered_logit_fidelity,random,0.011731613435672781,4
two_concepts,plain2_w16_gmp,structured_template,7001,prob_error_reduction,random,-0.011922834906727076,4
two_concepts,plain2_w16_gmp,structured_template,7002,centered_logit_fidelity,random,-0.0015061070711761392,4
two_concepts,plain2_w16_gmp,structured_template,7002,prob_error_reduction,random,-0.02189682237803936,4
two_concepts,plain2_w16_gmp,structured_template,7003,centered_logit_fidelity,random,0.006669365426514003,4
two_concepts,plain2_w16_gmp,structured_template,7003,prob_error_reduction,random,-0.044861873146146536,4
two_concepts,plain2_w16_gmp,structured_template,7004,centered_logit_fidelity,random,-0.0038281622585885668,4
two_concepts,plain2_w16_gmp,structured_template,7004,prob_error_reduction,random,-0.04821436433121562,4
two_concepts,plain2_w16_gmp,structured_template,7005,centered_logit_fidelity,random,0.0013106553592700972,4
two_concepts,plain2_w16_gmp,structured_template,7005,prob_error_reduction,random,-0.03394638607278466,4
two_concepts,plain2_w16_gmp,structured_template,7006,centered_logit_fidelity,random,0.009062734398507563,4
two_concepts,plain2_w16_gmp,structured_template,7006,prob_error_reduction,random,-0.010047254618257284,4
two_concepts,plain2_w16_gmp,structured_template,7007,centered_logit_fidelity,random,0.008039447270763488,4
two_concepts,plain2_w16_gmp,structured_template,7007,prob_error_reduction,random,-0.014363300520926714,4
two_concepts,plain2_w16_gmp,structured_template,7008,centered_logit_fidelity,random,0.011740304764351948,4
two_concepts,plain2_w16_gmp,structured_template,7008,prob_error_reduction,random,-0.021741752978414297,4
two_concepts,plain2_w16_gmp,structured_template,7009,centered_logit_fidelity,random,0.01164464620518759,4
two_concepts,plain2_w16_gmp,structured_template,7009,prob_error_reduction,random,-0.02026233565993607,4
two_concepts,plain2_w16_gmp,structured_template,7010,centered_logit_fidelity,random,0.004582359525131299,4
two_concepts,plain2_w16_gmp,structured_template,7010,prob_error_reduction,random,-0.02026199852116406,4
two_concepts,plain2_w16_gmp,structured_template,7011,centered_logit_fidelity,random,0.009683874105267791,4
two_concepts,plain2_w16_gmp,structured_template,7011,prob_error_reduction,random,-0.05271239671856165,4
two_concepts,plain2_w16_gmp,structured_template,7012,centered_logit_fidelity,random,0.012325622980573317,4
two_concepts,plain2_w16_gmp,structured_template,7012,prob_error_reduction,random,-0.03614184446632862,4
two_concepts,plain2_w16_gmp,structured_template,7013,centered_logit_fidelity,random,0.012683408900516077,4
two_concepts,plain2_w16_gmp,structured_template,7013,prob_error_reduction,random,-0.03735382901504636,4
two_concepts,plain2_w16_gmp,structured_template,7014,centered_logit_fidelity,random,0.017297056572345888,4
two_concepts,plain2_w16_gmp,structured_template,7014,prob_error_reduction,random,-0.0024253446608781815,4
two_concepts,plain2_w16_gmp,structured_template,7015,centered_logit_fidelity,random,0.006348895908937337,4
two_concepts,plain2_w16_gmp,structured_template,7015,prob_error_reduction,random,-0.010971649549901485,4
two_concepts,plain2_w16_gmp,structured_template,7016,centered_logit_fidelity,random,0.016368523913033818,4
two_concepts,plain2_w16_gmp,structured_template,7016,prob_error_reduction,random,-0.018266329308971763,4
two_concepts,plain2_w16_gmp,structured_template,7017,centered_logit_fidelity,random,0.010159726594434234,4
two_concepts,plain2_w16_gmp,structured_template,7017,prob_error_reduction,random,-0.021952091017737985,4
two_concepts,plain2_w16_gmp,structured_template,7018,centered_logit_fidelity,random,-0.0040591591123401004,4
two_concepts,plain2_w16_gmp,structured_template,7018,prob_error_reduction,random,-0.0451089630369097,4
two_concepts,plain2_w16_gmp,structured_template,7019,centered_logit_fidelity,random,-0.0005416379974059263,4
two_concepts,plain2_w16_gmp,structured_template,7019,prob_error_reduction,random,-0.06196892121806741,4
two_concepts,plain2_w16_gmp,structured_template,7020,centered_logit_fidelity,random,0.010881862869257195,4
two_concepts,plain2_w16_gmp,structured_template,7020,prob_error_reduction,random,-0.0068796849809587,4
two_concepts,plain2_w16_gmp,structured_template,7021,centered_logit_fidelity,random,0.008182374859937436,4
two_concepts,plain2_w16_gmp,structured_template,7021,prob_error_reduction,random,-0.04043024638667703,4
two_concepts,plain2_w16_gmp,structured_template,7022,centered_logit_fidelity,random,0.007708432956142375,4
two_concepts,plain2_w16_gmp,structured_template,7022,prob_error_reduction,random,-0.025660882238298655,4
two_concepts,plain2_w16_gmp,structured_template,7023,centered_logit_fidelity,random,0.004453156939248443,4
two_concepts,plain2_w16_gmp,structured_template,7023,prob_error_reduction,random,-0.028488549403846264,4
two_concepts,plain2_w16_gmp,structured_template,7024,centered_logit_fidelity,random,0.012837603973090299,4
two_concepts,plain2_w16_gmp,structured_template,7024,prob_error_reduction,random,-0.04210171848535538,4
two_concepts,plain2_w16_gmp,structured_template,7025,centered_logit_fidelity,random,0.005434629812482883,4
two_concepts,plain2_w16_gmp,structured_template,7025,prob_error_reduction,random,-0.016485635191202164,4
two_concepts,plain2_w16_gmp,structured_template,7026,centered_logit_fidelity,random,0.00715470893426204,4
two_concepts,plain2_w16_gmp,structured_template,7026,prob_error_reduction,random,-0.043339993339031935,4
two_concepts,plain2_w16_gmp,structured_template,7027,centered_logit_fidelity,random,0.018569655038237945,4
two_concepts,plain2_w16_gmp,structured_template,7027,prob_error_reduction,random,-0.04144596308469772,4
two_concepts,plain2_w16_gmp,structured_template,7028,centered_logit_fidelity,random,0.0009646390513176843,4
two_concepts,plain2_w16_gmp,structured_template,7028,prob_error_reduction,random,-0.03624109795782715,4
two_concepts,plain2_w16_gmp,structured_template,7029,centered_logit_fidelity,random,0.0113912984730875,4
two_concepts,plain2_w16_gmp,structured_template,7029,prob_error_reduction,random,-0.012798515614122152,4
two_concepts,plain2_w16_gmp,structured_template,7030,centered_logit_fidelity,random,-0.005993561303027053,4
two_concepts,plain2_w16_gmp,structured_template,7030,prob_error_reduction,random,-0.05002372758463025,4
two_concepts,plain2_w16_gmp,structured_template,7031,centered_logit_fidelity,random,0.005234221328612823,4
two_concepts,plain2_w16_gmp,structured_template,7031,prob_error_reduction,random,-0.04290656838566065,4
two_concepts,plain2_w16_gmp,structured_template,7032,centered_logit_fidelity,random,0.005703382239505832,4
two_concepts,plain2_w16_gmp,structured_template,7032,prob_error_reduction,random,-0.05753714428283274,4
two_concepts,plain2_w16_gmp,structured_template,7033,centered_logit_fidelity,random,0.003949195375886665,4
two_concepts,plain2_w16_gmp,structured_template,7033,prob_error_reduction,random,-0.04181416239589453,4
two_concepts,plain2_w16_gmp,structured_template,7034,centered_logit_fidelity,random,-0.0013621231024107446,4
two_concepts,plain2_w16_gmp,structured_template,7034,prob_error_reduction,random,-0.02996711665764451,4
two_concepts,plain2_w16_gmp,structured_template,7035,centered_logit_fidelity,random,-0.001673515411865386,4
two_concepts,plain2_w16_gmp,structured_template,7035,prob_error_reduction,random,-0.04144532838836312,4
two_concepts,plain2_w16_gmp,structured_template,7036,centered_logit_fidelity,random,0.020373280576322178,4
two_concepts,plain2_w16_gmp,structured_template,7036,prob_error_reduction,random,-0.035166676389053464,4
two_concepts,plain2_w16_gmp,structured_template,7037,centered_logit_fidelity,random,0.000839919277255425,4
two_concepts,plain2_w16_gmp,structured_template,7037,prob_error_reduction,random,-0.04764557699672878,4
two_concepts,plain2_w16_gmp,structured_template,7038,centered_logit_fidelity,random,0.01186908629447927,4
two_concepts,plain2_w16_gmp,structured_template,7038,prob_error_reduction,random,-0.032410236657597125,4
two_concepts,plain2_w16_gmp,structured_template,7039,centered_logit_fidelity,random,0.0065491549361146005,4
two_concepts,plain2_w16_gmp,structured_template,7039,prob_error_reduction,random,-0.05376846110448241,4
two_concepts,plain2_w16_gmp,structured_template,7040,centered_logit_fidelity,random,-0.004006134406327588,4
two_concepts,plain2_w16_gmp,structured_template,7040,prob_error_reduction,random,-0.03917601192370057,4
two_concepts,plain2_w16_gmp,structured_template,7041,centered_logit_fidelity,random,0.004155238619419084,4
two_concepts,plain2_w16_gmp,structured_template,7041,prob_error_reduction,random,-0.024501678999513388,4
two_concepts,plain2_w16_gmp,structured_template,7042,centered_logit_fidelity,random,0.0008799803019660952,4
two_concepts,plain2_w16_gmp,structured_template,7042,prob_error_reduction,random,-0.03136744163930416,4
two_concepts,plain2_w16_gmp,structured_template,7043,centered_logit_fidelity,random,0.01288493306516164,4
two_concepts,plain2_w16_gmp,structured_template,7043,prob_error_reduction,random,-0.038297425489872694,4
two_concepts,plain2_w16_gmp,structured_template,7044,centered_logit_fidelity,random,0.006246179915426428,4
two_concepts,plain2_w16_gmp,structured_template,7044,prob_error_reduction,random,-0.02512405626475811,4
two_concepts,plain2_w16_gmp,structured_template,7045,centered_logit_fidelity,random,0.0007512721322993268,4
two_concepts,plain2_w16_gmp,structured_template,7045,prob_error_reduction,random,-0.040465709986165166,4
two_concepts,plain2_w16_gmp,structured_template,7046,centered_logit_fidelity,random,0.018149220414486286,4
two_concepts,plain2_w16_gmp,structured_template,7046,prob_error_reduction,random,-0.005954828578978777,4
two_concepts,plain2_w16_gmp,structured_template,7047,centered_logit_fidelity,random,0.0015220989317189654,4
two_concepts,plain2_w16_gmp,structured_template,7047,prob_error_reduction,random,-0.0291468002833426,4
two_concepts,plain2_w16_gmp,structured_template,7048,centered_logit_fidelity,random,0.016296867471337656,4
two_concepts,plain2_w16_gmp,structured_template,7048,prob_error_reduction,random,-0.015576830366626382,4
two_concepts,plain2_w16_gmp,structured_template,7049,centered_logit_fidelity,random,0.009255938403707798,4
two_concepts,plain2_w16_gmp,structured_template,7049,prob_error_reduction,random,-0.00611307704821229,4
two_concepts,plain2_w16_gmp,structured_template,7050,centered_logit_fidelity,random,0.014201923774488385,4
two_concepts,plain2_w16_gmp,structured_template,7050,prob_error_reduction,random,-0.02032860554754734,4
two_concepts,plain2_w16_gmp,structured_template,7051,centered_logit_fidelity,random,0.011375378988532804,4
two_concepts,plain2_w16_gmp,structured_template,7051,prob_error_reduction,random,-0.0329751274548471,4
two_concepts,plain2_w16_gmp,structured_template,7052,centered_logit_fidelity,random,0.0037795816278064706,4
two_concepts,plain2_w16_gmp,structured_template,7052,prob_error_reduction,random,-0.03366827103309333,4
two_concepts,plain2_w16_gmp,structured_template,7053,centered_logit_fidelity,random,0.005730555866660816,4
two_concepts,plain2_w16_gmp,structured_template,7053,prob_error_reduction,random,0.0003092917613685131,4
two_concepts,plain2_w16_gmp,structured_template,7054,centered_logit_fidelity,random,0.010036670125397993,4
two_concepts,plain2_w16_gmp,structured_template,7054,prob_error_reduction,random,-0.01340892631560564,4
two_concepts,plain2_w16_gmp,structured_template,7055,centered_logit_fidelity,random,0.005617019493394016,4
two_concepts,plain2_w16_gmp,structured_template,7055,prob_error_reduction,random,-0.029070070944726467,4
two_concepts,plain2_w16_gmp,structured_template,7056,centered_logit_fidelity,random,0.013128230116436471,4
two_concepts,plain2_w16_gmp,structured_template,7056,prob_error_reduction,random,0.007713443832471967,4
two_concepts,plain2_w16_gmp,structured_template,7057,centered_logit_fidelity,random,0.009873287946153313,4
two_concepts,plain2_w16_gmp,structured_template,7057,prob_error_reduction,random,-0.014422888169065118,4
two_concepts,plain2_w16_gmp,structured_template,7058,centered_logit_fidelity,random,0.002478318538076901,4
two_concepts,plain2_w16_gmp,structured_template,7058,prob_error_reduction,random,-0.04830671055242419,4
two_concepts,plain2_w16_gmp,structured_template,7059,centered_logit_fidelity,random,0.0038174719780327496,4
two_concepts,plain2_w16_gmp,structured_template,7059,prob_error_reduction,random,-0.05231319507583976,4
two_concepts,plain2_w16_gmp,structured_template,7060,centered_logit_fidelity,random,0.006654898233424633,4
two_concepts,plain2_w16_gmp,structured_template,7060,prob_error_reduction,random,-0.014914484228938818,4
two_concepts,plain2_w16_gmp,structured_template,7061,centered_logit_fidelity,random,0.003647927285997249,4
two_concepts,plain2_w16_gmp,structured_template,7061,prob_error_reduction,random,-0.03638871107250452,4
two_concepts,plain2_w16_gmp,structured_template,7062,centered_logit_fidelity,random,0.007550698482352071,4
two_concepts,plain2_w16_gmp,structured_template,7062,prob_error_reduction,random,-0.03210991248488426,4
two_concepts,plain2_w16_gmp,structured_template,7063,centered_logit_fidelity,random,-0.007495372047837864,4
two_concepts,plain2_w16_gmp,structured_template,7063,prob_error_reduction,random,-0.047829259652644396,4
two_concepts,plain2_w16_gmp,structured_template,7064,centered_logit_fidelity,random,-0.0010684952111175393,4
two_concepts,plain2_w16_gmp,structured_template,7064,prob_error_reduction,random,-0.052870589308440685,4
two_concepts,plain2_w16_gmp,structured_template,7065,centered_logit_fidelity,random,0.014042671782173716,4
two_concepts,plain2_w16_gmp,structured_template,7065,prob_error_reduction,random,-0.0179437140468508,4
two_concepts,plain2_w16_gmp,structured_template,7066,centered_logit_fidelity,random,0.005962311659703122,4
two_concepts,plain2_w16_gmp,structured_template,7066,prob_error_reduction,random,-0.032386865466833115,4
two_concepts,plain2_w16_gmp,structured_template,7067,centered_logit_fidelity,random,0.00018966900273396405,4
two_concepts,plain2_w16_gmp,structured_template,7067,prob_error_reduction,random,-0.06821497157216072,4
two_concepts,plain2_w16_gmp,structured_template,7068,centered_logit_fidelity,random,0.01627723475792022,4
two_concepts,plain2_w16_gmp,structured_template,7068,prob_error_reduction,random,-0.010315230581909418,4
two_concepts,plain2_w16_gmp,structured_template,7069,centered_logit_fidelity,random,0.014018596735892903,4
two_concepts,plain2_w16_gmp,structured_template,7069,prob_error_reduction,random,-0.009928148007020354,4
two_concepts,plain2_w16_gmp,structured_template,7070,centered_logit_fidelity,random,0.01008753349677815,4
two_concepts,plain2_w16_gmp,structured_template,7070,prob_error_reduction,random,-0.025478899013251066,4
two_concepts,plain2_w16_gmp,structured_template,7071,centered_logit_fidelity,random,0.018880189027912983,4
two_concepts,plain2_w16_gmp,structured_template,7071,prob_error_reduction,random,-0.015731631661765277,4
two_concepts,plain2_w16_gmp,structured_template,7072,centered_logit_fidelity,random,0.017841058263831394,4
two_concepts,plain2_w16_gmp,structured_template,7072,prob_error_reduction,random,0.01002271007746458,4
two_concepts,plain2_w16_gmp,structured_template,7073,centered_logit_fidelity,random,0.007060565719634388,4
two_concepts,plain2_w16_gmp,structured_template,7073,prob_error_reduction,random,-0.03640958480536938,4
two_concepts,plain2_w16_gmp,structured_template,7074,centered_logit_fidelity,random,0.0004884190008706095,4
two_concepts,plain2_w16_gmp,structured_template,7074,prob_error_reduction,random,-0.042602613335475326,4
two_concepts,plain2_w16_gmp,structured_template,7075,centered_logit_fidelity,random,-0.0004035149121367921,4
two_concepts,plain2_w16_gmp,structured_template,7075,prob_error_reduction,random,-0.06406423728913069,4
two_concepts,plain2_w16_gmp,structured_template,7076,centered_logit_fidelity,random,0.015251859426287925,4
two_concepts,plain2_w16_gmp,structured_template,7076,prob_error_reduction,random,0.0013481751084327698,4
two_concepts,plain2_w16_gmp,structured_template,7077,centered_logit_fidelity,random,0.009305812339562335,4
two_concepts,plain2_w16_gmp,structured_template,7077,prob_error_reduction,random,-0.026855946984142065,4
two_concepts,plain2_w16_gmp,structured_template,7078,centered_logit_fidelity,random,0.012294742485553388,4
two_concepts,plain2_w16_gmp,structured_template,7078,prob_error_reduction,random,-0.029906603507697582,4
two_concepts,plain2_w16_gmp,structured_template,7079,centered_logit_fidelity,random,0.0003750466724391742,4
two_concepts,plain2_w16_gmp,structured_template,7079,prob_error_reduction,random,-0.06065512076020241,4
two_concepts,plain2_w16_gmp,structured_template,7080,centered_logit_fidelity,random,0.01298521907513185,4
two_concepts,plain2_w16_gmp,structured_template,7080,prob_error_reduction,random,0.0035209222696721554,4
two_concepts,plain2_w16_gmp,structured_template,7081,centered_logit_fidelity,random,0.003779936091238001,4
two_concepts,plain2_w16_gmp,structured_template,7081,prob_error_reduction,random,-0.041297461837530136,4
two_concepts,plain2_w16_gmp,structured_template,7082,centered_logit_fidelity,random,0.006086118909923631,4
two_concepts,plain2_w16_gmp,structured_template,7082,prob_error_reduction,random,-0.0003651459701359272,4
two_concepts,plain2_w16_gmp,structured_template,7083,centered_logit_fidelity,random,0.006894976534195869,4
two_concepts,plain2_w16_gmp,structured_template,7083,prob_error_reduction,random,-0.036148493411019444,4
two_concepts,plain2_w16_gmp,structured_template,7084,centered_logit_fidelity,random,0.01286748182524343,4
two_concepts,plain2_w16_gmp,structured_template,7084,prob_error_reduction,random,-0.01979272300377488,4
two_concepts,plain2_w16_gmp,structured_template,7085,centered_logit_fidelity,random,0.015662841457011186,4
two_concepts,plain2_w16_gmp,structured_template,7085,prob_error_reduction,random,0.016328501980751753,4
two_concepts,plain2_w16_gmp,structured_template,7086,centered_logit_fidelity,random,0.002397503961244579,4
two_concepts,plain2_w16_gmp,structured_template,7086,prob_error_reduction,random,-0.04556394321843982,4
two_concepts,plain2_w16_gmp,structured_template,7087,centered_logit_fidelity,random,0.0006341431724324886,4
two_concepts,plain2_w16_gmp,structured_template,7087,prob_error_reduction,random,-0.0440078885294497,4
two_concepts,plain2_w16_gmp,structured_template,7088,centered_logit_fidelity,random,0.006277846471061926,4
two_concepts,plain2_w16_gmp,structured_template,7088,prob_error_reduction,random,-0.06328578339889646,4
two_concepts,plain2_w16_gmp,structured_template,7089,centered_logit_fidelity,random,0.010293172279190136,4
two_concepts,plain2_w16_gmp,structured_template,7089,prob_error_reduction,random,-0.0118802092038095,4
two_concepts,plain2_w16_gmp,structured_template,7090,centered_logit_fidelity,random,0.0103132133189354,4
two_concepts,plain2_w16_gmp,structured_template,7090,prob_error_reduction,random,-0.03195130731910467,4
two_concepts,plain2_w16_gmp,structured_template,7091,centered_logit_fidelity,random,0.007562326350250772,4
two_concepts,plain2_w16_gmp,structured_template,7091,prob_error_reduction,random,-0.026444217655807734,4
two_concepts,plain2_w16_gmp,structured_template,7092,centered_logit_fidelity,random,0.01431025887373058,4
two_concepts,plain2_w16_gmp,structured_template,7092,prob_error_reduction,random,-0.009058720665052533,4
two_concepts,plain2_w16_gmp,structured_template,7093,centered_logit_fidelity,random,0.001348991290932586,4
two_concepts,plain2_w16_gmp,structured_template,7093,prob_error_reduction,random,-0.028815490659326315,4
two_concepts,plain2_w16_gmp,structured_template,7094,centered_logit_fidelity,random,0.017533350229337538,4
two_concepts,plain2_w16_gmp,structured_template,7094,prob_error_reduction,random,-0.016803181264549494,4
two_concepts,plain2_w16_gmp,structured_template,7095,centered_logit_fidelity,random,0.020115644741219064,4
two_concepts,plain2_w16_gmp,structured_template,7095,prob_error_reduction,random,0.0024271360598504543,4
two_concepts,plain2_w16_gmp,structured_template,7096,centered_logit_fidelity,random,0.004574055677466644,4
two_concepts,plain2_w16_gmp,structured_template,7096,prob_error_reduction,random,-0.044492796529084444,4
two_concepts,plain2_w16_gmp,structured_template,7097,centered_logit_fidelity,random,-0.0010184976250459544,4
two_concepts,plain2_w16_gmp,structured_template,7097,prob_error_reduction,random,-0.025969367008656263,4
two_concepts,plain2_w16_gmp,structured_template,7098,centered_logit_fidelity,random,0.00532805470573868,4
two_concepts,plain2_w16_gmp,structured_template,7098,prob_error_reduction,random,-0.029061652719974518,4
two_concepts,plain2_w16_gmp,structured_template,7099,centered_logit_fidelity,random,0.00821540220265629,4
two_concepts,plain2_w16_gmp,structured_template,7099,prob_error_reduction,random,-0.02083211112767458,4
two_concepts,tiny_gap,pixel_permuted_template,7000,centered_logit_fidelity,random,0.017571348102958413,4
two_concepts,tiny_gap,pixel_permuted_template,7000,prob_error_reduction,random,0.03195623082865495,4
two_concepts,tiny_gap,pixel_permuted_template,7001,centered_logit_fidelity,random,-0.020265069366122594,4
two_concepts,tiny_gap,pixel_permuted_template,7001,prob_error_reduction,random,0.05594471105177945,4
two_concepts,tiny_gap,pixel_permuted_template,7002,centered_logit_fidelity,random,-0.051340621136176545,4
two_concepts,tiny_gap,pixel_permuted_template,7002,prob_error_reduction,random,0.058232928793586325,4
two_concepts,tiny_gap,pixel_permuted_template,7003,centered_logit_fidelity,random,0.011765211657016383,4
two_concepts,tiny_gap,pixel_permuted_template,7003,prob_error_reduction,random,0.05607225196581567,4
two_concepts,tiny_gap,pixel_permuted_template,7004,centered_logit_fidelity,random,0.015062518690654876,4
two_concepts,tiny_gap,pixel_permuted_template,7004,prob_error_reduction,random,0.059383071844422375,4
two_concepts,tiny_gap,pixel_permuted_template,7005,centered_logit_fidelity,random,-0.04876091513676637,4
two_concepts,tiny_gap,pixel_permuted_template,7005,prob_error_reduction,random,0.03625785743133747,4
two_concepts,tiny_gap,pixel_permuted_template,7006,centered_logit_fidelity,random,-0.03538185283537788,4
two_concepts,tiny_gap,pixel_permuted_template,7006,prob_error_reduction,random,0.02623960688288207,4
two_concepts,tiny_gap,pixel_permuted_template,7007,centered_logit_fidelity,random,-0.0242152990495028,4
two_concepts,tiny_gap,pixel_permuted_template,7007,prob_error_reduction,random,0.03854092184246838,4
two_concepts,tiny_gap,pixel_permuted_template,7008,centered_logit_fidelity,random,0.0001259088397048639,4
two_concepts,tiny_gap,pixel_permuted_template,7008,prob_error_reduction,random,0.040839659894118086,4
two_concepts,tiny_gap,pixel_permuted_template,7009,centered_logit_fidelity,random,-0.019676684362993024,4
two_concepts,tiny_gap,pixel_permuted_template,7009,prob_error_reduction,random,0.03969355905064731,4
two_concepts,tiny_gap,pixel_permuted_template,7010,centered_logit_fidelity,random,-0.03864490198140118,4
two_concepts,tiny_gap,pixel_permuted_template,7010,prob_error_reduction,random,0.05772780171537306,4
two_concepts,tiny_gap,pixel_permuted_template,7011,centered_logit_fidelity,random,-0.02366320880645626,4
two_concepts,tiny_gap,pixel_permuted_template,7011,prob_error_reduction,random,0.04147526622909936,4
two_concepts,tiny_gap,pixel_permuted_template,7012,centered_logit_fidelity,random,-0.017032373038792337,4
two_concepts,tiny_gap,pixel_permuted_template,7012,prob_error_reduction,random,0.055606935546165914,4
two_concepts,tiny_gap,pixel_permuted_template,7013,centered_logit_fidelity,random,0.021488165344793475,4
two_concepts,tiny_gap,pixel_permuted_template,7013,prob_error_reduction,random,0.0756251965485717,4
two_concepts,tiny_gap,pixel_permuted_template,7014,centered_logit_fidelity,random,-0.024048228757853073,4
two_concepts,tiny_gap,pixel_permuted_template,7014,prob_error_reduction,random,0.039611365065866266,4
two_concepts,tiny_gap,pixel_permuted_template,7015,centered_logit_fidelity,random,0.0021087710776106217,4
two_concepts,tiny_gap,pixel_permuted_template,7015,prob_error_reduction,random,0.04451391777547542,4
two_concepts,tiny_gap,pixel_permuted_template,7016,centered_logit_fidelity,random,-0.014374498364935711,4
two_concepts,tiny_gap,pixel_permuted_template,7016,prob_error_reduction,random,0.06008967194338766,4
two_concepts,tiny_gap,pixel_permuted_template,7017,centered_logit_fidelity,random,-0.014828454744566368,4
two_concepts,tiny_gap,pixel_permuted_template,7017,prob_error_reduction,random,0.05799344944443874,4
two_concepts,tiny_gap,pixel_permuted_template,7018,centered_logit_fidelity,random,-0.01678418500867649,4
two_concepts,tiny_gap,pixel_permuted_template,7018,prob_error_reduction,random,0.052552027786077815,4
two_concepts,tiny_gap,pixel_permuted_template,7019,centered_logit_fidelity,random,-0.009159164685290771,4
two_concepts,tiny_gap,pixel_permuted_template,7019,prob_error_reduction,random,0.05320006558758905,4
two_concepts,tiny_gap,pixel_permuted_template,7020,centered_logit_fidelity,random,-0.010854464090310535,4
two_concepts,tiny_gap,pixel_permuted_template,7020,prob_error_reduction,random,0.05103295618573611,4
two_concepts,tiny_gap,pixel_permuted_template,7021,centered_logit_fidelity,random,-0.02221587558402562,4
two_concepts,tiny_gap,pixel_permuted_template,7021,prob_error_reduction,random,0.036464620530750835,4
two_concepts,tiny_gap,pixel_permuted_template,7022,centered_logit_fidelity,random,-0.008181534056628303,4
two_concepts,tiny_gap,pixel_permuted_template,7022,prob_error_reduction,random,0.03722185841797909,4
two_concepts,tiny_gap,pixel_permuted_template,7023,centered_logit_fidelity,random,-0.012927855126983408,4
two_concepts,tiny_gap,pixel_permuted_template,7023,prob_error_reduction,random,0.047839495097832696,4
two_concepts,tiny_gap,pixel_permuted_template,7024,centered_logit_fidelity,random,0.008541762709813964,4
two_concepts,tiny_gap,pixel_permuted_template,7024,prob_error_reduction,random,0.057721011271496536,4
two_concepts,tiny_gap,pixel_permuted_template,7025,centered_logit_fidelity,random,-0.03985217725380256,4
two_concepts,tiny_gap,pixel_permuted_template,7025,prob_error_reduction,random,0.0313911189805367,4
two_concepts,tiny_gap,pixel_permuted_template,7026,centered_logit_fidelity,random,0.01255837185629414,4
two_concepts,tiny_gap,pixel_permuted_template,7026,prob_error_reduction,random,0.05281653544261644,4
two_concepts,tiny_gap,pixel_permuted_template,7027,centered_logit_fidelity,random,-0.012427642414322215,4
two_concepts,tiny_gap,pixel_permuted_template,7027,prob_error_reduction,random,0.03106945213767176,4
two_concepts,tiny_gap,pixel_permuted_template,7028,centered_logit_fidelity,random,0.0015723761220335954,4
two_concepts,tiny_gap,pixel_permuted_template,7028,prob_error_reduction,random,0.04137345539584203,4
two_concepts,tiny_gap,pixel_permuted_template,7029,centered_logit_fidelity,random,-0.025492983511075103,4
two_concepts,tiny_gap,pixel_permuted_template,7029,prob_error_reduction,random,0.05167744077152747,4
two_concepts,tiny_gap,pixel_permuted_template,7030,centered_logit_fidelity,random,0.011201239632920605,4
two_concepts,tiny_gap,pixel_permuted_template,7030,prob_error_reduction,random,0.03034468753139663,4
two_concepts,tiny_gap,pixel_permuted_template,7031,centered_logit_fidelity,random,-0.011098755795930436,4
two_concepts,tiny_gap,pixel_permuted_template,7031,prob_error_reduction,random,0.04336636667994753,4
two_concepts,tiny_gap,pixel_permuted_template,7032,centered_logit_fidelity,random,-0.03474527898243579,4
two_concepts,tiny_gap,pixel_permuted_template,7032,prob_error_reduction,random,0.03999586232021102,4
two_concepts,tiny_gap,pixel_permuted_template,7033,centered_logit_fidelity,random,-0.030494524024332968,4
two_concepts,tiny_gap,pixel_permuted_template,7033,prob_error_reduction,random,0.02948524810381059,4
two_concepts,tiny_gap,pixel_permuted_template,7034,centered_logit_fidelity,random,0.00014474017682581872,4
two_concepts,tiny_gap,pixel_permuted_template,7034,prob_error_reduction,random,0.05475003782339627,4
two_concepts,tiny_gap,pixel_permuted_template,7035,centered_logit_fidelity,random,-0.0073218707867665055,4
two_concepts,tiny_gap,pixel_permuted_template,7035,prob_error_reduction,random,0.054569172321862425,4
two_concepts,tiny_gap,pixel_permuted_template,7036,centered_logit_fidelity,random,0.008520853110532599,4
two_concepts,tiny_gap,pixel_permuted_template,7036,prob_error_reduction,random,0.04728017031629861,4
two_concepts,tiny_gap,pixel_permuted_template,7037,centered_logit_fidelity,random,-0.007925625500450128,4
two_concepts,tiny_gap,pixel_permuted_template,7037,prob_error_reduction,random,0.032984415861392336,4
two_concepts,tiny_gap,pixel_permuted_template,7038,centered_logit_fidelity,random,-0.005378348177496628,4
two_concepts,tiny_gap,pixel_permuted_template,7038,prob_error_reduction,random,0.05131246954078961,4
two_concepts,tiny_gap,pixel_permuted_template,7039,centered_logit_fidelity,random,-0.014847686838451285,4
two_concepts,tiny_gap,pixel_permuted_template,7039,prob_error_reduction,random,0.023317056216910714,4
two_concepts,tiny_gap,pixel_permuted_template,7040,centered_logit_fidelity,random,-0.024078300887423874,4
two_concepts,tiny_gap,pixel_permuted_template,7040,prob_error_reduction,random,0.08535141785705491,4
two_concepts,tiny_gap,pixel_permuted_template,7041,centered_logit_fidelity,random,-0.011266922235874867,4
two_concepts,tiny_gap,pixel_permuted_template,7041,prob_error_reduction,random,0.04676559961626481,4
two_concepts,tiny_gap,pixel_permuted_template,7042,centered_logit_fidelity,random,-0.029319266062889815,4
two_concepts,tiny_gap,pixel_permuted_template,7042,prob_error_reduction,random,0.024795458020889782,4
two_concepts,tiny_gap,pixel_permuted_template,7043,centered_logit_fidelity,random,-0.020980593696040648,4
two_concepts,tiny_gap,pixel_permuted_template,7043,prob_error_reduction,random,0.052209052697435254,4
two_concepts,tiny_gap,pixel_permuted_template,7044,centered_logit_fidelity,random,-0.0019010616848353645,4
two_concepts,tiny_gap,pixel_permuted_template,7044,prob_error_reduction,random,0.05334016017695831,4
two_concepts,tiny_gap,pixel_permuted_template,7045,centered_logit_fidelity,random,-0.012202627151391964,4
two_concepts,tiny_gap,pixel_permuted_template,7045,prob_error_reduction,random,0.030823589382634964,4
two_concepts,tiny_gap,pixel_permuted_template,7046,centered_logit_fidelity,random,-0.020847026880493218,4
two_concepts,tiny_gap,pixel_permuted_template,7046,prob_error_reduction,random,0.05691454735642765,4
two_concepts,tiny_gap,pixel_permuted_template,7047,centered_logit_fidelity,random,-0.030507265750833717,4
two_concepts,tiny_gap,pixel_permuted_template,7047,prob_error_reduction,random,0.06017227095890121,4
two_concepts,tiny_gap,pixel_permuted_template,7048,centered_logit_fidelity,random,-0.03342843482706936,4
two_concepts,tiny_gap,pixel_permuted_template,7048,prob_error_reduction,random,0.058444728472750285,4
two_concepts,tiny_gap,pixel_permuted_template,7049,centered_logit_fidelity,random,-0.007792264721545846,4
two_concepts,tiny_gap,pixel_permuted_template,7049,prob_error_reduction,random,0.049204612717403506,4
two_concepts,tiny_gap,pixel_permuted_template,7050,centered_logit_fidelity,random,-0.026769407585966028,4
two_concepts,tiny_gap,pixel_permuted_template,7050,prob_error_reduction,random,0.03151047436949739,4
two_concepts,tiny_gap,pixel_permuted_template,7051,centered_logit_fidelity,random,-0.0062237303692144925,4
two_concepts,tiny_gap,pixel_permuted_template,7051,prob_error_reduction,random,0.06559831012964423,4
two_concepts,tiny_gap,pixel_permuted_template,7052,centered_logit_fidelity,random,-0.03633889102232358,4
two_concepts,tiny_gap,pixel_permuted_template,7052,prob_error_reduction,random,0.029677766706299735,4
two_concepts,tiny_gap,pixel_permuted_template,7053,centered_logit_fidelity,random,-0.03161543368207842,4
two_concepts,tiny_gap,pixel_permuted_template,7053,prob_error_reduction,random,0.056474000931302726,4
two_concepts,tiny_gap,pixel_permuted_template,7054,centered_logit_fidelity,random,-0.024819385527180503,4
two_concepts,tiny_gap,pixel_permuted_template,7054,prob_error_reduction,random,0.03310795276593126,4
two_concepts,tiny_gap,pixel_permuted_template,7055,centered_logit_fidelity,random,-0.0329947515926748,4
two_concepts,tiny_gap,pixel_permuted_template,7055,prob_error_reduction,random,0.04982975030361558,4
two_concepts,tiny_gap,pixel_permuted_template,7056,centered_logit_fidelity,random,-0.011135672799575837,4
two_concepts,tiny_gap,pixel_permuted_template,7056,prob_error_reduction,random,0.057845063857712375,4
two_concepts,tiny_gap,pixel_permuted_template,7057,centered_logit_fidelity,random,0.014382337721867106,4
two_concepts,tiny_gap,pixel_permuted_template,7057,prob_error_reduction,random,0.05026103932323167,4
two_concepts,tiny_gap,pixel_permuted_template,7058,centered_logit_fidelity,random,-0.005376420663838989,4
two_concepts,tiny_gap,pixel_permuted_template,7058,prob_error_reduction,random,0.04799890654612682,4
two_concepts,tiny_gap,pixel_permuted_template,7059,centered_logit_fidelity,random,-0.018951290736580678,4
two_concepts,tiny_gap,pixel_permuted_template,7059,prob_error_reduction,random,0.03653624575781578,4
two_concepts,tiny_gap,pixel_permuted_template,7060,centered_logit_fidelity,random,-0.006375533581639234,4
two_concepts,tiny_gap,pixel_permuted_template,7060,prob_error_reduction,random,0.043488046976563055,4
two_concepts,tiny_gap,pixel_permuted_template,7061,centered_logit_fidelity,random,-0.028112944797087334,4
two_concepts,tiny_gap,pixel_permuted_template,7061,prob_error_reduction,random,0.039294682055697194,4
two_concepts,tiny_gap,pixel_permuted_template,7062,centered_logit_fidelity,random,-0.04645619683250598,4
two_concepts,tiny_gap,pixel_permuted_template,7062,prob_error_reduction,random,0.030701874928126927,4
two_concepts,tiny_gap,pixel_permuted_template,7063,centered_logit_fidelity,random,-0.00736072767321147,4
two_concepts,tiny_gap,pixel_permuted_template,7063,prob_error_reduction,random,0.05505535725842492,4
two_concepts,tiny_gap,pixel_permuted_template,7064,centered_logit_fidelity,random,-0.019623655648372602,4
two_concepts,tiny_gap,pixel_permuted_template,7064,prob_error_reduction,random,0.032199130533626885,4
two_concepts,tiny_gap,pixel_permuted_template,7065,centered_logit_fidelity,random,-0.028308527273848368,4
two_concepts,tiny_gap,pixel_permuted_template,7065,prob_error_reduction,random,0.07362324618407001,4
two_concepts,tiny_gap,pixel_permuted_template,7066,centered_logit_fidelity,random,-0.021427721089856598,4
two_concepts,tiny_gap,pixel_permuted_template,7066,prob_error_reduction,random,0.048387300044851145,4
two_concepts,tiny_gap,pixel_permuted_template,7067,centered_logit_fidelity,random,0.00022458573869006682,4
two_concepts,tiny_gap,pixel_permuted_template,7067,prob_error_reduction,random,0.04995892897841259,4
two_concepts,tiny_gap,pixel_permuted_template,7068,centered_logit_fidelity,random,-0.010969167437570189,4
two_concepts,tiny_gap,pixel_permuted_template,7068,prob_error_reduction,random,0.026771805347379996,4
two_concepts,tiny_gap,pixel_permuted_template,7069,centered_logit_fidelity,random,-0.031988164384552514,4
two_concepts,tiny_gap,pixel_permuted_template,7069,prob_error_reduction,random,0.05237167623727146,4
two_concepts,tiny_gap,pixel_permuted_template,7070,centered_logit_fidelity,random,-0.007321724980203531,4
two_concepts,tiny_gap,pixel_permuted_template,7070,prob_error_reduction,random,0.05706142271992576,4
two_concepts,tiny_gap,pixel_permuted_template,7071,centered_logit_fidelity,random,-0.008061859072477402,4
two_concepts,tiny_gap,pixel_permuted_template,7071,prob_error_reduction,random,0.03723983947566012,4
two_concepts,tiny_gap,pixel_permuted_template,7072,centered_logit_fidelity,random,-0.045730105634914,4
two_concepts,tiny_gap,pixel_permuted_template,7072,prob_error_reduction,random,0.03750085944557213,4
two_concepts,tiny_gap,pixel_permuted_template,7073,centered_logit_fidelity,random,-0.045655375739121845,4
two_concepts,tiny_gap,pixel_permuted_template,7073,prob_error_reduction,random,0.05042953686097462,4
two_concepts,tiny_gap,pixel_permuted_template,7074,centered_logit_fidelity,random,-0.03242161018138699,4
two_concepts,tiny_gap,pixel_permuted_template,7074,prob_error_reduction,random,0.028945746318640886,4
two_concepts,tiny_gap,pixel_permuted_template,7075,centered_logit_fidelity,random,-0.002746193304807104,4
two_concepts,tiny_gap,pixel_permuted_template,7075,prob_error_reduction,random,0.04009408069850906,4
two_concepts,tiny_gap,pixel_permuted_template,7076,centered_logit_fidelity,random,0.0071233725295004584,4
two_concepts,tiny_gap,pixel_permuted_template,7076,prob_error_reduction,random,0.04002668162502232,4
two_concepts,tiny_gap,pixel_permuted_template,7077,centered_logit_fidelity,random,0.011640324892109477,4
two_concepts,tiny_gap,pixel_permuted_template,7077,prob_error_reduction,random,0.03540744912424998,4
two_concepts,tiny_gap,pixel_permuted_template,7078,centered_logit_fidelity,random,-0.009986534790032274,4
two_concepts,tiny_gap,pixel_permuted_template,7078,prob_error_reduction,random,0.036836750713518995,4
two_concepts,tiny_gap,pixel_permuted_template,7079,centered_logit_fidelity,random,-0.0003632809974536532,4
two_concepts,tiny_gap,pixel_permuted_template,7079,prob_error_reduction,random,0.05946695097190968,4
two_concepts,tiny_gap,pixel_permuted_template,7080,centered_logit_fidelity,random,-0.0031749259423006423,4
two_concepts,tiny_gap,pixel_permuted_template,7080,prob_error_reduction,random,0.05412950592835841,4
two_concepts,tiny_gap,pixel_permuted_template,7081,centered_logit_fidelity,random,0.009920397867642714,4
two_concepts,tiny_gap,pixel_permuted_template,7081,prob_error_reduction,random,0.049474307295895414,4
two_concepts,tiny_gap,pixel_permuted_template,7082,centered_logit_fidelity,random,-0.030898438916662625,4
two_concepts,tiny_gap,pixel_permuted_template,7082,prob_error_reduction,random,0.04079482242286758,4
two_concepts,tiny_gap,pixel_permuted_template,7083,centered_logit_fidelity,random,-0.01942172639900317,4
two_concepts,tiny_gap,pixel_permuted_template,7083,prob_error_reduction,random,0.04091551841702312,4
two_concepts,tiny_gap,pixel_permuted_template,7084,centered_logit_fidelity,random,-0.03475213665084312,4
two_concepts,tiny_gap,pixel_permuted_template,7084,prob_error_reduction,random,0.028953554356121458,4
two_concepts,tiny_gap,pixel_permuted_template,7085,centered_logit_fidelity,random,-0.038190811018981044,4
two_concepts,tiny_gap,pixel_permuted_template,7085,prob_error_reduction,random,0.04132659373317438,4
two_concepts,tiny_gap,pixel_permuted_template,7086,centered_logit_fidelity,random,0.02953191587031259,4
two_concepts,tiny_gap,pixel_permuted_template,7086,prob_error_reduction,random,0.05294551978022355,4
two_concepts,tiny_gap,pixel_permuted_template,7087,centered_logit_fidelity,random,-0.02125629394628651,4
two_concepts,tiny_gap,pixel_permuted_template,7087,prob_error_reduction,random,0.04436136125968915,4
two_concepts,tiny_gap,pixel_permuted_template,7088,centered_logit_fidelity,random,-0.014156977032940632,4
two_concepts,tiny_gap,pixel_permuted_template,7088,prob_error_reduction,random,0.034838808042877645,4
two_concepts,tiny_gap,pixel_permuted_template,7089,centered_logit_fidelity,random,-0.035664277864856875,4
two_concepts,tiny_gap,pixel_permuted_template,7089,prob_error_reduction,random,0.03526879176024522,4
two_concepts,tiny_gap,pixel_permuted_template,7090,centered_logit_fidelity,random,-0.00499094968760686,4
two_concepts,tiny_gap,pixel_permuted_template,7090,prob_error_reduction,random,0.05616068249310047,4
two_concepts,tiny_gap,pixel_permuted_template,7091,centered_logit_fidelity,random,-0.022907572030170846,4
two_concepts,tiny_gap,pixel_permuted_template,7091,prob_error_reduction,random,0.02828785972269543,4
two_concepts,tiny_gap,pixel_permuted_template,7092,centered_logit_fidelity,random,9.61794214451063e-05,4
two_concepts,tiny_gap,pixel_permuted_template,7092,prob_error_reduction,random,0.026562600784018287,4
two_concepts,tiny_gap,pixel_permuted_template,7093,centered_logit_fidelity,random,-0.022999365667171576,4
two_concepts,tiny_gap,pixel_permuted_template,7093,prob_error_reduction,random,0.026950392091748654,4
two_concepts,tiny_gap,pixel_permuted_template,7094,centered_logit_fidelity,random,-0.019930212887272696,4
two_concepts,tiny_gap,pixel_permuted_template,7094,prob_error_reduction,random,0.03599255895460374,4
two_concepts,tiny_gap,pixel_permuted_template,7095,centered_logit_fidelity,random,-0.016296609804277717,4
two_concepts,tiny_gap,pixel_permuted_template,7095,prob_error_reduction,random,0.03321296304966381,4
two_concepts,tiny_gap,pixel_permuted_template,7096,centered_logit_fidelity,random,-0.025770824573594094,4
two_concepts,tiny_gap,pixel_permuted_template,7096,prob_error_reduction,random,0.041304012569526094,4
two_concepts,tiny_gap,pixel_permuted_template,7097,centered_logit_fidelity,random,-0.0012763013959576283,4
two_concepts,tiny_gap,pixel_permuted_template,7097,prob_error_reduction,random,0.054151060605363455,4
two_concepts,tiny_gap,pixel_permuted_template,7098,centered_logit_fidelity,random,-0.015973762651303288,4
two_concepts,tiny_gap,pixel_permuted_template,7098,prob_error_reduction,random,0.04967653242238157,4
two_concepts,tiny_gap,pixel_permuted_template,7099,centered_logit_fidelity,random,-0.0037340428905757433,4
two_concepts,tiny_gap,pixel_permuted_template,7099,prob_error_reduction,random,0.04183379287314892,4
two_concepts,tiny_gap,random_fullrank,7000,centered_logit_fidelity,random,-0.0012588927686334878,4
two_concepts,tiny_gap,random_fullrank,7000,prob_error_reduction,random,0.03830558095978631,4
two_concepts,tiny_gap,random_fullrank,7001,centered_logit_fidelity,random,-0.04703635755503003,4
two_concepts,tiny_gap,random_fullrank,7001,prob_error_reduction,random,0.04669505049059808,4
two_concepts,tiny_gap,random_fullrank,7002,centered_logit_fidelity,random,-0.021237683134977724,4
two_concepts,tiny_gap,random_fullrank,7002,prob_error_reduction,random,0.03986516717122868,4
two_concepts,tiny_gap,random_fullrank,7003,centered_logit_fidelity,random,0.03253599915759554,4
two_concepts,tiny_gap,random_fullrank,7003,prob_error_reduction,random,0.05688807357182668,4
two_concepts,tiny_gap,random_fullrank,7004,centered_logit_fidelity,random,-0.023878800663723655,4
two_concepts,tiny_gap,random_fullrank,7004,prob_error_reduction,random,0.043998727789585246,4
two_concepts,tiny_gap,random_fullrank,7005,centered_logit_fidelity,random,-0.019909116085467242,4
two_concepts,tiny_gap,random_fullrank,7005,prob_error_reduction,random,0.05529743997794867,4
two_concepts,tiny_gap,random_fullrank,7006,centered_logit_fidelity,random,-0.012953011381252547,4
two_concepts,tiny_gap,random_fullrank,7006,prob_error_reduction,random,0.0342343345801055,4
two_concepts,tiny_gap,random_fullrank,7007,centered_logit_fidelity,random,0.004051102210187308,4
two_concepts,tiny_gap,random_fullrank,7007,prob_error_reduction,random,0.04757693403917074,4
two_concepts,tiny_gap,random_fullrank,7008,centered_logit_fidelity,random,-0.03388048243050536,4
two_concepts,tiny_gap,random_fullrank,7008,prob_error_reduction,random,0.03923773294627608,4
two_concepts,tiny_gap,random_fullrank,7009,centered_logit_fidelity,random,-0.027037406158674514,4
two_concepts,tiny_gap,random_fullrank,7009,prob_error_reduction,random,0.06453016917112109,4
two_concepts,tiny_gap,random_fullrank,7010,centered_logit_fidelity,random,-0.04143323509210194,4
two_concepts,tiny_gap,random_fullrank,7010,prob_error_reduction,random,0.06251291062835662,4
two_concepts,tiny_gap,random_fullrank,7011,centered_logit_fidelity,random,-0.014498158935193281,4
two_concepts,tiny_gap,random_fullrank,7011,prob_error_reduction,random,0.06868902441601676,4
two_concepts,tiny_gap,random_fullrank,7012,centered_logit_fidelity,random,-0.01873173322086022,4
two_concepts,tiny_gap,random_fullrank,7012,prob_error_reduction,random,0.03858186510842643,4
two_concepts,tiny_gap,random_fullrank,7013,centered_logit_fidelity,random,-0.0010161050159858947,4
two_concepts,tiny_gap,random_fullrank,7013,prob_error_reduction,random,0.05313698432655656,4
two_concepts,tiny_gap,random_fullrank,7014,centered_logit_fidelity,random,-0.018161835760681526,4
two_concepts,tiny_gap,random_fullrank,7014,prob_error_reduction,random,0.06489643155691738,4
two_concepts,tiny_gap,random_fullrank,7015,centered_logit_fidelity,random,0.006982374738170096,4
two_concepts,tiny_gap,random_fullrank,7015,prob_error_reduction,random,0.051398141045865486,4
two_concepts,tiny_gap,random_fullrank,7016,centered_logit_fidelity,random,-0.012565358864492419,4
two_concepts,tiny_gap,random_fullrank,7016,prob_error_reduction,random,0.052441299845668254,4
two_concepts,tiny_gap,random_fullrank,7017,centered_logit_fidelity,random,-0.010062185603974564,4
two_concepts,tiny_gap,random_fullrank,7017,prob_error_reduction,random,0.03424012099549145,4
two_concepts,tiny_gap,random_fullrank,7018,centered_logit_fidelity,random,-0.040612489563213484,4
two_concepts,tiny_gap,random_fullrank,7018,prob_error_reduction,random,0.062167470538042835,4
two_concepts,tiny_gap,random_fullrank,7019,centered_logit_fidelity,random,-0.013534360622636245,4
two_concepts,tiny_gap,random_fullrank,7019,prob_error_reduction,random,0.05778135665514128,4
two_concepts,tiny_gap,random_fullrank,7020,centered_logit_fidelity,random,-0.043186253682543724,4
two_concepts,tiny_gap,random_fullrank,7020,prob_error_reduction,random,0.03570518047308724,4
two_concepts,tiny_gap,random_fullrank,7021,centered_logit_fidelity,random,-0.012966123473102577,4
two_concepts,tiny_gap,random_fullrank,7021,prob_error_reduction,random,0.058213025751683745,4
two_concepts,tiny_gap,random_fullrank,7022,centered_logit_fidelity,random,-0.008067963642658781,4
two_concepts,tiny_gap,random_fullrank,7022,prob_error_reduction,random,0.03222512603861105,4
two_concepts,tiny_gap,random_fullrank,7023,centered_logit_fidelity,random,0.01017039340348016,4
two_concepts,tiny_gap,random_fullrank,7023,prob_error_reduction,random,0.06306815347124939,4
two_concepts,tiny_gap,random_fullrank,7024,centered_logit_fidelity,random,-0.015396178070879373,4
two_concepts,tiny_gap,random_fullrank,7024,prob_error_reduction,random,0.0441831566977271,4
two_concepts,tiny_gap,random_fullrank,7025,centered_logit_fidelity,random,-0.009795092746805088,4
two_concepts,tiny_gap,random_fullrank,7025,prob_error_reduction,random,0.05377205764307291,4
two_concepts,tiny_gap,random_fullrank,7026,centered_logit_fidelity,random,-0.03557161843974993,4
two_concepts,tiny_gap,random_fullrank,7026,prob_error_reduction,random,0.030512824865581933,4
two_concepts,tiny_gap,random_fullrank,7027,centered_logit_fidelity,random,-0.030027940494876476,4
two_concepts,tiny_gap,random_fullrank,7027,prob_error_reduction,random,0.04695324647855159,4
two_concepts,tiny_gap,random_fullrank,7028,centered_logit_fidelity,random,-0.014901381753069825,4
two_concepts,tiny_gap,random_fullrank,7028,prob_error_reduction,random,0.04373519731416309,4
two_concepts,tiny_gap,random_fullrank,7029,centered_logit_fidelity,random,-0.03394129806789581,4
two_concepts,tiny_gap,random_fullrank,7029,prob_error_reduction,random,0.034166838115197606,4
two_concepts,tiny_gap,random_fullrank,7030,centered_logit_fidelity,random,-0.01395096939316996,4
two_concepts,tiny_gap,random_fullrank,7030,prob_error_reduction,random,0.04885985561668349,4
two_concepts,tiny_gap,random_fullrank,7031,centered_logit_fidelity,random,-0.0185213300089407,4
two_concepts,tiny_gap,random_fullrank,7031,prob_error_reduction,random,0.05915044993707852,4
two_concepts,tiny_gap,random_fullrank,7032,centered_logit_fidelity,random,-0.008963525890825831,4
two_concepts,tiny_gap,random_fullrank,7032,prob_error_reduction,random,0.05426699784493394,4
two_concepts,tiny_gap,random_fullrank,7033,centered_logit_fidelity,random,-0.02364472917288557,4
two_concepts,tiny_gap,random_fullrank,7033,prob_error_reduction,random,0.03889956875354983,4
two_concepts,tiny_gap,random_fullrank,7034,centered_logit_fidelity,random,-0.0187311053579831,4
two_concepts,tiny_gap,random_fullrank,7034,prob_error_reduction,random,0.07209385764872422,4
two_concepts,tiny_gap,random_fullrank,7035,centered_logit_fidelity,random,-0.0240153209563471,4
two_concepts,tiny_gap,random_fullrank,7035,prob_error_reduction,random,0.04597646122965671,4
two_concepts,tiny_gap,random_fullrank,7036,centered_logit_fidelity,random,-0.02151008818085879,4
two_concepts,tiny_gap,random_fullrank,7036,prob_error_reduction,random,0.04643378987930191,4
two_concepts,tiny_gap,random_fullrank,7037,centered_logit_fidelity,random,-0.001471334828567773,4
two_concepts,tiny_gap,random_fullrank,7037,prob_error_reduction,random,0.039760385729096015,4
two_concepts,tiny_gap,random_fullrank,7038,centered_logit_fidelity,random,0.02123848118192961,4
two_concepts,tiny_gap,random_fullrank,7038,prob_error_reduction,random,0.050689046317529574,4
two_concepts,tiny_gap,random_fullrank,7039,centered_logit_fidelity,random,-0.018018528261766652,4
two_concepts,tiny_gap,random_fullrank,7039,prob_error_reduction,random,0.020551390533910308,4
two_concepts,tiny_gap,random_fullrank,7040,centered_logit_fidelity,random,-0.051130108013194,4
two_concepts,tiny_gap,random_fullrank,7040,prob_error_reduction,random,0.0590827383357464,4
two_concepts,tiny_gap,random_fullrank,7041,centered_logit_fidelity,random,-0.03811474962371381,4
two_concepts,tiny_gap,random_fullrank,7041,prob_error_reduction,random,0.05200872177374549,4
two_concepts,tiny_gap,random_fullrank,7042,centered_logit_fidelity,random,-0.03958574860533755,4
two_concepts,tiny_gap,random_fullrank,7042,prob_error_reduction,random,0.051221406026343175,4
two_concepts,tiny_gap,random_fullrank,7043,centered_logit_fidelity,random,-0.031238290118993775,4
two_concepts,tiny_gap,random_fullrank,7043,prob_error_reduction,random,0.05475207426025008,4
two_concepts,tiny_gap,random_fullrank,7044,centered_logit_fidelity,random,-0.0431007703129479,4
two_concepts,tiny_gap,random_fullrank,7044,prob_error_reduction,random,0.049976395503108506,4
two_concepts,tiny_gap,random_fullrank,7045,centered_logit_fidelity,random,0.007406644600756988,4
two_concepts,tiny_gap,random_fullrank,7045,prob_error_reduction,random,0.057877506895238184,4
two_concepts,tiny_gap,random_fullrank,7046,centered_logit_fidelity,random,-0.003374081655810251,4
two_concepts,tiny_gap,random_fullrank,7046,prob_error_reduction,random,0.07553283641846065,4
two_concepts,tiny_gap,random_fullrank,7047,centered_logit_fidelity,random,-0.022216047609408825,4
two_concepts,tiny_gap,random_fullrank,7047,prob_error_reduction,random,0.06068572998083255,4
two_concepts,tiny_gap,random_fullrank,7048,centered_logit_fidelity,random,0.0018781615745384304,4
two_concepts,tiny_gap,random_fullrank,7048,prob_error_reduction,random,0.06597674705335521,4
two_concepts,tiny_gap,random_fullrank,7049,centered_logit_fidelity,random,-0.01284670576663992,4
two_concepts,tiny_gap,random_fullrank,7049,prob_error_reduction,random,0.07039421142599167,4
two_concepts,tiny_gap,random_fullrank,7050,centered_logit_fidelity,random,-0.02324831983937686,4
two_concepts,tiny_gap,random_fullrank,7050,prob_error_reduction,random,0.05783668317417323,4
two_concepts,tiny_gap,random_fullrank,7051,centered_logit_fidelity,random,0.014228714540047269,4
two_concepts,tiny_gap,random_fullrank,7051,prob_error_reduction,random,0.06874344610605476,4
two_concepts,tiny_gap,random_fullrank,7052,centered_logit_fidelity,random,-0.008975066486593634,4
two_concepts,tiny_gap,random_fullrank,7052,prob_error_reduction,random,0.04236664877134899,4
two_concepts,tiny_gap,random_fullrank,7053,centered_logit_fidelity,random,-0.007332517615298698,4
two_concepts,tiny_gap,random_fullrank,7053,prob_error_reduction,random,0.04701281427151116,4
two_concepts,tiny_gap,random_fullrank,7054,centered_logit_fidelity,random,-0.027410903644212097,4
two_concepts,tiny_gap,random_fullrank,7054,prob_error_reduction,random,0.021974970436531294,4
two_concepts,tiny_gap,random_fullrank,7055,centered_logit_fidelity,random,-0.03623056945675855,4
two_concepts,tiny_gap,random_fullrank,7055,prob_error_reduction,random,0.05583058664433338,4
two_concepts,tiny_gap,random_fullrank,7056,centered_logit_fidelity,random,-0.04100071418208934,4
two_concepts,tiny_gap,random_fullrank,7056,prob_error_reduction,random,0.05072073708925018,4
two_concepts,tiny_gap,random_fullrank,7057,centered_logit_fidelity,random,-0.0025562343978196445,4
two_concepts,tiny_gap,random_fullrank,7057,prob_error_reduction,random,0.04830856232911174,4
two_concepts,tiny_gap,random_fullrank,7058,centered_logit_fidelity,random,-0.011723831608306036,4
two_concepts,tiny_gap,random_fullrank,7058,prob_error_reduction,random,0.04585782874528377,4
two_concepts,tiny_gap,random_fullrank,7059,centered_logit_fidelity,random,-0.013343595463253671,4
two_concepts,tiny_gap,random_fullrank,7059,prob_error_reduction,random,0.045982144873050856,4
two_concepts,tiny_gap,random_fullrank,7060,centered_logit_fidelity,random,0.0019709079005039622,4
two_concepts,tiny_gap,random_fullrank,7060,prob_error_reduction,random,0.042828298992390046,4
two_concepts,tiny_gap,random_fullrank,7061,centered_logit_fidelity,random,0.0026654196949933047,4
two_concepts,tiny_gap,random_fullrank,7061,prob_error_reduction,random,0.059220350275609235,4
two_concepts,tiny_gap,random_fullrank,7062,centered_logit_fidelity,random,-0.016587295336729098,4
two_concepts,tiny_gap,random_fullrank,7062,prob_error_reduction,random,0.03127174336987082,4
two_concepts,tiny_gap,random_fullrank,7063,centered_logit_fidelity,random,0.010352386030511767,4
two_concepts,tiny_gap,random_fullrank,7063,prob_error_reduction,random,0.09655256343921792,4
two_concepts,tiny_gap,random_fullrank,7064,centered_logit_fidelity,random,-0.03900950396792844,4
two_concepts,tiny_gap,random_fullrank,7064,prob_error_reduction,random,0.03763821538632328,4
two_concepts,tiny_gap,random_fullrank,7065,centered_logit_fidelity,random,0.00149672471334579,4
two_concepts,tiny_gap,random_fullrank,7065,prob_error_reduction,random,0.07748585275840014,4
two_concepts,tiny_gap,random_fullrank,7066,centered_logit_fidelity,random,-0.02774964188353251,4
two_concepts,tiny_gap,random_fullrank,7066,prob_error_reduction,random,0.057232960669352906,4
two_concepts,tiny_gap,random_fullrank,7067,centered_logit_fidelity,random,-0.026335584992291054,4
two_concepts,tiny_gap,random_fullrank,7067,prob_error_reduction,random,0.045884058010415174,4
two_concepts,tiny_gap,random_fullrank,7068,centered_logit_fidelity,random,-0.011159471150504852,4
two_concepts,tiny_gap,random_fullrank,7068,prob_error_reduction,random,0.07016536696573894,4
two_concepts,tiny_gap,random_fullrank,7069,centered_logit_fidelity,random,-0.03270194494517781,4
two_concepts,tiny_gap,random_fullrank,7069,prob_error_reduction,random,0.0484414282891521,4
two_concepts,tiny_gap,random_fullrank,7070,centered_logit_fidelity,random,-0.02533095074591282,4
two_concepts,tiny_gap,random_fullrank,7070,prob_error_reduction,random,0.04662955306957883,4
two_concepts,tiny_gap,random_fullrank,7071,centered_logit_fidelity,random,-0.056509091214392085,4
two_concepts,tiny_gap,random_fullrank,7071,prob_error_reduction,random,0.060752335946745006,4
two_concepts,tiny_gap,random_fullrank,7072,centered_logit_fidelity,random,-0.008341644611007127,4
two_concepts,tiny_gap,random_fullrank,7072,prob_error_reduction,random,0.05321813670707343,4
two_concepts,tiny_gap,random_fullrank,7073,centered_logit_fidelity,random,-0.03879455025599653,4
two_concepts,tiny_gap,random_fullrank,7073,prob_error_reduction,random,0.05606357811848284,4
two_concepts,tiny_gap,random_fullrank,7074,centered_logit_fidelity,random,-0.006301721525929159,4
two_concepts,tiny_gap,random_fullrank,7074,prob_error_reduction,random,0.04961832738172234,4
two_concepts,tiny_gap,random_fullrank,7075,centered_logit_fidelity,random,-0.048660122546138884,4
two_concepts,tiny_gap,random_fullrank,7075,prob_error_reduction,random,0.041316552053103806,4
two_concepts,tiny_gap,random_fullrank,7076,centered_logit_fidelity,random,0.01197925256664163,4
two_concepts,tiny_gap,random_fullrank,7076,prob_error_reduction,random,0.041832975917714066,4
two_concepts,tiny_gap,random_fullrank,7077,centered_logit_fidelity,random,-0.03556384744971976,4
two_concepts,tiny_gap,random_fullrank,7077,prob_error_reduction,random,0.03742688379679748,4
two_concepts,tiny_gap,random_fullrank,7078,centered_logit_fidelity,random,-0.0186867054048874,4
two_concepts,tiny_gap,random_fullrank,7078,prob_error_reduction,random,0.04486486443238391,4
two_concepts,tiny_gap,random_fullrank,7079,centered_logit_fidelity,random,-0.0004679917235433789,4
two_concepts,tiny_gap,random_fullrank,7079,prob_error_reduction,random,0.047445714470086386,4
two_concepts,tiny_gap,random_fullrank,7080,centered_logit_fidelity,random,0.008146099337512473,4
two_concepts,tiny_gap,random_fullrank,7080,prob_error_reduction,random,0.03832693382901198,4
two_concepts,tiny_gap,random_fullrank,7081,centered_logit_fidelity,random,-0.007524242109277603,4
two_concepts,tiny_gap,random_fullrank,7081,prob_error_reduction,random,0.06684647822476109,4
two_concepts,tiny_gap,random_fullrank,7082,centered_logit_fidelity,random,-0.025820826371063397,4
two_concepts,tiny_gap,random_fullrank,7082,prob_error_reduction,random,0.03857388137294038,4
two_concepts,tiny_gap,random_fullrank,7083,centered_logit_fidelity,random,-0.01725632562292751,4
two_concepts,tiny_gap,random_fullrank,7083,prob_error_reduction,random,0.05318574239208829,4
two_concepts,tiny_gap,random_fullrank,7084,centered_logit_fidelity,random,0.010851231070982768,4
two_concepts,tiny_gap,random_fullrank,7084,prob_error_reduction,random,0.04264151335883071,4
two_concepts,tiny_gap,random_fullrank,7085,centered_logit_fidelity,random,-0.028640014512969707,4
two_concepts,tiny_gap,random_fullrank,7085,prob_error_reduction,random,0.07217718639913073,4
two_concepts,tiny_gap,random_fullrank,7086,centered_logit_fidelity,random,-0.014400887718347237,4
two_concepts,tiny_gap,random_fullrank,7086,prob_error_reduction,random,0.049953130721405614,4
two_concepts,tiny_gap,random_fullrank,7087,centered_logit_fidelity,random,-0.03741414637744571,4
two_concepts,tiny_gap,random_fullrank,7087,prob_error_reduction,random,0.03601506095947116,4
two_concepts,tiny_gap,random_fullrank,7088,centered_logit_fidelity,random,-0.01655491210788523,4
two_concepts,tiny_gap,random_fullrank,7088,prob_error_reduction,random,0.061099821800780774,4
two_concepts,tiny_gap,random_fullrank,7089,centered_logit_fidelity,random,-0.010873510869803664,4
two_concepts,tiny_gap,random_fullrank,7089,prob_error_reduction,random,0.05170043707857985,4
two_concepts,tiny_gap,random_fullrank,7090,centered_logit_fidelity,random,-0.044646347368493516,4
two_concepts,tiny_gap,random_fullrank,7090,prob_error_reduction,random,0.06355805832663464,4
two_concepts,tiny_gap,random_fullrank,7091,centered_logit_fidelity,random,-0.009575369544137608,4
two_concepts,tiny_gap,random_fullrank,7091,prob_error_reduction,random,0.03933475305620959,4
two_concepts,tiny_gap,random_fullrank,7092,centered_logit_fidelity,random,-0.011923474317019562,4
two_concepts,tiny_gap,random_fullrank,7092,prob_error_reduction,random,0.04046031506641157,4
two_concepts,tiny_gap,random_fullrank,7093,centered_logit_fidelity,random,-0.0475252473632668,4
two_concepts,tiny_gap,random_fullrank,7093,prob_error_reduction,random,0.04830661218511523,4
two_concepts,tiny_gap,random_fullrank,7094,centered_logit_fidelity,random,0.018366539038710605,4
two_concepts,tiny_gap,random_fullrank,7094,prob_error_reduction,random,0.04627652730414411,4
two_concepts,tiny_gap,random_fullrank,7095,centered_logit_fidelity,random,-0.0004989509772350947,4
two_concepts,tiny_gap,random_fullrank,7095,prob_error_reduction,random,0.03065962946493528,4
two_concepts,tiny_gap,random_fullrank,7096,centered_logit_fidelity,random,-0.004062330590018114,4
two_concepts,tiny_gap,random_fullrank,7096,prob_error_reduction,random,0.048755160119981156,4
two_concepts,tiny_gap,random_fullrank,7097,centered_logit_fidelity,random,-0.004609876986357319,4
two_concepts,tiny_gap,random_fullrank,7097,prob_error_reduction,random,0.039498496392297966,4
two_concepts,tiny_gap,random_fullrank,7098,centered_logit_fidelity,random,0.0039852163927971175,4
two_concepts,tiny_gap,random_fullrank,7098,prob_error_reduction,random,0.0592230157353697,4
two_concepts,tiny_gap,random_fullrank,7099,centered_logit_fidelity,random,-0.06288782732184965,4
two_concepts,tiny_gap,random_fullrank,7099,prob_error_reduction,random,0.0496946211451359,4
two_concepts,tiny_gap,random_rank10,7000,centered_logit_fidelity,random,-0.008999002965514735,4
two_concepts,tiny_gap,random_rank10,7000,prob_error_reduction,random,0.04440225726830249,4
two_concepts,tiny_gap,random_rank10,7001,centered_logit_fidelity,random,-0.026378247698715426,4
two_concepts,tiny_gap,random_rank10,7001,prob_error_reduction,random,0.03515845424772124,4
two_concepts,tiny_gap,random_rank10,7002,centered_logit_fidelity,random,-0.010913260313773957,4
two_concepts,tiny_gap,random_rank10,7002,prob_error_reduction,random,0.08403141037797468,4
two_concepts,tiny_gap,random_rank10,7003,centered_logit_fidelity,random,0.0004210900516869332,4
two_concepts,tiny_gap,random_rank10,7003,prob_error_reduction,random,0.0688063268098631,4
two_concepts,tiny_gap,random_rank10,7004,centered_logit_fidelity,random,-0.007497070628938708,4
two_concepts,tiny_gap,random_rank10,7004,prob_error_reduction,random,0.03943915566378564,4
two_concepts,tiny_gap,random_rank10,7005,centered_logit_fidelity,random,-0.013916847307684702,4
two_concepts,tiny_gap,random_rank10,7005,prob_error_reduction,random,0.04345880721939466,4
two_concepts,tiny_gap,random_rank10,7006,centered_logit_fidelity,random,-0.008896305809998055,4
two_concepts,tiny_gap,random_rank10,7006,prob_error_reduction,random,0.03972587791758997,4
two_concepts,tiny_gap,random_rank10,7007,centered_logit_fidelity,random,-0.030041233743740743,4
two_concepts,tiny_gap,random_rank10,7007,prob_error_reduction,random,0.04295098707461875,4
two_concepts,tiny_gap,random_rank10,7008,centered_logit_fidelity,random,0.0035105829555512474,4
two_concepts,tiny_gap,random_rank10,7008,prob_error_reduction,random,0.047666453227066086,4
two_concepts,tiny_gap,random_rank10,7009,centered_logit_fidelity,random,-0.04718802564344063,4
two_concepts,tiny_gap,random_rank10,7009,prob_error_reduction,random,0.03522455908387201,4
two_concepts,tiny_gap,random_rank10,7010,centered_logit_fidelity,random,-0.006522749093567126,4
two_concepts,tiny_gap,random_rank10,7010,prob_error_reduction,random,0.05980648113109055,4
two_concepts,tiny_gap,random_rank10,7011,centered_logit_fidelity,random,-0.017016938421999448,4
two_concepts,tiny_gap,random_rank10,7011,prob_error_reduction,random,0.04416479479186819,4
two_concepts,tiny_gap,random_rank10,7012,centered_logit_fidelity,random,-0.037153046996980195,4
two_concepts,tiny_gap,random_rank10,7012,prob_error_reduction,random,0.054876224487998115,4
two_concepts,tiny_gap,random_rank10,7013,centered_logit_fidelity,random,0.029536192885946905,4
two_concepts,tiny_gap,random_rank10,7013,prob_error_reduction,random,0.060289974380793865,4
two_concepts,tiny_gap,random_rank10,7014,centered_logit_fidelity,random,-0.01843454319680542,4
two_concepts,tiny_gap,random_rank10,7014,prob_error_reduction,random,0.04927113222220214,4
two_concepts,tiny_gap,random_rank10,7015,centered_logit_fidelity,random,-0.031446645333413056,4
two_concepts,tiny_gap,random_rank10,7015,prob_error_reduction,random,0.03837805123475846,4
two_concepts,tiny_gap,random_rank10,7016,centered_logit_fidelity,random,-0.007140283881157427,4
two_concepts,tiny_gap,random_rank10,7016,prob_error_reduction,random,0.05494190580884606,4
two_concepts,tiny_gap,random_rank10,7017,centered_logit_fidelity,random,-0.016815830824186064,4
two_concepts,tiny_gap,random_rank10,7017,prob_error_reduction,random,0.043972249506623484,4
two_concepts,tiny_gap,random_rank10,7018,centered_logit_fidelity,random,-0.03899024932502459,4
two_concepts,tiny_gap,random_rank10,7018,prob_error_reduction,random,0.0539933471391123,4
two_concepts,tiny_gap,random_rank10,7019,centered_logit_fidelity,random,0.009059734223853736,4
two_concepts,tiny_gap,random_rank10,7019,prob_error_reduction,random,0.06227454135841981,4
two_concepts,tiny_gap,random_rank10,7020,centered_logit_fidelity,random,-0.016635581610475167,4
two_concepts,tiny_gap,random_rank10,7020,prob_error_reduction,random,0.038884691704879515,4
two_concepts,tiny_gap,random_rank10,7021,centered_logit_fidelity,random,-0.029574619904990395,4
two_concepts,tiny_gap,random_rank10,7021,prob_error_reduction,random,0.06724967196714715,4
two_concepts,tiny_gap,random_rank10,7022,centered_logit_fidelity,random,-0.002261842030671344,4
two_concepts,tiny_gap,random_rank10,7022,prob_error_reduction,random,0.04012740488633426,4
two_concepts,tiny_gap,random_rank10,7023,centered_logit_fidelity,random,-0.017924342251908094,4
two_concepts,tiny_gap,random_rank10,7023,prob_error_reduction,random,0.05671662847271364,4
two_concepts,tiny_gap,random_rank10,7024,centered_logit_fidelity,random,-0.002288633843995788,4
two_concepts,tiny_gap,random_rank10,7024,prob_error_reduction,random,0.036815592136917985,4
two_concepts,tiny_gap,random_rank10,7025,centered_logit_fidelity,random,-0.029423637433701726,4
two_concepts,tiny_gap,random_rank10,7025,prob_error_reduction,random,0.05941359038843075,4
two_concepts,tiny_gap,random_rank10,7026,centered_logit_fidelity,random,-0.011282583989473537,4
two_concepts,tiny_gap,random_rank10,7026,prob_error_reduction,random,0.02490637279515795,4
two_concepts,tiny_gap,random_rank10,7027,centered_logit_fidelity,random,-0.030489354809750027,4
two_concepts,tiny_gap,random_rank10,7027,prob_error_reduction,random,0.0346767428000021,4
two_concepts,tiny_gap,random_rank10,7028,centered_logit_fidelity,random,-0.04123012663685033,4
two_concepts,tiny_gap,random_rank10,7028,prob_error_reduction,random,0.05909923572016851,4
two_concepts,tiny_gap,random_rank10,7029,centered_logit_fidelity,random,-0.014030788403549155,4
two_concepts,tiny_gap,random_rank10,7029,prob_error_reduction,random,0.06144679601493408,4
two_concepts,tiny_gap,random_rank10,7030,centered_logit_fidelity,random,-0.036294425249190285,4
two_concepts,tiny_gap,random_rank10,7030,prob_error_reduction,random,0.0628186275207554,4
two_concepts,tiny_gap,random_rank10,7031,centered_logit_fidelity,random,-0.03461206811314394,4
two_concepts,tiny_gap,random_rank10,7031,prob_error_reduction,random,0.05150597121246392,4
two_concepts,tiny_gap,random_rank10,7032,centered_logit_fidelity,random,0.0011078298473904923,4
two_concepts,tiny_gap,random_rank10,7032,prob_error_reduction,random,0.04642390380104189,4
two_concepts,tiny_gap,random_rank10,7033,centered_logit_fidelity,random,-0.02500623099303577,4
two_concepts,tiny_gap,random_rank10,7033,prob_error_reduction,random,0.04347444639552123,4
two_concepts,tiny_gap,random_rank10,7034,centered_logit_fidelity,random,-0.0011732121253703546,4
two_concepts,tiny_gap,random_rank10,7034,prob_error_reduction,random,0.04212918762186746,4
two_concepts,tiny_gap,random_rank10,7035,centered_logit_fidelity,random,-0.004274246857519315,4
two_concepts,tiny_gap,random_rank10,7035,prob_error_reduction,random,0.057796180957666365,4
two_concepts,tiny_gap,random_rank10,7036,centered_logit_fidelity,random,0.005993185274893748,4
two_concepts,tiny_gap,random_rank10,7036,prob_error_reduction,random,0.04787189010403381,4
two_concepts,tiny_gap,random_rank10,7037,centered_logit_fidelity,random,0.0160121498606881,4
two_concepts,tiny_gap,random_rank10,7037,prob_error_reduction,random,0.06291484271969239,4
two_concepts,tiny_gap,random_rank10,7038,centered_logit_fidelity,random,-0.011867421745198219,4
two_concepts,tiny_gap,random_rank10,7038,prob_error_reduction,random,0.04902883018439752,4
two_concepts,tiny_gap,random_rank10,7039,centered_logit_fidelity,random,-0.043449835288416595,4
two_concepts,tiny_gap,random_rank10,7039,prob_error_reduction,random,0.034797392479958944,4
two_concepts,tiny_gap,random_rank10,7040,centered_logit_fidelity,random,-0.0018471182118165105,4
two_concepts,tiny_gap,random_rank10,7040,prob_error_reduction,random,0.0640316877506848,4
two_concepts,tiny_gap,random_rank10,7041,centered_logit_fidelity,random,-0.011722702023550437,4
two_concepts,tiny_gap,random_rank10,7041,prob_error_reduction,random,0.06527284813819278,4
two_concepts,tiny_gap,random_rank10,7042,centered_logit_fidelity,random,-0.023509933115085598,4
two_concepts,tiny_gap,random_rank10,7042,prob_error_reduction,random,0.0338224847055244,4
two_concepts,tiny_gap,random_rank10,7043,centered_logit_fidelity,random,-0.010188795035751019,4
two_concepts,tiny_gap,random_rank10,7043,prob_error_reduction,random,0.04800046678792569,4
two_concepts,tiny_gap,random_rank10,7044,centered_logit_fidelity,random,0.0065240618312531785,4
two_concepts,tiny_gap,random_rank10,7044,prob_error_reduction,random,0.04135112344147274,4
two_concepts,tiny_gap,random_rank10,7045,centered_logit_fidelity,random,-0.03273710651217608,4
two_concepts,tiny_gap,random_rank10,7045,prob_error_reduction,random,0.055453902277804445,4
two_concepts,tiny_gap,random_rank10,7046,centered_logit_fidelity,random,-0.0025602276466100554,4
two_concepts,tiny_gap,random_rank10,7046,prob_error_reduction,random,0.05770076475528185,4
two_concepts,tiny_gap,random_rank10,7047,centered_logit_fidelity,random,-0.03924008053354551,4
two_concepts,tiny_gap,random_rank10,7047,prob_error_reduction,random,0.05123859899413219,4
two_concepts,tiny_gap,random_rank10,7048,centered_logit_fidelity,random,0.012010346333938222,4
two_concepts,tiny_gap,random_rank10,7048,prob_error_reduction,random,0.04371767439170071,4
two_concepts,tiny_gap,random_rank10,7049,centered_logit_fidelity,random,-0.032987815981271054,4
two_concepts,tiny_gap,random_rank10,7049,prob_error_reduction,random,0.05453847135140677,4
two_concepts,tiny_gap,random_rank10,7050,centered_logit_fidelity,random,-0.011231687630518563,4
two_concepts,tiny_gap,random_rank10,7050,prob_error_reduction,random,0.0549762733571697,4
two_concepts,tiny_gap,random_rank10,7051,centered_logit_fidelity,random,-0.0030087537245087823,4
two_concepts,tiny_gap,random_rank10,7051,prob_error_reduction,random,0.06293714971252484,4
two_concepts,tiny_gap,random_rank10,7052,centered_logit_fidelity,random,-0.007353297149855326,4
two_concepts,tiny_gap,random_rank10,7052,prob_error_reduction,random,0.04110470015257306,4
two_concepts,tiny_gap,random_rank10,7053,centered_logit_fidelity,random,-0.005576569343942362,4
two_concepts,tiny_gap,random_rank10,7053,prob_error_reduction,random,0.025170604784761963,4
two_concepts,tiny_gap,random_rank10,7054,centered_logit_fidelity,random,-0.038851364827123286,4
two_concepts,tiny_gap,random_rank10,7054,prob_error_reduction,random,0.0226987569440098,4
two_concepts,tiny_gap,random_rank10,7055,centered_logit_fidelity,random,-0.023544301976106567,4
two_concepts,tiny_gap,random_rank10,7055,prob_error_reduction,random,0.05348195242459042,4
two_concepts,tiny_gap,random_rank10,7056,centered_logit_fidelity,random,-0.03035349957159182,4
two_concepts,tiny_gap,random_rank10,7056,prob_error_reduction,random,0.06663225416241403,4
two_concepts,tiny_gap,random_rank10,7057,centered_logit_fidelity,random,0.0057007201665292394,4
two_concepts,tiny_gap,random_rank10,7057,prob_error_reduction,random,0.05152733432896639,4
two_concepts,tiny_gap,random_rank10,7058,centered_logit_fidelity,random,-0.024254172640388025,4
two_concepts,tiny_gap,random_rank10,7058,prob_error_reduction,random,0.03571130494310637,4
two_concepts,tiny_gap,random_rank10,7059,centered_logit_fidelity,random,-0.03765449710601413,4
two_concepts,tiny_gap,random_rank10,7059,prob_error_reduction,random,0.038792891033153865,4
two_concepts,tiny_gap,random_rank10,7060,centered_logit_fidelity,random,-0.0006027113042697922,4
two_concepts,tiny_gap,random_rank10,7060,prob_error_reduction,random,0.04746024761880108,4
two_concepts,tiny_gap,random_rank10,7061,centered_logit_fidelity,random,-0.03785496597443273,4
two_concepts,tiny_gap,random_rank10,7061,prob_error_reduction,random,0.03920983110037923,4
two_concepts,tiny_gap,random_rank10,7062,centered_logit_fidelity,random,0.003629281296647026,4
two_concepts,tiny_gap,random_rank10,7062,prob_error_reduction,random,0.04734782289051509,4
two_concepts,tiny_gap,random_rank10,7063,centered_logit_fidelity,random,-0.005288103782109782,4
two_concepts,tiny_gap,random_rank10,7063,prob_error_reduction,random,0.09691642856705585,4
two_concepts,tiny_gap,random_rank10,7064,centered_logit_fidelity,random,-0.002846914117657095,4
two_concepts,tiny_gap,random_rank10,7064,prob_error_reduction,random,0.03207383070548531,4
two_concepts,tiny_gap,random_rank10,7065,centered_logit_fidelity,random,-0.03835153219226324,4
two_concepts,tiny_gap,random_rank10,7065,prob_error_reduction,random,0.04704254832267907,4
two_concepts,tiny_gap,random_rank10,7066,centered_logit_fidelity,random,-0.026440374254441453,4
two_concepts,tiny_gap,random_rank10,7066,prob_error_reduction,random,0.046595430685556494,4
two_concepts,tiny_gap,random_rank10,7067,centered_logit_fidelity,random,-0.012559142566236699,4
two_concepts,tiny_gap,random_rank10,7067,prob_error_reduction,random,0.029976223839184968,4
two_concepts,tiny_gap,random_rank10,7068,centered_logit_fidelity,random,-0.048283344714137755,4
two_concepts,tiny_gap,random_rank10,7068,prob_error_reduction,random,0.05464171412677388,4
two_concepts,tiny_gap,random_rank10,7069,centered_logit_fidelity,random,-0.03542571107505543,4
two_concepts,tiny_gap,random_rank10,7069,prob_error_reduction,random,0.04442238953015476,4
two_concepts,tiny_gap,random_rank10,7070,centered_logit_fidelity,random,-0.027393958864494555,4
two_concepts,tiny_gap,random_rank10,7070,prob_error_reduction,random,0.0487526195411192,4
two_concepts,tiny_gap,random_rank10,7071,centered_logit_fidelity,random,-0.0363042191091663,4
two_concepts,tiny_gap,random_rank10,7071,prob_error_reduction,random,0.04319016636964079,4
two_concepts,tiny_gap,random_rank10,7072,centered_logit_fidelity,random,-0.01659428666276718,4
two_concepts,tiny_gap,random_rank10,7072,prob_error_reduction,random,0.03691666221129708,4
two_concepts,tiny_gap,random_rank10,7073,centered_logit_fidelity,random,-0.03223311227544573,4
two_concepts,tiny_gap,random_rank10,7073,prob_error_reduction,random,0.05034194488689536,4
two_concepts,tiny_gap,random_rank10,7074,centered_logit_fidelity,random,0.0006377906054416509,4
two_concepts,tiny_gap,random_rank10,7074,prob_error_reduction,random,0.03718655738339294,4
two_concepts,tiny_gap,random_rank10,7075,centered_logit_fidelity,random,-0.020465892604703127,4
two_concepts,tiny_gap,random_rank10,7075,prob_error_reduction,random,0.025269348873734998,4
two_concepts,tiny_gap,random_rank10,7076,centered_logit_fidelity,random,-0.016096384780074115,4
two_concepts,tiny_gap,random_rank10,7076,prob_error_reduction,random,0.039312514243647456,4
two_concepts,tiny_gap,random_rank10,7077,centered_logit_fidelity,random,0.02173821530635827,4
two_concepts,tiny_gap,random_rank10,7077,prob_error_reduction,random,0.05833193464695796,4
two_concepts,tiny_gap,random_rank10,7078,centered_logit_fidelity,random,-0.02456126048295877,4
two_concepts,tiny_gap,random_rank10,7078,prob_error_reduction,random,0.03116331941782846,4
two_concepts,tiny_gap,random_rank10,7079,centered_logit_fidelity,random,0.014293644326567136,4
two_concepts,tiny_gap,random_rank10,7079,prob_error_reduction,random,0.043489547686476726,4
two_concepts,tiny_gap,random_rank10,7080,centered_logit_fidelity,random,-0.006517405803312566,4
two_concepts,tiny_gap,random_rank10,7080,prob_error_reduction,random,0.04628620409221185,4
two_concepts,tiny_gap,random_rank10,7081,centered_logit_fidelity,random,0.04781969218951919,4
two_concepts,tiny_gap,random_rank10,7081,prob_error_reduction,random,0.05168455965031171,4
two_concepts,tiny_gap,random_rank10,7082,centered_logit_fidelity,random,-0.027251656825185343,4
two_concepts,tiny_gap,random_rank10,7082,prob_error_reduction,random,0.02672099335177336,4
two_concepts,tiny_gap,random_rank10,7083,centered_logit_fidelity,random,-0.024146447463340485,4
two_concepts,tiny_gap,random_rank10,7083,prob_error_reduction,random,0.06785185162516427,4
two_concepts,tiny_gap,random_rank10,7084,centered_logit_fidelity,random,-0.03227604800544728,4
two_concepts,tiny_gap,random_rank10,7084,prob_error_reduction,random,0.03204995237501862,4
two_concepts,tiny_gap,random_rank10,7085,centered_logit_fidelity,random,-0.05997214060089236,4
two_concepts,tiny_gap,random_rank10,7085,prob_error_reduction,random,0.048285929502526415,4
two_concepts,tiny_gap,random_rank10,7086,centered_logit_fidelity,random,-0.01839027236268945,4
two_concepts,tiny_gap,random_rank10,7086,prob_error_reduction,random,0.056955372329866805,4
two_concepts,tiny_gap,random_rank10,7087,centered_logit_fidelity,random,-0.02711877091206461,4
two_concepts,tiny_gap,random_rank10,7087,prob_error_reduction,random,0.065187924712518,4
two_concepts,tiny_gap,random_rank10,7088,centered_logit_fidelity,random,0.012812757123488613,4
two_concepts,tiny_gap,random_rank10,7088,prob_error_reduction,random,0.06493111323379708,4
two_concepts,tiny_gap,random_rank10,7089,centered_logit_fidelity,random,0.010595966363756076,4
two_concepts,tiny_gap,random_rank10,7089,prob_error_reduction,random,0.05153291386886849,4
two_concepts,tiny_gap,random_rank10,7090,centered_logit_fidelity,random,0.003621105944912854,4
two_concepts,tiny_gap,random_rank10,7090,prob_error_reduction,random,0.05364254982123384,4
two_concepts,tiny_gap,random_rank10,7091,centered_logit_fidelity,random,-0.002251656693899441,4
two_concepts,tiny_gap,random_rank10,7091,prob_error_reduction,random,0.029502077637516777,4
two_concepts,tiny_gap,random_rank10,7092,centered_logit_fidelity,random,-0.0255503761515308,4
two_concepts,tiny_gap,random_rank10,7092,prob_error_reduction,random,0.03677186572076607,4
two_concepts,tiny_gap,random_rank10,7093,centered_logit_fidelity,random,0.0052918426801674395,4
two_concepts,tiny_gap,random_rank10,7093,prob_error_reduction,random,0.02152369091709261,4
two_concepts,tiny_gap,random_rank10,7094,centered_logit_fidelity,random,-0.012719148999360143,4
two_concepts,tiny_gap,random_rank10,7094,prob_error_reduction,random,0.038769946640968556,4
two_concepts,tiny_gap,random_rank10,7095,centered_logit_fidelity,random,-0.04772520616380215,4
two_concepts,tiny_gap,random_rank10,7095,prob_error_reduction,random,0.0395207200654113,4
two_concepts,tiny_gap,random_rank10,7096,centered_logit_fidelity,random,-0.011965195446849692,4
two_concepts,tiny_gap,random_rank10,7096,prob_error_reduction,random,0.046956375659647165,4
two_concepts,tiny_gap,random_rank10,7097,centered_logit_fidelity,random,-0.04539361288217779,4
two_concepts,tiny_gap,random_rank10,7097,prob_error_reduction,random,0.055162085309348186,4
two_concepts,tiny_gap,random_rank10,7098,centered_logit_fidelity,random,-0.04492590643286687,4
two_concepts,tiny_gap,random_rank10,7098,prob_error_reduction,random,0.05173383393776021,4
two_concepts,tiny_gap,random_rank10,7099,centered_logit_fidelity,random,-0.006143024755071861,4
two_concepts,tiny_gap,random_rank10,7099,prob_error_reduction,random,0.03737827401346294,4
two_concepts,tiny_gap,structured_template,7000,centered_logit_fidelity,random,-0.010144059944008577,4
two_concepts,tiny_gap,structured_template,7000,prob_error_reduction,random,0.06811422242935805,4
two_concepts,tiny_gap,structured_template,7001,centered_logit_fidelity,random,-0.007254663768894937,4
two_concepts,tiny_gap,structured_template,7001,prob_error_reduction,random,0.0851983962174927,4
two_concepts,tiny_gap,structured_template,7002,centered_logit_fidelity,random,0.019889437747139124,4
two_concepts,tiny_gap,structured_template,7002,prob_error_reduction,random,0.0803593950904542,4
two_concepts,tiny_gap,structured_template,7003,centered_logit_fidelity,random,-0.004888803496162922,4
two_concepts,tiny_gap,structured_template,7003,prob_error_reduction,random,0.08820200140144152,4
two_concepts,tiny_gap,structured_template,7004,centered_logit_fidelity,random,-0.009954612236298333,4
two_concepts,tiny_gap,structured_template,7004,prob_error_reduction,random,0.06645949084941094,4
two_concepts,tiny_gap,structured_template,7005,centered_logit_fidelity,random,0.0013618153094768406,4
two_concepts,tiny_gap,structured_template,7005,prob_error_reduction,random,0.06252650815440575,4
two_concepts,tiny_gap,structured_template,7006,centered_logit_fidelity,random,-0.004819829412995167,4
two_concepts,tiny_gap,structured_template,7006,prob_error_reduction,random,0.06800102433680877,4
two_concepts,tiny_gap,structured_template,7007,centered_logit_fidelity,random,-0.005808256262178641,4
two_concepts,tiny_gap,structured_template,7007,prob_error_reduction,random,0.0610009329921013,4
two_concepts,tiny_gap,structured_template,7008,centered_logit_fidelity,random,-0.035420018764297866,4
two_concepts,tiny_gap,structured_template,7008,prob_error_reduction,random,0.06855673261725315,4
two_concepts,tiny_gap,structured_template,7009,centered_logit_fidelity,random,-0.017477701863226502,4
two_concepts,tiny_gap,structured_template,7009,prob_error_reduction,random,0.08225224751095084,4
two_concepts,tiny_gap,structured_template,7010,centered_logit_fidelity,random,0.007823558475957388,4
two_concepts,tiny_gap,structured_template,7010,prob_error_reduction,random,0.0848465739400126,4
two_concepts,tiny_gap,structured_template,7011,centered_logit_fidelity,random,-0.012505603930269156,4
two_concepts,tiny_gap,structured_template,7011,prob_error_reduction,random,0.09191809979347454,4
two_concepts,tiny_gap,structured_template,7012,centered_logit_fidelity,random,-0.016436729292070164,4
two_concepts,tiny_gap,structured_template,7012,prob_error_reduction,random,0.08691785319115297,4
two_concepts,tiny_gap,structured_template,7013,centered_logit_fidelity,random,-0.01999289042882115,4
two_concepts,tiny_gap,structured_template,7013,prob_error_reduction,random,0.10475683654840395,4
two_concepts,tiny_gap,structured_template,7014,centered_logit_fidelity,random,0.001357719515531786,4
two_concepts,tiny_gap,structured_template,7014,prob_error_reduction,random,0.08326729247073672,4
two_concepts,tiny_gap,structured_template,7015,centered_logit_fidelity,random,-0.018902512905468773,4
two_concepts,tiny_gap,structured_template,7015,prob_error_reduction,random,0.07565044720286096,4
two_concepts,tiny_gap,structured_template,7016,centered_logit_fidelity,random,-0.011969313835401703,4
two_concepts,tiny_gap,structured_template,7016,prob_error_reduction,random,0.08021256558913592,4
two_concepts,tiny_gap,structured_template,7017,centered_logit_fidelity,random,-0.011688785862560157,4
two_concepts,tiny_gap,structured_template,7017,prob_error_reduction,random,0.07959390774612984,4
two_concepts,tiny_gap,structured_template,7018,centered_logit_fidelity,random,-0.028770982129595855,4
two_concepts,tiny_gap,structured_template,7018,prob_error_reduction,random,0.10689411206840305,4
two_concepts,tiny_gap,structured_template,7019,centered_logit_fidelity,random,-0.004834524293339165,4
two_concepts,tiny_gap,structured_template,7019,prob_error_reduction,random,0.0750775806236561,4
two_concepts,tiny_gap,structured_template,7020,centered_logit_fidelity,random,-0.00044855126034116025,4
two_concepts,tiny_gap,structured_template,7020,prob_error_reduction,random,0.0752699073700569,4
two_concepts,tiny_gap,structured_template,7021,centered_logit_fidelity,random,-0.006879631695437543,4
two_concepts,tiny_gap,structured_template,7021,prob_error_reduction,random,0.06985168654318841,4
two_concepts,tiny_gap,structured_template,7022,centered_logit_fidelity,random,0.005734795993749845,4
two_concepts,tiny_gap,structured_template,7022,prob_error_reduction,random,0.06735070254580933,4
two_concepts,tiny_gap,structured_template,7023,centered_logit_fidelity,random,0.019908961254516085,4
two_concepts,tiny_gap,structured_template,7023,prob_error_reduction,random,0.08215622805710154,4
two_concepts,tiny_gap,structured_template,7024,centered_logit_fidelity,random,-0.0006669112472756263,4
two_concepts,tiny_gap,structured_template,7024,prob_error_reduction,random,0.08618058105639648,4
two_concepts,tiny_gap,structured_template,7025,centered_logit_fidelity,random,-0.0003004656906352779,4
two_concepts,tiny_gap,structured_template,7025,prob_error_reduction,random,0.07439749830518849,4
two_concepts,tiny_gap,structured_template,7026,centered_logit_fidelity,random,0.012535224666137117,4
two_concepts,tiny_gap,structured_template,7026,prob_error_reduction,random,0.07229921750513313,4
two_concepts,tiny_gap,structured_template,7027,centered_logit_fidelity,random,-0.012123973189145161,4
two_concepts,tiny_gap,structured_template,7027,prob_error_reduction,random,0.06632857549993787,4
two_concepts,tiny_gap,structured_template,7028,centered_logit_fidelity,random,-0.01807770486030875,4
two_concepts,tiny_gap,structured_template,7028,prob_error_reduction,random,0.0531919017466862,4
two_concepts,tiny_gap,structured_template,7029,centered_logit_fidelity,random,0.010735080580655315,4
two_concepts,tiny_gap,structured_template,7029,prob_error_reduction,random,0.09993244133875123,4
two_concepts,tiny_gap,structured_template,7030,centered_logit_fidelity,random,-0.019606221787452104,4
two_concepts,tiny_gap,structured_template,7030,prob_error_reduction,random,0.08736429804503132,4
two_concepts,tiny_gap,structured_template,7031,centered_logit_fidelity,random,-0.009693340264006443,4
two_concepts,tiny_gap,structured_template,7031,prob_error_reduction,random,0.0860268595006346,4
two_concepts,tiny_gap,structured_template,7032,centered_logit_fidelity,random,-0.01629169285906494,4
two_concepts,tiny_gap,structured_template,7032,prob_error_reduction,random,0.06410058355504589,4
two_concepts,tiny_gap,structured_template,7033,centered_logit_fidelity,random,-0.010080096749147463,4
two_concepts,tiny_gap,structured_template,7033,prob_error_reduction,random,0.05949610667448724,4
two_concepts,tiny_gap,structured_template,7034,centered_logit_fidelity,random,-0.008503721886484693,4
two_concepts,tiny_gap,structured_template,7034,prob_error_reduction,random,0.06836458139059687,4
two_concepts,tiny_gap,structured_template,7035,centered_logit_fidelity,random,-0.020874325877734523,4
two_concepts,tiny_gap,structured_template,7035,prob_error_reduction,random,0.07582582770282897,4
two_concepts,tiny_gap,structured_template,7036,centered_logit_fidelity,random,0.007533299881298479,4
two_concepts,tiny_gap,structured_template,7036,prob_error_reduction,random,0.07224902784037113,4
two_concepts,tiny_gap,structured_template,7037,centered_logit_fidelity,random,-0.0016992190276043893,4
two_concepts,tiny_gap,structured_template,7037,prob_error_reduction,random,0.07945654671584634,4
two_concepts,tiny_gap,structured_template,7038,centered_logit_fidelity,random,0.0026634377543268,4
two_concepts,tiny_gap,structured_template,7038,prob_error_reduction,random,0.0954967269253757,4
two_concepts,tiny_gap,structured_template,7039,centered_logit_fidelity,random,-0.020671673127088494,4
two_concepts,tiny_gap,structured_template,7039,prob_error_reduction,random,0.048953287667245604,4
two_concepts,tiny_gap,structured_template,7040,centered_logit_fidelity,random,-0.032270972880824235,4
two_concepts,tiny_gap,structured_template,7040,prob_error_reduction,random,0.08065174715738976,4
two_concepts,tiny_gap,structured_template,7041,centered_logit_fidelity,random,-0.011846326182706512,4
two_concepts,tiny_gap,structured_template,7041,prob_error_reduction,random,0.0785138771907441,4
two_concepts,tiny_gap,structured_template,7042,centered_logit_fidelity,random,-0.01722265492063088,4
two_concepts,tiny_gap,structured_template,7042,prob_error_reduction,random,0.058235890754076536,4
two_concepts,tiny_gap,structured_template,7043,centered_logit_fidelity,random,-0.013875664329638679,4
two_concepts,tiny_gap,structured_template,7043,prob_error_reduction,random,0.07053751302191813,4
two_concepts,tiny_gap,structured_template,7044,centered_logit_fidelity,random,0.0067738893593647445,4
two_concepts,tiny_gap,structured_template,7044,prob_error_reduction,random,0.08330199303964037,4
two_concepts,tiny_gap,structured_template,7045,centered_logit_fidelity,random,-0.02997257588306669,4
two_concepts,tiny_gap,structured_template,7045,prob_error_reduction,random,0.05699184766490362,4
two_concepts,tiny_gap,structured_template,7046,centered_logit_fidelity,random,-0.01169226042850158,4
two_concepts,tiny_gap,structured_template,7046,prob_error_reduction,random,0.08951026009344787,4
two_concepts,tiny_gap,structured_template,7047,centered_logit_fidelity,random,0.00016046533426499615,4
two_concepts,tiny_gap,structured_template,7047,prob_error_reduction,random,0.09373768302975805,4
two_concepts,tiny_gap,structured_template,7048,centered_logit_fidelity,random,-0.011296575431662273,4
two_concepts,tiny_gap,structured_template,7048,prob_error_reduction,random,0.07132080603059876,4
two_concepts,tiny_gap,structured_template,7049,centered_logit_fidelity,random,-0.006180319890613883,4
two_concepts,tiny_gap,structured_template,7049,prob_error_reduction,random,0.0741276339945216,4
two_concepts,tiny_gap,structured_template,7050,centered_logit_fidelity,random,-0.01808310342511333,4
two_concepts,tiny_gap,structured_template,7050,prob_error_reduction,random,0.10228636036390526,4
two_concepts,tiny_gap,structured_template,7051,centered_logit_fidelity,random,-0.005801369705888026,4
two_concepts,tiny_gap,structured_template,7051,prob_error_reduction,random,0.07683260732301278,4
two_concepts,tiny_gap,structured_template,7052,centered_logit_fidelity,random,-0.008767305849547139,4
two_concepts,tiny_gap,structured_template,7052,prob_error_reduction,random,0.05800462561001041,4
two_concepts,tiny_gap,structured_template,7053,centered_logit_fidelity,random,-0.012693702880135622,4
two_concepts,tiny_gap,structured_template,7053,prob_error_reduction,random,0.07207976872359723,4
two_concepts,tiny_gap,structured_template,7054,centered_logit_fidelity,random,-0.02434212761806533,4
two_concepts,tiny_gap,structured_template,7054,prob_error_reduction,random,0.056800459276018955,4
two_concepts,tiny_gap,structured_template,7055,centered_logit_fidelity,random,-0.013614201235561446,4
two_concepts,tiny_gap,structured_template,7055,prob_error_reduction,random,0.07776429540354002,4
two_concepts,tiny_gap,structured_template,7056,centered_logit_fidelity,random,-0.001613016258602695,4
two_concepts,tiny_gap,structured_template,7056,prob_error_reduction,random,0.0860619730920007,4
two_concepts,tiny_gap,structured_template,7057,centered_logit_fidelity,random,-0.01224422765974642,4
two_concepts,tiny_gap,structured_template,7057,prob_error_reduction,random,0.06383295156228996,4
two_concepts,tiny_gap,structured_template,7058,centered_logit_fidelity,random,-0.007341337136950404,4
two_concepts,tiny_gap,structured_template,7058,prob_error_reduction,random,0.05637560145351017,4
two_concepts,tiny_gap,structured_template,7059,centered_logit_fidelity,random,-0.01829228739906197,4
two_concepts,tiny_gap,structured_template,7059,prob_error_reduction,random,0.0722096515355588,4
two_concepts,tiny_gap,structured_template,7060,centered_logit_fidelity,random,-0.019013590036813348,4
two_concepts,tiny_gap,structured_template,7060,prob_error_reduction,random,0.0721761297500052,4
two_concepts,tiny_gap,structured_template,7061,centered_logit_fidelity,random,0.013216601763355474,4
two_concepts,tiny_gap,structured_template,7061,prob_error_reduction,random,0.07001208769361256,4
two_concepts,tiny_gap,structured_template,7062,centered_logit_fidelity,random,0.027134918787521015,4
two_concepts,tiny_gap,structured_template,7062,prob_error_reduction,random,0.057591872215198237,4
two_concepts,tiny_gap,structured_template,7063,centered_logit_fidelity,random,-0.0077615006159342005,4
two_concepts,tiny_gap,structured_template,7063,prob_error_reduction,random,0.10499384689137514,4
two_concepts,tiny_gap,structured_template,7064,centered_logit_fidelity,random,0.02560340761450324,4
two_concepts,tiny_gap,structured_template,7064,prob_error_reduction,random,0.0757213066708573,4
two_concepts,tiny_gap,structured_template,7065,centered_logit_fidelity,random,0.0004518142079322947,4
two_concepts,tiny_gap,structured_template,7065,prob_error_reduction,random,0.09544077363352699,4
two_concepts,tiny_gap,structured_template,7066,centered_logit_fidelity,random,-0.029661201896962662,4
two_concepts,tiny_gap,structured_template,7066,prob_error_reduction,random,0.09013866164968931,4
two_concepts,tiny_gap,structured_template,7067,centered_logit_fidelity,random,-0.017708299625173105,4
two_concepts,tiny_gap,structured_template,7067,prob_error_reduction,random,0.06697971668108949,4
two_concepts,tiny_gap,structured_template,7068,centered_logit_fidelity,random,-0.011243706885162656,4
two_concepts,tiny_gap,structured_template,7068,prob_error_reduction,random,0.08002216281056462,4
two_concepts,tiny_gap,structured_template,7069,centered_logit_fidelity,random,-0.012669977654751832,4
two_concepts,tiny_gap,structured_template,7069,prob_error_reduction,random,0.08169094247750763,4
two_concepts,tiny_gap,structured_template,7070,centered_logit_fidelity,random,-0.013527793274754655,4
two_concepts,tiny_gap,structured_template,7070,prob_error_reduction,random,0.06426466581797285,4
two_concepts,tiny_gap,structured_template,7071,centered_logit_fidelity,random,-0.005036233063579466,4
two_concepts,tiny_gap,structured_template,7071,prob_error_reduction,random,0.05923085750146129,4
two_concepts,tiny_gap,structured_template,7072,centered_logit_fidelity,random,-0.016734437240949813,4
two_concepts,tiny_gap,structured_template,7072,prob_error_reduction,random,0.06825464019675564,4
two_concepts,tiny_gap,structured_template,7073,centered_logit_fidelity,random,0.0028025144167948806,4
two_concepts,tiny_gap,structured_template,7073,prob_error_reduction,random,0.07372529042277165,4
two_concepts,tiny_gap,structured_template,7074,centered_logit_fidelity,random,-0.025403139553421848,4
two_concepts,tiny_gap,structured_template,7074,prob_error_reduction,random,0.056163493884014315,4
two_concepts,tiny_gap,structured_template,7075,centered_logit_fidelity,random,-0.006619322662495791,4
two_concepts,tiny_gap,structured_template,7075,prob_error_reduction,random,0.04804945533305727,4
two_concepts,tiny_gap,structured_template,7076,centered_logit_fidelity,random,-0.00285593902968175,4
two_concepts,tiny_gap,structured_template,7076,prob_error_reduction,random,0.0667012681842607,4
two_concepts,tiny_gap,structured_template,7077,centered_logit_fidelity,random,-0.0072400330119333015,4
two_concepts,tiny_gap,structured_template,7077,prob_error_reduction,random,0.07275352062060847,4
two_concepts,tiny_gap,structured_template,7078,centered_logit_fidelity,random,0.0014917636999691331,4
two_concepts,tiny_gap,structured_template,7078,prob_error_reduction,random,0.07197485563119699,4
two_concepts,tiny_gap,structured_template,7079,centered_logit_fidelity,random,-0.008929541863741368,4
two_concepts,tiny_gap,structured_template,7079,prob_error_reduction,random,0.0797653093268309,4
two_concepts,tiny_gap,structured_template,7080,centered_logit_fidelity,random,-0.031067734368477942,4
two_concepts,tiny_gap,structured_template,7080,prob_error_reduction,random,0.06289782987187209,4
two_concepts,tiny_gap,structured_template,7081,centered_logit_fidelity,random,-0.026121290533073854,4
two_concepts,tiny_gap,structured_template,7081,prob_error_reduction,random,0.07587537275503564,4
two_concepts,tiny_gap,structured_template,7082,centered_logit_fidelity,random,-0.004324527923021617,4
two_concepts,tiny_gap,structured_template,7082,prob_error_reduction,random,0.05909633485953236,4
two_concepts,tiny_gap,structured_template,7083,centered_logit_fidelity,random,0.021309183490493513,4
two_concepts,tiny_gap,structured_template,7083,prob_error_reduction,random,0.09060277588832832,4
two_concepts,tiny_gap,structured_template,7084,centered_logit_fidelity,random,-0.017245865330527202,4
two_concepts,tiny_gap,structured_template,7084,prob_error_reduction,random,0.06426182294853788,4
two_concepts,tiny_gap,structured_template,7085,centered_logit_fidelity,random,0.025249093148187293,4
two_concepts,tiny_gap,structured_template,7085,prob_error_reduction,random,0.10169270865753788,4
two_concepts,tiny_gap,structured_template,7086,centered_logit_fidelity,random,-0.007282574542175551,4
two_concepts,tiny_gap,structured_template,7086,prob_error_reduction,random,0.07704679050038976,4
two_concepts,tiny_gap,structured_template,7087,centered_logit_fidelity,random,-0.021749080144902917,4
two_concepts,tiny_gap,structured_template,7087,prob_error_reduction,random,0.09497690654461621,4
two_concepts,tiny_gap,structured_template,7088,centered_logit_fidelity,random,-0.001071639683687316,4
two_concepts,tiny_gap,structured_template,7088,prob_error_reduction,random,0.06240943998545845,4
two_concepts,tiny_gap,structured_template,7089,centered_logit_fidelity,random,-0.0123023404425087,4
two_concepts,tiny_gap,structured_template,7089,prob_error_reduction,random,0.05748034011412528,4
two_concepts,tiny_gap,structured_template,7090,centered_logit_fidelity,random,0.016347790737854553,4
two_concepts,tiny_gap,structured_template,7090,prob_error_reduction,random,0.0997396972579736,4
two_concepts,tiny_gap,structured_template,7091,centered_logit_fidelity,random,0.0026359740293225922,4
two_concepts,tiny_gap,structured_template,7091,prob_error_reduction,random,0.08845149670196406,4
two_concepts,tiny_gap,structured_template,7092,centered_logit_fidelity,random,0.015413729039484781,4
two_concepts,tiny_gap,structured_template,7092,prob_error_reduction,random,0.06407614524687233,4
two_concepts,tiny_gap,structured_template,7093,centered_logit_fidelity,random,-0.01876499424185203,4
two_concepts,tiny_gap,structured_template,7093,prob_error_reduction,random,0.06420371054264251,4
two_concepts,tiny_gap,structured_template,7094,centered_logit_fidelity,random,-8.85337425995808e-05,4
two_concepts,tiny_gap,structured_template,7094,prob_error_reduction,random,0.053989331035154464,4
two_concepts,tiny_gap,structured_template,7095,centered_logit_fidelity,random,-0.024598750929724293,4
two_concepts,tiny_gap,structured_template,7095,prob_error_reduction,random,0.06834605988842668,4
two_concepts,tiny_gap,structured_template,7096,centered_logit_fidelity,random,-0.019555433478277904,4
two_concepts,tiny_gap,structured_template,7096,prob_error_reduction,random,0.07468618735219934,4
two_concepts,tiny_gap,structured_template,7097,centered_logit_fidelity,random,-0.010878551442397534,4
two_concepts,tiny_gap,structured_template,7097,prob_error_reduction,random,0.06817443806085066,4
two_concepts,tiny_gap,structured_template,7098,centered_logit_fidelity,random,-0.022274112400176377,4
two_concepts,tiny_gap,structured_template,7098,prob_error_reduction,random,0.082412689427656,4
two_concepts,tiny_gap,structured_template,7099,centered_logit_fidelity,random,-0.013070324018895586,4
two_concepts,tiny_gap,structured_template,7099,prob_error_reduction,random,0.07245994230288488,4
two_concepts,tiny_gmp,pixel_permuted_template,7000,centered_logit_fidelity,random,0.0061451066140069,4
two_concepts,tiny_gmp,pixel_permuted_template,7000,prob_error_reduction,random,0.3239200774114579,4
two_concepts,tiny_gmp,pixel_permuted_template,7001,centered_logit_fidelity,random,0.00975906048060118,4
two_concepts,tiny_gmp,pixel_permuted_template,7001,prob_error_reduction,random,0.262026050593704,4
two_concepts,tiny_gmp,pixel_permuted_template,7002,centered_logit_fidelity,random,-0.0054146177321564275,4
two_concepts,tiny_gmp,pixel_permuted_template,7002,prob_error_reduction,random,0.2603293430292979,4
two_concepts,tiny_gmp,pixel_permuted_template,7003,centered_logit_fidelity,random,0.022812142927400095,4
two_concepts,tiny_gmp,pixel_permuted_template,7003,prob_error_reduction,random,0.2355656111612916,4
two_concepts,tiny_gmp,pixel_permuted_template,7004,centered_logit_fidelity,random,-0.008837824994481203,4
two_concepts,tiny_gmp,pixel_permuted_template,7004,prob_error_reduction,random,0.24055994191439822,4
two_concepts,tiny_gmp,pixel_permuted_template,7005,centered_logit_fidelity,random,0.011394666379582122,4
two_concepts,tiny_gmp,pixel_permuted_template,7005,prob_error_reduction,random,0.2692742085782811,4
two_concepts,tiny_gmp,pixel_permuted_template,7006,centered_logit_fidelity,random,0.00888375534597505,4
two_concepts,tiny_gmp,pixel_permuted_template,7006,prob_error_reduction,random,0.24265198945067823,4
two_concepts,tiny_gmp,pixel_permuted_template,7007,centered_logit_fidelity,random,0.0018905633917528832,4
two_concepts,tiny_gmp,pixel_permuted_template,7007,prob_error_reduction,random,0.25287937419489026,4
two_concepts,tiny_gmp,pixel_permuted_template,7008,centered_logit_fidelity,random,0.002430966056165655,4
two_concepts,tiny_gmp,pixel_permuted_template,7008,prob_error_reduction,random,0.25978180300444365,4
two_concepts,tiny_gmp,pixel_permuted_template,7009,centered_logit_fidelity,random,0.018024347550674946,4
two_concepts,tiny_gmp,pixel_permuted_template,7009,prob_error_reduction,random,0.3293127017095685,4
two_concepts,tiny_gmp,pixel_permuted_template,7010,centered_logit_fidelity,random,0.007246908631749828,4
two_concepts,tiny_gmp,pixel_permuted_template,7010,prob_error_reduction,random,0.31702347472310066,4
two_concepts,tiny_gmp,pixel_permuted_template,7011,centered_logit_fidelity,random,-0.00967583324654363,4
two_concepts,tiny_gmp,pixel_permuted_template,7011,prob_error_reduction,random,0.18754460918717086,4
two_concepts,tiny_gmp,pixel_permuted_template,7012,centered_logit_fidelity,random,1.980474013420913e-05,4
two_concepts,tiny_gmp,pixel_permuted_template,7012,prob_error_reduction,random,0.20714737381786108,4
two_concepts,tiny_gmp,pixel_permuted_template,7013,centered_logit_fidelity,random,-0.0017124260357904153,4
two_concepts,tiny_gmp,pixel_permuted_template,7013,prob_error_reduction,random,0.17456714354921132,4
two_concepts,tiny_gmp,pixel_permuted_template,7014,centered_logit_fidelity,random,0.003241582610813979,4
two_concepts,tiny_gmp,pixel_permuted_template,7014,prob_error_reduction,random,0.24805980105884373,4
two_concepts,tiny_gmp,pixel_permuted_template,7015,centered_logit_fidelity,random,0.00831466893703639,4
two_concepts,tiny_gmp,pixel_permuted_template,7015,prob_error_reduction,random,0.2766988882794976,4
two_concepts,tiny_gmp,pixel_permuted_template,7016,centered_logit_fidelity,random,0.004577534294627849,4
two_concepts,tiny_gmp,pixel_permuted_template,7016,prob_error_reduction,random,0.19933843857143074,4
two_concepts,tiny_gmp,pixel_permuted_template,7017,centered_logit_fidelity,random,0.0008971676687105131,4
two_concepts,tiny_gmp,pixel_permuted_template,7017,prob_error_reduction,random,0.2860728577361442,4
two_concepts,tiny_gmp,pixel_permuted_template,7018,centered_logit_fidelity,random,0.009092556310382706,4
two_concepts,tiny_gmp,pixel_permuted_template,7018,prob_error_reduction,random,0.18325438082683831,4
two_concepts,tiny_gmp,pixel_permuted_template,7019,centered_logit_fidelity,random,0.0044842359694192285,4
two_concepts,tiny_gmp,pixel_permuted_template,7019,prob_error_reduction,random,0.21860245987772942,4
two_concepts,tiny_gmp,pixel_permuted_template,7020,centered_logit_fidelity,random,0.0029607912631671608,4
two_concepts,tiny_gmp,pixel_permuted_template,7020,prob_error_reduction,random,0.20504508528392762,4
two_concepts,tiny_gmp,pixel_permuted_template,7021,centered_logit_fidelity,random,0.0016010459818993957,4
two_concepts,tiny_gmp,pixel_permuted_template,7021,prob_error_reduction,random,0.23281567636877298,4
two_concepts,tiny_gmp,pixel_permuted_template,7022,centered_logit_fidelity,random,0.0030496384974594507,4
two_concepts,tiny_gmp,pixel_permuted_template,7022,prob_error_reduction,random,0.2885727025568485,4
two_concepts,tiny_gmp,pixel_permuted_template,7023,centered_logit_fidelity,random,0.0010318954340909937,4
two_concepts,tiny_gmp,pixel_permuted_template,7023,prob_error_reduction,random,0.22932413010858,4
two_concepts,tiny_gmp,pixel_permuted_template,7024,centered_logit_fidelity,random,0.007527048423747216,4
two_concepts,tiny_gmp,pixel_permuted_template,7024,prob_error_reduction,random,0.28948562999721617,4
two_concepts,tiny_gmp,pixel_permuted_template,7025,centered_logit_fidelity,random,0.005944822229498679,4
two_concepts,tiny_gmp,pixel_permuted_template,7025,prob_error_reduction,random,0.2638855951372534,4
two_concepts,tiny_gmp,pixel_permuted_template,7026,centered_logit_fidelity,random,-0.004155282568781459,4
two_concepts,tiny_gmp,pixel_permuted_template,7026,prob_error_reduction,random,0.25963987957220525,4
two_concepts,tiny_gmp,pixel_permuted_template,7027,centered_logit_fidelity,random,0.00520399666306736,4
two_concepts,tiny_gmp,pixel_permuted_template,7027,prob_error_reduction,random,0.1845674254000187,4
two_concepts,tiny_gmp,pixel_permuted_template,7028,centered_logit_fidelity,random,0.00582503122838024,4
two_concepts,tiny_gmp,pixel_permuted_template,7028,prob_error_reduction,random,0.19925740524195135,4
two_concepts,tiny_gmp,pixel_permuted_template,7029,centered_logit_fidelity,random,-0.0026120849778209134,4
two_concepts,tiny_gmp,pixel_permuted_template,7029,prob_error_reduction,random,0.20551274251192808,4
two_concepts,tiny_gmp,pixel_permuted_template,7030,centered_logit_fidelity,random,0.0032492952213914166,4
two_concepts,tiny_gmp,pixel_permuted_template,7030,prob_error_reduction,random,0.19764114444842562,4
two_concepts,tiny_gmp,pixel_permuted_template,7031,centered_logit_fidelity,random,0.0013366228483559662,4
two_concepts,tiny_gmp,pixel_permuted_template,7031,prob_error_reduction,random,0.19594832020811737,4
two_concepts,tiny_gmp,pixel_permuted_template,7032,centered_logit_fidelity,random,0.01834567952265505,4
two_concepts,tiny_gmp,pixel_permuted_template,7032,prob_error_reduction,random,0.31357539404416457,4
two_concepts,tiny_gmp,pixel_permuted_template,7033,centered_logit_fidelity,random,0.008977081195131471,4
two_concepts,tiny_gmp,pixel_permuted_template,7033,prob_error_reduction,random,0.22845415701158345,4
two_concepts,tiny_gmp,pixel_permuted_template,7034,centered_logit_fidelity,random,0.003992690755591437,4
two_concepts,tiny_gmp,pixel_permuted_template,7034,prob_error_reduction,random,0.27559957932680845,4
two_concepts,tiny_gmp,pixel_permuted_template,7035,centered_logit_fidelity,random,0.006376406564469845,4
two_concepts,tiny_gmp,pixel_permuted_template,7035,prob_error_reduction,random,0.2302882467629388,4
two_concepts,tiny_gmp,pixel_permuted_template,7036,centered_logit_fidelity,random,-0.003005456634469378,4
two_concepts,tiny_gmp,pixel_permuted_template,7036,prob_error_reduction,random,0.20730666758026928,4
two_concepts,tiny_gmp,pixel_permuted_template,7037,centered_logit_fidelity,random,0.01401054238907567,4
two_concepts,tiny_gmp,pixel_permuted_template,7037,prob_error_reduction,random,0.2418879026081413,4
two_concepts,tiny_gmp,pixel_permuted_template,7038,centered_logit_fidelity,random,0.005823631016740563,4
two_concepts,tiny_gmp,pixel_permuted_template,7038,prob_error_reduction,random,0.22942211432382464,4
two_concepts,tiny_gmp,pixel_permuted_template,7039,centered_logit_fidelity,random,0.009986196625509255,4
two_concepts,tiny_gmp,pixel_permuted_template,7039,prob_error_reduction,random,0.2834626146941446,4
two_concepts,tiny_gmp,pixel_permuted_template,7040,centered_logit_fidelity,random,0.005454460579735311,4
two_concepts,tiny_gmp,pixel_permuted_template,7040,prob_error_reduction,random,0.21995557914488018,4
two_concepts,tiny_gmp,pixel_permuted_template,7041,centered_logit_fidelity,random,0.0011338568769687068,4
two_concepts,tiny_gmp,pixel_permuted_template,7041,prob_error_reduction,random,0.26542134361807257,4
two_concepts,tiny_gmp,pixel_permuted_template,7042,centered_logit_fidelity,random,-0.006701622427323086,4
two_concepts,tiny_gmp,pixel_permuted_template,7042,prob_error_reduction,random,0.2521217131288722,4
two_concepts,tiny_gmp,pixel_permuted_template,7043,centered_logit_fidelity,random,0.003319168407579511,4
two_concepts,tiny_gmp,pixel_permuted_template,7043,prob_error_reduction,random,0.26221777545288205,4
two_concepts,tiny_gmp,pixel_permuted_template,7044,centered_logit_fidelity,random,0.004546296089009548,4
two_concepts,tiny_gmp,pixel_permuted_template,7044,prob_error_reduction,random,0.2966863189358264,4
two_concepts,tiny_gmp,pixel_permuted_template,7045,centered_logit_fidelity,random,-0.002796305142931433,4
two_concepts,tiny_gmp,pixel_permuted_template,7045,prob_error_reduction,random,0.2611256463569589,4
two_concepts,tiny_gmp,pixel_permuted_template,7046,centered_logit_fidelity,random,0.012382686037747193,4
two_concepts,tiny_gmp,pixel_permuted_template,7046,prob_error_reduction,random,0.25922425877070054,4
two_concepts,tiny_gmp,pixel_permuted_template,7047,centered_logit_fidelity,random,-0.0006363113585882672,4
two_concepts,tiny_gmp,pixel_permuted_template,7047,prob_error_reduction,random,0.20699602947570384,4
two_concepts,tiny_gmp,pixel_permuted_template,7048,centered_logit_fidelity,random,0.004760237550753615,4
two_concepts,tiny_gmp,pixel_permuted_template,7048,prob_error_reduction,random,0.2755192473414354,4
two_concepts,tiny_gmp,pixel_permuted_template,7049,centered_logit_fidelity,random,0.006292274055245876,4
two_concepts,tiny_gmp,pixel_permuted_template,7049,prob_error_reduction,random,0.27597361529478803,4
two_concepts,tiny_gmp,pixel_permuted_template,7050,centered_logit_fidelity,random,0.015467488192308686,4
two_concepts,tiny_gmp,pixel_permuted_template,7050,prob_error_reduction,random,0.2397227492183447,4
two_concepts,tiny_gmp,pixel_permuted_template,7051,centered_logit_fidelity,random,0.013225824963051715,4
two_concepts,tiny_gmp,pixel_permuted_template,7051,prob_error_reduction,random,0.23484362626913935,4
two_concepts,tiny_gmp,pixel_permuted_template,7052,centered_logit_fidelity,random,0.0053900980916543745,4
two_concepts,tiny_gmp,pixel_permuted_template,7052,prob_error_reduction,random,0.2653331985929981,4
two_concepts,tiny_gmp,pixel_permuted_template,7053,centered_logit_fidelity,random,0.005591747340233256,4
two_concepts,tiny_gmp,pixel_permuted_template,7053,prob_error_reduction,random,0.27199360163649544,4
two_concepts,tiny_gmp,pixel_permuted_template,7054,centered_logit_fidelity,random,-0.0035668518326578014,4
two_concepts,tiny_gmp,pixel_permuted_template,7054,prob_error_reduction,random,0.24872407410293818,4
two_concepts,tiny_gmp,pixel_permuted_template,7055,centered_logit_fidelity,random,0.009672527713145368,4
two_concepts,tiny_gmp,pixel_permuted_template,7055,prob_error_reduction,random,0.2501640502596274,4
two_concepts,tiny_gmp,pixel_permuted_template,7056,centered_logit_fidelity,random,0.0037604138552097145,4
two_concepts,tiny_gmp,pixel_permuted_template,7056,prob_error_reduction,random,0.21972312242724001,4
two_concepts,tiny_gmp,pixel_permuted_template,7057,centered_logit_fidelity,random,0.023771450601575657,4
two_concepts,tiny_gmp,pixel_permuted_template,7057,prob_error_reduction,random,0.28264480421785265,4
two_concepts,tiny_gmp,pixel_permuted_template,7058,centered_logit_fidelity,random,0.006107430936255253,4
two_concepts,tiny_gmp,pixel_permuted_template,7058,prob_error_reduction,random,0.22008957422804087,4
two_concepts,tiny_gmp,pixel_permuted_template,7059,centered_logit_fidelity,random,0.006309149167470695,4
two_concepts,tiny_gmp,pixel_permuted_template,7059,prob_error_reduction,random,0.22616284957621247,4
two_concepts,tiny_gmp,pixel_permuted_template,7060,centered_logit_fidelity,random,0.00044094211305261907,4
two_concepts,tiny_gmp,pixel_permuted_template,7060,prob_error_reduction,random,0.23914770502597094,4
two_concepts,tiny_gmp,pixel_permuted_template,7061,centered_logit_fidelity,random,0.006339029487304684,4
two_concepts,tiny_gmp,pixel_permuted_template,7061,prob_error_reduction,random,0.20816173101775348,4
two_concepts,tiny_gmp,pixel_permuted_template,7062,centered_logit_fidelity,random,0.0027598585688907024,4
two_concepts,tiny_gmp,pixel_permuted_template,7062,prob_error_reduction,random,0.2343759493669495,4
two_concepts,tiny_gmp,pixel_permuted_template,7063,centered_logit_fidelity,random,0.0054473784778578845,4
two_concepts,tiny_gmp,pixel_permuted_template,7063,prob_error_reduction,random,0.23543278872966766,4
two_concepts,tiny_gmp,pixel_permuted_template,7064,centered_logit_fidelity,random,0.00477341283561087,4
two_concepts,tiny_gmp,pixel_permuted_template,7064,prob_error_reduction,random,0.2567031413782388,4
two_concepts,tiny_gmp,pixel_permuted_template,7065,centered_logit_fidelity,random,0.004880522205540824,4
two_concepts,tiny_gmp,pixel_permuted_template,7065,prob_error_reduction,random,0.28043151507154107,4
two_concepts,tiny_gmp,pixel_permuted_template,7066,centered_logit_fidelity,random,0.007087954875154026,4
two_concepts,tiny_gmp,pixel_permuted_template,7066,prob_error_reduction,random,0.2692166608758271,4
two_concepts,tiny_gmp,pixel_permuted_template,7067,centered_logit_fidelity,random,-0.005158074574756101,4
two_concepts,tiny_gmp,pixel_permuted_template,7067,prob_error_reduction,random,0.18795915716327727,4
two_concepts,tiny_gmp,pixel_permuted_template,7068,centered_logit_fidelity,random,0.004843398467633516,4
two_concepts,tiny_gmp,pixel_permuted_template,7068,prob_error_reduction,random,0.2209697983926162,4
two_concepts,tiny_gmp,pixel_permuted_template,7069,centered_logit_fidelity,random,0.011173126483500226,4
two_concepts,tiny_gmp,pixel_permuted_template,7069,prob_error_reduction,random,0.24915320158470422,4
two_concepts,tiny_gmp,pixel_permuted_template,7070,centered_logit_fidelity,random,0.0015243497096330307,4
two_concepts,tiny_gmp,pixel_permuted_template,7070,prob_error_reduction,random,0.22543608769774437,4
two_concepts,tiny_gmp,pixel_permuted_template,7071,centered_logit_fidelity,random,0.0033642871492378604,4
two_concepts,tiny_gmp,pixel_permuted_template,7071,prob_error_reduction,random,0.2138252455042675,4
two_concepts,tiny_gmp,pixel_permuted_template,7072,centered_logit_fidelity,random,0.006015087557840542,4
two_concepts,tiny_gmp,pixel_permuted_template,7072,prob_error_reduction,random,0.29774656635709107,4
two_concepts,tiny_gmp,pixel_permuted_template,7073,centered_logit_fidelity,random,0.0050192938256506305,4
two_concepts,tiny_gmp,pixel_permuted_template,7073,prob_error_reduction,random,0.25949058472178876,4
two_concepts,tiny_gmp,pixel_permuted_template,7074,centered_logit_fidelity,random,0.007407155178367576,4
two_concepts,tiny_gmp,pixel_permuted_template,7074,prob_error_reduction,random,0.23088776104850695,4
two_concepts,tiny_gmp,pixel_permuted_template,7075,centered_logit_fidelity,random,0.006194745578222931,4
two_concepts,tiny_gmp,pixel_permuted_template,7075,prob_error_reduction,random,0.27473974926397204,4
two_concepts,tiny_gmp,pixel_permuted_template,7076,centered_logit_fidelity,random,-0.004134325484361472,4
two_concepts,tiny_gmp,pixel_permuted_template,7076,prob_error_reduction,random,0.2309811266604811,4
two_concepts,tiny_gmp,pixel_permuted_template,7077,centered_logit_fidelity,random,0.007165568424619845,4
two_concepts,tiny_gmp,pixel_permuted_template,7077,prob_error_reduction,random,0.260550525970757,4
two_concepts,tiny_gmp,pixel_permuted_template,7078,centered_logit_fidelity,random,8.395475787520076e-05,4
two_concepts,tiny_gmp,pixel_permuted_template,7078,prob_error_reduction,random,0.2152478729840368,4
two_concepts,tiny_gmp,pixel_permuted_template,7079,centered_logit_fidelity,random,0.009184068886122635,4
two_concepts,tiny_gmp,pixel_permuted_template,7079,prob_error_reduction,random,0.2872176367091015,4
two_concepts,tiny_gmp,pixel_permuted_template,7080,centered_logit_fidelity,random,0.0005315659853455824,4
two_concepts,tiny_gmp,pixel_permuted_template,7080,prob_error_reduction,random,0.23264579265378416,4
two_concepts,tiny_gmp,pixel_permuted_template,7081,centered_logit_fidelity,random,0.026121746175692732,4
two_concepts,tiny_gmp,pixel_permuted_template,7081,prob_error_reduction,random,0.3022004443919286,4
two_concepts,tiny_gmp,pixel_permuted_template,7082,centered_logit_fidelity,random,0.004818304217457818,4
two_concepts,tiny_gmp,pixel_permuted_template,7082,prob_error_reduction,random,0.26641295722220093,4
two_concepts,tiny_gmp,pixel_permuted_template,7083,centered_logit_fidelity,random,0.003944448633058364,4
two_concepts,tiny_gmp,pixel_permuted_template,7083,prob_error_reduction,random,0.2520449795993045,4
two_concepts,tiny_gmp,pixel_permuted_template,7084,centered_logit_fidelity,random,0.001799752533381405,4
two_concepts,tiny_gmp,pixel_permuted_template,7084,prob_error_reduction,random,0.25385600118897855,4
two_concepts,tiny_gmp,pixel_permuted_template,7085,centered_logit_fidelity,random,-0.006765127300269203,4
two_concepts,tiny_gmp,pixel_permuted_template,7085,prob_error_reduction,random,0.2329973040614277,4
two_concepts,tiny_gmp,pixel_permuted_template,7086,centered_logit_fidelity,random,-0.0021922138287915616,4
two_concepts,tiny_gmp,pixel_permuted_template,7086,prob_error_reduction,random,0.2764912697020918,4
two_concepts,tiny_gmp,pixel_permuted_template,7087,centered_logit_fidelity,random,-0.001659454710891092,4
two_concepts,tiny_gmp,pixel_permuted_template,7087,prob_error_reduction,random,0.25017355696763843,4
two_concepts,tiny_gmp,pixel_permuted_template,7088,centered_logit_fidelity,random,-0.011121865762816574,4
two_concepts,tiny_gmp,pixel_permuted_template,7088,prob_error_reduction,random,0.24918256263481453,4
two_concepts,tiny_gmp,pixel_permuted_template,7089,centered_logit_fidelity,random,0.01435174168974722,4
two_concepts,tiny_gmp,pixel_permuted_template,7089,prob_error_reduction,random,0.2496075873496011,4
two_concepts,tiny_gmp,pixel_permuted_template,7090,centered_logit_fidelity,random,0.008729005784569057,4
two_concepts,tiny_gmp,pixel_permuted_template,7090,prob_error_reduction,random,0.22971885278820992,4
two_concepts,tiny_gmp,pixel_permuted_template,7091,centered_logit_fidelity,random,0.0030834060400748136,4
two_concepts,tiny_gmp,pixel_permuted_template,7091,prob_error_reduction,random,0.36550521849130746,4
two_concepts,tiny_gmp,pixel_permuted_template,7092,centered_logit_fidelity,random,-0.00011314125347744973,4
two_concepts,tiny_gmp,pixel_permuted_template,7092,prob_error_reduction,random,0.24487266794312745,4
two_concepts,tiny_gmp,pixel_permuted_template,7093,centered_logit_fidelity,random,0.00931914469198259,4
two_concepts,tiny_gmp,pixel_permuted_template,7093,prob_error_reduction,random,0.24749391194200143,4
two_concepts,tiny_gmp,pixel_permuted_template,7094,centered_logit_fidelity,random,0.0008006105793025402,4
two_concepts,tiny_gmp,pixel_permuted_template,7094,prob_error_reduction,random,0.21402506972663105,4
two_concepts,tiny_gmp,pixel_permuted_template,7095,centered_logit_fidelity,random,0.010771325357432275,4
two_concepts,tiny_gmp,pixel_permuted_template,7095,prob_error_reduction,random,0.3056603168370202,4
two_concepts,tiny_gmp,pixel_permuted_template,7096,centered_logit_fidelity,random,0.004031416743636844,4
two_concepts,tiny_gmp,pixel_permuted_template,7096,prob_error_reduction,random,0.2167260490823537,4
two_concepts,tiny_gmp,pixel_permuted_template,7097,centered_logit_fidelity,random,0.0024323963847632853,4
two_concepts,tiny_gmp,pixel_permuted_template,7097,prob_error_reduction,random,0.2860963241837453,4
two_concepts,tiny_gmp,pixel_permuted_template,7098,centered_logit_fidelity,random,0.005386743507601946,4
two_concepts,tiny_gmp,pixel_permuted_template,7098,prob_error_reduction,random,0.27526773599674925,4
two_concepts,tiny_gmp,pixel_permuted_template,7099,centered_logit_fidelity,random,0.0072619817041683805,4
two_concepts,tiny_gmp,pixel_permuted_template,7099,prob_error_reduction,random,0.2656734311603941,4
two_concepts,tiny_gmp,random_fullrank,7000,centered_logit_fidelity,random,0.008995939128434192,4
two_concepts,tiny_gmp,random_fullrank,7000,prob_error_reduction,random,0.281010638049338,4
two_concepts,tiny_gmp,random_fullrank,7001,centered_logit_fidelity,random,0.009025164866199805,4
two_concepts,tiny_gmp,random_fullrank,7001,prob_error_reduction,random,0.29583348793676123,4
two_concepts,tiny_gmp,random_fullrank,7002,centered_logit_fidelity,random,0.00722874139716153,4
two_concepts,tiny_gmp,random_fullrank,7002,prob_error_reduction,random,0.2648182730190456,4
two_concepts,tiny_gmp,random_fullrank,7003,centered_logit_fidelity,random,-0.0041642433630214686,4
two_concepts,tiny_gmp,random_fullrank,7003,prob_error_reduction,random,0.19909453915897757,4
two_concepts,tiny_gmp,random_fullrank,7004,centered_logit_fidelity,random,5.798438771883671e-05,4
two_concepts,tiny_gmp,random_fullrank,7004,prob_error_reduction,random,0.25073414121288806,4
two_concepts,tiny_gmp,random_fullrank,7005,centered_logit_fidelity,random,0.007757267876431148,4
two_concepts,tiny_gmp,random_fullrank,7005,prob_error_reduction,random,0.2612696616561152,4
two_concepts,tiny_gmp,random_fullrank,7006,centered_logit_fidelity,random,0.007442457376462324,4
two_concepts,tiny_gmp,random_fullrank,7006,prob_error_reduction,random,0.2139132155571133,4
two_concepts,tiny_gmp,random_fullrank,7007,centered_logit_fidelity,random,0.0015521811606609773,4
two_concepts,tiny_gmp,random_fullrank,7007,prob_error_reduction,random,0.2598226683912799,4
two_concepts,tiny_gmp,random_fullrank,7008,centered_logit_fidelity,random,0.007519104879664222,4
two_concepts,tiny_gmp,random_fullrank,7008,prob_error_reduction,random,0.25701801129616797,4
two_concepts,tiny_gmp,random_fullrank,7009,centered_logit_fidelity,random,0.005299428063686808,4
two_concepts,tiny_gmp,random_fullrank,7009,prob_error_reduction,random,0.222426250227727,4
two_concepts,tiny_gmp,random_fullrank,7010,centered_logit_fidelity,random,-0.0003259632813976416,4
two_concepts,tiny_gmp,random_fullrank,7010,prob_error_reduction,random,0.28206689038779587,4
two_concepts,tiny_gmp,random_fullrank,7011,centered_logit_fidelity,random,-0.007013217680883997,4
two_concepts,tiny_gmp,random_fullrank,7011,prob_error_reduction,random,0.22540809237398207,4
two_concepts,tiny_gmp,random_fullrank,7012,centered_logit_fidelity,random,0.008067690535863611,4
two_concepts,tiny_gmp,random_fullrank,7012,prob_error_reduction,random,0.3008282236987725,4
two_concepts,tiny_gmp,random_fullrank,7013,centered_logit_fidelity,random,-0.005293392259377069,4
two_concepts,tiny_gmp,random_fullrank,7013,prob_error_reduction,random,0.18452247511595488,4
two_concepts,tiny_gmp,random_fullrank,7014,centered_logit_fidelity,random,0.006747073606719457,4
two_concepts,tiny_gmp,random_fullrank,7014,prob_error_reduction,random,0.24396669981069863,4
two_concepts,tiny_gmp,random_fullrank,7015,centered_logit_fidelity,random,0.010333023909826204,4
two_concepts,tiny_gmp,random_fullrank,7015,prob_error_reduction,random,0.2703832412371412,4
two_concepts,tiny_gmp,random_fullrank,7016,centered_logit_fidelity,random,0.0003611408989634777,4
two_concepts,tiny_gmp,random_fullrank,7016,prob_error_reduction,random,0.1873177079251036,4
two_concepts,tiny_gmp,random_fullrank,7017,centered_logit_fidelity,random,0.008727696338835803,4
two_concepts,tiny_gmp,random_fullrank,7017,prob_error_reduction,random,0.24967049551196396,4
two_concepts,tiny_gmp,random_fullrank,7018,centered_logit_fidelity,random,0.001431647387213861,4
two_concepts,tiny_gmp,random_fullrank,7018,prob_error_reduction,random,0.18078643130138516,4
two_concepts,tiny_gmp,random_fullrank,7019,centered_logit_fidelity,random,-0.01167691809803751,4
two_concepts,tiny_gmp,random_fullrank,7019,prob_error_reduction,random,0.19420404452830553,4
two_concepts,tiny_gmp,random_fullrank,7020,centered_logit_fidelity,random,-0.006396613168210457,4
two_concepts,tiny_gmp,random_fullrank,7020,prob_error_reduction,random,0.20725633471738547,4
two_concepts,tiny_gmp,random_fullrank,7021,centered_logit_fidelity,random,-0.0019377157368245749,4
two_concepts,tiny_gmp,random_fullrank,7021,prob_error_reduction,random,0.1889537147944793,4
two_concepts,tiny_gmp,random_fullrank,7022,centered_logit_fidelity,random,0.011641294592799762,4
two_concepts,tiny_gmp,random_fullrank,7022,prob_error_reduction,random,0.2549134891596623,4
two_concepts,tiny_gmp,random_fullrank,7023,centered_logit_fidelity,random,0.003561560951060177,4
two_concepts,tiny_gmp,random_fullrank,7023,prob_error_reduction,random,0.2554969342891127,4
two_concepts,tiny_gmp,random_fullrank,7024,centered_logit_fidelity,random,0.005093592213473708,4
two_concepts,tiny_gmp,random_fullrank,7024,prob_error_reduction,random,0.29112090345006436,4
two_concepts,tiny_gmp,random_fullrank,7025,centered_logit_fidelity,random,0.008194399254148811,4
two_concepts,tiny_gmp,random_fullrank,7025,prob_error_reduction,random,0.24708078033290803,4
two_concepts,tiny_gmp,random_fullrank,7026,centered_logit_fidelity,random,-0.0014584801024959716,4
two_concepts,tiny_gmp,random_fullrank,7026,prob_error_reduction,random,0.25757537223398685,4
two_concepts,tiny_gmp,random_fullrank,7027,centered_logit_fidelity,random,-0.0010707137392841973,4
two_concepts,tiny_gmp,random_fullrank,7027,prob_error_reduction,random,0.1908112686360255,4
two_concepts,tiny_gmp,random_fullrank,7028,centered_logit_fidelity,random,-0.004686402686745663,4
two_concepts,tiny_gmp,random_fullrank,7028,prob_error_reduction,random,0.19590439170133322,4
two_concepts,tiny_gmp,random_fullrank,7029,centered_logit_fidelity,random,-0.005570532708367387,4
two_concepts,tiny_gmp,random_fullrank,7029,prob_error_reduction,random,0.20042078336700797,4
two_concepts,tiny_gmp,random_fullrank,7030,centered_logit_fidelity,random,-0.0017562870260076566,4
two_concepts,tiny_gmp,random_fullrank,7030,prob_error_reduction,random,0.20529499906115234,4
two_concepts,tiny_gmp,random_fullrank,7031,centered_logit_fidelity,random,0.015380754456690139,4
two_concepts,tiny_gmp,random_fullrank,7031,prob_error_reduction,random,0.22922020370606333,4
two_concepts,tiny_gmp,random_fullrank,7032,centered_logit_fidelity,random,0.003508244243726026,4
two_concepts,tiny_gmp,random_fullrank,7032,prob_error_reduction,random,0.2730865845223889,4
two_concepts,tiny_gmp,random_fullrank,7033,centered_logit_fidelity,random,0.00037220643808508896,4
two_concepts,tiny_gmp,random_fullrank,7033,prob_error_reduction,random,0.2238393569132313,4
two_concepts,tiny_gmp,random_fullrank,7034,centered_logit_fidelity,random,0.012079208647967476,4
two_concepts,tiny_gmp,random_fullrank,7034,prob_error_reduction,random,0.24478627275675535,4
two_concepts,tiny_gmp,random_fullrank,7035,centered_logit_fidelity,random,-0.0014312116079458048,4
two_concepts,tiny_gmp,random_fullrank,7035,prob_error_reduction,random,0.18095738743431866,4
two_concepts,tiny_gmp,random_fullrank,7036,centered_logit_fidelity,random,0.009603865674954368,4
two_concepts,tiny_gmp,random_fullrank,7036,prob_error_reduction,random,0.2071864305762574,4
two_concepts,tiny_gmp,random_fullrank,7037,centered_logit_fidelity,random,0.004342612785059458,4
two_concepts,tiny_gmp,random_fullrank,7037,prob_error_reduction,random,0.2347250052553136,4
two_concepts,tiny_gmp,random_fullrank,7038,centered_logit_fidelity,random,-0.0004439885485273045,4
two_concepts,tiny_gmp,random_fullrank,7038,prob_error_reduction,random,0.18703120481222868,4
two_concepts,tiny_gmp,random_fullrank,7039,centered_logit_fidelity,random,0.015682445397981973,4
two_concepts,tiny_gmp,random_fullrank,7039,prob_error_reduction,random,0.2530725600081496,4
two_concepts,tiny_gmp,random_fullrank,7040,centered_logit_fidelity,random,0.004189892121595217,4
two_concepts,tiny_gmp,random_fullrank,7040,prob_error_reduction,random,0.2195216838736087,4
two_concepts,tiny_gmp,random_fullrank,7041,centered_logit_fidelity,random,0.003304111146957403,4
two_concepts,tiny_gmp,random_fullrank,7041,prob_error_reduction,random,0.25327449408359826,4
two_concepts,tiny_gmp,random_fullrank,7042,centered_logit_fidelity,random,0.003971746118403421,4
two_concepts,tiny_gmp,random_fullrank,7042,prob_error_reduction,random,0.30844148388132453,4
two_concepts,tiny_gmp,random_fullrank,7043,centered_logit_fidelity,random,0.005415203616747322,4
two_concepts,tiny_gmp,random_fullrank,7043,prob_error_reduction,random,0.23043016204610467,4
two_concepts,tiny_gmp,random_fullrank,7044,centered_logit_fidelity,random,-0.00019301883229049487,4
two_concepts,tiny_gmp,random_fullrank,7044,prob_error_reduction,random,0.26913682266604155,4
two_concepts,tiny_gmp,random_fullrank,7045,centered_logit_fidelity,random,-0.009616349858334754,4
two_concepts,tiny_gmp,random_fullrank,7045,prob_error_reduction,random,0.2290740070748143,4
two_concepts,tiny_gmp,random_fullrank,7046,centered_logit_fidelity,random,0.004805471474076218,4
two_concepts,tiny_gmp,random_fullrank,7046,prob_error_reduction,random,0.2867436687229201,4
two_concepts,tiny_gmp,random_fullrank,7047,centered_logit_fidelity,random,0.024794876718561846,4
two_concepts,tiny_gmp,random_fullrank,7047,prob_error_reduction,random,0.2620534620946273,4
two_concepts,tiny_gmp,random_fullrank,7048,centered_logit_fidelity,random,0.00814479262999294,4
two_concepts,tiny_gmp,random_fullrank,7048,prob_error_reduction,random,0.2694520177319646,4
two_concepts,tiny_gmp,random_fullrank,7049,centered_logit_fidelity,random,0.01174073985047617,4
two_concepts,tiny_gmp,random_fullrank,7049,prob_error_reduction,random,0.26793127274140716,4
two_concepts,tiny_gmp,random_fullrank,7050,centered_logit_fidelity,random,0.007986799112789506,4
two_concepts,tiny_gmp,random_fullrank,7050,prob_error_reduction,random,0.23470360052306205,4
two_concepts,tiny_gmp,random_fullrank,7051,centered_logit_fidelity,random,0.004617054525550208,4
two_concepts,tiny_gmp,random_fullrank,7051,prob_error_reduction,random,0.20509556808974594,4
two_concepts,tiny_gmp,random_fullrank,7052,centered_logit_fidelity,random,0.014962018685102364,4
two_concepts,tiny_gmp,random_fullrank,7052,prob_error_reduction,random,0.2629545434610918,4
two_concepts,tiny_gmp,random_fullrank,7053,centered_logit_fidelity,random,-0.0036977419617777903,4
two_concepts,tiny_gmp,random_fullrank,7053,prob_error_reduction,random,0.22055885894224048,4
two_concepts,tiny_gmp,random_fullrank,7054,centered_logit_fidelity,random,0.003779934525812708,4
two_concepts,tiny_gmp,random_fullrank,7054,prob_error_reduction,random,0.2511884278501384,4
two_concepts,tiny_gmp,random_fullrank,7055,centered_logit_fidelity,random,0.0009462419684330252,4
two_concepts,tiny_gmp,random_fullrank,7055,prob_error_reduction,random,0.23823743412503973,4
two_concepts,tiny_gmp,random_fullrank,7056,centered_logit_fidelity,random,0.0007103992970807459,4
two_concepts,tiny_gmp,random_fullrank,7056,prob_error_reduction,random,0.2727266402216628,4
two_concepts,tiny_gmp,random_fullrank,7057,centered_logit_fidelity,random,0.00543280594693275,4
two_concepts,tiny_gmp,random_fullrank,7057,prob_error_reduction,random,0.23636374034686014,4
two_concepts,tiny_gmp,random_fullrank,7058,centered_logit_fidelity,random,-0.004474751736436645,4
two_concepts,tiny_gmp,random_fullrank,7058,prob_error_reduction,random,0.23152176826260984,4
two_concepts,tiny_gmp,random_fullrank,7059,centered_logit_fidelity,random,0.00512513772459967,4
two_concepts,tiny_gmp,random_fullrank,7059,prob_error_reduction,random,0.2501811294350773,4
two_concepts,tiny_gmp,random_fullrank,7060,centered_logit_fidelity,random,0.0031924953491014804,4
two_concepts,tiny_gmp,random_fullrank,7060,prob_error_reduction,random,0.24090466811321676,4
two_concepts,tiny_gmp,random_fullrank,7061,centered_logit_fidelity,random,-0.0010829895440734212,4
two_concepts,tiny_gmp,random_fullrank,7061,prob_error_reduction,random,0.24254075600765646,4
two_concepts,tiny_gmp,random_fullrank,7062,centered_logit_fidelity,random,-0.0018078911809701927,4
two_concepts,tiny_gmp,random_fullrank,7062,prob_error_reduction,random,0.257532003801316,4
two_concepts,tiny_gmp,random_fullrank,7063,centered_logit_fidelity,random,0.004526800988533421,4
two_concepts,tiny_gmp,random_fullrank,7063,prob_error_reduction,random,0.26010424841661006,4
two_concepts,tiny_gmp,random_fullrank,7064,centered_logit_fidelity,random,0.006562633091240645,4
two_concepts,tiny_gmp,random_fullrank,7064,prob_error_reduction,random,0.2592909791856073,4
two_concepts,tiny_gmp,random_fullrank,7065,centered_logit_fidelity,random,-0.0003530268233101607,4
two_concepts,tiny_gmp,random_fullrank,7065,prob_error_reduction,random,0.25518148264382035,4
two_concepts,tiny_gmp,random_fullrank,7066,centered_logit_fidelity,random,0.0029900416191084144,4
two_concepts,tiny_gmp,random_fullrank,7066,prob_error_reduction,random,0.25463237217627466,4
two_concepts,tiny_gmp,random_fullrank,7067,centered_logit_fidelity,random,0.01092921303897649,4
two_concepts,tiny_gmp,random_fullrank,7067,prob_error_reduction,random,0.20617495337501168,4
two_concepts,tiny_gmp,random_fullrank,7068,centered_logit_fidelity,random,-0.0008894550603467753,4
two_concepts,tiny_gmp,random_fullrank,7068,prob_error_reduction,random,0.22860912838950753,4
two_concepts,tiny_gmp,random_fullrank,7069,centered_logit_fidelity,random,0.009454025264578085,4
two_concepts,tiny_gmp,random_fullrank,7069,prob_error_reduction,random,0.25545396946836263,4
two_concepts,tiny_gmp,random_fullrank,7070,centered_logit_fidelity,random,0.0006863925446019287,4
two_concepts,tiny_gmp,random_fullrank,7070,prob_error_reduction,random,0.19767914357362315,4
two_concepts,tiny_gmp,random_fullrank,7071,centered_logit_fidelity,random,0.010737160270330656,4
two_concepts,tiny_gmp,random_fullrank,7071,prob_error_reduction,random,0.2302463708911091,4
two_concepts,tiny_gmp,random_fullrank,7072,centered_logit_fidelity,random,0.010634001501854494,4
two_concepts,tiny_gmp,random_fullrank,7072,prob_error_reduction,random,0.27748342941049486,4
two_concepts,tiny_gmp,random_fullrank,7073,centered_logit_fidelity,random,-0.0020587995166996415,4
two_concepts,tiny_gmp,random_fullrank,7073,prob_error_reduction,random,0.21066264272667468,4
two_concepts,tiny_gmp,random_fullrank,7074,centered_logit_fidelity,random,0.010123093591814193,4
two_concepts,tiny_gmp,random_fullrank,7074,prob_error_reduction,random,0.24180362827610224,4
two_concepts,tiny_gmp,random_fullrank,7075,centered_logit_fidelity,random,0.010747254385863237,4
two_concepts,tiny_gmp,random_fullrank,7075,prob_error_reduction,random,0.300952888908796,4
two_concepts,tiny_gmp,random_fullrank,7076,centered_logit_fidelity,random,0.004650380368362907,4
two_concepts,tiny_gmp,random_fullrank,7076,prob_error_reduction,random,0.2126427214825526,4
two_concepts,tiny_gmp,random_fullrank,7077,centered_logit_fidelity,random,-0.001781201690707366,4
two_concepts,tiny_gmp,random_fullrank,7077,prob_error_reduction,random,0.23683719590189867,4
two_concepts,tiny_gmp,random_fullrank,7078,centered_logit_fidelity,random,0.014375905543723725,4
two_concepts,tiny_gmp,random_fullrank,7078,prob_error_reduction,random,0.21428578137420118,4
two_concepts,tiny_gmp,random_fullrank,7079,centered_logit_fidelity,random,0.001874729309626946,4
two_concepts,tiny_gmp,random_fullrank,7079,prob_error_reduction,random,0.2726114266552031,4
two_concepts,tiny_gmp,random_fullrank,7080,centered_logit_fidelity,random,0.00028366033714829694,4
two_concepts,tiny_gmp,random_fullrank,7080,prob_error_reduction,random,0.27340884238947183,4
two_concepts,tiny_gmp,random_fullrank,7081,centered_logit_fidelity,random,0.008908494700503504,4
two_concepts,tiny_gmp,random_fullrank,7081,prob_error_reduction,random,0.2576542841270566,4
two_concepts,tiny_gmp,random_fullrank,7082,centered_logit_fidelity,random,0.0012229536265648978,4
two_concepts,tiny_gmp,random_fullrank,7082,prob_error_reduction,random,0.19617833639495075,4
two_concepts,tiny_gmp,random_fullrank,7083,centered_logit_fidelity,random,0.015524544542014813,4
two_concepts,tiny_gmp,random_fullrank,7083,prob_error_reduction,random,0.24255067185731605,4
two_concepts,tiny_gmp,random_fullrank,7084,centered_logit_fidelity,random,0.0007976203143796323,4
two_concepts,tiny_gmp,random_fullrank,7084,prob_error_reduction,random,0.27974582312162966,4
two_concepts,tiny_gmp,random_fullrank,7085,centered_logit_fidelity,random,0.013038497168988588,4
two_concepts,tiny_gmp,random_fullrank,7085,prob_error_reduction,random,0.17640959261916578,4
two_concepts,tiny_gmp,random_fullrank,7086,centered_logit_fidelity,random,-0.000782379200288643,4
two_concepts,tiny_gmp,random_fullrank,7086,prob_error_reduction,random,0.23458315787138417,4
two_concepts,tiny_gmp,random_fullrank,7087,centered_logit_fidelity,random,-0.01032066949749037,4
two_concepts,tiny_gmp,random_fullrank,7087,prob_error_reduction,random,0.2017753248801455,4
two_concepts,tiny_gmp,random_fullrank,7088,centered_logit_fidelity,random,0.0023123383629044293,4
two_concepts,tiny_gmp,random_fullrank,7088,prob_error_reduction,random,0.23500895721372217,4
two_concepts,tiny_gmp,random_fullrank,7089,centered_logit_fidelity,random,0.006833698298624107,4
two_concepts,tiny_gmp,random_fullrank,7089,prob_error_reduction,random,0.2723313975147903,4
two_concepts,tiny_gmp,random_fullrank,7090,centered_logit_fidelity,random,0.00023146285523784928,4
two_concepts,tiny_gmp,random_fullrank,7090,prob_error_reduction,random,0.20670082641299814,4
two_concepts,tiny_gmp,random_fullrank,7091,centered_logit_fidelity,random,0.0005606337443699247,4
two_concepts,tiny_gmp,random_fullrank,7091,prob_error_reduction,random,0.3100578669109382,4
two_concepts,tiny_gmp,random_fullrank,7092,centered_logit_fidelity,random,0.0026883309789086287,4
two_concepts,tiny_gmp,random_fullrank,7092,prob_error_reduction,random,0.21059277676977217,4
two_concepts,tiny_gmp,random_fullrank,7093,centered_logit_fidelity,random,0.005016908119917727,4
two_concepts,tiny_gmp,random_fullrank,7093,prob_error_reduction,random,0.24025089864153415,4
two_concepts,tiny_gmp,random_fullrank,7094,centered_logit_fidelity,random,0.006186222661700248,4
two_concepts,tiny_gmp,random_fullrank,7094,prob_error_reduction,random,0.21693608490750194,4
two_concepts,tiny_gmp,random_fullrank,7095,centered_logit_fidelity,random,0.004215152801113509,4
two_concepts,tiny_gmp,random_fullrank,7095,prob_error_reduction,random,0.2371397550450638,4
two_concepts,tiny_gmp,random_fullrank,7096,centered_logit_fidelity,random,0.004122416956518172,4
two_concepts,tiny_gmp,random_fullrank,7096,prob_error_reduction,random,0.20353157026693225,4
two_concepts,tiny_gmp,random_fullrank,7097,centered_logit_fidelity,random,0.00484514338945523,4
two_concepts,tiny_gmp,random_fullrank,7097,prob_error_reduction,random,0.22285357589134946,4
two_concepts,tiny_gmp,random_fullrank,7098,centered_logit_fidelity,random,-0.005705117486982159,4
two_concepts,tiny_gmp,random_fullrank,7098,prob_error_reduction,random,0.2687046228675172,4
two_concepts,tiny_gmp,random_fullrank,7099,centered_logit_fidelity,random,0.005078874488416938,4
two_concepts,tiny_gmp,random_fullrank,7099,prob_error_reduction,random,0.22808207105845213,4
two_concepts,tiny_gmp,random_rank10,7000,centered_logit_fidelity,random,0.001287058771079909,4
two_concepts,tiny_gmp,random_rank10,7000,prob_error_reduction,random,0.2584353416459635,4
two_concepts,tiny_gmp,random_rank10,7001,centered_logit_fidelity,random,0.01424674969904812,4
two_concepts,tiny_gmp,random_rank10,7001,prob_error_reduction,random,0.260120862047188,4
two_concepts,tiny_gmp,random_rank10,7002,centered_logit_fidelity,random,0.0022085131826717723,4
two_concepts,tiny_gmp,random_rank10,7002,prob_error_reduction,random,0.2717265657847747,4
two_concepts,tiny_gmp,random_rank10,7003,centered_logit_fidelity,random,0.010929780826514322,4
two_concepts,tiny_gmp,random_rank10,7003,prob_error_reduction,random,0.2124439509352669,4
two_concepts,tiny_gmp,random_rank10,7004,centered_logit_fidelity,random,0.004558110995101623,4
two_concepts,tiny_gmp,random_rank10,7004,prob_error_reduction,random,0.21848637866787612,4
two_concepts,tiny_gmp,random_rank10,7005,centered_logit_fidelity,random,0.002501544592902888,4
two_concepts,tiny_gmp,random_rank10,7005,prob_error_reduction,random,0.2210845451336354,4
two_concepts,tiny_gmp,random_rank10,7006,centered_logit_fidelity,random,0.004349465430442973,4
two_concepts,tiny_gmp,random_rank10,7006,prob_error_reduction,random,0.23397297109477222,4
two_concepts,tiny_gmp,random_rank10,7007,centered_logit_fidelity,random,0.007117220286332248,4
two_concepts,tiny_gmp,random_rank10,7007,prob_error_reduction,random,0.25250858068466187,4
two_concepts,tiny_gmp,random_rank10,7008,centered_logit_fidelity,random,0.0010033338178460117,4
two_concepts,tiny_gmp,random_rank10,7008,prob_error_reduction,random,0.29053978458978236,4
two_concepts,tiny_gmp,random_rank10,7009,centered_logit_fidelity,random,0.0003939215078888371,4
two_concepts,tiny_gmp,random_rank10,7009,prob_error_reduction,random,0.26856667004176416,4
two_concepts,tiny_gmp,random_rank10,7010,centered_logit_fidelity,random,0.0024568827674832008,4
two_concepts,tiny_gmp,random_rank10,7010,prob_error_reduction,random,0.3072140853619203,4
two_concepts,tiny_gmp,random_rank10,7011,centered_logit_fidelity,random,0.00011911790828190126,4
two_concepts,tiny_gmp,random_rank10,7011,prob_error_reduction,random,0.17882690276019275,4
two_concepts,tiny_gmp,random_rank10,7012,centered_logit_fidelity,random,-0.002530496709222117,4
two_concepts,tiny_gmp,random_rank10,7012,prob_error_reduction,random,0.24820914980955422,4
two_concepts,tiny_gmp,random_rank10,7013,centered_logit_fidelity,random,-0.003379463721680343,4
two_concepts,tiny_gmp,random_rank10,7013,prob_error_reduction,random,0.20523328491253778,4
two_concepts,tiny_gmp,random_rank10,7014,centered_logit_fidelity,random,0.010881432971886177,4
two_concepts,tiny_gmp,random_rank10,7014,prob_error_reduction,random,0.21327594947069883,4
two_concepts,tiny_gmp,random_rank10,7015,centered_logit_fidelity,random,0.005183034563490866,4
two_concepts,tiny_gmp,random_rank10,7015,prob_error_reduction,random,0.2641749426256865,4
two_concepts,tiny_gmp,random_rank10,7016,centered_logit_fidelity,random,0.006995930123825491,4
two_concepts,tiny_gmp,random_rank10,7016,prob_error_reduction,random,0.21241357666440308,4
two_concepts,tiny_gmp,random_rank10,7017,centered_logit_fidelity,random,0.010212514731701065,4
two_concepts,tiny_gmp,random_rank10,7017,prob_error_reduction,random,0.24822029448114336,4
two_concepts,tiny_gmp,random_rank10,7018,centered_logit_fidelity,random,0.005528529545562887,4
two_concepts,tiny_gmp,random_rank10,7018,prob_error_reduction,random,0.2098545578046469,4
two_concepts,tiny_gmp,random_rank10,7019,centered_logit_fidelity,random,0.00997331345626066,4
two_concepts,tiny_gmp,random_rank10,7019,prob_error_reduction,random,0.182569004886318,4
two_concepts,tiny_gmp,random_rank10,7020,centered_logit_fidelity,random,0.0026700463767162924,4
two_concepts,tiny_gmp,random_rank10,7020,prob_error_reduction,random,0.23554126534145325,4
two_concepts,tiny_gmp,random_rank10,7021,centered_logit_fidelity,random,-0.0009100706768017039,4
two_concepts,tiny_gmp,random_rank10,7021,prob_error_reduction,random,0.2254268592223525,4
two_concepts,tiny_gmp,random_rank10,7022,centered_logit_fidelity,random,-0.010801316265171506,4
two_concepts,tiny_gmp,random_rank10,7022,prob_error_reduction,random,0.2265024206135422,4
two_concepts,tiny_gmp,random_rank10,7023,centered_logit_fidelity,random,0.006708555093610643,4
two_concepts,tiny_gmp,random_rank10,7023,prob_error_reduction,random,0.20611153985373676,4
two_concepts,tiny_gmp,random_rank10,7024,centered_logit_fidelity,random,0.00270444478133635,4
two_concepts,tiny_gmp,random_rank10,7024,prob_error_reduction,random,0.2653383583528921,4
two_concepts,tiny_gmp,random_rank10,7025,centered_logit_fidelity,random,-0.004892151950844702,4
two_concepts,tiny_gmp,random_rank10,7025,prob_error_reduction,random,0.2101999542210251,4
two_concepts,tiny_gmp,random_rank10,7026,centered_logit_fidelity,random,0.011101482025681491,4
two_concepts,tiny_gmp,random_rank10,7026,prob_error_reduction,random,0.283334250212647,4
two_concepts,tiny_gmp,random_rank10,7027,centered_logit_fidelity,random,0.0008080020783969022,4
two_concepts,tiny_gmp,random_rank10,7027,prob_error_reduction,random,0.20125622604973614,4
two_concepts,tiny_gmp,random_rank10,7028,centered_logit_fidelity,random,-0.0007201235000423804,4
two_concepts,tiny_gmp,random_rank10,7028,prob_error_reduction,random,0.20828879962209612,4
two_concepts,tiny_gmp,random_rank10,7029,centered_logit_fidelity,random,-0.004759745156814321,4
two_concepts,tiny_gmp,random_rank10,7029,prob_error_reduction,random,0.23005853011272848,4
two_concepts,tiny_gmp,random_rank10,7030,centered_logit_fidelity,random,0.0017735562868572436,4
two_concepts,tiny_gmp,random_rank10,7030,prob_error_reduction,random,0.2440528041915968,4
two_concepts,tiny_gmp,random_rank10,7031,centered_logit_fidelity,random,-0.0015848579247408172,4
two_concepts,tiny_gmp,random_rank10,7031,prob_error_reduction,random,0.26198598579503596,4
two_concepts,tiny_gmp,random_rank10,7032,centered_logit_fidelity,random,0.007134312997757535,4
two_concepts,tiny_gmp,random_rank10,7032,prob_error_reduction,random,0.21376454224810004,4
two_concepts,tiny_gmp,random_rank10,7033,centered_logit_fidelity,random,0.0028398785241944557,4
two_concepts,tiny_gmp,random_rank10,7033,prob_error_reduction,random,0.25703501590760425,4
two_concepts,tiny_gmp,random_rank10,7034,centered_logit_fidelity,random,0.0045986809411419395,4
two_concepts,tiny_gmp,random_rank10,7034,prob_error_reduction,random,0.23555093398317695,4
two_concepts,tiny_gmp,random_rank10,7035,centered_logit_fidelity,random,0.007160485280342464,4
two_concepts,tiny_gmp,random_rank10,7035,prob_error_reduction,random,0.19451190438121557,4
two_concepts,tiny_gmp,random_rank10,7036,centered_logit_fidelity,random,0.0005878473648280331,4
two_concepts,tiny_gmp,random_rank10,7036,prob_error_reduction,random,0.16753962717484683,4
two_concepts,tiny_gmp,random_rank10,7037,centered_logit_fidelity,random,0.007060397723314665,4
two_concepts,tiny_gmp,random_rank10,7037,prob_error_reduction,random,0.23000360722653568,4
two_concepts,tiny_gmp,random_rank10,7038,centered_logit_fidelity,random,-0.006937098758932267,4
two_concepts,tiny_gmp,random_rank10,7038,prob_error_reduction,random,0.18553775874897838,4
two_concepts,tiny_gmp,random_rank10,7039,centered_logit_fidelity,random,0.00306414417364838,4
two_concepts,tiny_gmp,random_rank10,7039,prob_error_reduction,random,0.25630981125868857,4
two_concepts,tiny_gmp,random_rank10,7040,centered_logit_fidelity,random,0.004463236299228204,4
two_concepts,tiny_gmp,random_rank10,7040,prob_error_reduction,random,0.217284589773044,4
two_concepts,tiny_gmp,random_rank10,7041,centered_logit_fidelity,random,-0.0040047748946771735,4
two_concepts,tiny_gmp,random_rank10,7041,prob_error_reduction,random,0.18981749983504415,4
two_concepts,tiny_gmp,random_rank10,7042,centered_logit_fidelity,random,0.009751854683922024,4
two_concepts,tiny_gmp,random_rank10,7042,prob_error_reduction,random,0.2843853603117168,4
two_concepts,tiny_gmp,random_rank10,7043,centered_logit_fidelity,random,0.010916971632926403,4
two_concepts,tiny_gmp,random_rank10,7043,prob_error_reduction,random,0.28585719846887514,4
two_concepts,tiny_gmp,random_rank10,7044,centered_logit_fidelity,random,0.0028293832454015146,4
two_concepts,tiny_gmp,random_rank10,7044,prob_error_reduction,random,0.2903694703709334,4
two_concepts,tiny_gmp,random_rank10,7045,centered_logit_fidelity,random,-5.320210155662988e-05,4
two_concepts,tiny_gmp,random_rank10,7045,prob_error_reduction,random,0.22152926248963922,4
two_concepts,tiny_gmp,random_rank10,7046,centered_logit_fidelity,random,0.007519937963083546,4
two_concepts,tiny_gmp,random_rank10,7046,prob_error_reduction,random,0.3039387103053741,4
two_concepts,tiny_gmp,random_rank10,7047,centered_logit_fidelity,random,0.001088994286687824,4
two_concepts,tiny_gmp,random_rank10,7047,prob_error_reduction,random,0.27153610752429813,4
two_concepts,tiny_gmp,random_rank10,7048,centered_logit_fidelity,random,0.0045422434513918055,4
two_concepts,tiny_gmp,random_rank10,7048,prob_error_reduction,random,0.2962001087726094,4
two_concepts,tiny_gmp,random_rank10,7049,centered_logit_fidelity,random,-0.0025645974483636622,4
two_concepts,tiny_gmp,random_rank10,7049,prob_error_reduction,random,0.2748639677884057,4
two_concepts,tiny_gmp,random_rank10,7050,centered_logit_fidelity,random,0.002749855289115144,4
two_concepts,tiny_gmp,random_rank10,7050,prob_error_reduction,random,0.22057552472688258,4
two_concepts,tiny_gmp,random_rank10,7051,centered_logit_fidelity,random,-0.0032021804039563413,4
two_concepts,tiny_gmp,random_rank10,7051,prob_error_reduction,random,0.24063479230972007,4
two_concepts,tiny_gmp,random_rank10,7052,centered_logit_fidelity,random,0.008571746561220589,4
two_concepts,tiny_gmp,random_rank10,7052,prob_error_reduction,random,0.27800782211124897,4
two_concepts,tiny_gmp,random_rank10,7053,centered_logit_fidelity,random,0.0015553437581614284,4
two_concepts,tiny_gmp,random_rank10,7053,prob_error_reduction,random,0.25322760903509334,4
two_concepts,tiny_gmp,random_rank10,7054,centered_logit_fidelity,random,0.004102966317562599,4
two_concepts,tiny_gmp,random_rank10,7054,prob_error_reduction,random,0.2556821299949661,4
two_concepts,tiny_gmp,random_rank10,7055,centered_logit_fidelity,random,0.008759576959249988,4
two_concepts,tiny_gmp,random_rank10,7055,prob_error_reduction,random,0.2661979192052968,4
two_concepts,tiny_gmp,random_rank10,7056,centered_logit_fidelity,random,0.00012709382318844102,4
two_concepts,tiny_gmp,random_rank10,7056,prob_error_reduction,random,0.26570626930333674,4
two_concepts,tiny_gmp,random_rank10,7057,centered_logit_fidelity,random,0.0023568191777367103,4
two_concepts,tiny_gmp,random_rank10,7057,prob_error_reduction,random,0.2853443502099253,4
two_concepts,tiny_gmp,random_rank10,7058,centered_logit_fidelity,random,-0.006481491129156551,4
two_concepts,tiny_gmp,random_rank10,7058,prob_error_reduction,random,0.25017606443725526,4
two_concepts,tiny_gmp,random_rank10,7059,centered_logit_fidelity,random,0.014749281654421343,4
two_concepts,tiny_gmp,random_rank10,7059,prob_error_reduction,random,0.2326041168998927,4
two_concepts,tiny_gmp,random_rank10,7060,centered_logit_fidelity,random,0.0007082842392289526,4
two_concepts,tiny_gmp,random_rank10,7060,prob_error_reduction,random,0.24280666501726955,4
two_concepts,tiny_gmp,random_rank10,7061,centered_logit_fidelity,random,-0.0038460279569129917,4
two_concepts,tiny_gmp,random_rank10,7061,prob_error_reduction,random,0.2225812430260703,4
two_concepts,tiny_gmp,random_rank10,7062,centered_logit_fidelity,random,-0.005833302599690341,4
two_concepts,tiny_gmp,random_rank10,7062,prob_error_reduction,random,0.21619686263147742,4
two_concepts,tiny_gmp,random_rank10,7063,centered_logit_fidelity,random,0.009918423649365802,4
two_concepts,tiny_gmp,random_rank10,7063,prob_error_reduction,random,0.2243139734491706,4
two_concepts,tiny_gmp,random_rank10,7064,centered_logit_fidelity,random,-0.0008118683864643626,4
two_concepts,tiny_gmp,random_rank10,7064,prob_error_reduction,random,0.21478764212224633,4
two_concepts,tiny_gmp,random_rank10,7065,centered_logit_fidelity,random,0.00078114082313838,4
two_concepts,tiny_gmp,random_rank10,7065,prob_error_reduction,random,0.2649439192318823,4
two_concepts,tiny_gmp,random_rank10,7066,centered_logit_fidelity,random,0.004221716186736635,4
two_concepts,tiny_gmp,random_rank10,7066,prob_error_reduction,random,0.22688807145459577,4
two_concepts,tiny_gmp,random_rank10,7067,centered_logit_fidelity,random,-0.002494598189850001,4
two_concepts,tiny_gmp,random_rank10,7067,prob_error_reduction,random,0.2117599715711549,4
two_concepts,tiny_gmp,random_rank10,7068,centered_logit_fidelity,random,0.00520130756046332,4
two_concepts,tiny_gmp,random_rank10,7068,prob_error_reduction,random,0.22970336978323758,4
two_concepts,tiny_gmp,random_rank10,7069,centered_logit_fidelity,random,0.0022523647191265445,4
two_concepts,tiny_gmp,random_rank10,7069,prob_error_reduction,random,0.21603985188994557,4
two_concepts,tiny_gmp,random_rank10,7070,centered_logit_fidelity,random,0.006369874920003385,4
two_concepts,tiny_gmp,random_rank10,7070,prob_error_reduction,random,0.19518055487424135,4
two_concepts,tiny_gmp,random_rank10,7071,centered_logit_fidelity,random,0.0033538621785626985,4
two_concepts,tiny_gmp,random_rank10,7071,prob_error_reduction,random,0.1828435359057039,4
two_concepts,tiny_gmp,random_rank10,7072,centered_logit_fidelity,random,-0.001443205409251783,4
two_concepts,tiny_gmp,random_rank10,7072,prob_error_reduction,random,0.28393404139205813,4
two_concepts,tiny_gmp,random_rank10,7073,centered_logit_fidelity,random,0.013456164663173398,4
two_concepts,tiny_gmp,random_rank10,7073,prob_error_reduction,random,0.23997648619115353,4
two_concepts,tiny_gmp,random_rank10,7074,centered_logit_fidelity,random,0.011365351040065148,4
two_concepts,tiny_gmp,random_rank10,7074,prob_error_reduction,random,0.19530527805909514,4
two_concepts,tiny_gmp,random_rank10,7075,centered_logit_fidelity,random,0.010360240214661186,4
two_concepts,tiny_gmp,random_rank10,7075,prob_error_reduction,random,0.2837252487661317,4
two_concepts,tiny_gmp,random_rank10,7076,centered_logit_fidelity,random,0.007600153577638649,4
two_concepts,tiny_gmp,random_rank10,7076,prob_error_reduction,random,0.25136786268558353,4
two_concepts,tiny_gmp,random_rank10,7077,centered_logit_fidelity,random,0.0029963470566159375,4
two_concepts,tiny_gmp,random_rank10,7077,prob_error_reduction,random,0.2447567917406559,4
two_concepts,tiny_gmp,random_rank10,7078,centered_logit_fidelity,random,3.2847862737004144e-05,4
two_concepts,tiny_gmp,random_rank10,7078,prob_error_reduction,random,0.2372327515622601,4
two_concepts,tiny_gmp,random_rank10,7079,centered_logit_fidelity,random,0.009826841784077636,4
two_concepts,tiny_gmp,random_rank10,7079,prob_error_reduction,random,0.25945456366753206,4
two_concepts,tiny_gmp,random_rank10,7080,centered_logit_fidelity,random,-0.00035375359199668263,4
two_concepts,tiny_gmp,random_rank10,7080,prob_error_reduction,random,0.25705322914291173,4
two_concepts,tiny_gmp,random_rank10,7081,centered_logit_fidelity,random,0.013532770660063144,4
two_concepts,tiny_gmp,random_rank10,7081,prob_error_reduction,random,0.2620585233089514,4
two_concepts,tiny_gmp,random_rank10,7082,centered_logit_fidelity,random,0.006119637163054635,4
two_concepts,tiny_gmp,random_rank10,7082,prob_error_reduction,random,0.25274894473841414,4
two_concepts,tiny_gmp,random_rank10,7083,centered_logit_fidelity,random,-0.0029208360672404905,4
two_concepts,tiny_gmp,random_rank10,7083,prob_error_reduction,random,0.2553266887553036,4
two_concepts,tiny_gmp,random_rank10,7084,centered_logit_fidelity,random,0.002125870249754863,4
two_concepts,tiny_gmp,random_rank10,7084,prob_error_reduction,random,0.2505938388640061,4
two_concepts,tiny_gmp,random_rank10,7085,centered_logit_fidelity,random,0.0018856985110916064,4
two_concepts,tiny_gmp,random_rank10,7085,prob_error_reduction,random,0.22095809178426862,4
two_concepts,tiny_gmp,random_rank10,7086,centered_logit_fidelity,random,0.012176945886110964,4
two_concepts,tiny_gmp,random_rank10,7086,prob_error_reduction,random,0.25573117754538544,4
two_concepts,tiny_gmp,random_rank10,7087,centered_logit_fidelity,random,0.002588431194647583,4
two_concepts,tiny_gmp,random_rank10,7087,prob_error_reduction,random,0.25859656336251646,4
two_concepts,tiny_gmp,random_rank10,7088,centered_logit_fidelity,random,0.009316257988519181,4
two_concepts,tiny_gmp,random_rank10,7088,prob_error_reduction,random,0.27460574079304934,4
two_concepts,tiny_gmp,random_rank10,7089,centered_logit_fidelity,random,0.01606109788623339,4
two_concepts,tiny_gmp,random_rank10,7089,prob_error_reduction,random,0.28462696576025337,4
two_concepts,tiny_gmp,random_rank10,7090,centered_logit_fidelity,random,-0.0035092971996789155,4
two_concepts,tiny_gmp,random_rank10,7090,prob_error_reduction,random,0.20591846469324082,4
two_concepts,tiny_gmp,random_rank10,7091,centered_logit_fidelity,random,0.010085043804394287,4
two_concepts,tiny_gmp,random_rank10,7091,prob_error_reduction,random,0.2937340273929294,4
two_concepts,tiny_gmp,random_rank10,7092,centered_logit_fidelity,random,-0.002294639588242506,4
two_concepts,tiny_gmp,random_rank10,7092,prob_error_reduction,random,0.2178729138104245,4
two_concepts,tiny_gmp,random_rank10,7093,centered_logit_fidelity,random,0.008565694881844636,4
two_concepts,tiny_gmp,random_rank10,7093,prob_error_reduction,random,0.23540855513419956,4
two_concepts,tiny_gmp,random_rank10,7094,centered_logit_fidelity,random,-0.0010313359434710612,4
two_concepts,tiny_gmp,random_rank10,7094,prob_error_reduction,random,0.1890522639732808,4
two_concepts,tiny_gmp,random_rank10,7095,centered_logit_fidelity,random,0.00019009900074288232,4
two_concepts,tiny_gmp,random_rank10,7095,prob_error_reduction,random,0.24918150255689397,4
two_concepts,tiny_gmp,random_rank10,7096,centered_logit_fidelity,random,0.005256673385210667,4
two_concepts,tiny_gmp,random_rank10,7096,prob_error_reduction,random,0.22135131410323083,4
two_concepts,tiny_gmp,random_rank10,7097,centered_logit_fidelity,random,0.010234086616536922,4
two_concepts,tiny_gmp,random_rank10,7097,prob_error_reduction,random,0.2392225725343451,4
two_concepts,tiny_gmp,random_rank10,7098,centered_logit_fidelity,random,-0.00967694414410997,4
two_concepts,tiny_gmp,random_rank10,7098,prob_error_reduction,random,0.27762823054217733,4
two_concepts,tiny_gmp,random_rank10,7099,centered_logit_fidelity,random,0.003689544377141146,4
two_concepts,tiny_gmp,random_rank10,7099,prob_error_reduction,random,0.19145445642061532,4
two_concepts,tiny_gmp,structured_template,7000,centered_logit_fidelity,random,0.010402753672034137,4
two_concepts,tiny_gmp,structured_template,7000,prob_error_reduction,random,0.3444392125820741,4
two_concepts,tiny_gmp,structured_template,7001,centered_logit_fidelity,random,0.018277576115326818,4
two_concepts,tiny_gmp,structured_template,7001,prob_error_reduction,random,0.3543168297037482,4
two_concepts,tiny_gmp,structured_template,7002,centered_logit_fidelity,random,-0.0013121838077949106,4
two_concepts,tiny_gmp,structured_template,7002,prob_error_reduction,random,0.2869393456785474,4
two_concepts,tiny_gmp,structured_template,7003,centered_logit_fidelity,random,0.016026397951191904,4
two_concepts,tiny_gmp,structured_template,7003,prob_error_reduction,random,0.26341743164812215,4
two_concepts,tiny_gmp,structured_template,7004,centered_logit_fidelity,random,0.02878211437432485,4
two_concepts,tiny_gmp,structured_template,7004,prob_error_reduction,random,0.2644290319585707,4
two_concepts,tiny_gmp,structured_template,7005,centered_logit_fidelity,random,-0.0041736979775144276,4
two_concepts,tiny_gmp,structured_template,7005,prob_error_reduction,random,0.2709963986999355,4
two_concepts,tiny_gmp,structured_template,7006,centered_logit_fidelity,random,0.001917275521648474,4
two_concepts,tiny_gmp,structured_template,7006,prob_error_reduction,random,0.28985086863394827,4
two_concepts,tiny_gmp,structured_template,7007,centered_logit_fidelity,random,-0.004474158829416262,4
two_concepts,tiny_gmp,structured_template,7007,prob_error_reduction,random,0.3068673463421874,4
two_concepts,tiny_gmp,structured_template,7008,centered_logit_fidelity,random,0.014153544022968355,4
two_concepts,tiny_gmp,structured_template,7008,prob_error_reduction,random,0.36330292862839997,4
two_concepts,tiny_gmp,structured_template,7009,centered_logit_fidelity,random,0.012662144592973698,4
two_concepts,tiny_gmp,structured_template,7009,prob_error_reduction,random,0.2462291907868348,4
two_concepts,tiny_gmp,structured_template,7010,centered_logit_fidelity,random,0.011743995122934246,4
two_concepts,tiny_gmp,structured_template,7010,prob_error_reduction,random,0.391317633446306,4
two_concepts,tiny_gmp,structured_template,7011,centered_logit_fidelity,random,0.0166580367617003,4
two_concepts,tiny_gmp,structured_template,7011,prob_error_reduction,random,0.24846340145450085,4
two_concepts,tiny_gmp,structured_template,7012,centered_logit_fidelity,random,0.0036166987964001487,4
two_concepts,tiny_gmp,structured_template,7012,prob_error_reduction,random,0.3477503316826187,4
two_concepts,tiny_gmp,structured_template,7013,centered_logit_fidelity,random,0.023916810091778894,4
two_concepts,tiny_gmp,structured_template,7013,prob_error_reduction,random,0.24713676812825724,4
two_concepts,tiny_gmp,structured_template,7014,centered_logit_fidelity,random,0.0011462330441317208,4
two_concepts,tiny_gmp,structured_template,7014,prob_error_reduction,random,0.2795401106122881,4
two_concepts,tiny_gmp,structured_template,7015,centered_logit_fidelity,random,0.027139737658136612,4
two_concepts,tiny_gmp,structured_template,7015,prob_error_reduction,random,0.3153175608604215,4
two_concepts,tiny_gmp,structured_template,7016,centered_logit_fidelity,random,0.011237924200125236,4
two_concepts,tiny_gmp,structured_template,7016,prob_error_reduction,random,0.21637496736366302,4
two_concepts,tiny_gmp,structured_template,7017,centered_logit_fidelity,random,0.000990858893101361,4
two_concepts,tiny_gmp,structured_template,7017,prob_error_reduction,random,0.3312720201793127,4
two_concepts,tiny_gmp,structured_template,7018,centered_logit_fidelity,random,0.011767533171400888,4
two_concepts,tiny_gmp,structured_template,7018,prob_error_reduction,random,0.25590985029703006,4
two_concepts,tiny_gmp,structured_template,7019,centered_logit_fidelity,random,0.01130991473998896,4
two_concepts,tiny_gmp,structured_template,7019,prob_error_reduction,random,0.27194305579178035,4
two_concepts,tiny_gmp,structured_template,7020,centered_logit_fidelity,random,0.024083126420147802,4
two_concepts,tiny_gmp,structured_template,7020,prob_error_reduction,random,0.2786649882327765,4
two_concepts,tiny_gmp,structured_template,7021,centered_logit_fidelity,random,0.007437934813942521,4
two_concepts,tiny_gmp,structured_template,7021,prob_error_reduction,random,0.30251976242288947,4
two_concepts,tiny_gmp,structured_template,7022,centered_logit_fidelity,random,0.02243001708538578,4
two_concepts,tiny_gmp,structured_template,7022,prob_error_reduction,random,0.3187327446648851,4
two_concepts,tiny_gmp,structured_template,7023,centered_logit_fidelity,random,0.005708690639837423,4
two_concepts,tiny_gmp,structured_template,7023,prob_error_reduction,random,0.2708558705635369,4
two_concepts,tiny_gmp,structured_template,7024,centered_logit_fidelity,random,0.003512472378466837,4
two_concepts,tiny_gmp,structured_template,7024,prob_error_reduction,random,0.3252025149122346,4
two_concepts,tiny_gmp,structured_template,7025,centered_logit_fidelity,random,0.029055914917848202,4
two_concepts,tiny_gmp,structured_template,7025,prob_error_reduction,random,0.2918971962062642,4
two_concepts,tiny_gmp,structured_template,7026,centered_logit_fidelity,random,0.02123532462511292,4
two_concepts,tiny_gmp,structured_template,7026,prob_error_reduction,random,0.27825391676742584,4
two_concepts,tiny_gmp,structured_template,7027,centered_logit_fidelity,random,0.011371290959957422,4
two_concepts,tiny_gmp,structured_template,7027,prob_error_reduction,random,0.27106303366599604,4
two_concepts,tiny_gmp,structured_template,7028,centered_logit_fidelity,random,-0.017190514752545537,4
two_concepts,tiny_gmp,structured_template,7028,prob_error_reduction,random,0.23818888782989234,4
two_concepts,tiny_gmp,structured_template,7029,centered_logit_fidelity,random,0.011887787811996451,4
two_concepts,tiny_gmp,structured_template,7029,prob_error_reduction,random,0.2587433776934631,4
two_concepts,tiny_gmp,structured_template,7030,centered_logit_fidelity,random,0.004887345997041173,4
two_concepts,tiny_gmp,structured_template,7030,prob_error_reduction,random,0.3243719355086796,4
two_concepts,tiny_gmp,structured_template,7031,centered_logit_fidelity,random,0.017697997881074866,4
two_concepts,tiny_gmp,structured_template,7031,prob_error_reduction,random,0.2943758477922529,4
two_concepts,tiny_gmp,structured_template,7032,centered_logit_fidelity,random,0.015768110810805355,4
two_concepts,tiny_gmp,structured_template,7032,prob_error_reduction,random,0.3453755289083347,4
two_concepts,tiny_gmp,structured_template,7033,centered_logit_fidelity,random,-0.012793607585358415,4
two_concepts,tiny_gmp,structured_template,7033,prob_error_reduction,random,0.24000829394208267,4
two_concepts,tiny_gmp,structured_template,7034,centered_logit_fidelity,random,0.017364861592914005,4
two_concepts,tiny_gmp,structured_template,7034,prob_error_reduction,random,0.28759030892979354,4
two_concepts,tiny_gmp,structured_template,7035,centered_logit_fidelity,random,0.023797248014139773,4
two_concepts,tiny_gmp,structured_template,7035,prob_error_reduction,random,0.28444548143306747,4
two_concepts,tiny_gmp,structured_template,7036,centered_logit_fidelity,random,0.024209090803874116,4
two_concepts,tiny_gmp,structured_template,7036,prob_error_reduction,random,0.29059415112715214,4
two_concepts,tiny_gmp,structured_template,7037,centered_logit_fidelity,random,0.021752629867169637,4
two_concepts,tiny_gmp,structured_template,7037,prob_error_reduction,random,0.2764120039646514,4
two_concepts,tiny_gmp,structured_template,7038,centered_logit_fidelity,random,0.01650368878688893,4
two_concepts,tiny_gmp,structured_template,7038,prob_error_reduction,random,0.2564451340440428,4
two_concepts,tiny_gmp,structured_template,7039,centered_logit_fidelity,random,0.006816095858563772,4
two_concepts,tiny_gmp,structured_template,7039,prob_error_reduction,random,0.2999628405668773,4
two_concepts,tiny_gmp,structured_template,7040,centered_logit_fidelity,random,0.03304060627992389,4
two_concepts,tiny_gmp,structured_template,7040,prob_error_reduction,random,0.28473975087399594,4
two_concepts,tiny_gmp,structured_template,7041,centered_logit_fidelity,random,0.0038327686877655965,4
two_concepts,tiny_gmp,structured_template,7041,prob_error_reduction,random,0.2595636811456643,4
two_concepts,tiny_gmp,structured_template,7042,centered_logit_fidelity,random,0.030279955641165437,4
two_concepts,tiny_gmp,structured_template,7042,prob_error_reduction,random,0.3295738350134343,4
two_concepts,tiny_gmp,structured_template,7043,centered_logit_fidelity,random,0.017585719055460743,4
two_concepts,tiny_gmp,structured_template,7043,prob_error_reduction,random,0.295808692346327,4
two_concepts,tiny_gmp,structured_template,7044,centered_logit_fidelity,random,0.011954106173963428,4
two_concepts,tiny_gmp,structured_template,7044,prob_error_reduction,random,0.3420755878323689,4
two_concepts,tiny_gmp,structured_template,7045,centered_logit_fidelity,random,0.0087944053302096,4
two_concepts,tiny_gmp,structured_template,7045,prob_error_reduction,random,0.2719966688891873,4
two_concepts,tiny_gmp,structured_template,7046,centered_logit_fidelity,random,0.01246313635948243,4
two_concepts,tiny_gmp,structured_template,7046,prob_error_reduction,random,0.31621103669749573,4
two_concepts,tiny_gmp,structured_template,7047,centered_logit_fidelity,random,0.004919662899300278,4
two_concepts,tiny_gmp,structured_template,7047,prob_error_reduction,random,0.28021588327828795,4
two_concepts,tiny_gmp,structured_template,7048,centered_logit_fidelity,random,0.01484313592878648,4
two_concepts,tiny_gmp,structured_template,7048,prob_error_reduction,random,0.2969312321511097,4
two_concepts,tiny_gmp,structured_template,7049,centered_logit_fidelity,random,0.021043868164808778,4
two_concepts,tiny_gmp,structured_template,7049,prob_error_reduction,random,0.2818625527143013,4
two_concepts,tiny_gmp,structured_template,7050,centered_logit_fidelity,random,0.026609709691480833,4
two_concepts,tiny_gmp,structured_template,7050,prob_error_reduction,random,0.31039544637314975,4
two_concepts,tiny_gmp,structured_template,7051,centered_logit_fidelity,random,0.006926974905766017,4
two_concepts,tiny_gmp,structured_template,7051,prob_error_reduction,random,0.29976728837937117,4
two_concepts,tiny_gmp,structured_template,7052,centered_logit_fidelity,random,0.009209572648576478,4
two_concepts,tiny_gmp,structured_template,7052,prob_error_reduction,random,0.29847021750174463,4
two_concepts,tiny_gmp,structured_template,7053,centered_logit_fidelity,random,0.01934662566186989,4
two_concepts,tiny_gmp,structured_template,7053,prob_error_reduction,random,0.2774349262472242,4
two_concepts,tiny_gmp,structured_template,7054,centered_logit_fidelity,random,0.004653232459333653,4
two_concepts,tiny_gmp,structured_template,7054,prob_error_reduction,random,0.3110165161197074,4
two_concepts,tiny_gmp,structured_template,7055,centered_logit_fidelity,random,-0.007166216582413221,4
two_concepts,tiny_gmp,structured_template,7055,prob_error_reduction,random,0.28858798641886096,4
two_concepts,tiny_gmp,structured_template,7056,centered_logit_fidelity,random,0.006913333520317826,4
two_concepts,tiny_gmp,structured_template,7056,prob_error_reduction,random,0.27669991611037403,4
two_concepts,tiny_gmp,structured_template,7057,centered_logit_fidelity,random,-0.03278909253221804,4
two_concepts,tiny_gmp,structured_template,7057,prob_error_reduction,random,0.3205637292267056,4
two_concepts,tiny_gmp,structured_template,7058,centered_logit_fidelity,random,0.005758332423406993,4
two_concepts,tiny_gmp,structured_template,7058,prob_error_reduction,random,0.3016208010376431,4
two_concepts,tiny_gmp,structured_template,7059,centered_logit_fidelity,random,0.003878206582524168,4
two_concepts,tiny_gmp,structured_template,7059,prob_error_reduction,random,0.30779056216124445,4
two_concepts,tiny_gmp,structured_template,7060,centered_logit_fidelity,random,0.019314020441424676,4
two_concepts,tiny_gmp,structured_template,7060,prob_error_reduction,random,0.2735045467270538,4
two_concepts,tiny_gmp,structured_template,7061,centered_logit_fidelity,random,-0.0020360851543362313,4
two_concepts,tiny_gmp,structured_template,7061,prob_error_reduction,random,0.3042399948462844,4
two_concepts,tiny_gmp,structured_template,7062,centered_logit_fidelity,random,0.023820578067756247,4
two_concepts,tiny_gmp,structured_template,7062,prob_error_reduction,random,0.2919047793839127,4
two_concepts,tiny_gmp,structured_template,7063,centered_logit_fidelity,random,0.002157386235555553,4
two_concepts,tiny_gmp,structured_template,7063,prob_error_reduction,random,0.2717638722388074,4
two_concepts,tiny_gmp,structured_template,7064,centered_logit_fidelity,random,0.01260856446434391,4
two_concepts,tiny_gmp,structured_template,7064,prob_error_reduction,random,0.22950923815369606,4
two_concepts,tiny_gmp,structured_template,7065,centered_logit_fidelity,random,-0.0024653530411403654,4
two_concepts,tiny_gmp,structured_template,7065,prob_error_reduction,random,0.33428487603669055,4
two_concepts,tiny_gmp,structured_template,7066,centered_logit_fidelity,random,-0.006364708017927998,4
two_concepts,tiny_gmp,structured_template,7066,prob_error_reduction,random,0.28299839515239,4
two_concepts,tiny_gmp,structured_template,7067,centered_logit_fidelity,random,0.007351104823692504,4
two_concepts,tiny_gmp,structured_template,7067,prob_error_reduction,random,0.25749349119723774,4
two_concepts,tiny_gmp,structured_template,7068,centered_logit_fidelity,random,0.005445568477598098,4
two_concepts,tiny_gmp,structured_template,7068,prob_error_reduction,random,0.34268625936238095,4
two_concepts,tiny_gmp,structured_template,7069,centered_logit_fidelity,random,0.04573699007914095,4
two_concepts,tiny_gmp,structured_template,7069,prob_error_reduction,random,0.3014602054608986,4
two_concepts,tiny_gmp,structured_template,7070,centered_logit_fidelity,random,0.0008536758406745559,4
two_concepts,tiny_gmp,structured_template,7070,prob_error_reduction,random,0.2672854653210379,4
two_concepts,tiny_gmp,structured_template,7071,centered_logit_fidelity,random,0.008444205403552856,4
two_concepts,tiny_gmp,structured_template,7071,prob_error_reduction,random,0.24475910660112277,4
two_concepts,tiny_gmp,structured_template,7072,centered_logit_fidelity,random,-0.0019019093769035104,4
two_concepts,tiny_gmp,structured_template,7072,prob_error_reduction,random,0.3526581111655105,4
two_concepts,tiny_gmp,structured_template,7073,centered_logit_fidelity,random,-0.016124490208271128,4
two_concepts,tiny_gmp,structured_template,7073,prob_error_reduction,random,0.20445150960586034,4
two_concepts,tiny_gmp,structured_template,7074,centered_logit_fidelity,random,0.02761152985190476,4
two_concepts,tiny_gmp,structured_template,7074,prob_error_reduction,random,0.2789384060888551,4
two_concepts,tiny_gmp,structured_template,7075,centered_logit_fidelity,random,0.012306942492160765,4
two_concepts,tiny_gmp,structured_template,7075,prob_error_reduction,random,0.31545903318328783,4
two_concepts,tiny_gmp,structured_template,7076,centered_logit_fidelity,random,0.00998681571411097,4
two_concepts,tiny_gmp,structured_template,7076,prob_error_reduction,random,0.27745289832819253,4
two_concepts,tiny_gmp,structured_template,7077,centered_logit_fidelity,random,0.010322855839508715,4
two_concepts,tiny_gmp,structured_template,7077,prob_error_reduction,random,0.30635608412558213,4
two_concepts,tiny_gmp,structured_template,7078,centered_logit_fidelity,random,-0.00719087265531846,4
two_concepts,tiny_gmp,structured_template,7078,prob_error_reduction,random,0.30037480616010725,4
two_concepts,tiny_gmp,structured_template,7079,centered_logit_fidelity,random,0.02645427739999446,4
two_concepts,tiny_gmp,structured_template,7079,prob_error_reduction,random,0.3316501749213785,4
two_concepts,tiny_gmp,structured_template,7080,centered_logit_fidelity,random,0.009926835181821731,4
two_concepts,tiny_gmp,structured_template,7080,prob_error_reduction,random,0.28230827080551535,4
two_concepts,tiny_gmp,structured_template,7081,centered_logit_fidelity,random,0.008194414800157427,4
two_concepts,tiny_gmp,structured_template,7081,prob_error_reduction,random,0.28621044335886836,4
two_concepts,tiny_gmp,structured_template,7082,centered_logit_fidelity,random,0.012930871389394949,4
two_concepts,tiny_gmp,structured_template,7082,prob_error_reduction,random,0.26005627938138787,4
two_concepts,tiny_gmp,structured_template,7083,centered_logit_fidelity,random,0.01644825196310562,4
two_concepts,tiny_gmp,structured_template,7083,prob_error_reduction,random,0.32113757939077914,4
two_concepts,tiny_gmp,structured_template,7084,centered_logit_fidelity,random,0.022657128530486202,4
two_concepts,tiny_gmp,structured_template,7084,prob_error_reduction,random,0.2738833737530513,4
two_concepts,tiny_gmp,structured_template,7085,centered_logit_fidelity,random,0.0070451834183332136,4
two_concepts,tiny_gmp,structured_template,7085,prob_error_reduction,random,0.24174786609364673,4
two_concepts,tiny_gmp,structured_template,7086,centered_logit_fidelity,random,-0.020888336673806185,4
two_concepts,tiny_gmp,structured_template,7086,prob_error_reduction,random,0.3389499089680612,4
two_concepts,tiny_gmp,structured_template,7087,centered_logit_fidelity,random,0.012523998568879688,4
two_concepts,tiny_gmp,structured_template,7087,prob_error_reduction,random,0.2567218674812466,4
two_concepts,tiny_gmp,structured_template,7088,centered_logit_fidelity,random,-0.0012125276389397602,4
two_concepts,tiny_gmp,structured_template,7088,prob_error_reduction,random,0.2918174731894396,4
two_concepts,tiny_gmp,structured_template,7089,centered_logit_fidelity,random,0.015039209165692577,4
two_concepts,tiny_gmp,structured_template,7089,prob_error_reduction,random,0.3240631629014388,4
two_concepts,tiny_gmp,structured_template,7090,centered_logit_fidelity,random,0.024730506101816683,4
two_concepts,tiny_gmp,structured_template,7090,prob_error_reduction,random,0.27024819259531796,4
two_concepts,tiny_gmp,structured_template,7091,centered_logit_fidelity,random,0.019025758118027196,4
two_concepts,tiny_gmp,structured_template,7091,prob_error_reduction,random,0.3438569534337148,4
two_concepts,tiny_gmp,structured_template,7092,centered_logit_fidelity,random,-0.008397228280346227,4
two_concepts,tiny_gmp,structured_template,7092,prob_error_reduction,random,0.3138477033935487,4
two_concepts,tiny_gmp,structured_template,7093,centered_logit_fidelity,random,0.03870293208271558,4
two_concepts,tiny_gmp,structured_template,7093,prob_error_reduction,random,0.24916320305783302,4
two_concepts,tiny_gmp,structured_template,7094,centered_logit_fidelity,random,0.016094669217840744,4
two_concepts,tiny_gmp,structured_template,7094,prob_error_reduction,random,0.28732453333213925,4
two_concepts,tiny_gmp,structured_template,7095,centered_logit_fidelity,random,0.007264378477307347,4
two_concepts,tiny_gmp,structured_template,7095,prob_error_reduction,random,0.30329377675661817,4
two_concepts,tiny_gmp,structured_template,7096,centered_logit_fidelity,random,-0.0018987313684697329,4
two_concepts,tiny_gmp,structured_template,7096,prob_error_reduction,random,0.2554400610970333,4
two_concepts,tiny_gmp,structured_template,7097,centered_logit_fidelity,random,0.028759038101461975,4
two_concepts,tiny_gmp,structured_template,7097,prob_error_reduction,random,0.325153406127356,4
two_concepts,tiny_gmp,structured_template,7098,centered_logit_fidelity,random,0.014994641015790408,4
two_concepts,tiny_gmp,structured_template,7098,prob_error_reduction,random,0.31148980086436495,4
two_concepts,tiny_gmp,structured_template,7099,centered_logit_fidelity,random,0.017585314809314318,4
two_concepts,tiny_gmp,structured_template,7099,prob_error_reduction,random,0.29141859989613295,4
